# Generated by Visualization Toolkit
v 0.0054709999822080135 -0.377265989780426 0.07968500256538391
v 0.00559299997985363 -0.3772599995136261 0.07945899665355682
v 0.005859999917447567 -0.37791499495506287 0.07941199839115143
v 0.005508999805897474 -0.3776409924030304 0.07997799664735794
v 0.0054779998026788235 -0.3763270080089569 0.07926899939775467
v 0.00533400010317564 -0.37726300954818726 0.08022899925708771
v 0.005270000081509352 -0.376803994178772 0.07993300259113312
v 0.005148000083863735 -0.37492701411247253 0.07947199791669846
v 0.0057310000993311405 -0.37678200006484985 0.07904700189828873
v 0.005787000060081482 -0.3781749904155731 0.07997400313615799
v 0.0060800001956522465 -0.37816599011421204 0.07928799837827682
v 0.006004000082612038 -0.3777349889278412 0.07909800112247467
v 0.005582999903708696 -0.3778580129146576 0.08024100214242935
v 0.006027999799698591 -0.37628400325775146 0.07869499921798706
v 0.00571999978274107 -0.3753660023212433 0.07865499705076218
v 0.005963000003248453 -0.37581899762153625 0.07861000299453735
v 0.005371999926865101 -0.3749200105667114 0.07890400290489197
v 0.00521400012075901 -0.3767920136451721 0.0804549977183342
v 0.005528999958187342 -0.3777109980583191 0.08049000054597855
v 0.0053610000759363174 -0.377252995967865 0.08047500252723694
v 0.005148999858647585 -0.3763259947299957 0.08041200041770935
v 0.005135999992489815 -0.3758600056171417 0.08010199666023254
v 0.005038999952375889 -0.37397998571395874 0.07963400334119797
v 0.005129000172019005 -0.3744550049304962 0.07938800007104874
v 0.006076000165194273 -0.3767539858818054 0.07874699681997299
v 0.006271000020205975 -0.3788270056247711 0.07993000000715256
v 0.00583899999037385 -0.37827199697494507 0.08022599667310715
v 0.00634399987757206 -0.3786129951477051 0.07930400222539902
v 0.006271000020205975 -0.3782599866390228 0.07909499853849411
v 0.006399000063538551 -0.37792500853538513 0.07876499742269516
v 0.00661400007084012 -0.3781299889087677 0.0786380022764206
v 0.0056420001201331615 -0.377920001745224 0.08048699796199799
v 0.00750300008803606 -0.3766239881515503 0.07807599753141403
v 0.006027999799698591 -0.37487199902534485 0.0782179981470108
v 0.0054259998723864555 -0.37444499135017395 0.07867900282144547
v 0.006771999876946211 -0.37574800848960876 0.07815100252628326
v 0.0064929998479783535 -0.3738900125026703 0.07754600048065186
v 0.005162000190466642 -0.3739840090274811 0.07909400016069412
v 0.005421000067144632 -0.377238005399704 0.08071199804544449
v 0.0051739998161792755 -0.37631499767303467 0.08065900206565857
v 0.0054419999942183495 -0.3770340085029602 0.08093500137329102
v 0.005820999853312969 -0.37765800952911377 0.08117000013589859
v 0.005270000081509352 -0.3757990002632141 0.08158499747514725
v 0.004985000006854534 -0.37395399808883667 0.08066199719905853
v 0.004999000113457441 -0.3730350136756897 0.07952400296926498
v 0.005084000062197447 -0.37209001183509827 0.0790020003914833
v 0.006318000145256519 -0.37720799446105957 0.0786530002951622
v 0.0069320001639425755 -0.3771519958972931 0.07837899774312973
v 0.006508000195026398 -0.3790540099143982 0.07989700138568878
v 0.006326999980956316 -0.37887099385261536 0.0801749974489212
v 0.006444999948143959 -0.3789530098438263 0.07964599877595901
v 0.0061900001019239426 -0.378587007522583 0.08068300038576126
v 0.006777999922633171 -0.37904098629951477 0.07906299829483032
v 0.006672999821603298 -0.37852099537849426 0.07876899838447571
v 0.00687299994751811 -0.3785780072212219 0.07862699776887894
v 0.007071999832987785 -0.37856099009513855 0.0785060003399849
v 0.006763999816030264 -0.37764298915863037 0.07846599817276001
v 0.00802099984139204 -0.37752199172973633 0.07805299758911133
v 0.007978999987244606 -0.37554100155830383 0.07754100114107132
v 0.007102999836206436 -0.37524598836898804 0.07778099924325943
v 0.008475000038743019 -0.37606000900268555 0.07755500078201294
v 0.00597199983894825 -0.37440600991249084 0.07808099687099457
v 0.005497000180184841 -0.3739669919013977 0.07849600166082382
v 0.007555000018328428 -0.3742679953575134 0.07709299772977829
v 0.006182999815791845 -0.37391600012779236 0.07780200242996216
v 0.0060640000738203526 -0.37345099449157715 0.0778139978647232
v 0.0062060002237558365 -0.37296798825263977 0.07759899646043777
v 0.006653000134974718 -0.3735170066356659 0.07737500220537186
v 0.005266999825835228 -0.3762910068035126 0.08113999664783478
v 0.006674999836832285 -0.37849900126457214 0.08181799948215485
v 0.006407000124454498 -0.378042995929718 0.08208400011062622
v 0.005326999817043543 -0.37595298886299133 0.08184400200843811
v 0.004989999812096357 -0.3748469948768616 0.08255399763584137
v 0.004941999912261963 -0.3739260137081146 0.08168599754571915
v 0.004807000048458576 -0.37299901247024536 0.08134999871253967
v 0.004904999863356352 -0.3734709918498993 0.0811299979686737
v 0.004858999978750944 -0.3730109930038452 0.08076100051403046
v 0.004788000136613846 -0.3725590109825134 0.08028099685907364
v 0.004877000115811825 -0.3716279864311218 0.07926300168037415
v 0.005621000193059444 -0.3725360035896301 0.07818800210952759
v 0.0049149999395012856 -0.3692759871482849 0.07820799946784973
v 0.005626999773085117 -0.37064000964164734 0.07786700129508972
v 0.0053519997745752335 -0.36830100417137146 0.07745400071144104
v 0.005861999932676554 -0.3715679943561554 0.07784099876880646
v 0.006508000195026398 -0.3790540099143982 0.07989700138568878
v 0.006508000195026398 -0.3790540099143982 0.07989700138568878
v 0.006905000191181898 -0.3793179988861084 0.08059100061655045
v 0.006510999985039234 -0.3790450096130371 0.08015000075101852
v 0.00648299977183342 -0.37886300683021545 0.0808970034122467
v 0.006686000153422356 -0.37921398878097534 0.07961700111627579
v 0.006852999795228243 -0.37926700711250305 0.07932599633932114
v 0.007013999857008457 -0.3792620003223419 0.07902900129556656
v 0.007158999796956778 -0.3790949881076813 0.07871600240468979
v 0.007751999888569117 -0.3789690136909485 0.07836800068616867
v 0.008520999923348427 -0.3784230053424835 0.07794699817895889
v 0.008357999846339226 -0.37877199053764343 0.07810799777507782
v 0.00897900015115738 -0.37696200609207153 0.07746300101280212
v 0.008674000389873981 -0.377936989068985 0.07778500020503998
v 0.008376999758183956 -0.3755980134010315 0.07744500041007996
v 0.0088919997215271 -0.37649500370025635 0.07742500305175781
v 0.00865700002759695 -0.37589699029922485 0.07740999758243561
v 0.005874999798834324 -0.37346601486206055 0.07797899842262268
v 0.005776999983936548 -0.37299901247024536 0.07804500311613083
v 0.007703000213950872 -0.3737809956073761 0.07691100239753723
v 0.006831000093370676 -0.37338900566101074 0.07720299810171127
v 0.006748000159859657 -0.37244701385498047 0.07716400176286697
v 0.006200000178068876 -0.3720160126686096 0.07755599915981293
v 0.005650999955832958 -0.3767020106315613 0.08185599744319916
v 0.005408999975770712 -0.3762499988079071 0.08211500197649002
v 0.007224999833852053 -0.3793410062789917 0.08101800084114075
v 0.006895000115036964 -0.3787589967250824 0.08179300278425217
v 0.0067889997735619545 -0.3784730136394501 0.08229299634695053
v 0.0067010000348091125 -0.3784480094909668 0.08205900341272354
v 0.006808000151067972 -0.3784720003604889 0.08254200220108032
v 0.0062500000931322575 -0.37770000100135803 0.08233500272035599
v 0.005880000069737434 -0.3771379888057709 0.08235999941825867
v 0.005030999891459942 -0.3753100037574768 0.08279900252819061
v 0.005326000042259693 -0.37624499201774597 0.08239000290632248
v 0.004935000091791153 -0.3743770122528076 0.08250900357961655
v 0.0049600000493228436 -0.37482601404190063 0.08332200348377228
v 0.004809999838471413 -0.37341800332069397 0.08318199962377548
v 0.004801000002771616 -0.37299400568008423 0.0815420001745224
v 0.004885000176727772 -0.37390199303627014 0.08263999968767166
v 0.004809999838471413 -0.37345001101493835 0.08216899633407593
v 0.004660000093281269 -0.3725300133228302 0.08158200234174728
v 0.0045529999770224094 -0.371612012386322 0.08089999854564667
v 0.004778999835252762 -0.37255001068115234 0.08055999875068665
v 0.004681000020354986 -0.3720859885215759 0.08050300180912018
v 0.004612000193446875 -0.37070000171661377 0.07942099869251251
v 0.004579999949783087 -0.36929601430892944 0.07874400168657303
v 0.004741000011563301 -0.36881598830223083 0.07829099893569946
v 0.005648000165820122 -0.3692229986190796 0.07743900269269943
v 0.006386000197380781 -0.37057799100875854 0.07721900194883347
v 0.006277000065892935 -0.3710609972476959 0.07741399854421616
v 0.005518000107258558 -0.3678149878978729 0.07719899713993073
v 0.006328999996185303 -0.3682189881801605 0.07678499817848206
v 0.006380000151693821 -0.3686859905719757 0.07684300094842911
v 0.00470399996265769 -0.3674030005931854 0.0779229998588562
v 0.004592000041157007 -0.36788201332092285 0.07821100205183029
v 0.006566000171005726 -0.3791080117225647 0.080144003033638
v 0.0067449999041855335 -0.37928900122642517 0.079865001142025
v 0.0072189997881650925 -0.3794269859790802 0.08077699691057205
v 0.0069149998016655445 -0.3793700039386749 0.0795769989490509
v 0.007081000134348869 -0.3794040083885193 0.07928399741649628
v 0.007242999970912933 -0.37941300868988037 0.07898899912834167
v 0.0073899999260902405 -0.3792620003223419 0.07867699861526489
v 0.008263000287115574 -0.3794269859790802 0.07847099751234055
v 0.008585999719798565 -0.37888801097869873 0.07807700335979462
v 0.008046000264585018 -0.37940898537635803 0.0785209983587265
v 0.007639999967068434 -0.37944599986076355 0.07872100174427032
v 0.008725999854505062 -0.37840598821640015 0.0778530016541481
v 0.008798999711871147 -0.3788689970970154 0.07802300155162811
v 0.008871999569237232 -0.377920001745224 0.07766299694776535
v 0.009213999845087528 -0.3774160146713257 0.07733900099992752
v 0.009417000226676464 -0.3773989975452423 0.07724100351333618
v 0.008926000446081161 -0.3783870041370392 0.07773999869823456
v 0.008936000056564808 -0.3750790059566498 0.07690999656915665
v 0.00940299965441227 -0.37550899386405945 0.07682199776172638
v 0.008508999831974506 -0.37494999170303345 0.07707399874925613
v 0.00950700044631958 -0.376350998878479 0.07699300348758698
v 0.008546999655663967 -0.37369999289512634 0.07666599750518799
v 0.006982999853789806 -0.37290099263191223 0.07704199850559235
v 0.007815999910235405 -0.37282299995422363 0.07673999667167664
v 0.008112999610602856 -0.3732689917087555 0.07670799642801285
v 0.0067170001566410065 -0.3719730079174042 0.07719600200653076
v 0.007511000148952007 -0.37142300605773926 0.07688599824905396
v 0.007482999935746193 -0.3793860077857971 0.08114799857139587
v 0.007124000228941441 -0.37890899181365967 0.08175300061702728
v 0.007170999888330698 -0.3788619935512543 0.08198899775743484
v 0.0072189997881650925 -0.37881898880004883 0.082225002348423
v 0.006767999846488237 -0.37845900654792786 0.08280599862337112
v 0.006128000095486641 -0.37758100032806396 0.0826060026884079
v 0.005406999960541725 -0.3767940104007721 0.0829479992389679
v 0.005030000116676092 -0.3757759928703308 0.08317100256681442
v 0.005096999928355217 -0.3762440085411072 0.0832120031118393
v 0.004790999926626682 -0.37342700362205505 0.08293399959802628
v 0.005142999812960625 -0.37622299790382385 0.08370699733495712
v 0.005324000027030706 -0.3761880099773407 0.08416400104761124
v 0.004945999942719936 -0.37385499477386475 0.083965003490448
v 0.004861999768763781 -0.37339699268341064 0.08367399871349335
v 0.004757999908179045 -0.37246599793434143 0.0833280012011528
v 0.00471699982881546 -0.37296798825263977 0.08263999968767166
v 0.004639999940991402 -0.37250998616218567 0.08234699815511703
v 0.004408999811857939 -0.3711490035057068 0.08096300065517426
v 0.0044479998759925365 -0.37023600935935974 0.07956500351428986
v 0.004195000045001507 -0.36930400133132935 0.07976700365543365
v 0.004416999872773886 -0.36883100867271423 0.0788860023021698
v 0.0044479998759925365 -0.3681820034980774 0.07854100316762924
v 0.006794000044465065 -0.3705419898033142 0.07703100144863129
v 0.0064199999906122684 -0.3672640025615692 0.07650399953126907
v 0.00534699996933341 -0.3668830096721649 0.07712399959564209
v 0.005911999847739935 -0.3644709885120392 0.07622399926185608
v 0.006062000058591366 -0.3658770024776459 0.0764010027050972
v 0.006579999811947346 -0.3686690032482147 0.0767270028591156
v 0.004532999824732542 -0.3674130141735077 0.07816699892282486
v 0.005007999949157238 -0.36680400371551514 0.0774570032954216
v 0.004530000034719706 -0.3673959970474243 0.07816500216722488
v 0.004648999776691198 -0.36646100878715515 0.07776100188493729
v 0.0076339999213814735 -0.37967100739479065 0.08070000261068344
v 0.007366999983787537 -0.37960299849510193 0.07948900014162064
v 0.007691999897360802 -0.379613995552063 0.07889799773693085
v 0.007534000091254711 -0.3796530067920685 0.07919800281524658
v 0.007445999886840582 -0.37946298718452454 0.07886099815368652
v 0.008678999729454517 -0.3793179988861084 0.07834800332784653
v 0.008546000346541405 -0.3796040117740631 0.07867400348186493
v 0.008336000144481659 -0.37963399291038513 0.07873299717903137
v 0.00812199991196394 -0.37964001297950745 0.07878900319337845
v 0.008047999814152718 -0.37941598892211914 0.07852499932050705
v 0.008688000030815601 -0.37934398651123047 0.0783810019493103
v 0.008883999660611153 -0.37922999262809753 0.07828400284051895
v 0.007907000370323658 -0.37963300943374634 0.07884400337934494
v 0.009011000394821167 -0.37884700298309326 0.07796400040388107
v 0.009089999832212925 -0.37915098667144775 0.07822000235319138
v 0.009126000106334686 -0.378369003534317 0.07762700319290161
v 0.009065999649465084 -0.377903014421463 0.07751999795436859
v 0.00926399976015091 -0.37788599729537964 0.07739800214767456
v 0.009473999962210655 -0.3778649866580963 0.077333003282547
v 0.009695000015199184 -0.3778429925441742 0.07731799781322479
v 0.00962700042873621 -0.377377986907959 0.07717400044202805
v 0.009217999875545502 -0.3788119852542877 0.07789000123739243
v 0.009078999981284142 -0.3745940029621124 0.07670299708843231
v 0.00967200007289648 -0.3759549856185913 0.07685499638319016
v 0.009727999567985535 -0.3745270073413849 0.07659400254487991
v 0.009783999994397163 -0.3768880069255829 0.07703699916601181
v 0.009728999808430672 -0.3764219880104065 0.07694999873638153
v 0.008983000181615353 -0.37365400791168213 0.07660699635744095
v 0.00850600004196167 -0.3732289969921112 0.07664699852466583
v 0.008249999955296516 -0.3727790117263794 0.07667200267314911
v 0.007972000166773796 -0.37185201048851013 0.07677199691534042
v 0.007681999821215868 -0.3709309995174408 0.0768129974603653
v 0.008159000426530838 -0.37959998846054077 0.08106300234794617
v 0.007619999814778566 -0.37907299399375916 0.0818990021944046
v 0.007468999829143286 -0.37887299060821533 0.08242099732160568
v 0.008317000232636929 -0.37909600138664246 0.08197499811649323
v 0.007474000100046396 -0.37886300683021545 0.08267299830913544
v 0.00737799983471632 -0.3788439929485321 0.08295000344514847
v 0.007156999781727791 -0.3787739872932434 0.08299899846315384
v 0.006711000110954046 -0.3784539997577667 0.08314400166273117
v 0.0055740000680089 -0.3774220049381256 0.08349300175905228
v 0.006527000106871128 -0.3783780038356781 0.08336599916219711
v 0.0062950002029538155 -0.3781979978084564 0.08340399712324142
v 0.005245999898761511 -0.3767009973526001 0.08328399807214737
v 0.005313000176101923 -0.3769550025463104 0.08350100368261337
v 0.005092000123113394 -0.3762359917163849 0.08346699923276901
v 0.005200999788939953 -0.3767000138759613 0.08349800109863281
v 0.005222999956458807 -0.37669000029563904 0.08374500274658203
v 0.005299000069499016 -0.37667399644851685 0.08397799730300903
v 0.005336000118404627 -0.3757050037384033 0.0843529999256134
v 0.005456000100821257 -0.3766469955444336 0.08427499979734421
v 0.0054419999942183495 -0.37616899609565735 0.08438500016927719
v 0.0054419999942183495 -0.37616899609565735 0.08438500016927719
v 0.005189999938011169 -0.37428998947143555 0.08446499705314636
v 0.005028999876230955 -0.37383800745010376 0.08419600129127502
v 0.005073999986052513 -0.372404009103775 0.08425500243902206
v 0.004542000126093626 -0.37155500054359436 0.08275999873876572
v 0.004772000014781952 -0.3705509901046753 0.08359000086784363
v 0.004453999921679497 -0.37158700823783875 0.0820240005850792
v 0.004263000097125769 -0.3706730008125305 0.0814490020275116
v 0.004222000017762184 -0.3702180087566376 0.08092600107192993
v 0.004149999935179949 -0.3697589933872223 0.08059900254011154
v 0.004313999786973 -0.3683669865131378 0.07889600098133087
v 0.003936000168323517 -0.3679080009460449 0.07965599745512009
v 0.004255999810993671 -0.367900013923645 0.07879900187253952
v 0.00381499994546175 -0.3678709864616394 0.08120899647474289
v 0.006897999905049801 -0.3696030080318451 0.0768129974603653
v 0.007637000177055597 -0.3704589903354645 0.07678099721670151
v 0.007180999964475632 -0.368135005235672 0.07656499743461609
v 0.007230000104755163 -0.368602991104126 0.07662499696016312
v 0.006566000171005726 -0.36678001284599304 0.07631199806928635
v 0.006837999913841486 -0.3672249913215637 0.07635899633169174
v 0.004503999836742878 -0.3650529980659485 0.07761900126934052
v 0.005330999847501516 -0.36309900879859924 0.0763930007815361
v 0.006401999853551388 -0.36537501215934753 0.07607100158929825
v 0.0061160000041127205 -0.3644999861717224 0.07611200213432312
v 0.006209000013768673 -0.36491701006889343 0.07614099979400635
v 0.006149000022560358 -0.3630320131778717 0.07575800269842148
v 0.006252999883145094 -0.36396899819374084 0.07589399814605713
v 0.006837999913841486 -0.36911898851394653 0.07670799642801285
v 0.004333000164479017 -0.36553800106048584 0.07793500274419785
v 0.0038209999911487103 -0.36650198698043823 0.07925300300121307
v 0.008186000399291515 -0.37981700897216797 0.0800660029053688
v 0.008484999649226665 -0.37977901101112366 0.08041100203990936
v 0.007751999888569117 -0.3796989917755127 0.07914700359106064
v 0.008394000120460987 -0.37970200181007385 0.07897999882698059
v 0.009349999949336052 -0.3796510100364685 0.07923399657011032
v 0.008719000034034252 -0.3797700107097626 0.07941299676895142
v 0.009496999904513359 -0.3795120120048523 0.07892300188541412
v 0.008918999694287777 -0.3793190121650696 0.07840999960899353
v 0.008181000128388405 -0.37970399856567383 0.07903599739074707
v 0.007966999895870686 -0.379705011844635 0.07909200340509415
v 0.009442999958992004 -0.3788039982318878 0.07788900285959244
v 0.009699000045657158 -0.37939900159835815 0.07885599881410599
v 0.009425999596714973 -0.3787519931793213 0.07782799750566483
v 0.009332999587059021 -0.3783490061759949 0.07754900306463242
v 0.009332000277936459 -0.3783389925956726 0.07754500210285187
v 0.00953300017863512 -0.37821099162101746 0.07747700065374374
v 0.009724999777972698 -0.37799501419067383 0.07739900052547455
v 0.009850000031292439 -0.3773539960384369 0.07716900110244751
v 0.010173000395298004 -0.3777869939804077 0.07745599746704102
v 0.009461999870836735 -0.3740819990634918 0.07657299935817719
v 0.009242000058293343 -0.37410300970077515 0.07659599930047989
v 0.00989499967545271 -0.3759309947490692 0.07685299962759018
v 0.009775999933481216 -0.3740450143814087 0.07662899792194366
v 0.009970000013709068 -0.37449899315834045 0.07668299973011017
v 0.009689999744296074 -0.37405601143836975 0.07659400254487991
v 0.010014000348746777 -0.3768649995326996 0.07705900073051453
v 0.009207000024616718 -0.37363100051879883 0.07660599797964096
v 0.008960999548435211 -0.373073011636734 0.07671699672937393
v 0.008477999828755856 -0.37275299429893494 0.07669299840927124
v 0.008721999824047089 -0.3727239966392517 0.07678800076246262
v 0.008178000338375568 -0.3713510036468506 0.07686199992895126
v 0.008213000372052193 -0.37202200293540955 0.07677800208330154
v 0.008356000296771526 -0.3722879886627197 0.07677499949932098
v 0.007903999648988247 -0.3709059953689575 0.07680399715900421
v 0.008659999817609787 -0.37928900122642517 0.0814019963145256
v 0.009046000428497791 -0.3793889880180359 0.0810599997639656
v 0.00854399986565113 -0.3796899914741516 0.08071999996900558
v 0.007977999746799469 -0.3789519965648651 0.08255299925804138
v 0.008357999846339226 -0.3789930045604706 0.08220499753952026
v 0.008945999667048454 -0.37897101044654846 0.08179499953985214
v 0.008240999653935432 -0.3789229989051819 0.08273500204086304
v 0.007774000056087971 -0.37910598516464233 0.08364299684762955
v 0.0087890001013875 -0.3791329860687256 0.08414500206708908
v 0.0071020000614225864 -0.3788689970970154 0.08375400304794312
v 0.0053900000639259815 -0.37714698910713196 0.08376000076532364
v 0.005646999925374985 -0.37759700417518616 0.08375000208616257
v 0.00648800004273653 -0.37856200337409973 0.08416300266981125
v 0.00699299992993474 -0.37887099385261536 0.08407100290060043
v 0.006252000108361244 -0.3783409893512726 0.08419600129127502
v 0.005437999963760376 -0.37716299295425415 0.0840039998292923
v 0.005446999799460173 -0.37713199853897095 0.08405499905347824
v 0.005425000097602606 -0.3756929934024811 0.084477998316288
v 0.005379000212997198 -0.37474000453948975 0.08461599797010422
v 0.005537999793887138 -0.37663400173187256 0.08441899716854095
v 0.0054419999942183495 -0.37616899609565735 0.08438500016927719
v 0.005381000228226185 -0.373306006193161 0.08479899913072586
v 0.005249999929219484 -0.37323299050331116 0.08456899970769882
v 0.005623999983072281 -0.37374699115753174 0.08507099747657776
v 0.005518000107258558 -0.3728120028972626 0.08492100238800049
v 0.004296000115573406 -0.37016400694847107 0.08239299803972244
v 0.004259000066667795 -0.37018799781799316 0.08215100318193436
v 0.00534699996933341 -0.3704639971256256 0.0844459980726242
v 0.004736999981105328 -0.37008199095726013 0.08353900164365768
v 0.004561000037938356 -0.3696320056915283 0.08327300101518631
v 0.004147000145167112 -0.3697200119495392 0.08186600357294083
v 0.0036849998869001865 -0.36695098876953125 0.08061700314283371
v 0.003745000110939145 -0.3669689893722534 0.0798410028219223
v 0.004248000215739012 -0.3682509958744049 0.08281400054693222
v 0.003633999964222312 -0.3664799928665161 0.08062499761581421
v 0.0038960000965744257 -0.3668760061264038 0.08233299851417542
v 0.0037720000836998224 -0.36642101407051086 0.08205299824476242
v 0.0035649999044835567 -0.36502599716186523 0.08167500048875809
v 0.0040480000898242 -0.3673270046710968 0.08260499686002731
v 0.0075530000030994415 -0.3695189952850342 0.07673300057649612
v 0.007826999761164188 -0.36996299028396606 0.07679300010204315
v 0.007360999938100576 -0.3676399886608124 0.07653500139713287
v 0.007062000222504139 -0.36719998717308044 0.0763619989156723
v 0.006661000195890665 -0.36582499742507935 0.07605499774217606
v 0.006940000224858522 -0.36626800894737244 0.07614099979400635
v 0.004145999904721975 -0.36365801095962524 0.07776200026273727
v 0.003693999955430627 -0.36415600776672363 0.07862100005149841
v 0.003806999884545803 -0.3636780083179474 0.07827500253915787
v 0.00367900007404387 -0.36462900042533875 0.07879699766635895
v 0.003877999959513545 -0.360835999250412 0.07755599915981293
v 0.004763999953866005 -0.36077600717544556 0.07645300030708313
v 0.005758000072091818 -0.3625909984111786 0.07596299797296524
v 0.0038850000128149986 -0.362729012966156 0.07793799787759781
v 0.0066109998151659966 -0.3653550148010254 0.07599599659442902
v 0.006785000208765268 -0.3648639917373657 0.07593400031328201
v 0.006618000101298094 -0.3634600043296814 0.07567799836397171
v 0.0066720000468194485 -0.3639270067214966 0.07575999945402145
v 0.006306000053882599 -0.3625440001487732 0.07561899721622467
v 0.006732999812811613 -0.36439499258995056 0.0758650004863739
v 0.00356599991209805 -0.3655630052089691 0.0797090008854866
v 0.0035059999208897352 -0.36462900042533875 0.07935100048780441
v 0.003567999927327037 -0.36428800225257874 0.07903700321912766
v 0.00834800023585558 -0.3798080086708069 0.07976900041103363
v 0.009340000338852406 -0.37960898876190186 0.08024799823760986
v 0.008910000324249268 -0.3797360062599182 0.0803069993853569
v 0.00913199968636036 -0.379736989736557 0.07955600321292877
v 0.009554999880492687 -0.3795720040798187 0.07917000353336334
v 0.009657000191509724 -0.3795430064201355 0.07964900135993958
v 0.009194999933242798 -0.37972399592399597 0.07953699678182602
v 0.00962700042873621 -0.3786279857158661 0.0777600035071373
v 0.009955000132322311 -0.37928900122642517 0.07902999967336655
v 0.00989499967545271 -0.37921398878097534 0.07878199964761734
v 0.010095000267028809 -0.3785029947757721 0.0778769999742508
v 0.009789000265300274 -0.3782989978790283 0.07758499681949615
v 0.010525999590754509 -0.3777430057525635 0.0776669979095459
v 0.010594000108540058 -0.37726500630378723 0.07750599831342697
v 0.009491000324487686 -0.3736000061035156 0.07664600014686584
v 0.010214000009000301 -0.3764910101890564 0.07707999646663666
v 0.010072999633848667 -0.375436007976532 0.0768129974603653
v 0.010072000324726105 -0.37400901317596436 0.07680200040340424
v 0.009677000343799591 -0.37329399585723877 0.0768129974603653
v 0.009936000220477581 -0.3735460042953491 0.07687000185251236
v 0.010230000130832195 -0.37494099140167236 0.07688000053167343
v 0.009440000168979168 -0.37312400341033936 0.07682500034570694
v 0.008976999670267105 -0.3727189898490906 0.07692199945449829
v 0.00873900018632412 -0.37223899364471436 0.07704299688339233
v 0.008453000336885452 -0.37179601192474365 0.07694099843502045
v 0.008287999778985977 -0.37133800983428955 0.07692600041627884
v 0.008156999945640564 -0.3708760142326355 0.07690100371837616
v 0.008112000301480293 -0.3704040050506592 0.07690799981355667
v 0.009587000124156475 -0.3794249892234802 0.08041500300168991
v 0.009171999990940094 -0.37870800495147705 0.0818919986486435
v 0.00926399976015091 -0.37919801473617554 0.08109600096940994
v 0.008922000415623188 -0.378713995218277 0.08253099769353867
v 0.00871300045400858 -0.378836989402771 0.08285599946975708
v 0.00877700001001358 -0.3789080083370209 0.08208499848842621
v 0.009091000072658062 -0.3787130117416382 0.08197899907827377
v 0.009026000276207924 -0.37879401445388794 0.08327700197696686
v 0.008488000370562077 -0.3793559968471527 0.08476000279188156
v 0.008276999928057194 -0.37937799096107483 0.08481799811124802
v 0.007672999985516071 -0.37918299436569214 0.08418799936771393
v 0.008696000091731548 -0.3793030083179474 0.08469899743795395
v 0.009347000159323215 -0.37881699204444885 0.08370500057935715
v 0.0092569999396801 -0.3790079951286316 0.08426199853420258
v 0.005646000150591135 -0.377595990896225 0.08376000076532364
v 0.005710000172257423 -0.3777279853820801 0.08400499820709229
v 0.006304000038653612 -0.3783400058746338 0.08443699777126312
v 0.006823999807238579 -0.3787420094013214 0.08460699766874313
v 0.007340999785810709 -0.37911200523376465 0.08477400243282318
v 0.0069679999724030495 -0.3788580000400543 0.08458399772644043
v 0.006029000040143728 -0.37800899147987366 0.08446600288152695
v 0.005762999877333641 -0.3777349889278412 0.08424600213766098
v 0.005677000153809786 -0.3775779902935028 0.08424899727106094
v 0.006277000065892935 -0.377005010843277 0.08529099822044373
v 0.005987000185996294 -0.376567006111145 0.08505599945783615
v 0.005781999789178371 -0.37755900621414185 0.08447299897670746
v 0.005921000149101019 -0.3775379955768585 0.08468899875879288
v 0.005477000027894974 -0.3756830096244812 0.08456800132989883
v 0.0056859999895095825 -0.3746959865093231 0.0850059986114502
v 0.005791999865323305 -0.3764840066432953 0.08484199643135071
v 0.005557999946177006 -0.37328100204467773 0.08500400185585022
v 0.005555000156164169 -0.3731110095977783 0.08498299866914749
v 0.006175999995321035 -0.3736740052700043 0.08555900305509567
v 0.0056929998099803925 -0.3727850019931793 0.08516000211238861
v 0.004344000015407801 -0.36871299147605896 0.08295799791812897
v 0.004505999851971865 -0.36916399002075195 0.08322799950838089
v 0.005921999923884869 -0.37038400769233704 0.08504900336265564
v 0.005475000012665987 -0.3690209984779358 0.08448299765586853
v 0.0035749999806284904 -0.3660129904747009 0.08052700012922287
v 0.004563000053167343 -0.3677220046520233 0.08341900259256363
v 0.004129999782890081 -0.3668360114097595 0.08278899639844894
v 0.00380899989977479 -0.36497798562049866 0.08236800134181976
v 0.004203000105917454 -0.36444199085235596 0.08295799791812897
v 0.0034310000482946634 -0.36507099866867065 0.08069799840450287
v 0.0034680000972002745 -0.3645690083503723 0.08138799667358398
v 0.003596999915316701 -0.3635849952697754 0.08199100196361542
v 0.007706999778747559 -0.3685469925403595 0.07676099985837936
v 0.00803999975323677 -0.36928099393844604 0.0769829973578453
v 0.007571999914944172 -0.36713701486587524 0.07665199786424637
v 0.007207999937236309 -0.36718401312828064 0.0764240026473999
v 0.007178000174462795 -0.366239994764328 0.0762069970369339
v 0.006883000023663044 -0.36580100655555725 0.07604700326919556
v 0.007120000198483467 -0.3657749891281128 0.076105996966362
v 0.0038739999290555716 -0.36320099234580994 0.07805600017309189
v 0.0035119999665766954 -0.36368700861930847 0.07897499948740005
v 0.003418999956920743 -0.3627470135688782 0.07891099900007248
v 0.004091999959200621 -0.35987600684165955 0.07706800103187561
v 0.003593999892473221 -0.3617990016937256 0.07820499688386917
v 0.0035810000263154507 -0.35943299531936646 0.0777439996600151
v 0.00508899986743927 -0.360276997089386 0.07604599744081497
v 0.005807000212371349 -0.361640989780426 0.07572899758815765
v 0.0035149999894201756 -0.3622739911079407 0.07848300039768219
v 0.007017000112682581 -0.36483699083328247 0.0759740024805069
v 0.007019999902695417 -0.36388900876045227 0.07579900324344635
v 0.007069000042974949 -0.3634119927883148 0.0756940022110939
v 0.0067819999530911446 -0.3629690110683441 0.07557500153779984
v 0.0061160000041127205 -0.3606640100479126 0.0754299983382225
v 0.003456000005826354 -0.3650839924812317 0.08018500357866287
v 0.003407000098377466 -0.3646230101585388 0.07988400012254715
v 0.0035439999774098396 -0.36404600739479065 0.07901299744844437
v 0.0035099999513477087 -0.36368799209594727 0.07898599654436111
v 0.00913699995726347 -0.3797209858894348 0.08006100356578827
v 0.009294000454246998 -0.3796750009059906 0.08001399785280228
v 0.009246000088751316 -0.3797149956226349 0.07977700233459473
v 0.010247999802231789 -0.3790439963340759 0.07943099737167358
v 0.010095999576151371 -0.37915199995040894 0.07973899692296982
v 0.010227000340819359 -0.3787840008735657 0.07838600128889084
v 0.010339999571442604 -0.3788689970970154 0.07887600362300873
v 0.010355999693274498 -0.3784550130367279 0.07805699855089188
v 0.010700000450015068 -0.377716988325119 0.07787299901247025
v 0.01079300045967102 -0.37676501274108887 0.07756400108337402
v 0.010854999534785748 -0.3770500123500824 0.07774800062179565
v 0.010447000153362751 -0.37633800506591797 0.07716800272464752
v 0.010440000332891941 -0.3749139904975891 0.07707499712705612
v 0.010614000260829926 -0.3753660023212433 0.07724899798631668
v 0.010219000279903412 -0.37390100955963135 0.07700400054454803
v 0.010060000233352184 -0.37352800369262695 0.07699800282716751
v 0.009948999620974064 -0.3733539879322052 0.07700400054454803
v 0.009712999686598778 -0.3731279969215393 0.07703699916601181
v 0.009670999832451344 -0.3730910122394562 0.07704400271177292
v 0.009441999718546867 -0.3730809986591339 0.07684800028800964
v 0.009244999848306179 -0.37273499369621277 0.07710900157690048
v 0.008981999941170216 -0.3722020089626312 0.0773639976978302
v 0.008654000237584114 -0.3717679977416992 0.07714000344276428
v 0.008395000360906124 -0.3708449900150299 0.07709000259637833
v 0.008426999673247337 -0.37099701166152954 0.07710099965333939
v 0.008302999660372734 -0.3703800141811371 0.07705400139093399
v 0.008337000384926796 -0.36989501118659973 0.07723800092935562
v 0.010141000151634216 -0.37907499074935913 0.07997100055217743
v 0.010021000169217587 -0.37897399067878723 0.08049900084733963
v 0.009858000092208385 -0.3789600133895874 0.08079300075769424
v 0.00938399974256754 -0.37856099009513855 0.08188299834728241
v 0.009181000292301178 -0.37867000699043274 0.08195000141859055
v 0.009321000427007675 -0.3785000145435333 0.08265499770641327
v 0.009424000047147274 -0.37849000096321106 0.08313500136137009
v 0.008326999843120575 -0.37936100363731384 0.08505699783563614
v 0.008539999835193157 -0.3793509900569916 0.08500099927186966
v 0.00761799979954958 -0.37921398878097534 0.08496899902820587
v 0.009564000181853771 -0.3789060115814209 0.08467700332403183
v 0.00955200009047985 -0.3786109983921051 0.08368600159883499
v 0.006388999987393618 -0.378154993057251 0.08489999920129776
v 0.007164000067859888 -0.3789539933204651 0.08505400270223618
v 0.006969999987632036 -0.37863799929618835 0.08531899750232697
v 0.007441000081598759 -0.37906700372695923 0.08525100350379944
v 0.006099000107496977 -0.37792301177978516 0.08469100296497345
v 0.005801000166684389 -0.37759900093078613 0.08447399735450745
v 0.005921000149101019 -0.37609800696372986 0.08501400053501129
v 0.006438000127673149 -0.37761199474334717 0.08532600104808807
v 0.006663000211119652 -0.3769550025463104 0.08556199818849564
v 0.006126000080257654 -0.3776650130748749 0.08490599691867828
v 0.0057299998588860035 -0.37564900517463684 0.08485999703407288
v 0.00611699977889657 -0.3755980134010315 0.0851529985666275
v 0.007447999902069569 -0.3744420111179352 0.08593100309371948
v 0.006661000195890665 -0.3731360137462616 0.0859059989452362
v 0.006438999902456999 -0.37316301465034485 0.08577699959278107
v 0.00635500019416213 -0.37261199951171875 0.08572900295257568
v 0.006087000016123056 -0.37178298830986023 0.08543899655342102
v 0.006225999910384417 -0.36987200379371643 0.08515899628400803
v 0.006126999855041504 -0.3689369857311249 0.08497899770736694
v 0.005361999850720167 -0.3669759929180145 0.0842519998550415
v 0.004530000034719706 -0.36677300930023193 0.08342599868774414
v 0.005057999864220619 -0.3666990101337433 0.08399300277233124
v 0.0046709999442100525 -0.36580100655555725 0.08357799798250198
v 0.004619999788701534 -0.3653320074081421 0.08351200073957443
v 0.004964000079780817 -0.3652839958667755 0.0838870033621788
v 0.004668000154197216 -0.36342498660087585 0.08347199857234955
v 0.0039450000040233135 -0.36305201053619385 0.08259599655866623
v 0.0032969999592751265 -0.3631710112094879 0.08100000023841858
v 0.0032510000746697187 -0.36319899559020996 0.0802529975771904
v 0.0034729999024420977 -0.36313000321388245 0.08171200007200241
v 0.007949000224471092 -0.36803799867630005 0.07701899856328964
v 0.008341999724507332 -0.36941298842430115 0.07742899656295776
v 0.00749000022187829 -0.36667299270629883 0.07654000073671341
v 0.007797999773174524 -0.3666279911994934 0.07696200162172318
v 0.008012999780476093 -0.36707401275634766 0.0772169977426529
v 0.00749000022187829 -0.36619898676872253 0.07648000121116638
v 0.0073009999468922615 -0.3657520115375519 0.07621700316667557
v 0.007280000019818544 -0.3652789890766144 0.07616300135850906
v 0.0032240001019090414 -0.362278014421463 0.07937899976968765
v 0.003287999890744686 -0.36274799704551697 0.07934899628162384
v 0.004443000070750713 -0.35938000679016113 0.0765250027179718
v 0.0031049998942762613 -0.3613330125808716 0.07954400032758713
v 0.0031500000040978193 -0.36039501428604126 0.07890500128269196
v 0.003191000083461404 -0.35897698998451233 0.0784590020775795
v 0.0038759999442845583 -0.35894298553466797 0.07719500362873077
v 0.003809999907389283 -0.3584739863872528 0.0772159993648529
v 0.005229000002145767 -0.3597950041294098 0.07582499831914902
v 0.004623000044375658 -0.3593659996986389 0.07635600119829178
v 0.007329999934881926 -0.36527299880981445 0.07621400058269501
v 0.007201000116765499 -0.36434000730514526 0.07596500217914581
v 0.007381000090390444 -0.3638019859790802 0.07594799995422363
v 0.007513999938964844 -0.36299899220466614 0.07581199705600739
v 0.007007999811321497 -0.3629460036754608 0.07558300346136093
v 0.006901999935507774 -0.36201000213623047 0.07543600350618362
v 0.006277000065892935 -0.3601740002632141 0.07531099766492844
v 0.0055669997818768024 -0.35929301381111145 0.07548300176858902
v 0.0067010000348091125 -0.3601340055465698 0.07519300282001495
v 0.010293000377714634 -0.37897801399230957 0.07966499775648117
v 0.010475000366568565 -0.3786559998989105 0.0795769989490509
v 0.010471999645233154 -0.3785710036754608 0.07855000346899033
v 0.010873000137507915 -0.37779200077056885 0.07860100269317627
v 0.010883999988436699 -0.37768301367759705 0.07832899689674377
v 0.01092899963259697 -0.3772119879722595 0.07800400257110596
v 0.01090100035071373 -0.37674999237060547 0.0776979997754097
v 0.010742000304162502 -0.3764449954032898 0.07744599878787994
v 0.010886999778449535 -0.37580201029777527 0.0775810033082962
v 0.010582000017166138 -0.3748910129070282 0.07727500051259995
v 0.010377000086009502 -0.3739619851112366 0.07722499966621399
v 0.010579999536275864 -0.3748430013656616 0.07728400081396103
v 0.010824999772012234 -0.3753350079059601 0.07753700017929077
v 0.010165000334382057 -0.3735100030899048 0.07722199708223343
v 0.010245000012218952 -0.37365099787712097 0.07721900194883347
v 0.00999400019645691 -0.3732759952545166 0.07723700255155563
v 0.009731000289320946 -0.37307700514793396 0.07728099822998047
v 0.009475000202655792 -0.37289100885391235 0.0770689994096756
v 0.00952600035816431 -0.37288498878479004 0.07730899751186371
v 0.009286999702453613 -0.37263599038124084 0.07733999937772751
v 0.009201999753713608 -0.3721649944782257 0.07781100273132324
v 0.009619000367820263 -0.37276899814605713 0.07777900248765945
v 0.00887299980968237 -0.3717310130596161 0.07758700102567673
v 0.008643999695777893 -0.3712869882583618 0.07733500003814697
v 0.008423999883234501 -0.37084099650382996 0.07714200019836426
v 0.008407999761402607 -0.37028399109840393 0.07726900279521942
v 0.008929000236093998 -0.3707300126552582 0.07897000014781952
v 0.010400000028312206 -0.3784849941730499 0.0803380012512207
v 0.01013300009071827 -0.3780190050601959 0.08136499673128128
v 0.010240999981760979 -0.37851399183273315 0.08063700050115585
v 0.009751000441610813 -0.3784709870815277 0.08152200281620026
v 0.009557000361382961 -0.37821200489997864 0.08281099796295166
v 0.00963400024920702 -0.3781749904155731 0.08213099837303162
v 0.009618000127375126 -0.378244012594223 0.08203600347042084
v 0.009734000079333782 -0.3784100115299225 0.0835530012845993
v 0.009982000105082989 -0.37766098976135254 0.08288399875164032
v 0.008665000088512897 -0.3790479898452759 0.08569200336933136
v 0.008452000096440315 -0.3790540099143982 0.08574800193309784
v 0.008194999769330025 -0.3791399896144867 0.08557199686765671
v 0.009084999561309814 -0.3789669871330261 0.08557199686765671
v 0.009204999543726444 -0.379067987203598 0.08504600077867508
v 0.009813000448048115 -0.3787370026111603 0.08484499901533127
v 0.00970499962568283 -0.37875398993492126 0.08538399636745453
v 0.009902000427246094 -0.37853100895881653 0.08428700268268585
v 0.006742000114172697 -0.37790000438690186 0.08553799986839294
v 0.006930000148713589 -0.378356009721756 0.08554700016975403
v 0.007290000095963478 -0.37879499793052673 0.0855100005865097
v 0.007745000068098307 -0.3789210021495819 0.08566100150346756
v 0.0068660001270473 -0.37598299980163574 0.08551599830389023
v 0.006845999974757433 -0.3774079978466034 0.08570300042629242
v 0.007474999874830246 -0.3749549984931946 0.0858670026063919
v 0.008182999677956104 -0.37485599517822266 0.08604700118303299
v 0.007817000150680542 -0.3734779953956604 0.08622100204229355
v 0.007143000140786171 -0.37307798862457275 0.08609099686145782
v 0.0068720001727342606 -0.3726330101490021 0.08602199703454971
v 0.006630000192672014 -0.372188001871109 0.08585699647665024
v 0.006510999985039234 -0.37172800302505493 0.08573000133037567
v 0.006868999917060137 -0.3708379864692688 0.08562300354242325
v 0.006238999776542187 -0.3684479892253876 0.08497399836778641
v 0.00661499984562397 -0.3688789904117584 0.08516400307416916
v 0.006268000230193138 -0.36796998977661133 0.08494199812412262
v 0.006165000144392252 -0.367031991481781 0.08480600267648697
v 0.006264000199735165 -0.3655950129032135 0.08474700152873993
v 0.005661999806761742 -0.3647170066833496 0.08437799662351608
v 0.005764999892562628 -0.3632810115814209 0.08433499932289124
v 0.004844999872148037 -0.3629249930381775 0.08361700177192688
v 0.0035649999044835567 -0.3621630072593689 0.08188699930906296
v 0.0037269999738782644 -0.3616589903831482 0.08222100138664246
v 0.004075000062584877 -0.3625580072402954 0.0827530026435852
v 0.0033360000234097242 -0.3622030019760132 0.08137500286102295
v 0.0032099999953061342 -0.3627299964427948 0.08020299673080444
v 0.008249999955296516 -0.36750900745391846 0.07772000133991241
v 0.008845999836921692 -0.3702560067176819 0.07918599992990494
v 0.008471000008285046 -0.36890101432800293 0.0780939981341362
v 0.007644999772310257 -0.3661760091781616 0.07669000327587128
v 0.00785799976438284 -0.36613500118255615 0.07729499787092209
v 0.007672000210732222 -0.36569100618362427 0.07687599956989288
v 0.007911000400781631 -0.36612600088119507 0.07737799733877182
v 0.0074720000848174095 -0.3652530014514923 0.07636400312185287
v 0.00761000020429492 -0.3657039999961853 0.07664000242948532
v 0.0031389999203383923 -0.36179500818252563 0.0798489972949028
v 0.0031880000606179237 -0.3622579872608185 0.0801130011677742
v 0.004573000129312277 -0.3587949872016907 0.07629600167274475
v 0.0030129998922348022 -0.3594450056552887 0.07928899675607681
v 0.0030429998878389597 -0.36037498712539673 0.07994700223207474
v 0.003128000069409609 -0.35944899916648865 0.07877799868583679
v 0.002948000095784664 -0.35850200057029724 0.07922500371932983
v 0.0030159999150782824 -0.3580330014228821 0.07877899706363678
v 0.0045540002174675465 -0.35842400789260864 0.07625400274991989
v 0.003260999917984009 -0.35755598545074463 0.07799600064754486
v 0.0035649999044835567 -0.357342004776001 0.07739099860191345
v 0.0036619999445974827 -0.3565889894962311 0.0770689994096756
v 0.00494999997317791 -0.3588689863681793 0.0759190022945404
v 0.004761999938637018 -0.35888299345970154 0.0760900005698204
v 0.0045819999650120735 -0.3588950037956238 0.0763000026345253
v 0.007455000188201666 -0.3647800087928772 0.0763079971075058
v 0.0073090000078082085 -0.364327996969223 0.07603400200605392
v 0.007482000160962343 -0.36430200934410095 0.07624000310897827
v 0.007697000168263912 -0.3633340001106262 0.07606100291013718
v 0.007695999927818775 -0.3623870015144348 0.07583499699831009
v 0.007267999928444624 -0.36101800203323364 0.07540299743413925
v 0.007594000082463026 -0.36145299673080444 0.07559400051832199
v 0.00697400001809001 -0.3605780005455017 0.07524999976158142
v 0.006388000212609768 -0.35921600461006165 0.07513000071048737
v 0.005235000047832727 -0.3560050129890442 0.07515499740839005
v 0.0060339998453855515 -0.3578279912471771 0.07504499703645706
v 0.004807000048458576 -0.35556599497795105 0.07542499899864197
v 0.007042999844998121 -0.3591490089893341 0.07504899799823761
v 0.010576999746263027 -0.3781319856643677 0.08023899793624878
v 0.010991999879479408 -0.37741801142692566 0.07928500324487686
v 0.010758999735116959 -0.3776380121707916 0.08022099733352661
v 0.011142999865114689 -0.3766930103302002 0.0786449983716011
v 0.01106599997729063 -0.3771600127220154 0.07923299819231033
v 0.011130999773740768 -0.3762289881706238 0.07833400368690491
v 0.011006999760866165 -0.3762570023536682 0.07786200195550919
v 0.011067000217735767 -0.3752860128879547 0.07823099941015244
v 0.01090800017118454 -0.3748359978199005 0.07796099781990051
v 0.010607999749481678 -0.37408798933029175 0.07768899947404861
v 0.010343000292778015 -0.3735859990119934 0.07769399881362915
v 0.010219999589025974 -0.3734950125217438 0.07746099680662155
v 0.009417000226676464 -0.37237200140953064 0.07803499698638916
v 0.009159999899566174 -0.3719469904899597 0.07804799824953079
v 0.009720999747514725 -0.3727540075778961 0.07825899869203568
v 0.008930999785661697 -0.37128499150276184 0.07827799767255783
v 0.009165000170469284 -0.3716230094432831 0.08004000037908554
v 0.009184000082314014 -0.3716380000114441 0.07952799648046494
v 0.009115000255405903 -0.37155699729919434 0.07902699708938599
v 0.008956000208854675 -0.3712170124053955 0.07851699739694595
v 0.010470000095665455 -0.37763598561286926 0.08097399771213531
v 0.009998999536037445 -0.3777819871902466 0.08187799900770187
v 0.00965800043195486 -0.37811800837516785 0.0822639986872673
v 0.010623999871313572 -0.37755998969078064 0.08066999912261963
v 0.009886999614536762 -0.37775298953056335 0.0824119970202446
v 0.010095999576151371 -0.3783319890499115 0.08421199768781662
v 0.0102530000731349 -0.3780460059642792 0.08413500338792801
v 0.01027700025588274 -0.3780060112476349 0.08412300050258636
v 0.010111000388860703 -0.377346009016037 0.08255700021982193
v 0.010549000464379787 -0.3769820034503937 0.08366700261831284
v 0.008485999889671803 -0.37887901067733765 0.08597200363874435
v 0.008702999912202358 -0.3789060115814209 0.08591800183057785
v 0.008259999565780163 -0.37875398993492126 0.0860150009393692
v 0.008948000147938728 -0.378695011138916 0.08608300238847733
v 0.009569000452756882 -0.3784869909286499 0.08589400351047516
v 0.009166999720036983 -0.37857699394226074 0.08609499782323837
v 0.009965999983251095 -0.37851598858833313 0.08528599888086319
v 0.010247999802231789 -0.3782840073108673 0.08492899686098099
v 0.010098000057041645 -0.37841200828552246 0.0852380022406578
v 0.00977499969303608 -0.3784080147743225 0.08583100140094757
v 0.007015999872237444 -0.3780609965324402 0.08574099838733673
v 0.007443999871611595 -0.37828999757766724 0.0859140008687973
v 0.007770000025629997 -0.37865298986434937 0.0858749970793724
v 0.007666999939829111 -0.377128005027771 0.08596199750900269
v 0.008298000320792198 -0.3762899935245514 0.08604899793863297
v 0.008251000195741653 -0.37581899762153625 0.0860069990158081
v 0.007261000107973814 -0.3778330087661743 0.08591300249099731
v 0.008214999921619892 -0.3753480017185211 0.08601000159978867
v 0.008652999997138977 -0.3743380010128021 0.0863180011510849
v 0.008351000025868416 -0.37437400221824646 0.08619599789381027
v 0.008391999639570713 -0.375326007604599 0.08605299890041351
v 0.008453999646008015 -0.3753199875354767 0.08608099818229675
v 0.00810999982059002 -0.37310200929641724 0.08635099977254868
v 0.008519000373780727 -0.37244701385498047 0.08638899773359299
v 0.007505000103265047 -0.37186598777770996 0.08609700202941895
v 0.007408000063151121 -0.3711499869823456 0.08590999990701675
v 0.00736499996855855 -0.36938801407814026 0.0853089988231659
v 0.006512000225484371 -0.3679409921169281 0.08503100275993347
v 0.007199999876320362 -0.3678640127182007 0.08511099964380264
v 0.006934000179171562 -0.36741799116134644 0.08508600294589996
v 0.006887999828904867 -0.3669480085372925 0.08504799753427505
v 0.006554999854415655 -0.3665109872817993 0.08489999920129776
v 0.006792000029236078 -0.3660080134868622 0.0849509984254837
v 0.00621700007468462 -0.36512601375579834 0.08470399677753448
v 0.005582999903708696 -0.3628289997577667 0.0841749981045723
v 0.006316999904811382 -0.36368900537490845 0.08464399725198746
v 0.00621100002899766 -0.3627510070800781 0.08450199663639069
v 0.005133999977260828 -0.3624109923839569 0.08382800221443176
v 0.0048050000332295895 -0.36198100447654724 0.08350600302219391
v 0.0032679999712854624 -0.36031201481819153 0.08115199953317642
v 0.003836000105366111 -0.36069199442863464 0.08232399821281433
v 0.004563999827951193 -0.36153700947761536 0.08325900137424469
v 0.004408000037074089 -0.3610840141773224 0.08304499834775925
v 0.004052000120282173 -0.36066100001335144 0.08259899914264679
v 0.003169999923557043 -0.361286997795105 0.08079300075769424
v 0.008427999913692474 -0.3679499924182892 0.07823800295591354
v 0.008275999687612057 -0.3670229911804199 0.07790599763393402
v 0.00801599957048893 -0.3656330108642578 0.07754199951887131
v 0.008576000109314919 -0.3688740134239197 0.07857199758291245
v 0.0089910002425313 -0.37090298533439636 0.07973899692296982
v 0.008799999952316284 -0.36977699398994446 0.0793910026550293
v 0.008623999543488026 -0.36886298656463623 0.07881200313568115
v 0.00853000022470951 -0.3684050142765045 0.07852400094270706
v 0.007841000333428383 -0.36577001214027405 0.07735099643468857
v 0.007825000211596489 -0.36566099524497986 0.0773409977555275
v 0.00776899978518486 -0.3651930093765259 0.07722900062799454
v 0.007679999805986881 -0.3647330105304718 0.07700599730014801
v 0.007832000032067299 -0.3656589984893799 0.07735099643468857
v 0.0075599998235702515 -0.36476200819015503 0.0765329971909523
v 0.0031059999018907547 -0.3603529930114746 0.0804309993982315
v 0.0031129999551922083 -0.3613080084323883 0.08030200004577637
v 0.0031679999083280563 -0.3598569929599762 0.0808660015463829
v 0.0029180001001805067 -0.35800701379776 0.07993300259113312
v 0.002879000036045909 -0.3575440049171448 0.07962899655103683
v 0.003094000043347478 -0.35708901286125183 0.07824400067329407
v 0.0028170000296086073 -0.3561440110206604 0.07895900309085846
v 0.002822000067681074 -0.3566100001335144 0.07927100360393524
v 0.004397000186145306 -0.3565419912338257 0.07605499774217606
v 0.003249000059440732 -0.355663001537323 0.07759200036525726
v 0.004058999940752983 -0.35561901330947876 0.07627999782562256
v 0.007716000080108643 -0.36379700899124146 0.07636900246143341
v 0.007865999825298786 -0.36283499002456665 0.07620800286531448
v 0.007788999937474728 -0.3628470003604889 0.07609199732542038
v 0.007790999952703714 -0.36237600445747375 0.07591400295495987
v 0.007710000034421682 -0.36048999428749084 0.07554899901151657
v 0.007203999906778336 -0.3604539930820465 0.075314000248909
v 0.007158000022172928 -0.3600820004940033 0.0752360001206398
v 0.007772999815642834 -0.36095699667930603 0.07566799968481064
v 0.006240000016987324 -0.357807993888855 0.07495900243520737
v 0.006467000115662813 -0.35589098930358887 0.07462099939584732
v 0.005537000019103289 -0.35503101348876953 0.07482100278139114
v 0.0045779999345541 -0.3551099896430969 0.07557100057601929
v 0.00457199988886714 -0.3532159924507141 0.07520200312137604
v 0.007340000011026859 -0.35958799719810486 0.07521499693393707
v 0.007230000104755163 -0.3586539924144745 0.07504499703645706
v 0.006692999973893166 -0.35802799463272095 0.07488399744033813
v 0.0110489996150136 -0.37695300579071045 0.07971899956464767
v 0.0110470000654459 -0.3771530091762543 0.07949099689722061
v 0.010761000216007233 -0.3771510124206543 0.08058200031518936
v 0.011149000376462936 -0.3766849935054779 0.07889600098133087
v 0.01117200031876564 -0.37524500489234924 0.07921499758958817
v 0.011134999804198742 -0.3766700029373169 0.07940699905157089
v 0.011133000254631042 -0.3767000138759613 0.07915700227022171
v 0.011140000075101852 -0.3756900131702423 0.07851800322532654
v 0.010964999906718731 -0.3743320107460022 0.0786449983716011
v 0.010865000076591969 -0.3743570148944855 0.07816500216722488
v 0.010703999549150467 -0.37389200925827026 0.07840199768543243
v 0.009914999827742577 -0.3730199933052063 0.07849700003862381
v 0.009557000361382961 -0.3725779950618744 0.0786060020327568
v 0.009273000061511993 -0.3720329999923706 0.07853800058364868
v 0.009394999593496323 -0.3722720146179199 0.08006300032138824
v 0.009208000265061855 -0.37201398611068726 0.08033300191164017
v 0.009305999614298344 -0.3724690079689026 0.08061899989843369
v 0.00913500040769577 -0.3716239929199219 0.08014100044965744
v 0.010358000174164772 -0.3766779899597168 0.08185199648141861
v 0.01064900029450655 -0.37677299976348877 0.08107200264930725
v 0.010029999539256096 -0.3775649964809418 0.08209700137376785
v 0.010665000416338444 -0.3771519958972931 0.08086200058460236
v 0.01038500014692545 -0.37803900241851807 0.08460800349712372
v 0.010323000140488148 -0.37803199887275696 0.08432900160551071
v 0.010511999949812889 -0.3777010142803192 0.08427699655294418
v 0.010382000356912613 -0.37664198875427246 0.08290500193834305
v 0.010463000275194645 -0.37662699818611145 0.08313599973917007
v 0.0103169996291399 -0.37667199969291687 0.0821629986166954
v 0.010797999799251556 -0.3770279884338379 0.08437199890613556
v 0.010869000107049942 -0.37654900550842285 0.08426100015640259
v 0.010692000389099121 -0.37627899646759033 0.08354099839925766
v 0.008502000011503696 -0.37864598631858826 0.08613000065088272
v 0.008731000125408173 -0.37866801023483276 0.08613499999046326
v 0.008262000046670437 -0.37825798988342285 0.08620499819517136
v 0.007770999800413847 -0.37825098633766174 0.08602900058031082
v 0.008971000090241432 -0.3784089982509613 0.08629400283098221
v 0.009406999684870243 -0.37797999382019043 0.0863799974322319
v 0.009829999879002571 -0.37792399525642395 0.08626300096511841
v 0.009196000173687935 -0.37808701395988464 0.08640799671411514
v 0.009940999560058117 -0.3784579932689667 0.08553899824619293
v 0.010521000251173973 -0.37783899903297424 0.08530999720096588
v 0.010204000398516655 -0.3779970109462738 0.08587600290775299
v 0.009979999624192715 -0.3783240020275116 0.08576700091362
v 0.007501999847590923 -0.3778040111064911 0.08599399775266647
v 0.008144999854266644 -0.37709900736808777 0.08608800172805786
v 0.00849200040102005 -0.375791996717453 0.08608599752187729
v 0.008515000343322754 -0.3762640058994293 0.08613999933004379
v 0.008914000354707241 -0.37716299295425415 0.0864889994263649
v 0.00849200040102005 -0.375791996717453 0.08608599752187729
v 0.008867000229656696 -0.3737199902534485 0.08648700267076492
v 0.01006300002336502 -0.37417900562286377 0.08662500232458115
v 0.009712999686598778 -0.37516599893569946 0.08673200011253357
v 0.008751999586820602 -0.37575799226760864 0.0862559974193573
v 0.00849200040102005 -0.375791996717453 0.08608599752187729
v 0.008344000205397606 -0.3729400038719177 0.08644600212574005
v 0.008553000167012215 -0.3727310001850128 0.08644299954175949
v 0.008740999735891819 -0.372422993183136 0.08638200163841248
v 0.008449999615550041 -0.37198200821876526 0.08624199777841568
v 0.008662000298500061 -0.37196001410484314 0.08618900179862976
v 0.007656000088900328 -0.3712390065193176 0.08597800135612488
v 0.008004000410437584 -0.37061598896980286 0.08572699874639511
v 0.007782999891787767 -0.36922699213027954 0.0852150022983551
v 0.007867000065743923 -0.3711000084877014 0.0859609991312027
v 0.007155000232160091 -0.36739400029182434 0.0850749984383583
v 0.007984000258147717 -0.3692089915275574 0.08510799705982208
v 0.007926000282168388 -0.3687419891357422 0.08501099795103073
v 0.007110999897122383 -0.366923987865448 0.08504100143909454
v 0.006839999929070473 -0.3664790093898773 0.08499699831008911
v 0.007063999772071838 -0.36645498871803284 0.08499599993228912
v 0.006657999940216541 -0.36459800601005554 0.08484499901533127
v 0.006938000209629536 -0.3651750087738037 0.08488400280475616
v 0.006612000055611134 -0.3641270101070404 0.08480499684810638
v 0.00635599996894598 -0.3617840111255646 0.08448400348424911
v 0.006928999908268452 -0.3626680076122284 0.08471699804067612
v 0.0067969998344779015 -0.3636319935321808 0.08479800075292587
v 0.0053820000030100346 -0.3600049912929535 0.08376699686050415
v 0.006211999803781509 -0.3606320023536682 0.08423999696969986
v 0.003745000110939145 -0.35832899808883667 0.08203700184822083
v 0.0032130000181496143 -0.3579379916191101 0.08111800253391266
v 0.004747999832034111 -0.35913699865341187 0.0832429975271225
v 0.008213000372052193 -0.365123987197876 0.07793399691581726
v 0.008462999947369099 -0.3679409921169281 0.07838699966669083
v 0.008491000160574913 -0.3669779896736145 0.0786070004105568
v 0.007974999956786633 -0.3642120063304901 0.07749799638986588
v 0.0078119998797774315 -0.36471301317214966 0.077224001288414
v 0.007818000391125679 -0.3655419945716858 0.07732799649238586
v 0.008894000202417374 -0.3702029883861542 0.08069200068712234
v 0.008840999566018581 -0.3692519962787628 0.08083900064229965
v 0.008762000128626823 -0.3678610026836395 0.07992000132799149
v 0.00853000022470951 -0.3684050142765045 0.07852400094270706
v 0.008595000021159649 -0.3685370087623596 0.07877799868583679
v 0.00853000022470951 -0.3684050142765045 0.07852400094270706
v 0.007796999998390675 -0.36377400159835815 0.07685399800539017
v 0.007759000174701214 -0.36387500166893005 0.07662200182676315
v 0.00292599992826581 -0.35656800866127014 0.08025600016117096
v 0.0028170000296086073 -0.3552030026912689 0.07858499884605408
v 0.0029539999086409807 -0.35567399859428406 0.07830800116062164
v 0.0028299998957663774 -0.3561210036277771 0.07966099679470062
v 0.002814000006765127 -0.3551639914512634 0.07985199987888336
v 0.0033229999244213104 -0.3547149896621704 0.07723399996757507
v 0.0029750000685453415 -0.3547300100326538 0.07797499746084213
v 0.003776000114157796 -0.354216992855072 0.07637999951839447
v 0.00790099985897541 -0.3632889986038208 0.07676500082015991
v 0.007921000011265278 -0.36284199357032776 0.07670299708843231
v 0.007953000254929066 -0.36234399676322937 0.07637599855661392
v 0.007916999980807304 -0.36188098788261414 0.07607299834489822
v 0.007846999913454056 -0.36142000555992126 0.07583999633789062
v 0.00785600021481514 -0.3604719936847687 0.075654998421669
v 0.007859000004827976 -0.3599970042705536 0.07559400051832199
v 0.00761099997907877 -0.3597249984741211 0.07536999881267548
v 0.006738000083714724 -0.3563370108604431 0.07466799765825272
v 0.006637999787926674 -0.3553990125656128 0.07454899698495865
v 0.006155999843031168 -0.3549720048904419 0.07457000017166138
v 0.006064999848604202 -0.3540320098400116 0.07449200004339218
v 0.0053530000150203705 -0.35315099358558655 0.07465899735689163
v 0.00381499994546175 -0.3527959883213043 0.0760359987616539
v 0.004081999883055687 -0.35230499505996704 0.07559800148010254
v 0.004858999978750944 -0.35224801301956177 0.07479099929332733
v 0.007265999913215637 -0.35894298553466797 0.07510499656200409
v 0.007621000055223703 -0.3595539927482605 0.0753450021147728
v 0.007294000126421452 -0.3581709861755371 0.07500000298023224
v 0.007296999916434288 -0.3572239875793457 0.07483600080013275
v 0.01079300045967102 -0.37666600942611694 0.08073499798774719
v 0.011130000464618206 -0.3757070004940033 0.07979399710893631
v 0.011051000095903873 -0.374767005443573 0.07969500124454498
v 0.010986000299453735 -0.3743149936199188 0.07914499938488007
v 0.010866000317037106 -0.3740600049495697 0.07889000326395035
v 0.010684000328183174 -0.37387099862098694 0.07916799932718277
v 0.010172000154852867 -0.373445987701416 0.07924699783325195
v 0.01003899984061718 -0.3733159899711609 0.07951900362968445
v 0.009800000116229057 -0.37299200892448425 0.0797950029373169
v 0.009564000181853771 -0.3729099929332733 0.08060800284147263
v 0.010095000267028809 -0.3734300136566162 0.0800279974937439
v 0.009717999957501888 -0.3729870021343231 0.08024799823760986
v 0.009266999550163746 -0.3725380003452301 0.08089199662208557
v 0.009108000434935093 -0.3720790147781372 0.08089499920606613
v 0.009535999968647957 -0.37298598885536194 0.08087900280952454
v 0.010905000381171703 -0.37558799982070923 0.08060000091791153
v 0.010489000007510185 -0.3757610023021698 0.08174800127744675
v 0.010467000305652618 -0.37571001052856445 0.08200100064277649
v 0.010501000098884106 -0.37521499395370483 0.08243799954652786
v 0.010425999760627747 -0.3761720061302185 0.08257900178432465
v 0.010863999836146832 -0.37700000405311584 0.08511299639940262
v 0.010967000387609005 -0.3760629892349243 0.08420400321483612
v 0.011075000278651714 -0.37603700160980225 0.08468200266361237
v 0.010967000387609005 -0.3765240013599396 0.08472099900245667
v 0.010983999818563461 -0.37558799982070923 0.08409900218248367
v 0.010951000265777111 -0.3751240074634552 0.08383499830961227
v 0.008504999801516533 -0.37855198979377747 0.08617900311946869
v 0.008741999976336956 -0.37813600897789 0.08638200163841248
v 0.008503000251948833 -0.37816300988197327 0.08631099760532379
v 0.008514000102877617 -0.3776859939098358 0.08632099628448486
v 0.008975000120699406 -0.37811100482940674 0.08642099797725677
v 0.009848999790847301 -0.3776009976863861 0.08647099882364273
v 0.009415999986231327 -0.37754499912261963 0.08657699823379517
v 0.009192000143229961 -0.37760698795318604 0.08656399697065353
v 0.01003899984061718 -0.3778750002384186 0.08620300143957138
v 0.008963000029325485 -0.37781599164009094 0.08647499978542328
v 0.010828999802470207 -0.37698501348495483 0.08562900125980377
v 0.010619999840855598 -0.37727901339530945 0.08597499877214432
v 0.010257000103592873 -0.37740400433540344 0.08634000271558762
v 0.00849200040102005 -0.375791996717453 0.08608599752187729
v 0.008545000106096268 -0.37626099586486816 0.08615700155496597
v 0.008713999763131142 -0.3776620030403137 0.08642300218343735
v 0.009399999864399433 -0.3768810033798218 0.08675099909305573
v 0.009066999889910221 -0.37666699290275574 0.08655600249767303
v 0.009503999724984169 -0.3770909905433655 0.08675000071525574
v 0.009170999750494957 -0.37724098563194275 0.08660200238227844
v 0.008797000162303448 -0.376228004693985 0.08631599694490433
v 0.009070999920368195 -0.37333598732948303 0.0865280032157898
v 0.008596999570727348 -0.37317100167274475 0.08648700267076492
v 0.010207000188529491 -0.37558799982070923 0.08677399903535843
v 0.0103150000795722 -0.37463000416755676 0.08657799661159515
v 0.00994499959051609 -0.3751400113105774 0.08676999807357788
v 0.00950899999588728 -0.37328898906707764 0.08648200333118439
v 0.009290999732911587 -0.3733130097389221 0.08650700002908707
v 0.010219999589025974 -0.37369099259376526 0.08648599684238434
v 0.009945999830961227 -0.3732460141181946 0.08642400056123734
v 0.009603999555110931 -0.3756510019302368 0.08679500222206116
v 0.009998999536037445 -0.3756070137023926 0.08685000240802765
v 0.009775999933481216 -0.3756310045719147 0.0868540033698082
v 0.0087909996509552 -0.37611401081085205 0.08630300313234329
v 0.009341999888420105 -0.3761560022830963 0.08674599975347519
v 0.008805000223219395 -0.3728879988193512 0.08650700002908707
v 0.0091540003195405 -0.3723849952220917 0.08621399849653244
v 0.009022999554872513 -0.3728649914264679 0.08647999912500381
v 0.008863000199198723 -0.37194201350212097 0.08607999980449677
v 0.008485999889671803 -0.37104299664497375 0.08570799976587296
v 0.008085999637842178 -0.3710780143737793 0.0859370008111
v 0.00826600007712841 -0.37092599272727966 0.08577899634838104
v 0.008732999674975872 -0.37131598591804504 0.08570700138807297
v 0.00800000037997961 -0.3693239986896515 0.08513599634170532
v 0.00824199989438057 -0.3696590065956116 0.08508600294589996
v 0.007871000096201897 -0.3682760000228882 0.08492299914360046
v 0.00811699964106083 -0.36872801184654236 0.08485300093889236
v 0.007526999805122614 -0.3668850064277649 0.08488799631595612
v 0.0071840002201497555 -0.3654940128326416 0.0848580002784729
v 0.006887999828904867 -0.36457300186157227 0.08487299829721451
v 0.007139999885112047 -0.3650229871273041 0.08482900261878967
v 0.006845999974757433 -0.36410200595855713 0.08485200256109238
v 0.00672800000756979 -0.36079201102256775 0.08447399735450745
v 0.007102999836206436 -0.36217600107192993 0.08465400338172913
v 0.006572000216692686 -0.3615570068359375 0.08451899886131287
v 0.007021999917924404 -0.3636069893836975 0.08480100333690643
v 0.007065999787300825 -0.36407899856567383 0.08483099937438965
v 0.005853000096976757 -0.35970500111579895 0.08396200090646744
v 0.00532800005748868 -0.3595379889011383 0.08368799835443497
v 0.005826999898999929 -0.3594779968261719 0.08392699807882309
v 0.006634999997913837 -0.3603299856185913 0.0843459963798523
v 0.006610000040382147 -0.35985898971557617 0.08427099883556366
v 0.003848999971523881 -0.3573620021343231 0.08215100318193436
v 0.0035600000992417336 -0.35787999629974365 0.0817829966545105
v 0.003203999949619174 -0.3571310043334961 0.08101800084114075
v 0.005156000144779682 -0.35861000418663025 0.08349499851465225
v 0.004889999981969595 -0.3586440086364746 0.08331499993801117
v 0.005530000198632479 -0.3590390086174011 0.08375699818134308
v 0.004404000006616116 -0.3577579855918884 0.08281999826431274
v 0.008678999729454517 -0.36645400524139404 0.07950799912214279
v 0.008023000322282314 -0.36372798681259155 0.07755199819803238
v 0.008218999952077866 -0.363209992647171 0.07819800078868866
v 0.00849900022149086 -0.36458200216293335 0.07906199991703033
v 0.008488000370562077 -0.36793598532676697 0.0784749984741211
v 0.007898000068962574 -0.3637079894542694 0.07732699811458588
v 0.007840000092983246 -0.36365199089050293 0.07708100229501724
v 0.008971000090241432 -0.37061500549316406 0.082505002617836
v 0.008926000446081161 -0.3706420063972473 0.08175700157880783
v 0.008907999843358994 -0.3706510066986084 0.08153799921274185
v 0.00891099963337183 -0.3706519901752472 0.08150800317525864
v 0.008980000391602516 -0.37112799286842346 0.08129599690437317
v 0.008767000399529934 -0.36827200651168823 0.08200500160455704
v 0.00878399983048439 -0.36873701214790344 0.08231399953365326
v 0.00878399983048439 -0.36920300126075745 0.08262799680233002
v 0.008917000144720078 -0.37033700942993164 0.082737997174263
v 0.008826999925076962 -0.3682900071144104 0.08122900128364563
v 0.008821000345051289 -0.36876198649406433 0.08078200370073318
v 0.008829000405967236 -0.3683049976825714 0.08072199672460556
v 0.008585000410676003 -0.3683919906616211 0.0787620022892952
v 0.00874600000679493 -0.36693501472473145 0.08006100356578827
v 0.0032130000181496143 -0.3555600047111511 0.08106999844312668
v 0.0029219998978078365 -0.35513800382614136 0.08032900094985962
v 0.002686999971047044 -0.3537769913673401 0.07894600182771683
v 0.002704000100493431 -0.3532789945602417 0.07964000105857849
v 0.0029410000424832106 -0.3537839949131012 0.07786300033330917
v 0.0031689999159425497 -0.3533029854297638 0.07723399996757507
v 0.0027620000764727592 -0.35331401228904724 0.07828699797391891
v 0.007925000041723251 -0.36280500888824463 0.07695099711418152
v 0.00801599957048893 -0.3604319989681244 0.07637099921703339
v 0.00802600011229515 -0.3604399859905243 0.07611499726772308
v 0.007984000258147717 -0.3609260022640228 0.07593400031328201
v 0.007981999777257442 -0.36045199632644653 0.07587400078773499
v 0.007937000133097172 -0.35998499393463135 0.07573900371789932
v 0.007860000245273113 -0.3595240116119385 0.07553300261497498
v 0.007135999854654074 -0.3558200001716614 0.07460600137710571
v 0.006674999836832285 -0.3557400107383728 0.07459700107574463
v 0.006616999860852957 -0.3549259901046753 0.07450900226831436
v 0.0070859999395906925 -0.3553510010242462 0.07455000281333923
v 0.006188000086694956 -0.3530699908733368 0.07437100261449814
v 0.007201000116765499 -0.35343798995018005 0.07442200183868408
v 0.007416999898850918 -0.35388800501823425 0.07452400028705597
v 0.005512000061571598 -0.35266199707984924 0.07452700287103653
v 0.003613000037148595 -0.35091298818588257 0.07605099678039551
v 0.004344000015407801 -0.3513379991054535 0.07515200227499008
v 0.004815000109374523 -0.35177698731422424 0.07476300001144409
v 0.005621000193059444 -0.35170501470565796 0.0743350014090538
v 0.007677000015974045 -0.3581260144710541 0.07514899969100952
v 0.007891000248491764 -0.35857099294662476 0.07540400326251984
v 0.007737999781966209 -0.35669800639152527 0.07495100051164627
v 0.00737700005993247 -0.3567410111427307 0.07479599863290787
v 0.010941999964416027 -0.37476199865341187 0.08023100346326828
v 0.010870999656617641 -0.37430301308631897 0.07987099885940552
v 0.010812000371515751 -0.37410101294517517 0.07967200130224228
v 0.01057399995625019 -0.3738659918308258 0.07970400154590607
v 0.010348999872803688 -0.37380799651145935 0.0807730033993721
v 0.010700000450015068 -0.37407800555229187 0.08020699769258499
v 0.010633000172674656 -0.3739260137081146 0.07995100319385529
v 0.009463000111281872 -0.372994989156723 0.0811539962887764
v 0.009204999543726444 -0.3725590109825134 0.08116599917411804
v 0.009184000082314014 -0.372530996799469 0.08142200112342834
v 0.009042000398039818 -0.372063010931015 0.08165299892425537
v 0.008994000032544136 -0.37159299850463867 0.08158800005912781
v 0.00986700039356947 -0.37341201305389404 0.0813559964299202
v 0.010824000462889671 -0.3752320110797882 0.08083000034093857
v 0.010584999807178974 -0.3752399981021881 0.0814019963145256
v 0.010466000065207481 -0.3752340078353882 0.08194100111722946
v 0.010487000457942486 -0.3747420012950897 0.0823810026049614
v 0.010765999555587769 -0.3749009966850281 0.08334600180387497
v 0.01105200033634901 -0.37566500902175903 0.08438599854707718
v 0.011068000458180904 -0.37587499618530273 0.08542600274085999
v 0.011123999953269958 -0.3755509853363037 0.08486100286245346
v 0.011068999767303467 -0.3745900094509125 0.0852620005607605
v 0.011025999672710896 -0.3743790090084076 0.08473800122737885
v 0.010866000317037106 -0.3746669888496399 0.08354400098323822
v 0.010947000235319138 -0.3741089999675751 0.0844699963927269
v 0.009649000130593777 -0.37721800804138184 0.08672899752855301
v 0.010073999874293804 -0.377032995223999 0.08667399734258652
v 0.009868999943137169 -0.3770509958267212 0.08676400035619736
v 0.011021999642252922 -0.3760110139846802 0.08570899814367294
v 0.010600999929010868 -0.37699300050735474 0.08619800209999084
v 0.010638000443577766 -0.3769359886646271 0.08618099987506866
v 0.009386000223457813 -0.37662601470947266 0.08677899837493896
v 0.009650000371038914 -0.3770749866962433 0.08679000288248062
v 0.01040599960833788 -0.3755689859390259 0.08665700256824493
v 0.010041000321507454 -0.3760780096054077 0.08687199652194977
v 0.010437999852001667 -0.3741460144519806 0.08638700097799301
v 0.010544000193476677 -0.3750840127468109 0.08647900074720383
v 0.009442999958992004 -0.3728249967098236 0.08634600043296814
v 0.00964600034058094 -0.37280699610710144 0.08624199777841568
v 0.010382000356912613 -0.3736779987812042 0.0863410010933876
v 0.010149000212550163 -0.37318700551986694 0.08634000271558762
v 0.009975999593734741 -0.37277698516845703 0.08607900142669678
v 0.00982499960809946 -0.37610098719596863 0.08690699934959412
v 0.009603999555110931 -0.3761250078678131 0.08685600012540817
v 0.009630000218749046 -0.3765980005264282 0.08686999976634979
v 0.00939099956303835 -0.3725590109825134 0.08620300143957138
v 0.009069000370800495 -0.37200498580932617 0.08596199750900269
v 0.009537000209093094 -0.3723990023136139 0.08589000254869461
v 0.008874000050127506 -0.37147700786590576 0.08569099754095078
v 0.008801000192761421 -0.3708989918231964 0.08512800186872482
v 0.008433000184595585 -0.3701139986515045 0.08512400090694427
v 0.008887999691069126 -0.3712419867515564 0.08540300279855728
v 0.008413000032305717 -0.3696500062942505 0.08483699709177017
v 0.0079969996586442 -0.3677949905395508 0.08463999629020691
v 0.007759000174701214 -0.3663940131664276 0.0845709964632988
v 0.008190999738872051 -0.368010014295578 0.08440999686717987
v 0.007338999770581722 -0.3650059998035431 0.08470799773931503
v 0.007104999851435423 -0.36455100774765015 0.08483800292015076
v 0.007302999962121248 -0.36455199122428894 0.0847100019454956
v 0.007172000128775835 -0.36074599623680115 0.08445499837398529
v 0.0073990002274513245 -0.3630959987640381 0.0846410021185875
v 0.007360000163316727 -0.36262500286102295 0.08463399857282639
v 0.007271000184118748 -0.36406001448631287 0.08474099636077881
v 0.006206999998539686 -0.3584839999675751 0.08395899832248688
v 0.006785999983549118 -0.3593670129776001 0.0842209979891777
v 0.0039530000649392605 -0.35510700941085815 0.08209100365638733
v 0.0034650000743567944 -0.35551899671554565 0.08150800317525864
v 0.004906999878585339 -0.35816699266433716 0.08328799903392792
v 0.005675000138580799 -0.3580720126628876 0.08373899757862091
v 0.004800000227987766 -0.3572309911251068 0.08313799649477005
v 0.008732999674975872 -0.36449700593948364 0.08102399855852127
v 0.007939999923110008 -0.36279600858688354 0.07720000296831131
v 0.008395999670028687 -0.36316901445388794 0.0789090022444725
v 0.007915000431239605 -0.36184999346733093 0.07708600163459778
v 0.007938000373542309 -0.3604159951210022 0.07715199887752533
v 0.008747999556362629 -0.3640289902687073 0.08070699870586395
v 0.008709999732673168 -0.36356601119041443 0.08040399849414825
v 0.00897200033068657 -0.37111198902130127 0.08180499821901321
v 0.00916799996048212 -0.371535986661911 0.08282499760389328
v 0.008949999697506428 -0.3711239993572235 0.081557996571064
v 0.008949999697506428 -0.3711239993572235 0.081557996571064
v 0.008949999697506428 -0.3711239993572235 0.081557996571064
v 0.008743000216782093 -0.36780300736427307 0.08181799948215485
v 0.008741999976336956 -0.3677990138530731 0.08195099979639053
v 0.008725999854505062 -0.3682590126991272 0.08252300322055817
v 0.008727000094950199 -0.3673180043697357 0.0821480005979538
v 0.008732999674975872 -0.3685159981250763 0.08255399763584137
v 0.008716999553143978 -0.3682529926300049 0.08277899771928787
v 0.00865199975669384 -0.3687170147895813 0.08336299657821655
v 0.008720999583601952 -0.36918801069259644 0.08329799771308899
v 0.008836999535560608 -0.3701229989528656 0.08349400013685226
v 0.008767999708652496 -0.36689600348472595 0.08030399680137634
v 0.008759000338613987 -0.365449994802475 0.08088500052690506
v 0.008808000013232231 -0.36830198764801025 0.08089199662208557
v 0.008767000399529934 -0.36733099818229675 0.08163099735975266
v 0.0026650000363588333 -0.35283800959587097 0.07857800275087357
v 0.0026740001048892736 -0.3523629903793335 0.07927700132131577
v 0.0032550001051276922 -0.3536500036716461 0.08106999844312668
v 0.002812999999150634 -0.3527759909629822 0.08005700260400772
v 0.0027459999546408653 -0.3523159921169281 0.07976099848747253
v 0.0031510000117123127 -0.3527350127696991 0.07716599851846695
v 0.007931999862194061 -0.3604319989681244 0.07664699852466583
v 0.007895000278949738 -0.35948100686073303 0.07677499949932098
v 0.008012999780476093 -0.3599579930305481 0.07631199806928635
v 0.00801900029182434 -0.36010000109672546 0.07607399672269821
v 0.007977999746799469 -0.3602150082588196 0.07584500312805176
v 0.007988999597728252 -0.35997700691223145 0.07581199705600739
v 0.008009999990463257 -0.3595010042190552 0.07574500143527985
v 0.007666999939829111 -0.3543339967727661 0.07466799765825272
v 0.007674000225961208 -0.3562310039997101 0.07485499978065491
v 0.0077240001410245895 -0.3557499945163727 0.07483399659395218
v 0.00648800004273653 -0.3517720103263855 0.0741410031914711
v 0.007071999832987785 -0.35297998785972595 0.07430800050497055
v 0.0072200000286102295 -0.3529619872570038 0.07435599714517593
v 0.007716999854892492 -0.35432499647140503 0.07470999658107758
v 0.007871000096201897 -0.3538300096988678 0.07480599731206894
v 0.007621999830007553 -0.3533889949321747 0.0745600014925003
v 0.0034149999264627695 -0.35092398524284363 0.07635799795389175
v 0.003955999854952097 -0.35041800141334534 0.0754690021276474
v 0.0033809999004006386 -0.3495050072669983 0.07618699967861176
v 0.005018999800086021 -0.34986498951911926 0.07431499660015106
v 0.006568000186234713 -0.3506639897823334 0.07387500256299973
v 0.00597799988463521 -0.3493039906024933 0.07373300194740295
v 0.00786499958485365 -0.3576270043849945 0.07522899657487869
v 0.007896999828517437 -0.35809698700904846 0.07534199953079224
v 0.00798999983817339 -0.3585529923439026 0.07563000172376633
v 0.007732999976724386 -0.3562229871749878 0.07489199936389923
v 0.007938999682664871 -0.35714399814605713 0.07520999759435654
v 0.007926000282168388 -0.356671005487442 0.07515300065279007
v 0.00790099985897541 -0.3561989963054657 0.07509899884462357
v 0.010816999711096287 -0.37429898977279663 0.08020500093698502
v 0.010738000273704529 -0.37429800629615784 0.08047900348901749
v 0.010478000156581402 -0.374767005443573 0.08162400126457214
v 0.010607000440359116 -0.37424200773239136 0.08076000213623047
v 0.010346000082790852 -0.37430599331855774 0.08161900192499161
v 0.010227000340819359 -0.37385401129722595 0.08123599737882614
v 0.009816999547183514 -0.3733530044555664 0.08161599934101105
v 0.00944599974900484 -0.37297898530960083 0.08141099661588669
v 0.009391999803483486 -0.372857004404068 0.08191800117492676
v 0.009221999906003475 -0.37250301241874695 0.0821710005402565
v 0.00930199958384037 -0.37198901176452637 0.08310200273990631
v 0.009235000237822533 -0.3723970055580139 0.08240900188684464
v 0.008994000032544136 -0.3715919852256775 0.08160600066184998
v 0.010432000271975994 -0.3747659921646118 0.08184999972581863
v 0.010408000089228153 -0.3742760121822357 0.0823419988155365
v 0.010629000142216682 -0.3742310106754303 0.08304200321435928
v 0.011068999767303467 -0.37553301453590393 0.08555900305509567
v 0.01105399988591671 -0.37505799531936646 0.0855799987912178
v 0.01092899963259697 -0.37412500381469727 0.0854249969124794
v 0.010769999586045742 -0.37390801310539246 0.08372700214385986
v 0.010824000462889671 -0.37392500042915344 0.08396899700164795
v 0.010658999904990196 -0.37373799085617065 0.08348000049591064
v 0.010762999765574932 -0.3733760118484497 0.08493299782276154
v 0.010639999993145466 -0.3731839954853058 0.08443199843168259
v 0.009860999882221222 -0.3766849935054779 0.08686000108718872
v 0.010638000443577766 -0.3765070140361786 0.08634199947118759
v 0.010068999603390694 -0.376554012298584 0.08682499825954437
v 0.010956999845802784 -0.376010000705719 0.08590999990701675
v 0.010839000344276428 -0.3755379915237427 0.08620499819517136
v 0.010255999863147736 -0.37636598944664 0.08671700209379196
v 0.010858999565243721 -0.37459099292755127 0.08597200363874435
v 0.01064900029450655 -0.37365999817848206 0.0860150009393692
v 0.010982999578118324 -0.37505799531936646 0.0858519971370697
v 0.009616999886929989 -0.3726699948310852 0.08615799993276596
v 0.01053099986165762 -0.3731969892978668 0.08598700165748596
v 0.010350000113248825 -0.37320899963378906 0.08621899783611298
v 0.010052000172436237 -0.3727709949016571 0.08604300022125244
v 0.01027700025588274 -0.3728579878807068 0.08601000159978867
v 0.009763999842107296 -0.37253400683403015 0.08584800362586975
v 0.009858000092208385 -0.37657299637794495 0.08688999712467194
v 0.009751000441610813 -0.3765850067138672 0.08687599748373032
v 0.009677999652922153 -0.3723500072956085 0.08551699668169022
v 0.00955899991095066 -0.3720499873161316 0.08507700264453888
v 0.009146000258624554 -0.3716830015182495 0.08539199829101562
v 0.008863000199198723 -0.37101998925209045 0.08512700349092484
v 0.00891099963337183 -0.37090200185775757 0.08459100127220154
v 0.008581000380218029 -0.3701069951057434 0.08483000099658966
v 0.00860000029206276 -0.36994901299476624 0.08455099910497665
v 0.007794999983161688 -0.3659200072288513 0.08439400047063828
v 0.008403000421822071 -0.36730799078941345 0.08356200158596039
v 0.00839800015091896 -0.3677780032157898 0.08381800353527069
v 0.008422999642789364 -0.3687160015106201 0.08418600261211395
v 0.0076049999333918095 -0.36546000838279724 0.0844929963350296
v 0.007691999897360802 -0.3649809956550598 0.08426299691200256
v 0.007621999830007553 -0.36355599761009216 0.08446100354194641
v 0.0073830001056194305 -0.3607249855995178 0.0843920037150383
v 0.007493000011891127 -0.35976698994636536 0.08420799672603607
v 0.007592999842017889 -0.3630799949169159 0.0845009982585907
v 0.006531999912112951 -0.3570210039615631 0.08390700072050095
v 0.005572999827563763 -0.35713300108909607 0.08361399918794632
v 0.00747800013050437 -0.3573960065841675 0.08396399766206741
v 0.007646000012755394 -0.35927900671958923 0.08405199646949768
v 0.004077000077813864 -0.35447901487350464 0.0822329968214035
v 0.005032999906688929 -0.3562510013580322 0.0832270011305809
v 0.004749000072479248 -0.3553380072116852 0.08292999863624573
v 0.008677000179886818 -0.3635520040988922 0.08098100125789642
v 0.008430000394582748 -0.36353799700737 0.08225300163030624
v 0.008740999735891819 -0.36543700098991394 0.08139699697494507
v 0.008572000078856945 -0.3626460134983063 0.07981400191783905
v 0.008183999918401241 -0.36184099316596985 0.07828699797391891
v 0.008011999540030956 -0.3594439923763275 0.07751800119876862
v 0.008065000176429749 -0.3594309985637665 0.07775700092315674
v 0.007906000129878521 -0.35995399951934814 0.07684700191020966
v 0.00824700016528368 -0.36177000403404236 0.07851500064134598
v 0.008120999671518803 -0.35941800475120544 0.07799500226974487
v 0.007910000160336494 -0.3590790033340454 0.07698900252580643
v 0.008612999692559242 -0.36215201020240784 0.08024899661540985
v 0.009173000231385231 -0.37132900953292847 0.08355999737977982
v 0.008721999824047089 -0.3673279881477356 0.08189599961042404
v 0.008721999824047089 -0.3673279881477356 0.08189599961042404
v 0.008716999553143978 -0.368257999420166 0.0825750008225441
v 0.008652999997138977 -0.3677760064601898 0.08298899978399277
v 0.008710999973118305 -0.3668450117111206 0.0820930004119873
v 0.008503000251948833 -0.3682459890842438 0.08367899805307388
v 0.009034999646246433 -0.3710469901561737 0.08406899869441986
v 0.008744999766349792 -0.36638399958610535 0.08151599764823914
v 0.008740000426769257 -0.36685100197792053 0.08183100074529648
v 0.002624999964609742 -0.35187798738479614 0.07897400110960007
v 0.0026630000211298466 -0.3516780138015747 0.07842999696731567
v 0.0030239999759942293 -0.34999701380729675 0.0768510028719902
v 0.003103999886661768 -0.35272499918937683 0.08073700219392776
v 0.0029100000392645597 -0.35263198614120483 0.0802680030465126
v 0.003880999982357025 -0.35213199257850647 0.08180700242519379
v 0.0027940000873059034 -0.35183000564575195 0.07994099706411362
v 0.007984000258147717 -0.35924598574638367 0.07622899860143661
v 0.007968000136315823 -0.35901299118995667 0.0762379989027977
v 0.008046000264585018 -0.35948899388313293 0.0759890004992485
v 0.007980999536812305 -0.35901299118995667 0.07620000094175339
v 0.007772000040858984 -0.3547930121421814 0.0747930034995079
v 0.00787699967622757 -0.35572800040245056 0.07504600286483765
v 0.007868999615311623 -0.3554149866104126 0.07500799745321274
v 0.0073090000078082085 -0.3510569930076599 0.07401999831199646
v 0.007805999834090471 -0.35147300362586975 0.07426799833774567
v 0.007652999833226204 -0.35291099548339844 0.0744910016655922
v 0.007883000187575817 -0.3543039858341217 0.074863001704216
v 0.00798999983817339 -0.35428398847579956 0.07508700340986252
v 0.00795000046491623 -0.35381799936294556 0.07492700219154358
v 0.003172999946400523 -0.34951698780059814 0.07649599760770798
v 0.003318999893963337 -0.34903600811958313 0.07616300135850906
v 0.0038320000749081373 -0.34900400042533875 0.07541300356388092
v 0.004013999830931425 -0.3489910066127777 0.07519400119781494
v 0.0046270000748336315 -0.3480049967765808 0.07423000037670135
v 0.0050050001591444016 -0.34891799092292786 0.07416299730539322
v 0.007414000108838081 -0.3501009941101074 0.07381200045347214
v 0.00672899978235364 -0.35017600655555725 0.0737529993057251
v 0.006070000119507313 -0.34835100173950195 0.07346300035715103
v 0.004951000213623047 -0.34750598669052124 0.07382500171661377
v 0.006574000231921673 -0.34891000390052795 0.07349900156259537
v 0.007915999740362167 -0.3576210141181946 0.07527600228786469
v 0.007985999807715416 -0.3580799996852875 0.07557100057601929
v 0.0079950001090765 -0.3580709993839264 0.07582200318574905
v 0.00800899975001812 -0.3571290075778961 0.07544399797916412
v 0.007985999807715416 -0.3566569983959198 0.07539000362157822
v 0.007962999865412712 -0.3561840057373047 0.07533600181341171
v 0.007938999682664871 -0.35571300983428955 0.07528200000524521
v 0.010165000334382057 -0.37384098768234253 0.08184199780225754
v 0.010235000401735306 -0.37381601333618164 0.08232899755239487
v 0.009494000114500523 -0.3728390038013458 0.08239699900150299
v 0.01002500019967556 -0.3733440041542053 0.08257800340652466
v 0.009327000007033348 -0.3724760115146637 0.08264899998903275
v 0.009421000257134438 -0.37216898798942566 0.08334799855947495
v 0.009465999901294708 -0.3719410002231598 0.08406999707221985
v 0.010850000195205212 -0.3741219937801361 0.08576799929141998
v 0.010716999880969524 -0.3734920024871826 0.08572199940681458
v 0.01070799957960844 -0.37321099638938904 0.08492600172758102
v 0.01053600013256073 -0.37319299578666687 0.08395099639892578
v 0.01044199988245964 -0.37329500913619995 0.08348000049591064
v 0.010336999781429768 -0.3728199899196625 0.08421000093221664
v 0.010375999845564365 -0.3727850019931793 0.08444999903440475
v 0.010661999695003033 -0.373196005821228 0.08557800203561783
v 0.010355000384151936 -0.372747004032135 0.08572199940681458
v 0.010200000368058681 -0.37261098623275757 0.08574499934911728
v 0.010137000121176243 -0.3724980056285858 0.08549299836158752
v 0.010021000169217587 -0.37238600850105286 0.08500000089406967
v 0.010077999904751778 -0.3724350035190582 0.08524499833583832
v 0.009948999620974064 -0.3723439872264862 0.08475899696350098
v 0.009674999862909317 -0.37210801243782043 0.08454599976539612
v 0.009430999867618084 -0.3718099892139435 0.08457200229167938
v 0.008348999544978142 -0.3654269874095917 0.08302299678325653
v 0.008496999740600586 -0.3668369948863983 0.083126001060009
v 0.00813900027424097 -0.3648119866847992 0.08325400203466415
v 0.007911000400781631 -0.36449798941612244 0.08378200232982635
v 0.007745999842882156 -0.36402401328086853 0.08427300304174423
v 0.0077760000713169575 -0.36306700110435486 0.084307000041008
v 0.007633000146597624 -0.361176997423172 0.0843380019068718
v 0.007737999781966209 -0.3602199852466583 0.08413100242614746
v 0.007431000005453825 -0.35692501068115234 0.08392100036144257
v 0.006430000066757202 -0.35608500242233276 0.08378099650144577
v 0.006713000126183033 -0.3565270006656647 0.08388300240039825
v 0.005320999771356583 -0.3557400107383728 0.08334100246429443
v 0.007726000156253576 -0.3578470051288605 0.08389999717473984
v 0.007685000076889992 -0.35737600922584534 0.08388599753379822
v 0.00783700030297041 -0.35973799228668213 0.08395799994468689
v 0.007836000062525272 -0.35926398634910583 0.08389300107955933
v 0.003973999992012978 -0.35164400935173035 0.0818990021944046
v 0.005107000004500151 -0.35529300570487976 0.08317799866199493
v 0.0048340000212192535 -0.3529520034790039 0.08277499675750732
v 0.008413000032305717 -0.3630650043487549 0.08219800144433975
v 0.008609999902546406 -0.3625060021877289 0.08105800300836563
v 0.008698999881744385 -0.3654249906539917 0.0819149985909462
v 0.008716000244021416 -0.36543500423431396 0.08151800185441971
v 0.008588000200688839 -0.3649519979953766 0.0821480005979538
v 0.008592999540269375 -0.36495301127433777 0.08213700354099274
v 0.0083619998767972 -0.3640109896659851 0.08258499950170517
v 0.008328000083565712 -0.3630650043487549 0.0824740007519722
v 0.008728999644517899 -0.3657959997653961 0.08144599944353104
v 0.008549000136554241 -0.36217400431632996 0.07976000010967255
v 0.008054000325500965 -0.35895800590515137 0.07769999653100967
v 0.0079969996586442 -0.3589709997177124 0.07746200263500214
v 0.008383999578654766 -0.3588629961013794 0.07963500171899796
v 0.0084610003978014 -0.35943201184272766 0.08045099675655365
v 0.008217000402510166 -0.3585070073604584 0.07861699908971786
v 0.00810999982059002 -0.3589949905872345 0.07794400304555893
v 0.008054000325500965 -0.35895800590515137 0.07769999653100967
v 0.0079969996586442 -0.35890600085258484 0.07745400071144104
v 0.007888000458478928 -0.3571169972419739 0.07623700052499771
v 0.008085999637842178 -0.3584820032119751 0.07762999832630157
v 0.007895000278949738 -0.35732701420783997 0.07651600241661072
v 0.0080960001796484 -0.35705700516700745 0.07744699716567993
v 0.008496999740600586 -0.3607020080089569 0.08136600255966187
v 0.008495000191032887 -0.3597539961338043 0.08124600350856781
v 0.008721999824047089 -0.3673279881477356 0.08189599961042404
v 0.008654000237584114 -0.36589500308036804 0.0822409987449646
v 0.008601999841630459 -0.36589300632476807 0.08250799775123596
v 0.008710999973118305 -0.36684900522232056 0.08202199637889862
v 0.0025909999385476112 -0.3499850034713745 0.07871799916028976
v 0.002615999896079302 -0.35000500082969666 0.07797499746084213
v 0.002710999920964241 -0.35047900676727295 0.07775700092315674
v 0.0025690000038594007 -0.3490619957447052 0.07786700129508972
v 0.0028059999458491802 -0.3485879898071289 0.0769829973578453
v 0.003028000006452203 -0.34952399134635925 0.07672999799251556
v 0.0032160000409930944 -0.3517569899559021 0.08083900064229965
v 0.003633999964222312 -0.3516930043697357 0.08148500323295593
v 0.003195999888703227 -0.35128599405288696 0.08078400045633316
v 0.003028000006452203 -0.35083699226379395 0.08042699843645096
v 0.00292299990542233 -0.3501250147819519 0.08019900321960449
v 0.002776999957859516 -0.3494519889354706 0.07989700138568878
v 0.007899000309407711 -0.354775995016098 0.07491900026798248
v 0.007876000367105007 -0.35525399446487427 0.07498499751091003
v 0.007937000133097172 -0.3555789887905121 0.07526499778032303
v 0.007923999801278114 -0.3509869873523712 0.07417599856853485
v 0.0076489998027682304 -0.35007500648498535 0.07385899871587753
v 0.007519999984651804 -0.3505620062351227 0.07397200167179108
v 0.00810800027102232 -0.35144200921058655 0.07444000244140625
v 0.008082999847829342 -0.352853000164032 0.07487999647855759
v 0.008031999692320824 -0.3538070023059845 0.07501500099897385
v 0.008205000311136246 -0.35188499093055725 0.07472500205039978
v 0.007993999868631363 -0.35475999116897583 0.07514599710702896
v 0.008057000115513802 -0.35413700342178345 0.07530499994754791
v 0.007997999899089336 -0.35406801104545593 0.0750569999217987
v 0.0031330001074820757 -0.34883999824523926 0.07642100006341934
v 0.003120000008493662 -0.3485740125179291 0.07638999819755554
v 0.00393400015309453 -0.34824299812316895 0.0751190036535263
v 0.003973999992012978 -0.34852099418640137 0.07514400035142899
v 0.004135999828577042 -0.3485110104084015 0.07490900158882141
v 0.004176000133156776 -0.34662100672721863 0.07434099912643433
v 0.007829999551177025 -0.3497210144996643 0.0737840011715889
v 0.0072119999676942825 -0.348706990480423 0.0733880028128624
v 0.00636299978941679 -0.34733301401138306 0.0731000006198883
v 0.00686000008136034 -0.34779998660087585 0.07314000278711319
v 0.005030000116676092 -0.34655600786209106 0.07349500060081482
v 0.006022999994456768 -0.3464690148830414 0.07289200276136398
v 0.007083999924361706 -0.3482469916343689 0.07328300178050995
v 0.008004000410437584 -0.3576030135154724 0.07550600171089172
v 0.007974999956786633 -0.3575980067253113 0.07574799656867981
v 0.007985999807715416 -0.3571229875087738 0.07570400089025497
v 0.00796900037676096 -0.3566510081291199 0.0756480023264885
v 0.007952000014483929 -0.355228990316391 0.07547099888324738
v 0.009677999652922153 -0.37260499596595764 0.08333700150251389
v 0.010239999741315842 -0.3728939890861511 0.08373600244522095
v 0.01054999977350235 -0.37286698818206787 0.08517800271511078
v 0.010246999561786652 -0.3725079894065857 0.08495700359344482
v 0.010466000065207481 -0.37275201082229614 0.08518499881029129
v 0.010405000299215317 -0.37274599075317383 0.08559700101613998
v 0.010366000235080719 -0.3726530075073242 0.08545300364494324
v 0.010304000228643417 -0.3725540041923523 0.08520200103521347
v 0.008276999928057194 -0.3644849956035614 0.08292199671268463
v 0.008282000198960304 -0.36462798714637756 0.08293899893760681
v 0.008429000154137611 -0.36495301127433777 0.08268799632787704
v 0.008270000107586384 -0.3644860088825226 0.08293700218200684
v 0.008035000413656235 -0.3640199899673462 0.08343400061130524
v 0.008228999562561512 -0.3640129864215851 0.0829240009188652
v 0.00801900029182434 -0.3635390102863312 0.08363199979066849
v 0.007946000434458256 -0.3639940023422241 0.0837090015411377
v 0.007946000434458256 -0.36353999376296997 0.08387400209903717
v 0.007958999834954739 -0.36258000135421753 0.08403400331735611
v 0.007792999967932701 -0.36164000630378723 0.08421099931001663
v 0.007996000349521637 -0.3611510097980499 0.08393599838018417
v 0.007961999624967575 -0.3606779873371124 0.08395399898290634
v 0.007641000207513571 -0.356905996799469 0.08385399729013443
v 0.0073830001056194305 -0.3564560115337372 0.08387099951505661
v 0.006891000084578991 -0.35603299736976624 0.08383899927139282
v 0.006655000150203705 -0.3560270071029663 0.0837939977645874
v 0.006087000016123056 -0.3551749885082245 0.08357200026512146
v 0.00660800002515316 -0.3555909991264343 0.08373799920082092
v 0.005504000000655651 -0.3542940020561218 0.08328799903392792
v 0.007946000434458256 -0.35830599069595337 0.08370500057935715
v 0.007911000400781631 -0.35783299803733826 0.08371900022029877
v 0.007877999916672707 -0.35736098885536194 0.08373499661684036
v 0.008077999576926231 -0.3601990044116974 0.0836229994893074
v 0.008124999701976776 -0.3597260117530823 0.08337300270795822
v 0.008011999540030956 -0.3592529892921448 0.08365999907255173
v 0.007980000227689743 -0.35877999663352966 0.08368600159883499
v 0.0046339998953044415 -0.3520289957523346 0.08253899961709976
v 0.0038169999606907368 -0.35164299607276917 0.08168499916791916
v 0.0046190000139176846 -0.35117000341415405 0.08243399858474731
v 0.0037980000488460064 -0.35119399428367615 0.08163300156593323
v 0.004360000137239695 -0.35064101219177246 0.08218000084161758
v 0.004170000087469816 -0.3497160077095032 0.0819379985332489
v 0.004933000076562166 -0.351514995098114 0.08271600306034088
v 0.006637999787926674 -0.3536899983882904 0.0835300013422966
v 0.006490999832749367 -0.35228198766708374 0.0833669975399971
v 0.008395999670028687 -0.36255499720573425 0.08213700354099274
v 0.008479000069200993 -0.36259299516677856 0.08186600357294083
v 0.008402000181376934 -0.3621180057525635 0.08207999914884567
v 0.008484999649226665 -0.36212098598480225 0.08166400343179703
v 0.008597999811172485 -0.36507299542427063 0.08215100318193436
v 0.008322999812662601 -0.36343100666999817 0.08252199739217758
v 0.00821600016206503 -0.3618679940700531 0.08260499686002731
v 0.008299999870359898 -0.3630659878253937 0.0825520008802414
v 0.00836899969726801 -0.36211898922920227 0.08217000216245651
v 0.008054000325500965 -0.35895800590515137 0.07769999653100967
v 0.008500000461935997 -0.35833799839019775 0.08081000298261642
v 0.008325000293552876 -0.3584029972553253 0.07933799922466278
v 0.008465000428259373 -0.358799010515213 0.08138599991798401
v 0.008112999610602856 -0.35894501209259033 0.07793699949979782
v 0.00838600005954504 -0.35696500539779663 0.07939399778842926
v 0.007902000099420547 -0.3566490113735199 0.0759190022945404
v 0.00802600011229515 -0.3552060127258301 0.07595700025558472
v 0.008128000423312187 -0.35597801208496094 0.0770459994673729
v 0.008395000360906124 -0.3560959994792938 0.07928100228309631
v 0.008352000266313553 -0.3551029860973358 0.0781479999423027
v 0.008454999886453152 -0.36117199063301086 0.08169099688529968
v 0.008232999593019485 -0.3606950044631958 0.0824510008096695
v 0.00824899971485138 -0.3602220118045807 0.08231499791145325
v 0.008421000093221664 -0.35974499583244324 0.08177299797534943
v 0.008479000069200993 -0.36017298698425293 0.08130399882793427
v 0.008440000005066395 -0.3592759966850281 0.08145400136709213
v 0.008461999706923962 -0.3597530126571655 0.08138199895620346
v 0.0025690000038594007 -0.3490220010280609 0.079134002327919
v 0.0024949999060481787 -0.3485710024833679 0.07858700305223465
v 0.00253800000064075 -0.34859099984169006 0.07781500369310379
v 0.00254100002348423 -0.3476499915122986 0.07744000107049942
v 0.003108999924734235 -0.3485740125179291 0.07640700042247772
v 0.0030040000565350056 -0.3471609950065613 0.07624100148677826
v 0.003488000016659498 -0.35124000906944275 0.08121100068092346
v 0.0037589999847114086 -0.35120099782943726 0.08157800137996674
v 0.0036059999838471413 -0.3507460057735443 0.08137200027704239
v 0.003869999898597598 -0.3488070070743561 0.0815650001168251
v 0.0037040000315755606 -0.3483560085296631 0.08132699877023697
v 0.0028029999230057 -0.3484939932823181 0.08002199977636337
v 0.0034179999493062496 -0.34744399785995483 0.08100000023841858
v 0.002616999903693795 -0.3480530083179474 0.07950600236654282
v 0.007952000014483929 -0.3552300035953522 0.07546000182628632
v 0.008267000317573547 -0.35089200735092163 0.0743279978632927
v 0.007943999953567982 -0.3505139946937561 0.07402099668979645
v 0.007658000104129314 -0.3501349985599518 0.07388199865818024
v 0.008326999843120575 -0.351406991481781 0.07463300228118896
v 0.008151000365614891 -0.3533119857311249 0.07517600059509277
v 0.008369999937713146 -0.35186800360679626 0.07493499666452408
v 0.007988999597728252 -0.35506099462509155 0.0756940022110939
v 0.008337999694049358 -0.3532469868659973 0.0758809968829155
v 0.003343000076711178 -0.3457289934158325 0.07520700246095657
v 0.0036359999794512987 -0.3452419936656952 0.07456099987030029
v 0.004786000121384859 -0.3461030125617981 0.07357600331306458
v 0.004259999841451645 -0.34567099809646606 0.07394400238990784
v 0.008446999825537205 -0.3504520058631897 0.07427900284528732
v 0.008573000319302082 -0.34996700286865234 0.07413099706172943
v 0.008004999719560146 -0.3493320047855377 0.07368899881839752
v 0.00849399995058775 -0.34942299127578735 0.07382799685001373
v 0.00810999982059002 -0.3486109972000122 0.07339999824762344
v 0.008035000413656235 -0.34814900159835815 0.07321999967098236
v 0.008061000145971775 -0.3482919931411743 0.07328800112009048
v 0.006972000002861023 -0.34701400995254517 0.07289999723434448
v 0.007888000458478928 -0.3472230136394501 0.07287900149822235
v 0.008179999887943268 -0.3476629853248596 0.07302500307559967
v 0.005557000171393156 -0.3460400104522705 0.0729840025305748
v 0.0058929999358952045 -0.34412598609924316 0.07210499793291092
v 0.006302999798208475 -0.34549999237060547 0.07245200127363205
v 0.005563000217080116 -0.34462499618530273 0.07248800247907639
v 0.008101999759674072 -0.3630639910697937 0.08329500257968903
v 0.008053000085055828 -0.36345699429512024 0.08335799723863602
v 0.0081599997356534 -0.36306899785995483 0.08294700086116791
v 0.008061000145971775 -0.36302000284194946 0.08355499804019928
v 0.008063999935984612 -0.3625290095806122 0.08374600112438202
v 0.007997999899089336 -0.3621009886264801 0.08396299928426743
v 0.008015000261366367 -0.36152899265289307 0.08388599753379822
v 0.008057000115513802 -0.3611469864845276 0.08382599800825119
v 0.008111000061035156 -0.3606719970703125 0.08360099792480469
v 0.007840000092983246 -0.3568879961967468 0.08373399823904037
v 0.007596000097692013 -0.3564339876174927 0.08381900191307068
v 0.007501999847590923 -0.35549598932266235 0.0837239995598793
v 0.00684100016951561 -0.35556501150131226 0.0837789997458458
v 0.007521999999880791 -0.3535979986190796 0.08347100019454956
v 0.007930999621748924 -0.35783201456069946 0.08369100093841553
v 0.008061000145971775 -0.35877498984336853 0.08352299779653549
v 0.008062000386416912 -0.3583019971847534 0.08346199989318848
v 0.008015000261366367 -0.35687699913978577 0.08349999785423279
v 0.008039000444114208 -0.35735198855400085 0.08344300091266632
v 0.008150000125169754 -0.3606719970703125 0.08348699659109116
v 0.008047999814152718 -0.359252005815506 0.08358699828386307
v 0.008163999766111374 -0.3611690104007721 0.08278299868106842
v 0.008125999942421913 -0.3602199852466583 0.08278899639844894
v 0.008101999759674072 -0.35925400257110596 0.08331900089979172
v 0.005710000172257423 -0.3490409851074219 0.08303499966859818
v 0.0046709999442100525 -0.34917399287223816 0.08235999941825867
v 0.004118999931961298 -0.349247008562088 0.08187100291252136
v 0.006080999970436096 -0.35042598843574524 0.08319400250911713
v 0.006070000119507313 -0.34995099902153015 0.08317200094461441
v 0.007172000128775835 -0.3522079885005951 0.08340500295162201
v 0.00813900027424097 -0.36211100220680237 0.08320099860429764
v 0.008123000152409077 -0.36162298917770386 0.08361499756574631
v 0.008167999796569347 -0.3611519932746887 0.0832889974117279
v 0.008384999819099903 -0.35831698775291443 0.08185499906539917
v 0.008395999670028687 -0.35743099451065063 0.07970400154590607
v 0.008476999588310719 -0.35646700859069824 0.07981500029563904
v 0.0085249999538064 -0.3573780059814453 0.080935999751091
v 0.008425000123679638 -0.358799010515213 0.08156000077724457
v 0.008440000005066395 -0.3592759966850281 0.08145400136709213
v 0.008363000117242336 -0.354636013507843 0.07783199846744537
v 0.008690999820828438 -0.3526799976825714 0.07876800000667572
v 0.008458999916911125 -0.3540470004081726 0.07823999971151352
v 0.00851999968290329 -0.35273799300193787 0.07704100012779236
v 0.008484000340104103 -0.3559490144252777 0.07974699884653091
v 0.008444000035524368 -0.35497599840164185 0.0788709968328476
v 0.00814799964427948 -0.3592729866504669 0.08254600316286087
v 0.008419999852776527 -0.35927098989486694 0.08171200007200241
v 0.008453999646008015 -0.3597489893436432 0.08150999993085861
v 0.008440000005066395 -0.3592759966850281 0.08145400136709213
v 0.002454000059515238 -0.347135990858078 0.07892400026321411
v 0.0024840000551193953 -0.34779199957847595 0.07798200100660324
v 0.0024870000779628754 -0.34670698642730713 0.07733400166034698
v 0.00292599992826581 -0.3466930091381073 0.0762529969215393
v 0.00380200007930398 -0.3478649854660034 0.08146300166845322
v 0.0042329998686909676 -0.34875598549842834 0.08197300136089325
v 0.004056999925523996 -0.34876400232315063 0.08176500350236893
v 0.004004999995231628 -0.34831398725509644 0.08168700337409973
v 0.003647000063210726 -0.3478879928588867 0.08125200122594833
v 0.0036520001012831926 -0.3478879928588867 0.08125600218772888
v 0.003249000059440732 -0.3469949960708618 0.08076699823141098
v 0.003073000116273761 -0.3455890119075775 0.08060000091791153
v 0.0026289999950677156 -0.3470959961414337 0.07963500171899796
v 0.0027940000873059034 -0.34611400961875916 0.07997599989175797
v 0.003602999961003661 -0.34741801023483276 0.08120299875736237
v 0.003602999961003661 -0.34741801023483276 0.08120299875736237
v 0.0035490000154823065 -0.3469499945640564 0.08115799725055695
v 0.008472999557852745 -0.3509170114994049 0.07453200221061707
v 0.008464000187814236 -0.3513849973678589 0.07484900206327438
v 0.00843099970370531 -0.35231998562812805 0.075484998524189
v 0.008604999631643295 -0.35166099667549133 0.07560999691486359
v 0.008561000227928162 -0.35230499505996704 0.07621199637651443
v 0.0031580000650137663 -0.344325989484787 0.07507699728012085
v 0.0025770000647753477 -0.3448219895362854 0.07637099921703339
v 0.002839999971911311 -0.3443399965763092 0.07566999644041061
v 0.0029810001142323017 -0.3443340063095093 0.07537800073623657
v 0.002698000054806471 -0.3457610011100769 0.07639600336551666
v 0.004102999810129404 -0.34511399269104004 0.07391399890184402
v 0.0035600000992417336 -0.3447760045528412 0.07452099770307541
v 0.005107999779284 -0.3456049859523773 0.07316000014543533
v 0.004412999842315912 -0.3447200059890747 0.07340200245380402
v 0.004780999850481749 -0.3446919918060303 0.07302799820899963
v 0.00863999966531992 -0.3504270017147064 0.07442700117826462
v 0.008798999711871147 -0.3499380052089691 0.07432299852371216
v 0.008760999888181686 -0.34947600960731506 0.07401999831199646
v 0.009026000276207924 -0.3485090136528015 0.07357300072908401
v 0.008654999546706676 -0.34902098774909973 0.07367400079965591
v 0.008763999678194523 -0.3494659960269928 0.07401800155639648
v 0.009037000127136707 -0.34897398948669434 0.07388400286436081
v 0.008479000069200993 -0.34810200333595276 0.07319799810647964
v 0.008258000016212463 -0.34812501072883606 0.07321599870920181
v 0.008258000016212463 -0.34812501072883606 0.07321599870920181
v 0.006912999786436558 -0.3453499972820282 0.07219500094652176
v 0.007431000005453825 -0.3458609879016876 0.07231000065803528
v 0.008334999904036522 -0.3471759855747223 0.07287199795246124
v 0.008108999580144882 -0.34716200828552246 0.07287800312042236
v 0.008035000413656235 -0.34673699736595154 0.07269400358200073
v 0.007658000104129314 -0.34583500027656555 0.07232800126075745
v 0.008258000016212463 -0.34812501072883606 0.07321599870920181
v 0.008454999886453152 -0.3479520082473755 0.07314199954271317
v 0.006473000161349773 -0.34522300958633423 0.07229399681091309
v 0.006577000021934509 -0.3445329964160919 0.07198499888181686
v 0.006754999980330467 -0.3443030118942261 0.07184900343418121
v 0.005758000072091818 -0.3431969881057739 0.07182200253009796
v 0.005421000067144632 -0.34369900822639465 0.0721689984202385
v 0.00814099982380867 -0.3621029853820801 0.08341699838638306
v 0.008128000423312187 -0.36104899644851685 0.08354000002145767
v 0.0079950001090765 -0.3565880060195923 0.08351600170135498
v 0.007757000159472227 -0.35594600439071655 0.08369600027799606
v 0.007710999809205532 -0.3554759919643402 0.08365699648857117
v 0.007664000149816275 -0.35500699281692505 0.08361200243234634
v 0.00761700002476573 -0.3545359969139099 0.08356700092554092
v 0.0075690001249313354 -0.35406699776649475 0.08351700007915497
v 0.007778999861329794 -0.3540459871292114 0.08344899863004684
v 0.007732999976724386 -0.35357600450515747 0.08341100066900253
v 0.007891999557614326 -0.35308700799942017 0.08327899873256683
v 0.008061000145971775 -0.35775700211524963 0.08339300006628036
v 0.008076000027358532 -0.35878801345825195 0.08308299630880356
v 0.00810300000011921 -0.3578299880027771 0.08313699811697006
v 0.008105999790132046 -0.35832199454307556 0.08269000053405762
v 0.008081000298261642 -0.3573499917984009 0.08333700150251389
v 0.008104000240564346 -0.3568750023841858 0.08326999843120575
v 0.00800700020045042 -0.3564020097255707 0.08348900079727173
v 0.007195000071078539 -0.34982600808143616 0.08334299921989441
v 0.006409999914467335 -0.34848201274871826 0.08333999663591385
v 0.005392999853938818 -0.34812799096107483 0.0828619971871376
v 0.004495999775826931 -0.3472909927368164 0.08222600072622299
v 0.00558099988847971 -0.34752899408340454 0.08299099653959274
v 0.006390000227838755 -0.3480069935321808 0.08335000276565552
v 0.006099000107496977 -0.3475649952888489 0.0832810029387474
v 0.0068259998224675655 -0.350818008184433 0.08333999663591385
v 0.007565999869257212 -0.35169199109077454 0.0833280012011528
v 0.008059999905526638 -0.3525969982147217 0.08319099992513657
v 0.008417000062763691 -0.35879600048065186 0.08165299892425537
v 0.008313000202178955 -0.3587949872016907 0.0820859968662262
v 0.00826600007712841 -0.3573639988899231 0.08227299898862839
v 0.008120999671518803 -0.3577769994735718 0.08261699974536896
v 0.008531000465154648 -0.35690298676490784 0.080874003469944
v 0.008437000215053558 -0.3559249937534332 0.08204499632120132
v 0.008684000000357628 -0.3520359992980957 0.07792600244283676
v 0.008980000391602516 -0.3516579866409302 0.07958000153303146
v 0.008747999556362629 -0.35405200719833374 0.07994599640369415
v 0.008851000107824802 -0.351624995470047 0.0788469985127449
v 0.008863000199198723 -0.35060301423072815 0.07718800008296967
v 0.008558999747037888 -0.35622501373291016 0.08103399723768234
v 0.008569999597966671 -0.3559359908103943 0.08124899864196777
v 0.0023219999857246876 -0.34526100754737854 0.07846499979496002
v 0.0024210000410676003 -0.34716400504112244 0.07817299664020538
v 0.0025190000887960196 -0.3462370038032532 0.07701200246810913
v 0.0023499999660998583 -0.3452880084514618 0.07744400203227997
v 0.0037589999847114086 -0.34739699959754944 0.08141399919986725
v 0.0040270001627504826 -0.34831100702285767 0.08171500265598297
v 0.003602999961003661 -0.34741801023483276 0.08120299875736237
v 0.003602999961003661 -0.34741801023483276 0.08120299875736237
v 0.003558000084012747 -0.3469479978084564 0.08116800338029861
v 0.003700000001117587 -0.3469280004501343 0.08137000352144241
v 0.004025000147521496 -0.3449690043926239 0.0819609984755516
v 0.0030620000325143337 -0.34511399269104004 0.080594003200531
v 0.002662000013515353 -0.34566500782966614 0.07958299666643143
v 0.00266100000590086 -0.3451879918575287 0.0796390026807785
v 0.008593999780714512 -0.35089901089668274 0.07475300133228302
v 0.008647999726235867 -0.35099899768829346 0.07500600069761276
v 0.00887299980968237 -0.35064899921417236 0.07617399841547012
v 0.008876999840140343 -0.35037198662757874 0.07537499815225601
v 0.003317000111564994 -0.3442620038986206 0.07477299869060516
v 0.002950000111013651 -0.34386301040649414 0.07531200349330902
v 0.002432999899610877 -0.3438819944858551 0.07648099958896637
v 0.002532999962568283 -0.3452950119972229 0.0766339972615242
v 0.0023399998899549246 -0.3448159992694855 0.07736600190401077
v 0.0023980000987648964 -0.34435299038887024 0.0767579972743988
v 0.0025229998864233494 -0.34340700507164 0.07614199817180634
v 0.002942000050097704 -0.34376001358032227 0.07531499862670898
v 0.003601999953389168 -0.3438290059566498 0.07416299730539322
v 0.004238999914377928 -0.34331798553466797 0.07311499863862991
v 0.005018999800086021 -0.34373098611831665 0.07248199731111526
v 0.008763999678194523 -0.3504070043563843 0.0746460035443306
v 0.008964999578893185 -0.34944701194763184 0.07421699911355972
v 0.009072000160813332 -0.3493640124797821 0.07443299889564514
v 0.00876300036907196 -0.3483729958534241 0.07337000221014023
v 0.009039999917149544 -0.3484790027141571 0.0735659971833229
v 0.009246000088751316 -0.3484779894351959 0.07376699894666672
v 0.008922000415623188 -0.3480530083179474 0.07328800112009048
v 0.009015999734401703 -0.3493260145187378 0.0741880014538765
v 0.009352999739348888 -0.3484260141849518 0.0739860013127327
v 0.008267000317573547 -0.34436801075935364 0.07150299847126007
v 0.008205000311136246 -0.34531399607658386 0.07191299647092819
v 0.008772999979555607 -0.3471289873123169 0.07282800227403641
v 0.008301000110805035 -0.34694600105285645 0.07280000299215317
v 0.008377999998629093 -0.34610500931739807 0.07241900265216827
v 0.008231000043451786 -0.3440819978713989 0.07143700122833252
v 0.006641999818384647 -0.3435870110988617 0.0715859979391098
v 0.0063680000603199005 -0.34310099482536316 0.07154200226068497
v 0.005446000024676323 -0.3422810137271881 0.07176200300455093
v 0.005797000136226416 -0.3417760133743286 0.07147800177335739
v 0.004389999900013208 -0.3428359925746918 0.07278600335121155
v 0.004865999799221754 -0.3423280119895935 0.07219500094652176
v 0.005005999933928251 -0.34184399247169495 0.07197599858045578
v 0.00795000046491623 -0.35593000054359436 0.08354700356721878
v 0.007908999919891357 -0.35545799136161804 0.08353500068187714
v 0.007867000065743923 -0.3549869954586029 0.08351299911737442
v 0.007823999971151352 -0.35451599955558777 0.08348699659109116
v 0.008011000230908394 -0.35450300574302673 0.08331099897623062
v 0.007972000166773796 -0.3540309965610504 0.08330299705266953
v 0.008112000301480293 -0.3535119891166687 0.08309400081634521
v 0.008104999549686909 -0.357356995344162 0.08307600021362305
v 0.008112000301480293 -0.3563989996910095 0.08320699632167816
v 0.008097000420093536 -0.35736599564552307 0.08282499760389328
v 0.008035000413656235 -0.3559249937534332 0.0834209993481636
v 0.008270000107586384 -0.34971800446510315 0.08313000202178955
v 0.007819999940693378 -0.3492850065231323 0.083296999335289
v 0.007701999973505735 -0.35072800517082214 0.0832659974694252
v 0.007096999790519476 -0.34828099608421326 0.08345499634742737
v 0.004947999957948923 -0.34723100066185 0.08260899782180786
v 0.004155000206083059 -0.3468640148639679 0.08186600357294083
v 0.00446499977260828 -0.3444260060787201 0.08263199776411057
v 0.005770000163465738 -0.3461720049381256 0.08327800035476685
v 0.005371999926865101 -0.3457440137863159 0.08307299762964249
v 0.0065449997782707214 -0.3460710048675537 0.08380600064992905
v 0.006572999991476536 -0.3470290005207062 0.08358000218868256
v 0.006558000110089779 -0.34666600823402405 0.08364400267601013
v 0.008183999918401241 -0.3515940010547638 0.08308500051498413
v 0.00825399998575449 -0.3525800108909607 0.08304700255393982
v 0.008346999995410442 -0.3559280037879944 0.08225099742412567
v 0.008186000399291515 -0.3559260070323944 0.08287300169467926
v 0.008202999830245972 -0.35545098781585693 0.08280500024557114
v 0.008465000428259373 -0.3548400104045868 0.08215399831533432
v 0.008927999995648861 -0.35022199153900146 0.07763099670410156
v 0.009273000061511993 -0.34836700558662415 0.0778139978647232
v 0.008813999593257904 -0.35356399416923523 0.0801210030913353
v 0.00914399977773428 -0.3514289855957031 0.08027099817991257
v 0.009066999889910221 -0.35207700729370117 0.08113700151443481
v 0.009328000247478485 -0.3497200012207031 0.07949700206518173
v 0.00951599981635809 -0.3492110073566437 0.07989200204610825
v 0.009507999755442142 -0.34976598620414734 0.08047399669885635
v 0.00974700041115284 -0.3486889898777008 0.08052899688482285
v 0.008760999888181686 -0.35450199246406555 0.08076199889183044
v 0.00912300031632185 -0.3494029939174652 0.07569599896669388
v 0.008994000032544136 -0.349822998046875 0.07730899751186371
v 0.008692000061273575 -0.35448598861694336 0.08154100179672241
v 0.008600999601185322 -0.35303398966789246 0.08239699900150299
v 0.0022980000358074903 -0.34492799639701843 0.07817400246858597
v 0.002397000091150403 -0.3443619906902313 0.07884000241756439
v 0.003823000006377697 -0.3445200026035309 0.08179400116205215
v 0.004075000062584877 -0.3449620008468628 0.0820389986038208
v 0.003996000159531832 -0.3444949984550476 0.0820000022649765
v 0.003996000159531832 -0.3444949984550476 0.0820000022649765
v 0.002795000094920397 -0.3437280058860779 0.08018100261688232
v 0.003350999904796481 -0.3426780104637146 0.08142799884080887
v 0.0029750000685453415 -0.3432210087776184 0.08057799935340881
v 0.0032130000181496143 -0.3427009880542755 0.0811299979686737
v 0.002561999950557947 -0.3437750041484833 0.07948499917984009
v 0.002461999887600541 -0.34427401423454285 0.0790650025010109
v 0.008808000013232231 -0.3504669964313507 0.07489600032567978
v 0.0030670000705868006 -0.3433859944343567 0.07498099654912949
v 0.0023789999540895224 -0.3438799977302551 0.07674799859523773
v 0.0024659999180585146 -0.34333598613739014 0.07640200108289719
v 0.0024939998984336853 -0.3429270088672638 0.07634299993515015
v 0.0022539999336004257 -0.3438679873943329 0.07754199951887131
v 0.002732000080868602 -0.34292298555374146 0.07569199800491333
v 0.0033450000919401646 -0.34289801120758057 0.0743589997291565
v 0.009201000444591045 -0.34888601303100586 0.07611899822950363
v 0.009643999859690666 -0.3476420044898987 0.07457400113344193
v 0.009294000454246998 -0.34836000204086304 0.07373899966478348
v 0.00925000011920929 -0.3480120003223419 0.07345200330018997
v 0.008995999582111835 -0.347106009721756 0.07282300293445587
v 0.00965499971061945 -0.3474879860877991 0.0736360028386116
v 0.009866000153124332 -0.34715500473976135 0.0736910030245781
v 0.009728999808430672 -0.34745898842811584 0.07427400350570679
v 0.00855099968612194 -0.34481099247932434 0.07160300016403198
v 0.00861200038343668 -0.3436259925365448 0.07127899676561356
v 0.009019999764859676 -0.3461120128631592 0.07225300371646881
v 0.009108999744057655 -0.34538400173187256 0.07188200205564499
v 0.009119000285863876 -0.3465780019760132 0.07254000008106232
v 0.008349999785423279 -0.3434180021286011 0.07118500024080276
v 0.007437000051140785 -0.3430989980697632 0.07126399874687195
v 0.006998000200837851 -0.343080997467041 0.07132700085639954
v 0.006682000122964382 -0.3421649932861328 0.07124699652194977
v 0.005107000004500151 -0.34088799357414246 0.0717490017414093
v 0.00595899997279048 -0.3412860035896301 0.0713609978556633
v 0.004267000127583742 -0.3418999910354614 0.07270000129938126
v 0.004765000194311142 -0.3413900136947632 0.07207299768924713
v 0.008062000386416912 -0.3544999957084656 0.08323200047016144
v 0.008450999855995178 -0.3536660075187683 0.08251699805259705
v 0.008283999748528004 -0.353534996509552 0.08283700048923492
v 0.008166000247001648 -0.3549700081348419 0.08301100134849548
v 0.007996000349521637 -0.34870898723602295 0.08327600359916687
v 0.008329000324010849 -0.35066598653793335 0.08305399864912033
v 0.00860700011253357 -0.34968701004981995 0.08298700302839279
v 0.007309999782592058 -0.3479039967060089 0.08353199809789658
v 0.005665999837219715 -0.3452250063419342 0.08343800157308578
v 0.004585000220686197 -0.3439300060272217 0.0828389972448349
v 0.004025000147521496 -0.34400999546051025 0.08218500018119812
v 0.006002999842166901 -0.3451800048351288 0.08371400088071823
v 0.0067980000749230385 -0.3465220034122467 0.08376400172710419
v 0.007691999897360802 -0.3459460139274597 0.08392900228500366
v 0.006754999980330467 -0.34508800506591797 0.08409000188112259
v 0.007706999778747559 -0.34690600633621216 0.0836469978094101
v 0.007693000137805939 -0.3462809920310974 0.08380799740552902
v 0.007519999984651804 -0.34771400690078735 0.08352699875831604
v 0.008535999804735184 -0.3508470058441162 0.08289899677038193
v 0.008489999920129776 -0.35208600759506226 0.08281400054693222
v 0.008322999812662601 -0.3549709916114807 0.08249100297689438
v 0.009523999877274036 -0.3482719957828522 0.07900799810886383
v 0.009265000000596046 -0.3483850061893463 0.0767270028591156
v 0.00939400028437376 -0.34790199995040894 0.0764549970626831
v 0.009650000371038914 -0.3467859923839569 0.07700599730014801
v 0.009499999694526196 -0.3474099934101105 0.07661599665880203
v 0.00970499962568283 -0.34686899185180664 0.07827399671077728
v 0.009219000115990639 -0.3511430025100708 0.08072400093078613
v 0.008860999718308449 -0.3529219925403595 0.08155299723148346
v 0.00874600000679493 -0.3528740108013153 0.08208499848842621
v 0.009108999744057655 -0.35158300399780273 0.08157200366258621
v 0.00914200022816658 -0.35147300362586975 0.08129499852657318
v 0.009425999596714973 -0.35013800859451294 0.08100499957799911
v 0.009541000239551067 -0.3496609926223755 0.08066900074481964
v 0.009591000154614449 -0.34956198930740356 0.08093500137329102
v 0.010323000140488148 -0.3471849858760834 0.08101200312376022
v 0.009984999895095825 -0.3476310074329376 0.08033200353384018
v 0.00875100027769804 -0.35188499093055725 0.0824659988284111
v 0.009006000123918056 -0.3515770137310028 0.08210600167512894
v 0.0022430000826716423 -0.3433859944343567 0.07773900032043457
v 0.002326000016182661 -0.34417399764060974 0.07857900112867355
v 0.0022770001087337732 -0.3442080020904541 0.0783419981598854
v 0.002311999909579754 -0.3424229919910431 0.07785200327634811
v 0.003996000159531832 -0.3444949984550476 0.0820000022649765
v 0.0038640000857412815 -0.34403499960899353 0.08197599649429321
v 0.003984000068157911 -0.34401699900627136 0.08212000131607056
v 0.002704000100493431 -0.3427099883556366 0.07982099801301956
v 0.004222000017762184 -0.34254300594329834 0.08270999789237976
v 0.004503999836742878 -0.34154200553894043 0.08334100246429443
v 0.003031000029295683 -0.34225699305534363 0.0806950032711029
v 0.003469000104814768 -0.3413960039615631 0.08174300193786621
v 0.0038320000749081373 -0.34116798639297485 0.08238200098276138
v 0.002472999971359968 -0.34285101294517517 0.07888100296258926
v 0.003145999973639846 -0.3424359858036041 0.07464999705553055
v 0.0024610001128166914 -0.3429250121116638 0.07652900367975235
v 0.0023499999660998583 -0.3422360122203827 0.07730899751186371
v 0.002524999901652336 -0.34196799993515015 0.07646699994802475
v 0.0030990000814199448 -0.341482013463974 0.07478500157594681
v 0.00947600044310093 -0.3476429879665375 0.07588899880647659
v 0.009708999656140804 -0.3472520112991333 0.07501500099897385
v 0.009831000119447708 -0.34696000814437866 0.07464499771595001
v 0.00974700041115284 -0.3470019996166229 0.0731939971446991
v 0.009309000335633755 -0.34742000699043274 0.07310699671506882
v 0.009883999824523926 -0.34699299931526184 0.0734110027551651
v 0.010034999810159206 -0.34671300649642944 0.0735900029540062
v 0.009998000226914883 -0.3464699983596802 0.07454899698495865
v 0.010064000263810158 -0.3464849889278412 0.07380799949169159
v 0.008775999769568443 -0.34478700160980225 0.07161100208759308
v 0.009359000250697136 -0.3437809944152832 0.07135900110006332
v 0.00916299968957901 -0.3443250060081482 0.07147900015115738
v 0.00948300026357174 -0.3432939946651459 0.07124800235033035
v 0.009309000335633755 -0.346341997385025 0.07246100157499313
v 0.010085999965667725 -0.3460400104522705 0.07272899895906448
v 0.009297999553382397 -0.3452009856700897 0.07180999964475632
v 0.009871999733150005 -0.345551997423172 0.07221399992704391
v 0.009956000372767448 -0.34587299823760986 0.0724869966506958
v 0.0096220001578331 -0.34656500816345215 0.07277800142765045
v 0.008028999902307987 -0.34260299801826477 0.07104700058698654
v 0.008685000240802765 -0.34243500232696533 0.07100600004196167
v 0.008793000131845474 -0.3432979881763458 0.0711899995803833
v 0.007538000121712685 -0.34198400378227234 0.07109600305557251
v 0.006085999775677919 -0.34031999111175537 0.07126200199127197
v 0.004567999858409166 -0.3409300148487091 0.07224299758672714
v 0.004894999787211418 -0.3404270112514496 0.07198300212621689
v 0.007232999894768 -0.34116101264953613 0.07102800160646439
v 0.006756999995559454 -0.34073299169540405 0.07107900083065033
v 0.003705000039190054 -0.34146198630332947 0.07341299951076508
v 0.0038739999290555716 -0.3414520025253296 0.07315400242805481
v 0.008855000138282776 -0.348704993724823 0.08307000249624252
v 0.008383999578654766 -0.3477970063686371 0.08331199735403061
v 0.009088000282645226 -0.3499569892883301 0.08264099806547165
v 0.009088999591767788 -0.3504819869995117 0.08245400339365005
v 0.009219000115990639 -0.3491530120372772 0.08275900036096573
v 0.00596500001847744 -0.34374499320983887 0.08406399935483932
v 0.005392999853938818 -0.34334200620651245 0.08365800231695175
v 0.0053530000150203705 -0.34238898754119873 0.08382300287485123
v 0.006231999956071377 -0.3440130054950714 0.08415400236845016
v 0.006965000182390213 -0.3444010019302368 0.08426699787378311
v 0.00811500009149313 -0.34623199701309204 0.08369199931621552
v 0.00810999982059002 -0.34446099400520325 0.08431299775838852
v 0.006725999992340803 -0.3441329896450043 0.08430399745702744
v 0.008794000372290611 -0.347106009721756 0.08337199687957764
v 0.00992400012910366 -0.3472670018672943 0.07979299873113632
v 0.009747999720275402 -0.34643301367759705 0.07654500007629395
v 0.009738000109791756 -0.34661799669265747 0.07746999710798264
v 0.010010000318288803 -0.346792995929718 0.07970999926328659
v 0.010215999558568 -0.34562599658966064 0.07899899780750275
v 0.009948999620974064 -0.3459010124206543 0.07766500115394592
v 0.009186999872326851 -0.3510960042476654 0.08163999766111374
v 0.009317999705672264 -0.35058099031448364 0.08139000087976456
v 0.009986000135540962 -0.3486280143260956 0.08173000067472458
v 0.009886999614536762 -0.3488309979438782 0.08152700215578079
v 0.010412000119686127 -0.3465900123119354 0.08059699833393097
v 0.010207000188529491 -0.3481239974498749 0.08186200261116028
v 0.010692999698221684 -0.34622499346733093 0.08098600059747696
v 0.010347000323235989 -0.3464620113372803 0.08034300059080124
v 0.009077999740839005 -0.3510909974575043 0.0821790024638176
v 0.002339000115171075 -0.3427009880542755 0.07813400030136108
v 0.0024480000138282776 -0.34274598956108093 0.07862100005149841
v 0.002366000087931752 -0.3418799936771393 0.07751499861478806
v 0.0027570000384002924 -0.3413749933242798 0.0793830007314682
v 0.0027630000840872526 -0.3406029939651489 0.07877399772405624
v 0.0027409999165683985 -0.3404519855976105 0.07850699871778488
v 0.0026130001060664654 -0.3404969871044159 0.07752799987792969
v 0.0027540000155568123 -0.3409090042114258 0.07907000184059143
v 0.002509000012651086 -0.3409860134124756 0.07746200263500214
v 0.005036999937146902 -0.3409920036792755 0.083917997777462
v 0.004763999953866005 -0.34102699160575867 0.08369000256061554
v 0.004162000026553869 -0.34111499786376953 0.0829629972577095
v 0.0031799999997019768 -0.341279000043869 0.08104000240564346
v 0.003140999935567379 -0.3407280147075653 0.08047199994325638
v 0.0033770001027733088 -0.3410010039806366 0.08146200329065323
v 0.0039470000192523 -0.3406749963760376 0.0825439989566803
v 0.0034990001004189253 -0.3407500088214874 0.08165299892425537
v 0.002587999915704131 -0.341389000415802 0.07663100212812424
v 0.002704000100493431 -0.340938001871109 0.07628999650478363
v 0.0029559999238699675 -0.3407439887523651 0.07543600350618362
v 0.0031210000161081553 -0.3405190110206604 0.07511000335216522
v 0.003369000041857362 -0.34105899930000305 0.07409700006246567
v 0.003407000098377466 -0.34051400423049927 0.07427199929952621
v 0.009755999781191349 -0.3466950058937073 0.07543999701738358
v 0.009837999939918518 -0.3469280004501343 0.07468699663877487
v 0.009726000018417835 -0.3469089865684509 0.07522200047969818
v 0.01013800036162138 -0.34597301483154297 0.07474099844694138
v 0.009890999644994736 -0.3464300036430359 0.07511799782514572
v 0.009851000271737576 -0.34644100069999695 0.07284100353717804
v 0.009998999536037445 -0.34651699662208557 0.07306600362062454
v 0.009988999925553799 -0.34676700830459595 0.07335499674081802
v 0.01015700027346611 -0.3463209867477417 0.07325500249862671
v 0.010142000392079353 -0.3462179899215698 0.07426200062036514
v 0.010174999944865704 -0.34602901339530945 0.07448399811983109
v 0.010331000201404095 -0.3459250032901764 0.07315900176763535
v 0.010551000013947487 -0.3454659879207611 0.07329700142145157
v 0.01105399988591671 -0.34449198842048645 0.07329700142145157
v 0.010985000059008598 -0.34449800848960876 0.07356999814510345
v 0.00938200019299984 -0.34425100684165955 0.07147599756717682
v 0.010347000323235989 -0.3441370129585266 0.07180000096559525
v 0.010266999714076519 -0.3436279892921448 0.07161200046539307
v 0.01001999992877245 -0.34275901317596436 0.07131099700927734
v 0.010014999657869339 -0.34181299805641174 0.07111799716949463
v 0.008969999849796295 -0.3428780138492584 0.07111900299787521
v 0.010106000117957592 -0.3463299870491028 0.073014996945858
v 0.01027899980545044 -0.34592100977897644 0.07291799783706665
v 0.010218000039458275 -0.34583601355552673 0.07266800105571747
v 0.01014699973165989 -0.345102995634079 0.07208500057458878
v 0.009953999891877174 -0.34477099776268005 0.07183899730443954
v 0.010193999856710434 -0.34556400775909424 0.0723859965801239
v 0.008864999748766422 -0.3419399857521057 0.07097800076007843
v 0.008546999655663967 -0.3410249948501587 0.0708869993686676
v 0.006496999878436327 -0.3401489853858948 0.07113300263881683
v 0.005274999886751175 -0.3402490019798279 0.0717179998755455
v 0.006279999855905771 -0.33982399106025696 0.07129199802875519
v 0.005865999963134527 -0.3397429883480072 0.07150000333786011
v 0.0054709999822080135 -0.34007298946380615 0.07164499908685684
v 0.003837999887764454 -0.34089401364326477 0.07319200038909912
v 0.0038399999029934406 -0.34039801359176636 0.07338199764490128
v 0.004534999839961529 -0.34035998582839966 0.0724330022931099
v 0.005080999806523323 -0.33993199467658997 0.07197900116443634
v 0.004889000207185745 -0.3399460017681122 0.07213400304317474
v 0.007625000085681677 -0.3406449854373932 0.07094500213861465
v 0.006711000110954046 -0.34014999866485596 0.07107699662446976
v 0.00931399967521429 -0.3477039933204651 0.08305899798870087
v 0.009060000069439411 -0.3486520051956177 0.08299099653959274
v 0.009444000199437141 -0.34976500272750854 0.08226999640464783
v 0.009631000459194183 -0.3491230010986328 0.08232299983501434
v 0.009645000100135803 -0.34860700368881226 0.08257900178432465
v 0.005646000150591135 -0.34283000230789185 0.08396700024604797
v 0.006165000144392252 -0.34283798933029175 0.0842759981751442
v 0.006465999875217676 -0.34368398785591125 0.08431199938058853
v 0.005793000105768442 -0.3408980071544647 0.08431500196456909
v 0.0069610001519322395 -0.344105988740921 0.08435600250959396
v 0.007402000017464161 -0.3435780107975006 0.08449900150299072
v 0.008991999551653862 -0.3462960124015808 0.08354199677705765
v 0.008325999602675438 -0.3458839952945709 0.083746999502182
v 0.00851800013333559 -0.3439210057258606 0.08431000262498856
v 0.00918199960142374 -0.3448350131511688 0.08390899747610092
v 0.008539999835193157 -0.34567898511886597 0.08376500010490417
v 0.009697999805212021 -0.3457469940185547 0.08347299695014954
v 0.009434999898076057 -0.3471049964427948 0.08320499956607819
v 0.010622000321745872 -0.34574198722839355 0.08043400198221207
v 0.00989300012588501 -0.3459489941596985 0.0763470008969307
v 0.010215999558568 -0.3461970090866089 0.07983499765396118
v 0.010277999565005302 -0.3453580141067505 0.07869499921798706
v 0.011105000041425228 -0.3437980115413666 0.08006100356578827
v 0.010100999847054482 -0.34541499614715576 0.07750199735164642
v 0.009757000021636486 -0.34914499521255493 0.08185499906539917
v 0.009972999803721905 -0.3486210107803345 0.08198700100183487
v 0.0104160001501441 -0.34762001037597656 0.08199799805879593
v 0.010185999795794487 -0.3481220006942749 0.08212199807167053
v 0.010187000036239624 -0.34811699390411377 0.08212099969387054
v 0.010602000169456005 -0.3471269905567169 0.08188699930906296
v 0.010923000052571297 -0.34586700797080994 0.08113499730825424
v 0.010874999687075615 -0.34523698687553406 0.08055800199508667
v 0.011559000238776207 -0.34326499700546265 0.08038300275802612
v 0.003367000026628375 -0.3389599919319153 0.07840800285339355
v 0.003406000090762973 -0.3389500081539154 0.07865100353956223
v 0.002822000067681074 -0.3401060104370117 0.078186996281147
v 0.002647999906912446 -0.340501993894577 0.07726500183343887
v 0.002899999963119626 -0.3397909998893738 0.07761800289154053
v 0.003249000059440732 -0.339011013507843 0.07717400044202805
v 0.003111999947577715 -0.34036898612976074 0.07992500066757202
v 0.003092000028118491 -0.34019899368286133 0.07940000295639038
v 0.0032029999420046806 -0.3396899998188019 0.07905200123786926
v 0.0052559999749064445 -0.34048599004745483 0.08407200127840042
v 0.0044999998062849045 -0.34058699011802673 0.083406001329422
v 0.00406799977645278 -0.34065499901771545 0.08276399970054626
v 0.004236000124365091 -0.3401559889316559 0.08291099965572357
v 0.004077000077813864 -0.34060201048851013 0.08275499939918518
v 0.0033360000234097242 -0.3407819867134094 0.08119100332260132
v 0.00380899989977479 -0.33886900544166565 0.07980699837207794
v 0.003530000103637576 -0.3404040038585663 0.08134700357913971
v 0.004021000117063522 -0.3397510051727295 0.08139000087976456
v 0.0039889998733997345 -0.3385379910469055 0.07997199892997742
v 0.0039160000160336494 -0.3402140140533447 0.08215499669313431
v 0.004143000114709139 -0.34017300605773926 0.08268299698829651
v 0.003674000035971403 -0.34025898575782776 0.08154500275850296
v 0.0027660001069307327 -0.340505987405777 0.07673700153827667
v 0.0030410001054406166 -0.3400290012359619 0.07583200186491013
v 0.003085999982431531 -0.3395330011844635 0.07626499980688095
v 0.003186000045388937 -0.3393630087375641 0.07596299797296524
v 0.0034370000939816236 -0.33953601121902466 0.07496900111436844
v 0.003703000023961067 -0.34013399481773376 0.0738930031657219
v 0.0035840000491589308 -0.3395270109176636 0.07460899651050568
v 0.009992999956011772 -0.3458940088748932 0.07578600198030472
v 0.011098000220954418 -0.343997985124588 0.07373099774122238
v 0.01050500012934208 -0.3455289900302887 0.07306300103664398
v 0.01092199981212616 -0.344897985458374 0.07312899827957153
v 0.01069399993866682 -0.3452819883823395 0.07298199832439423
v 0.011063000187277794 -0.3446959853172302 0.07281199842691422
v 0.011126000434160233 -0.34428998827934265 0.07325299829244614
v 0.011149000376462936 -0.34400099515914917 0.07346399873495102
v 0.010622000321745872 -0.3445729911327362 0.07214800268411636
v 0.01078800018876791 -0.3436110019683838 0.07194100320339203
v 0.010993000119924545 -0.3440540134906769 0.07224000245332718
v 0.010622999630868435 -0.3426879942417145 0.07151699811220169
v 0.010308999568223953 -0.3422529995441437 0.07127100229263306
v 0.009708000347018242 -0.34089601039886475 0.07107499986886978
v 0.009949999861419201 -0.3410170078277588 0.07110700011253357
v 0.010540000163018703 -0.34209901094436646 0.07134599983692169
v 0.010205999948084354 -0.34131500124931335 0.0711359977722168
v 0.010397999547421932 -0.3454959988594055 0.07257899641990662
v 0.010329999960958958 -0.3453420102596283 0.07232200354337692
v 0.009465999901294708 -0.3404569923877716 0.07116200029850006
v 0.008290000259876251 -0.3405750095844269 0.07090900093317032
v 0.008748999796807766 -0.3402329981327057 0.0710659995675087
v 0.006703999824821949 -0.3395650088787079 0.07125899940729141
v 0.00585799990221858 -0.3391430079936981 0.07168000191450119
v 0.006498999893665314 -0.33932000398635864 0.07144799828529358
v 0.005667999852448702 -0.3398810029029846 0.07157699763774872
v 0.005047000013291836 -0.33897700905799866 0.07217299938201904
v 0.0041669998317956924 -0.3395169973373413 0.07312999665737152
v 0.0038590000476688147 -0.34001100063323975 0.07361199706792831
v 0.004503000061959028 -0.33901500701904297 0.07278099656105042
v 0.004730999935418367 -0.33899998664855957 0.0724639967083931
v 0.008042999543249607 -0.3401139974594116 0.0709799975156784
v 0.00828499998897314 -0.34038400650024414 0.07095199823379517
v 0.006918999832123518 -0.33976200222969055 0.07113900035619736
v 0.0071379998698830605 -0.33963099122047424 0.07115399837493896
v 0.010054999962449074 -0.34739699959754944 0.08282700181007385
v 0.009573999792337418 -0.3481610119342804 0.08279500156641006
v 0.009851000271737576 -0.3480130136013031 0.08270400017499924
v 0.009730000048875809 -0.3491179943084717 0.08211299777030945
v 0.009827000088989735 -0.34862399101257324 0.08236999809741974
v 0.0068789999932050705 -0.34268200397491455 0.08449999988079071
v 0.0065750000067055225 -0.3417629897594452 0.08447399735450745
v 0.006550999823957682 -0.3412890136241913 0.08448699861764908
v 0.006225000135600567 -0.3403719961643219 0.08441299945116043
v 0.005694999825209379 -0.3399609923362732 0.08420299738645554
v 0.005456999875605106 -0.3400680124759674 0.08410800248384476
v 0.008244999684393406 -0.34282800555229187 0.08449599891901016
v 0.0073090000078082085 -0.34215599298477173 0.08459299802780151
v 0.007788000162690878 -0.3425309956073761 0.08457700163125992
v 0.00801400002092123 -0.34255900979042053 0.08456999808549881
v 0.009847999550402164 -0.34643200039863586 0.0832659974694252
v 0.009384999983012676 -0.3440299928188324 0.08409799635410309
v 0.009358000010251999 -0.34324800968170166 0.0842600017786026
v 0.008666999638080597 -0.3427659869194031 0.08437799662351608
v 0.010235999710857868 -0.34553200006484985 0.0833050012588501
v 0.009597999975085258 -0.34453800320625305 0.08385299891233444
v 0.010053999722003937 -0.34667399525642395 0.08308800309896469
v 0.010889999568462372 -0.34476399421691895 0.08034499734640121
v 0.0103169996291399 -0.34493499994277954 0.0768510028719902
v 0.01056199986487627 -0.3444660007953644 0.07580099999904633
v 0.010402999818325043 -0.34474000334739685 0.07705800235271454
v 0.010870000347495079 -0.34357500076293945 0.07755099982023239
v 0.01102100033313036 -0.34335699677467346 0.07926400005817413
v 0.011269000358879566 -0.3433069884777069 0.07995600253343582
v 0.011109000071883202 -0.343423992395401 0.07975800335407257
v 0.010219000279903412 -0.34793299436569214 0.08234400302171707
v 0.010395999997854233 -0.34757301211357117 0.08225200325250626
v 0.010575000196695328 -0.34722501039505005 0.08216100186109543
v 0.010060999542474747 -0.3481220006942749 0.08240900188684464
v 0.010734999552369118 -0.3466930091381073 0.08205199986696243
v 0.010943000204861164 -0.34613099694252014 0.08218000084161758
v 0.011123999953269958 -0.3457910120487213 0.08208899945020676
v 0.011309999972581863 -0.34494298696517944 0.08117099851369858
v 0.01179600041359663 -0.34275901317596436 0.08051200211048126
v 0.011605000123381615 -0.3446440100669861 0.08181799948215485
v 0.011405999772250652 -0.34235700964927673 0.0794299989938736
v 0.0033889999613165855 -0.33885300159454346 0.07813400030136108
v 0.003484999993816018 -0.3387709856033325 0.0786070004105568
v 0.003438000101596117 -0.33881300687789917 0.07837100327014923
v 0.0035389999393373728 -0.3387880027294159 0.07885000109672546
v 0.003343000076711178 -0.3389129936695099 0.07789900153875351
v 0.0030449999030679464 -0.33949100971221924 0.07779700309038162
v 0.0032689999788999557 -0.33901798725128174 0.07691500335931778
v 0.003071000101044774 -0.33936700224876404 0.07751999795436859
v 0.003435000078752637 -0.3387320041656494 0.07734400033950806
v 0.003387999953702092 -0.33878201246261597 0.0771080031991005
v 0.0035920001100748777 -0.338795006275177 0.07909099757671356
v 0.0036510000936686993 -0.3388569951057434 0.07933799922466278
v 0.004920000210404396 -0.3400239944458008 0.08373299986124039
v 0.004695000126957893 -0.34042298793792725 0.08358900249004364
v 0.004515999928116798 -0.3401130139827728 0.08334100246429443
v 0.004749000072479248 -0.339356005191803 0.08318500220775604
v 0.004447000101208687 -0.33952298760414124 0.08277600258588791
v 0.004395000170916319 -0.3395240008831024 0.08253499865531921
v 0.0038819999899715185 -0.33851000666618347 0.07948800176382065
v 0.004393000155687332 -0.3387640118598938 0.08116699755191803
v 0.0043379999697208405 -0.3392370045185089 0.08149600028991699
v 0.004333999939262867 -0.3382909893989563 0.08061400055885315
v 0.004004999995231628 -0.3383769989013672 0.07969299703836441
v 0.004052999895066023 -0.33836299180984497 0.07993300259113312
v 0.004348000045865774 -0.33957400918006897 0.08229900151491165
v 0.004490000195801258 -0.339370995759964 0.08198200166225433
v 0.0033050000201910734 -0.3389959931373596 0.07664799690246582
v 0.0034080001059919596 -0.3389280140399933 0.07610499858856201
v 0.00356299988925457 -0.3388580083847046 0.07580099999904633
v 0.0035250000655651093 -0.33900201320648193 0.07557500153779984
v 0.0036069999914616346 -0.33924201130867004 0.07482100278139114
v 0.0040699997916817665 -0.33902499079704285 0.07390599697828293
v 0.0041959998197853565 -0.3390290141105652 0.07337000221014023
v 0.004104999825358391 -0.3388499915599823 0.07413300126791
v 0.010638000443577766 -0.3443169891834259 0.07516299933195114
v 0.01080000028014183 -0.34400200843811035 0.07457199692726135
v 0.011056999675929546 -0.34366899728775024 0.07420799881219864
v 0.011177999898791313 -0.3437739908695221 0.07368200272321701
v 0.010642999783158302 -0.3452970087528229 0.0727429986000061
v 0.010878999717533588 -0.344990998506546 0.07289700210094452
v 0.01082799956202507 -0.3450019955635071 0.0726580023765564
v 0.011219999752938747 -0.3440150022506714 0.0727429986000061
v 0.011194000020623207 -0.3440209925174713 0.0726189985871315
v 0.011220999993383884 -0.3440159857273102 0.07268399745225906
v 0.011061999946832657 -0.34451499581336975 0.07253500074148178
v 0.01100900024175644 -0.3446809947490692 0.07257000356912613
v 0.011149000376462936 -0.34400099515914917 0.07346399873495102
v 0.011214000172913074 -0.34400099515914917 0.07319299876689911
v 0.011149000376462936 -0.34400099515914917 0.07346399873495102
v 0.01053799968212843 -0.3450529873371124 0.07234299927949905
v 0.010762999765574932 -0.3448750078678131 0.07240399718284607
v 0.01067699957638979 -0.34503400325775146 0.07244700193405151
v 0.011188999749720097 -0.34355300664901733 0.07237900048494339
v 0.010982000268995762 -0.3431130051612854 0.07197300344705582
v 0.01091499999165535 -0.3431220054626465 0.07188700139522552
v 0.010964999906718731 -0.3445279896259308 0.07242199778556824
v 0.01081399992108345 -0.34217798709869385 0.0715389996767044
v 0.009933999739587307 -0.34034499526023865 0.07128000259399414
v 0.010168000124394894 -0.34054499864578247 0.07124499976634979
v 0.010424000211060047 -0.34095901250839233 0.07123100012540817
v 0.010745000094175339 -0.34172600507736206 0.07138899713754654
v 0.010695000179111958 -0.3412579894065857 0.07132600247859955
v 0.010584999807178974 -0.3452270030975342 0.0724949985742569
v 0.009716999717056751 -0.33979299664497375 0.07152099907398224
v 0.009027999825775623 -0.3395240008831024 0.07156900316476822
v 0.008786999620497227 -0.33955100178718567 0.07147800177335739
v 0.00827800016850233 -0.33980199694633484 0.07113400101661682
v 0.006926999893039465 -0.33914101123809814 0.07140100002288818
v 0.006732000038027763 -0.3388170003890991 0.07166499644517899
v 0.00607800018042326 -0.3388800024986267 0.0717490017414093
v 0.005251999944448471 -0.33847200870513916 0.07226099818944931
v 0.005456999875605106 -0.33838701248168945 0.07219599932432175
v 0.005665000062435865 -0.3383220136165619 0.07213400304317474
v 0.005874999798834324 -0.33828800916671753 0.0720750018954277
v 0.006519999820739031 -0.3388330042362213 0.07172200083732605
v 0.006300999782979488 -0.3388569951057434 0.07174599915742874
v 0.005051000043749809 -0.3384940028190613 0.07236800342798233
v 0.004364999942481518 -0.33873599767684937 0.07328800112009048
v 0.004619999788701534 -0.33852100372314453 0.07293999940156937
v 0.00469100009649992 -0.33851999044418335 0.07278099656105042
v 0.007814999669790268 -0.339462012052536 0.07121100276708603
v 0.0069599999114871025 -0.33843499422073364 0.07181199640035629
v 0.00737799983471632 -0.3388569951057434 0.07150200009346008
v 0.010424000211060047 -0.34733301401138306 0.08246800303459167
v 0.010436000302433968 -0.34693700075149536 0.08266899734735489
v 0.010427000001072884 -0.3471260070800781 0.08256000280380249
v 0.010231000371277332 -0.3476240038871765 0.08251199871301651
v 0.007007000036537647 -0.3412359952926636 0.08457999676465988
v 0.007561999838799238 -0.3402310013771057 0.08437799662351608
v 0.006397000048309565 -0.3398819863796234 0.08434200286865234
v 0.005609999876469374 -0.33946898579597473 0.08399199694395065
v 0.005911000072956085 -0.3398109972476959 0.08421099931001663
v 0.005338000133633614 -0.33940601348876953 0.08380000293254852
v 0.00776199996471405 -0.34210899472236633 0.08461199700832367
v 0.009209999814629555 -0.34196099638938904 0.08438900113105774
v 0.009992999956011772 -0.3431819975376129 0.08408600091934204
v 0.009556000120937824 -0.3428800106048584 0.08426599949598312
v 0.01044899970293045 -0.34552401304244995 0.08324900269508362
v 0.01066800020635128 -0.34505099058151245 0.08338599652051926
v 0.01066299993544817 -0.3444949984550476 0.08357000350952148
v 0.010224999859929085 -0.3437730073928833 0.08389600366353989
v 0.010866999626159668 -0.3434959948062897 0.07652399688959122
v 0.010739999823272228 -0.3439840078353882 0.07534799724817276
v 0.010710000060498714 -0.34398001432418823 0.07561799883842468
v 0.010859999805688858 -0.34345200657844543 0.07677499949932098
v 0.011026999913156033 -0.34289801120758057 0.07869499921798706
v 0.011067000217735767 -0.3429259955883026 0.07765399664640427
v 0.011223999783396721 -0.34296101331710815 0.07941500097513199
v 0.010583999566733837 -0.347119003534317 0.08224199712276459
v 0.010603999719023705 -0.34700098633766174 0.08237899839878082
v 0.01080899965018034 -0.3463909924030304 0.08250299841165543
v 0.010983999818563461 -0.3460119962692261 0.08240900188684464
v 0.011189999990165234 -0.3454200029373169 0.08253400027751923
v 0.011516000144183636 -0.3449220061302185 0.08213099837303162
v 0.011888000182807446 -0.34328699111938477 0.08131799846887589
v 0.012000000104308128 -0.34131699800491333 0.08027499914169312
v 0.011970000341534615 -0.3422589898109436 0.080656997859478
v 0.011939000338315964 -0.3432750105857849 0.08155699819326401
v 0.011688999831676483 -0.3445209860801697 0.08203499764204025
v 0.011517999693751335 -0.34141701459884644 0.07863300293684006
v 0.011247999966144562 -0.3421129882335663 0.07879199832677841
v 0.011040999554097652 -0.34268900752067566 0.07866500318050385
v 0.0035800000187009573 -0.3386189937591553 0.0780550017952919
v 0.003531999886035919 -0.33866000175476074 0.07781799882650375
v 0.003628999926149845 -0.3385869860649109 0.07829199731349945
v 0.0036780000664293766 -0.33855700492858887 0.07852999866008759
v 0.003728999989107251 -0.33854401111602783 0.07876899838447571
v 0.00368599989451468 -0.3385849893093109 0.07751400023698807
v 0.0035890000872313976 -0.3386560082435608 0.07704000174999237
v 0.003700000001117587 -0.3386630117893219 0.07650300115346909
v 0.003777999896556139 -0.3385140001773834 0.07900699973106384
v 0.004831000231206417 -0.33959901332855225 0.08344800025224686
v 0.004871999844908714 -0.3389819860458374 0.08285000175237656
v 0.004954999778419733 -0.33911898732185364 0.08318199962377548
v 0.004724999889731407 -0.3390670120716095 0.08213700354099274
v 0.0051460000686347485 -0.3384830057621002 0.08220700174570084
v 0.004021000117063522 -0.3382909893989563 0.07917000353336334
v 0.004526999779045582 -0.33866000175476074 0.08137299865484238
v 0.004561999812722206 -0.3379189968109131 0.08076100051403046
v 0.004720000084489584 -0.337785005569458 0.08095700293779373
v 0.004213999956846237 -0.33813199400901794 0.08011599630117416
v 0.004507000092417002 -0.3378889858722687 0.0805170014500618
v 0.004160999786108732 -0.33813101053237915 0.07987599819898605
v 0.004114000126719475 -0.3381809890270233 0.07964000105857849
v 0.00406799977645278 -0.3382430076599121 0.07940500229597092
v 0.004672999959439039 -0.3390679955482483 0.08189599961042404
v 0.0036069999914616346 -0.33877700567245483 0.07603400200605392
v 0.003768000053241849 -0.3387640118598938 0.07573600113391876
v 0.003722999943420291 -0.33883699774742126 0.07550200074911118
v 0.003992999903857708 -0.33882901072502136 0.07466799765825272
v 0.004215999972075224 -0.33886298537254333 0.0735969990491867
v 0.004302999936044216 -0.338685005903244 0.07406099885702133
v 0.010978000238537788 -0.34351199865341187 0.07446300238370895
v 0.010750999674201012 -0.34400200843811035 0.07475800067186356
v 0.010963000357151031 -0.3432979881763458 0.07494799792766571
v 0.011241000145673752 -0.3430129885673523 0.07425399869680405
v 0.011362999677658081 -0.34301599860191345 0.07377099990844727
v 0.01129200030118227 -0.34351199865341187 0.07336399704217911
v 0.011278999969363213 -0.3436889946460724 0.07313600182533264
v 0.011296000331640244 -0.34351399540901184 0.07327699661254883
v 0.011373000219464302 -0.34301701188087463 0.07277099788188934
v 0.011381000280380249 -0.3421030044555664 0.07239899784326553
v 0.011122999712824821 -0.34214600920677185 0.07193700224161148
v 0.011014999821782112 -0.3415369987487793 0.07165899872779846
v 0.01018300000578165 -0.3396640121936798 0.07163699716329575
v 0.009960999712347984 -0.3395780026912689 0.07168400287628174
v 0.01040400005877018 -0.34033599495887756 0.07136300206184387
v 0.010664000175893307 -0.3407849967479706 0.07135699689388275
v 0.010972999967634678 -0.34122100472450256 0.07158199697732925
v 0.00951400026679039 -0.3393940031528473 0.07177700102329254
v 0.009763999842107296 -0.3392300009727478 0.07194600254297256
v 0.007884000428020954 -0.33859899640083313 0.07184600085020065
v 0.00860000029206276 -0.33881300687789917 0.07194100320339203
v 0.008290999568998814 -0.3394150137901306 0.07133500277996063
v 0.006823000032454729 -0.3388040065765381 0.0716399997472763
v 0.006732999812811613 -0.33881300687789917 0.07166700065135956
v 0.006302000023424625 -0.338797003030777 0.07177399843931198
v 0.006306000053882599 -0.33837300539016724 0.07194600254297256
v 0.006089999806135893 -0.3382979929447174 0.07202000170946121
v 0.0052720000967383385 -0.33814701437950134 0.07246900349855423
v 0.005067000165581703 -0.338238000869751 0.07253299653530121
v 0.0054790000431239605 -0.33808600902557373 0.07240699976682663
v 0.005688000004738569 -0.3380410075187683 0.0723470002412796
v 0.005900000222027302 -0.33802399039268494 0.07228899747133255
v 0.006519999820739031 -0.3388330042362213 0.07172200083732605
v 0.006519999820739031 -0.3388330042362213 0.07172200083732605
v 0.004867999814450741 -0.3383930027484894 0.07260499894618988
v 0.004749000072479248 -0.3382999897003174 0.07313299924135208
v 0.004406999796628952 -0.33863499760627747 0.07351800054311752
v 0.0045460001565515995 -0.3385140001773834 0.07346700131893158
v 0.004705999977886677 -0.33838701248168945 0.07290100306272507
v 0.006990000139921904 -0.33821600675582886 0.07203000038862228
v 0.0067529999651014805 -0.33832499384880066 0.071942999958992
v 0.007397000212222338 -0.33852899074554443 0.07170899957418442
v 0.007209999952465296 -0.33827701210975647 0.07198099792003632
v 0.010623999871313572 -0.34662699699401855 0.08260700106620789
v 0.010648000054061413 -0.345892995595932 0.08298999816179276
v 0.009019999764859676 -0.3415049910545349 0.0843840017914772
v 0.008918000385165215 -0.3405660092830658 0.08425500243902206
v 0.008798000402748585 -0.3396350145339966 0.0840430036187172
v 0.006767000071704388 -0.339370995759964 0.08415199816226959
v 0.008294999599456787 -0.3392139971256256 0.08396100252866745
v 0.006087999790906906 -0.33944401144981384 0.08411899954080582
v 0.005795999895781279 -0.3391900062561035 0.08390799909830093
v 0.005750999785959721 -0.33901500701904297 0.0837630033493042
v 0.006085999775677919 -0.33944499492645264 0.08411899954080582
v 0.0054419999942183495 -0.3388350009918213 0.08344600349664688
v 0.0051830001175403595 -0.33890700340270996 0.08326800167560577
v 0.009732999838888645 -0.34221601486206055 0.08428499847650528
v 0.0096859997138381 -0.3414349853992462 0.08435399830341339
v 0.011137000285089016 -0.34321099519729614 0.0835380032658577
v 0.011176000349223614 -0.3422510027885437 0.08362799882888794
v 0.010160000063478947 -0.3423430025577545 0.0841199979186058
v 0.01081900019198656 -0.34612900018692017 0.08264599740505219
v 0.010870000347495079 -0.34466999769210815 0.08341799676418304
v 0.010862999595701694 -0.3441910147666931 0.08355999737977982
v 0.011043000034987926 -0.3436970114707947 0.08352500200271606
v 0.010955000296235085 -0.3432829976081848 0.0759660005569458
v 0.010808000341057777 -0.3434959948062897 0.0755229964852333
v 0.011113000102341175 -0.3429679870605469 0.07613900303840637
v 0.011036000214517117 -0.34305301308631897 0.0764240026473999
v 0.01082799956202507 -0.3434999883174896 0.07530000060796738
v 0.01106599997729063 -0.34242698550224304 0.07837100327014923
v 0.011118000373244286 -0.34236499667167664 0.07809499651193619
v 0.011575000360608101 -0.34414300322532654 0.08269000053405762
v 0.011045999825000763 -0.34507301449775696 0.08303599804639816
v 0.011548999696969986 -0.3447360098361969 0.08235300332307816
v 0.012079999782145023 -0.34269100427627563 0.08170100301504135
v 0.01209999993443489 -0.3408229947090149 0.08043999969959259
v 0.011864000000059605 -0.34365400671958923 0.08211400359869003
v 0.011979999952018261 -0.3426780104637146 0.08248800039291382
v 0.01172299962490797 -0.34433698654174805 0.08225700259208679
v 0.011376000009477139 -0.3417760133743286 0.07846199721097946
v 0.011478000320494175 -0.34143099188804626 0.07839100062847137
v 0.011560999788343906 -0.34097200632095337 0.07856500148773193
v 0.011506999842822552 -0.34095299243927 0.07832299917936325
v 0.011506999842822552 -0.34095299243927 0.07832299917936325
v 0.003782999934628606 -0.33851099014282227 0.07798799872398376
v 0.0038799999747425318 -0.3384450078010559 0.07846300303936005
v 0.00392899988219142 -0.3384059965610504 0.0786999985575676
v 0.004155999980866909 -0.33848199248313904 0.07763300091028214
v 0.004271999932825565 -0.3385460078716278 0.07710299640893936
v 0.005497999954968691 -0.3383069932460785 0.08285599946975708
v 0.004933000076562166 -0.3386799991130829 0.08203300088644028
v 0.004747999832034111 -0.33824101090431213 0.08150199800729752
v 0.004838000051677227 -0.3385849893093109 0.0817909985780716
v 0.005512000061571598 -0.3378709852695465 0.08203399926424026
v 0.004220000002533197 -0.33814099431037903 0.07909899950027466
v 0.004745999816805124 -0.3376230001449585 0.08067599684000015
v 0.004801000002771616 -0.33764898777008057 0.08091899752616882
v 0.004860000219196081 -0.3377149999141693 0.08116599917411804
v 0.004403000231832266 -0.3378889858722687 0.08003599941730499
v 0.004354999866336584 -0.33793601393699646 0.07980000227689743
v 0.004310000222176313 -0.33799800276756287 0.07956600189208984
v 0.004265999887138605 -0.3380799889564514 0.07933299988508224
v 0.0040870001539587975 -0.33872300386428833 0.07513900101184845
v 0.004401999991387129 -0.3386420011520386 0.07453799992799759
v 0.004557000007480383 -0.3385719954967499 0.0742340013384819
v 0.004503999836742878 -0.3385629951953888 0.07399199903011322
v 0.010979999788105488 -0.3430129885673523 0.07516200095415115
v 0.010928000323474407 -0.3430100083351135 0.0754299983382225
v 0.010985000059008598 -0.34300199151039124 0.0751589983701706
v 0.011175000108778477 -0.34277498722076416 0.0750809982419014
v 0.011517000384628773 -0.34254199266433716 0.07318200170993805
v 0.01142099965363741 -0.3429799973964691 0.07300800085067749
v 0.011463000439107418 -0.3420870006084442 0.07263000309467316
v 0.011393999680876732 -0.34162798523902893 0.07233499735593796
v 0.01128700003027916 -0.341172993183136 0.07205100357532501
v 0.010432999581098557 -0.3395040035247803 0.07180599868297577
v 0.0099870003759861 -0.3393220007419586 0.07189899682998657
v 0.01065099984407425 -0.34030500054359436 0.07147199660539627
v 0.010660000145435333 -0.339821994304657 0.07169400155544281
v 0.010940000414848328 -0.34074801206588745 0.07157900184392929
v 0.009347000159323215 -0.3388279974460602 0.07225699722766876
v 0.009693999774754047 -0.33859899640083313 0.07290100306272507
v 0.008472000248730183 -0.33861100673675537 0.07220300287008286
v 0.007470000069588423 -0.33821699023246765 0.07215899974107742
v 0.007915999740362167 -0.3384000062942505 0.07206699997186661
v 0.006527999881654978 -0.3384009897708893 0.07191900163888931
v 0.006306999828666449 -0.3383289873600006 0.07196799665689468
v 0.006115000229328871 -0.3380320072174072 0.07223399728536606
v 0.005313999950885773 -0.33805400133132935 0.07270000129938126
v 0.005107000004500151 -0.3381190001964569 0.07276199758052826
v 0.004902999848127365 -0.3382219970226288 0.07282800227403641
v 0.0055229999125003815 -0.33800798654556274 0.07264000177383423
v 0.005733999889343977 -0.3379789888858795 0.07258100062608719
v 0.005946999881416559 -0.3379650115966797 0.07252400368452072
v 0.004652999807149172 -0.33843401074409485 0.073683001101017
v 0.004951000213623047 -0.33817800879478455 0.07306499779224396
v 0.00457700015977025 -0.33850300312042236 0.07371199876070023
v 0.006771000102162361 -0.33816400170326233 0.07208099961280823
v 0.007247000001370907 -0.33813101053237915 0.0722069963812828
v 0.006810999941080809 -0.3380509912967682 0.07231000065803528
v 0.007029000204056501 -0.3380880057811737 0.07225800305604935
v 0.006550000049173832 -0.3381040096282959 0.0721300020813942
v 0.009007999673485756 -0.33961400389671326 0.08397699892520905
v 0.00914200022816658 -0.3405430018901825 0.08425299823284149
v 0.008971000090241432 -0.33942100405693054 0.08387400209903717
v 0.007385999895632267 -0.3390760123729706 0.0839880034327507
v 0.006275000050663948 -0.33918699622154236 0.08403699845075607
v 0.007075999863445759 -0.3386409878730774 0.08375900238752365
v 0.00827800016850233 -0.3383510112762451 0.08315499871969223
v 0.007988999597728252 -0.33877700567245483 0.08375199884176254
v 0.007778000086545944 -0.338797003030777 0.08381199836730957
v 0.006087000016123056 -0.33944201469421387 0.08411800116300583
v 0.00610300013795495 -0.33851000666618347 0.08348800241947174
v 0.0056130001321434975 -0.3385680019855499 0.08329000324010849
v 0.005756999831646681 -0.33823299407958984 0.0830330029129982
v 0.009851000271737576 -0.34094399213790894 0.08425000309944153
v 0.011118999682366848 -0.34130099415779114 0.08371199667453766
v 0.011556999757885933 -0.3422360122203827 0.0833050012588501
v 0.011498999781906605 -0.3412710130214691 0.08339399844408035
v 0.011052999645471573 -0.3441759943962097 0.0833979994058609
v 0.01140700001269579 -0.3438979983329773 0.08304599672555923
v 0.0115769999101758 -0.3429569900035858 0.08313699811697006
v 0.010897000320255756 -0.3432210087776184 0.07571899890899658
v 0.01107299979776144 -0.34285199642181396 0.07562600076198578
v 0.010847999714314938 -0.34325098991394043 0.07548099756240845
v 0.011277999728918076 -0.3417769968509674 0.07696100324392319
v 0.011231999844312668 -0.34249699115753174 0.0755390003323555
v 0.011331000365316868 -0.3418470025062561 0.07822799682617188
v 0.011750999838113785 -0.3431679904460907 0.0828159973025322
v 0.0121069997549057 -0.3422060012817383 0.08188600093126297
v 0.012098000384867191 -0.3422180116176605 0.08163599669933319
v 0.012041999958455563 -0.340364009141922 0.08014299720525742
v 0.011567000299692154 -0.3409389853477478 0.0785600021481514
v 0.012102000415325165 -0.3398599922657013 0.08082599937915802
v 0.012044999748468399 -0.33987998962402344 0.08033499866724014
v 0.01217500027269125 -0.3407779932022095 0.08168599754571915
v 0.012137000449001789 -0.3403109908103943 0.0814720019698143
v 0.011823000386357307 -0.3436489999294281 0.08239799737930298
v 0.011811000294983387 -0.3422029912471771 0.08297999948263168
v 0.012001999653875828 -0.34132200479507446 0.08256299793720245
v 0.011436999775469303 -0.3414419889450073 0.07814899832010269
v 0.011454000137746334 -0.34096598625183105 0.07808399945497513
v 0.011506999842822552 -0.34095299243927 0.07832299917936325
v 0.0044280001893639565 -0.33808401226997375 0.07903700321912766
v 0.004511999897658825 -0.3383429944515228 0.07828599959611893
v 0.004683000035583973 -0.33843401074409485 0.07799799740314484
v 0.004538999870419502 -0.3385539948940277 0.07728800177574158
v 0.0059380000457167625 -0.33807098865509033 0.08288399875164032
v 0.0057680001482367516 -0.337772011756897 0.08220899850130081
v 0.005369000136852264 -0.33749398589134216 0.08151400089263916
v 0.004602000117301941 -0.3377409875392914 0.0799660012125969
v 0.0049430001527071 -0.3374530076980591 0.08060300350189209
v 0.004896000027656555 -0.33750098943710327 0.08036699891090393
v 0.004993999842554331 -0.33744099736213684 0.08084200322628021
v 0.0050490000285208225 -0.3374769985675812 0.08108700066804886
v 0.004515000153332949 -0.33791500329971313 0.07950100302696228
v 0.004658000078052282 -0.33864399790763855 0.07676000148057938
v 0.004296000115573406 -0.33867400884628296 0.07507800310850143
v 0.004776000045239925 -0.3387320041656494 0.07623200118541718
v 0.004889000207185745 -0.33875900506973267 0.07569699734449387
v 0.004765999969094992 -0.33851999044418335 0.07417400181293488
v 0.004708999767899513 -0.33847200870513916 0.07392799854278564
v 0.011021999642252922 -0.3428550064563751 0.07538499683141708
v 0.011239999905228615 -0.34250399470329285 0.07528399676084518
v 0.011229000054299831 -0.34250199794769287 0.07542899996042252
v 0.011390999890863895 -0.3420239984989166 0.07492899894714355
v 0.011579999700188637 -0.3415620028972626 0.07380399852991104
v 0.01152000017464161 -0.3418999910354614 0.0738620012998581
v 0.011467999778687954 -0.3418410122394562 0.07259699702262878
v 0.011559000238776207 -0.34064000844955444 0.0729290023446083
v 0.011603999882936478 -0.3406279981136322 0.0731699988245964
v 0.011642999947071075 -0.34061500430107117 0.07341299951076508
v 0.011482000350952148 -0.3416120111942291 0.07256399840116501
v 0.011393999680876732 -0.34162798523902893 0.07233499735593796
v 0.011393999680876732 -0.34162798523902893 0.07233499735593796
v 0.011307000182569027 -0.3411700129508972 0.0720990002155304
v 0.01126800011843443 -0.3406980037689209 0.07209199666976929
v 0.010695000179111958 -0.3394649922847748 0.07198700308799744
v 0.010502000339329243 -0.339154988527298 0.07225199788808823
v 0.010142000392079353 -0.338795006275177 0.07280900329351425
v 0.010924999602138996 -0.34026899933815 0.07170800119638443
v 0.010936000384390354 -0.33978500962257385 0.07196500152349472
v 0.008322999812662601 -0.33824899792671204 0.07295800000429153
v 0.008814999833703041 -0.338360995054245 0.07309900224208832
v 0.008004000410437584 -0.3382419943809509 0.07253199815750122
v 0.009428000077605247 -0.33859801292419434 0.07271599769592285
v 0.00827299989759922 -0.3382680118083954 0.0727199986577034
v 0.01001300010830164 -0.3386009931564331 0.0733259990811348
v 0.009305999614298344 -0.3384700119495392 0.07323899865150452
v 0.007511000148952007 -0.3381139934062958 0.07238999754190445
v 0.00773700000718236 -0.3382270038127899 0.07234500348567963
v 0.0072929998859763145 -0.33807098865509033 0.0724409967660904
v 0.006331999786198139 -0.33806300163269043 0.07218199968338013
v 0.0061610001139342785 -0.33796799182891846 0.07246799767017365
v 0.005367999896407127 -0.3380669951438904 0.07294200360774994
v 0.005158000160008669 -0.338111013174057 0.07300200313329697
v 0.005578999873250723 -0.33803901076316833 0.0728830024600029
v 0.005789999850094318 -0.33801698684692383 0.07282599806785583
v 0.006002999842166901 -0.33800700306892395 0.07276900112628937
v 0.006593999918550253 -0.3380120098590851 0.07236199826002121
v 0.0070779998786747456 -0.3380559980869293 0.0724949985742569
v 0.006862000096589327 -0.33803901076316833 0.07254999876022339
v 0.006645000074058771 -0.33800598978996277 0.07260199636220932
v 0.0063760001212358475 -0.3379789888858795 0.07241400331258774
v 0.009995000436902046 -0.3404589891433716 0.0840499997138977
v 0.009317000396549702 -0.3402169942855835 0.08413899689912796
v 0.009305999614298344 -0.339123010635376 0.08344300091266632
v 0.010758000425994396 -0.3399159908294678 0.08359800279140472
v 0.010882000438869 -0.33943599462509155 0.08330199867486954
v 0.009964999742805958 -0.33919399976730347 0.08333099633455276
v 0.008990000002086163 -0.33868899941444397 0.08318500220775604
v 0.006785999983549118 -0.3384009897708893 0.08354999870061874
v 0.007701000198721886 -0.3384769856929779 0.08357500284910202
v 0.007340000011026859 -0.3380480110645294 0.08310600370168686
v 0.008054000325500965 -0.3383120000362396 0.08317899703979492
v 0.007842999882996082 -0.3382839858531952 0.08325999975204468
v 0.008256999775767326 -0.33829501271247864 0.08307600021362305
v 0.008852999657392502 -0.3382039964199066 0.08273199945688248
v 0.006297999992966652 -0.33832600712776184 0.08341299742460251
v 0.006432000081986189 -0.3380480110645294 0.08308800309896469
v 0.00636200001463294 -0.33787500858306885 0.08282999694347382
v 0.011272000148892403 -0.3408139944076538 0.08355399966239929
v 0.011896999552845955 -0.34124699234962463 0.08283600211143494
v 0.01140700001269579 -0.3403320014476776 0.08331199735403061
v 0.0114120002835989 -0.34154000878334045 0.07511600106954575
v 0.011320999823510647 -0.3411810100078583 0.07738299667835236
v 0.011301999911665916 -0.34057000279426575 0.07603900134563446
v 0.012076999992132187 -0.34077000617980957 0.08222000300884247
v 0.01152000017464161 -0.34047800302505493 0.07825899869203568
v 0.01181500032544136 -0.3399350047111511 0.07938399910926819
v 0.01194700039923191 -0.3394159972667694 0.08030100166797638
v 0.011970000341534615 -0.33938199281692505 0.08130799978971481
v 0.01203100010752678 -0.3398340046405792 0.08185800164937973
v 0.011986999772489071 -0.34029701352119446 0.08243700116872787
v 0.011452999897301197 -0.34094199538230896 0.07808099687099457
v 0.004767000209540129 -0.3377769887447357 0.07967299968004227
v 0.004993999842554331 -0.33837100863456726 0.07841800153255463
v 0.004776000045239925 -0.3383300006389618 0.07846900075674057
v 0.005390999838709831 -0.338578999042511 0.07808700203895569
v 0.005615000147372484 -0.3386690020561218 0.0780399963259697
v 0.005125999916344881 -0.3388200104236603 0.07691500335931778
v 0.005783999804407358 -0.3371799886226654 0.08145400136709213
v 0.005675000138580799 -0.33719301223754883 0.08139599859714508
v 0.005305000115185976 -0.33737000823020935 0.08126100152730942
v 0.005501000210642815 -0.33719900250434875 0.08118800073862076
v 0.005148000083863735 -0.3373650014400482 0.08053799718618393
v 0.00519599998369813 -0.33733001351356506 0.08077599853277206
v 0.005417999811470509 -0.3372339904308319 0.0809599980711937
v 0.005154999904334545 -0.3388569951057434 0.07564099878072739
v 0.005375000182539225 -0.3387660086154938 0.0748089998960495
v 0.004978000186383724 -0.33849799633026123 0.07411599904298782
v 0.004916999954730272 -0.3384130001068115 0.07386600226163864
v 0.011566000059247017 -0.3401489853858948 0.07337400317192078
v 0.011397000402212143 -0.341154009103775 0.07227399945259094
v 0.011296000331640244 -0.34013599157333374 0.0724250003695488
v 0.011490000411868095 -0.34059199690818787 0.07472100108861923
v 0.011578000150620937 -0.3403550088405609 0.07365000247955322
v 0.011125000193715096 -0.3402389883995056 0.0719740018248558
v 0.011013000272214413 -0.3394570052623749 0.07241199910640717
v 0.010774999856948853 -0.33921998739242554 0.07244399935007095
v 0.01068899966776371 -0.3389450013637543 0.0731939971446991
v 0.010393000207841396 -0.338703989982605 0.07400300353765488
v 0.010471000336110592 -0.3388339877128601 0.07349099963903427
v 0.011246999725699425 -0.33972999453544617 0.07264000177383423
v 0.008593999780714512 -0.3382990062236786 0.07314900308847427
v 0.008220000192523003 -0.3383069932460785 0.07350099831819534
v 0.007892999798059464 -0.3382200002670288 0.07306700199842453
v 0.009321000427007675 -0.33845600485801697 0.07425100356340408
v 0.007782999891787767 -0.3381659984588623 0.0725800022482872
v 0.007619000039994717 -0.33814099431037903 0.07287400215864182
v 0.010115999728441238 -0.3385849893093109 0.07380600273609161
v 0.009820000268518925 -0.3383980095386505 0.07563900202512741
v 0.010153000243008137 -0.33849701285362244 0.0750569999217987
v 0.0073460000567138195 -0.3380799889564514 0.07268299907445908
v 0.007561999838799238 -0.33809301257133484 0.07262799888849258
v 0.007133000064641237 -0.3380880057811737 0.07273899763822556
v 0.00621700007468462 -0.33800598978996277 0.07271300256252289
v 0.00546699995175004 -0.3385930061340332 0.07425399869680405
v 0.006490999832749367 -0.3380880057811737 0.0729060024023056
v 0.006430999841541052 -0.33799999952316284 0.07265599817037582
v 0.006918999832123518 -0.3380909860134125 0.07279500365257263
v 0.006705000065267086 -0.3380889892578125 0.07285100221633911
v 0.00937500037252903 -0.3386180102825165 0.08290299773216248
v 0.011347999796271324 -0.3398660123348236 0.08320599794387817
v 0.011253000237047672 -0.33940398693084717 0.08302299678325653
v 0.010363000445067883 -0.3390200138092041 0.08314400166273117
v 0.010981000028550625 -0.33896198868751526 0.08288700133562088
v 0.010507999919354916 -0.3387269973754883 0.08287700265645981
v 0.01014699973165989 -0.3390420079231262 0.08317899703979492
v 0.007984999567270279 -0.3380880057811737 0.08294299989938736
v 0.007701999973505735 -0.337911993265152 0.08274000138044357
v 0.006641000043600798 -0.33799099922180176 0.08303099870681763
v 0.0074880002066493034 -0.3373419940471649 0.0819609984755516
v 0.008515999652445316 -0.33781298995018005 0.08235900104045868
v 0.009216999635100365 -0.3380799889564514 0.08236700296401978
v 0.009511999785900116 -0.3383769989013672 0.0825830027461052
v 0.008051999844610691 -0.3376550078392029 0.08236200362443924
v 0.005969999823719263 -0.3370809853076935 0.08130600303411484
v 0.006732000038027763 -0.337240993976593 0.08163599669933319
v 0.006382000166922808 -0.33749398589134216 0.08201400190591812
v 0.0070039997808635235 -0.3373030126094818 0.08182699978351593
v 0.011594000272452831 -0.3403170108795166 0.08313699811697006
v 0.011335000395774841 -0.34068700671195984 0.07553599774837494
v 0.011433999985456467 -0.3405889868736267 0.07498999685049057
v 0.011408999562263489 -0.34058400988578796 0.07524999976158142
v 0.011398999951779842 -0.3400239944458008 0.07797800004482269
v 0.011181999929249287 -0.33975300192832947 0.07621999830007553
v 0.011269999668002129 -0.3400459885597229 0.07547199726104736
v 0.01148299966007471 -0.33951500058174133 0.07873699814081192
v 0.01155600044876337 -0.3395020067691803 0.07888799905776978
v 0.01159599982202053 -0.33900099992752075 0.07957600057125092
v 0.011514999903738499 -0.33901700377464294 0.07934500277042389
v 0.011901999823749065 -0.3391909897327423 0.08079300075769424
v 0.011749000288546085 -0.33896100521087646 0.08029499650001526
v 0.011700999923050404 -0.3393769860267639 0.08239399641752243
v 0.011761999689042568 -0.3389280140399933 0.08128999918699265
v 0.011726999655365944 -0.33892300724983215 0.08156699687242508
v 0.011528000235557556 -0.3398520052433014 0.08300100266933441
v 0.01167299970984459 -0.33967098593711853 0.08269300311803818
v 0.005865999963134527 -0.33806300163269043 0.07942300289869308
v 0.005245000123977661 -0.3377529978752136 0.07980000227689743
v 0.0056420001201331615 -0.33888399600982666 0.07704299688339233
v 0.006142000202089548 -0.3386250138282776 0.078405000269413
v 0.005834999959915876 -0.33873701095581055 0.07799100130796432
v 0.005869000218808651 -0.33896300196647644 0.07597699761390686
v 0.005760000087320805 -0.33713099360466003 0.08136600255966187
v 0.005704999901354313 -0.3370960056781769 0.0811220034956932
v 0.005659000016748905 -0.33715400099754333 0.08088699728250504
v 0.0053170002065598965 -0.3374359905719757 0.08024899661540985
v 0.005404000170528889 -0.3372710049152374 0.08071299642324448
v 0.005601999815553427 -0.3388350009918213 0.07479199767112732
v 0.01141900010406971 -0.3396809995174408 0.07360699772834778
v 0.011474999599158764 -0.34012699127197266 0.07441200315952301
v 0.011424999684095383 -0.3398680090904236 0.07311999797821045
v 0.011386999860405922 -0.34011998772621155 0.07494200021028519
v 0.01109199970960617 -0.3392550051212311 0.07312899827957153
v 0.010916000232100487 -0.3390659987926483 0.07315000146627426
v 0.011087000370025635 -0.339231014251709 0.07389000058174133
v 0.010560999624431133 -0.3388189971446991 0.07473699748516083
v 0.010793999768793583 -0.3390049934387207 0.0746999979019165
v 0.01091300044208765 -0.33909299969673157 0.0741719976067543
v 0.008036999963223934 -0.33867499232292175 0.07461299747228622
v 0.007466999813914299 -0.33866000175476074 0.07406999915838242
v 0.007404999807476997 -0.3381420075893402 0.0729300007224083
v 0.010483000427484512 -0.33861398696899414 0.07549399882555008
v 0.010257000103592873 -0.3384929895401001 0.07553800195455551
v 0.009686999954283237 -0.3382279872894287 0.0771780014038086
v 0.009445000439882278 -0.33841100335121155 0.07599300146102905
v 0.007019000127911568 -0.33870700001716614 0.07407400012016296
v 0.006874999962747097 -0.3387889862060547 0.0744210034608841
v 0.010005000047385693 -0.338595986366272 0.0826909989118576
v 0.011411000043153763 -0.3391999900341034 0.08270099759101868
v 0.010294999927282333 -0.3387410044670105 0.08293399959802628
v 0.011323999613523483 -0.3388519883155823 0.08242499828338623
v 0.01109199970960617 -0.338672012090683 0.08246300369501114
v 0.010320000350475311 -0.3385629951953888 0.08264999836683273
v 0.010226000100374222 -0.33857500553131104 0.082676000893116
v 0.010577999986708164 -0.3383379876613617 0.08229999989271164
v 0.007703000213950872 -0.3373520076274872 0.08190599828958511
v 0.0074269999749958515 -0.33725500106811523 0.08171100169420242
v 0.009100999683141708 -0.3377619981765747 0.08195199817419052
v 0.008702999912202358 -0.3377479910850525 0.08220499753952026
v 0.008483000099658966 -0.33769598603248596 0.08225499838590622
v 0.009878999553620815 -0.33828499913215637 0.08222100138664246
v 0.008197000250220299 -0.3374890089035034 0.08204899728298187
v 0.007918000221252441 -0.33736300468444824 0.08185099810361862
v 0.006225999910384417 -0.33713299036026 0.08142700046300888
v 0.006616000086069107 -0.33713299036026 0.08114399760961533
v 0.006568000186234713 -0.33716899156570435 0.08090700209140778
v 0.005915999878197908 -0.3370720148086548 0.08106400072574615
v 0.006521999835968018 -0.3372809886932373 0.08169600367546082
v 0.0066709998063743114 -0.3371579945087433 0.081386998295784
v 0.0070500001311302185 -0.3371869921684265 0.0810369998216629
v 0.011361000128090382 -0.3401130139827728 0.07520200312137604
v 0.011269999668002129 -0.33956098556518555 0.07795300334692001
v 0.011103999800980091 -0.33949699997901917 0.07595399767160416
v 0.011048000305891037 -0.33913999795913696 0.07694000005722046
v 0.011183000169694424 -0.3396559953689575 0.07519099861383438
v 0.011137000285089016 -0.3390839993953705 0.07843499630689621
v 0.011225000023841858 -0.33906498551368713 0.07875700294971466
v 0.011451000347733498 -0.3385159969329834 0.08031599968671799
v 0.01133000012487173 -0.3387469947338104 0.07935900241136551
v 0.011578000150620937 -0.3386189937591553 0.08055000007152557
v 0.011536000296473503 -0.3389270007610321 0.08212599903345108
v 0.011427000164985657 -0.33848699927330017 0.08133500069379807
v 0.011482000350952148 -0.33849599957466125 0.08081399649381638
v 0.0114120002835989 -0.33863699436187744 0.08186700195074081
v 0.005532999988645315 -0.337460994720459 0.08019600063562393
v 0.006831999868154526 -0.33858799934387207 0.07847599685192108
v 0.006564000155776739 -0.3381040096282959 0.07950100302696228
v 0.006816999986767769 -0.3379789888858795 0.07967299968004227
v 0.006697999779134989 -0.3375990092754364 0.08016499876976013
v 0.006054999772459269 -0.3371709883213043 0.08078599721193314
v 0.006173000205308199 -0.33887699246406555 0.07741300016641617
v 0.006240000016987324 -0.33897000551223755 0.07664400339126587
v 0.00674099987372756 -0.3387089967727661 0.07800599932670593
v 0.007098000030964613 -0.33899399638175964 0.07642299681901932
v 0.006248000077903271 -0.33899301290512085 0.07562799751758575
v 0.005872000008821487 -0.3371509909629822 0.08083099871873856
v 0.00634900014847517 -0.3389100134372711 0.07508199661970139
v 0.01129200030118227 -0.3397029936313629 0.07465899735689163
v 0.011122000403702259 -0.33923599123954773 0.07362700253725052
v 0.011210000142455101 -0.33934199810028076 0.07336299866437912
v 0.01104000024497509 -0.3392280042171478 0.07415600121021271
v 0.010944999754428864 -0.33920300006866455 0.07532200217247009
v 0.007937000133097172 -0.3387660086154938 0.0751589983701706
v 0.010831999592483044 -0.3389190137386322 0.0759510025382042
v 0.010592999868094921 -0.33867600560188293 0.0759819969534874
v 0.010192000307142735 -0.33842000365257263 0.0763079971075058
v 0.010463000275194645 -0.33846598863601685 0.07649800181388855
v 0.009259999729692936 -0.33823901414871216 0.07728999853134155
v 0.0077760000713169575 -0.33883699774742126 0.07648099958896637
v 0.009436000138521194 -0.33792200684547424 0.07822100073099136
v 0.010289999656379223 -0.3383620083332062 0.07678399980068207
v 0.010214000009000301 -0.3381749987602234 0.0775429978966713
v 0.010387999936938286 -0.3382970094680786 0.07725899666547775
v 0.010339000262320042 -0.338331013917923 0.0770220011472702
v 0.010092999786138535 -0.3380660116672516 0.07806900143623352
v 0.007311000023037195 -0.3389280140399933 0.07534199953079224
v 0.011025000363588333 -0.33852100372314453 0.08220700174570084
v 0.01030299998819828 -0.3382450044155121 0.08210600167512894
v 0.010452000424265862 -0.3381179869174957 0.08179599791765213
v 0.008073000237345695 -0.3372949957847595 0.08154799789190292
v 0.0076939999125897884 -0.33721500635147095 0.080874003469944
v 0.010018999688327312 -0.338142991065979 0.08191200345754623
v 0.010161999613046646 -0.33788201212882996 0.08158800005912781
v 0.009882000274956226 -0.33774998784065247 0.08138900250196457
v 0.009379999712109566 -0.33753401041030884 0.08123800158500671
v 0.008847000077366829 -0.33757200837135315 0.0818910002708435
v 0.008349999785423279 -0.33741098642349243 0.08174499869346619
v 0.008129999972879887 -0.3373959958553314 0.08177699893712997
v 0.007648000027984381 -0.3372670114040375 0.08063799887895584
v 0.006703000050038099 -0.3374139964580536 0.08039399981498718
v 0.010986999608576298 -0.33896398544311523 0.07769600301980972
v 0.010781999677419662 -0.3385330140590668 0.07794900238513947
v 0.010803000070154667 -0.338687002658844 0.07694599777460098
v 0.010904000140726566 -0.33871400356292725 0.07844900339841843
v 0.010985000059008598 -0.3386009931564331 0.07917600125074387
v 0.010857000015676022 -0.33862999081611633 0.07870499789714813
v 0.011246000416576862 -0.33855900168418884 0.07961200177669525
v 0.011157999746501446 -0.3381839990615845 0.08085799962282181
v 0.011137000285089016 -0.33844301104545593 0.07962500303983688
v 0.011281000450253487 -0.3383130133152008 0.08033400028944016
v 0.01118400041013956 -0.33849701285362244 0.08190800249576569
v 0.007542999926954508 -0.3386949896812439 0.07754100114107132
v 0.008139999583363533 -0.33831098675727844 0.07835400104522705
v 0.007860999554395676 -0.3379789888858795 0.07927300035953522
v 0.0072479997761547565 -0.3380039930343628 0.07956399768590927
v 0.006779999937862158 -0.33812499046325684 0.07944700121879578
v 0.0076060001738369465 -0.3373740017414093 0.0804079994559288
v 0.007282999809831381 -0.33876100182533264 0.07736299932003021
v 0.007468000054359436 -0.33893299102783203 0.07606499642133713
v 0.007404999807476997 -0.33888599276542664 0.07683899998664856
v 0.010510999709367752 -0.3384299874305725 0.0767349973320961
v 0.0086260000243783 -0.3384310007095337 0.07742299884557724
v 0.008635000325739384 -0.3384070098400116 0.07747499644756317
v 0.009101999923586845 -0.33781901001930237 0.07880400121212006
v 0.008466999977827072 -0.33834201097488403 0.07776399701833725
v 0.009751000441610813 -0.33788201212882996 0.07864300161600113
v 0.010437999852001667 -0.33827298879623413 0.07749699801206589
v 0.01054299995303154 -0.33828499913215637 0.07797899842262268
v 0.010418999940156937 -0.3382149934768677 0.0782570019364357
v 0.010614000260829926 -0.3384160101413727 0.07721500098705292
v 0.010560999624431133 -0.3384149968624115 0.07697500288486481
v 0.010405000299215317 -0.33820000290870667 0.07876800000667572
v 0.010425999760627747 -0.33820900321006775 0.07850900292396545
v 0.010501000098884106 -0.3379859924316406 0.07998699694871902
v 0.0103150000795722 -0.33779600262641907 0.08128199726343155
v 0.010761000216007233 -0.33797401189804077 0.08118899911642075
v 0.008315999992191792 -0.3373819887638092 0.08159299939870834
v 0.008453000336885452 -0.337336003780365 0.0812000036239624
v 0.008342999964952469 -0.33728501200675964 0.08071400225162506
v 0.007861999794840813 -0.3372730016708374 0.08058299869298935
v 0.009986000135540962 -0.3376860022544861 0.08084499835968018
v 0.009325000457465649 -0.3374969959259033 0.08099400252103806
v 0.00878399983048439 -0.33746498823165894 0.08163899928331375
v 0.010724999941885471 -0.3384850025177002 0.07770399749279022
v 0.010599000379443169 -0.3383210003376007 0.07822400331497192
v 0.01081900019198656 -0.3384369909763336 0.07919900119304657
v 0.010913999751210213 -0.3380950093269348 0.08040200173854828
v 0.010703000240027905 -0.337911993265152 0.08094199746847153
v 0.00821600016206503 -0.3384920060634613 0.07759399712085724
v 0.00837900023907423 -0.3375779986381531 0.0797249972820282
v 0.00825200043618679 -0.3374139964580536 0.0802450031042099
v 0.00846800021827221 -0.3384450078010559 0.07752300053834915
v 0.009146000258624554 -0.3377409875392914 0.07903700321912766
v 0.009956000372767448 -0.3378489911556244 0.07960300147533417
v 0.009589999914169312 -0.33779799938201904 0.07918299734592438
v 0.010325999930500984 -0.3378460109233856 0.08026900142431259
v 0.010005000047385693 -0.33782100677490234 0.07983999699354172
v 0.00900300033390522 -0.3374600112438202 0.0805639997124672
v 0.009708000347018242 -0.3375740051269531 0.0806490033864975
v 0.008636999875307083 -0.3375059962272644 0.07990200072526932
v 0.009387999773025513 -0.33755001425743103 0.08022099733352661
v 0.00955899991095066 -0.3376469910144806 0.0799349993467331
v 0.009700999595224857 -0.3377709984779358 0.07965900003910065
v 0.00973500031977892 -0.33778101205825806 0.07965199649333954
v 0.009783999994397163 -0.3377540111541748 0.07988999783992767
v 0.010053999722003937 -0.3377879858016968 0.08007799834012985
v 0.009875000454485416 -0.33773699402809143 0.08011800050735474
v 0.009832000359892845 -0.33771398663520813 0.08012600243091583
v 0.009783999994397163 -0.3377540111541748 0.07988999783992767
v 0.009783999994397163 -0.3377540111541748 0.07988999783992767
f 1 2 3
f 3 4 1
f 2 1 5
f 1 6 7
f 1 4 6
f 1 8 5
f 8 1 7
f 2 9 3
f 5 9 2
f 10 3 11
f 3 9 12
f 12 11 3
f 3 10 4
f 4 13 6
f 10 13 4
f 14 9 5
f 5 15 16
f 16 14 5
f 5 8 17
f 17 15 5
f 7 6 18
f 19 20 6
f 6 13 19
f 6 20 18
f 7 18 21
f 7 22 8
f 7 21 22
f 23 8 22
f 17 8 24
f 24 8 23
f 14 25 9
f 9 25 12
f 26 10 11
f 27 10 26
f 10 27 13
f 11 28 26
f 11 29 28
f 30 31 11
f 11 12 30
f 31 29 11
f 30 12 25
f 27 32 13
f 19 13 32
f 33 25 14
f 33 14 16
f 34 16 15
f 15 17 35
f 34 15 35
f 36 33 16
f 36 16 37
f 37 16 34
f 17 24 38
f 35 17 38
f 18 20 39
f 40 18 41
f 18 40 21
f 18 39 41
f 19 39 20
f 42 19 32
f 39 19 42
f 22 21 40
f 43 22 40
f 44 22 43
f 23 22 44
f 45 23 44
f 38 24 23
f 38 23 46
f 46 23 45
f 25 31 30
f 47 31 25
f 48 47 25
f 25 33 48
f 26 49 50
f 49 26 51
f 26 50 27
f 28 51 26
f 52 27 50
f 52 32 27
f 53 51 28
f 54 28 29
f 28 54 55
f 55 53 28
f 31 54 29
f 54 31 55
f 56 55 31
f 57 31 47
f 56 31 57
f 42 32 52
f 33 58 48
f 59 33 60
f 33 36 60
f 61 58 33
f 61 33 59
f 37 34 62
f 62 34 35
f 62 35 63
f 63 35 38
f 60 36 37
f 60 37 64
f 62 65 37
f 37 66 67
f 64 37 68
f 68 37 67
f 37 65 66
f 46 63 38
f 41 39 42
f 41 69 40
f 40 69 43
f 69 41 42
f 42 52 70
f 70 71 42
f 42 71 69
f 43 72 73
f 69 72 43
f 74 75 43
f 76 44 43
f 74 43 73
f 43 75 76
f 44 77 45
f 44 76 77
f 45 77 78
f 79 46 45
f 79 45 78
f 46 80 63
f 46 79 81
f 82 46 83
f 46 81 83
f 82 84 46
f 84 80 46
f 48 57 47
f 58 57 48
f 50 49 85
f 85 49 86
f 49 51 86
f 87 50 88
f 87 89 50
f 50 85 88
f 50 89 52
f 90 86 51
f 90 51 53
f 52 89 70
f 53 91 90
f 53 92 91
f 55 92 53
f 55 56 93
f 93 92 55
f 93 56 94
f 56 95 96
f 96 94 56
f 56 58 95
f 56 57 58
f 97 98 58
f 98 95 58
f 58 61 97
f 64 59 60
f 59 99 61
f 99 59 64
f 100 61 101
f 100 97 61
f 101 61 99
f 62 102 65
f 102 62 63
f 63 80 103
f 103 102 63
f 64 104 99
f 64 68 105
f 104 64 105
f 102 66 65
f 67 66 103
f 66 102 103
f 67 103 80
f 68 67 106
f 106 67 107
f 84 67 80
f 107 67 84
f 106 105 68
f 108 69 71
f 108 109 69
f 69 109 72
f 89 110 70
f 111 70 110
f 70 111 112
f 70 112 113
f 70 113 71
f 71 113 114
f 115 71 114
f 109 71 116
f 71 115 116
f 109 108 71
f 72 117 73
f 72 109 118
f 117 72 118
f 73 119 74
f 73 117 120
f 120 121 73
f 119 73 121
f 122 75 74
f 123 124 74
f 74 119 123
f 125 74 124
f 74 125 122
f 75 122 126
f 126 76 75
f 126 77 76
f 127 77 126
f 77 127 78
f 78 127 128
f 79 78 128
f 81 79 129
f 129 79 128
f 129 130 81
f 131 81 130
f 83 81 131
f 83 132 82
f 133 134 82
f 134 84 82
f 133 82 132
f 83 135 136
f 137 132 83
f 135 83 138
f 83 131 139
f 139 138 83
f 83 136 137
f 84 134 107
f 85 140 88
f 85 86 140
f 86 141 140
f 86 90 141
f 88 140 87
f 142 87 141
f 87 140 141
f 142 110 87
f 89 87 110
f 143 141 90
f 90 91 143
f 144 143 91
f 91 92 144
f 92 145 144
f 92 93 145
f 93 146 145
f 94 146 93
f 147 94 148
f 147 149 94
f 96 148 94
f 94 149 150
f 150 146 94
f 95 148 96
f 98 151 95
f 152 148 95
f 95 151 152
f 153 98 97
f 154 153 97
f 97 100 155
f 155 154 97
f 156 98 153
f 151 98 156
f 157 158 99
f 99 159 157
f 159 99 104
f 101 99 158
f 158 100 101
f 100 160 155
f 158 160 100
f 159 104 161
f 104 105 162
f 162 163 104
f 104 163 164
f 164 161 104
f 106 162 105
f 107 165 106
f 106 165 166
f 166 163 106
f 163 162 106
f 107 134 165
f 116 118 109
f 167 110 142
f 110 167 168
f 110 168 111
f 111 168 112
f 112 168 169
f 169 114 112
f 113 112 114
f 169 170 114
f 171 114 170
f 114 172 115
f 172 114 171
f 115 172 116
f 173 118 116
f 172 173 116
f 118 174 117
f 117 174 120
f 173 175 118
f 118 175 174
f 121 176 119
f 123 119 176
f 120 174 177
f 120 178 179
f 120 177 178
f 121 120 179
f 179 180 121
f 181 121 180
f 176 121 181
f 122 125 126
f 123 182 124
f 123 176 182
f 125 124 183
f 124 182 183
f 126 125 183
f 126 128 127
f 183 184 126
f 129 128 126
f 126 184 129
f 185 129 184
f 130 129 185
f 186 187 130
f 130 185 186
f 131 130 187
f 188 139 131
f 131 187 188
f 132 137 133
f 137 189 133
f 134 133 189
f 165 134 189
f 190 136 135
f 135 138 191
f 192 193 135
f 190 135 193
f 192 135 191
f 194 137 136
f 190 194 136
f 137 194 189
f 195 138 139
f 138 196 191
f 195 197 138
f 198 196 138
f 138 197 198
f 197 139 188
f 197 195 139
f 141 143 142
f 142 199 167
f 143 199 142
f 200 199 143
f 143 144 200
f 201 202 144
f 144 145 201
f 202 200 144
f 145 203 201
f 145 146 203
f 150 203 146
f 147 148 204
f 205 206 147
f 147 207 208
f 206 207 147
f 149 147 208
f 209 205 147
f 147 204 209
f 148 210 204
f 152 210 148
f 150 149 208
f 150 201 203
f 150 211 201
f 208 211 150
f 151 156 212
f 212 152 151
f 152 213 210
f 212 213 152
f 156 153 214
f 214 153 215
f 154 215 153
f 154 216 215
f 217 154 155
f 216 154 217
f 218 155 219
f 217 155 218
f 219 155 160
f 156 220 212
f 214 220 156
f 158 157 221
f 221 157 159
f 158 222 160
f 158 221 223
f 223 222 158
f 161 221 159
f 219 160 224
f 225 224 160
f 222 225 160
f 226 221 161
f 227 161 164
f 226 161 227
f 163 228 164
f 229 228 163
f 229 163 166
f 164 228 227
f 189 166 165
f 229 166 230
f 189 230 166
f 199 231 167
f 167 232 168
f 232 167 231
f 232 169 168
f 232 170 169
f 233 170 234
f 234 170 232
f 170 233 235
f 235 236 170
f 170 236 237
f 171 170 237
f 171 238 172
f 237 238 171
f 172 239 173
f 240 241 172
f 172 241 239
f 172 238 240
f 173 242 175
f 243 242 173
f 173 239 243
f 174 175 244
f 174 244 177
f 242 245 175
f 175 245 244
f 182 176 181
f 177 246 247
f 245 177 244
f 246 177 245
f 177 247 178
f 179 178 248
f 249 178 247
f 178 249 250
f 250 251 178
f 251 248 178
f 252 179 248
f 252 253 179
f 179 253 254
f 180 179 254
f 254 181 180
f 181 255 183
f 183 182 181
f 256 181 254
f 255 181 256
f 184 183 257
f 257 183 255
f 258 184 257
f 184 258 259
f 184 259 185
f 260 186 185
f 185 259 260
f 261 187 186
f 186 262 263
f 186 263 261
f 264 262 186
f 264 186 260
f 188 187 261
f 261 263 188
f 197 188 263
f 265 189 194
f 266 230 189
f 266 189 265
f 267 268 190
f 269 190 193
f 194 190 268
f 270 267 190
f 190 269 270
f 271 272 191
f 191 196 271
f 272 192 191
f 193 192 273
f 274 275 192
f 275 273 192
f 272 276 192
f 277 274 192
f 276 277 192
f 193 273 269
f 194 278 265
f 268 278 194
f 196 198 271
f 197 279 198
f 279 197 280
f 197 263 280
f 198 279 271
f 281 282 199
f 282 231 199
f 281 199 200
f 200 202 281
f 283 202 201
f 211 283 201
f 281 202 283
f 204 210 209
f 205 284 206
f 205 285 286
f 287 285 205
f 205 209 288
f 286 284 205
f 287 205 288
f 206 289 207
f 284 289 206
f 211 208 207
f 207 290 211
f 289 290 207
f 209 210 288
f 210 213 288
f 290 283 211
f 213 212 220
f 213 291 292
f 292 287 213
f 287 288 213
f 213 220 291
f 214 293 220
f 294 293 214
f 214 295 294
f 215 295 214
f 216 295 215
f 216 296 295
f 217 296 216
f 217 297 296
f 218 297 217
f 298 218 219
f 297 218 299
f 299 218 298
f 224 298 219
f 220 293 291
f 300 223 221
f 226 301 221
f 221 301 300
f 302 225 222
f 223 302 222
f 223 303 304
f 302 223 304
f 223 300 305
f 303 223 305
f 306 298 224
f 224 225 306
f 306 225 302
f 301 226 307
f 307 226 308
f 227 309 226
f 308 226 310
f 226 309 310
f 227 228 309
f 229 309 228
f 311 312 229
f 313 309 229
f 229 312 313
f 230 314 229
f 229 314 311
f 230 266 314
f 231 315 234
f 316 231 317
f 316 315 231
f 282 317 231
f 231 234 232
f 234 318 233
f 318 235 233
f 318 234 319
f 320 319 234
f 320 234 315
f 235 318 321
f 322 236 235
f 321 323 235
f 235 323 322
f 237 236 322
f 237 322 324
f 237 324 238
f 324 240 238
f 239 325 243
f 326 239 241
f 325 239 326
f 327 241 240
f 240 324 328
f 328 327 240
f 241 327 329
f 326 241 329
f 242 243 245
f 246 243 325
f 245 243 246
f 247 246 325
f 325 330 247
f 247 331 249
f 330 331 247
f 248 251 332
f 248 332 333
f 248 333 252
f 334 249 331
f 335 249 334
f 250 249 335
f 335 251 250
f 335 332 251
f 336 337 252
f 338 336 252
f 338 252 333
f 253 252 337
f 253 337 254
f 254 337 339
f 254 339 256
f 255 340 341
f 257 255 341
f 340 255 256
f 342 256 339
f 343 256 342
f 256 343 344
f 256 344 340
f 345 258 257
f 341 345 257
f 259 258 345
f 260 259 345
f 260 345 264
f 263 262 280
f 346 347 262
f 262 264 346
f 280 262 347
f 345 348 264
f 264 349 346
f 264 350 351
f 264 351 352
f 264 353 350
f 264 348 353
f 349 264 352
f 265 278 266
f 354 266 278
f 355 314 266
f 354 355 266
f 268 267 356
f 356 267 357
f 270 357 267
f 278 268 354
f 356 354 268
f 270 269 358
f 269 273 358
f 270 358 359
f 359 357 270
f 271 360 272
f 361 362 271
f 271 362 360
f 271 363 361
f 271 279 363
f 364 365 272
f 272 366 276
f 272 360 367
f 367 364 272
f 365 366 272
f 358 273 368
f 368 273 275
f 275 274 368
f 369 368 274
f 274 277 369
f 370 371 276
f 371 277 276
f 370 276 372
f 372 276 366
f 371 373 277
f 373 369 277
f 279 280 363
f 280 347 374
f 280 374 375
f 375 376 280
f 280 376 363
f 282 281 377
f 283 290 281
f 290 377 281
f 317 282 378
f 378 282 379
f 379 282 377
f 286 289 284
f 380 286 285
f 285 381 382
f 285 383 380
f 383 285 382
f 381 285 287
f 286 377 289
f 286 380 377
f 292 381 287
f 290 289 377
f 292 291 384
f 293 384 291
f 385 381 292
f 292 386 385
f 386 292 387
f 384 387 292
f 294 384 293
f 384 294 296
f 295 296 294
f 388 384 296
f 296 297 388
f 299 388 297
f 298 306 299
f 387 388 299
f 299 389 387
f 390 299 306
f 390 389 299
f 391 305 300
f 301 307 300
f 300 307 391
f 392 306 302
f 392 302 393
f 304 393 302
f 394 304 303
f 303 305 395
f 395 396 303
f 394 303 396
f 397 393 304
f 397 304 394
f 305 391 395
f 390 306 392
f 307 308 398
f 398 391 307
f 398 308 399
f 310 399 308
f 310 309 313
f 313 400 310
f 400 399 310
f 401 312 311
f 311 402 401
f 402 311 403
f 403 311 314
f 313 312 401
f 400 313 401
f 404 403 314
f 314 355 404
f 320 315 316
f 316 317 405
f 406 316 407
f 407 316 405
f 316 406 320
f 378 405 317
f 319 321 318
f 408 409 319
f 409 321 319
f 319 410 408
f 320 410 319
f 406 411 320
f 408 320 411
f 408 410 320
f 409 412 321
f 321 412 323
f 413 414 322
f 322 415 324
f 414 415 322
f 416 413 322
f 323 416 322
f 417 418 323
f 412 417 323
f 416 323 418
f 328 324 415
f 325 419 330
f 325 326 419
f 419 326 420
f 420 326 329
f 327 421 329
f 422 327 328
f 422 421 327
f 415 423 328
f 423 424 328
f 328 424 422
f 329 425 426
f 329 421 425
f 329 426 420
f 427 331 330
f 330 419 420
f 330 420 427
f 331 428 429
f 331 430 431
f 431 428 331
f 331 429 334
f 331 427 430
f 335 432 332
f 333 332 432
f 432 433 333
f 333 433 338
f 334 429 434
f 335 334 434
f 432 335 434
f 337 336 339
f 338 435 336
f 336 435 339
f 436 435 338
f 433 437 338
f 438 436 338
f 438 338 437
f 436 339 435
f 339 436 438
f 339 438 342
f 341 340 345
f 345 340 439
f 440 439 340
f 340 344 440
f 342 438 441
f 343 342 442
f 342 441 442
f 344 343 442
f 442 440 344
f 439 348 345
f 347 346 349
f 443 374 347
f 347 349 443
f 444 445 348
f 444 348 439
f 445 353 348
f 352 443 349
f 351 350 446
f 350 353 445
f 447 446 350
f 447 350 445
f 352 351 446
f 352 448 443
f 448 352 449
f 450 352 446
f 449 352 450
f 355 354 451
f 354 356 451
f 452 404 355
f 451 452 355
f 453 356 454
f 357 454 356
f 453 451 356
f 454 357 455
f 357 359 455
f 359 358 456
f 358 368 456
f 455 359 457
f 457 359 456
f 360 362 458
f 360 458 367
f 362 361 459
f 361 363 376
f 361 376 459
f 362 459 460
f 460 458 362
f 364 461 365
f 367 462 364
f 463 461 364
f 364 462 463
f 366 365 464
f 464 365 461
f 465 372 366
f 465 366 464
f 367 466 462
f 367 458 466
f 369 456 368
f 456 369 467
f 468 369 373
f 467 369 468
f 469 371 370
f 470 469 370
f 470 370 372
f 469 373 371
f 471 470 372
f 372 465 471
f 469 468 373
f 443 472 374
f 374 472 473
f 375 374 473
f 474 376 375
f 475 474 375
f 475 375 473
f 376 474 459
f 476 379 377
f 380 476 377
f 382 405 378
f 379 476 378
f 476 477 378
f 378 477 382
f 380 477 476
f 380 478 477
f 383 478 380
f 385 382 381
f 479 480 382
f 382 385 479
f 382 477 478
f 382 478 383
f 405 382 480
f 387 384 388
f 481 385 386
f 482 479 385
f 482 385 481
f 387 481 386
f 387 483 481
f 483 387 389
f 389 484 483
f 484 389 390
f 390 485 486
f 486 484 390
f 392 487 390
f 485 390 487
f 398 395 391
f 487 392 393
f 488 489 393
f 488 393 397
f 393 489 487
f 488 394 490
f 394 488 397
f 394 491 490
f 396 491 394
f 395 492 396
f 493 395 494
f 492 395 493
f 398 495 395
f 495 494 395
f 396 492 491
f 399 495 398
f 399 496 495
f 497 399 400
f 496 399 497
f 401 498 400
f 400 498 497
f 498 401 402
f 403 499 402
f 402 499 500
f 498 402 500
f 404 501 403
f 403 501 499
f 502 501 404
f 404 452 502
f 480 503 405
f 405 504 505
f 407 405 505
f 504 405 503
f 407 506 406
f 506 507 406
f 406 507 411
f 407 505 506
f 508 409 408
f 411 507 408
f 508 408 507
f 509 412 409
f 409 508 509
f 417 412 509
f 413 510 414
f 511 510 413
f 416 511 413
f 512 414 510
f 415 414 512
f 415 512 423
f 418 513 416
f 513 511 416
f 417 513 418
f 513 417 514
f 509 514 417
f 427 420 426
f 515 421 422
f 425 421 515
f 516 422 424
f 422 516 517
f 515 422 517
f 512 518 423
f 423 516 424
f 518 516 423
f 519 431 425
f 431 520 425
f 520 426 425
f 519 425 515
f 427 426 430
f 430 426 520
f 521 429 428
f 428 522 523
f 524 522 428
f 521 428 523
f 431 524 428
f 434 429 521
f 430 520 431
f 431 519 524
f 432 434 525
f 432 525 433
f 433 526 527
f 437 433 527
f 433 525 526
f 525 434 521
f 528 529 437
f 437 527 528
f 438 437 529
f 530 531 438
f 529 530 438
f 441 438 531
f 439 440 444
f 442 444 440
f 532 441 531
f 441 532 442
f 532 533 442
f 444 442 534
f 442 533 534
f 472 443 448
f 444 535 445
f 534 536 444
f 536 535 444
f 445 535 537
f 445 538 447
f 445 537 538
f 450 446 447
f 447 538 539
f 447 539 540
f 450 447 541
f 541 447 540
f 448 449 542
f 543 448 542
f 473 472 448
f 473 448 543
f 449 450 544
f 542 449 544
f 544 450 541
f 452 451 545
f 545 451 453
f 546 452 545
f 546 502 452
f 547 453 454
f 548 549 453
f 549 545 453
f 548 453 547
f 454 455 547
f 550 547 455
f 550 455 551
f 551 455 457
f 467 457 456
f 551 457 552
f 552 457 467
f 466 458 460
f 460 459 475
f 459 474 475
f 553 466 460
f 475 554 460
f 460 554 553
f 464 461 555
f 461 463 555
f 556 557 462
f 462 466 556
f 462 557 558
f 463 462 558
f 555 463 559
f 560 463 558
f 560 559 463
f 471 464 561
f 555 562 464
f 464 471 465
f 562 561 464
f 466 553 556
f 563 552 467
f 467 564 563
f 468 564 467
f 564 468 565
f 565 468 469
f 469 566 565
f 469 470 567
f 566 469 567
f 568 567 470
f 568 470 471
f 569 471 570
f 471 569 571
f 571 568 471
f 570 471 561
f 543 554 473
f 475 473 554
f 479 572 480
f 573 572 479
f 573 479 482
f 572 503 480
f 483 574 481
f 482 481 574
f 482 575 573
f 575 482 574
f 574 483 484
f 576 484 577
f 484 576 574
f 486 577 484
f 578 486 485
f 485 579 578
f 579 485 487
f 486 578 577
f 580 579 487
f 489 580 487
f 581 489 488
f 490 582 488
f 582 583 488
f 488 583 581
f 584 489 583
f 584 580 489
f 489 581 583
f 585 490 491
f 586 490 585
f 582 490 586
f 491 492 585
f 585 492 587
f 587 492 493
f 588 493 494
f 493 588 587
f 494 589 588
f 494 495 589
f 495 496 589
f 589 496 590
f 591 590 496
f 497 591 496
f 497 592 593
f 591 497 593
f 497 594 592
f 498 594 497
f 498 595 594
f 595 498 500
f 596 500 499
f 501 596 499
f 595 500 596
f 596 501 597
f 501 502 597
f 502 546 598
f 598 597 502
f 503 572 599
f 599 504 503
f 505 504 600
f 600 504 601
f 504 599 601
f 505 602 506
f 600 602 505
f 508 507 506
f 506 603 508
f 604 603 506
f 602 605 506
f 506 605 604
f 603 509 508
f 606 514 509
f 607 509 603
f 607 606 509
f 608 609 510
f 518 512 510
f 510 609 610
f 510 511 608
f 518 510 610
f 611 608 511
f 511 513 612
f 612 611 511
f 613 614 513
f 514 615 513
f 613 513 615
f 513 614 612
f 606 615 514
f 515 616 519
f 515 517 617
f 617 616 515
f 516 518 618
f 517 516 618
f 618 617 517
f 610 619 518
f 618 518 619
f 522 524 519
f 519 616 522
f 620 521 523
f 525 521 526
f 526 521 620
f 522 621 523
f 522 616 621
f 523 621 620
f 622 527 526
f 526 620 622
f 527 622 623
f 527 623 624
f 625 528 527
f 527 624 625
f 530 529 528
f 528 625 626
f 528 627 530
f 528 626 627
f 530 628 531
f 530 627 628
f 531 628 532
f 532 628 629
f 629 533 532
f 533 630 534
f 630 533 631
f 631 533 629
f 534 630 632
f 632 633 534
f 633 539 534
f 539 536 534
f 537 535 536
f 539 537 536
f 538 537 539
f 634 539 633
f 634 635 539
f 635 636 539
f 540 539 636
f 637 540 636
f 540 637 541
f 544 541 638
f 639 638 541
f 640 541 637
f 639 541 640
f 641 542 544
f 542 642 543
f 642 542 641
f 543 642 554
f 641 544 638
f 545 549 643
f 545 643 546
f 644 546 645
f 546 644 598
f 645 546 643
f 646 548 547
f 547 550 646
f 647 549 548
f 548 648 647
f 548 646 648
f 549 647 649
f 649 643 549
f 650 550 551
f 550 651 646
f 651 550 650
f 551 552 563
f 563 650 551
f 553 652 556
f 642 553 554
f 553 653 652
f 642 653 553
f 654 562 555
f 654 555 559
f 557 556 655
f 656 556 652
f 556 656 655
f 557 655 657
f 557 657 558
f 658 558 657
f 659 558 658
f 558 659 560
f 654 559 560
f 560 660 654
f 560 661 662
f 560 659 661
f 662 663 560
f 660 560 663
f 561 664 570
f 562 665 561
f 665 664 561
f 562 666 665
f 654 666 562
f 650 563 667
f 667 563 564
f 564 668 667
f 565 668 564
f 565 669 668
f 566 670 565
f 670 669 565
f 671 566 567
f 671 670 566
f 671 567 568
f 568 672 673
f 673 671 568
f 568 674 672
f 568 571 674
f 675 569 570
f 675 571 569
f 676 677 570
f 675 570 677
f 678 570 664
f 570 678 676
f 679 674 571
f 571 675 679
f 599 572 573
f 573 680 599
f 681 682 573
f 682 680 573
f 681 573 575
f 574 576 575
f 575 576 683
f 684 681 575
f 575 683 684
f 576 577 683
f 577 685 683
f 577 686 685
f 577 578 686
f 686 578 580
f 580 578 579
f 687 686 580
f 580 584 687
f 688 583 582
f 689 688 582
f 582 586 690
f 690 689 582
f 688 584 583
f 687 584 688
f 691 586 585
f 585 587 691
f 586 691 690
f 691 587 588
f 593 691 588
f 588 589 590
f 588 590 593
f 593 590 591
f 593 592 692
f 592 693 692
f 693 592 594
f 593 694 691
f 692 694 593
f 695 693 594
f 695 594 595
f 595 596 598
f 595 598 695
f 596 597 598
f 696 697 598
f 698 699 598
f 598 644 696
f 598 697 698
f 598 699 695
f 601 599 680
f 605 602 600
f 700 701 600
f 600 702 604
f 700 600 601
f 701 702 600
f 604 605 600
f 703 700 601
f 601 680 703
f 603 604 702
f 603 704 607
f 704 603 702
f 705 606 607
f 705 615 606
f 706 705 607
f 607 707 706
f 607 704 708
f 607 708 709
f 607 709 707
f 608 710 609
f 611 711 608
f 711 710 608
f 710 712 609
f 610 609 712
f 610 712 619
f 713 711 611
f 614 714 611
f 612 614 611
f 714 715 611
f 715 713 611
f 716 614 613
f 717 613 705
f 615 705 613
f 718 716 613
f 613 717 718
f 719 714 614
f 719 614 716
f 621 616 720
f 616 617 720
f 720 617 721
f 617 618 721
f 618 722 721
f 619 722 618
f 619 712 722
f 723 620 621
f 724 725 620
f 620 723 724
f 622 620 725
f 621 726 723
f 621 720 726
f 725 727 622
f 727 623 622
f 728 729 623
f 623 727 730
f 728 623 731
f 730 731 623
f 623 729 624
f 732 624 729
f 625 624 732
f 733 626 625
f 733 625 732
f 733 734 626
f 734 627 626
f 628 627 735
f 734 735 627
f 735 629 628
f 629 735 736
f 629 736 631
f 737 632 630
f 630 631 737
f 738 739 631
f 631 736 738
f 739 737 631
f 632 737 633
f 633 737 739
f 739 740 633
f 633 741 634
f 740 741 633
f 741 742 634
f 634 743 635
f 743 634 742
f 636 635 743
f 636 744 637
f 745 746 636
f 744 636 746
f 636 743 745
f 637 744 747
f 748 637 747
f 640 637 748
f 641 638 749
f 749 638 750
f 638 639 750
f 639 751 752
f 639 752 753
f 753 750 639
f 639 640 751
f 748 751 640
f 749 754 641
f 641 653 642
f 641 754 653
f 643 755 645
f 755 643 756
f 649 757 643
f 756 643 757
f 644 645 758
f 759 696 644
f 760 759 644
f 761 760 644
f 758 761 644
f 762 758 645
f 755 762 645
f 651 648 646
f 647 763 649
f 763 647 648
f 648 764 763
f 765 764 648
f 648 651 766
f 766 765 648
f 763 767 649
f 767 757 649
f 651 650 768
f 667 768 650
f 766 651 768
f 652 769 656
f 652 653 770
f 769 652 770
f 754 770 653
f 654 660 666
f 658 655 771
f 769 771 655
f 655 656 769
f 657 655 658
f 771 772 658
f 658 772 773
f 659 658 773
f 774 659 775
f 776 775 659
f 776 659 773
f 661 659 774
f 664 665 660
f 664 660 777
f 665 666 660
f 663 777 660
f 662 661 774
f 662 774 663
f 774 778 663
f 779 777 663
f 663 778 779
f 664 777 678
f 667 669 768
f 667 668 669
f 670 780 669
f 768 669 780
f 781 780 670
f 670 782 781
f 671 783 670
f 782 670 783
f 783 671 673
f 784 673 672
f 672 785 784
f 672 674 786
f 786 785 672
f 783 673 787
f 784 787 673
f 679 786 674
f 677 788 675
f 788 679 675
f 677 676 789
f 676 790 789
f 676 678 790
f 789 788 677
f 777 791 678
f 678 792 790
f 792 678 791
f 793 679 794
f 793 786 679
f 795 679 788
f 794 679 795
f 680 682 703
f 796 682 681
f 681 684 797
f 796 681 797
f 798 703 682
f 798 682 796
f 684 683 799
f 799 683 800
f 800 683 685
f 797 684 801
f 801 684 802
f 799 802 684
f 685 803 800
f 803 685 686
f 687 803 686
f 800 803 687
f 804 800 687
f 687 688 805
f 804 687 805
f 689 805 688
f 806 805 689
f 806 689 690
f 806 690 807
f 690 691 694
f 690 694 807
f 694 692 693
f 693 695 694
f 808 807 694
f 809 808 694
f 809 694 695
f 809 695 699
f 697 696 810
f 696 811 812
f 696 812 810
f 813 811 696
f 759 813 696
f 697 810 809
f 809 698 697
f 809 699 698
f 701 700 814
f 815 700 703
f 814 700 815
f 814 816 701
f 704 702 701
f 701 816 704
f 815 703 817
f 703 798 817
f 708 704 816
f 818 717 705
f 706 819 705
f 818 705 819
f 706 707 819
f 818 707 820
f 818 819 707
f 820 707 709
f 708 821 822
f 823 708 816
f 822 709 708
f 821 708 823
f 709 824 820
f 825 824 709
f 709 822 826
f 826 825 709
f 827 712 710
f 827 710 828
f 828 710 711
f 713 828 711
f 712 827 829
f 830 712 829
f 830 722 712
f 828 713 831
f 713 715 831
f 832 715 714
f 714 833 832
f 714 719 833
f 832 834 715
f 834 831 715
f 835 719 716
f 716 718 835
f 836 717 818
f 836 718 717
f 837 718 836
f 838 835 718
f 718 837 838
f 833 719 838
f 838 719 835
f 721 726 720
f 839 726 721
f 721 830 839
f 721 722 830
f 839 840 723
f 726 839 723
f 723 840 724
f 725 724 841
f 842 724 843
f 841 724 842
f 843 724 840
f 725 841 727
f 727 841 844
f 727 844 730
f 729 728 732
f 845 728 846
f 847 728 848
f 728 731 848
f 732 728 845
f 728 847 846
f 730 844 731
f 844 849 731
f 849 848 731
f 845 850 732
f 732 850 733
f 733 851 852
f 851 733 850
f 853 733 854
f 734 733 853
f 854 733 852
f 855 734 853
f 855 735 734
f 735 855 736
f 856 857 736
f 736 855 858
f 736 858 856
f 736 857 738
f 859 739 738
f 857 860 738
f 738 860 861
f 859 738 861
f 859 740 739
f 862 740 859
f 862 863 740
f 740 863 741
f 741 863 742
f 864 742 863
f 743 742 865
f 742 864 866
f 865 742 866
f 743 865 867
f 867 745 743
f 747 744 868
f 744 746 868
f 745 869 746
f 745 867 870
f 745 870 869
f 868 746 869
f 748 747 871
f 747 868 872
f 872 871 747
f 751 748 871
f 769 754 749
f 769 749 771
f 771 749 750
f 873 750 753
f 750 874 771
f 874 750 873
f 752 751 871
f 875 753 752
f 752 871 875
f 873 753 875
f 770 754 769
f 876 755 756
f 762 755 877
f 755 876 878
f 877 755 878
f 756 757 876
f 757 879 876
f 757 880 879
f 767 881 757
f 757 881 880
f 758 762 761
f 813 759 882
f 882 759 760
f 883 882 760
f 884 883 760
f 760 761 884
f 761 762 885
f 761 885 886
f 761 886 884
f 762 887 885
f 762 877 887
f 767 763 764
f 764 881 767
f 764 765 881
f 881 765 880
f 880 765 766
f 880 766 888
f 768 889 766
f 889 888 766
f 768 780 889
f 772 771 874
f 773 772 890
f 772 874 890
f 890 776 773
f 775 891 774
f 892 774 891
f 778 774 892
f 775 893 894
f 891 775 894
f 775 776 893
f 893 776 890
f 791 777 779
f 779 778 895
f 896 778 892
f 895 778 896
f 779 895 897
f 791 779 897
f 889 780 898
f 898 780 781
f 899 898 781
f 781 900 899
f 900 781 901
f 781 783 901
f 783 781 782
f 902 783 903
f 902 901 783
f 787 903 783
f 903 787 784
f 903 784 904
f 784 785 786
f 786 904 784
f 793 905 786
f 905 904 786
f 795 788 906
f 789 906 788
f 906 789 907
f 908 789 790
f 907 789 908
f 909 908 790
f 792 910 790
f 909 790 910
f 911 791 897
f 792 791 912
f 791 911 912
f 913 792 912
f 913 910 792
f 794 914 793
f 915 905 793
f 915 793 914
f 914 794 916
f 916 794 795
f 906 917 795
f 795 917 916
f 918 798 796
f 918 796 919
f 796 797 801
f 796 801 919
f 918 817 798
f 801 799 800
f 801 802 799
f 800 919 801
f 919 800 920
f 921 800 804
f 921 920 800
f 922 921 804
f 806 804 805
f 806 922 804
f 923 922 806
f 806 807 923
f 924 923 807
f 924 807 808
f 925 924 808
f 808 926 925
f 808 809 810
f 810 926 808
f 810 812 927
f 810 928 926
f 929 928 810
f 927 929 810
f 930 812 811
f 931 930 811
f 931 811 813
f 932 927 812
f 932 812 930
f 813 882 931
f 814 823 816
f 815 918 814
f 933 934 814
f 814 934 935
f 823 814 936
f 936 814 935
f 814 918 933
f 815 817 918
f 836 818 824
f 824 818 820
f 822 821 937
f 937 821 823
f 937 826 822
f 936 937 823
f 824 938 836
f 824 939 940
f 941 938 824
f 939 824 825
f 824 940 941
f 939 825 826
f 942 939 826
f 943 942 826
f 936 943 826
f 826 937 936
f 944 829 827
f 944 827 828
f 944 828 945
f 945 828 831
f 946 829 944
f 829 946 830
f 947 839 830
f 830 946 947
f 831 948 945
f 948 831 834
f 949 950 832
f 951 832 950
f 832 833 949
f 951 834 832
f 838 952 833
f 952 949 833
f 951 953 834
f 834 953 948
f 954 955 836
f 837 836 955
f 954 836 938
f 837 952 838
f 956 952 837
f 837 955 956
f 947 840 839
f 840 947 843
f 841 842 957
f 841 957 849
f 849 844 841
f 843 958 842
f 958 957 842
f 951 843 959
f 960 961 843
f 843 962 960
f 843 951 963
f 843 963 962
f 843 961 964
f 947 959 843
f 843 964 958
f 846 965 845
f 845 965 966
f 966 850 845
f 967 968 846
f 847 969 846
f 969 967 846
f 846 970 971
f 846 968 972
f 971 965 846
f 846 972 973
f 970 846 973
f 848 974 847
f 975 847 976
f 969 847 975
f 974 976 847
f 977 848 849
f 848 978 974
f 848 977 978
f 964 977 849
f 964 849 957
f 851 850 979
f 850 966 979
f 979 852 851
f 980 852 981
f 981 852 979
f 982 854 852
f 980 982 852
f 853 854 983
f 853 858 855
f 984 858 853
f 983 985 853
f 985 984 853
f 986 854 982
f 986 983 854
f 987 857 856
f 984 985 856
f 858 984 856
f 988 856 985
f 988 987 856
f 857 987 860
f 862 859 989
f 859 861 989
f 860 988 990
f 988 860 987
f 990 861 860
f 990 989 861
f 864 863 862
f 864 862 991
f 991 862 989
f 991 992 864
f 864 992 866
f 865 866 993
f 867 865 993
f 994 866 992
f 866 994 993
f 867 995 870
f 993 995 867
f 868 996 872
f 997 998 868
f 868 869 997
f 996 868 998
f 870 999 869
f 997 869 999
f 1000 870 995
f 999 870 1000
f 1001 871 872
f 875 871 1002
f 871 1001 1003
f 1002 871 1003
f 872 996 1004
f 872 1004 1005
f 1001 872 1005
f 875 1006 873
f 873 1007 874
f 1007 873 1006
f 1007 1008 874
f 890 874 1008
f 1009 1010 875
f 875 1011 1009
f 875 1002 1011
f 875 1010 1012
f 1006 875 1012
f 1013 878 876
f 879 1014 876
f 876 1014 1015
f 1016 1013 876
f 1016 876 1015
f 1017 887 877
f 878 1017 877
f 878 1013 884
f 884 1017 878
f 1018 1014 879
f 1018 879 880
f 880 888 1019
f 880 1019 1018
f 882 1020 1021
f 1022 1023 882
f 882 1023 1024
f 882 1021 1022
f 1025 882 883
f 882 1025 1026
f 882 1026 1027
f 882 1027 1028
f 882 1024 931
f 882 1028 1020
f 883 1029 1025
f 1029 883 1030
f 1031 1030 883
f 884 1031 883
f 1032 1017 884
f 884 886 1032
f 1031 884 1033
f 1033 884 1013
f 1032 886 885
f 885 887 1032
f 887 1017 1032
f 898 1019 888
f 898 888 889
f 890 894 893
f 890 1008 1034
f 1035 890 1034
f 894 890 1035
f 896 891 1036
f 896 892 891
f 1036 891 894
f 1036 894 1037
f 1035 1037 894
f 895 1038 1039
f 897 895 1039
f 895 896 1038
f 1038 896 1040
f 1036 1040 896
f 911 897 1039
f 1019 898 1041
f 1041 898 899
f 1042 899 900
f 1041 899 1042
f 1043 900 901
f 1043 1042 900
f 901 902 1044
f 901 1044 1043
f 902 903 1044
f 903 1045 1044
f 903 904 1045
f 1045 904 1046
f 905 915 904
f 904 915 1047
f 1046 904 1047
f 906 1048 917
f 907 1049 906
f 906 1049 1048
f 908 1050 907
f 1051 1049 907
f 1051 907 1050
f 908 909 1050
f 1052 909 910
f 909 1053 1054
f 1054 1050 909
f 1053 909 1052
f 910 1055 1052
f 1055 910 913
f 1039 1056 911
f 1056 912 911
f 1057 912 1056
f 1058 913 912
f 1057 1058 912
f 1059 1055 913
f 913 1058 1059
f 1060 915 914
f 914 916 1060
f 1061 1047 915
f 1060 1061 915
f 916 917 1060
f 1062 1060 917
f 917 1063 1062
f 1063 917 1048
f 918 919 933
f 933 919 1064
f 920 1064 919
f 1065 920 921
f 1065 1064 920
f 1066 1065 921
f 921 922 923
f 923 1066 921
f 1067 1066 923
f 1067 923 924
f 924 925 1067
f 925 928 1067
f 928 925 926
f 929 927 928
f 927 932 1068
f 1068 928 927
f 1069 1070 928
f 928 1068 1069
f 1070 1067 928
f 1071 932 930
f 1072 930 931
f 930 1072 1071
f 931 1073 1072
f 931 1074 1073
f 1075 1074 931
f 931 1024 1075
f 932 1071 1076
f 1076 1068 932
f 934 933 1077
f 1064 1077 933
f 1077 1078 934
f 1078 1079 934
f 1079 935 934
f 1080 936 935
f 1080 935 1079
f 1081 943 936
f 1081 936 1080
f 954 938 941
f 940 939 1082
f 1082 939 942
f 1083 954 940
f 940 1084 1083
f 941 940 954
f 1084 940 1082
f 1082 942 943
f 943 1085 1084
f 1084 1082 943
f 1086 1085 943
f 1081 1087 943
f 1088 1086 943
f 943 1087 1088
f 945 946 944
f 945 947 946
f 947 945 959
f 945 948 959
f 959 948 953
f 949 1089 950
f 1090 1091 949
f 949 952 1090
f 949 1091 1089
f 950 963 951
f 1089 962 950
f 963 950 962
f 959 953 951
f 956 1090 952
f 955 954 1092
f 1083 1092 954
f 955 1093 956
f 955 1094 1093
f 1094 955 1092
f 1090 956 1093
f 964 957 958
f 960 1095 961
f 960 962 1095
f 961 1095 978
f 978 964 961
f 962 1089 1096
f 962 1096 1095
f 977 964 978
f 965 979 966
f 981 979 965
f 971 981 965
f 967 1097 968
f 1097 967 1098
f 967 975 1098
f 967 969 975
f 1099 968 1100
f 1100 968 1097
f 1099 972 968
f 971 970 1101
f 1102 1101 970
f 1102 970 973
f 1101 981 971
f 1103 972 1099
f 1104 972 1103
f 1104 973 972
f 1102 973 1105
f 973 1104 1105
f 974 1106 976
f 1107 1106 974
f 978 1107 974
f 975 976 1098
f 1098 976 1106
f 978 1108 1107
f 1108 978 1095
f 981 1109 980
f 980 1110 982
f 980 1109 1111
f 1111 1110 980
f 981 1101 1109
f 1112 986 982
f 982 1110 1112
f 983 986 1113
f 1113 1114 983
f 985 983 988
f 988 983 1114
f 986 1112 1115
f 986 1115 1113
f 1116 988 1114
f 988 1116 990
f 989 1117 1118
f 989 990 1117
f 989 1118 991
f 1116 1119 990
f 990 1119 1117
f 1120 991 1118
f 1120 992 991
f 992 1120 994
f 1121 993 994
f 1121 995 993
f 1120 1122 994
f 1121 994 1122
f 1000 995 1121
f 1123 996 998
f 1004 996 1123
f 998 997 1123
f 1124 1125 997
f 999 1126 997
f 997 1126 1124
f 997 1125 1123
f 1126 999 1000
f 1126 1000 1121
f 1003 1001 1005
f 1002 1003 1011
f 1127 1011 1003
f 1003 1005 1127
f 1123 1005 1004
f 1123 1128 1005
f 1127 1005 1128
f 1012 1129 1006
f 1129 1130 1006
f 1008 1006 1130
f 1008 1007 1006
f 1130 1034 1008
f 1009 1131 1010
f 1132 1131 1009
f 1009 1011 1132
f 1012 1010 1131
f 1011 1127 1132
f 1129 1012 1133
f 1131 1133 1012
f 1013 1016 1134
f 1134 1033 1013
f 1014 1018 1135
f 1015 1014 1135
f 1016 1015 1136
f 1015 1135 1137
f 1015 1137 1138
f 1138 1136 1015
f 1016 1139 1134
f 1140 1139 1016
f 1136 1140 1016
f 1135 1018 1019
f 1019 1041 1135
f 1141 1021 1020
f 1141 1020 1142
f 1020 1028 1142
f 1141 1143 1021
f 1021 1143 1144
f 1021 1144 1022
f 1022 1144 1023
f 1144 1145 1023
f 1145 1024 1023
f 1024 1145 1075
f 1029 1146 1025
f 1025 1146 1147
f 1026 1025 1147
f 1148 1026 1149
f 1027 1026 1148
f 1147 1149 1026
f 1027 1150 1151
f 1152 1027 1151
f 1028 1027 1153
f 1148 1150 1027
f 1152 1153 1027
f 1154 1142 1028
f 1153 1154 1028
f 1155 1156 1029
f 1029 1030 1157
f 1029 1158 1146
f 1155 1029 1157
f 1158 1029 1156
f 1157 1030 1031
f 1033 1157 1031
f 1157 1033 1155
f 1156 1155 1033
f 1033 1134 1156
f 1037 1034 1130
f 1034 1037 1035
f 1036 1159 1040
f 1160 1036 1037
f 1160 1159 1036
f 1161 1037 1130
f 1037 1162 1163
f 1037 1163 1160
f 1161 1162 1037
f 1039 1038 1040
f 1040 1159 1039
f 1056 1039 1164
f 1039 1159 1164
f 1137 1135 1041
f 1042 1165 1041
f 1137 1041 1165
f 1166 1165 1042
f 1042 1043 1167
f 1166 1042 1167
f 1045 1043 1044
f 1167 1043 1168
f 1045 1168 1043
f 1169 1168 1045
f 1045 1046 1169
f 1170 1169 1046
f 1047 1170 1046
f 1170 1047 1171
f 1171 1047 1061
f 1172 1048 1051
f 1051 1048 1049
f 1173 1063 1048
f 1172 1174 1048
f 1174 1173 1048
f 1054 1051 1050
f 1051 1054 1172
f 1175 1052 1055
f 1052 1176 1053
f 1052 1175 1176
f 1054 1053 1177
f 1176 1177 1053
f 1178 1172 1054
f 1054 1179 1178
f 1180 1179 1054
f 1180 1054 1177
f 1175 1055 1059
f 1164 1181 1056
f 1056 1182 1057
f 1056 1181 1183
f 1183 1182 1056
f 1057 1182 1184
f 1184 1058 1057
f 1059 1058 1184
f 1059 1185 1175
f 1186 1185 1059
f 1186 1059 1184
f 1187 1060 1062
f 1061 1060 1188
f 1187 1188 1060
f 1061 1189 1171
f 1061 1188 1189
f 1173 1190 1062
f 1062 1063 1173
f 1062 1191 1187
f 1191 1062 1192
f 1062 1193 1192
f 1190 1193 1062
f 1064 1194 1195
f 1077 1064 1196
f 1064 1195 1197
f 1197 1196 1064
f 1065 1194 1064
f 1065 1070 1194
f 1065 1066 1070
f 1070 1066 1067
f 1195 1069 1068
f 1068 1197 1195
f 1198 1196 1068
f 1197 1068 1196
f 1068 1199 1198
f 1076 1200 1068
f 1200 1199 1068
f 1195 1194 1069
f 1194 1070 1069
f 1071 1200 1076
f 1071 1201 1200
f 1072 1201 1071
f 1201 1072 1073
f 1202 1201 1073
f 1203 1073 1074
f 1203 1202 1073
f 1074 1204 1205
f 1074 1206 1142
f 1142 1204 1074
f 1074 1075 1206
f 1205 1203 1074
f 1075 1145 1206
f 1196 1078 1077
f 1079 1078 1196
f 1196 1207 1079
f 1208 1080 1079
f 1208 1079 1207
f 1080 1208 1209
f 1080 1087 1081
f 1087 1080 1209
f 1084 1210 1083
f 1092 1083 1210
f 1085 1211 1084
f 1211 1210 1084
f 1212 1085 1086
f 1212 1211 1085
f 1212 1086 1088
f 1087 1213 1214
f 1215 1087 1209
f 1214 1088 1087
f 1087 1215 1213
f 1212 1088 1216
f 1216 1088 1217
f 1217 1088 1214
f 1096 1089 1091
f 1090 1218 1091
f 1219 1220 1090
f 1090 1093 1219
f 1220 1218 1090
f 1096 1091 1108
f 1108 1091 1218
f 1092 1221 1094
f 1221 1092 1210
f 1093 1094 1219
f 1219 1094 1221
f 1095 1096 1108
f 1222 1097 1219
f 1097 1098 1223
f 1222 1100 1097
f 1097 1223 1219
f 1098 1220 1223
f 1098 1106 1220
f 1100 1224 1099
f 1099 1224 1225
f 1225 1103 1099
f 1100 1222 1226
f 1100 1226 1224
f 1101 1227 1109
f 1102 1227 1101
f 1105 1227 1102
f 1103 1225 1228
f 1103 1229 1104
f 1228 1229 1103
f 1104 1230 1105
f 1104 1231 1230
f 1229 1231 1104
f 1105 1230 1232
f 1232 1227 1105
f 1107 1233 1106
f 1220 1106 1233
f 1234 1233 1107
f 1107 1108 1234
f 1108 1218 1234
f 1227 1111 1109
f 1110 1111 1235
f 1236 1110 1235
f 1112 1110 1115
f 1115 1110 1237
f 1237 1110 1236
f 1111 1227 1232
f 1111 1232 1235
f 1238 1113 1115
f 1113 1238 1239
f 1114 1113 1239
f 1114 1240 1116
f 1240 1114 1239
f 1238 1115 1237
f 1116 1240 1241
f 1116 1241 1119
f 1117 1242 1118
f 1242 1117 1243
f 1117 1119 1244
f 1244 1243 1117
f 1118 1242 1120
f 1245 1119 1241
f 1119 1245 1244
f 1120 1242 1246
f 1120 1246 1247
f 1122 1120 1247
f 1121 1122 1126
f 1247 1248 1122
f 1248 1126 1122
f 1249 1123 1125
f 1123 1249 1250
f 1250 1128 1123
f 1251 1125 1124
f 1126 1251 1124
f 1125 1251 1249
f 1248 1251 1126
f 1127 1128 1252
f 1253 1132 1127
f 1253 1127 1252
f 1128 1254 1252
f 1128 1250 1255
f 1255 1254 1128
f 1133 1256 1129
f 1130 1129 1161
f 1161 1129 1256
f 1253 1133 1131
f 1131 1132 1253
f 1253 1257 1133
f 1133 1257 1258
f 1133 1258 1256
f 1134 1259 1260
f 1261 1134 1260
f 1134 1261 1156
f 1134 1139 1259
f 1140 1136 1262
f 1262 1136 1263
f 1263 1136 1138
f 1165 1138 1137
f 1138 1264 1265
f 1138 1165 1266
f 1267 1138 1268
f 1138 1265 1268
f 1269 1138 1266
f 1264 1138 1269
f 1267 1263 1138
f 1259 1139 1140
f 1270 1140 1262
f 1259 1140 1270
f 1142 1206 1141
f 1143 1141 1206
f 1271 1142 1154
f 1271 1204 1142
f 1206 1145 1143
f 1145 1144 1143
f 1158 1272 1146
f 1146 1272 1147
f 1273 1149 1147
f 1147 1272 1273
f 1274 1148 1149
f 1274 1150 1148
f 1149 1151 1274
f 1149 1275 1151
f 1275 1149 1276
f 1149 1273 1276
f 1151 1150 1274
f 1277 1152 1151
f 1151 1275 1277
f 1153 1152 1245
f 1245 1152 1277
f 1245 1154 1153
f 1154 1241 1278
f 1278 1271 1154
f 1245 1241 1154
f 1156 1279 1158
f 1156 1261 1279
f 1272 1158 1280
f 1279 1280 1158
f 1159 1160 1281
f 1159 1281 1282
f 1159 1283 1181
f 1283 1159 1282
f 1164 1159 1181
f 1163 1281 1160
f 1161 1284 1285
f 1285 1162 1161
f 1256 1286 1161
f 1284 1161 1286
f 1163 1162 1285
f 1163 1285 1287
f 1281 1163 1287
f 1166 1266 1165
f 1166 1288 1289
f 1269 1166 1289
f 1166 1167 1288
f 1269 1266 1166
f 1167 1168 1290
f 1167 1290 1291
f 1291 1288 1167
f 1168 1170 1290
f 1170 1168 1169
f 1171 1290 1170
f 1290 1171 1189
f 1174 1172 1292
f 1178 1292 1172
f 1190 1173 1174
f 1174 1293 1190
f 1292 1294 1174
f 1294 1293 1174
f 1175 1295 1296
f 1177 1176 1175
f 1177 1175 1297
f 1296 1297 1175
f 1295 1175 1185
f 1297 1180 1177
f 1298 1292 1178
f 1298 1178 1179
f 1298 1179 1299
f 1299 1179 1300
f 1300 1179 1297
f 1179 1180 1297
f 1301 1183 1181
f 1181 1283 1301
f 1183 1302 1182
f 1182 1303 1304
f 1303 1182 1302
f 1182 1305 1306
f 1306 1184 1182
f 1305 1182 1304
f 1302 1183 1301
f 1184 1306 1186
f 1307 1295 1185
f 1307 1185 1308
f 1308 1185 1186
f 1309 1186 1310
f 1311 1308 1186
f 1310 1186 1306
f 1309 1311 1186
f 1188 1187 1312
f 1312 1187 1191
f 1189 1188 1313
f 1312 1313 1188
f 1189 1314 1290
f 1314 1189 1313
f 1190 1293 1193
f 1191 1315 1312
f 1191 1316 1315
f 1192 1316 1191
f 1192 1317 1316
f 1193 1317 1192
f 1193 1318 1317
f 1293 1318 1193
f 1196 1198 1207
f 1208 1207 1198
f 1208 1198 1319
f 1319 1198 1199
f 1319 1199 1200
f 1320 1319 1200
f 1200 1202 1321
f 1321 1322 1200
f 1200 1322 1320
f 1202 1200 1201
f 1202 1203 1321
f 1203 1323 1321
f 1205 1323 1203
f 1204 1323 1205
f 1323 1204 1324
f 1324 1204 1325
f 1325 1204 1271
f 1209 1208 1320
f 1320 1208 1319
f 1320 1215 1209
f 1210 1226 1221
f 1226 1210 1211
f 1326 1226 1211
f 1326 1211 1212
f 1327 1326 1212
f 1327 1212 1328
f 1216 1328 1212
f 1329 1214 1213
f 1329 1213 1215
f 1214 1329 1217
f 1320 1330 1215
f 1215 1330 1329
f 1328 1216 1217
f 1329 1331 1217
f 1328 1217 1332
f 1331 1332 1217
f 1233 1218 1220
f 1234 1218 1233
f 1219 1221 1222
f 1223 1220 1219
f 1222 1221 1226
f 1224 1226 1326
f 1225 1224 1326
f 1327 1225 1326
f 1228 1225 1327
f 1327 1333 1228
f 1231 1229 1228
f 1228 1333 1334
f 1334 1231 1228
f 1335 1230 1231
f 1230 1335 1232
f 1231 1334 1335
f 1232 1335 1336
f 1235 1232 1336
f 1236 1235 1337
f 1338 1337 1235
f 1235 1336 1338
f 1236 1337 1339
f 1339 1340 1236
f 1237 1236 1341
f 1340 1341 1236
f 1238 1237 1341
f 1239 1238 1278
f 1238 1341 1278
f 1241 1240 1239
f 1239 1278 1241
f 1342 1242 1243
f 1246 1242 1342
f 1243 1244 1275
f 1343 1342 1243
f 1243 1275 1343
f 1244 1245 1277
f 1275 1244 1277
f 1247 1246 1342
f 1342 1344 1247
f 1345 1247 1344
f 1346 1248 1247
f 1346 1247 1345
f 1347 1248 1346
f 1251 1248 1347
f 1251 1348 1249
f 1250 1249 1348
f 1250 1349 1255
f 1349 1250 1348
f 1251 1347 1348
f 1254 1350 1252
f 1351 1252 1352
f 1352 1252 1350
f 1252 1351 1253
f 1253 1351 1353
f 1353 1257 1253
f 1255 1354 1254
f 1355 1254 1354
f 1355 1350 1254
f 1356 1255 1349
f 1255 1356 1357
f 1255 1357 1354
f 1256 1358 1286
f 1358 1256 1258
f 1258 1257 1359
f 1257 1353 1359
f 1258 1359 1360
f 1360 1358 1258
f 1361 1260 1259
f 1259 1362 1361
f 1362 1259 1270
f 1260 1363 1364
f 1364 1261 1260
f 1260 1365 1366
f 1260 1367 1365
f 1366 1363 1260
f 1367 1260 1368
f 1368 1260 1361
f 1364 1369 1261
f 1261 1369 1279
f 1270 1262 1370
f 1370 1262 1267
f 1262 1263 1267
f 1264 1371 1265
f 1372 1371 1264
f 1372 1264 1269
f 1265 1371 1268
f 1268 1370 1267
f 1268 1373 1374
f 1370 1268 1374
f 1375 1373 1268
f 1375 1268 1376
f 1268 1371 1377
f 1268 1377 1376
f 1378 1372 1269
f 1289 1379 1269
f 1269 1380 1378
f 1269 1379 1381
f 1381 1382 1269
f 1382 1380 1269
f 1383 1362 1270
f 1374 1270 1370
f 1374 1384 1270
f 1384 1383 1270
f 1325 1271 1278
f 1272 1385 1273
f 1385 1272 1280
f 1276 1273 1385
f 1386 1387 1275
f 1386 1275 1276
f 1387 1343 1275
f 1276 1385 1388
f 1386 1276 1388
f 1278 1341 1325
f 1279 1363 1386
f 1363 1279 1369
f 1386 1280 1279
f 1388 1385 1280
f 1388 1280 1386
f 1389 1282 1281
f 1389 1281 1287
f 1390 1282 1389
f 1282 1390 1391
f 1282 1391 1283
f 1283 1391 1390
f 1392 1393 1283
f 1283 1394 1301
f 1283 1390 1392
f 1393 1394 1283
f 1285 1284 1395
f 1286 1396 1284
f 1395 1284 1396
f 1395 1287 1285
f 1396 1286 1358
f 1287 1395 1397
f 1398 1399 1287
f 1397 1398 1287
f 1287 1400 1389
f 1287 1399 1400
f 1289 1288 1291
f 1289 1291 1314
f 1314 1379 1289
f 1291 1290 1314
f 1292 1401 1402
f 1402 1294 1292
f 1401 1292 1298
f 1293 1403 1318
f 1294 1403 1293
f 1402 1403 1294
f 1295 1404 1296
f 1405 1406 1295
f 1404 1295 1406
f 1307 1405 1295
f 1296 1407 1297
f 1296 1404 1407
f 1297 1408 1409
f 1297 1409 1300
f 1410 1408 1297
f 1297 1407 1410
f 1298 1299 1401
f 1411 1299 1412
f 1401 1299 1411
f 1413 1412 1299
f 1299 1300 1413
f 1409 1413 1300
f 1414 1301 1394
f 1302 1301 1415
f 1301 1414 1415
f 1416 1303 1302
f 1416 1302 1415
f 1416 1304 1303
f 1416 1417 1304
f 1417 1418 1304
f 1304 1418 1305
f 1306 1305 1310
f 1419 1305 1418
f 1310 1305 1419
f 1420 1405 1307
f 1307 1308 1311
f 1311 1421 1307
f 1307 1421 1420
f 1422 1309 1310
f 1423 1311 1309
f 1309 1422 1423
f 1310 1424 1425
f 1310 1425 1422
f 1424 1310 1419
f 1311 1423 1426
f 1426 1421 1311
f 1313 1312 1427
f 1312 1315 1427
f 1313 1428 1314
f 1427 1428 1313
f 1314 1428 1379
f 1429 1427 1315
f 1315 1430 1429
f 1316 1430 1315
f 1430 1316 1317
f 1430 1317 1318
f 1318 1431 1430
f 1431 1318 1403
f 1330 1320 1322
f 1322 1321 1432
f 1321 1323 1432
f 1433 1330 1322
f 1432 1433 1322
f 1324 1432 1323
f 1324 1325 1340
f 1432 1324 1340
f 1341 1340 1325
f 1328 1333 1327
f 1333 1328 1434
f 1434 1328 1332
f 1330 1433 1329
f 1433 1331 1329
f 1340 1332 1331
f 1331 1433 1340
f 1339 1435 1332
f 1340 1339 1332
f 1435 1436 1332
f 1332 1436 1434
f 1437 1333 1434
f 1333 1437 1334
f 1334 1437 1335
f 1437 1438 1335
f 1335 1438 1336
f 1439 1336 1438
f 1338 1336 1439
f 1339 1337 1435
f 1337 1338 1435
f 1435 1338 1439
f 1340 1433 1432
f 1343 1387 1342
f 1440 1441 1342
f 1342 1441 1344
f 1442 1440 1342
f 1342 1387 1442
f 1441 1443 1344
f 1444 1345 1344
f 1344 1443 1445
f 1444 1344 1445
f 1446 1447 1345
f 1346 1345 1447
f 1345 1444 1446
f 1448 1347 1346
f 1346 1447 1448
f 1449 1347 1448
f 1450 1347 1449
f 1348 1347 1450
f 1348 1450 1451
f 1348 1451 1452
f 1348 1452 1349
f 1356 1349 1452
f 1453 1350 1355
f 1453 1454 1350
f 1455 1352 1350
f 1455 1350 1454
f 1351 1352 1455
f 1351 1455 1456
f 1351 1457 1353
f 1456 1458 1351
f 1351 1458 1457
f 1459 1359 1353
f 1353 1457 1459
f 1354 1357 1460
f 1461 1354 1460
f 1461 1355 1354
f 1462 1355 1461
f 1462 1453 1355
f 1452 1357 1356
f 1463 1357 1452
f 1357 1463 1464
f 1465 1357 1464
f 1465 1466 1357
f 1357 1466 1460
f 1360 1467 1358
f 1396 1358 1468
f 1358 1467 1469
f 1358 1470 1468
f 1471 1472 1358
f 1358 1469 1471
f 1470 1358 1472
f 1359 1459 1360
f 1473 1467 1360
f 1474 1475 1360
f 1475 1473 1360
f 1360 1459 1474
f 1368 1361 1476
f 1477 1478 1361
f 1478 1476 1361
f 1477 1361 1362
f 1479 1362 1383
f 1362 1479 1477
f 1363 1369 1364
f 1386 1363 1366
f 1365 1480 1366
f 1480 1365 1442
f 1367 1442 1365
f 1366 1480 1386
f 1367 1440 1442
f 1445 1440 1367
f 1445 1367 1481
f 1368 1481 1367
f 1482 1483 1368
f 1483 1481 1368
f 1482 1368 1484
f 1368 1476 1484
f 1371 1485 1377
f 1372 1485 1371
f 1378 1485 1372
f 1486 1374 1373
f 1375 1487 1373
f 1486 1373 1487
f 1486 1488 1374
f 1374 1488 1384
f 1489 1380 1375
f 1490 1487 1375
f 1375 1380 1382
f 1376 1489 1375
f 1382 1490 1375
f 1489 1376 1377
f 1377 1485 1489
f 1380 1485 1378
f 1379 1428 1429
f 1491 1379 1429
f 1492 1379 1491
f 1493 1381 1379
f 1493 1379 1492
f 1485 1380 1489
f 1493 1382 1381
f 1494 1490 1382
f 1495 1382 1493
f 1495 1494 1382
f 1496 1383 1497
f 1478 1383 1496
f 1478 1479 1383
f 1498 1383 1499
f 1384 1500 1383
f 1499 1383 1500
f 1498 1497 1383
f 1488 1501 1384
f 1502 1500 1384
f 1384 1501 1502
f 1387 1386 1480
f 1442 1387 1480
f 1389 1400 1503
f 1392 1390 1389
f 1389 1504 1392
f 1504 1389 1503
f 1392 1505 1393
f 1505 1392 1504
f 1505 1506 1393
f 1414 1394 1393
f 1393 1507 1414
f 1507 1393 1508
f 1508 1393 1506
f 1509 1397 1395
f 1396 1509 1395
f 1468 1510 1396
f 1396 1510 1511
f 1511 1509 1396
f 1398 1397 1509
f 1399 1398 1511
f 1398 1509 1511
f 1512 1513 1399
f 1514 1400 1399
f 1399 1515 1514
f 1515 1399 1513
f 1399 1511 1512
f 1400 1514 1516
f 1503 1400 1516
f 1401 1411 1402
f 1403 1402 1411
f 1431 1403 1517
f 1517 1403 1411
f 1518 1407 1404
f 1519 1404 1406
f 1518 1404 1519
f 1520 1406 1405
f 1420 1520 1405
f 1519 1406 1520
f 1521 1410 1407
f 1518 1521 1407
f 1408 1522 1409
f 1523 1522 1408
f 1410 1523 1408
f 1409 1412 1413
f 1412 1409 1522
f 1410 1521 1523
f 1412 1517 1411
f 1517 1412 1524
f 1524 1412 1525
f 1525 1412 1522
f 1415 1414 1507
f 1508 1416 1415
f 1415 1507 1508
f 1508 1419 1416
f 1417 1416 1418
f 1419 1418 1416
f 1526 1527 1419
f 1508 1526 1419
f 1528 1424 1419
f 1527 1529 1419
f 1529 1528 1419
f 1530 1519 1420
f 1420 1519 1520
f 1420 1531 1530
f 1532 1533 1420
f 1420 1533 1531
f 1421 1532 1420
f 1534 1532 1421
f 1535 1536 1421
f 1535 1421 1426
f 1536 1534 1421
f 1537 1422 1425
f 1537 1423 1422
f 1538 1539 1423
f 1538 1423 1537
f 1423 1539 1535
f 1535 1426 1423
f 1540 1425 1424
f 1540 1424 1528
f 1541 1542 1425
f 1542 1537 1425
f 1541 1425 1543
f 1543 1425 1540
f 1428 1427 1429
f 1491 1429 1430
f 1491 1430 1431
f 1524 1431 1517
f 1431 1524 1491
f 1434 1436 1437
f 1436 1435 1439
f 1438 1437 1436
f 1436 1439 1438
f 1443 1441 1440
f 1440 1445 1443
f 1544 1545 1444
f 1444 1445 1546
f 1446 1444 1545
f 1546 1544 1444
f 1546 1445 1481
f 1448 1447 1446
f 1448 1446 1449
f 1446 1545 1547
f 1547 1449 1446
f 1548 1549 1449
f 1548 1449 1547
f 1450 1449 1549
f 1550 1451 1450
f 1550 1450 1549
f 1451 1550 1551
f 1551 1452 1451
f 1552 1452 1551
f 1552 1463 1452
f 1553 1453 1462
f 1554 1454 1453
f 1553 1554 1453
f 1454 1554 1555
f 1455 1454 1555
f 1455 1556 1456
f 1555 1556 1455
f 1458 1456 1556
f 1457 1458 1556
f 1557 1474 1457
f 1556 1557 1457
f 1459 1457 1474
f 1460 1558 1461
f 1559 1460 1466
f 1560 1460 1559
f 1460 1560 1558
f 1558 1462 1461
f 1561 1553 1462
f 1462 1558 1562
f 1462 1562 1561
f 1563 1463 1552
f 1463 1563 1464
f 1464 1564 1465
f 1565 1464 1563
f 1464 1565 1566
f 1567 1564 1464
f 1566 1567 1464
f 1564 1466 1465
f 1559 1466 1564
f 1473 1469 1467
f 1510 1468 1470
f 1568 1471 1469
f 1469 1473 1568
f 1511 1510 1470
f 1472 1511 1470
f 1569 1472 1471
f 1568 1569 1471
f 1511 1472 1512
f 1472 1570 1512
f 1570 1472 1569
f 1473 1475 1571
f 1473 1571 1572
f 1572 1568 1473
f 1573 1475 1474
f 1474 1557 1573
f 1571 1475 1573
f 1484 1476 1478
f 1478 1477 1479
f 1484 1478 1496
f 1481 1483 1546
f 1482 1546 1483
f 1496 1482 1484
f 1482 1574 1544
f 1482 1544 1546
f 1575 1574 1482
f 1576 1575 1482
f 1482 1565 1576
f 1496 1565 1482
f 1488 1486 1577
f 1486 1578 1579
f 1486 1487 1578
f 1580 1486 1579
f 1577 1486 1580
f 1490 1578 1487
f 1581 1582 1488
f 1582 1501 1488
f 1577 1581 1488
f 1579 1578 1490
f 1494 1579 1490
f 1492 1491 1524
f 1493 1492 1495
f 1583 1495 1492
f 1492 1584 1585
f 1585 1583 1492
f 1492 1524 1525
f 1492 1525 1586
f 1586 1584 1492
f 1587 1579 1494
f 1494 1588 1587
f 1588 1494 1495
f 1588 1495 1583
f 1497 1565 1496
f 1589 1565 1497
f 1589 1497 1498
f 1499 1590 1498
f 1498 1590 1589
f 1500 1591 1499
f 1591 1590 1499
f 1591 1500 1502
f 1591 1501 1592
f 1502 1501 1591
f 1501 1582 1592
f 1503 1593 1504
f 1503 1516 1593
f 1504 1593 1594
f 1594 1505 1504
f 1506 1505 1594
f 1506 1594 1595
f 1508 1506 1595
f 1595 1596 1508
f 1526 1508 1596
f 1512 1597 1513
f 1512 1570 1598
f 1512 1598 1599
f 1512 1600 1597
f 1599 1600 1512
f 1513 1601 1515
f 1601 1513 1602
f 1602 1513 1597
f 1603 1604 1514
f 1514 1515 1603
f 1605 1516 1514
f 1606 1605 1514
f 1514 1604 1606
f 1607 1515 1601
f 1607 1608 1515
f 1608 1609 1515
f 1603 1515 1609
f 1593 1516 1605
f 1518 1610 1521
f 1530 1610 1518
f 1530 1518 1519
f 1523 1521 1611
f 1610 1611 1521
f 1523 1612 1522
f 1525 1522 1612
f 1611 1613 1523
f 1613 1612 1523
f 1612 1613 1525
f 1614 1525 1613
f 1525 1614 1586
f 1615 1527 1526
f 1526 1616 1617
f 1617 1618 1526
f 1596 1619 1526
f 1526 1619 1616
f 1618 1615 1526
f 1620 1527 1621
f 1529 1527 1620
f 1621 1527 1615
f 1528 1622 1540
f 1528 1529 1620
f 1623 1528 1620
f 1622 1528 1624
f 1624 1528 1623
f 1530 1625 1610
f 1531 1625 1530
f 1625 1531 1626
f 1627 1626 1531
f 1533 1627 1531
f 1534 1533 1532
f 1628 1533 1629
f 1533 1630 1627
f 1533 1628 1631
f 1629 1533 1534
f 1631 1630 1533
f 1632 1629 1534
f 1633 1534 1536
f 1534 1633 1632
f 1634 1536 1535
f 1634 1535 1539
f 1633 1536 1634
f 1635 1537 1542
f 1636 1538 1537
f 1537 1635 1636
f 1637 1539 1538
f 1638 1637 1538
f 1538 1639 1638
f 1636 1640 1538
f 1639 1538 1640
f 1641 1634 1539
f 1539 1642 1641
f 1642 1539 1637
f 1540 1622 1543
f 1643 1542 1541
f 1541 1644 1643
f 1645 1644 1541
f 1541 1646 1645
f 1541 1543 1647
f 1646 1541 1647
f 1542 1643 1635
f 1622 1624 1543
f 1624 1647 1543
f 1547 1545 1544
f 1574 1648 1544
f 1548 1544 1648
f 1548 1547 1544
f 1549 1548 1575
f 1648 1575 1548
f 1551 1550 1549
f 1549 1575 1551
f 1551 1575 1649
f 1551 1649 1552
f 1552 1649 1563
f 1561 1650 1553
f 1651 1553 1650
f 1554 1553 1651
f 1554 1651 1555
f 1652 1555 1651
f 1555 1652 1653
f 1556 1555 1654
f 1555 1653 1654
f 1556 1654 1655
f 1655 1557 1556
f 1656 1557 1655
f 1657 1557 1656
f 1557 1657 1658
f 1658 1573 1557
f 1558 1560 1659
f 1558 1659 1562
f 1567 1559 1564
f 1560 1559 1660
f 1559 1567 1660
f 1661 1560 1662
f 1560 1661 1663
f 1560 1660 1662
f 1663 1659 1560
f 1663 1561 1562
f 1664 1561 1663
f 1650 1561 1665
f 1561 1664 1665
f 1562 1659 1663
f 1563 1649 1575
f 1575 1576 1563
f 1563 1576 1565
f 1566 1565 1589
f 1660 1567 1566
f 1589 1660 1566
f 1666 1568 1572
f 1666 1667 1568
f 1568 1668 1669
f 1568 1670 1668
f 1568 1667 1671
f 1669 1569 1568
f 1672 1670 1568
f 1671 1672 1568
f 1598 1570 1569
f 1598 1569 1669
f 1571 1573 1673
f 1666 1572 1571
f 1571 1673 1666
f 1573 1674 1673
f 1658 1675 1573
f 1675 1674 1573
f 1575 1648 1574
f 1577 1676 1581
f 1677 1676 1577
f 1662 1677 1577
f 1678 1679 1577
f 1679 1662 1577
f 1678 1577 1580
f 1579 1680 1580
f 1680 1579 1587
f 1580 1681 1678
f 1681 1580 1680
f 1676 1582 1581
f 1676 1592 1582
f 1585 1588 1583
f 1585 1584 1588
f 1586 1682 1584
f 1584 1683 1684
f 1685 1683 1584
f 1684 1588 1584
f 1685 1584 1682
f 1682 1586 1686
f 1586 1614 1686
f 1687 1680 1587
f 1688 1687 1587
f 1587 1684 1688
f 1684 1587 1588
f 1589 1662 1660
f 1677 1662 1589
f 1589 1590 1677
f 1592 1590 1591
f 1590 1592 1676
f 1677 1590 1676
f 1689 1593 1605
f 1593 1690 1594
f 1690 1593 1689
f 1595 1594 1690
f 1596 1595 1691
f 1692 1691 1595
f 1595 1690 1692
f 1596 1691 1619
f 1669 1693 1597
f 1694 1669 1597
f 1597 1600 1694
f 1693 1695 1597
f 1597 1695 1696
f 1597 1696 1602
f 1598 1694 1599
f 1694 1598 1669
f 1600 1599 1694
f 1602 1696 1601
f 1696 1607 1601
f 1609 1604 1603
f 1697 1698 1604
f 1699 1700 1604
f 1604 1609 1697
f 1699 1604 1698
f 1606 1604 1700
f 1605 1606 1701
f 1605 1701 1689
f 1702 1701 1606
f 1702 1606 1700
f 1607 1696 1695
f 1695 1608 1607
f 1609 1608 1697
f 1695 1697 1608
f 1611 1610 1703
f 1625 1703 1610
f 1611 1704 1613
f 1703 1704 1611
f 1613 1705 1614
f 1613 1704 1706
f 1705 1613 1706
f 1686 1614 1705
f 1615 1707 1621
f 1618 1708 1615
f 1707 1615 1708
f 1616 1709 1617
f 1619 1710 1616
f 1711 1712 1616
f 1711 1616 1710
f 1616 1712 1709
f 1617 1709 1713
f 1714 1618 1617
f 1714 1617 1713
f 1714 1708 1618
f 1710 1619 1691
f 1620 1621 1623
f 1715 1623 1621
f 1715 1621 1707
f 1715 1716 1623
f 1624 1623 1716
f 1717 1624 1716
f 1624 1717 1647
f 1626 1718 1625
f 1703 1625 1718
f 1626 1719 1720
f 1720 1718 1626
f 1626 1627 1719
f 1627 1630 1719
f 1721 1628 1629
f 1628 1722 1723
f 1631 1628 1723
f 1721 1724 1628
f 1724 1722 1628
f 1721 1629 1632
f 1630 1725 1719
f 1631 1725 1630
f 1726 1725 1631
f 1631 1723 1726
f 1633 1642 1632
f 1724 1632 1642
f 1724 1721 1632
f 1634 1641 1633
f 1641 1642 1633
f 1640 1636 1635
f 1644 1635 1643
f 1727 1728 1635
f 1635 1644 1727
f 1635 1728 1640
f 1637 1729 1642
f 1638 1730 1637
f 1729 1637 1730
f 1639 1730 1638
f 1639 1640 1731
f 1731 1730 1639
f 1728 1731 1640
f 1729 1724 1642
f 1727 1644 1645
f 1732 1727 1645
f 1645 1733 1732
f 1646 1733 1645
f 1646 1734 1733
f 1646 1735 1736
f 1735 1646 1647
f 1734 1646 1736
f 1737 1647 1717
f 1737 1738 1647
f 1738 1739 1647
f 1647 1739 1735
f 1650 1740 1651
f 1650 1665 1740
f 1740 1652 1651
f 1741 1652 1740
f 1741 1653 1652
f 1742 1653 1741
f 1742 1654 1653
f 1743 1654 1742
f 1743 1655 1654
f 1656 1655 1743
f 1744 1656 1743
f 1745 1656 1744
f 1745 1657 1656
f 1658 1657 1745
f 1745 1746 1658
f 1658 1746 1675
f 1747 1661 1662
f 1663 1661 1747
f 1747 1662 1679
f 1747 1664 1663
f 1665 1664 1748
f 1664 1747 1749
f 1748 1664 1749
f 1750 1740 1665
f 1665 1748 1750
f 1666 1751 1752
f 1666 1673 1753
f 1754 1666 1752
f 1666 1754 1667
f 1751 1666 1753
f 1671 1667 1754
f 1668 1755 1669
f 1755 1668 1670
f 1693 1669 1756
f 1757 1669 1755
f 1756 1669 1757
f 1758 1759 1670
f 1760 1758 1670
f 1670 1672 1761
f 1670 1761 1762
f 1762 1760 1670
f 1755 1670 1759
f 1671 1754 1761
f 1672 1671 1761
f 1673 1674 1753
f 1763 1753 1674
f 1763 1674 1675
f 1764 1675 1746
f 1675 1764 1763
f 1749 1679 1678
f 1678 1681 1765
f 1766 1748 1678
f 1678 1767 1766
f 1678 1765 1767
f 1749 1678 1748
f 1679 1749 1747
f 1681 1680 1687
f 1768 1681 1688
f 1687 1688 1681
f 1765 1681 1768
f 1769 1770 1682
f 1685 1682 1770
f 1682 1686 1769
f 1683 1771 1684
f 1683 1772 1773
f 1683 1773 1771
f 1683 1774 1775
f 1776 1772 1683
f 1683 1777 1776
f 1775 1777 1683
f 1774 1683 1685
f 1684 1771 1778
f 1778 1688 1684
f 1770 1774 1685
f 1686 1705 1779
f 1686 1780 1769
f 1686 1779 1780
f 1688 1778 1781
f 1768 1688 1782
f 1782 1688 1781
f 1689 1783 1692
f 1701 1784 1689
f 1692 1690 1689
f 1783 1689 1784
f 1691 1692 1710
f 1711 1692 1783
f 1710 1692 1711
f 1756 1698 1693
f 1693 1698 1695
f 1695 1698 1697
f 1698 1756 1699
f 1700 1699 1785
f 1786 1699 1756
f 1785 1699 1787
f 1788 1699 1786
f 1787 1699 1788
f 1789 1702 1700
f 1790 1700 1785
f 1791 1789 1700
f 1700 1790 1792
f 1792 1791 1700
f 1784 1701 1702
f 1793 1794 1702
f 1789 1793 1702
f 1702 1794 1784
f 1704 1703 1795
f 1718 1795 1703
f 1706 1704 1795
f 1706 1720 1705
f 1720 1779 1705
f 1706 1795 1720
f 1707 1708 1715
f 1708 1714 1796
f 1715 1708 1796
f 1712 1797 1709
f 1798 1709 1797
f 1799 1713 1709
f 1709 1798 1799
f 1712 1711 1800
f 1800 1711 1783
f 1800 1797 1712
f 1796 1713 1801
f 1796 1714 1713
f 1801 1713 1799
f 1796 1802 1715
f 1716 1715 1802
f 1717 1716 1737
f 1802 1737 1716
f 1720 1795 1718
f 1725 1720 1719
f 1726 1720 1725
f 1803 1720 1804
f 1804 1720 1726
f 1803 1779 1720
f 1722 1805 1723
f 1806 1805 1722
f 1806 1722 1724
f 1805 1726 1723
f 1724 1729 1807
f 1807 1806 1724
f 1808 1726 1805
f 1809 1810 1726
f 1808 1809 1726
f 1810 1804 1726
f 1727 1811 1728
f 1812 1811 1727
f 1727 1732 1812
f 1813 1731 1728
f 1728 1814 1813
f 1814 1728 1811
f 1731 1729 1730
f 1729 1731 1815
f 1815 1807 1729
f 1731 1813 1815
f 1816 1812 1732
f 1816 1732 1733
f 1817 1816 1733
f 1733 1818 1817
f 1818 1733 1734
f 1819 1818 1734
f 1736 1819 1734
f 1736 1735 1820
f 1820 1735 1739
f 1819 1736 1821
f 1821 1736 1820
f 1822 1737 1802
f 1822 1738 1737
f 1738 1823 1739
f 1823 1738 1822
f 1739 1823 1820
f 1750 1741 1740
f 1824 1742 1741
f 1741 1750 1824
f 1824 1744 1742
f 1742 1744 1743
f 1824 1745 1744
f 1745 1824 1746
f 1746 1824 1825
f 1826 1746 1825
f 1746 1826 1764
f 1750 1748 1827
f 1827 1748 1766
f 1827 1824 1750
f 1828 1752 1751
f 1751 1829 1830
f 1828 1751 1830
f 1753 1829 1751
f 1752 1831 1754
f 1831 1752 1828
f 1753 1763 1829
f 1761 1754 1831
f 1755 1759 1757
f 1756 1757 1786
f 1757 1759 1832
f 1833 1757 1832
f 1788 1786 1757
f 1834 1757 1833
f 1834 1788 1757
f 1759 1758 1832
f 1760 1835 1758
f 1832 1758 1835
f 1762 1836 1760
f 1760 1836 1837
f 1835 1760 1838
f 1837 1838 1760
f 1762 1761 1836
f 1761 1839 1840
f 1761 1831 1841
f 1836 1761 1840
f 1761 1841 1839
f 1842 1763 1843
f 1763 1764 1843
f 1763 1842 1829
f 1782 1764 1826
f 1843 1764 1782
f 1844 1767 1765
f 1765 1768 1844
f 1827 1766 1767
f 1767 1844 1827
f 1782 1825 1768
f 1844 1768 1825
f 1770 1769 1780
f 1770 1845 1774
f 1770 1846 1847
f 1848 1770 1849
f 1770 1850 1845
f 1847 1849 1770
f 1846 1770 1780
f 1770 1848 1850
f 1773 1778 1771
f 1772 1851 1773
f 1772 1776 1851
f 1778 1773 1852
f 1853 1773 1854
f 1853 1852 1773
f 1855 1854 1773
f 1856 1855 1773
f 1856 1773 1851
f 1845 1775 1774
f 1845 1777 1775
f 1851 1776 1856
f 1777 1857 1776
f 1776 1857 1858
f 1776 1858 1856
f 1858 1777 1859
f 1777 1860 1859
f 1858 1857 1777
f 1860 1777 1845
f 1852 1781 1778
f 1780 1779 1803
f 1803 1846 1780
f 1781 1852 1853
f 1853 1782 1781
f 1782 1826 1825
f 1861 1843 1782
f 1861 1782 1862
f 1862 1782 1853
f 1783 1863 1800
f 1783 1784 1864
f 1783 1864 1865
f 1863 1783 1866
f 1866 1783 1865
f 1864 1784 1794
f 1787 1867 1785
f 1867 1868 1785
f 1790 1785 1868
f 1788 1867 1787
f 1788 1834 1869
f 1788 1869 1867
f 1793 1789 1870
f 1789 1791 1870
f 1790 1868 1869
f 1871 1790 1834
f 1869 1834 1790
f 1790 1871 1872
f 1873 1792 1790
f 1790 1874 1873
f 1875 1790 1872
f 1875 1874 1790
f 1870 1791 1873
f 1791 1792 1873
f 1794 1793 1876
f 1793 1870 1876
f 1876 1864 1794
f 1877 1796 1801
f 1877 1802 1796
f 1878 1797 1879
f 1797 1800 1879
f 1878 1798 1797
f 1799 1798 1878
f 1801 1799 1880
f 1880 1799 1878
f 1800 1863 1879
f 1801 1881 1877
f 1880 1881 1801
f 1822 1802 1877
f 1882 1803 1804
f 1846 1803 1882
f 1883 1804 1884
f 1804 1883 1882
f 1884 1804 1810
f 1808 1805 1806
f 1885 1808 1806
f 1886 1806 1807
f 1806 1886 1885
f 1815 1886 1807
f 1808 1885 1887
f 1887 1809 1808
f 1884 1810 1809
f 1809 1887 1888
f 1809 1889 1884
f 1809 1888 1890
f 1890 1889 1809
f 1811 1891 1814
f 1811 1892 1893
f 1893 1891 1811
f 1812 1892 1811
f 1812 1816 1894
f 1812 1894 1892
f 1895 1815 1813
f 1895 1813 1896
f 1814 1897 1813
f 1898 1813 1897
f 1813 1899 1896
f 1898 1899 1813
f 1897 1814 1891
f 1815 1895 1900
f 1900 1886 1815
f 1816 1901 1902
f 1903 1816 1902
f 1817 1901 1816
f 1894 1816 1903
f 1819 1901 1817
f 1817 1818 1819
f 1901 1819 1904
f 1904 1819 1821
f 1820 1905 1821
f 1820 1823 1906
f 1820 1907 1905
f 1907 1820 1906
f 1821 1908 1904
f 1905 1909 1821
f 1909 1908 1821
f 1910 1911 1822
f 1910 1822 1877
f 1823 1822 1906
f 1906 1822 1911
f 1824 1827 1844
f 1825 1824 1844
f 1828 1841 1831
f 1830 1912 1828
f 1841 1828 1913
f 1913 1828 1912
f 1914 1830 1829
f 1829 1915 1914
f 1829 1842 1915
f 1916 1912 1830
f 1914 1916 1830
f 1832 1835 1917
f 1832 1917 1833
f 1917 1918 1833
f 1834 1833 1871
f 1919 1833 1918
f 1871 1833 1872
f 1872 1833 1919
f 1920 1835 1838
f 1920 1917 1835
f 1836 1840 1837
f 1837 1921 1838
f 1922 1837 1840
f 1837 1922 1923
f 1837 1923 1921
f 1924 1838 1921
f 1838 1924 1920
f 1840 1839 1925
f 1839 1841 1925
f 1840 1925 1922
f 1925 1841 1913
f 1842 1843 1861
f 1861 1915 1842
f 1845 1926 1860
f 1926 1845 1850
f 1847 1846 1882
f 1849 1847 1882
f 1927 1848 1849
f 1848 1928 1850
f 1928 1848 1927
f 1882 1927 1849
f 1850 1929 1926
f 1930 1850 1931
f 1931 1850 1928
f 1929 1850 1930
f 1854 1862 1853
f 1862 1854 1932
f 1932 1854 1855
f 1933 1932 1855
f 1856 1933 1855
f 1933 1856 1858
f 1859 1933 1858
f 1859 1934 1935
f 1860 1936 1859
f 1937 1859 1938
f 1937 1934 1859
f 1938 1859 1936
f 1935 1933 1859
f 1860 1939 1936
f 1939 1860 1926
f 1940 1861 1862
f 1915 1861 1940
f 1932 1940 1862
f 1879 1863 1866
f 1941 1865 1864
f 1864 1876 1942
f 1941 1864 1942
f 1865 1941 1866
f 1879 1866 1943
f 1866 1941 1944
f 1945 1946 1866
f 1946 1947 1866
f 1944 1948 1866
f 1866 1948 1945
f 1949 1943 1866
f 1866 1947 1949
f 1868 1867 1869
f 1876 1870 1944
f 1944 1870 1873
f 1919 1950 1872
f 1872 1951 1952
f 1872 1952 1875
f 1872 1950 1951
f 1874 1953 1873
f 1873 1953 1954
f 1948 1873 1954
f 1948 1944 1873
f 1874 1955 1953
f 1874 1875 1955
f 1956 1875 1952
f 1957 1955 1875
f 1957 1875 1956
f 1942 1876 1944
f 1910 1877 1881
f 1878 1879 1880
f 1880 1879 1943
f 1880 1958 1959
f 1958 1880 1949
f 1943 1949 1880
f 1959 1960 1880
f 1880 1960 1881
f 1960 1961 1881
f 1910 1881 1962
f 1881 1961 1963
f 1963 1962 1881
f 1964 1882 1883
f 1882 1964 1927
f 1884 1965 1883
f 1966 1964 1883
f 1883 1967 1968
f 1883 1965 1967
f 1968 1966 1883
f 1889 1965 1884
f 1969 1970 1885
f 1885 1886 1969
f 1885 1971 1887
f 1970 1971 1885
f 1900 1969 1886
f 1971 1888 1887
f 1888 1971 1972
f 1890 1888 1972
f 1889 1973 1974
f 1973 1889 1890
f 1974 1965 1889
f 1972 1975 1890
f 1976 1977 1890
f 1975 1976 1890
f 1978 1973 1890
f 1890 1977 1978
f 1893 1897 1891
f 1892 1979 1893
f 1980 1979 1892
f 1981 1892 1894
f 1892 1981 1980
f 1897 1893 1979
f 1894 1982 1981
f 1983 1982 1894
f 1903 1984 1894
f 1983 1894 1984
f 1969 1900 1895
f 1896 1969 1895
f 1985 1896 1986
f 1896 1985 1969
f 1987 1986 1896
f 1899 1987 1896
f 1988 1898 1897
f 1897 1989 1988
f 1989 1897 1979
f 1990 1899 1898
f 1988 1990 1898
f 1990 1987 1899
f 1991 1902 1901
f 1901 1992 1991
f 1992 1901 1904
f 1902 1984 1903
f 1984 1902 1991
f 1992 1904 1908
f 1993 1909 1905
f 1905 1907 1994
f 1995 1905 1996
f 1993 1905 1995
f 1994 1997 1905
f 1996 1905 1997
f 1998 1999 1906
f 2000 1906 1999
f 1906 1911 1998
f 1907 1906 2000
f 2001 1907 2002
f 1907 2001 1994
f 2000 2002 1907
f 1992 1908 2003
f 2003 1908 1909
f 1909 2004 2003
f 1993 2004 1909
f 1998 1911 1910
f 1998 1910 1962
f 1913 1912 2005
f 2006 1912 1916
f 1912 2006 2005
f 2005 1925 1913
f 1914 1915 2007
f 1916 1914 2007
f 1933 1915 1940
f 1933 2007 1915
f 1916 2007 2008
f 2009 1916 2008
f 2009 2006 1916
f 1918 1917 2010
f 2011 1917 2012
f 2012 1917 1920
f 2013 1917 2011
f 2010 1917 2013
f 1918 2010 1919
f 1919 2010 1950
f 1924 2012 1920
f 2014 1921 2015
f 1923 2015 1921
f 1921 2014 1924
f 2016 2017 1922
f 1922 1925 2016
f 1923 1922 2017
f 2018 1923 2019
f 1923 2017 2020
f 1923 2020 2021
f 2019 1923 2021
f 2015 1923 2018
f 2012 1924 2014
f 2022 2016 1925
f 2005 2022 1925
f 2023 1926 1929
f 1926 2023 1939
f 1964 2024 1927
f 1927 1931 1928
f 1931 1927 2024
f 1929 2025 2023
f 1930 2025 1929
f 2026 1930 1931
f 2025 1930 2027
f 2027 1930 2026
f 2024 2028 1931
f 2026 1931 2028
f 1940 1932 1933
f 2029 2007 1933
f 1935 2029 1933
f 1934 2029 1935
f 2029 1934 2030
f 2030 1934 1937
f 2023 1936 1939
f 1938 1936 2023
f 2031 1937 1938
f 2030 1937 2032
f 2033 2032 1937
f 2031 2033 1937
f 1938 2034 2031
f 1938 2035 2034
f 1938 2023 2036
f 2037 1938 2036
f 2035 1938 2037
f 1944 1941 1942
f 1946 1945 2038
f 1945 2039 2038
f 1945 1948 2039
f 1947 1946 2040
f 2040 1946 2038
f 1949 1947 2041
f 1947 2040 2042
f 2043 1947 2042
f 2041 1947 2043
f 1954 2044 1948
f 1948 2044 2045
f 1948 2045 2046
f 2039 1948 2046
f 1958 1949 2041
f 2047 1950 2013
f 2048 1951 1950
f 2010 2013 1950
f 1950 2047 2048
f 1952 1951 2048
f 1952 2049 1956
f 2050 1952 2048
f 2051 2049 1952
f 1952 2050 2051
f 1953 1955 2052
f 1954 1953 2052
f 2044 1954 2053
f 1954 2052 2054
f 2055 2056 1954
f 1954 2056 2053
f 2054 2055 1954
f 2052 1955 1957
f 2049 2051 1956
f 1957 1956 2057
f 1956 2051 2058
f 2058 2057 1956
f 2054 1957 2059
f 2054 2052 1957
f 1957 2057 2059
f 2060 1959 1958
f 1958 2041 2060
f 1960 1959 2061
f 2062 1959 2060
f 2062 2063 1959
f 2061 1959 2063
f 1961 1960 2061
f 2064 1961 2061
f 1963 1961 2064
f 1999 1998 1962
f 1962 1963 2065
f 2065 1999 1962
f 1963 2064 2066
f 2066 2065 1963
f 2067 1964 1968
f 1964 1966 1968
f 1964 2067 2024
f 1965 1974 1967
f 2067 1968 1967
f 2068 2067 1967
f 1967 1974 2068
f 1969 1985 1970
f 1971 1970 1972
f 1985 1972 1970
f 1975 1972 1985
f 1974 1973 2068
f 1973 1978 2068
f 2069 1975 1986
f 1985 1986 1975
f 1976 1975 2069
f 1976 2070 1977
f 2069 2071 1976
f 2070 1976 2071
f 1977 2070 2072
f 2072 2073 1977
f 1978 1977 2074
f 2074 1977 2073
f 1978 2074 2068
f 1979 1980 1989
f 1980 2075 1989
f 2076 2077 1980
f 2077 2075 1980
f 2076 1980 1981
f 1982 2078 1981
f 2078 2076 1981
f 1982 2079 2078
f 1983 2079 1982
f 2080 2081 1983
f 2082 1983 2083
f 2082 2079 1983
f 1984 1991 1983
f 1983 1991 1992
f 2081 2083 1983
f 2080 1983 1992
f 2069 1986 1987
f 1987 1990 2084
f 2084 2069 1987
f 1988 2085 1990
f 2075 1988 1989
f 2075 2085 1988
f 2085 2084 1990
f 2086 2080 1992
f 1992 2087 2088
f 2003 2087 1992
f 1992 2088 2086
f 2089 2004 1993
f 2089 1993 1995
f 1997 1994 2001
f 1995 1996 2090
f 2091 1995 2090
f 2089 1995 2091
f 1997 2092 1996
f 2090 1996 2092
f 2092 1997 2093
f 2001 2093 1997
f 2000 1999 2094
f 2065 2095 1999
f 1999 2095 2094
f 2094 2002 2000
f 2093 2001 2002
f 2094 2096 2002
f 2002 2097 2093
f 2002 2096 2097
f 2003 2098 2099
f 2099 2087 2003
f 2003 2004 2100
f 2101 2098 2003
f 2003 2100 2101
f 2089 2100 2004
f 2102 2022 2005
f 2006 2103 2005
f 2005 2103 2104
f 2005 2104 2102
f 2006 2009 2103
f 2007 2105 2008
f 2029 2105 2007
f 2106 2009 2008
f 2008 2105 2030
f 2106 2008 2032
f 2030 2032 2008
f 2009 2106 2104
f 2103 2009 2104
f 2011 2012 2107
f 2107 2108 2011
f 2011 2108 2013
f 2012 2015 2107
f 2014 2015 2012
f 2108 2109 2013
f 2013 2109 2110
f 2111 2013 2110
f 2013 2111 2112
f 2112 2047 2013
f 2015 2018 2113
f 2114 2107 2015
f 2114 2015 2115
f 2116 2115 2015
f 2015 2113 2116
f 2020 2017 2016
f 2117 2016 2022
f 2016 2117 2021
f 2021 2020 2016
f 2019 2118 2018
f 2119 2120 2018
f 2018 2118 2119
f 2113 2018 2120
f 2021 2121 2019
f 2019 2122 2118
f 2122 2019 2121
f 2121 2021 2117
f 2123 2117 2022
f 2123 2022 2102
f 2025 2124 2023
f 2124 2036 2023
f 2125 2028 2024
f 2126 2125 2024
f 2024 2067 2126
f 2025 2027 2124
f 2026 2127 2128
f 2128 2129 2026
f 2129 2027 2026
f 2028 2127 2026
f 2027 2130 2037
f 2130 2027 2131
f 2124 2027 2037
f 2129 2131 2027
f 2125 2127 2028
f 2030 2105 2029
f 2132 2033 2031
f 2031 2133 2132
f 2031 2034 2134
f 2134 2133 2031
f 2106 2032 2135
f 2135 2032 2033
f 2132 2135 2033
f 2134 2034 2136
f 2035 2136 2034
f 2137 2136 2035
f 2138 2035 2139
f 2035 2138 2137
f 2037 2139 2035
f 2036 2124 2037
f 2037 2140 2141
f 2037 2141 2139
f 2142 2140 2037
f 2037 2130 2142
f 2040 2038 2143
f 2038 2144 2145
f 2039 2144 2038
f 2038 2145 2143
f 2046 2146 2039
f 2039 2146 2144
f 2143 2147 2040
f 2042 2040 2148
f 2148 2040 2147
f 2060 2041 2149
f 2043 2149 2041
f 2148 2150 2042
f 2042 2150 2043
f 2147 2043 2150
f 2151 2043 2147
f 2043 2151 2152
f 2043 2152 2149
f 2053 2045 2044
f 2046 2045 2153
f 2045 2053 2154
f 2154 2153 2045
f 2046 2153 2146
f 2047 2155 2156
f 2155 2047 2112
f 2156 2048 2047
f 2157 2048 2156
f 2050 2048 2157
f 2158 2159 2050
f 2158 2050 2157
f 2050 2058 2051
f 2160 2058 2050
f 2050 2159 2160
f 2161 2053 2056
f 2053 2161 2154
f 2054 2059 2055
f 2162 2056 2055
f 2055 2163 2162
f 2057 2163 2055
f 2059 2057 2055
f 2162 2164 2056
f 2165 2056 2166
f 2166 2056 2164
f 2161 2056 2165
f 2058 2167 2057
f 2057 2167 2168
f 2168 2163 2057
f 2058 2160 2167
f 2062 2060 2149
f 2064 2061 2063
f 2149 2169 2062
f 2169 2063 2062
f 2169 2170 2063
f 2063 2170 2171
f 2063 2171 2172
f 2064 2063 2172
f 2064 2173 2066
f 2172 2173 2064
f 2095 2065 2066
f 2174 2175 2066
f 2175 2094 2066
f 2095 2066 2094
f 2066 2176 2174
f 2066 2173 2176
f 2177 2126 2067
f 2178 2177 2067
f 2068 2178 2067
f 2178 2068 2179
f 2074 2180 2068
f 2068 2180 2179
f 2181 2071 2069
f 2084 2181 2069
f 2072 2070 2182
f 2182 2070 2071
f 2071 2181 2183
f 2183 2182 2071
f 2072 2184 2073
f 2185 2186 2072
f 2072 2187 2185
f 2072 2186 2184
f 2072 2182 2188
f 2187 2072 2188
f 2074 2073 2189
f 2189 2073 2190
f 2184 2190 2073
f 2191 2180 2074
f 2189 2191 2074
f 2192 2085 2075
f 2075 2193 2194
f 2075 2194 2192
f 2077 2193 2075
f 2195 2077 2076
f 2076 2196 2195
f 2076 2197 2196
f 2197 2076 2078
f 2077 2187 2198
f 2198 2193 2077
f 2195 2187 2077
f 2079 2199 2078
f 2197 2078 2199
f 2082 2199 2079
f 2200 2081 2080
f 2080 2086 2200
f 2200 2201 2081
f 2202 2083 2081
f 2201 2202 2081
f 2203 2082 2083
f 2203 2199 2082
f 2202 2204 2083
f 2083 2204 2203
f 2205 2181 2084
f 2085 2205 2084
f 2192 2205 2085
f 2086 2206 2200
f 2206 2086 2088
f 2088 2087 2099
f 2207 2206 2088
f 2208 2088 2209
f 2088 2099 2209
f 2088 2208 2207
f 2210 2100 2089
f 2211 2210 2089
f 2211 2089 2091
f 2093 2090 2092
f 2091 2090 2212
f 2090 2213 2214
f 2214 2215 2090
f 2215 2216 2090
f 2090 2093 2213
f 2212 2090 2216
f 2091 2217 2211
f 2218 2217 2091
f 2212 2218 2091
f 2219 2213 2093
f 2093 2097 2219
f 2096 2094 2175
f 2220 2221 2096
f 2096 2175 2220
f 2221 2222 2096
f 2097 2096 2222
f 2219 2097 2222
f 2099 2098 2209
f 2101 2223 2098
f 2223 2209 2098
f 2101 2100 2210
f 2101 2210 2224
f 2224 2225 2101
f 2101 2225 2223
f 2226 2102 2104
f 2227 2123 2102
f 2102 2226 2228
f 2102 2228 2227
f 2135 2104 2106
f 2135 2132 2104
f 2229 2226 2104
f 2104 2132 2229
f 2108 2107 2114
f 2109 2108 2114
f 2109 2114 2230
f 2110 2109 2230
f 2230 2231 2110
f 2111 2110 2232
f 2231 2232 2110
f 2112 2111 2233
f 2234 2111 2232
f 2233 2111 2234
f 2235 2155 2112
f 2233 2235 2112
f 2116 2113 2120
f 2230 2114 2115
f 2116 2236 2115
f 2230 2115 2236
f 2237 2236 2116
f 2116 2120 2237
f 2117 2123 2121
f 2118 2122 2238
f 2119 2118 2238
f 2119 2239 2120
f 2238 2239 2119
f 2239 2237 2120
f 2240 2121 2123
f 2241 2122 2121
f 2121 2240 2241
f 2241 2242 2122
f 2243 2238 2122
f 2122 2242 2243
f 2123 2227 2240
f 2126 2244 2125
f 2127 2125 2244
f 2245 2246 2126
f 2245 2126 2177
f 2126 2246 2244
f 2127 2247 2128
f 2244 2247 2127
f 2128 2248 2129
f 2249 2128 2247
f 2248 2128 2249
f 2131 2129 2250
f 2250 2129 2248
f 2130 2131 2250
f 2142 2130 2250
f 2133 2229 2132
f 2229 2133 2226
f 2134 2226 2133
f 2136 2251 2134
f 2226 2134 2251
f 2252 2251 2136
f 2252 2136 2137
f 2252 2137 2253
f 2253 2137 2254
f 2138 2254 2137
f 2139 2141 2138
f 2255 2254 2138
f 2256 2255 2138
f 2138 2141 2256
f 2257 2141 2140
f 2258 2140 2142
f 2259 2140 2258
f 2140 2259 2257
f 2257 2260 2141
f 2256 2141 2261
f 2261 2141 2260
f 2142 2262 2258
f 2142 2263 2262
f 2264 2263 2142
f 2142 2250 2264
f 2143 2145 2265
f 2266 2143 2265
f 2147 2143 2266
f 2145 2144 2267
f 2144 2146 2268
f 2267 2144 2268
f 2265 2145 2267
f 2146 2153 2269
f 2268 2146 2269
f 2150 2148 2147
f 2151 2147 2266
f 2169 2149 2152
f 2266 2270 2151
f 2152 2151 2271
f 2270 2271 2151
f 2152 2271 2272
f 2169 2152 2272
f 2153 2154 2273
f 2269 2153 2273
f 2273 2154 2161
f 2157 2156 2155
f 2157 2155 2274
f 2235 2274 2155
f 2157 2274 2158
f 2158 2275 2159
f 2158 2274 2276
f 2275 2158 2276
f 2160 2159 2275
f 2277 2167 2160
f 2278 2160 2275
f 2277 2160 2278
f 2161 2165 2279
f 2273 2161 2279
f 2168 2280 2162
f 2163 2168 2162
f 2162 2281 2164
f 2282 2162 2280
f 2162 2282 2281
f 2283 2164 2284
f 2164 2281 2284
f 2164 2283 2166
f 2166 2285 2165
f 2165 2286 2287
f 2165 2287 2279
f 2165 2285 2286
f 2166 2283 2285
f 2168 2167 2277
f 2168 2277 2288
f 2168 2288 2280
f 2272 2170 2169
f 2272 2289 2170
f 2171 2170 2289
f 2171 2289 2290
f 2291 2171 2290
f 2172 2171 2291
f 2292 2172 2291
f 2172 2292 2173
f 2173 2292 2176
f 2175 2174 2293
f 2294 2293 2174
f 2174 2176 2294
f 2293 2220 2175
f 2292 2294 2176
f 2295 2177 2296
f 2178 2296 2177
f 2245 2177 2297
f 2295 2297 2177
f 2296 2178 2295
f 2179 2295 2178
f 2298 2295 2179
f 2180 2298 2179
f 2299 2180 2300
f 2300 2180 2191
f 2299 2298 2180
f 2194 2181 2205
f 2181 2194 2183
f 2188 2182 2183
f 2193 2188 2183
f 2193 2183 2194
f 2184 2186 2195
f 2195 2301 2184
f 2301 2190 2184
f 2195 2186 2185
f 2185 2187 2195
f 2187 2188 2198
f 2198 2188 2193
f 2190 2301 2189
f 2301 2302 2189
f 2302 2191 2189
f 2302 2300 2191
f 2194 2205 2192
f 2195 2303 2301
f 2195 2304 2303
f 2305 2195 2196
f 2305 2304 2195
f 2305 2196 2199
f 2199 2196 2197
f 2199 2306 2305
f 2306 2199 2203
f 2307 2201 2200
f 2206 2308 2200
f 2200 2308 2307
f 2201 2309 2310
f 2201 2310 2202
f 2309 2201 2307
f 2310 2204 2202
f 2306 2203 2204
f 2311 2204 2310
f 2204 2311 2306
f 2312 2313 2206
f 2308 2206 2313
f 2206 2314 2315
f 2314 2206 2207
f 2315 2312 2206
f 2207 2208 2314
f 2209 2316 2208
f 2314 2208 2316
f 2223 2316 2209
f 2210 2211 2317
f 2224 2210 2317
f 2211 2217 2318
f 2317 2211 2318
f 2319 2218 2212
f 2212 2320 2319
f 2212 2216 2321
f 2321 2320 2212
f 2213 2322 2214
f 2219 2323 2213
f 2213 2323 2322
f 2214 2322 2324
f 2214 2324 2215
f 2215 2324 2325
f 2215 2325 2216
f 2216 2325 2326
f 2216 2326 2321
f 2327 2217 2328
f 2318 2217 2327
f 2217 2218 2328
f 2218 2319 2328
f 2222 2329 2219
f 2219 2329 2323
f 2330 2221 2220
f 2220 2331 2332
f 2220 2293 2331
f 2220 2332 2330
f 2221 2330 2333
f 2221 2333 2222
f 2222 2333 2329
f 2316 2223 2225
f 2334 2224 2335
f 2318 2335 2224
f 2224 2336 2225
f 2224 2337 2336
f 2334 2337 2224
f 2317 2318 2224
f 2314 2225 2336
f 2225 2314 2316
f 2251 2252 2226
f 2252 2228 2226
f 2338 2227 2252
f 2252 2227 2228
f 2240 2227 2339
f 2227 2338 2339
f 2230 2236 2340
f 2231 2230 2340
f 2231 2341 2342
f 2231 2340 2341
f 2343 2232 2231
f 2342 2344 2231
f 2343 2231 2344
f 2232 2345 2234
f 2345 2232 2343
f 2233 2346 2347
f 2234 2348 2233
f 2348 2346 2233
f 2235 2233 2347
f 2348 2234 2345
f 2349 2235 2347
f 2349 2350 2235
f 2274 2235 2350
f 2236 2237 2340
f 2237 2239 2351
f 2352 2340 2237
f 2237 2351 2352
f 2353 2238 2243
f 2354 2355 2238
f 2351 2238 2355
f 2239 2238 2351
f 2354 2238 2353
f 2241 2240 2339
f 2356 2357 2241
f 2241 2357 2242
f 2241 2339 2356
f 2358 2242 2357
f 2243 2242 2358
f 2358 2359 2243
f 2243 2359 2353
f 2360 2244 2361
f 2362 2363 2244
f 2244 2246 2361
f 2247 2244 2363
f 2362 2244 2360
f 2246 2245 2361
f 2245 2297 2364
f 2364 2361 2245
f 2249 2247 2363
f 2365 2248 2249
f 2365 2264 2248
f 2248 2264 2250
f 2366 2249 2363
f 2249 2366 2365
f 2253 2338 2252
f 2254 2356 2253
f 2253 2356 2338
f 2255 2356 2254
f 2367 2368 2255
f 2356 2255 2368
f 2255 2256 2369
f 2367 2255 2369
f 2369 2256 2261
f 2370 2260 2257
f 2370 2257 2259
f 2371 2258 2262
f 2370 2259 2258
f 2258 2371 2370
f 2372 2260 2373
f 2372 2261 2260
f 2260 2370 2373
f 2261 2374 2369
f 2372 2374 2261
f 2262 2263 2375
f 2375 2376 2262
f 2371 2262 2377
f 2376 2378 2262
f 2262 2378 2379
f 2262 2379 2377
f 2263 2264 2365
f 2375 2263 2365
f 2265 2267 2380
f 2266 2265 2380
f 2380 2270 2266
f 2267 2268 2381
f 2381 2380 2267
f 2268 2269 2381
f 2381 2269 2382
f 2382 2269 2273
f 2383 2272 2270
f 2270 2380 2383
f 2272 2271 2270
f 2272 2383 2384
f 2290 2272 2384
f 2290 2289 2272
f 2382 2273 2279
f 2276 2274 2350
f 2275 2276 2350
f 2275 2350 2385
f 2278 2275 2385
f 2288 2277 2386
f 2278 2386 2277
f 2278 2387 2388
f 2389 2278 2385
f 2388 2386 2278
f 2278 2389 2387
f 2279 2287 2390
f 2382 2279 2390
f 2280 2388 2387
f 2280 2288 2388
f 2280 2387 2282
f 2391 2281 2282
f 2284 2281 2391
f 2282 2392 2391
f 2282 2393 2392
f 2393 2282 2387
f 2284 2394 2283
f 2395 2283 2394
f 2285 2283 2395
f 2394 2284 2391
f 2396 2285 2395
f 2286 2285 2396
f 2287 2286 2397
f 2397 2286 2396
f 2390 2287 2397
f 2386 2388 2288
f 2398 2291 2290
f 2398 2290 2384
f 2291 2398 2292
f 2292 2398 2399
f 2294 2292 2399
f 2331 2293 2294
f 2400 2401 2294
f 2294 2399 2400
f 2294 2401 2331
f 2297 2295 2298
f 2297 2402 2403
f 2297 2403 2364
f 2404 2402 2297
f 2405 2404 2297
f 2405 2297 2298
f 2298 2299 2406
f 2405 2298 2406
f 2299 2300 2406
f 2300 2302 2407
f 2407 2406 2300
f 2302 2301 2407
f 2303 2407 2301
f 2407 2303 2408
f 2304 2408 2303
f 2304 2409 2408
f 2409 2304 2305
f 2305 2410 2409
f 2305 2306 2410
f 2410 2306 2311
f 2307 2411 2309
f 2307 2308 2412
f 2411 2307 2412
f 2308 2313 2412
f 2310 2309 2413
f 2414 2413 2309
f 2309 2411 2414
f 2310 2415 2311
f 2310 2413 2415
f 2410 2311 2415
f 2416 2313 2312
f 2312 2315 2416
f 2417 2412 2313
f 2313 2416 2417
f 2314 2418 2315
f 2314 2336 2419
f 2314 2420 2418
f 2419 2420 2314
f 2416 2315 2418
f 2318 2421 2335
f 2327 2421 2318
f 2328 2319 2320
f 2421 2328 2320
f 2421 2320 2422
f 2320 2321 2422
f 2321 2326 2423
f 2321 2423 2422
f 2322 2424 2324
f 2322 2425 2424
f 2323 2425 2322
f 2323 2426 2425
f 2329 2426 2323
f 2324 2424 2427
f 2324 2427 2325
f 2325 2427 2428
f 2325 2428 2326
f 2326 2428 2429
f 2326 2429 2423
f 2328 2421 2327
f 2329 2333 2426
f 2430 2431 2330
f 2332 2430 2330
f 2426 2330 2431
f 2333 2330 2426
f 2432 2332 2331
f 2331 2401 2432
f 2432 2430 2332
f 2335 2433 2334
f 2334 2434 2337
f 2334 2435 2436
f 2433 2435 2334
f 2434 2334 2436
f 2335 2437 2433
f 2437 2335 2421
f 2336 2337 2419
f 2337 2434 2419
f 2339 2338 2356
f 2340 2352 2341
f 2438 2342 2341
f 2341 2439 2438
f 2352 2439 2341
f 2438 2440 2342
f 2344 2342 2440
f 2343 2344 2441
f 2442 2345 2343
f 2442 2343 2443
f 2443 2343 2441
f 2444 2445 2344
f 2445 2446 2344
f 2446 2441 2344
f 2444 2344 2440
f 2345 2447 2348
f 2345 2442 2447
f 2347 2346 2442
f 2348 2447 2346
f 2346 2447 2442
f 2448 2449 2347
f 2442 2448 2347
f 2449 2349 2347
f 2350 2349 2449
f 2350 2450 2385
f 2350 2449 2450
f 2355 2352 2351
f 2451 2352 2452
f 2452 2352 2355
f 2439 2352 2451
f 2353 2359 2453
f 2453 2354 2353
f 2355 2354 2452
f 2454 2354 2453
f 2452 2354 2454
f 2357 2356 2368
f 2368 2455 2357
f 2358 2357 2455
f 2359 2358 2455
f 2359 2455 2456
f 2359 2456 2457
f 2457 2453 2359
f 2361 2458 2360
f 2360 2458 2459
f 2362 2360 2459
f 2460 2458 2361
f 2364 2460 2361
f 2461 2363 2362
f 2362 2462 2461
f 2362 2459 2462
f 2463 2363 2461
f 2363 2463 2366
f 2460 2364 2403
f 2365 2463 2375
f 2463 2365 2366
f 2456 2368 2367
f 2367 2369 2374
f 2456 2367 2457
f 2464 2457 2367
f 2464 2367 2374
f 2456 2455 2368
f 2370 2465 2373
f 2465 2370 2466
f 2466 2370 2371
f 2467 2371 2468
f 2469 2371 2470
f 2471 2466 2371
f 2377 2468 2371
f 2371 2467 2470
f 2472 2371 2469
f 2472 2471 2371
f 2373 2473 2372
f 2372 2473 2374
f 2373 2474 2464
f 2474 2373 2475
f 2373 2464 2473
f 2465 2475 2373
f 2473 2464 2374
f 2476 2375 2463
f 2376 2375 2476
f 2476 2378 2376
f 2468 2377 2379
f 2477 2378 2476
f 2378 2478 2379
f 2477 2478 2378
f 2379 2478 2468
f 2383 2380 2381
f 2381 2382 2383
f 2382 2479 2480
f 2383 2382 2480
f 2390 2479 2382
f 2481 2482 2383
f 2384 2383 2482
f 2480 2481 2383
f 2384 2482 2398
f 2385 2450 2483
f 2385 2483 2484
f 2385 2484 2389
f 2389 2393 2387
f 2485 2389 2484
f 2393 2389 2485
f 2390 2397 2479
f 2391 2486 2394
f 2391 2392 2487
f 2488 2391 2487
f 2391 2488 2486
f 2392 2393 2489
f 2487 2392 2489
f 2490 2393 2485
f 2489 2393 2490
f 2395 2394 2486
f 2396 2395 2491
f 2491 2395 2486
f 2397 2396 2491
f 2491 2479 2397
f 2398 2482 2492
f 2493 2398 2492
f 2399 2398 2493
f 2399 2494 2495
f 2493 2494 2399
f 2400 2399 2495
f 2400 2496 2401
f 2496 2400 2495
f 2497 2401 2496
f 2497 2432 2401
f 2402 2498 2403
f 2404 2498 2402
f 2458 2403 2459
f 2403 2458 2460
f 2498 2459 2403
f 2405 2498 2404
f 2406 2499 2405
f 2499 2500 2405
f 2498 2405 2500
f 2501 2499 2406
f 2406 2407 2408
f 2406 2502 2503
f 2406 2408 2504
f 2406 2505 2506
f 2506 2507 2406
f 2406 2504 2508
f 2507 2502 2406
f 2406 2503 2501
f 2508 2505 2406
f 2408 2409 2509
f 2408 2509 2504
f 2409 2510 2509
f 2409 2410 2511
f 2409 2511 2510
f 2415 2512 2410
f 2512 2511 2410
f 2411 2513 2414
f 2411 2412 2514
f 2514 2513 2411
f 2515 2514 2412
f 2412 2417 2515
f 2413 2516 2415
f 2414 2516 2413
f 2414 2517 2516
f 2513 2517 2414
f 2512 2415 2516
f 2416 2518 2519
f 2418 2520 2416
f 2416 2521 2417
f 2522 2518 2416
f 2519 2521 2416
f 2416 2520 2522
f 2417 2523 2515
f 2521 2524 2417
f 2524 2523 2417
f 2420 2520 2418
f 2419 2525 2526
f 2419 2526 2420
f 2419 2527 2525
f 2434 2527 2419
f 2420 2526 2520
f 2422 2437 2421
f 2437 2422 2528
f 2422 2423 2528
f 2423 2429 2529
f 2423 2529 2528
f 2424 2530 2427
f 2424 2531 2530
f 2425 2531 2424
f 2425 2431 2531
f 2426 2431 2425
f 2427 2530 2532
f 2427 2532 2428
f 2428 2532 2533
f 2428 2533 2429
f 2429 2533 2534
f 2429 2534 2529
f 2531 2431 2430
f 2432 2497 2430
f 2430 2497 2531
f 2433 2535 2435
f 2437 2535 2433
f 2434 2536 2527
f 2436 2536 2434
f 2435 2537 2436
f 2435 2538 2537
f 2535 2538 2435
f 2436 2537 2536
f 2437 2539 2535
f 2528 2539 2437
f 2540 2438 2541
f 2438 2439 2541
f 2542 2440 2438
f 2438 2540 2543
f 2543 2544 2438
f 2545 2542 2438
f 2438 2544 2545
f 2541 2439 2451
f 2440 2542 2546
f 2444 2440 2546
f 2441 2446 2443
f 2443 2547 2442
f 2448 2442 2547
f 2446 2548 2443
f 2549 2547 2443
f 2443 2548 2549
f 2444 2548 2445
f 2444 2550 2551
f 2550 2444 2552
f 2551 2548 2444
f 2444 2546 2553
f 2553 2552 2444
f 2548 2446 2445
f 2450 2449 2448
f 2547 2554 2448
f 2448 2554 2450
f 2450 2554 2555
f 2555 2556 2450
f 2483 2450 2556
f 2452 2557 2451
f 2540 2451 2557
f 2541 2451 2540
f 2557 2452 2454
f 2474 2453 2457
f 2454 2453 2474
f 2454 2474 2558
f 2559 2557 2454
f 2559 2454 2558
f 2457 2464 2474
f 2459 2498 2500
f 2500 2462 2459
f 2462 2560 2461
f 2461 2561 2463
f 2562 2561 2461
f 2461 2560 2562
f 2462 2500 2560
f 2561 2476 2463
f 2471 2465 2466
f 2465 2471 2563
f 2563 2475 2465
f 2468 2564 2467
f 2470 2467 2565
f 2565 2467 2564
f 2478 2564 2468
f 2470 2566 2469
f 2469 2567 2568
f 2469 2566 2567
f 2568 2472 2469
f 2566 2470 2565
f 2569 2563 2471
f 2568 2471 2472
f 2569 2471 2568
f 2475 2558 2474
f 2475 2563 2569
f 2558 2475 2569
f 2477 2476 2561
f 2561 2570 2477
f 2570 2478 2477
f 2564 2478 2570
f 2479 2571 2480
f 2479 2491 2571
f 2572 2481 2480
f 2480 2573 2572
f 2571 2573 2480
f 2482 2481 2574
f 2481 2572 2574
f 2574 2575 2482
f 2576 2492 2482
f 2482 2575 2576
f 2484 2483 2556
f 2484 2556 2485
f 2577 2578 2485
f 2577 2485 2556
f 2485 2579 2490
f 2580 2579 2485
f 2485 2578 2580
f 2488 2571 2486
f 2486 2571 2491
f 2488 2487 2581
f 2487 2489 2581
f 2571 2488 2581
f 2489 2490 2582
f 2581 2489 2582
f 2582 2490 2583
f 2579 2583 2490
f 2494 2492 2576
f 2493 2492 2494
f 2576 2495 2494
f 2584 2495 2576
f 2495 2584 2496
f 2585 2586 2496
f 2496 2584 2585
f 2497 2496 2586
f 2586 2587 2497
f 2531 2497 2587
f 2499 2501 2560
f 2500 2499 2560
f 2560 2501 2503
f 2560 2503 2502
f 2560 2502 2507
f 2508 2504 2509
f 2588 2506 2505
f 2505 2508 2589
f 2505 2589 2512
f 2590 2505 2512
f 2588 2505 2590
f 2506 2588 2507
f 2591 2507 2592
f 2507 2588 2592
f 2507 2591 2560
f 2509 2510 2508
f 2510 2589 2508
f 2589 2510 2511
f 2589 2511 2512
f 2590 2512 2593
f 2516 2593 2512
f 2594 2517 2513
f 2513 2595 2594
f 2513 2514 2595
f 2595 2514 2596
f 2515 2596 2514
f 2597 2515 2523
f 2515 2597 2598
f 2598 2596 2515
f 2517 2593 2516
f 2590 2593 2517
f 2517 2594 2599
f 2517 2599 2590
f 2518 2600 2519
f 2600 2518 2601
f 2602 2601 2518
f 2602 2518 2522
f 2603 2519 2600
f 2524 2519 2603
f 2524 2521 2519
f 2520 2604 2605
f 2605 2522 2520
f 2604 2520 2526
f 2522 2605 2602
f 2523 2606 2597
f 2606 2523 2524
f 2524 2607 2608
f 2608 2606 2524
f 2607 2524 2603
f 2526 2525 2604
f 2525 2609 2610
f 2527 2609 2525
f 2604 2525 2610
f 2527 2611 2609
f 2536 2611 2527
f 2528 2529 2539
f 2529 2612 2539
f 2529 2534 2612
f 2532 2530 2613
f 2530 2587 2613
f 2587 2530 2531
f 2533 2532 2613
f 2534 2533 2613
f 2613 2614 2534
f 2614 2612 2534
f 2535 2615 2538
f 2539 2615 2535
f 2536 2616 2611
f 2537 2616 2536
f 2537 2617 2616
f 2538 2617 2537
f 2538 2614 2617
f 2615 2614 2538
f 2539 2612 2615
f 2557 2543 2540
f 2618 2546 2542
f 2542 2545 2618
f 2559 2619 2543
f 2543 2557 2559
f 2544 2543 2619
f 2619 2620 2544
f 2621 2545 2544
f 2622 2544 2620
f 2623 2621 2544
f 2623 2544 2622
f 2621 2624 2545
f 2618 2545 2624
f 2553 2546 2618
f 2549 2554 2547
f 2549 2548 2551
f 2549 2625 2626
f 2549 2551 2625
f 2627 2554 2549
f 2556 2627 2549
f 2549 2626 2628
f 2628 2556 2549
f 2550 2625 2551
f 2625 2550 2552
f 2553 2625 2552
f 2629 2553 2630
f 2618 2631 2553
f 2632 2625 2553
f 2553 2631 2630
f 2632 2553 2629
f 2627 2555 2554
f 2556 2555 2627
f 2633 2577 2556
f 2634 2635 2556
f 2636 2634 2556
f 2636 2556 2628
f 2633 2556 2635
f 2637 2559 2558
f 2569 2637 2558
f 2637 2619 2559
f 2638 2562 2560
f 2591 2639 2560
f 2640 2638 2560
f 2560 2639 2640
f 2561 2641 2570
f 2641 2561 2562
f 2642 2562 2643
f 2641 2562 2642
f 2643 2562 2638
f 2644 2565 2564
f 2641 2564 2570
f 2564 2641 2644
f 2644 2645 2565
f 2566 2565 2646
f 2647 2646 2565
f 2647 2565 2645
f 2567 2566 2648
f 2646 2649 2566
f 2649 2648 2566
f 2650 2568 2567
f 2648 2651 2567
f 2650 2567 2652
f 2651 2652 2567
f 2650 2569 2568
f 2653 2637 2569
f 2650 2654 2569
f 2654 2653 2569
f 2581 2573 2571
f 2655 2574 2572
f 2655 2572 2656
f 2656 2572 2573
f 2573 2581 2656
f 2655 2575 2574
f 2657 2576 2575
f 2658 2659 2575
f 2658 2575 2655
f 2575 2659 2657
f 2576 2660 2584
f 2576 2657 2660
f 2577 2661 2578
f 2577 2633 2661
f 2578 2661 2580
f 2580 2583 2579
f 2580 2661 2662
f 2663 2580 2662
f 2583 2580 2663
f 2581 2664 2656
f 2665 2664 2581
f 2581 2582 2665
f 2583 2665 2582
f 2663 2665 2583
f 2584 2660 2585
f 2586 2585 2613
f 2585 2660 2666
f 2613 2585 2666
f 2587 2586 2613
f 2667 2668 2588
f 2667 2588 2669
f 2668 2592 2588
f 2669 2588 2599
f 2590 2599 2588
f 2592 2668 2591
f 2591 2670 2639
f 2668 2670 2591
f 2599 2594 2671
f 2671 2594 2595
f 2595 2672 2671
f 2596 2672 2595
f 2672 2596 2598
f 2672 2597 2673
f 2598 2597 2672
f 2674 2597 2606
f 2597 2674 2675
f 2675 2676 2597
f 2597 2676 2673
f 2599 2671 2669
f 2600 2601 2603
f 2677 2603 2601
f 2678 2601 2602
f 2601 2678 2677
f 2605 2679 2602
f 2602 2679 2678
f 2607 2603 2677
f 2610 2605 2604
f 2610 2679 2605
f 2606 2680 2674
f 2680 2606 2608
f 2608 2607 2681
f 2682 2681 2607
f 2683 2607 2677
f 2607 2683 2682
f 2608 2681 2680
f 2609 2679 2610
f 2679 2609 2611
f 2679 2611 2616
f 2614 2615 2612
f 2614 2613 2684
f 2613 2685 2684
f 2613 2666 2685
f 2684 2617 2614
f 2616 2617 2678
f 2678 2679 2616
f 2617 2684 2678
f 2624 2686 2618
f 2631 2618 2686
f 2653 2619 2637
f 2620 2619 2653
f 2620 2653 2654
f 2654 2687 2620
f 2622 2620 2687
f 2621 2688 2624
f 2621 2623 2688
f 2622 2689 2690
f 2622 2687 2689
f 2623 2622 2690
f 2691 2692 2623
f 2688 2623 2692
f 2691 2623 2693
f 2693 2623 2690
f 2624 2688 2686
f 2626 2625 2694
f 2694 2625 2632
f 2694 2628 2626
f 2695 2628 2694
f 2636 2628 2695
f 2630 2696 2629
f 2629 2697 2698
f 2632 2629 2698
f 2697 2629 2696
f 2699 2696 2630
f 2630 2631 2699
f 2631 2686 2699
f 2700 2632 2698
f 2701 2632 2700
f 2701 2694 2632
f 2702 2703 2633
f 2635 2702 2633
f 2633 2703 2704
f 2705 2661 2633
f 2704 2705 2633
f 2634 2706 2635
f 2707 2706 2634
f 2708 2707 2634
f 2634 2695 2708
f 2695 2634 2636
f 2635 2706 2702
f 2643 2638 2640
f 2639 2709 2640
f 2709 2639 2670
f 2640 2709 2643
f 2644 2641 2710
f 2711 2712 2641
f 2642 2711 2641
f 2710 2641 2712
f 2711 2642 2643
f 2709 2713 2643
f 2711 2643 2713
f 2714 2715 2644
f 2647 2645 2644
f 2710 2714 2644
f 2644 2715 2647
f 2646 2716 2649
f 2647 2717 2646
f 2646 2717 2716
f 2717 2647 2715
f 2651 2648 2718
f 2718 2648 2649
f 2716 2718 2649
f 2687 2654 2650
f 2652 2719 2650
f 2689 2687 2650
f 2719 2689 2650
f 2652 2651 2720
f 2651 2718 2721
f 2720 2651 2721
f 2722 2719 2652
f 2722 2652 2720
f 2655 2664 2723
f 2724 2658 2655
f 2725 2724 2655
f 2655 2726 2725
f 2727 2726 2655
f 2728 2655 2723
f 2656 2664 2655
f 2655 2728 2727
f 2659 2729 2657
f 2657 2730 2660
f 2657 2729 2730
f 2659 2658 2729
f 2724 2731 2658
f 2729 2658 2731
f 2660 2730 2732
f 2733 2660 2732
f 2666 2660 2733
f 2662 2661 2705
f 2734 2662 2705
f 2663 2662 2734
f 2723 2663 2734
f 2665 2663 2723
f 2723 2664 2665
f 2666 2733 2735
f 2666 2735 2685
f 2736 2668 2667
f 2736 2667 2673
f 2667 2737 2673
f 2667 2738 2737
f 2738 2667 2669
f 2736 2670 2668
f 2669 2671 2738
f 2713 2670 2736
f 2713 2709 2670
f 2671 2672 2738
f 2672 2673 2737
f 2737 2738 2672
f 2676 2739 2673
f 2673 2739 2736
f 2674 2680 2740
f 2740 2675 2674
f 2736 2739 2675
f 2675 2713 2736
f 2739 2676 2675
f 2675 2740 2713
f 2677 2741 2683
f 2685 2741 2677
f 2685 2677 2678
f 2684 2685 2678
f 2740 2680 2742
f 2680 2743 2742
f 2743 2680 2681
f 2681 2744 2745
f 2681 2745 2743
f 2681 2682 2744
f 2746 2682 2747
f 2682 2683 2747
f 2682 2746 2748
f 2744 2682 2749
f 2682 2750 2751
f 2682 2752 2749
f 2751 2752 2682
f 2753 2750 2682
f 2682 2748 2753
f 2741 2747 2683
f 2685 2754 2741
f 2735 2754 2685
f 2688 2692 2686
f 2699 2686 2692
f 2722 2690 2689
f 2689 2719 2722
f 2755 2690 2722
f 2690 2755 2693
f 2756 2692 2691
f 2691 2693 2756
f 2699 2692 2756
f 2757 2693 2755
f 2693 2757 2756
f 2758 2695 2694
f 2694 2701 2758
f 2708 2695 2759
f 2759 2695 2758
f 2696 2699 2760
f 2761 2762 2696
f 2762 2763 2696
f 2696 2760 2761
f 2696 2764 2697
f 2763 2764 2696
f 2698 2697 2764
f 2764 2700 2698
f 2760 2699 2756
f 2765 2700 2764
f 2701 2700 2765
f 2765 2766 2701
f 2766 2758 2701
f 2707 2703 2702
f 2702 2706 2707
f 2708 2704 2703
f 2703 2707 2708
f 2767 2704 2708
f 2704 2767 2768
f 2728 2704 2768
f 2705 2704 2728
f 2728 2734 2705
f 2759 2767 2708
f 2712 2769 2710
f 2770 2710 2769
f 2714 2710 2770
f 2740 2712 2711
f 2713 2740 2711
f 2769 2712 2771
f 2742 2712 2740
f 2771 2712 2742
f 2714 2772 2715
f 2770 2772 2714
f 2773 2715 2774
f 2773 2717 2715
f 2715 2772 2774
f 2721 2718 2716
f 2717 2775 2716
f 2716 2776 2721
f 2777 2778 2716
f 2776 2716 2778
f 2716 2775 2777
f 2775 2717 2773
f 2720 2776 2722
f 2721 2776 2720
f 2722 2779 2755
f 2779 2722 2776
f 2723 2734 2728
f 2780 2724 2781
f 2780 2731 2724
f 2781 2724 2782
f 2783 2724 2784
f 2724 2783 2782
f 2725 2784 2724
f 2725 2726 2784
f 2784 2726 2783
f 2785 2783 2726
f 2726 2727 2785
f 2785 2727 2768
f 2728 2768 2727
f 2732 2730 2729
f 2729 2731 2732
f 2731 2780 2786
f 2732 2731 2786
f 2787 2732 2747
f 2732 2788 2747
f 2733 2732 2754
f 2754 2732 2787
f 2786 2788 2732
f 2754 2735 2733
f 2787 2747 2741
f 2754 2787 2741
f 2742 2745 2771
f 2742 2743 2745
f 2749 2745 2744
f 2745 2749 2789
f 2745 2789 2771
f 2746 2747 2788
f 2790 2791 2746
f 2746 2788 2790
f 2791 2748 2746
f 2792 2748 2793
f 2748 2794 2753
f 2791 2793 2748
f 2794 2748 2792
f 2749 2752 2789
f 2750 2795 2751
f 2750 2796 2795
f 2797 2796 2750
f 2797 2750 2753
f 2751 2795 2798
f 2799 2751 2798
f 2752 2751 2799
f 2789 2752 2799
f 2753 2800 2801
f 2753 2801 2797
f 2753 2794 2802
f 2753 2802 2800
f 2757 2755 2779
f 2760 2756 2757
f 2757 2761 2760
f 2757 2803 2761
f 2757 2779 2804
f 2804 2803 2757
f 2758 2766 2805
f 2758 2805 2806
f 2759 2758 2806
f 2807 2808 2759
f 2806 2807 2759
f 2767 2759 2808
f 2761 2803 2762
f 2762 2803 2809
f 2763 2762 2809
f 2763 2810 2764
f 2809 2810 2763
f 2764 2811 2765
f 2811 2764 2810
f 2766 2765 2805
f 2805 2765 2811
f 2768 2767 2785
f 2785 2767 2808
f 2771 2798 2769
f 2812 2770 2769
f 2798 2812 2769
f 2796 2813 2770
f 2812 2796 2770
f 2770 2813 2772
f 2789 2799 2771
f 2798 2771 2799
f 2813 2774 2772
f 2814 2773 2774
f 2773 2814 2777
f 2777 2775 2773
f 2813 2814 2774
f 2776 2815 2816
f 2776 2816 2804
f 2815 2776 2778
f 2776 2804 2779
f 2815 2778 2777
f 2815 2777 2802
f 2802 2777 2814
f 2817 2780 2781
f 2788 2780 2817
f 2788 2786 2780
f 2781 2793 2817
f 2792 2781 2818
f 2792 2793 2781
f 2782 2818 2781
f 2782 2783 2785
f 2782 2819 2818
f 2819 2782 2785
f 2819 2785 2808
f 2788 2820 2790
f 2817 2820 2788
f 2820 2791 2790
f 2793 2791 2817
f 2791 2820 2817
f 2794 2792 2821
f 2818 2821 2792
f 2822 2794 2823
f 2821 2823 2794
f 2794 2822 2802
f 2798 2795 2812
f 2795 2796 2812
f 2813 2796 2797
f 2801 2813 2797
f 2801 2800 2814
f 2802 2814 2800
f 2814 2813 2801
f 2802 2824 2815
f 2825 2824 2802
f 2822 2825 2802
f 2803 2804 2816
f 2809 2803 2816
f 2805 2811 2806
f 2826 2807 2806
f 2810 2806 2811
f 2806 2810 2826
f 2808 2807 2819
f 2819 2807 2826
f 2809 2816 2815
f 2810 2809 2827
f 2815 2827 2809
f 2826 2810 2827
f 2827 2815 2824
f 2821 2818 2828
f 2828 2818 2819
f 2819 2826 2829
f 2829 2830 2819
f 2828 2819 2830
f 2831 2823 2821
f 2821 2830 2831
f 2828 2830 2821
f 2832 2822 2823
f 2822 2833 2825
f 2832 2833 2822
f 2823 2831 2832
f 2827 2824 2834
f 2825 2834 2824
f 2825 2833 2834
f 2829 2826 2827
f 2835 2836 2827
f 2827 2834 2835
f 2836 2830 2827
f 2830 2829 2827
f 2837 2830 2836
f 2830 2837 2831
f 2837 2832 2831
f 2833 2832 2837
f 2838 2833 2837
f 2834 2833 2838
f 2834 2838 2835
f 2838 2836 2835
f 2838 2837 2836
