# Generated by Visualization Toolkit
v 0.06275899708271027 -0.3354569971561432 0.1392659991979599
v 0.06261800229549408 -0.335193008184433 0.13943299651145935
v 0.0624379999935627 -0.3354380130767822 0.13956700265407562
v 0.06239800155162811 -0.3356640040874481 0.13952399790287018
v 0.06292500346899033 -0.33547401428222656 0.13912400603294373
v 0.06285300105810165 -0.33566001057624817 0.13903500139713287
v 0.0624690018594265 -0.3351989984512329 0.1395999938249588
v 0.06271400302648544 -0.3350389897823334 0.1395539939403534
v 0.06254100054502487 -0.3350139856338501 0.13968800008296967
v 0.06228699907660484 -0.3354400098323822 0.1397320032119751
v 0.06239800155162811 -0.33520400524139404 0.1396850049495697
v 0.06232199817895889 -0.3352069854736328 0.13976800441741943
v 0.06247600167989731 -0.3358449935913086 0.13926999270915985
v 0.062320999801158905 -0.3358429968357086 0.1394280046224594
v 0.062231000512838364 -0.33564600348472595 0.13966499269008636
v 0.06289300322532654 -0.3350740075111389 0.1394290030002594
v 0.0629739984869957 -0.3356170058250427 0.1388310045003891
v 0.06310799717903137 -0.3348749876022339 0.1393429934978485
v 0.06313300132751465 -0.33526700735092163 0.13902699947357178
v 0.06276199966669083 -0.3358190059661865 0.13892200589179993
v 0.0623599998652935 -0.33497700095176697 0.13981199264526367
v 0.0623369999229908 -0.3350929915904999 0.1397860050201416
v 0.06278900057077408 -0.3348590135574341 0.1396459937095642
v 0.06260699778795242 -0.3348209857940674 0.13976700603961945
v 0.06240300089120865 -0.33475399017333984 0.13985900580883026
v 0.062098000198602676 -0.3353930115699768 0.13984400033950806
v 0.06212399899959564 -0.33514800667762756 0.13986900448799133
v 0.0623680017888546 -0.335983008146286 0.13913199305534363
v 0.062146998941898346 -0.3358150124549866 0.1395609974861145
v 0.062091998755931854 -0.3361020088195801 0.13913699984550476
v 0.061740998178720474 -0.33604300022125244 0.139397993683815
v 0.06203800067305565 -0.33559298515319824 0.1397700011730194
v 0.06312700361013412 -0.33536699414253235 0.13871300220489502
v 0.0629580020904541 -0.33567601442337036 0.13844899833202362
v 0.06298500299453735 -0.3346349895000458 0.13953399658203125
v 0.06328000128269196 -0.33434200286865234 0.1391880065202713
v 0.06313800066709518 -0.33435699343681335 0.13936500251293182
v 0.06330599635839462 -0.3347350060939789 0.13887399435043335
v 0.06339900195598602 -0.33481499552726746 0.13791599869728088
v 0.06248600035905838 -0.3360159993171692 0.1385660022497177
v 0.06214800104498863 -0.33489999175071716 0.13989199697971344
v 0.062164001166820526 -0.3346419930458069 0.13990400731563568
v 0.06212500110268593 -0.3351309895515442 0.13986900448799133
v 0.06263399869203568 -0.3345769941806793 0.13979500532150269
v 0.06282000243663788 -0.33461999893188477 0.13967899978160858
v 0.06241599842905998 -0.3344919979572296 0.13986699283123016
v 0.06191299855709076 -0.3352999985218048 0.13986699283123016
v 0.06211100146174431 -0.3351399898529053 0.13986900448799133
v 0.06195100024342537 -0.3357590138912201 0.1396619975566864
v 0.06162799894809723 -0.33617401123046875 0.13925200700759888
v 0.061664000153541565 -0.3363009989261627 0.13894300162792206
v 0.06195300072431564 -0.3362790048122406 0.1385989934206009
v 0.0615370012819767 -0.3359769880771637 0.13948799669742584
v 0.061636000871658325 -0.3358269929885864 0.13961300253868103
v 0.06179700046777725 -0.3354789912700653 0.13981199264526367
v 0.06330700218677521 -0.3349989950656891 0.1378449946641922
v 0.06268499791622162 -0.33567601442337036 0.13772599399089813
v 0.06287900358438492 -0.33551499247550964 0.13773100078105927
v 0.06319499760866165 -0.3351059854030609 0.13765600323677063
v 0.06240500137209892 -0.3359900116920471 0.13809600472450256
v 0.06246599927544594 -0.33587101101875305 0.13781100511550903
v 0.06298399716615677 -0.33435600996017456 0.13952399790287018
v 0.06315299868583679 -0.3340969979763031 0.1393740028142929
v 0.06340400129556656 -0.33430299162864685 0.1389870047569275
v 0.06330999732017517 -0.33410099148750305 0.1392190009355545
v 0.06349799782037735 -0.3343069851398468 0.13838699460029602
v 0.06350400298833847 -0.33439400792121887 0.13803799450397491
v 0.06331700086593628 -0.3347870111465454 0.1374419927597046
v 0.06352099776268005 -0.3342739939689636 0.13769300282001495
v 0.06187700107693672 -0.33474698662757874 0.13989299535751343
v 0.062134999781847 -0.33432498574256897 0.13985399901866913
v 0.0618400014936924 -0.33441901206970215 0.139832004904747
v 0.06259399652481079 -0.3342460095882416 0.13973000645637512
v 0.06271900236606598 -0.33364999294281006 0.13951200246810913
v 0.062359001487493515 -0.33413898944854736 0.13977999985218048
v 0.06179700046777725 -0.3354789912700653 0.13981199264526367
v 0.061854999512434006 -0.33527499437332153 0.1398800015449524
v 0.06175699830055237 -0.3356730043888092 0.13970699906349182
v 0.06148200109601021 -0.3362619876861572 0.1390639990568161
v 0.061420001089572906 -0.3361020088195801 0.13933899998664856
v 0.06142299994826317 -0.3362720012664795 0.1389870047569275
v 0.06130800023674965 -0.33631500601768494 0.13883699476718903
v 0.06145799905061722 -0.33639100193977356 0.13831399381160736
v 0.061372000724077225 -0.3363569974899292 0.13783900439739227
v 0.06189899891614914 -0.3362869918346405 0.13816499710083008
v 0.06130199879407883 -0.33586999773979187 0.1395370066165924
v 0.06140400096774101 -0.33572301268577576 0.13966600596904755
v 0.06172100082039833 -0.335658997297287 0.13971999287605286
v 0.06148499995470047 -0.3355500102043152 0.13976700603961945
v 0.06267099827528 -0.33546799421310425 0.13735799491405487
v 0.06305799633264542 -0.33453598618507385 0.13674600422382355
v 0.061781998723745346 -0.33621400594711304 0.13764700293540955
v 0.06160899996757507 -0.3359909951686859 0.13705000281333923
v 0.062950998544693 -0.3337540030479431 0.1394599974155426
v 0.06314399838447571 -0.33380699157714844 0.1393519937992096
v 0.06350299715995789 -0.33395400643348694 0.13874299824237823
v 0.06328199803829193 -0.333732008934021 0.13916799426078796
v 0.06341700255870819 -0.3339039981365204 0.13899099826812744
v 0.0635790005326271 -0.3333750069141388 0.13809899985790253
v 0.06356699764728546 -0.3339970111846924 0.1377439945936203
v 0.06349200010299683 -0.33422499895095825 0.13723300397396088
v 0.061569999903440475 -0.33510300517082214 0.13986200094223022
v 0.06154099851846695 -0.33478599786758423 0.13981400430202484
v 0.062084000557661057 -0.3339790105819702 0.13977499306201935
v 0.06177299842238426 -0.3340350091457367 0.13972899317741394
v 0.0611100010573864 -0.33471301198005676 0.13962699472904205
v 0.06152600049972534 -0.3337880074977875 0.13950300216674805
v 0.06249900162220001 -0.3336910009384155 0.1395850032567978
v 0.06245199963450432 -0.33350199460983276 0.13951799273490906
v 0.06280999630689621 -0.33316999673843384 0.13925400376319885
v 0.061542998999357224 -0.3353460133075714 0.13983500003814697
v 0.06125999987125397 -0.33617299795150757 0.13913199305534363
v 0.06112699955701828 -0.33599498867988586 0.1393119990825653
v 0.06125999987125397 -0.33617299795150757 0.13913199305534363
v 0.06125999987125397 -0.33617299795150757 0.13913199305534363
v 0.06057700142264366 -0.33629700541496277 0.1378760039806366
v 0.06065699830651283 -0.3362939953804016 0.13834400475025177
v 0.061097998172044754 -0.3362790048122406 0.13747599720954895
v 0.06110500171780586 -0.335532009601593 0.13962799310684204
v 0.06070699915289879 -0.33549201488494873 0.13946500420570374
v 0.060899000614881516 -0.3358219861984253 0.13936899602413177
v 0.061174001544713974 -0.33534398674964905 0.13971300423145294
v 0.061622001230716705 -0.3357419967651367 0.136695995926857
v 0.062251001596450806 -0.3349030017852783 0.1364089995622635
v 0.06312300264835358 -0.3341419994831085 0.13645699620246887
v 0.06335999816656113 -0.33419498801231384 0.1368110030889511
v 0.06257700175046921 -0.33422398567199707 0.13617099821567535
v 0.06072799861431122 -0.3360530138015747 0.1369429975748062
v 0.06311400234699249 -0.3336459994316101 0.13930700719356537
v 0.06341200321912766 -0.3337570130825043 0.1389790028333664
v 0.06334999948740005 -0.3333350121974945 0.13888099789619446
v 0.06318700313568115 -0.33323100209236145 0.13902699947357178
v 0.06345599889755249 -0.3333350121974945 0.1386609971523285
v 0.06358499825000763 -0.3331829905509949 0.13773900270462036
v 0.06351800262928009 -0.3329879939556122 0.13800500333309174
v 0.06336300075054169 -0.33293500542640686 0.13852399587631226
v 0.06359899789094925 -0.333638995885849 0.13704900443553925
v 0.06366299837827682 -0.3331649899482727 0.13711799681186676
v 0.06361199915409088 -0.33305901288986206 0.13740700483322144
v 0.06354200094938278 -0.33382898569107056 0.13695399463176727
v 0.06338000297546387 -0.33371099829673767 0.13640199601650238
v 0.06141800060868263 -0.33498600125312805 0.13980700075626373
v 0.06195700168609619 -0.33388400077819824 0.13973300158977509
v 0.06168900057673454 -0.33362001180648804 0.13952800631523132
v 0.06119599938392639 -0.33509400486946106 0.13973300158977509
v 0.060809001326560974 -0.3350540101528168 0.1395619958639145
v 0.06066799908876419 -0.33464398980140686 0.13938599824905396
v 0.06171200051903725 -0.33322998881340027 0.1392589956521988
v 0.060325998812913895 -0.33406001329421997 0.1389160007238388
v 0.060858000069856644 -0.33265599608421326 0.13811799883842468
v 0.06191600114107132 -0.33348000049591064 0.13953499495983124
v 0.06214800104498863 -0.3333449959754944 0.13947400450706482
v 0.06300599873065948 -0.3331829905509949 0.1391489952802658
v 0.06265199929475784 -0.33284300565719604 0.13903500139713287
v 0.06198100000619888 -0.3330729901790619 0.13922299444675446
v 0.06102700158953667 -0.3360689878463745 0.13918299973011017
v 0.060694001615047455 -0.3361920118331909 0.13875100016593933
v 0.06006300076842308 -0.33606699109077454 0.1382790058851242
v 0.06072400137782097 -0.3362250030040741 0.13734300434589386
v 0.05982799828052521 -0.33594799041748047 0.13796600699424744
v 0.06049099937081337 -0.3361009955406189 0.13703200221061707
v 0.06030799821019173 -0.3361639976501465 0.1375889927148819
v 0.060486000031232834 -0.3361999988555908 0.13847699761390686
v 0.06077200174331665 -0.33529698848724365 0.1395460069179535
v 0.060600001364946365 -0.3354150056838989 0.1394370049238205
v 0.06056499853730202 -0.3356100022792816 0.13932999968528748
v 0.06068500131368637 -0.3352299928665161 0.13951200246810913
v 0.06061200052499771 -0.33600500226020813 0.13899700343608856
v 0.061163999140262604 -0.33568400144577026 0.1364549994468689
v 0.0616689994931221 -0.3353999853134155 0.1363839954137802
v 0.061771001666784286 -0.3349049985408783 0.13614100217819214
v 0.06297600269317627 -0.33359500765800476 0.13586699962615967
v 0.062453001737594604 -0.33392900228500366 0.13591499626636505
v 0.06047699972987175 -0.3359200060367584 0.13664700090885162
v 0.06331700086593628 -0.3329640030860901 0.13862699270248413
v 0.06323400139808655 -0.3328930139541626 0.138714000582695
v 0.06286299973726273 -0.3328149914741516 0.138947993516922
v 0.06351099908351898 -0.3327920138835907 0.1376280039548874
v 0.06325499713420868 -0.33218899369239807 0.13763199746608734
v 0.06325899809598923 -0.3326059877872467 0.13837699592113495
v 0.06362400203943253 -0.33334898948669434 0.1367110013961792
v 0.0636570006608963 -0.3329559862613678 0.13673999905586243
v 0.06365200132131577 -0.33283498883247375 0.13702400028705597
v 0.06357000023126602 -0.3326840102672577 0.13733899593353271
v 0.06345000118017197 -0.33340001106262207 0.1362600028514862
v 0.06189600005745888 -0.33346301317214966 0.13952399790287018
v 0.060777001082897186 -0.33502501249313354 0.13954299688339233
v 0.06051100045442581 -0.33478400111198425 0.13937599956989288
v 0.06023399904370308 -0.3341110050678253 0.138931006193161
v 0.06203199923038483 -0.33247101306915283 0.1385679990053177
v 0.061827998608350754 -0.33336499333381653 0.13941599428653717
v 0.061117999255657196 -0.3325180113315582 0.1380929946899414
v 0.06010099872946739 -0.33387601375579834 0.13863900303840637
v 0.06000199913978577 -0.33365100622177124 0.1383260041475296
v 0.06049099937081337 -0.33265700936317444 0.13799799978733063
v 0.05987599864602089 -0.3316139876842499 0.1371529996395111
v 0.06110300123691559 -0.33201900124549866 0.13769400119781494
v 0.05961399897933006 -0.3305949866771698 0.13641199469566345
v 0.06253500282764435 -0.3326529860496521 0.13887299597263336
v 0.06225199997425079 -0.33263400197029114 0.1388619989156723
v 0.060249000787734985 -0.33608898520469666 0.13852299749851227
v 0.05991499871015549 -0.3359239995479584 0.1384419947862625
v 0.05964900180697441 -0.33578500151634216 0.13808800280094147
v 0.05961000174283981 -0.335783988237381 0.1376730054616928
v 0.05945799872279167 -0.3356519937515259 0.13783200085163116
v 0.05990200117230415 -0.33585599064826965 0.1369750052690506
v 0.05977100133895874 -0.33588600158691406 0.1375270038843155
v 0.06025800108909607 -0.3353840112686157 0.1392350047826767
v 0.0602400004863739 -0.3351309895515442 0.13929100334644318
v 0.060478001832962036 -0.3357509970664978 0.13917499780654907
v 0.06021900102496147 -0.33586201071739197 0.13883699476718903
v 0.06048300117254257 -0.3356870114803314 0.13628600537776947
v 0.0606440007686615 -0.3356260061264038 0.136243999004364
v 0.06125799939036369 -0.33500000834465027 0.13583099842071533
v 0.06291799992322922 -0.333281010389328 0.13558900356292725
v 0.06230200082063675 -0.33336400985717773 0.1353369951248169
v 0.06253500282764435 -0.3331660032272339 0.13527299463748932
v 0.06148799881339073 -0.33275699615478516 0.13460999727249146
v 0.06126600131392479 -0.3341349959373474 0.13536399602890015
v 0.06160200014710426 -0.33342498540878296 0.1351419985294342
v 0.05978100001811981 -0.3355169892311096 0.13644200563430786
v 0.060019999742507935 -0.33542799949645996 0.1360280066728592
v 0.059877000749111176 -0.3354560136795044 0.136230006814003
v 0.06290700286626816 -0.3324809968471527 0.13863199949264526
v 0.06309299916028976 -0.332518994808197 0.13851499557495117
v 0.06270299851894379 -0.33249300718307495 0.13872599601745605
v 0.06324999779462814 -0.3319079875946045 0.137254998087883
v 0.06293799728155136 -0.33196499943733215 0.13793200254440308
v 0.06310100108385086 -0.3322789967060089 0.13815699517726898
v 0.06294500082731247 -0.33173099160194397 0.13757100701332092
v 0.06360600143671036 -0.33261099457740784 0.13665999472141266
v 0.0633929967880249 -0.3329800069332123 0.13604900240898132
v 0.06359399855136871 -0.33251699805259705 0.13700300455093384
v 0.06348200142383575 -0.3321850001811981 0.13701599836349487
v 0.06002200022339821 -0.3342669904232025 0.13893599808216095
v 0.06008800119161606 -0.3346889913082123 0.1391409933567047
v 0.059967998415231705 -0.3341679871082306 0.1388089954853058
v 0.059884000569581985 -0.3340330123901367 0.13864900171756744
v 0.06229700148105621 -0.33208200335502625 0.1381780058145523
v 0.06161100044846535 -0.33188700675964355 0.13763199746608734
v 0.0625159963965416 -0.3322429955005646 0.13847200572490692
v 0.05986100062727928 -0.3338080048561096 0.1382959932088852
v 0.05970500037074089 -0.33399200439453125 0.1382569968700409
v 0.05997199937701225 -0.33329400420188904 0.1380620002746582
v 0.05954200029373169 -0.3333440124988556 0.13773800432682037
v 0.059967998415231705 -0.3324509859085083 0.13766400516033173
v 0.058772001415491104 -0.33133798837661743 0.1363610029220581
v 0.059014998376369476 -0.33196499943733215 0.13675600290298462
v 0.06078999862074852 -0.3311310112476349 0.1368889957666397
v 0.0605509988963604 -0.33022499084472656 0.13618099689483643
v 0.05968799814581871 -0.33017998933792114 0.13613300025463104
v 0.05901100113987923 -0.33057600259780884 0.13621899485588074
v 0.060159001499414444 -0.335891991853714 0.13876000046730042
v 0.059978000819683075 -0.3359360098838806 0.13852399587631226
v 0.05987999960780144 -0.33586499094963074 0.138497993350029
v 0.05957899987697601 -0.33561399579048157 0.1383499950170517
v 0.059404000639915466 -0.33555498719215393 0.13792000710964203
v 0.059179000556468964 -0.33543699979782104 0.13709600269794464
v 0.05924399942159653 -0.33547499775886536 0.13754500448703766
v 0.05934799835085869 -0.3355199992656708 0.1369590014219284
v 0.05990400165319443 -0.33505600690841675 0.13899999856948853
v 0.060113001614809036 -0.33547401428222656 0.13904699683189392
v 0.05981900170445442 -0.3356480002403259 0.1386670023202896
v 0.060509998351335526 -0.3354029953479767 0.13594800233840942
v 0.06002600118517876 -0.3352360129356384 0.13566799461841583
v 0.06073300167918205 -0.3346270024776459 0.13531799614429474
v 0.0603410005569458 -0.3348900079727173 0.13534599542617798
v 0.06290700286626816 -0.3328070044517517 0.13538900017738342
v 0.062366001307964325 -0.3329539895057678 0.13505999743938446
v 0.06268800050020218 -0.3326460123062134 0.1350950002670288
v 0.06157800182700157 -0.33237001299858093 0.13430599868297577
v 0.06197100132703781 -0.3324579894542694 0.1345600038766861
v 0.06131700053811073 -0.33333098888397217 0.13483700156211853
v 0.06118300184607506 -0.3330489993095398 0.13457800447940826
v 0.06085599958896637 -0.3340429961681366 0.13512100279331207
v 0.060433000326156616 -0.33324000239372253 0.13432399928569794
v 0.05921600013971329 -0.33523300290107727 0.13568900525569916
v 0.05913500115275383 -0.33534300327301025 0.1366720050573349
v 0.05905900150537491 -0.33525198698043823 0.13620899617671967
v 0.05883900076150894 -0.33517199754714966 0.13591599464416504
v 0.0628179982304573 -0.3323430120944977 0.13851100206375122
v 0.06292799860239029 -0.3322080075740814 0.13828900456428528
v 0.06293000280857086 -0.3315579891204834 0.13718299567699432
v 0.06322599947452545 -0.3317199945449829 0.13693299889564514
v 0.0627480000257492 -0.33194100856781006 0.13804300129413605
v 0.06276500225067139 -0.33167898654937744 0.13769400119781494
v 0.06256800144910812 -0.3314580023288727 0.13742700219154358
v 0.063400998711586 -0.3327009975910187 0.13603299856185913
v 0.06340000033378601 -0.3319070041179657 0.13672800362110138
v 0.0633229985833168 -0.3320409953594208 0.13590599596500397
v 0.06334999948740005 -0.3323560059070587 0.13595299422740936
v 0.06272300332784653 -0.3320150077342987 0.13497300446033478
v 0.06316100060939789 -0.33231601119041443 0.13557399809360504
v 0.0597819983959198 -0.33461999893188477 0.1388310045003891
v 0.05983100086450577 -0.3341059982776642 0.1386280059814453
v 0.0597429983317852 -0.3341529965400696 0.13851499557495117
v 0.061795998364686966 -0.3317660093307495 0.13750900328159332
v 0.06234800070524216 -0.33151400089263916 0.13750199973583221
v 0.062435001134872437 -0.33174699544906616 0.13781499862670898
v 0.059379998594522476 -0.33493900299072266 0.13832400739192963
v 0.059425998479127884 -0.33413299918174744 0.13779999315738678
v 0.05893399938941002 -0.33402299880981445 0.13710400462150574
v 0.05843700096011162 -0.33237698674201965 0.13637399673461914
v 0.05889600142836571 -0.33218100666999817 0.13677600026130676
v 0.0584539994597435 -0.3331010043621063 0.13641099631786346
v 0.058694999665021896 -0.3314650058746338 0.13631899654865265
v 0.05854399874806404 -0.33111700415611267 0.13610899448394775
v 0.05819199979305267 -0.33100399374961853 0.1358499974012375
v 0.05807499960064888 -0.33118298649787903 0.13579599559307098
v 0.06109999865293503 -0.3307889997959137 0.13656100630760193
v 0.06094399839639664 -0.3301739990711212 0.13597199320793152
v 0.06028800085186958 -0.32903799414634705 0.13506999611854553
v 0.060081999748945236 -0.32901498675346375 0.13515999913215637
v 0.059092000126838684 -0.3290340006351471 0.13530899584293365
v 0.05933700129389763 -0.3301120102405548 0.13603100180625916
v 0.05848199874162674 -0.32964301109313965 0.13555799424648285
v 0.05981900170445442 -0.3356480002403259 0.1386670023202896
v 0.059324000030756 -0.33533400297164917 0.1381009966135025
v 0.059519000351428986 -0.3353770077228546 0.138482004404068
v 0.05981900170445442 -0.3356480002403259 0.1386670023202896
v 0.05916000157594681 -0.33516499400138855 0.13778400421142578
v 0.05897499993443489 -0.3352360129356384 0.1368200033903122
v 0.058848001062870026 -0.3350360095500946 0.13700899481773376
v 0.058984000235795975 -0.3350540101528168 0.13743600249290466
v 0.05902500078082085 -0.33526599407196045 0.13677500188350677
v 0.059564001858234406 -0.3351840078830719 0.1385830044746399
v 0.0598209984600544 -0.33544400334358215 0.13879400491714478
v 0.05967799946665764 -0.33463001251220703 0.13482899963855743
v 0.059640999883413315 -0.33494898676872253 0.13515199720859528
v 0.06040399894118309 -0.3345009982585907 0.13505500555038452
v 0.06238200142979622 -0.3325499892234802 0.13480299711227417
v 0.061510998755693436 -0.3318290114402771 0.13388200104236603
v 0.06090899929404259 -0.33184701204299927 0.13345399498939514
v 0.06085599958896637 -0.33261701464653015 0.13400299847126007
v 0.0616610012948513 -0.3318679928779602 0.1340779960155487
v 0.06020500138401985 -0.33428600430488586 0.134785994887352
v 0.06011199951171875 -0.3335689902305603 0.13427600264549255
v 0.06008400022983551 -0.33415499329566956 0.13462099432945251
v 0.05997899919748306 -0.33262500166893005 0.13342399895191193
v 0.05861999839544296 -0.3347960114479065 0.13525299727916718
v 0.05881800130009651 -0.3347969949245453 0.13515299558639526
v 0.05891299992799759 -0.3351849913597107 0.13637599349021912
v 0.058896999806165695 -0.3351599872112274 0.13671499490737915
v 0.05876399949193001 -0.3350520133972168 0.13653600215911865
v 0.058667998760938644 -0.33509400486946106 0.1360500007867813
v 0.058625999838113785 -0.3349910080432892 0.13562999665737152
v 0.0584539994597435 -0.33491799235343933 0.1357630044221878
v 0.06291799992322922 -0.33137398958206177 0.13680000603199005
v 0.06273200362920761 -0.33133700489997864 0.13691599667072296
v 0.06254900246858597 -0.331292986869812 0.13703499734401703
v 0.06291499733924866 -0.3311690092086792 0.13642600178718567
v 0.06318099796772003 -0.3314189910888672 0.13642199337482452
v 0.06256099790334702 -0.33169400691986084 0.13778699934482574
v 0.062355998903512955 -0.331275999546051 0.13714300096035004
v 0.06333000212907791 -0.33169201016426086 0.13626599311828613
v 0.06307999789714813 -0.3318899869918823 0.13537900149822235
v 0.063291996717453 -0.3317340016365051 0.13587899506092072
v 0.06315699964761734 -0.3317039906978607 0.13545900583267212
v 0.062463000416755676 -0.33134499192237854 0.13451600074768066
v 0.06203500181436539 -0.3318609893321991 0.13440099358558655
v 0.062231000512838364 -0.33161699771881104 0.1344580054283142
v 0.062134999781847 -0.33133500814437866 0.1372150033712387
v 0.061914000660181046 -0.3311749994754791 0.1369210034608841
v 0.059262000024318695 -0.3347089886665344 0.1380230039358139
v 0.05917799845337868 -0.33489400148391724 0.13794800639152527
v 0.05906299874186516 -0.334663987159729 0.1376439929008484
v 0.058807000517845154 -0.334199994802475 0.13705599308013916
v 0.058159999549388885 -0.3322199881076813 0.1361059993505478
v 0.05795799940824509 -0.33298999071121216 0.1357170045375824
v 0.058090001344680786 -0.3334270119667053 0.1358799934387207
v 0.057861000299453735 -0.330936998128891 0.1355690062046051
v 0.058086998760700226 -0.33057400584220886 0.135670006275177
v 0.061709001660346985 -0.33076199889183044 0.13627399504184723
v 0.06191299855709076 -0.3303219974040985 0.13544100522994995
v 0.060474999248981476 -0.32902899384498596 0.13495400547981262
v 0.05916300043463707 -0.3286469876766205 0.1350259929895401
v 0.05942299962043762 -0.3277760148048401 0.13425099849700928
v 0.06003300100564957 -0.3282260000705719 0.13434399664402008
v 0.058494001626968384 -0.328343003988266 0.13485999405384064
v 0.05738300085067749 -0.32947400212287903 0.13488799333572388
v 0.05798399820923805 -0.32864299416542053 0.1349239945411682
v 0.059151001274585724 -0.3350909948348999 0.13783499598503113
v 0.059000998735427856 -0.33485400676727295 0.13755500316619873
v 0.05867199972271919 -0.3347800076007843 0.13675400614738464
v 0.05853600054979324 -0.33434200286865234 0.1365939974784851
v 0.05944199860095978 -0.3347280025482178 0.13488399982452393
v 0.05929800122976303 -0.3341509997844696 0.1343120038509369
v 0.06159599870443344 -0.3315590023994446 0.13379999995231628
v 0.06133100017905235 -0.33149999380111694 0.1334639936685562
v 0.06066900119185448 -0.33216699957847595 0.1333709955215454
v 0.0603410005569458 -0.3320940136909485 0.13307499885559082
v 0.06074099987745285 -0.3309600055217743 0.13258300721645355
v 0.06130500137805939 -0.33110499382019043 0.13322299718856812
v 0.06175599992275238 -0.33118700981140137 0.13395699858665466
v 0.05980199947953224 -0.33421599864959717 0.13452500104904175
v 0.05954800173640251 -0.33401501178741455 0.13427400588989258
v 0.05915199965238571 -0.33305099606513977 0.1335649937391281
v 0.059390999376773834 -0.3337169885635376 0.13403500616550446
v 0.0601469986140728 -0.3323209881782532 0.1331930011510849
v 0.05929499864578247 -0.3320640027523041 0.1326030045747757
v 0.06022699922323227 -0.33186399936676025 0.13277100026607513
v 0.059335000813007355 -0.33264800906181335 0.1332239955663681
v 0.05824099853634834 -0.3345229923725128 0.13510799407958984
v 0.058253999799489975 -0.3340570032596588 0.13438500463962555
v 0.058827001601457596 -0.33456000685691833 0.1347929984331131
v 0.058531999588012695 -0.3349219858646393 0.13622799515724182
v 0.0585549995303154 -0.3349570035934448 0.13619400560855865
v 0.05873500183224678 -0.3349980115890503 0.13658399879932404
v 0.05831100046634674 -0.3347640037536621 0.13593199849128723
v 0.0582909993827343 -0.3347269892692566 0.13554100692272186
v 0.05812299996614456 -0.33451899886131287 0.13567599654197693
v 0.058253999799489975 -0.3346860110759735 0.13550400733947754
v 0.06213400140404701 -0.3311229944229126 0.13684499263763428
v 0.06290899962186813 -0.33096998929977417 0.13604900240898132
v 0.06272400170564651 -0.33093100786209106 0.1361670047044754
v 0.06313999742269516 -0.331292986869812 0.13623499870300293
v 0.06322800368070602 -0.33139899373054504 0.13612300157546997
v 0.06327900290489197 -0.3315280079841614 0.13601699471473694
v 0.06300000101327896 -0.3314659893512726 0.13518400490283966
v 0.06255699694156647 -0.3311620056629181 0.13458499312400818
v 0.06319499760866165 -0.331508994102478 0.13556399941444397
v 0.06316199898719788 -0.33129799365997314 0.13571499288082123
v 0.062098000198602676 -0.3312639892101288 0.13424299657344818
v 0.06222999840974808 -0.33108898997306824 0.1342879980802536
v 0.062056999653577805 -0.3312259912490845 0.13421499729156494
v 0.05720899999141693 -0.33160099387168884 0.13494999706745148
v 0.05773499980568886 -0.332940012216568 0.13535399734973907
v 0.05798099935054779 -0.3338110148906708 0.13569100201129913
v 0.05672900006175041 -0.32993701100349426 0.13440600037574768
v 0.05663299933075905 -0.3303709924221039 0.13429699838161469
v 0.057156000286340714 -0.32954999804496765 0.13476000726222992
v 0.062313999980688095 -0.33052799105644226 0.1356150060892105
v 0.06171099841594696 -0.3301120102405548 0.13516800105571747
v 0.0621040016412735 -0.33034300804138184 0.13533100485801697
v 0.06118199974298477 -0.32949098944664 0.13481399416923523
v 0.06093600019812584 -0.3290860056877136 0.13447800278663635
v 0.06067400053143501 -0.3288150131702423 0.13448500633239746
v 0.05906600132584572 -0.3274439871311188 0.13413399457931519
v 0.057913001626729965 -0.3263770043849945 0.13366499543190002
v 0.05804000049829483 -0.3261210024356842 0.13346299529075623
v 0.05945900082588196 -0.3274630010128021 0.13392700254917145
v 0.06036600098013878 -0.3277069926261902 0.1333180069923401
v 0.059891000390052795 -0.3269430100917816 0.1330289989709854
v 0.05784500017762184 -0.3275260031223297 0.1343419998884201
v 0.057450998574495316 -0.3285979926586151 0.13471299409866333
v 0.0571880005300045 -0.3265869915485382 0.13380500674247742
v 0.05826999992132187 -0.3344860076904297 0.1361290067434311
v 0.0582830011844635 -0.3346930146217346 0.13599200546741486
v 0.05888700112700462 -0.333967000246048 0.13412800431251526
v 0.059092000126838684 -0.3338170051574707 0.13402999937534332
v 0.06133300065994263 -0.33111798763275146 0.13326099514961243
v 0.061473000794649124 -0.3310210108757019 0.13344000279903412
v 0.060408998280763626 -0.3310909867286682 0.1321610063314438
v 0.0607759989798069 -0.330469012260437 0.1321450024843216
v 0.06131900101900101 -0.3310900032520294 0.1332249939441681
v 0.061448998749256134 -0.3307110071182251 0.13340100646018982
v 0.06163899973034859 -0.33075401186943054 0.1337839961051941
v 0.06193099915981293 -0.3308190107345581 0.13410300016403198
v 0.059105999767780304 -0.33344799280166626 0.13384200632572174
v 0.058671001344919205 -0.33282700181007385 0.1334419995546341
v 0.05888700112700462 -0.33278200030326843 0.13336199522018433
v 0.059438999742269516 -0.33172398805618286 0.13224099576473236
v 0.05892999842762947 -0.33223700523376465 0.13267600536346436
v 0.05871399864554405 -0.33184799551963806 0.13201799988746643
v 0.060074999928474426 -0.3315480053424835 0.1323470026254654
v 0.05791199952363968 -0.3341200053691864 0.13502299785614014
v 0.05801599845290184 -0.3341679871082306 0.13479900360107422
v 0.05797699838876724 -0.3342379927635193 0.13547499477863312
v 0.05806500092148781 -0.33403000235557556 0.1344970017671585
v 0.05829700082540512 -0.333730012178421 0.13406699895858765
v 0.05808600038290024 -0.33375799655914307 0.13415400683879852
v 0.05809599906206131 -0.3344469964504242 0.13573500514030457
v 0.06271100044250488 -0.3307490050792694 0.13578200340270996
v 0.0630130022764206 -0.3310610055923462 0.13594000041484833
v 0.06306000053882599 -0.3310979902744293 0.13589200377464294
v 0.06261999905109406 -0.3309729993343353 0.13467399775981903
v 0.0628570020198822 -0.33102500438690186 0.13502800464630127
v 0.0630360022187233 -0.3312700092792511 0.1352899968624115
v 0.0622979998588562 -0.33090099692344666 0.1343739926815033
v 0.06299299746751785 -0.3310669958591461 0.13544000685214996
v 0.06299000233411789 -0.3310549855232239 0.13544900715351105
v 0.06287399679422379 -0.3308529853820801 0.13563600182533264
v 0.06203100085258484 -0.3309130072593689 0.1341720074415207
v 0.057009000331163406 -0.3317579925060272 0.134442999958992
v 0.05757899954915047 -0.3327009975910187 0.13507799804210663
v 0.057764001190662384 -0.333761990070343 0.1348170042037964
v 0.057707998901605606 -0.333407998085022 0.13472899794578552
v 0.05770200118422508 -0.3331359922885895 0.13473999500274658
v 0.05782400071620941 -0.3338190019130707 0.1352580040693283
v 0.05764700099825859 -0.33292001485824585 0.13490499556064606
v 0.057937998324632645 -0.3340049982070923 0.13558900356292725
v 0.05554400011897087 -0.32914799451828003 0.1331849992275238
v 0.055948998779058456 -0.32907700538635254 0.13364000618457794
v 0.05660400167107582 -0.32865801453590393 0.13419799506664276
v 0.05642100051045418 -0.3287760019302368 0.134102001786232
v 0.0563570000231266 -0.3307980000972748 0.1338600069284439
v 0.05622199922800064 -0.33015701174736023 0.1338289976119995
v 0.06250700354576111 -0.3305490016937256 0.13550600409507751
v 0.06182900071144104 -0.3301849961280823 0.13506199419498444
v 0.06152300164103508 -0.3298650085926056 0.13491299748420715
v 0.06187500059604645 -0.3302080035209656 0.1350249946117401
v 0.06233600154519081 -0.3303939998149872 0.13491499423980713
v 0.06246599927544594 -0.3304409980773926 0.1350879967212677
v 0.06117299944162369 -0.3292990028858185 0.1344349980354309
v 0.06113699823617935 -0.3291819989681244 0.13402099907398224
v 0.06081800162792206 -0.3285360038280487 0.13357900083065033
v 0.060669999569654465 -0.32818201184272766 0.1333709955215454
v 0.057705000042915344 -0.3258259892463684 0.13337300717830658
v 0.05688700079917908 -0.3255690038204193 0.13337600231170654
v 0.05733799934387207 -0.3263300061225891 0.13367900252342224
v 0.058079998940229416 -0.32563701272010803 0.13313600420951843
v 0.059216998517513275 -0.32617801427841187 0.13283999264240265
v 0.060690999031066895 -0.32809698581695557 0.13290899991989136
v 0.060499001294374466 -0.327674001455307 0.13276800513267517
v 0.05973599851131439 -0.3262009918689728 0.13243499398231506
v 0.0600770004093647 -0.3267669975757599 0.13254299759864807
v 0.05697200074791908 -0.3280330002307892 0.13429799675941467
v 0.05677099898457527 -0.3282420039176941 0.13426600396633148
v 0.058403000235557556 -0.33369898796081543 0.1340319961309433
v 0.05844099819660187 -0.3333660066127777 0.13388299942016602
v 0.058580998331308365 -0.3330700099468231 0.13369500637054443
v 0.061420001089572906 -0.33090800046920776 0.13328999280929565
v 0.06144699826836586 -0.330718994140625 0.13339699804782867
v 0.060061998665332794 -0.3308520019054413 0.13158099353313446
v 0.05993400141596794 -0.33146798610687256 0.13215799629688263
v 0.06011899933218956 -0.3303239941596985 0.1312749981880188
v 0.06068500131368637 -0.3298709988594055 0.13164100050926208
v 0.06133599951863289 -0.33048200607299805 0.13309599459171295
v 0.061285000294446945 -0.32986098527908325 0.13351599872112274
v 0.06145000085234642 -0.33017200231552124 0.13374300301074982
v 0.06166600063443184 -0.3305560052394867 0.13389599323272705
v 0.06195800006389618 -0.33062198758125305 0.13421599566936493
v 0.058469999581575394 -0.332832008600235 0.13354000449180603
v 0.058685000985860825 -0.33254000544548035 0.13311199843883514
v 0.058494001626968384 -0.3323349952697754 0.13283100724220276
v 0.05877000093460083 -0.3312700092792511 0.13134600222110748
v 0.0579960010945797 -0.33150699734687805 0.13142399489879608
v 0.05789000168442726 -0.33396199345588684 0.13462799787521362
v 0.057902999222278595 -0.33371400833129883 0.1342729926109314
v 0.058260999619960785 -0.33360999822616577 0.1340160071849823
v 0.05801599845290184 -0.33348900079727173 0.13405099511146545
v 0.05783800035715103 -0.33345699310302734 0.13417799770832062
v 0.0627949982881546 -0.33080899715423584 0.13570299744606018
v 0.06263499706983566 -0.3307729959487915 0.13479399681091309
v 0.06226399913430214 -0.3306579887866974 0.1344670057296753
v 0.06243100017309189 -0.33059701323509216 0.1346849948167801
v 0.06280899792909622 -0.330812007188797 0.1351879984140396
v 0.06259399652481079 -0.33063799142837524 0.13490000367164612
v 0.061941999942064285 -0.3304370045661926 0.1343970000743866
v 0.06280899792909622 -0.330812007188797 0.1351879984140396
v 0.0626790001988411 -0.33062198758125305 0.13537399470806122
v 0.05709199979901314 -0.33202099800109863 0.13423499464988708
v 0.056756000965833664 -0.3314470052719116 0.1341329962015152
v 0.05658600106835365 -0.3312569856643677 0.1339610069990158
v 0.0574599988758564 -0.33253800868988037 0.13473500311374664
v 0.05775199830532074 -0.3335550129413605 0.13444900512695312
v 0.05775799974799156 -0.3335669934749603 0.13443900644779205
v 0.05773099884390831 -0.33323800563812256 0.13439300656318665
v 0.05756700038909912 -0.3326990008354187 0.13458000123500824
v 0.05773099884390831 -0.33295899629592896 0.13438299298286438
v 0.05549800023436546 -0.32958799600601196 0.13303400576114655
v 0.05525999888777733 -0.32933101058006287 0.13280999660491943
v 0.05516299977898598 -0.32801198959350586 0.1330060064792633
v 0.056014999747276306 -0.32807299494743347 0.13373799622058868
v 0.055980999022722244 -0.32745400071144104 0.13364200294017792
v 0.05594699829816818 -0.3282789885997772 0.13368399441242218
v 0.0559610016644001 -0.3303300142288208 0.13341300189495087
v 0.055925000458955765 -0.33049800992012024 0.1332550048828125
v 0.06166800111532211 -0.3300110101699829 0.1347469985485077
v 0.06147800013422966 -0.3297699987888336 0.1344889998435974
v 0.06204799935221672 -0.33027899265289307 0.134893998503685
v 0.06221099942922592 -0.330377995967865 0.13474999368190765
v 0.06254400312900543 -0.3305479884147644 0.13498100638389587
v 0.0610480010509491 -0.32899200916290283 0.13368099927902222
v 0.06158199906349182 -0.3300290107727051 0.1342729926109314
v 0.06092900037765503 -0.3287610113620758 0.1333799958229065
v 0.06088700145483017 -0.32867398858070374 0.13295100629329681
v 0.0574599988758564 -0.3249480128288269 0.13301999866962433
v 0.05618999898433685 -0.3267210125923157 0.13358600437641144
v 0.05661199986934662 -0.3254779875278473 0.13337300717830658
v 0.05665300041437149 -0.3244929909706116 0.1330289989709854
v 0.05725400149822235 -0.32384100556373596 0.1327120065689087
v 0.05697200074791908 -0.3240079879760742 0.13280799984931946
v 0.0576619990170002 -0.324876993894577 0.13292300701141357
v 0.05893300101161003 -0.325437992811203 0.1324400007724762
v 0.05926299840211868 -0.32583901286125183 0.1325259953737259
v 0.060610998421907425 -0.3278610110282898 0.13255900144577026
v 0.05998999997973442 -0.32613399624824524 0.1320440024137497
v 0.059696000069379807 -0.325531005859375 0.13199900090694427
v 0.05915899947285652 -0.3250899910926819 0.13200099766254425
v 0.05896599963307381 -0.32503700256347656 0.13210800290107727
v 0.0582210011780262 -0.33327800035476685 0.13395200669765472
v 0.058341000229120255 -0.3329559862613678 0.1337359994649887
v 0.05973900109529495 -0.3310219943523407 0.13152499496936798
v 0.059748999774456024 -0.3303320109844208 0.130948007106781
v 0.05923499912023544 -0.3313089907169342 0.13159599900245667
v 0.06027499958872795 -0.32968398928642273 0.1310970038175583
v 0.059891000390052795 -0.3301840126514435 0.1309709995985031
v 0.06084899976849556 -0.32952699065208435 0.13184599578380585
v 0.060674998909235 -0.32951900362968445 0.1315079927444458
v 0.06121800094842911 -0.33004799485206604 0.13292500376701355
v 0.06103900074958801 -0.329600989818573 0.13228699564933777
v 0.0611799992620945 -0.3296320140361786 0.1332080066204071
v 0.06145099923014641 -0.33009999990463257 0.13378700613975525
v 0.0617000013589859 -0.3304010033607483 0.1340789943933487
v 0.06189500167965889 -0.33040300011634827 0.13438500463962555
v 0.05809599906206131 -0.3325459957122803 0.13339999318122864
v 0.057906001806259155 -0.332736998796463 0.13388100266456604
v 0.05789199844002724 -0.33212798833847046 0.13275599479675293
v 0.0578479990363121 -0.3319129943847656 0.1323300004005432
v 0.05928599834442139 -0.3306350111961365 0.13098600506782532
v 0.05808600038290024 -0.33128198981285095 0.1311729997396469
v 0.057663001120090485 -0.33177798986434937 0.13208100199699402
v 0.057627998292446136 -0.33144399523735046 0.1312990039587021
v 0.05775199830532074 -0.3335449993610382 0.13443200290203094
v 0.058017998933792114 -0.33321401476860046 0.13404500484466553
v 0.057854000478982925 -0.33319899439811707 0.13418899476528168
v 0.062112998217344284 -0.33038100600242615 0.13461999595165253
v 0.062279000878334045 -0.33048900961875916 0.1346450001001358
v 0.061831001192331314 -0.3302139937877655 0.1346060037612915
v 0.0570329986512661 -0.33196699619293213 0.13379299640655518
v 0.05726400017738342 -0.33222201466560364 0.13402099907398224
v 0.05621900036931038 -0.33097100257873535 0.13331300020217896
v 0.05630499869585037 -0.33113300800323486 0.13316799700260162
v 0.05639699846506119 -0.3310970067977905 0.133651003241539
v 0.05772100016474724 -0.3329150080680847 0.1343660056591034
v 0.057760998606681824 -0.33294498920440674 0.1343259960412979
v 0.05503600090742111 -0.3293220102787018 0.13252399861812592
v 0.053846001625061035 -0.3277930021286011 0.13196299970149994
v 0.05389000102877617 -0.3275980055332184 0.13206399977207184
v 0.05477200075984001 -0.3271839916706085 0.13289900124073029
v 0.05582199990749359 -0.3269990086555481 0.13347400724887848
v 0.05555599927902222 -0.33007898926734924 0.13287000358104706
v 0.05576400086283684 -0.3304620087146759 0.1328520029783249
v 0.06177999824285507 -0.3301739990711212 0.13458800315856934
v 0.060885000973939896 -0.32875099778175354 0.13239799439907074
v 0.05570700019598007 -0.3254519999027252 0.13326700031757355
v 0.05584999918937683 -0.32404300570487976 0.1330450028181076
v 0.056313998997211456 -0.3239710032939911 0.1329289972782135
v 0.057753000408411026 -0.32441601157188416 0.13266399502754211
v 0.057006001472473145 -0.32343900203704834 0.1327340006828308
v 0.05761199817061424 -0.32335200905799866 0.1324400007724762
v 0.05724000185728073 -0.3235439956188202 0.13268299400806427
v 0.05605600029230118 -0.32319098711013794 0.13277100026607513
v 0.05814500153064728 -0.32443898916244507 0.1324550062417984
v 0.06013299897313118 -0.3261840045452118 0.1318729966878891
v 0.06036100164055824 -0.32677701115608215 0.13183100521564484
v 0.06059800088405609 -0.3277300000190735 0.13217699527740479
v 0.060687001794576645 -0.3281190097332001 0.13194499909877777
v 0.05987599864602089 -0.3255859911441803 0.13187499344348907
v 0.05952199921011925 -0.3248850107192993 0.13174700736999512
v 0.05886299908161163 -0.3246540129184723 0.13196000456809998
v 0.058017000555992126 -0.33319199085235596 0.13404199481010437
v 0.05958300083875656 -0.3297480046749115 0.1305519938468933
v 0.059310998767614365 -0.3298250138759613 0.1304759979248047
v 0.059071000665426254 -0.32997599244117737 0.13050000369548798
v 0.05925000086426735 -0.3298639953136444 0.13048100471496582
v 0.060559000819921494 -0.3290860056877136 0.1313360035419464
v 0.0598130002617836 -0.32932600378990173 0.13054299354553223
v 0.05988699942827225 -0.3297500014305115 0.13074199855327606
v 0.05972899869084358 -0.3299179971218109 0.13071399927139282
v 0.060784999281167984 -0.329135000705719 0.13169600069522858
v 0.061076998710632324 -0.32945600152015686 0.13286499679088593
v 0.06102500110864639 -0.32937899231910706 0.13243399560451508
v 0.06092200055718422 -0.3289850056171417 0.1322849988937378
v 0.057714998722076416 -0.33228299021720886 0.13325199484825134
v 0.05781399831175804 -0.3328680098056793 0.13412700593471527
v 0.05773000046610832 -0.3326700031757355 0.13401000201702118
v 0.056742001324892044 -0.33156898617744446 0.1326729953289032
v 0.05789100006222725 -0.33105799555778503 0.13090699911117554
v 0.05783800035715103 -0.3307200074195862 0.13064299523830414
v 0.05651700124144554 -0.3312079906463623 0.13200299441814423
v 0.05723600089550018 -0.3314250111579895 0.1315069943666458
v 0.05743100121617317 -0.33144399523735046 0.13139699399471283
v 0.05737600103020668 -0.33122798800468445 0.13105499744415283
v 0.057851001620292664 -0.33309799432754517 0.13418400287628174
v 0.05735199898481369 -0.3321860134601593 0.1334950029850006
v 0.056102998554706573 -0.3309209942817688 0.1328970044851303
v 0.05589300021529198 -0.33059900999069214 0.13296900689601898
v 0.05498399958014488 -0.3296760022640228 0.1322219967842102
v 0.05412700027227402 -0.3288919925689697 0.13167600333690643
v 0.052581001073122025 -0.3279170095920563 0.13099700212478638
v 0.053339000791311264 -0.3282630145549774 0.13134199380874634
v 0.05243400111794472 -0.32712098956108093 0.1311980038881302
v 0.052689000964164734 -0.32699498534202576 0.13152900338172913
v 0.053647998720407486 -0.32719099521636963 0.13207200169563293
v 0.05376699939370155 -0.3261510133743286 0.13255399465560913
v 0.054568998515605927 -0.32651999592781067 0.1328970044851303
v 0.052319999784231186 -0.326433002948761 0.1315629929304123
v 0.05539499968290329 -0.3260830044746399 0.13324399292469025
v 0.055782001465559006 -0.33049899339675903 0.1328199952840805
v 0.05544399842619896 -0.33039000630378723 0.13204500079154968
v 0.05551400035619736 -0.3253119885921478 0.13321200013160706
v 0.05537699908018112 -0.3255009949207306 0.13319900631904602
v 0.05530500039458275 -0.3241319954395294 0.13305500149726868
v 0.055535998195409775 -0.32355499267578125 0.13297800719738007
v 0.05558300018310547 -0.3225789964199066 0.13264299929141998
v 0.05605800077319145 -0.3237130045890808 0.1329450011253357
v 0.058010999113321304 -0.3237519860267639 0.13225500285625458
v 0.05672600120306015 -0.3229930102825165 0.13270999491214752
v 0.057029999792575836 -0.3227970004081726 0.13253499567508698
v 0.05618499964475632 -0.3229660093784332 0.13272400200366974
v 0.05779299885034561 -0.32333800196647644 0.13231700658798218
v 0.057342998683452606 -0.3229199945926666 0.13243499398231506
v 0.05711999908089638 -0.3227880001068115 0.13249699771404266
v 0.05855000019073486 -0.3241350054740906 0.13189099729061127
v 0.05832599848508835 -0.32376399636268616 0.13194599747657776
v 0.060277000069618225 -0.32633501291275024 0.13170500099658966
v 0.05994600057601929 -0.3251839876174927 0.13159100711345673
v 0.060332998633384705 -0.3259829878807068 0.13140399754047394
v 0.06049700081348419 -0.3276459872722626 0.13126899302005768
v 0.06037899851799011 -0.3266020119190216 0.1314850002527237
v 0.060378000140190125 -0.32659998536109924 0.13148599863052368
v 0.06035599857568741 -0.32720598578453064 0.1311119943857193
v 0.06061699986457825 -0.3280789852142334 0.1314390003681183
v 0.06072000041604042 -0.3283059895038605 0.13175000250339508
v 0.059686001390218735 -0.32462000846862793 0.1315920054912567
v 0.05873600021004677 -0.3241789937019348 0.13177700340747833
v 0.05922900140285492 -0.3244229853153229 0.13170799612998962
v 0.0593079999089241 -0.32941800355911255 0.13023099303245544
v 0.05952699854969978 -0.3296569883823395 0.1304749995470047
v 0.05908000096678734 -0.3295699954032898 0.13024699687957764
v 0.05908000096678734 -0.3295699954032898 0.13024699687957764
v 0.05886499956250191 -0.32976698875427246 0.13033199310302734
v 0.05908000096678734 -0.3295699954032898 0.13024699687957764
v 0.05790499970316887 -0.32983100414276123 0.13016100227832794
v 0.06048699840903282 -0.3284569978713989 0.13126400113105774
v 0.06005699932575226 -0.3290500044822693 0.13078799843788147
v 0.06034399941563606 -0.32886698842048645 0.1311579942703247
v 0.05971100181341171 -0.3288959860801697 0.13036100566387177
v 0.059268999844789505 -0.3290010094642639 0.1300089955329895
v 0.06076199933886528 -0.3288539946079254 0.13170699775218964
v 0.06057500094175339 -0.3282740116119385 0.1313370019197464
v 0.056095998734235764 -0.3309429883956909 0.13238100707530975
v 0.05597300082445145 -0.3308430016040802 0.13199900090694427
v 0.05724300071597099 -0.3309740126132965 0.1307770013809204
v 0.05721599981188774 -0.33020898699760437 0.13035400211811066
v 0.05661899968981743 -0.33103999495506287 0.13104599714279175
v 0.05604499951004982 -0.3308350145816803 0.13173100352287292
v 0.05681400001049042 -0.33105599880218506 0.1309400051832199
v 0.0548349991440773 -0.3298470079898834 0.13168300688266754
v 0.054382000118494034 -0.3293040096759796 0.1316639930009842
v 0.05379100143909454 -0.3289780020713806 0.1312370002269745
v 0.05280900001525879 -0.328328013420105 0.1310099959373474
v 0.05204499885439873 -0.3269830048084259 0.13084599375724792
v 0.05229400098323822 -0.32813501358032227 0.13068799674510956
v 0.05314299836754799 -0.32856500148773193 0.1310960054397583
v 0.05204999819397926 -0.326541006565094 0.1310350000858307
v 0.0520160011947155 -0.3262229859828949 0.13134199380874634
v 0.053238000720739365 -0.32626500725746155 0.13222399353981018
v 0.05265900120139122 -0.32649898529052734 0.1318340003490448
v 0.053084999322891235 -0.32657599449157715 0.13203400373458862
v 0.05421900004148483 -0.3262009918689728 0.13278700411319733
v 0.05281300097703934 -0.32550400495529175 0.13236400485038757
v 0.052813999354839325 -0.32572901248931885 0.1322699934244156
v 0.05372200161218643 -0.3251749873161316 0.13282200694084167
v 0.051642999053001404 -0.3256700038909912 0.13137300312519073
v 0.05559400096535683 -0.3305729925632477 0.13185399770736694
v 0.055093999952077866 -0.33019399642944336 0.1315460056066513
v 0.054735999554395676 -0.3242259919643402 0.13303400576114655
v 0.05494000017642975 -0.32345500588417053 0.1329140067100525
v 0.055270999670028687 -0.32249900698661804 0.13259099423885345
v 0.05502000078558922 -0.32263699173927307 0.13262900710105896
v 0.05575399845838547 -0.322270005941391 0.1324950009584427
v 0.05587499961256981 -0.3226979970932007 0.13266900181770325
v 0.05661899968981743 -0.3225739896297455 0.13255499303340912
v 0.05613100156188011 -0.32261499762535095 0.13264000415802002
v 0.057002998888492584 -0.32239699363708496 0.1323300004005432
v 0.056784000247716904 -0.32239699363708496 0.13240599632263184
v 0.057944998145103455 -0.32249999046325684 0.13176299631595612
v 0.05816800147294998 -0.3227199912071228 0.13170300424098969
v 0.0571959987282753 -0.3223640024662018 0.1322219967842102
v 0.05843900144100189 -0.32315298914909363 0.13171100616455078
v 0.058664001524448395 -0.323525995016098 0.13165900111198425
v 0.0603800006210804 -0.326323002576828 0.13147799670696259
v 0.06025499850511551 -0.3254239857196808 0.1312830001115799
v 0.06018200144171715 -0.3243899941444397 0.1311500072479248
v 0.05984099954366684 -0.3240639865398407 0.13141299784183502
v 0.06041499972343445 -0.325888991355896 0.13114699721336365
v 0.0604109987616539 -0.326200008392334 0.13121899962425232
v 0.06048699840903282 -0.3278470039367676 0.13114599883556366
v 0.060311999171972275 -0.3276039958000183 0.13088199496269226
v 0.06036299839615822 -0.3274109959602356 0.1309790015220642
v 0.06037899851799011 -0.32659998536109924 0.1314850002527237
v 0.06033900007605553 -0.3266269862651825 0.131073996424675
v 0.0601780004799366 -0.32716700434684753 0.13072100281715393
v 0.060249000787734985 -0.32697799801826477 0.13080500066280365
v 0.06028899922966957 -0.32678401470184326 0.13090799748897552
v 0.06040799990296364 -0.3280330002307892 0.13106800615787506
v 0.05964399874210358 -0.3237279951572418 0.13150599598884583
v 0.05944700166583061 -0.3242279887199402 0.1316249966621399
v 0.05895800143480301 -0.32418298721313477 0.13170599937438965
v 0.05892600119113922 -0.3239479959011078 0.1316549926996231
v 0.05919099971652031 -0.3240939974784851 0.1316470056772232
v 0.05890100076794624 -0.32930299639701843 0.1300009936094284
v 0.05886799842119217 -0.3293190002441406 0.13000699877738953
v 0.05883200094103813 -0.32970499992370605 0.13028599321842194
v 0.05756499990820885 -0.3296400010585785 0.1299470067024231
v 0.05754899978637695 -0.3292880058288574 0.12967200577259064
v 0.05872799828648567 -0.32901298999786377 0.12976500391960144
v 0.06027600169181824 -0.32820799946784973 0.13102300465106964
v 0.06001000106334686 -0.32875800132751465 0.13080500066280365
v 0.059702999889850616 -0.3278749883174896 0.13050700724124908
v 0.05939200147986412 -0.3278059959411621 0.13020099699497223
v 0.05907199904322624 -0.328141987323761 0.12964099645614624
v 0.05919000133872032 -0.3277609944343567 0.12982399761676788
v 0.05885099992156029 -0.3284670114517212 0.12954500317573547
v 0.055757999420166016 -0.3306640088558197 0.13171499967575073
v 0.05684499815106392 -0.3307560086250305 0.13060900568962097
v 0.056595999747514725 -0.32992199063301086 0.13025100529193878
v 0.0562250018119812 -0.330814003944397 0.13088099658489227
v 0.056418001651763916 -0.33083000779151917 0.13077400624752045
v 0.05646900087594986 -0.3308219909667969 0.1307550072669983
v 0.05662500113248825 -0.330812007188797 0.13068300485610962
v 0.054228998720645905 -0.32946398854255676 0.13110800087451935
v 0.05476599931716919 -0.3300339877605438 0.13109099864959717
v 0.05440500006079674 -0.32968899607658386 0.13098500669002533
v 0.05360399931669235 -0.32904699444770813 0.1309940069913864
v 0.053043000400066376 -0.32871299982070923 0.13096900284290314
v 0.05271400138735771 -0.3284839987754822 0.13088999688625336
v 0.051920000463724136 -0.3277699947357178 0.13040800392627716
v 0.051819998770952225 -0.32713499665260315 0.13035400211811066
v 0.0515890009701252 -0.3264729976654053 0.13038399815559387
v 0.05256799980998039 -0.32857200503349304 0.13070200383663177
v 0.05215299874544144 -0.3282279968261719 0.1305059939622879
v 0.053314000368118286 -0.32886698842048645 0.13096800446510315
v 0.05172400176525116 -0.3260959982872009 0.13106200098991394
v 0.05179699882864952 -0.3263159990310669 0.1308870017528534
v 0.05195099860429764 -0.3257389962673187 0.13168099522590637
v 0.051959000527858734 -0.3258399963378906 0.13161399960517883
v 0.05216899886727333 -0.3257000148296356 0.13188500702381134
v 0.05207499861717224 -0.324660986661911 0.13208700716495514
v 0.052622001618146896 -0.3248960077762604 0.13245299458503723
v 0.05200900137424469 -0.32485300302505493 0.13200700283050537
v 0.0519150011241436 -0.3250100016593933 0.13188999891281128
v 0.053082000464200974 -0.3247379958629608 0.1326880007982254
v 0.05378599837422371 -0.3244209885597229 0.13287900388240814
v 0.051631998270750046 -0.3258360028266907 0.13118499517440796
v 0.05153900012373924 -0.32507699728012085 0.131398007273674
v 0.051791001111269 -0.32488900423049927 0.1317960023880005
v 0.051454998552799225 -0.3252210021018982 0.13124699890613556
v 0.05531400069594383 -0.330363005399704 0.13111600279808044
v 0.055093999952077866 -0.33027198910713196 0.13118499517440796
v 0.054042998701334 -0.3237200081348419 0.13283100724220276
v 0.05424199998378754 -0.32322201132774353 0.13271400332450867
v 0.055105000734329224 -0.3221929967403412 0.1323619931936264
v 0.054607000201940536 -0.32245999574661255 0.13244099915027618
v 0.056196000427007675 -0.3221539855003357 0.13234800100326538
v 0.05557699874043465 -0.3219969868659973 0.13225199282169342
v 0.056664999574422836 -0.32175299525260925 0.13186399638652802
v 0.05645599961280823 -0.32177600264549255 0.13195300102233887
v 0.05765800178050995 -0.3221740126609802 0.13173699378967285
v 0.057992998510599136 -0.3221530020236969 0.1314529925584793
v 0.05829799920320511 -0.322625994682312 0.1315069943666458
v 0.05727199837565422 -0.321727991104126 0.13157600164413452
v 0.058649998158216476 -0.32322800159454346 0.13162800669670105
v 0.05861100181937218 -0.32307499647140503 0.13157199323177338
v 0.05891900137066841 -0.3236590027809143 0.13163499534130096
v 0.06038299947977066 -0.32640600204467773 0.13112300634384155
v 0.06038200110197067 -0.3256239891052246 0.13109399378299713
v 0.06037899851799011 -0.3255639970302582 0.13109000027179718
v 0.06032700091600418 -0.32493698596954346 0.13099800050258636
v 0.06015300005674362 -0.3240729868412018 0.13110099732875824
v 0.06046399846673012 -0.3242129981517792 0.13042999804019928
v 0.059829000383615494 -0.3239870071411133 0.13139599561691284
v 0.06000199913978577 -0.32405999302864075 0.13126400113105774
v 0.060447998344898224 -0.3257330060005188 0.1308239996433258
v 0.06040700152516365 -0.32599499821662903 0.13084499537944794
v 0.06041499972343445 -0.3261690139770508 0.13115699589252472
v 0.06038200110197067 -0.32639700174331665 0.13110800087451935
v 0.06020199880003929 -0.3277829885482788 0.13082300126552582
v 0.0600459985435009 -0.3273409903049469 0.1306760013103485
v 0.06024099886417389 -0.32636499404907227 0.1306920051574707
v 0.059946998953819275 -0.32691100239753723 0.13049200177192688
v 0.060068000108003616 -0.3267349898815155 0.1305440068244934
v 0.060012999922037125 -0.3263149857521057 0.13033199310302734
v 0.05943699926137924 -0.32393598556518555 0.13160300254821777
v 0.059436000883579254 -0.3239710032939911 0.13160300254821777
v 0.059748001396656036 -0.32338398694992065 0.1312669962644577
v 0.05996999889612198 -0.3237529993057251 0.13120999932289124
v 0.05944399908185005 -0.3236669898033142 0.13160200417041779
v 0.05958599969744682 -0.32335200905799866 0.131414994597435
v 0.05947300046682358 -0.3233419954776764 0.13147799670696259
v 0.05919099971652031 -0.3240939974784851 0.1316470056772232
v 0.05919099971652031 -0.3240939974784851 0.1316470056772232
v 0.057002000510692596 -0.3296490013599396 0.13005100190639496
v 0.0572349987924099 -0.3292759954929352 0.12962199747562408
v 0.058045998215675354 -0.3281390070915222 0.12919899821281433
v 0.0569240003824234 -0.32847699522972107 0.12898099422454834
v 0.05857900157570839 -0.32823601365089417 0.12932099401950836
v 0.05980600044131279 -0.32769501209259033 0.13057099282741547
v 0.059494998306035995 -0.32767900824546814 0.13036400079727173
v 0.05920099839568138 -0.3273560106754303 0.13007600605487823
v 0.0587100014090538 -0.3272460103034973 0.129379004240036
v 0.058715999126434326 -0.3280569911003113 0.12935300171375275
v 0.05910399928689003 -0.3274480104446411 0.12984099984169006
v 0.05550900101661682 -0.3304139971733093 0.1310119926929474
v 0.056464001536369324 -0.3304930031299591 0.1304599940776825
v 0.0564580000936985 -0.32961899042129517 0.13006000220775604
v 0.05630499869585037 -0.32989799976348877 0.13023200631141663
v 0.05622899904847145 -0.3305880129337311 0.13051700592041016
v 0.05565899983048439 -0.3305090069770813 0.13085100054740906
v 0.05582499876618385 -0.33059900999069214 0.13071100413799286
v 0.05580800026655197 -0.3304300010204315 0.13032099604606628
v 0.056265998631715775 -0.3305729925632477 0.13050800561904907
v 0.05413400009274483 -0.3296700119972229 0.13062700629234314
v 0.054885998368263245 -0.33022400736808777 0.1309109926223755
v 0.05449099838733673 -0.3299640119075775 0.13074499368667603
v 0.054510001093149185 -0.32997798919677734 0.13074900209903717
v 0.05342800170183182 -0.3290959894657135 0.13076500594615936
v 0.05317800119519234 -0.32896900177001953 0.1307940036058426
v 0.052896998822689056 -0.3288010060787201 0.13078099489212036
v 0.051910001784563065 -0.32817500829696655 0.13015499711036682
v 0.051715999841690063 -0.32772400975227356 0.1300330013036728
v 0.05163700133562088 -0.3273560106754303 0.1297989934682846
v 0.051437001675367355 -0.3266029953956604 0.12987199425697327
v 0.05163099989295006 -0.32726800441741943 0.12978799641132355
v 0.05155399814248085 -0.3262610137462616 0.1305370032787323
v 0.0513949990272522 -0.32622599601745605 0.13013200461864471
v 0.051392000168561935 -0.3261840045452118 0.13016000390052795
v 0.05256199836730957 -0.32872799038887024 0.1304910033941269
v 0.0521869994699955 -0.32844099402427673 0.13035500049591064
v 0.0514490008354187 -0.32583099603652954 0.13086199760437012
v 0.05199199914932251 -0.324321985244751 0.13205599784851074
v 0.05191599950194359 -0.32451000809669495 0.131974995136261
v 0.052692998200654984 -0.32443100214004517 0.13253000378608704
v 0.05214099958539009 -0.3241879940032959 0.13215699791908264
v 0.05184999853372574 -0.32469800114631653 0.13188700377941132
v 0.05345200002193451 -0.32418501377105713 0.13279399275779724
v 0.05152200162410736 -0.3247759938240051 0.13136599957942963
v 0.05139400064945221 -0.3248000144958496 0.13103799521923065
v 0.051663998514413834 -0.3244529962539673 0.131631001830101
v 0.05133499950170517 -0.32544800639152527 0.13077999651432037
v 0.05131300166249275 -0.325190007686615 0.1308320015668869
v 0.054799001663923264 -0.33024799823760986 0.1304350048303604
v 0.055420998483896255 -0.33039799332618713 0.13053399324417114
v 0.05357300117611885 -0.32365700602531433 0.13270199298858643
v 0.05325400084257126 -0.323417991399765 0.13250699639320374
v 0.055006999522447586 -0.32193899154663086 0.13206599652767181
v 0.05490100011229515 -0.3219900131225586 0.13208700716495514
v 0.05472100153565407 -0.32207900285720825 0.13211999833583832
v 0.054407998919487 -0.3222390115261078 0.13217400014400482
v 0.05559900030493736 -0.32150399684906006 0.13154099881649017
v 0.056474000215530396 -0.32151100039482117 0.13160599768161774
v 0.05667499825358391 -0.3215090036392212 0.1315069943666458
v 0.05611699819564819 -0.3214400112628937 0.13149599730968475
v 0.05746399983763695 -0.3217499852180481 0.13146699965000153
v 0.057656001299619675 -0.3217709958553314 0.13135799765586853
v 0.058017000555992126 -0.3218730092048645 0.1311129927635193
v 0.05784099921584129 -0.3218100070953369 0.13123999536037445
v 0.05851199850440025 -0.3223719894886017 0.13105499744415283
v 0.058880001306533813 -0.32267099618911743 0.13118800520896912
v 0.05828600004315376 -0.32219600677490234 0.13111500442028046
v 0.057277001440525055 -0.32150501012802124 0.13121099770069122
v 0.057082999497652054 -0.3214859962463379 0.13131900131702423
v 0.059195999056100845 -0.3235419988632202 0.13163399696350098
v 0.05910399928689003 -0.32314398884773254 0.1314990073442459
v 0.05904499813914299 -0.32297998666763306 0.131414994597435
v 0.059195999056100845 -0.3238219916820526 0.13164399564266205
v 0.06043599918484688 -0.3251590132713318 0.13078700006008148
v 0.060504000633955 -0.3251270055770874 0.13015100359916687
v 0.06047600135207176 -0.32493698596954346 0.13047100603580475
v 0.06021200120449066 -0.32366999983787537 0.13080300390720367
v 0.06047099828720093 -0.32368800044059753 0.13005800545215607
v 0.06054700165987015 -0.3243449926376343 0.1301800012588501
v 0.06040399894118309 -0.32595399022102356 0.13077299296855927
v 0.05959999933838844 -0.327239990234375 0.13045500218868256
v 0.06030099838972092 -0.32597100734710693 0.13040700554847717
v 0.05972500145435333 -0.3266420066356659 0.13026799261569977
v 0.05941599979996681 -0.32694000005722046 0.1302330046892166
v 0.059783000499010086 -0.3262630105018616 0.12997399270534515
v 0.05995500087738037 -0.32589301466941833 0.12961700558662415
v 0.059794001281261444 -0.32311001420021057 0.13095800578594208
v 0.059620000422000885 -0.32304200530052185 0.1310890018939972
v 0.05995900183916092 -0.32320401072502136 0.1308169960975647
v 0.05939299985766411 -0.3233340084552765 0.131522998213768
v 0.05944100022315979 -0.3229840099811554 0.1312139928340912
v 0.05925200134515762 -0.32295799255371094 0.13132600486278534
v 0.059386998414993286 -0.32331299781799316 0.1315149962902069
v 0.05627699941396713 -0.32905998826026917 0.12943999469280243
v 0.05678199976682663 -0.32855498790740967 0.12900200486183167
v 0.05842500180006027 -0.3277930021286011 0.12917299568653107
v 0.05724700167775154 -0.3277750015258789 0.12886199355125427
v 0.05794199928641319 -0.32768601179122925 0.1289770007133484
v 0.0566210001707077 -0.3281950056552887 0.12877699732780457
v 0.05956000089645386 -0.32730400562286377 0.1304360032081604
v 0.059530001133680344 -0.32716599106788635 0.13039200007915497
v 0.05937600135803223 -0.32698699831962585 0.13022199273109436
v 0.059091001749038696 -0.3269230127334595 0.12989899516105652
v 0.058779001235961914 -0.32705700397491455 0.12946400046348572
v 0.05831899866461754 -0.32715898752212524 0.1291230022907257
v 0.058517999947071075 -0.3267959952354431 0.1292549967765808
v 0.05612799897789955 -0.3304240107536316 0.13037900626659393
v 0.056216999888420105 -0.3296490013599396 0.13010700047016144
v 0.05595799908041954 -0.32992199063301086 0.13013599812984467
v 0.05608300119638443 -0.3297159969806671 0.13013100624084473
v 0.055642999708652496 -0.330469012260437 0.1304669976234436
v 0.0556659996509552 -0.3304390013217926 0.13038599491119385
v 0.055622998625040054 -0.33017799258232117 0.13006800413131714
v 0.0555570013821125 -0.33021101355552673 0.1300790011882782
v 0.05359800159931183 -0.329475998878479 0.13027800619602203
v 0.05423500016331673 -0.32993799448013306 0.13040700554847717
v 0.054625000804662704 -0.33017298579216003 0.13056699931621552
v 0.05479000136256218 -0.33024299144744873 0.13044099509716034
v 0.05458100140094757 -0.3301610052585602 0.13050900399684906
v 0.05303899943828583 -0.32914599776268005 0.1302569955587387
v 0.05302700027823448 -0.3289960026741028 0.13059499859809875
v 0.05232600122690201 -0.3286750018596649 0.13013599812984467
v 0.05178999900817871 -0.3281469941139221 0.12972599267959595
v 0.0519849993288517 -0.32836899161338806 0.12993000447750092
v 0.05216500163078308 -0.3286390006542206 0.12973299622535706
v 0.05161700025200844 -0.3274979889392853 0.12972000241279602
v 0.05158400163054466 -0.3272860050201416 0.1293639987707138
v 0.05158400163054466 -0.3272860050201416 0.1293639987707138
v 0.05136600136756897 -0.3264229893684387 0.12951600551605225
v 0.05130999907851219 -0.3262059986591339 0.12968100607395172
v 0.05154800042510033 -0.3269610106945038 0.12930500507354736
v 0.05133900046348572 -0.3258120119571686 0.13043799996376038
v 0.05136699974536896 -0.32601600885391235 0.130280002951622
v 0.05130400136113167 -0.32600200176239014 0.1298139989376068
v 0.051325999200344086 -0.3258030116558075 0.12992900609970093
v 0.05133799836039543 -0.3258900046348572 0.13007700443267822
v 0.05130299925804138 -0.3253909945487976 0.13070900738239288
v 0.05233199894428253 -0.32378700375556946 0.13222600519657135
v 0.05172799900174141 -0.3242630064487457 0.13171899318695068
v 0.05215800181031227 -0.32354500889778137 0.13196100294589996
v 0.052639998495578766 -0.32399898767471313 0.13244399428367615
v 0.05258899927139282 -0.3240489959716797 0.13243800401687622
v 0.05157399922609329 -0.32422900199890137 0.13131099939346313
v 0.05145400017499924 -0.32460999488830566 0.13112999498844147
v 0.05147000029683113 -0.3245069980621338 0.1309249997138977
v 0.051311999559402466 -0.32513898611068726 0.1307400017976761
v 0.05163300037384033 -0.3240390121936798 0.13140299916267395
v 0.05518199875950813 -0.33028799295425415 0.13021700084209442
v 0.05475600063800812 -0.330145001411438 0.13001400232315063
v 0.05438299849629402 -0.3300740122795105 0.13024500012397766
v 0.055385999381542206 -0.3302760124206543 0.13012300431728363
v 0.05267399922013283 -0.3234559893608093 0.13226599991321564
v 0.054969001561403275 -0.32177600264549255 0.13180799782276154
v 0.05466800183057785 -0.32186299562454224 0.13177700340747833
v 0.05466800183057785 -0.32186299562454224 0.13177700340747833
v 0.05466800183057785 -0.32186299562454224 0.13177700340747833
v 0.053286999464035034 -0.32293200492858887 0.13217100501060486
v 0.054448001086711884 -0.3217029869556427 0.13148300349712372
v 0.05345100164413452 -0.3222379982471466 0.1316400021314621
v 0.05402199923992157 -0.32197698950767517 0.1316560059785843
v 0.05491099879145622 -0.3217470049858093 0.13173000514507294
v 0.05493500083684921 -0.3215149939060211 0.1313599944114685
v 0.056251998990774155 -0.32135799527168274 0.13130800426006317
v 0.055702000856399536 -0.3213770091533661 0.13131000101566315
v 0.055580999702215195 -0.3213379979133606 0.1311500072479248
v 0.055365998297929764 -0.32137998938560486 0.13122999668121338
v 0.05645500123500824 -0.32135000824928284 0.1312119960784912
v 0.05664899945259094 -0.32136601209640503 0.13110500574111938
v 0.057468000799417496 -0.3215259909629822 0.13110199570655823
v 0.057652998715639114 -0.32156500220298767 0.13098399341106415
v 0.058313000947237015 -0.3220300078392029 0.13078199326992035
v 0.05799899995326996 -0.32170701026916504 0.13072100281715393
v 0.05783100053668022 -0.3216229975223541 0.13085900247097015
v 0.05869400128722191 -0.3224189877510071 0.1309340000152588
v 0.058511000126600266 -0.3221589922904968 0.1306850016117096
v 0.059073999524116516 -0.3226870000362396 0.1310809999704361
v 0.0570870004594326 -0.32142800092697144 0.13096000254154205
v 0.060548000037670135 -0.32414698600769043 0.1298139989376068
v 0.06036600098013878 -0.3253740072250366 0.12974199652671814
v 0.060474999248981476 -0.32488900423049927 0.12974399328231812
v 0.06026899814605713 -0.3232330083847046 0.13013799488544464
v 0.05996999889612198 -0.3229599893093109 0.1304599940776825
v 0.06046200171113014 -0.32356199622154236 0.12983299791812897
v 0.060100000351667404 -0.32573801279067993 0.12964299321174622
v 0.05937900021672249 -0.3265799880027771 0.12997399270534515
v 0.059119999408721924 -0.32662999629974365 0.12983299791812897
v 0.05899500101804733 -0.32656601071357727 0.1296679973602295
v 0.05984700098633766 -0.32566601037979126 0.1293099969625473
v 0.059707000851631165 -0.32596099376678467 0.1294959932565689
v 0.059443000704050064 -0.3227689862251282 0.13084499537944794
v 0.05980300158262253 -0.3228740096092224 0.1305990070104599
v 0.05925999954342842 -0.3227219879627228 0.13096599280834198
v 0.05581900104880333 -0.3294540047645569 0.1299239993095398
v 0.05583899840712547 -0.3289479911327362 0.12922300398349762
v 0.055918000638484955 -0.32851800322532654 0.12895099818706512
v 0.055291999131441116 -0.32753700017929077 0.1284549981355667
v 0.05812399834394455 -0.32752299308776855 0.12898999452590942
v 0.057225000113248825 -0.3267109990119934 0.12843599915504456
v 0.05658400058746338 -0.3277899920940399 0.12857499718666077
v 0.05589599907398224 -0.3276109993457794 0.1285260021686554
v 0.056349001824855804 -0.32746198773384094 0.12839500606060028
v 0.058754000812768936 -0.3264409899711609 0.12936200201511383
v 0.05863200128078461 -0.3266179859638214 0.1293109953403473
v 0.05827299878001213 -0.32712000608444214 0.1290999948978424
v 0.05821999907493591 -0.32732999324798584 0.129038006067276
v 0.05787999927997589 -0.3265269994735718 0.12892499566078186
v 0.05804400146007538 -0.32607799768447876 0.12893399596214294
v 0.05786599963903427 -0.32624301314353943 0.12891900539398193
v 0.05550200119614601 -0.32978999614715576 0.12986700236797333
v 0.0556350015103817 -0.3296169936656952 0.12991200387477875
v 0.055945999920368195 -0.3298409879207611 0.13011999428272247
v 0.05547500029206276 -0.32982000708580017 0.1298619955778122
v 0.055351998656988144 -0.32996198534965515 0.12983399629592896
v 0.0540039986371994 -0.32980599999427795 0.13009899854660034
v 0.05360100045800209 -0.329571008682251 0.12994299829006195
v 0.05279099941253662 -0.32910099625587463 0.12992900609970093
v 0.05259200185537338 -0.3289859890937805 0.12929999828338623
v 0.051809001713991165 -0.32818999886512756 0.1296910047531128
v 0.051642999053001404 -0.3278830051422119 0.12946300208568573
v 0.051902998238801956 -0.32837599515914917 0.12952500581741333
v 0.052067000418901443 -0.3285680115222931 0.12932099401950836
v 0.0515809990465641 -0.32756200432777405 0.12937000393867493
v 0.05158400163054466 -0.3272860050201416 0.1293639987707138
v 0.05152599886059761 -0.3268660008907318 0.1291549950838089
v 0.051562000066041946 -0.32748499512672424 0.12924900650978088
v 0.0513949990272522 -0.32622501254081726 0.12912100553512573
v 0.05133799836039543 -0.32604798674583435 0.12935900688171387
v 0.05130999907851219 -0.3259330093860626 0.12967999279499054
v 0.05133400112390518 -0.3258039951324463 0.13043099641799927
v 0.0513559989631176 -0.32571300864219666 0.12973199784755707
v 0.051330000162124634 -0.3255999982357025 0.1300559937953949
v 0.05129300057888031 -0.32547301054000854 0.13036499917507172
v 0.0513250008225441 -0.3252350091934204 0.13039900362491608
v 0.05187800154089928 -0.3238460123538971 0.13179999589920044
v 0.05174599960446358 -0.32395198941230774 0.131631001830101
v 0.05193199962377548 -0.32349300384521484 0.1316000074148178
v 0.05250399932265282 -0.32321399450302124 0.13199900090694427
v 0.05153299868106842 -0.3243109881877899 0.13100099563598633
v 0.05159600079059601 -0.32411500811576843 0.13107700645923615
v 0.051656000316143036 -0.3239139914512634 0.13114899396896362
v 0.05144299939274788 -0.3248319923877716 0.13053999841213226
v 0.0515809990465641 -0.32445400953292847 0.1307079941034317
v 0.051725998520851135 -0.32372599840164185 0.13123400509357452
v 0.05179800093173981 -0.3236680030822754 0.13155600428581238
v 0.05519000068306923 -0.3300530016422272 0.12985700368881226
v 0.05496300011873245 -0.33012300729751587 0.12992499768733978
v 0.054350998252630234 -0.3297320008277893 0.12946699559688568
v 0.05456100031733513 -0.3297039866447449 0.129380002617836
v 0.053560998290777206 -0.32949399948120117 0.12950600683689117
v 0.05411799997091293 -0.3298349976539612 0.12988799810409546
v 0.05458600074052811 -0.3216409981250763 0.1314540058374405
v 0.05317699909210205 -0.3224399983882904 0.1316480040550232
v 0.05396600067615509 -0.321927011013031 0.13158099353313446
v 0.05385899916291237 -0.32168200612068176 0.13128399848937988
v 0.05456199869513512 -0.3215239942073822 0.13126400113105774
v 0.05370200052857399 -0.3220379948616028 0.13159899413585663
v 0.05314800143241882 -0.32213500142097473 0.13135099411010742
v 0.05355700105428696 -0.321819007396698 0.13134799897670746
v 0.053332000970840454 -0.3219720125198364 0.13136200606822968
v 0.05491499975323677 -0.32151898741722107 0.13136699795722961
v 0.05468900129199028 -0.32159098982810974 0.13143399357795715
v 0.05533299967646599 -0.32137298583984375 0.13118700683116913
v 0.054999999701976776 -0.32141798734664917 0.1311119943857193
v 0.0548660010099411 -0.3214389979839325 0.13093599677085876
v 0.05619800090789795 -0.3213450014591217 0.1312350034713745
v 0.05582499876618385 -0.3213370144367218 0.13110800087451935
v 0.05563899874687195 -0.32137399911880493 0.13086499273777008
v 0.05546500161290169 -0.3213460147380829 0.13099700212478638
v 0.05651099979877472 -0.3213540017604828 0.13092400133609772
v 0.05702799931168556 -0.3214220106601715 0.13088099658489227
v 0.056699998676776886 -0.32140201330184937 0.13081100583076477
v 0.05743100121617317 -0.321478009223938 0.13068999350070953
v 0.05758199840784073 -0.32154199481010437 0.13052800297737122
v 0.05815500020980835 -0.3218269944190979 0.1305679976940155
v 0.057863999158144 -0.32164400815963745 0.13054099678993225
v 0.058827001601457596 -0.32238098978996277 0.13038599491119385
v 0.059234000742435455 -0.3225789964199066 0.13056400418281555
v 0.058497000485658646 -0.32210400700569153 0.13022099435329437
v 0.05831500142812729 -0.3219340145587921 0.1304199993610382
v 0.06050800159573555 -0.323978990316391 0.12954500317573547
v 0.06030799821019173 -0.3252300024032593 0.12953700125217438
v 0.060350000858306885 -0.32455500960350037 0.12925800681114197
v 0.060245998203754425 -0.32308000326156616 0.12974099814891815
v 0.059953998774290085 -0.32279399037361145 0.13006900250911713
v 0.05978799983859062 -0.3226979970932007 0.1302109956741333
v 0.060387998819351196 -0.32354500889778137 0.12937499582767487
v 0.06003599986433983 -0.32550400495529175 0.1293179988861084
v 0.058768998831510544 -0.32642099261283875 0.12936599552631378
v 0.05921800062060356 -0.32572799921035767 0.1290770024061203
v 0.059487998485565186 -0.3255850076675415 0.12903399765491486
v 0.05994100123643875 -0.3251979947090149 0.129052996635437
v 0.059422001242637634 -0.322611004114151 0.13044999539852142
v 0.055698998272418976 -0.32922399044036865 0.12962399423122406
v 0.05580899864435196 -0.329459011554718 0.12992599606513977
v 0.05530200153589249 -0.3291339874267578 0.1293729990720749
v 0.05565999820828438 -0.3286769986152649 0.12897799909114838
v 0.05547900125384331 -0.32876598834991455 0.12901200354099274
v 0.055048998445272446 -0.3286699950695038 0.1287820041179657
v 0.05481699854135513 -0.32841500639915466 0.12855400145053864
v 0.054983001202344894 -0.3277040123939514 0.1284170001745224
v 0.054770998656749725 -0.3267750144004822 0.12810100615024567
v 0.05507799983024597 -0.32669898867607117 0.1281459927558899
v 0.055764999240636826 -0.3272089958190918 0.12834100425243378
v 0.057930998504161835 -0.32707199454307556 0.12886600196361542
v 0.05707300081849098 -0.3262690007686615 0.12828600406646729
v 0.05658400058746338 -0.3271090090274811 0.12832799553871155
v 0.05680299922823906 -0.32656198740005493 0.12823499739170074
v 0.05623399838805199 -0.32701998949050903 0.12822699546813965
v 0.05855799838900566 -0.3261930048465729 0.12911100685596466
v 0.057805001735687256 -0.32670900225639343 0.12883399426937103
v 0.05719200149178505 -0.326106995344162 0.12836900353431702
v 0.058017998933792114 -0.3256489932537079 0.12871399521827698
v 0.05774100124835968 -0.32580798864364624 0.1287519931793213
v 0.057082999497652054 -0.3254550099372864 0.12829099595546722
v 0.055403999984264374 -0.32936200499534607 0.12968400120735168
v 0.05534299835562706 -0.3294219970703125 0.1296750009059906
v 0.05525999888777733 -0.3295319974422455 0.12964600324630737
v 0.055006999522447586 -0.32979199290275574 0.12960700690746307
v 0.053380999714136124 -0.3294390141963959 0.12963099777698517
v 0.05295500159263611 -0.3291949927806854 0.12942300736904144
v 0.05256899818778038 -0.3288320004940033 0.12890399992465973
v 0.05219599977135658 -0.32854700088500977 0.12876500189304352
v 0.051646001636981964 -0.32791098952293396 0.1294420063495636
v 0.05173800140619278 -0.3281649947166443 0.12923599779605865
v 0.05172000080347061 -0.3281320035457611 0.12926599383354187
v 0.05192999914288521 -0.3283819854259491 0.12900100648403168
v 0.051580000668764114 -0.3270820081233978 0.1289909929037094
v 0.05146399885416031 -0.32644400000572205 0.12894700467586517
v 0.05155999958515167 -0.327688992023468 0.12912100553512573
v 0.051568999886512756 -0.3273470103740692 0.12898500263690948
v 0.05136699974536896 -0.32601499557495117 0.12926800549030304
v 0.051548998802900314 -0.32592400908470154 0.12890799343585968
v 0.05149799957871437 -0.3261370062828064 0.12884899973869324
v 0.05140199884772301 -0.3258189857006073 0.12937499582767487
v 0.051458001136779785 -0.3256469964981079 0.12950199842453003
v 0.051336999982595444 -0.3253979980945587 0.13018099963665009
v 0.05140699818730354 -0.3255009949207306 0.12979300320148468
v 0.05225000157952309 -0.3230940103530884 0.1315390020608902
v 0.05193600058555603 -0.3234420120716095 0.1315000057220459
v 0.05242399871349335 -0.3229919970035553 0.13167299330234528
v 0.0526139996945858 -0.3228110074996948 0.13164600729942322
v 0.052799999713897705 -0.32257500290870667 0.13151800632476807
v 0.051649998873472214 -0.3242639899253845 0.13079200685024261
v 0.051715999841690063 -0.324072003364563 0.13087299466133118
v 0.05178200080990791 -0.3238790035247803 0.13095100224018097
v 0.05234599858522415 -0.3234570026397705 0.1305920034646988
v 0.05232200026512146 -0.3240630030632019 0.13022099435329437
v 0.0518140010535717 -0.32356199622154236 0.1313450038433075
v 0.0518530011177063 -0.3236919939517975 0.13103699684143066
v 0.054363999515771866 -0.32948100566864014 0.12911400198936462
v 0.05373299866914749 -0.329353004693985 0.12900400161743164
v 0.05374100059270859 -0.32911598682403564 0.12864500284194946
v 0.05509600043296814 -0.32929301261901855 0.12937499582767487
v 0.05458199977874756 -0.3293820023536682 0.12906800210475922
v 0.052939001470804214 -0.32232901453971863 0.13133199512958527
v 0.053766001015901566 -0.3217119872570038 0.13131099939346313
v 0.05462900176644325 -0.3214460015296936 0.1310500055551529
v 0.05432699993252754 -0.32149699330329895 0.1309559941291809
v 0.05388899892568588 -0.3216019868850708 0.13110700249671936
v 0.053700000047683716 -0.3216460049152374 0.13087999820709229
v 0.05357600003480911 -0.3216739892959595 0.13106100261211395
v 0.054666999727487564 -0.32143598794937134 0.13103699684143066
v 0.05315399914979935 -0.32207998633384705 0.1312440037727356
v 0.05333999916911125 -0.3218440115451813 0.13111799955368042
v 0.05342299863696098 -0.3217889964580536 0.13092799484729767
v 0.055149998515844345 -0.3214139938354492 0.13094699382781982
v 0.055323999375104904 -0.32144099473953247 0.1308159977197647
v 0.05500499904155731 -0.32150399684906006 0.13075999915599823
v 0.05481399968266487 -0.3214530050754547 0.13086900115013123
v 0.055969998240470886 -0.32136601209640503 0.13093799352645874
v 0.05550999939441681 -0.3214850127696991 0.13069899380207062
v 0.05602400004863739 -0.3214769959449768 0.13064999878406525
v 0.05655600130558014 -0.321492999792099 0.13062700629234314
v 0.05744300037622452 -0.3215720057487488 0.13034699857234955
v 0.05740499868988991 -0.321478009223938 0.13065700232982635
v 0.05694499984383583 -0.321601003408432 0.13041700422763824
v 0.05791400000452995 -0.32172301411628723 0.13024799525737762
v 0.05791199952363968 -0.3218649923801422 0.12988799810409546
v 0.05882899835705757 -0.32238298654556274 0.13038399815559387
v 0.05882599949836731 -0.322380006313324 0.13038399815559387
v 0.05861499905586243 -0.32220199704170227 0.13009999692440033
v 0.05877000093460083 -0.3223249912261963 0.12994499504566193
v 0.05918800085783005 -0.322486013174057 0.1301400065422058
v 0.058115001767873764 -0.3218519985675812 0.13015499711036682
v 0.0581509992480278 -0.32197800278663635 0.12984499335289001
v 0.06028899922966957 -0.3241339921951294 0.12905000150203705
v 0.06013999879360199 -0.3252899944782257 0.1293189972639084
v 0.060033999383449554 -0.3240770101547241 0.12870700657367706
v 0.05985400080680847 -0.32485100626945496 0.12881100177764893
v 0.06005699932575226 -0.3228349983692169 0.12948499619960785
v 0.060162998735904694 -0.32308700680732727 0.129271999001503
v 0.05991600081324577 -0.3226799964904785 0.12965400516986847
v 0.0597510002553463 -0.3225859999656677 0.12979599833488464
v 0.05933599919080734 -0.3224959969520569 0.13006000220775604
v 0.06019499897956848 -0.3235020041465759 0.12899300456047058
v 0.058903999626636505 -0.32484400272369385 0.1282780021429062
v 0.05854399874806404 -0.32509198784828186 0.1282999962568283
v 0.05944199860095978 -0.3252519965171814 0.12876200675964355
v 0.05560699850320816 -0.32924899458885193 0.12965300679206848
v 0.05496000126004219 -0.32873600721359253 0.12878499925136566
v 0.054666999727487564 -0.3280180096626282 0.12837499380111694
v 0.054760999977588654 -0.328359991312027 0.1285109966993332
v 0.05453500151634216 -0.3275049924850464 0.1281830072402954
v 0.0546099990606308 -0.3264470100402832 0.12788300216197968
v 0.0544000007212162 -0.32722800970077515 0.1279969960451126
v 0.05441100150346756 -0.3266940116882324 0.12782500684261322
v 0.055706001818180084 -0.32677900791168213 0.12813700735569
v 0.05513099953532219 -0.326119989156723 0.12783099710941315
v 0.056320998817682266 -0.3258109986782074 0.12793900072574615
v 0.05667399987578392 -0.3256309926509857 0.12803199887275696
v 0.05646299943327904 -0.3266719877719879 0.128153994679451
v 0.0583610013127327 -0.3248319923877716 0.12804999947547913
v 0.057693999260663986 -0.3250179886817932 0.12826499342918396
v 0.057496000081300735 -0.325188010931015 0.12837399542331696
v 0.05723800137639046 -0.32528701424598694 0.12832100689411163
v 0.05716700106859207 -0.3253600001335144 0.12830999493598938
v 0.05686099827289581 -0.325203001499176 0.12805700302124023
v 0.057009998708963394 -0.3250330090522766 0.1280909925699234
v 0.057009998708963394 -0.3250330090522766 0.1280909925699234
v 0.05353400111198425 -0.329135000705719 0.1287360042333603
v 0.05219399929046631 -0.3283349871635437 0.1283939927816391
v 0.05308099836111069 -0.3286390006542206 0.12826499342918396
v 0.05278199911117554 -0.3283669948577881 0.12808099389076233
v 0.05183900147676468 -0.32813599705696106 0.1286430060863495
v 0.05170600116252899 -0.32803699374198914 0.12882700562477112
v 0.05159299820661545 -0.327800989151001 0.12903299927711487
v 0.051594000309705734 -0.32749199867248535 0.12872299551963806
v 0.05148699879646301 -0.3264020085334778 0.1288439929485321
v 0.0516589991748333 -0.3273429870605469 0.1283790022134781
v 0.05159600079059601 -0.3266240060329437 0.12863300740718842
v 0.05162600055336952 -0.32574599981307983 0.12900400161743164
v 0.05173499882221222 -0.32632601261138916 0.12844300270080566
v 0.051986001431941986 -0.3258950114250183 0.12839600443840027
v 0.05200999975204468 -0.3262850046157837 0.12807999551296234
v 0.05170299857854843 -0.3265630006790161 0.1284089982509613
v 0.051670998334884644 -0.3254469931125641 0.12941299378871918
v 0.05213199928402901 -0.32329800724983215 0.13102799654006958
v 0.05231599882245064 -0.322968989610672 0.1312360018491745
v 0.05242700129747391 -0.322845995426178 0.131400004029274
v 0.05192999914288521 -0.323513001203537 0.13113300502300262
v 0.05248599871993065 -0.32272300124168396 0.1311119943857193
v 0.052606001496315 -0.322625994682312 0.13131000101566315
v 0.05281199887394905 -0.32239198684692383 0.1311659961938858
v 0.05261100083589554 -0.32260799407958984 0.13127300143241882
v 0.052320998162031174 -0.32306599617004395 0.13090699911117554
v 0.05252800136804581 -0.3228580057621002 0.13081100583076477
v 0.05268999934196472 -0.3228690028190613 0.1306609958410263
v 0.052358999848365784 -0.32482799887657166 0.12957100570201874
v 0.05298199877142906 -0.3241269886493683 0.12964199483394623
v 0.052622999995946884 -0.3236980140209198 0.1302410066127777
v 0.05378200113773346 -0.328792005777359 0.1283240020275116
v 0.053369998931884766 -0.32861000299453735 0.12813900411128998
v 0.05401499941945076 -0.3286220133304596 0.12826299667358398
v 0.05431000143289566 -0.3284429907798767 0.12828199565410614
v 0.05302099883556366 -0.3221859931945801 0.131071999669075
v 0.05464800074696541 -0.32143598794937134 0.1310119926929474
v 0.05392099916934967 -0.3216190040111542 0.13078700006008148
v 0.05448000133037567 -0.32149600982666016 0.1307940036058426
v 0.05371199920773506 -0.32164299488067627 0.13087600469589233
v 0.053582001477479935 -0.32176101207733154 0.13070900738239288
v 0.05347200110554695 -0.3217509984970093 0.13092699646949768
v 0.053706999868154526 -0.32164400815963745 0.1308699995279312
v 0.05313799902796745 -0.3221389949321747 0.1308629959821701
v 0.053220998495817184 -0.3219670057296753 0.13096599280834198
v 0.053266000002622604 -0.3219580054283142 0.13089899718761444
v 0.05350000038743019 -0.32193198800086975 0.1306069940328598
v 0.054666001349687576 -0.3215390145778656 0.1306779980659485
v 0.05496099963784218 -0.3221629858016968 0.1300009936094284
v 0.055156998336315155 -0.32221800088882446 0.12989799678325653
v 0.056345999240875244 -0.3222939968109131 0.12965500354766846
v 0.05677099898457527 -0.3220120072364807 0.12984299659729004
v 0.05757400020956993 -0.3219029903411865 0.1298079937696457
v 0.05809200182557106 -0.3222169876098633 0.12933899462223053
v 0.05787599831819534 -0.3222549855709076 0.1291310042142868
v 0.05735800042748451 -0.32225799560546875 0.12917399406433105
v 0.05742499977350235 -0.32198700308799744 0.129613995552063
v 0.05870699882507324 -0.32230401039123535 0.1298619955778122
v 0.05893800035119057 -0.32240599393844604 0.12980900704860687
v 0.05893800035119057 -0.32240599393844604 0.12980900704860687
v 0.05850899964570999 -0.3222709894180298 0.12960299849510193
v 0.0597120001912117 -0.32400399446487427 0.12840799987316132
v 0.05988899990916252 -0.3236140012741089 0.12856699526309967
v 0.05947599932551384 -0.32476699352264404 0.12854699790477753
v 0.05998900160193443 -0.3227800130844116 0.12939299643039703
v 0.05978500097990036 -0.3225950002670288 0.12926700711250305
v 0.05992100015282631 -0.322829008102417 0.12905000150203705
v 0.059971000999212265 -0.3230440020561218 0.12888899445533752
v 0.05994400009512901 -0.32292601466178894 0.1289770007133484
v 0.05952899903059006 -0.3224300146102905 0.12949900329113007
v 0.05934000015258789 -0.3224009871482849 0.129611998796463
v 0.059365998953580856 -0.3224849998950958 0.13001100718975067
v 0.05893800035119057 -0.32240599393844604 0.12980900704860687
v 0.05868000164628029 -0.3245899975299835 0.128044992685318
v 0.059064000844955444 -0.3246749937534332 0.12830500304698944
v 0.0592459999024868 -0.324878990650177 0.12849000096321106
v 0.05912400037050247 -0.32460498809814453 0.12831999361515045
v 0.05406700074672699 -0.3279320001602173 0.12794500589370728
v 0.05378799885511398 -0.327008992433548 0.12754499912261963
v 0.05389299988746643 -0.3267819881439209 0.12752200663089752
v 0.05442399904131889 -0.32619500160217285 0.12762999534606934
v 0.05418799817562103 -0.3267729878425598 0.12770099937915802
v 0.05409400165081024 -0.3265469968318939 0.1275710016489029
v 0.05557600036263466 -0.32634198665618896 0.1279740035533905
v 0.05564799904823303 -0.32580000162124634 0.12777599692344666
v 0.05525999888777733 -0.32565999031066895 0.12755200266838074
v 0.05458400025963783 -0.32571300864219666 0.12735000252723694
v 0.05583000183105469 -0.3254860043525696 0.1276410073041916
v 0.05649600178003311 -0.3251259922981262 0.1277810037136078
v 0.057721998542547226 -0.3247250020503998 0.12793099880218506
v 0.058253999799489975 -0.32449498772621155 0.127811998128891
v 0.05728299915790558 -0.3248310089111328 0.1280820071697235
v 0.05719900131225586 -0.3248699903488159 0.1280989944934845
v 0.057009998708963394 -0.3250330090522766 0.1280909925699234
v 0.05680299922823906 -0.32478201389312744 0.12784700095653534
v 0.05632200092077255 -0.3248780071735382 0.12751999497413635
v 0.051865000277757645 -0.3279320001602173 0.1283089965581894
v 0.052039001137018204 -0.328002005815506 0.12817800045013428
v 0.052448999136686325 -0.32813501358032227 0.1279979944229126
v 0.052987001836299896 -0.3283520042896271 0.12798799574375153
v 0.05241300165653229 -0.3280690014362335 0.12794800102710724
v 0.05283199995756149 -0.328016996383667 0.1277730017900467
v 0.05170999839901924 -0.32780998945236206 0.1284630000591278
v 0.051628001034259796 -0.32778099179267883 0.12871600687503815
v 0.051670998334884644 -0.32763901352882385 0.12840600311756134
v 0.051646001636981964 -0.3277069926261902 0.12856000661849976
v 0.05176699906587601 -0.32756298780441284 0.12816700339317322
v 0.05173899978399277 -0.3272480070590973 0.12811900675296783
v 0.05186599865555763 -0.32558101415634155 0.1289519965648651
v 0.052661001682281494 -0.32569900155067444 0.12782900035381317
v 0.052372999489307404 -0.32536399364471436 0.12852300703525543
v 0.05203400179743767 -0.3266749978065491 0.12776200473308563
v 0.05186700075864792 -0.32673799991607666 0.12805399298667908
v 0.05243200063705444 -0.3265160024166107 0.12755699455738068
v 0.05219399929046631 -0.32668501138687134 0.12761099636554718
v 0.051881998777389526 -0.32695600390434265 0.1279350072145462
v 0.05260400101542473 -0.32267799973487854 0.13090300559997559
v 0.05269400030374527 -0.3225170075893402 0.13101600110530853
v 0.05283199995756149 -0.32249701023101807 0.13083399832248688
v 0.052917998284101486 -0.3223310112953186 0.13094300031661987
v 0.05275600031018257 -0.32267698645591736 0.13074100017547607
v 0.053063999861478806 -0.32232099771499634 0.13077199459075928
v 0.053040001541376114 -0.32292601466178894 0.13039900362491608
v 0.052685000002384186 -0.32501399517059326 0.12856100499629974
v 0.05303499847650528 -0.3242740035057068 0.12935400009155273
v 0.053312998265028 -0.3231639862060547 0.13004299998283386
v 0.05368399992585182 -0.322968989610672 0.1298000067472458
v 0.053178999572992325 -0.3233639895915985 0.13004900515079498
v 0.05332300066947937 -0.3238939940929413 0.12935900688171387
v 0.053091999143362045 -0.32335400581359863 0.13012099266052246
v 0.05370200052857399 -0.32803499698638916 0.12783199548721313
v 0.05429600179195404 -0.32168498635292053 0.13055899739265442
v 0.05423999950289726 -0.3217410147190094 0.13048599660396576
v 0.05386300012469292 -0.3216489851474762 0.13071200251579285
v 0.0545479990541935 -0.3216649889945984 0.13052800297737122
v 0.05368100106716156 -0.32196900248527527 0.13048499822616577
v 0.05375400185585022 -0.32178500294685364 0.13057400286197662
v 0.05315899848937988 -0.3221369981765747 0.13083800673484802
v 0.053206998854875565 -0.3229449987411499 0.1302569955587387
v 0.054269999265670776 -0.3221380114555359 0.13017800450325012
v 0.054868001490831375 -0.32229501008987427 0.1298850029706955
v 0.05504700168967247 -0.3223539888858795 0.12975899875164032
v 0.05504700168967247 -0.3223539888858795 0.12975899875164032
v 0.05656399950385094 -0.322378009557724 0.12921899557113647
v 0.05523499846458435 -0.3224000036716461 0.12964700162410736
v 0.05657700076699257 -0.3225330114364624 0.1288820058107376
v 0.05669799819588661 -0.32227399945259094 0.12939299643039703
v 0.05843399837613106 -0.3225879967212677 0.12842799723148346
v 0.05870399996638298 -0.3223789930343628 0.12949900329113007
v 0.058132000267505646 -0.3225489854812622 0.1283929944038391
v 0.05755100026726723 -0.3223100006580353 0.1290690004825592
v 0.05694799870252609 -0.322611004114151 0.12864799797534943
v 0.057133998721838 -0.32264798879623413 0.12853200733661652
v 0.05893800035119057 -0.32240599393844604 0.12980900704860687
v 0.0593390017747879 -0.32392099499702454 0.12814100086688995
v 0.05955800041556358 -0.32356399297714233 0.12825900316238403
v 0.059647999703884125 -0.32317501306533813 0.12846100330352783
v 0.05984500050544739 -0.32265499234199524 0.12919899821281433
v 0.059606000781059265 -0.3224790096282959 0.12924200296401978
v 0.05965099856257439 -0.3226180076599121 0.12894299626350403
v 0.05963800102472305 -0.3227660059928894 0.12872600555419922
v 0.05963800102472305 -0.3229599893093109 0.12857599556446075
v 0.059578001499176025 -0.3226189911365509 0.12884899973869324
v 0.05938800051808357 -0.322394996881485 0.12931400537490845
v 0.059087999165058136 -0.3224020004272461 0.12964299321174622
v 0.05861999839544296 -0.32416900992393494 0.12783600389957428
v 0.05900000035762787 -0.32425299286842346 0.1280989944934845
v 0.053373001515865326 -0.3272779881954193 0.12746700644493103
v 0.054040998220443726 -0.3266110122203827 0.1275559961795807
v 0.053383998572826385 -0.32662999629974365 0.12736499309539795
v 0.05364900082349777 -0.3262690007686615 0.1273380070924759
v 0.05396600067615509 -0.32613998651504517 0.12738800048828125
v 0.055502999573946 -0.32551199197769165 0.12752600014209747
v 0.05502299964427948 -0.325439989566803 0.12730500102043152
v 0.055066000670194626 -0.3254129886627197 0.12729999423027039
v 0.055275000631809235 -0.32525700330734253 0.12729600071907043
v 0.05477299913764 -0.32554200291633606 0.12734100222587585
v 0.05416199937462807 -0.3257020115852356 0.12726899981498718
v 0.05709100142121315 -0.32459700107574463 0.12782099843025208
v 0.05753999948501587 -0.3244650065898895 0.12768100202083588
v 0.05830899998545647 -0.32389500737190247 0.12765899300575256
v 0.05774100124835968 -0.3243809938430786 0.12763500213623047
v 0.05797500163316727 -0.3242279887199402 0.12761400640010834
v 0.056832000613212585 -0.32475799322128296 0.12784799933433533
v 0.0568699985742569 -0.3243890106678009 0.12755699455738068
v 0.056464001536369324 -0.32429900765419006 0.12731100618839264
v 0.0561399981379509 -0.32458001375198364 0.12729400396347046
v 0.05593699961900711 -0.32486799359321594 0.1273999959230423
v 0.05190100148320198 -0.3276210129261017 0.1279830038547516
v 0.052073001861572266 -0.32769399881362915 0.1278499960899353
v 0.05318700149655342 -0.328220009803772 0.12788499891757965
v 0.05246900022029877 -0.32770299911499023 0.12764699757099152
v 0.052260998636484146 -0.32772400975227356 0.12773700058460236
v 0.053369998931884766 -0.32798001170158386 0.12775500118732452
v 0.052685000002384186 -0.327659010887146 0.12756800651550293
v 0.05187800154089928 -0.32750898599624634 0.12794899940490723
v 0.051858000457286835 -0.32720300555229187 0.1279129981994629
v 0.05268000066280365 -0.3263620138168335 0.1275160014629364
v 0.05274000018835068 -0.32530298829078674 0.12802499532699585
v 0.05277600139379501 -0.3259280025959015 0.1276250034570694
v 0.052691999822854996 -0.32569900155067444 0.1277969926595688
v 0.05215400084853172 -0.326911985874176 0.12756800651550293
v 0.051996998488903046 -0.3269070088863373 0.12772400677204132
v 0.052379000931978226 -0.3267259895801544 0.12749500572681427
v 0.05259000137448311 -0.32680198550224304 0.12741200625896454
v 0.05263200029730797 -0.32657700777053833 0.12745900452136993
v 0.05234599858522415 -0.3269619941711426 0.12746000289916992
v 0.05200500041246414 -0.32712000608444214 0.1277420073747635
v 0.05200299993157387 -0.3271940052509308 0.1277420073747635
v 0.053061001002788544 -0.3229300081729889 0.13038299977779388
v 0.05315300077199936 -0.3231540024280548 0.1301950067281723
v 0.05372999981045723 -0.32390400767326355 0.12844599783420563
v 0.0536700002849102 -0.32259199023246765 0.13012999296188354
v 0.05315300077199936 -0.3231540024280548 0.1301950067281723
v 0.05315300077199936 -0.3231540024280548 0.1301950067281723
v 0.053863998502492905 -0.32331201434135437 0.12923400104045868
v 0.05440400168299675 -0.3228299915790558 0.1292939931154251
v 0.05418200045824051 -0.3223020136356354 0.13006800413131714
v 0.053904999047517776 -0.3235749900341034 0.12866400182247162
v 0.053192999213933945 -0.32747000455856323 0.12750500440597534
v 0.053943999111652374 -0.3218330144882202 0.13046400249004364
v 0.05485700070858002 -0.3223060071468353 0.1298689991235733
v 0.05504700168967247 -0.3223539888858795 0.12975899875164032
v 0.05522599816322327 -0.322407990694046 0.1296350061893463
v 0.05467100068926811 -0.32269999384880066 0.1292780041694641
v 0.05593400076031685 -0.32276099920272827 0.12804600596427917
v 0.056412000209093094 -0.3226569890975952 0.12838000059127808
v 0.05663000047206879 -0.3227820098400116 0.12787599861621857
v 0.05832400172948837 -0.32260000705718994 0.1282850056886673
v 0.058699000626802444 -0.3226099908351898 0.12841500341892242
v 0.05854399874806404 -0.3226880133152008 0.1282159984111786
v 0.05893300101161003 -0.3225319981575012 0.1287200003862381
v 0.05905099958181381 -0.32242700457572937 0.12923400104045868
v 0.05799400061368942 -0.32264798879623413 0.1282150000333786
v 0.05751800164580345 -0.3226880133152008 0.12831400334835052
v 0.0581899993121624 -0.3227039873600006 0.1281130015850067
v 0.05750799924135208 -0.32269200682640076 0.12830199301242828
v 0.05720899999141693 -0.322858989238739 0.12791499495506287
v 0.05683400109410286 -0.32284900546073914 0.12778399884700775
v 0.05882500112056732 -0.32377099990844727 0.12789900600910187
v 0.059241000562906265 -0.3235569894313812 0.1280750036239624
v 0.059383999556303024 -0.3231860101222992 0.12825199961662292
v 0.05920799821615219 -0.3232809901237488 0.1281069964170456
v 0.059172000735998154 -0.322829008102417 0.12832100689411163
v 0.059303998947143555 -0.32272300124168396 0.12849199771881104
v 0.05943499878048897 -0.32246699929237366 0.1290159970521927
v 0.05925700068473816 -0.3224090039730072 0.12914200127124786
v 0.05949300155043602 -0.32253000140190125 0.12894800305366516
v 0.0594400018453598 -0.3226209878921509 0.12866699695587158
v 0.059379998594522476 -0.3224619925022125 0.12894299626350403
v 0.05840599909424782 -0.32370299100875854 0.12770800292491913
v 0.05285400152206421 -0.32722601294517517 0.12741200625896454
v 0.05285299941897392 -0.3269459903240204 0.12740099430084229
v 0.05312399938702583 -0.3267959952354431 0.1273909956216812
v 0.05310700088739395 -0.32651999592781067 0.12735800445079803
v 0.053360000252723694 -0.3263700008392334 0.12732400000095367
v 0.05360899865627289 -0.32593798637390137 0.12727299332618713
v 0.05336400121450424 -0.3260959982872009 0.12731899321079254
v 0.05359499901533127 -0.32584598660469055 0.127251997590065
v 0.053523000329732895 -0.3255470097064972 0.12714700400829315
v 0.055424001067876816 -0.32508599758148193 0.1273300051689148
v 0.05499599874019623 -0.32535499334335327 0.12726600468158722
v 0.05530000105500221 -0.3249939978122711 0.1272909939289093
v 0.05497400090098381 -0.32504698634147644 0.12722699344158173
v 0.054698001593351364 -0.3251650035381317 0.12723000347614288
v 0.054423000663518906 -0.32528600096702576 0.12723499536514282
v 0.05408899858593941 -0.3250490128993988 0.12714999914169312
v 0.05361200124025345 -0.32529300451278687 0.12709000706672668
v 0.057130999863147736 -0.3242749869823456 0.1274999976158142
v 0.05689200013875961 -0.3243809938430786 0.12755100429058075
v 0.05717400088906288 -0.32425400614738464 0.1274919956922531
v 0.057450998574495316 -0.3241119980812073 0.12744399905204773
v 0.05800800025463104 -0.3239409923553467 0.1275549978017807
v 0.058014001697301865 -0.32366999983787537 0.1275539994239807
v 0.05764700099825859 -0.32395100593566895 0.1274469941854477
v 0.057806000113487244 -0.3237830102443695 0.12747499346733093
v 0.056657999753952026 -0.32413798570632935 0.12731599807739258
v 0.056432001292705536 -0.32427701354026794 0.12730500102043152
v 0.055590998381376266 -0.3249189853668213 0.1273529976606369
v 0.055867999792099 -0.3244990110397339 0.12729699909687042
v 0.05203099921345711 -0.32750800251960754 0.1277880072593689
v 0.052212998270988464 -0.32754701375961304 0.12766799330711365
v 0.052365999668836594 -0.32726800441741943 0.12749700248241425
v 0.05259000137448311 -0.32715800404548645 0.12742599844932556
v 0.052855998277664185 -0.3266710042953491 0.12739600241184235
v 0.05291900038719177 -0.32619500160217285 0.1274610012769699
v 0.05285799875855446 -0.3251979947090149 0.12770900130271912
v 0.052806999534368515 -0.32541000843048096 0.1276479959487915
v 0.05350600183010101 -0.3242489993572235 0.12780199944972992
v 0.05315199866890907 -0.32478201389312744 0.12764300405979156
v 0.05305099859833717 -0.3249709904193878 0.12759199738502502
v 0.05278199911117554 -0.3258860111236572 0.1276330053806305
v 0.052949998527765274 -0.3259739875793457 0.12749400734901428
v 0.05216800048947334 -0.327208012342453 0.12759500741958618
v 0.052581001073122025 -0.3270690143108368 0.12740999460220337
v 0.052149999886751175 -0.327208012342453 0.12761400640010834
v 0.05378900095820427 -0.3238610029220581 0.12779800593852997
v 0.05390600115060806 -0.32365500926971436 0.12830699980258942
v 0.054131001234054565 -0.32339099049568176 0.12859199941158295
v 0.05446799844503403 -0.32307401299476624 0.12866300344467163
v 0.05531400069594383 -0.3228209912776947 0.12831799685955048
v 0.05490199849009514 -0.32244399189949036 0.1295730024576187
v 0.05401900038123131 -0.3235499858856201 0.12849900126457214
v 0.056311000138521194 -0.3228220045566559 0.1278190016746521
v 0.056108999997377396 -0.3227800130844116 0.1279129981994629
v 0.05575300008058548 -0.32279399037361145 0.12780900299549103
v 0.05543699860572815 -0.3227820098400116 0.12811699509620667
v 0.05649999901652336 -0.3228920102119446 0.12770800292491913
v 0.05671200156211853 -0.322968989610672 0.12762799859046936
v 0.05840599909424782 -0.32278698682785034 0.1280370056629181
v 0.05891500040888786 -0.32269299030303955 0.1283400058746338
v 0.058788999915122986 -0.32280799746513367 0.12817999720573425
v 0.05865199863910675 -0.3227500021457672 0.1282159984111786
v 0.059060998260974884 -0.3226050138473511 0.12852899730205536
v 0.05867699906229973 -0.32293999195098877 0.1280370056629181
v 0.059186000376939774 -0.322409987449646 0.12904900312423706
v 0.059202998876571655 -0.3225109875202179 0.12871399521827698
v 0.05788299813866615 -0.3227829933166504 0.12807400524616241
v 0.058086998760700226 -0.32284900546073914 0.1279810070991516
v 0.05768600106239319 -0.32272499799728394 0.1281760036945343
v 0.058306001126766205 -0.32293498516082764 0.12791100144386292
v 0.05774100124835968 -0.3228760063648224 0.12789000570774078
v 0.05752100050449371 -0.3231459856033325 0.12761099636554718
v 0.057374000549316406 -0.32328000664711 0.12750500440597534
v 0.05844400078058243 -0.3234739899635315 0.1277499943971634
v 0.05887899920344353 -0.32328400015830994 0.12795400619506836
v 0.05905099958181381 -0.32295000553131104 0.12816600501537323
v 0.05916700139641762 -0.32266101241111755 0.12852099537849426
v 0.057767998427152634 -0.3232690095901489 0.127578005194664
v 0.05814100056886673 -0.32327800989151 0.12770700454711914
v 0.053123001009225845 -0.3262610137462616 0.1273690015077591
v 0.05314499884843826 -0.32600998878479004 0.12738999724388123
v 0.053362999111413956 -0.3259339928627014 0.12731300294399261
v 0.053332000970840454 -0.32577601075172424 0.12726500630378723
v 0.05328800156712532 -0.325439989566803 0.1271969974040985
v 0.053495001047849655 -0.3253610134124756 0.1271049976348877
v 0.0547420009970665 -0.32494398951530457 0.12727999687194824
v 0.05500900000333786 -0.32481399178504944 0.12726299464702606
v 0.05444300174713135 -0.32517701387405396 0.12725600600242615
v 0.05453599989414215 -0.32509198784828186 0.12726299464702606
v 0.054698001593351364 -0.32492300868034363 0.12728899717330933
v 0.054450999945402145 -0.3250429928302765 0.12726299464702606
v 0.053991999477148056 -0.324970006942749 0.1271049976348877
v 0.05443999916315079 -0.3244589865207672 0.12720699608325958
v 0.05376200005412102 -0.32510000467300415 0.1270820051431656
v 0.05348600074648857 -0.3252190053462982 0.12708699703216553
v 0.05707700178027153 -0.32416200637817383 0.12742500007152557
v 0.056713998317718506 -0.3241080045700073 0.12730799615383148
v 0.057328000664711 -0.3240100145339966 0.12738700211048126
v 0.05708400160074234 -0.32382500171661377 0.12730200588703156
v 0.0579180009663105 -0.3236039876937866 0.12753300368785858
v 0.057638999074697495 -0.3236599862575531 0.1274230033159256
v 0.0572969987988472 -0.3236919939517975 0.12733599543571472
v 0.05670100077986717 -0.323870986700058 0.1272830069065094
v 0.05620099976658821 -0.32361799478530884 0.12734100222587585
v 0.0559380017220974 -0.3237529993057251 0.12736199796199799
v 0.055844999849796295 -0.32395699620246887 0.12733100354671478
v 0.05510300025343895 -0.32399600744247437 0.12717099487781525
v 0.05528600141406059 -0.3235799968242645 0.12722299993038177
v 0.05294499918818474 -0.3253909945487976 0.12746700644493103
v 0.052988000214099884 -0.32516899704933167 0.1275169998407364
v 0.052928000688552856 -0.3256480097770691 0.1274539977312088
v 0.053289998322725296 -0.32452601194381714 0.12752899527549744
v 0.05348600074648857 -0.32430198788642883 0.1274159997701645
v 0.05357399955391884 -0.32413798570632935 0.12752600014209747
v 0.05306899920105934 -0.32496801018714905 0.12756699323654175
v 0.05321300029754639 -0.32470500469207764 0.12743499875068665
v 0.053047001361846924 -0.3251670002937317 0.12745200097560883
v 0.05294699966907501 -0.3259519934654236 0.12749099731445312
v 0.0530100017786026 -0.3259730041027069 0.12746399641036987
v 0.05408899858593941 -0.32349398732185364 0.1278180032968521
v 0.05388199910521507 -0.3237819969654083 0.1275559961795807
v 0.05379499867558479 -0.3239479959011078 0.12744799256324768
v 0.054228998720645905 -0.3233189880847931 0.12835699319839478
v 0.05460499972105026 -0.3230690062046051 0.12851299345493317
v 0.05461300164461136 -0.323062002658844 0.12849099934101105
v 0.054712001234292984 -0.3229919970035553 0.12825800478458405
v 0.05513099953532219 -0.3228600025177002 0.12807999551296234
v 0.0562950000166893 -0.3228229880332947 0.12779800593852997
v 0.05647300183773041 -0.3229230046272278 0.12767399847507477
v 0.05593499913811684 -0.32283198833465576 0.127687007188797
v 0.05613499879837036 -0.32289400696754456 0.12759000062942505
v 0.05539200082421303 -0.32293200492858887 0.127701997756958
v 0.05549899861216545 -0.3230220079421997 0.12748299539089203
v 0.05581599846482277 -0.32295599579811096 0.12753400206565857
v 0.055139001458883286 -0.32295098900794983 0.12773199379444122
v 0.05661199986934662 -0.3231169879436493 0.1275009959936142
v 0.05657599866390228 -0.3231010138988495 0.12750999629497528
v 0.058573998510837555 -0.3230850100517273 0.12790699303150177
v 0.0587179996073246 -0.3229680061340332 0.128043994307518
v 0.05822300165891647 -0.32310599088668823 0.12780800461769104
v 0.058017998933792114 -0.32295501232147217 0.1278959959745407
v 0.05850199982523918 -0.3232699930667877 0.1278190016746521
v 0.05786599963903427 -0.3231169879436493 0.12770099937915802
v 0.05734800174832344 -0.3234800100326538 0.12739500403404236
v 0.057342998683452606 -0.32347699999809265 0.12739600241184235
v 0.05314600095152855 -0.325982004404068 0.1273909956216812
v 0.05310500040650368 -0.3256790041923523 0.12732599675655365
v 0.053105998784303665 -0.3254010081291199 0.12731699645519257
v 0.053286001086235046 -0.3253909945487976 0.12719100713729858
v 0.05327700078487396 -0.32514598965644836 0.12717199325561523
v 0.054072000086307526 -0.3247480094432831 0.12711599469184875
v 0.05375700071454048 -0.3248150050640106 0.12706699967384338
v 0.05442199856042862 -0.32444700598716736 0.1272049993276596
v 0.05439700186252594 -0.3241350054740906 0.1271599978208542
v 0.05349399894475937 -0.3249509930610657 0.12708799540996552
v 0.05352700129151344 -0.3247149884700775 0.12712299823760986
v 0.053304001688957214 -0.3249019980430603 0.1271979957818985
v 0.05688000097870827 -0.3239850103855133 0.12730400264263153
v 0.05724199861288071 -0.3236579895019531 0.12733100354671478
v 0.05698300153017044 -0.3237600028514862 0.12728700041770935
v 0.05620799958705902 -0.3233470022678375 0.12734000384807587
v 0.05592299997806549 -0.32345399260520935 0.12733100354671478
v 0.05595200136303902 -0.32321301102638245 0.127360999584198
v 0.055619001388549805 -0.3235360085964203 0.12729600071907043
v 0.05565499886870384 -0.3233039975166321 0.12733499705791473
v 0.054669998586177826 -0.32401299476623535 0.12715299427509308
v 0.054993998259305954 -0.32367798686027527 0.1272049993276596
v 0.0547030009329319 -0.3237760066986084 0.12718699872493744
v 0.055532000958919525 -0.3234789967536926 0.1272840052843094
v 0.05504100024700165 -0.32346001267433167 0.1272590011358261
v 0.05533500015735626 -0.3233650028705597 0.12727800011634827
v 0.05510399863123894 -0.3232620060443878 0.12733399868011475
v 0.05335099995136261 -0.3246839940547943 0.127252995967865
v 0.05341299995779991 -0.32448598742485046 0.12732699513435364
v 0.053575001657009125 -0.3244979977607727 0.12717899680137634
v 0.053638000041246414 -0.32430198788642883 0.12725399434566498
v 0.05315399914979935 -0.32490599155426025 0.12736299633979797
v 0.0531190000474453 -0.32513999938964844 0.12732599675655365
v 0.0541130006313324 -0.3236039876937866 0.12749099731445312
v 0.05420999974012375 -0.3234519958496094 0.12761199474334717
v 0.05395499989390373 -0.3239560127258301 0.12729600071907043
v 0.054026998579502106 -0.32377201318740845 0.1273850053548813
v 0.05388699844479561 -0.32414698600769043 0.1272139996290207
v 0.054701998829841614 -0.32305800914764404 0.12788499891757965
v 0.054836999624967575 -0.32303398847579956 0.12769800424575806
v 0.05636100098490715 -0.32298800349235535 0.12752799689769745
v 0.05602499842643738 -0.3230299949645996 0.12745200097560883
v 0.056262001395225525 -0.3231390118598938 0.12740300595760345
v 0.055309001356363297 -0.32297301292419434 0.127592995762825
v 0.05573499947786331 -0.3230859935283661 0.12743300199508667
v 0.055716998875141144 -0.32310599088668823 0.12740999460220337
v 0.055403999984264374 -0.32317501306533813 0.12736399471759796
v 0.055744998157024384 -0.32311901450157166 0.1274069994688034
v 0.05519099906086922 -0.32309800386428833 0.12744300067424774
v 0.05500499904155731 -0.3230549991130829 0.12755799293518066
v 0.05654799938201904 -0.3232620060443878 0.1274220049381256
v 0.056770000606775284 -0.323403000831604 0.12735700607299805
v 0.05409200116991997 -0.32449498772621155 0.1271349936723709
v 0.053780000656843185 -0.3245660066604614 0.12708799540996552
v 0.05382800102233887 -0.3243499994277954 0.127143993973732
v 0.05412000045180321 -0.32425299286842346 0.12716199457645416
v 0.05415299907326698 -0.3240160048007965 0.1271969974040985
v 0.054420001804828644 -0.3238860070705414 0.12718099355697632
v 0.05420700088143349 -0.3238070011138916 0.1272599995136261
v 0.05565499886870384 -0.3233039975166321 0.12733499705791473
v 0.05565499886870384 -0.3233039975166321 0.12733499705791473
v 0.05447399988770485 -0.3236770033836365 0.12724600732326508
v 0.05482399836182594 -0.32337599992752075 0.12733200192451477
v 0.05455100163817406 -0.32349899411201477 0.12734000384807587
v 0.05490199849009514 -0.32319900393486023 0.12742899358272552
v 0.054281000047922134 -0.32362499833106995 0.12735100090503693
v 0.05436699837446213 -0.3234589993953705 0.12745900452136993
v 0.05472400039434433 -0.32316699624061584 0.1275549978017807
f 1 2 3
f 1 3 4
f 2 1 5
f 4 6 1
f 1 6 5
f 2 7 3
f 5 8 2
f 9 2 8
f 7 2 9
f 10 4 3
f 11 12 3
f 3 12 10
f 7 11 3
f 4 13 6
f 14 13 4
f 15 14 4
f 15 4 10
f 16 8 5
f 6 17 5
f 16 5 18
f 19 5 17
f 18 5 19
f 17 6 20
f 13 20 6
f 9 21 7
f 7 21 22
f 7 22 11
f 8 16 23
f 24 8 23
f 9 8 24
f 25 9 24
f 21 9 25
f 26 15 10
f 27 10 12
f 26 10 27
f 22 12 11
f 22 27 12
f 13 14 28
f 13 28 20
f 29 14 15
f 30 28 14
f 31 30 14
f 31 14 29
f 32 29 15
f 32 15 26
f 23 16 18
f 33 19 17
f 17 20 34
f 33 17 34
f 23 18 35
f 36 37 18
f 18 19 38
f 18 38 36
f 35 18 37
f 39 19 33
f 38 19 39
f 34 20 40
f 20 28 40
f 21 41 22
f 42 21 25
f 41 21 42
f 43 27 22
f 22 41 43
f 44 23 45
f 24 23 44
f 35 45 23
f 46 24 44
f 25 24 46
f 46 42 25
f 47 32 26
f 48 26 27
f 47 26 48
f 48 27 43
f 40 28 30
f 49 29 32
f 29 49 31
f 50 51 30
f 30 31 50
f 30 52 40
f 30 51 52
f 53 50 31
f 54 31 49
f 53 31 54
f 55 49 32
f 55 32 47
f 56 33 34
f 33 56 39
f 34 57 58
f 34 59 56
f 34 40 60
f 61 57 34
f 34 60 61
f 34 58 59
f 45 35 62
f 37 62 35
f 37 36 63
f 38 64 36
f 36 64 65
f 65 63 36
f 62 37 63
f 64 38 39
f 39 66 64
f 39 67 66
f 39 56 68
f 39 68 69
f 69 67 39
f 60 40 52
f 41 48 43
f 42 70 41
f 48 41 70
f 42 46 71
f 72 70 42
f 42 71 72
f 44 45 73
f 73 46 44
f 74 73 45
f 74 45 62
f 75 71 46
f 75 46 73
f 47 76 55
f 77 76 47
f 48 77 47
f 70 77 48
f 49 78 54
f 78 49 55
f 79 51 50
f 80 79 50
f 80 50 53
f 81 51 79
f 51 81 82
f 52 51 83
f 83 51 82
f 84 52 83
f 85 52 84
f 52 85 60
f 86 80 53
f 87 53 54
f 86 53 87
f 88 54 78
f 89 54 88
f 87 54 89
f 55 88 78
f 76 88 55
f 68 56 59
f 57 90 58
f 90 57 61
f 59 58 90
f 68 59 91
f 59 90 91
f 61 60 92
f 60 85 92
f 61 92 93
f 90 61 93
f 62 94 74
f 63 94 62
f 63 65 95
f 94 63 95
f 96 65 64
f 96 64 66
f 97 65 98
f 96 98 65
f 97 95 65
f 96 66 99
f 99 66 67
f 100 67 69
f 67 100 99
f 101 69 68
f 91 101 68
f 100 69 101
f 102 77 70
f 103 70 72
f 102 70 103
f 104 71 75
f 105 72 71
f 71 104 105
f 106 103 72
f 107 106 72
f 105 107 72
f 74 75 73
f 75 74 108
f 109 108 74
f 74 94 110
f 109 74 110
f 104 75 108
f 111 88 76
f 102 76 77
f 111 76 102
f 81 79 112
f 112 79 80
f 113 80 86
f 114 112 80
f 114 80 113
f 115 82 81
f 115 81 112
f 83 82 116
f 82 115 117
f 116 82 117
f 84 83 116
f 84 116 118
f 92 85 84
f 92 84 118
f 86 119 120
f 86 120 121
f 119 86 87
f 121 113 86
f 122 87 89
f 119 87 122
f 89 88 111
f 111 122 89
f 93 123 90
f 90 123 91
f 124 91 123
f 91 125 126
f 91 126 101
f 127 91 124
f 125 91 127
f 93 92 118
f 93 118 128
f 128 123 93
f 129 94 95
f 94 129 110
f 129 95 97
f 99 130 96
f 96 130 98
f 98 130 97
f 97 130 131
f 131 132 97
f 129 97 132
f 133 130 99
f 134 135 99
f 99 100 134
f 136 133 99
f 99 135 136
f 137 138 100
f 100 139 134
f 101 140 100
f 100 140 137
f 138 139 100
f 141 101 126
f 140 101 141
f 142 111 102
f 103 142 102
f 106 142 103
f 143 104 109
f 143 105 104
f 108 109 104
f 107 105 144
f 144 105 143
f 106 145 142
f 145 106 146
f 107 147 106
f 147 146 106
f 107 144 148
f 149 107 150
f 149 147 107
f 148 150 107
f 109 151 143
f 109 152 151
f 110 152 109
f 129 153 110
f 110 153 154
f 155 152 110
f 110 154 155
f 145 122 111
f 111 142 145
f 114 115 112
f 113 115 114
f 156 115 113
f 121 156 113
f 157 117 115
f 115 156 157
f 158 116 117
f 159 118 116
f 116 158 160
f 161 116 162
f 116 161 159
f 162 116 160
f 163 117 157
f 117 163 158
f 118 159 128
f 119 164 120
f 164 119 122
f 120 165 166
f 166 121 120
f 167 120 164
f 165 120 167
f 156 121 168
f 168 121 166
f 122 145 146
f 122 146 164
f 169 123 128
f 170 123 169
f 123 170 124
f 170 171 124
f 127 124 171
f 126 125 141
f 172 125 127
f 141 125 172
f 173 127 171
f 127 173 172
f 128 174 169
f 128 161 174
f 159 161 128
f 132 153 129
f 130 133 131
f 131 133 175
f 132 131 176
f 175 176 131
f 177 153 132
f 177 132 176
f 133 136 175
f 178 135 134
f 178 134 139
f 179 135 178
f 135 180 136
f 135 179 180
f 175 136 176
f 136 180 176
f 138 137 181
f 181 137 140
f 181 182 138
f 183 138 182
f 139 138 183
f 139 184 178
f 183 184 139
f 141 181 140
f 141 185 181
f 185 141 172
f 151 186 143
f 143 186 144
f 144 186 148
f 146 187 164
f 146 147 187
f 188 187 147
f 149 189 147
f 188 147 189
f 190 148 155
f 155 148 191
f 148 192 150
f 191 148 186
f 192 148 190
f 150 193 149
f 189 149 193
f 150 194 193
f 194 150 195
f 195 150 196
f 197 198 150
f 150 192 197
f 198 196 150
f 186 151 152
f 191 186 152
f 191 152 155
f 154 153 177
f 199 154 177
f 200 154 199
f 155 154 200
f 155 200 190
f 168 157 156
f 157 168 201
f 201 163 157
f 163 201 158
f 158 201 202
f 203 160 158
f 158 202 203
f 162 160 204
f 203 205 160
f 160 205 204
f 162 206 161
f 174 161 206
f 204 207 162
f 206 162 207
f 187 167 164
f 165 208 166
f 209 208 165
f 209 165 167
f 210 166 208
f 210 168 166
f 187 188 167
f 167 188 209
f 168 210 211
f 211 201 168
f 169 174 212
f 169 212 213
f 214 170 169
f 214 169 213
f 214 171 170
f 171 214 173
f 172 215 185
f 172 216 217
f 216 172 173
f 215 172 217
f 216 173 218
f 219 173 214
f 173 219 220
f 218 173 220
f 174 206 221
f 222 212 174
f 174 221 223
f 223 222 174
f 224 177 176
f 176 225 224
f 176 180 225
f 177 224 226
f 199 177 226
f 179 178 184
f 227 179 184
f 228 229 179
f 230 228 179
f 179 227 230
f 179 229 180
f 225 180 229
f 181 185 182
f 231 182 232
f 182 231 183
f 182 185 232
f 183 233 184
f 233 183 231
f 184 233 234
f 184 234 227
f 232 185 215
f 188 235 236
f 236 209 188
f 189 235 188
f 189 237 235
f 193 238 189
f 189 238 237
f 190 239 240
f 190 200 241
f 190 241 239
f 190 197 192
f 190 240 197
f 194 242 193
f 243 238 193
f 243 193 242
f 244 194 195
f 242 194 245
f 245 194 244
f 195 246 244
f 196 246 195
f 196 247 248
f 248 246 196
f 247 196 198
f 249 198 197
f 197 240 249
f 250 198 249
f 251 198 250
f 198 252 247
f 251 252 198
f 226 200 199
f 200 226 241
f 211 253 201
f 202 201 254
f 254 201 253
f 202 254 255
f 255 256 202
f 203 202 256
f 205 203 257
f 256 257 203
f 207 204 258
f 205 259 204
f 204 259 258
f 257 259 205
f 260 206 207
f 221 206 260
f 258 260 207
f 208 209 261
f 262 210 208
f 262 208 261
f 261 209 236
f 211 210 262
f 263 253 211
f 263 211 262
f 264 212 265
f 213 212 264
f 212 222 265
f 213 264 214
f 219 214 266
f 214 264 267
f 214 267 266
f 217 268 215
f 232 215 268
f 269 217 216
f 269 216 218
f 270 268 217
f 217 269 270
f 271 272 218
f 273 274 218
f 269 218 272
f 271 218 274
f 220 273 218
f 273 220 219
f 266 275 219
f 276 219 275
f 273 219 276
f 223 221 277
f 221 260 278
f 278 279 221
f 279 280 221
f 277 221 280
f 277 222 223
f 277 265 222
f 226 224 241
f 241 224 281
f 225 281 224
f 229 282 225
f 282 281 225
f 283 230 227
f 284 227 234
f 283 227 284
f 229 228 282
f 282 228 285
f 228 230 286
f 228 286 285
f 287 286 230
f 230 283 287
f 231 232 288
f 289 231 290
f 231 288 291
f 231 291 290
f 289 233 231
f 292 293 232
f 288 232 293
f 292 232 268
f 234 233 289
f 234 289 284
f 294 236 235
f 235 295 294
f 237 295 235
f 261 236 294
f 295 237 238
f 238 243 296
f 238 296 295
f 239 297 240
f 298 297 239
f 239 241 285
f 239 285 299
f 299 298 239
f 249 240 297
f 282 285 241
f 241 281 282
f 245 243 242
f 300 243 301
f 296 243 300
f 301 243 245
f 245 244 246
f 302 301 245
f 303 245 304
f 246 304 245
f 305 302 245
f 305 245 303
f 248 304 246
f 247 306 248
f 252 307 247
f 307 306 247
f 248 308 309
f 308 248 306
f 309 304 248
f 310 249 297
f 249 310 250
f 250 310 311
f 250 312 313
f 250 311 312
f 314 251 250
f 313 314 250
f 252 251 315
f 315 251 314
f 316 252 315
f 307 252 316
f 317 254 253
f 263 317 253
f 255 254 317
f 317 256 255
f 318 257 256
f 256 319 318
f 320 256 317
f 319 256 320
f 318 321 257
f 259 257 321
f 258 322 260
f 258 323 322
f 259 323 258
f 323 259 324
f 259 321 324
f 260 322 325
f 260 325 278
f 326 261 294
f 326 327 261
f 327 262 261
f 327 263 262
f 263 320 317
f 320 263 319
f 263 327 319
f 328 264 265
f 328 267 264
f 265 329 328
f 329 265 277
f 267 330 266
f 266 330 275
f 328 330 267
f 268 270 292
f 331 270 269
f 331 269 272
f 292 270 331
f 332 272 271
f 274 276 271
f 333 271 334
f 271 276 334
f 332 271 333
f 332 335 272
f 331 272 335
f 276 274 273
f 275 330 336
f 337 276 275
f 338 337 275
f 275 336 338
f 339 276 337
f 339 334 276
f 277 280 340
f 340 341 277
f 329 277 341
f 278 342 279
f 325 343 278
f 343 344 278
f 278 344 342
f 345 279 342
f 280 279 345
f 280 346 340
f 346 280 347
f 345 347 280
f 348 283 284
f 283 349 350
f 283 348 349
f 350 287 283
f 351 348 284
f 284 289 352
f 284 352 351
f 285 286 353
f 299 285 353
f 286 287 353
f 353 287 298
f 354 298 287
f 287 350 354
f 293 291 288
f 289 290 355
f 352 289 355
f 290 291 293
f 290 293 356
f 357 290 358
f 355 290 357
f 356 358 290
f 292 359 293
f 360 361 292
f 360 292 331
f 361 359 292
f 356 293 359
f 294 295 300
f 300 326 294
f 300 295 296
f 297 298 362
f 297 362 363
f 310 297 363
f 298 354 362
f 299 353 298
f 364 300 301
f 300 365 319
f 319 326 300
f 364 365 300
f 366 364 301
f 366 301 302
f 302 367 366
f 367 302 305
f 303 304 309
f 303 368 369
f 303 370 305
f 369 370 303
f 309 371 303
f 368 303 371
f 305 370 367
f 308 306 307
f 316 308 307
f 371 309 308
f 372 308 316
f 371 308 372
f 373 310 363
f 311 310 373
f 374 375 311
f 311 373 374
f 375 312 311
f 313 312 375
f 313 376 314
f 376 313 377
f 378 377 313
f 313 375 378
f 314 379 315
f 379 314 376
f 379 316 315
f 316 380 372
f 379 381 316
f 380 316 381
f 318 319 365
f 365 382 318
f 382 321 318
f 319 327 326
f 383 321 382
f 321 383 324
f 322 343 325
f 343 322 323
f 343 323 384
f 384 323 324
f 324 385 384
f 324 383 385
f 336 330 328
f 328 329 386
f 387 328 386
f 336 328 387
f 341 386 329
f 331 335 360
f 388 335 332
f 389 388 332
f 333 389 332
f 334 390 333
f 391 392 333
f 393 389 333
f 333 390 391
f 392 393 333
f 339 390 334
f 394 360 335
f 335 388 394
f 338 336 395
f 395 336 387
f 395 396 337
f 337 338 395
f 337 397 339
f 397 337 398
f 337 396 398
f 390 339 399
f 339 400 401
f 397 402 339
f 399 339 401
f 400 339 402
f 340 346 403
f 404 340 403
f 404 341 340
f 405 341 404
f 386 341 405
f 344 406 342
f 342 406 407
f 342 407 345
f 344 343 408
f 408 343 384
f 408 406 344
f 409 345 407
f 345 409 347
f 347 410 346
f 403 346 410
f 409 411 347
f 347 411 412
f 347 412 410
f 349 348 351
f 413 350 349
f 413 349 351
f 413 354 350
f 352 414 351
f 351 414 415
f 351 415 413
f 352 416 414
f 355 417 352
f 417 416 352
f 413 362 354
f 357 418 355
f 417 355 418
f 419 358 356
f 419 356 420
f 356 359 420
f 358 421 357
f 418 357 422
f 422 357 421
f 358 419 421
f 361 423 359
f 359 423 424
f 359 424 420
f 394 361 360
f 361 394 425
f 425 423 361
f 363 362 413
f 363 413 373
f 364 366 365
f 366 382 365
f 382 366 383
f 367 383 366
f 370 383 367
f 369 368 426
f 426 368 371
f 427 369 426
f 370 369 427
f 385 370 428
f 385 383 370
f 428 370 427
f 371 429 430
f 429 371 431
f 430 426 371
f 371 380 431
f 380 371 372
f 415 432 373
f 432 374 373
f 373 413 415
f 375 374 433
f 432 434 374
f 434 433 374
f 435 375 433
f 436 437 375
f 436 375 435
f 378 375 437
f 376 377 438
f 439 379 376
f 376 440 439
f 440 376 438
f 438 377 441
f 441 377 378
f 378 437 442
f 442 443 378
f 441 378 443
f 444 381 379
f 444 379 439
f 445 380 381
f 431 380 445
f 445 381 446
f 381 444 446
f 384 428 447
f 384 385 428
f 384 447 448
f 384 448 406
f 406 408 384
f 387 386 449
f 449 386 405
f 450 396 387
f 396 395 387
f 387 449 450
f 451 388 389
f 452 394 388
f 388 451 452
f 389 393 451
f 391 390 399
f 392 391 401
f 401 391 399
f 401 453 392
f 454 392 453
f 455 393 392
f 455 392 454
f 455 451 393
f 456 457 394
f 458 425 394
f 457 458 394
f 452 456 394
f 398 396 450
f 397 459 460
f 398 459 397
f 461 397 460
f 397 461 402
f 398 450 459
f 401 400 462
f 463 400 402
f 464 400 463
f 464 462 400
f 465 401 462
f 453 401 465
f 402 461 463
f 466 467 403
f 412 411 403
f 466 403 468
f 404 403 467
f 410 412 403
f 403 411 468
f 467 469 404
f 449 405 404
f 449 404 470
f 471 470 404
f 469 471 404
f 406 448 409
f 407 406 409
f 448 411 409
f 472 411 448
f 472 468 411
f 414 473 415
f 474 414 416
f 474 473 414
f 432 415 473
f 416 475 474
f 417 475 416
f 418 475 417
f 422 475 418
f 419 476 477
f 421 419 478
f 419 420 476
f 477 478 419
f 420 424 479
f 420 479 476
f 421 480 422
f 478 480 421
f 422 480 481
f 422 482 475
f 481 482 422
f 423 425 424
f 424 425 483
f 424 483 479
f 483 425 458
f 426 484 485
f 485 427 426
f 484 426 430
f 486 427 487
f 427 488 487
f 428 427 489
f 490 427 485
f 489 427 486
f 490 488 427
f 428 491 447
f 489 491 428
f 492 430 429
f 492 429 493
f 494 429 431
f 429 494 495
f 429 495 493
f 496 484 430
f 496 430 497
f 497 430 492
f 431 445 494
f 434 432 498
f 473 498 432
f 499 433 434
f 499 500 433
f 433 500 435
f 501 499 434
f 434 502 501
f 498 503 434
f 434 503 502
f 435 504 436
f 504 435 500
f 437 436 505
f 436 504 505
f 437 505 506
f 442 437 507
f 506 507 437
f 440 438 441
f 439 440 508
f 439 508 509
f 439 510 444
f 439 509 510
f 441 443 440
f 511 508 440
f 440 443 512
f 511 440 512
f 442 507 513
f 443 442 514
f 442 513 514
f 515 443 516
f 443 515 512
f 516 443 514
f 510 446 444
f 517 445 446
f 494 445 518
f 518 445 517
f 517 446 509
f 446 510 509
f 447 472 448
f 491 472 447
f 449 470 519
f 519 520 449
f 450 449 521
f 521 449 520
f 521 460 450
f 459 450 460
f 455 452 451
f 522 452 455
f 523 452 522
f 456 452 523
f 524 453 525
f 453 526 527
f 453 527 454
f 453 465 525
f 526 453 524
f 454 527 455
f 528 455 527
f 528 522 455
f 529 457 456
f 456 528 529
f 456 523 528
f 530 531 457
f 458 457 531
f 457 529 530
f 532 483 458
f 531 532 458
f 521 533 460
f 460 534 461
f 534 460 533
f 535 463 461
f 461 534 535
f 462 525 465
f 536 462 464
f 525 462 536
f 463 537 464
f 463 535 537
f 536 464 537
f 489 486 466
f 486 538 466
f 489 466 468
f 466 538 467
f 469 467 538
f 468 491 489
f 468 472 491
f 539 471 469
f 538 539 469
f 470 540 519
f 470 541 540
f 471 541 470
f 471 542 541
f 539 542 471
f 498 473 543
f 543 473 474
f 474 482 543
f 475 482 474
f 477 476 544
f 476 479 545
f 476 545 546
f 546 544 476
f 477 547 478
f 477 548 547
f 544 548 477
f 478 547 480
f 479 483 532
f 479 532 549
f 479 549 545
f 480 547 481
f 481 547 550
f 481 551 482
f 550 551 481
f 551 498 482
f 543 482 498
f 484 552 485
f 552 484 553
f 554 553 484
f 496 554 484
f 485 555 490
f 555 485 552
f 487 556 486
f 556 557 486
f 486 557 538
f 558 556 487
f 558 487 488
f 559 488 490
f 488 560 558
f 560 488 559
f 490 555 559
f 492 561 497
f 562 561 492
f 563 562 492
f 563 492 493
f 493 495 563
f 495 494 564
f 565 564 494
f 565 494 518
f 566 495 564
f 495 566 563
f 497 567 496
f 568 554 496
f 496 567 568
f 561 567 497
f 551 503 498
f 500 499 569
f 501 569 499
f 500 570 504
f 500 569 570
f 502 571 501
f 571 569 501
f 548 572 502
f 548 502 573
f 571 502 572
f 573 502 503
f 550 503 551
f 573 503 550
f 505 504 570
f 505 574 506
f 575 574 505
f 505 570 575
f 576 506 574
f 507 506 576
f 577 513 507
f 576 577 507
f 578 508 511
f 508 578 509
f 579 517 509
f 509 580 579
f 580 509 581
f 582 509 578
f 509 582 583
f 583 581 509
f 584 511 512
f 511 584 578
f 585 584 512
f 512 515 586
f 512 586 585
f 513 577 587
f 587 514 513
f 588 514 587
f 514 588 516
f 515 516 589
f 515 589 590
f 591 586 515
f 590 591 515
f 589 516 588
f 579 518 517
f 518 579 565
f 519 540 520
f 520 540 592
f 593 521 520
f 593 520 592
f 521 593 533
f 523 522 528
f 525 594 524
f 595 524 594
f 526 524 595
f 525 596 594
f 525 536 596
f 526 597 527
f 526 598 597
f 595 598 526
f 527 599 528
f 527 600 599
f 597 600 527
f 529 528 601
f 602 601 528
f 528 599 602
f 529 603 574
f 574 604 529
f 530 529 604
f 601 603 529
f 531 530 604
f 605 531 575
f 575 531 604
f 605 532 531
f 606 549 532
f 606 532 605
f 607 533 608
f 533 535 534
f 608 533 593
f 535 533 607
f 535 607 609
f 610 535 609
f 537 535 610
f 611 596 536
f 536 537 612
f 536 612 611
f 610 613 537
f 613 614 537
f 612 537 614
f 557 539 538
f 557 615 539
f 539 615 542
f 616 540 541
f 592 540 616
f 617 541 542
f 616 541 617
f 558 542 615
f 617 542 558
f 544 546 548
f 545 618 619
f 619 546 545
f 618 545 549
f 546 619 572
f 548 546 572
f 547 548 550
f 550 548 573
f 618 549 620
f 620 549 606
f 552 621 622
f 559 555 552
f 623 624 552
f 552 553 625
f 621 552 624
f 625 623 552
f 552 622 559
f 553 554 625
f 625 554 568
f 556 615 557
f 556 558 615
f 558 560 617
f 626 559 622
f 559 626 560
f 617 560 627
f 627 560 626
f 628 567 561
f 561 562 628
f 628 562 563
f 629 628 563
f 563 630 629
f 563 566 631
f 630 563 631
f 631 564 565
f 631 566 564
f 631 565 632
f 579 632 565
f 633 568 567
f 633 567 628
f 568 634 623
f 568 623 625
f 634 568 633
f 635 569 571
f 635 570 569
f 570 635 575
f 571 618 620
f 572 618 571
f 620 635 571
f 619 618 572
f 575 604 574
f 603 576 574
f 575 606 605
f 606 575 635
f 603 577 576
f 636 577 603
f 587 577 636
f 578 584 582
f 637 579 638
f 638 579 580
f 632 579 637
f 580 581 638
f 581 639 638
f 639 581 583
f 584 640 582
f 583 582 641
f 582 640 642
f 641 582 643
f 643 582 642
f 644 639 583
f 644 583 641
f 585 640 584
f 645 640 585
f 585 586 591
f 645 585 591
f 587 646 588
f 647 587 648
f 646 587 647
f 587 636 649
f 649 648 587
f 588 650 589
f 650 588 646
f 651 589 650
f 590 589 651
f 652 591 590
f 652 590 651
f 591 652 645
f 608 593 592
f 592 653 608
f 592 616 653
f 611 594 596
f 594 611 595
f 654 598 595
f 595 655 654
f 595 611 656
f 595 656 657
f 657 655 595
f 658 600 597
f 659 658 597
f 597 598 660
f 597 660 659
f 654 661 598
f 598 661 660
f 662 602 599
f 599 600 662
f 658 662 600
f 601 663 603
f 664 663 601
f 601 602 664
f 664 602 662
f 603 665 636
f 665 603 663
f 635 620 606
f 666 607 608
f 609 607 666
f 653 667 608
f 608 667 668
f 608 668 666
f 610 609 669
f 609 666 669
f 669 613 610
f 611 612 670
f 670 671 611
f 611 671 656
f 670 612 614
f 613 669 672
f 672 673 613
f 613 673 674
f 674 614 613
f 675 614 674
f 670 614 675
f 616 617 653
f 653 617 676
f 617 627 676
f 622 621 668
f 621 677 668
f 669 677 621
f 621 624 669
f 622 668 626
f 623 678 624
f 634 679 623
f 679 678 623
f 669 624 678
f 626 668 667
f 626 667 627
f 627 667 676
f 680 633 628
f 629 680 628
f 629 681 680
f 682 683 629
f 629 683 681
f 682 629 684
f 629 630 685
f 685 684 629
f 686 630 687
f 630 631 688
f 688 687 630
f 630 689 685
f 689 630 686
f 688 631 632
f 632 690 688
f 637 690 632
f 691 634 633
f 633 692 691
f 633 680 692
f 691 679 634
f 636 665 649
f 638 693 637
f 694 637 693
f 637 694 690
f 638 695 693
f 696 638 697
f 695 638 696
f 638 639 698
f 697 638 698
f 644 698 639
f 642 640 699
f 640 645 699
f 700 641 701
f 641 643 701
f 641 700 702
f 641 702 644
f 699 703 642
f 643 642 704
f 704 642 703
f 643 705 701
f 705 643 704
f 644 702 697
f 698 644 697
f 645 706 707
f 707 699 645
f 645 652 706
f 647 708 646
f 709 650 646
f 710 646 708
f 710 709 646
f 647 648 711
f 712 713 647
f 708 647 713
f 714 712 647
f 647 711 714
f 648 649 715
f 648 715 711
f 716 649 665
f 649 716 715
f 717 650 709
f 650 717 651
f 651 717 652
f 718 652 719
f 652 718 706
f 717 719 652
f 676 667 653
f 654 655 720
f 720 721 654
f 654 721 661
f 657 722 655
f 722 723 655
f 723 720 655
f 656 724 725
f 656 725 722
f 656 722 657
f 656 671 726
f 724 656 726
f 727 662 658
f 658 659 728
f 728 729 658
f 658 729 727
f 659 730 728
f 659 660 731
f 730 659 731
f 660 661 721
f 731 660 721
f 662 732 665
f 662 665 664
f 732 662 733
f 727 733 662
f 663 664 665
f 716 665 732
f 666 668 677
f 666 677 669
f 734 735 669
f 669 678 734
f 672 669 735
f 736 671 670
f 670 675 736
f 737 671 736
f 726 671 737
f 738 672 739
f 672 735 739
f 738 673 672
f 673 675 674
f 738 740 673
f 675 673 740
f 740 736 675
f 679 691 678
f 734 678 691
f 741 692 680
f 681 742 680
f 742 741 680
f 742 681 743
f 743 681 683
f 682 744 683
f 745 746 682
f 682 684 745
f 746 744 682
f 743 683 747
f 744 747 683
f 684 748 745
f 684 685 748
f 749 685 689
f 748 685 749
f 686 687 750
f 751 686 752
f 750 752 686
f 686 751 689
f 688 753 687
f 754 755 687
f 750 687 755
f 687 753 756
f 754 687 756
f 753 688 690
f 757 749 689
f 689 751 757
f 756 690 694
f 756 753 690
f 692 734 691
f 692 758 735
f 735 734 692
f 758 692 759
f 759 692 741
f 694 693 760
f 693 695 760
f 760 756 694
f 760 695 761
f 761 695 696
f 697 762 696
f 696 762 763
f 761 696 763
f 764 762 697
f 697 702 765
f 764 697 765
f 703 699 707
f 766 700 701
f 767 700 766
f 767 702 700
f 705 768 701
f 769 701 768
f 769 766 701
f 702 767 765
f 704 703 770
f 703 771 770
f 703 707 771
f 770 772 704
f 705 704 772
f 772 768 705
f 707 706 773
f 706 774 773
f 706 718 774
f 771 707 773
f 713 775 708
f 708 775 710
f 710 776 709
f 709 776 777
f 709 777 778
f 717 709 778
f 776 710 779
f 780 710 775
f 710 780 779
f 711 715 781
f 711 782 783
f 781 782 711
f 714 711 783
f 712 784 713
f 785 712 714
f 785 784 712
f 784 775 713
f 714 786 787
f 783 786 714
f 788 714 787
f 714 788 785
f 732 715 716
f 732 733 715
f 715 789 781
f 733 789 715
f 790 717 778
f 791 719 717
f 791 717 790
f 718 719 792
f 792 793 718
f 774 718 793
f 794 719 791
f 719 794 792
f 721 720 731
f 731 720 795
f 720 723 795
f 723 722 725
f 796 723 725
f 795 723 796
f 724 797 725
f 726 797 724
f 725 797 796
f 798 726 737
f 726 799 800
f 799 726 798
f 726 796 797
f 800 796 726
f 727 801 733
f 801 727 729
f 728 802 729
f 802 728 730
f 729 803 801
f 804 729 802
f 729 804 803
f 730 805 806
f 805 730 731
f 806 802 730
f 807 805 731
f 731 800 807
f 731 795 800
f 733 801 789
f 739 735 808
f 735 758 808
f 740 809 736
f 736 809 737
f 737 810 798
f 737 809 810
f 739 808 738
f 811 812 738
f 738 812 813
f 813 814 738
f 740 738 814
f 811 738 808
f 814 809 740
f 741 743 815
f 759 741 816
f 743 741 742
f 815 817 741
f 816 741 817
f 743 818 815
f 747 818 743
f 819 747 744
f 744 820 819
f 746 820 744
f 821 746 745
f 745 822 821
f 822 745 823
f 823 745 748
f 824 820 746
f 746 825 824
f 825 746 821
f 747 826 818
f 819 826 747
f 748 749 827
f 827 828 748
f 823 748 828
f 827 749 757
f 750 755 752
f 751 752 829
f 751 830 757
f 829 830 751
f 755 831 752
f 829 752 831
f 831 755 754
f 832 754 833
f 754 834 835
f 832 834 754
f 833 754 836
f 835 831 754
f 756 836 754
f 760 837 756
f 836 756 837
f 838 827 757
f 830 829 757
f 757 829 835
f 839 757 840
f 839 841 757
f 835 840 757
f 838 757 841
f 759 808 758
f 842 808 759
f 759 843 842
f 816 843 759
f 760 761 844
f 844 837 760
f 845 844 761
f 763 845 761
f 846 762 764
f 763 762 846
f 846 847 763
f 845 763 847
f 767 848 764
f 764 765 767
f 764 849 846
f 849 764 848
f 766 769 767
f 769 848 767
f 768 850 851
f 851 769 768
f 850 768 772
f 848 769 851
f 772 770 852
f 770 771 853
f 852 770 853
f 854 771 773
f 853 771 854
f 855 772 852
f 850 772 855
f 773 774 856
f 857 773 856
f 854 773 857
f 793 858 774
f 856 774 858
f 780 775 859
f 859 775 784
f 779 860 776
f 860 861 776
f 776 861 862
f 862 777 776
f 777 863 778
f 863 777 864
f 777 862 864
f 778 865 790
f 863 866 778
f 865 778 866
f 867 860 779
f 868 779 869
f 869 779 780
f 779 868 867
f 869 780 870
f 780 859 870
f 781 871 782
f 789 871 781
f 782 872 783
f 871 872 782
f 783 872 786
f 859 784 785
f 785 788 873
f 785 873 870
f 870 859 785
f 786 874 787
f 872 874 786
f 787 874 875
f 787 875 788
f 788 876 873
f 876 788 875
f 801 871 789
f 790 877 878
f 878 791 790
f 879 790 880
f 881 877 790
f 790 879 882
f 880 790 865
f 790 882 883
f 883 881 790
f 884 794 791
f 884 791 878
f 794 793 792
f 885 793 794
f 793 885 858
f 884 885 794
f 800 795 796
f 798 810 886
f 886 887 798
f 799 798 887
f 799 888 800
f 799 887 889
f 889 888 799
f 800 890 807
f 888 890 800
f 871 801 891
f 801 803 891
f 806 804 802
f 892 803 804
f 803 892 891
f 893 892 804
f 893 804 806
f 806 805 894
f 895 805 807
f 894 805 895
f 893 806 896
f 894 896 806
f 807 890 895
f 897 811 808
f 842 897 808
f 810 809 898
f 898 809 814
f 899 810 900
f 810 899 886
f 900 810 898
f 811 901 812
f 902 903 811
f 904 901 811
f 811 897 902
f 811 903 904
f 905 812 901
f 813 812 905
f 905 814 813
f 898 814 905
f 906 815 818
f 906 817 815
f 907 843 816
f 908 816 817
f 909 907 816
f 816 908 909
f 817 906 908
f 826 910 818
f 906 818 910
f 819 911 826
f 820 912 819
f 911 819 912
f 824 912 820
f 913 825 821
f 821 914 913
f 822 914 821
f 915 914 822
f 822 916 917
f 822 917 915
f 822 823 916
f 828 918 823
f 823 919 916
f 823 920 919
f 918 920 823
f 912 824 921
f 922 921 824
f 824 825 922
f 922 825 913
f 911 910 826
f 828 827 923
f 838 923 827
f 923 918 828
f 835 829 831
f 924 832 833
f 925 834 832
f 925 832 924
f 833 836 926
f 926 927 833
f 927 924 833
f 928 835 834
f 928 834 925
f 840 835 928
f 929 836 837
f 926 836 929
f 929 837 844
f 841 923 838
f 840 930 839
f 839 930 931
f 931 841 839
f 930 840 932
f 840 928 932
f 933 923 841
f 934 841 931
f 841 934 933
f 842 935 936
f 935 842 907
f 843 907 842
f 936 897 842
f 844 937 929
f 937 844 845
f 847 938 845
f 938 937 845
f 939 846 849
f 940 846 939
f 941 846 940
f 847 846 941
f 847 942 938
f 941 942 847
f 849 848 851
f 939 849 943
f 849 851 943
f 850 944 851
f 850 945 944
f 945 850 855
f 851 944 946
f 851 946 943
f 852 853 947
f 852 947 855
f 853 948 947
f 949 853 854
f 853 949 950
f 853 950 948
f 951 854 952
f 854 951 953
f 952 854 857
f 949 854 953
f 855 954 955
f 947 954 855
f 855 955 945
f 856 956 957
f 857 856 957
f 858 956 856
f 957 958 857
f 857 958 952
f 858 885 959
f 956 858 959
f 867 861 860
f 861 960 862
f 961 861 867
f 960 861 961
f 862 960 962
f 864 862 962
f 864 963 863
f 863 880 866
f 880 863 963
f 963 864 964
f 962 965 864
f 864 965 964
f 865 866 880
f 867 966 961
f 966 867 868
f 870 868 869
f 966 868 873
f 868 870 873
f 872 871 891
f 874 872 967
f 872 891 967
f 873 876 968
f 873 968 966
f 875 874 969
f 969 874 970
f 874 967 970
f 969 876 875
f 876 971 972
f 968 876 972
f 971 876 969
f 877 884 878
f 959 885 877
f 877 885 884
f 956 877 881
f 959 877 956
f 973 879 880
f 974 879 973
f 879 974 882
f 975 973 880
f 880 963 975
f 883 976 881
f 976 956 881
f 882 974 977
f 883 882 978
f 978 882 977
f 883 979 976
f 979 883 978
f 887 886 980
f 886 899 980
f 981 887 980
f 887 981 889
f 982 890 888
f 889 983 888
f 982 888 984
f 984 888 983
f 889 985 983
f 889 981 985
f 890 982 895
f 986 891 892
f 986 967 891
f 892 987 986
f 987 892 893
f 893 988 987
f 989 988 893
f 989 893 896
f 894 990 896
f 982 991 894
f 894 895 982
f 992 990 894
f 992 894 991
f 989 896 990
f 936 902 897
f 898 905 993
f 900 898 993
f 899 900 994
f 980 899 994
f 993 995 900
f 995 996 900
f 994 900 996
f 901 993 905
f 993 901 904
f 936 997 902
f 902 997 903
f 904 903 997
f 904 997 998
f 993 904 999
f 1000 904 998
f 999 904 1000
f 1001 1002 906
f 1002 908 906
f 906 910 1001
f 907 1003 1004
f 909 1003 907
f 907 1004 935
f 908 1005 1003
f 908 1003 909
f 1002 1005 908
f 910 1006 1001
f 1006 910 911
f 912 1007 911
f 1006 911 1007
f 921 1007 912
f 1008 922 913
f 913 1009 1010
f 913 1011 1008
f 1009 913 914
f 1010 1011 913
f 1009 914 1012
f 915 1012 914
f 915 917 1013
f 915 1013 1014
f 915 1014 1012
f 916 1015 917
f 916 1016 1015
f 1016 916 919
f 1017 1013 917
f 1017 917 1015
f 1018 1019 918
f 918 923 1018
f 1019 920 918
f 1020 919 1021
f 1021 919 920
f 919 1020 1016
f 1021 920 1022
f 1019 1022 920
f 1006 1007 921
f 1008 921 922
f 1008 1006 921
f 933 1023 923
f 1018 923 1023
f 924 927 1024
f 924 1025 925
f 1026 1025 924
f 924 1024 1026
f 925 932 928
f 1025 932 925
f 1027 926 929
f 1027 1028 926
f 926 1028 1024
f 927 926 1024
f 938 1027 929
f 929 937 938
f 1029 1030 930
f 931 930 1030
f 930 932 1029
f 931 1031 1032
f 1030 1031 931
f 1032 934 931
f 932 1025 1033
f 1033 1029 932
f 1023 933 934
f 1023 934 1032
f 935 1034 936
f 935 1035 1034
f 1035 935 1036
f 1004 1005 935
f 1005 1036 935
f 997 936 1037
f 1034 1037 936
f 942 1038 938
f 1038 1027 938
f 1039 939 943
f 939 1039 1040
f 939 1040 1041
f 939 1041 940
f 940 1041 941
f 942 941 1042
f 1042 941 1041
f 1043 1038 942
f 942 1042 1044
f 1043 942 1045
f 1045 942 1046
f 1046 942 1044
f 1047 943 1048
f 1047 1039 943
f 946 1049 943
f 1050 1051 943
f 1050 943 1049
f 1052 943 1051
f 943 1052 1048
f 944 1049 946
f 944 1053 1049
f 945 1053 944
f 1054 945 955
f 1053 945 1054
f 947 1055 954
f 948 1055 947
f 948 1056 1055
f 950 1056 948
f 1057 1058 949
f 1057 949 953
f 949 1058 1059
f 949 1059 950
f 950 1059 1056
f 952 1060 951
f 1060 1061 951
f 1057 953 951
f 951 1061 1057
f 958 1062 952
f 1060 952 1062
f 954 1063 955
f 1063 954 1055
f 1054 955 1063
f 956 976 957
f 979 957 976
f 978 957 979
f 958 957 978
f 978 1062 958
f 962 960 961
f 961 1064 965
f 965 962 961
f 966 1065 961
f 1064 961 1066
f 1066 961 1065
f 963 964 1067
f 1068 975 963
f 1068 963 1067
f 964 1069 1067
f 964 965 1064
f 1069 964 1064
f 1065 966 968
f 986 987 967
f 987 970 967
f 972 1070 968
f 968 1070 1065
f 969 970 1071
f 971 969 1071
f 970 987 988
f 970 988 1072
f 1072 1071 970
f 1073 972 971
f 971 1071 1073
f 1074 972 1075
f 1074 1070 972
f 1075 972 1073
f 1076 974 973
f 975 1077 973
f 973 1077 1076
f 974 1076 977
f 975 1068 1077
f 977 1076 1078
f 977 1078 978
f 978 1078 1062
f 1079 1080 980
f 980 994 1079
f 980 1081 981
f 980 1080 1081
f 1082 981 1081
f 985 981 1082
f 984 1083 982
f 982 1083 991
f 1084 983 985
f 984 983 1084
f 1084 1083 984
f 1084 985 1085
f 1086 1087 985
f 1082 1086 985
f 1087 1085 985
f 1072 988 989
f 1073 1072 989
f 1088 1073 989
f 1089 1088 989
f 989 990 1089
f 990 992 1089
f 992 991 1090
f 1083 1091 991
f 991 1091 1090
f 1092 992 1090
f 1089 992 1093
f 1094 1093 992
f 992 1092 1094
f 995 993 999
f 1079 994 996
f 1095 1096 995
f 1096 1097 995
f 995 999 1095
f 995 1097 996
f 996 1097 1079
f 997 1037 1000
f 1000 998 997
f 1095 999 1098
f 1099 999 1000
f 1098 999 1099
f 1000 1037 1099
f 1100 1002 1001
f 1001 1101 1100
f 1101 1001 1006
f 1036 1005 1002
f 1036 1002 1100
f 1003 1005 1004
f 1006 1008 1102
f 1102 1101 1006
f 1103 1102 1008
f 1011 1103 1008
f 1104 1010 1009
f 1012 1105 1009
f 1105 1104 1009
f 1010 1104 1011
f 1011 1104 1106
f 1103 1011 1107
f 1011 1106 1107
f 1108 1105 1012
f 1012 1014 1108
f 1109 1014 1013
f 1110 1109 1013
f 1110 1013 1017
f 1111 1014 1109
f 1108 1014 1111
f 1110 1017 1015
f 1110 1015 1112
f 1016 1113 1015
f 1015 1113 1112
f 1016 1020 1114
f 1114 1113 1016
f 1018 1115 1019
f 1023 1115 1018
f 1022 1019 1115
f 1021 1116 1020
f 1020 1116 1114
f 1117 1116 1021
f 1117 1021 1022
f 1115 1117 1022
f 1118 1115 1023
f 1023 1119 1118
f 1032 1119 1023
f 1024 1027 1038
f 1028 1027 1024
f 1026 1024 1038
f 1120 1025 1026
f 1025 1121 1033
f 1120 1121 1025
f 1120 1026 1122
f 1038 1123 1026
f 1122 1026 1123
f 1124 1030 1029
f 1029 1125 1124
f 1029 1126 1125
f 1033 1126 1029
f 1030 1124 1031
f 1127 1032 1031
f 1031 1128 1127
f 1124 1128 1031
f 1127 1119 1032
f 1129 1033 1130
f 1130 1033 1121
f 1033 1129 1126
f 1037 1034 1131
f 1035 1132 1034
f 1132 1131 1034
f 1035 1133 1134
f 1135 1133 1035
f 1134 1132 1035
f 1035 1036 1136
f 1136 1135 1035
f 1100 1136 1036
f 1099 1037 1131
f 1123 1038 1043
f 1039 1047 1040
f 1042 1041 1040
f 1137 1042 1040
f 1040 1047 1137
f 1044 1042 1137
f 1138 1123 1043
f 1045 1138 1043
f 1044 1139 1046
f 1044 1140 1139
f 1044 1137 1141
f 1141 1140 1044
f 1046 1139 1045
f 1045 1139 1142
f 1138 1045 1143
f 1045 1142 1144
f 1144 1145 1045
f 1143 1045 1145
f 1048 1146 1047
f 1147 1047 1146
f 1137 1047 1147
f 1148 1149 1048
f 1048 1052 1148
f 1150 1146 1048
f 1150 1048 1149
f 1049 1151 1050
f 1151 1049 1053
f 1050 1152 1051
f 1151 1152 1050
f 1153 1051 1152
f 1051 1153 1154
f 1051 1154 1052
f 1052 1154 1148
f 1053 1155 1151
f 1054 1155 1053
f 1156 1157 1054
f 1063 1156 1054
f 1054 1157 1155
f 1056 1158 1055
f 1063 1055 1158
f 1158 1056 1159
f 1056 1059 1159
f 1057 1160 1058
f 1061 1160 1057
f 1160 1161 1058
f 1058 1161 1059
f 1059 1161 1159
f 1162 1061 1060
f 1163 1060 1062
f 1060 1163 1162
f 1164 1165 1061
f 1165 1160 1061
f 1061 1162 1164
f 1062 1078 1163
f 1156 1063 1158
f 1066 1166 1064
f 1064 1166 1069
f 1167 1065 1070
f 1065 1167 1066
f 1168 1066 1167
f 1066 1168 1166
f 1169 1067 1069
f 1067 1169 1170
f 1067 1170 1068
f 1068 1170 1171
f 1068 1171 1077
f 1069 1166 1172
f 1169 1069 1172
f 1070 1173 1167
f 1173 1070 1074
f 1071 1072 1073
f 1075 1073 1174
f 1174 1073 1088
f 1174 1074 1075
f 1074 1174 1175
f 1175 1176 1074
f 1177 1173 1074
f 1074 1176 1177
f 1178 1076 1077
f 1076 1178 1163
f 1076 1163 1078
f 1178 1077 1171
f 1080 1079 1179
f 1079 1097 1180
f 1079 1180 1179
f 1181 1080 1179
f 1081 1080 1182
f 1182 1080 1183
f 1080 1181 1184
f 1183 1080 1184
f 1081 1185 1186
f 1186 1082 1081
f 1185 1081 1182
f 1187 1188 1082
f 1082 1188 1189
f 1189 1086 1082
f 1187 1082 1186
f 1083 1190 1091
f 1084 1190 1083
f 1085 1087 1084
f 1084 1191 1190
f 1084 1087 1192
f 1191 1084 1193
f 1193 1084 1192
f 1087 1086 1189
f 1194 1087 1189
f 1192 1087 1194
f 1195 1174 1088
f 1195 1088 1089
f 1089 1093 1195
f 1090 1190 1092
f 1090 1091 1190
f 1190 1196 1092
f 1092 1196 1197
f 1197 1094 1092
f 1093 1198 1195
f 1199 1198 1093
f 1093 1094 1199
f 1197 1200 1094
f 1199 1094 1200
f 1095 1201 1096
f 1202 1201 1095
f 1202 1095 1098
f 1180 1097 1096
f 1201 1180 1096
f 1098 1099 1203
f 1203 1202 1098
f 1099 1131 1204
f 1204 1203 1099
f 1135 1136 1100
f 1101 1135 1100
f 1205 1135 1101
f 1205 1101 1102
f 1102 1206 1205
f 1103 1206 1102
f 1207 1103 1208
f 1208 1103 1107
f 1206 1103 1207
f 1209 1106 1104
f 1105 1209 1104
f 1111 1209 1105
f 1111 1105 1108
f 1107 1106 1210
f 1211 1210 1106
f 1211 1106 1209
f 1107 1212 1208
f 1107 1210 1212
f 1213 1111 1109
f 1213 1109 1110
f 1112 1214 1110
f 1214 1213 1110
f 1215 1209 1111
f 1111 1216 1215
f 1216 1111 1213
f 1112 1113 1217
f 1112 1217 1218
f 1214 1112 1219
f 1218 1219 1112
f 1220 1217 1113
f 1113 1114 1220
f 1114 1116 1221
f 1221 1220 1114
f 1222 1115 1118
f 1117 1115 1222
f 1223 1221 1116
f 1116 1117 1223
f 1223 1117 1222
f 1118 1119 1222
f 1222 1119 1223
f 1223 1119 1127
f 1121 1120 1130
f 1122 1130 1120
f 1224 1225 1122
f 1122 1225 1130
f 1122 1226 1224
f 1122 1123 1226
f 1227 1226 1123
f 1138 1228 1123
f 1228 1227 1123
f 1229 1128 1124
f 1125 1229 1124
f 1230 1229 1125
f 1126 1230 1125
f 1231 1230 1126
f 1129 1231 1126
f 1232 1127 1128
f 1233 1223 1127
f 1127 1232 1233
f 1128 1229 1232
f 1130 1234 1129
f 1235 1231 1129
f 1234 1235 1129
f 1130 1225 1234
f 1204 1131 1134
f 1131 1132 1134
f 1134 1133 1236
f 1135 1237 1133
f 1236 1133 1238
f 1237 1238 1133
f 1239 1134 1240
f 1239 1204 1134
f 1240 1134 1236
f 1206 1237 1135
f 1135 1205 1206
f 1147 1141 1137
f 1138 1143 1241
f 1241 1228 1138
f 1139 1242 1142
f 1242 1139 1140
f 1140 1243 1244
f 1141 1243 1140
f 1140 1245 1246
f 1140 1246 1247
f 1140 1247 1242
f 1244 1245 1140
f 1141 1147 1248
f 1243 1141 1248
f 1144 1142 1242
f 1241 1143 1249
f 1145 1249 1143
f 1144 1250 1145
f 1144 1247 1251
f 1144 1251 1250
f 1242 1247 1144
f 1145 1250 1249
f 1248 1146 1150
f 1248 1147 1146
f 1149 1148 1252
f 1148 1253 1252
f 1154 1253 1148
f 1149 1252 1150
f 1254 1150 1252
f 1150 1254 1255
f 1150 1255 1248
f 1152 1151 1256
f 1256 1151 1155
f 1152 1256 1153
f 1257 1153 1258
f 1153 1257 1154
f 1256 1258 1153
f 1154 1257 1253
f 1157 1259 1155
f 1155 1259 1256
f 1260 1157 1156
f 1158 1261 1156
f 1156 1261 1260
f 1157 1260 1262
f 1259 1157 1262
f 1159 1261 1158
f 1159 1263 1264
f 1263 1159 1161
f 1159 1260 1261
f 1260 1159 1264
f 1165 1263 1160
f 1161 1160 1263
f 1265 1162 1163
f 1265 1266 1162
f 1266 1164 1162
f 1265 1163 1267
f 1163 1268 1267
f 1163 1178 1269
f 1163 1269 1268
f 1270 1165 1164
f 1164 1266 1267
f 1270 1164 1271
f 1271 1164 1267
f 1263 1165 1270
f 1166 1168 1272
f 1272 1172 1166
f 1167 1173 1273
f 1168 1167 1273
f 1273 1177 1168
f 1274 1272 1168
f 1168 1275 1274
f 1168 1177 1275
f 1276 1169 1277
f 1172 1277 1169
f 1169 1276 1278
f 1170 1169 1278
f 1170 1279 1171
f 1278 1279 1170
f 1280 1171 1279
f 1280 1178 1171
f 1272 1281 1172
f 1172 1281 1277
f 1177 1273 1173
f 1174 1195 1175
f 1175 1195 1198
f 1282 1175 1283
f 1176 1175 1282
f 1283 1175 1198
f 1177 1176 1284
f 1284 1176 1282
f 1275 1177 1284
f 1280 1269 1178
f 1179 1180 1285
f 1179 1285 1181
f 1285 1180 1201
f 1286 1181 1239
f 1181 1202 1239
f 1201 1202 1181
f 1181 1285 1201
f 1286 1184 1181
f 1182 1183 1184
f 1182 1184 1185
f 1184 1286 1185
f 1186 1185 1287
f 1288 1185 1286
f 1288 1287 1185
f 1187 1186 1289
f 1289 1186 1287
f 1188 1187 1290
f 1289 1291 1187
f 1291 1292 1187
f 1292 1290 1187
f 1293 1189 1188
f 1188 1294 1293
f 1294 1188 1290
f 1189 1293 1194
f 1196 1190 1191
f 1191 1197 1196
f 1191 1193 1295
f 1296 1197 1191
f 1296 1191 1295
f 1192 1297 1193
f 1297 1192 1194
f 1193 1297 1295
f 1297 1194 1293
f 1200 1197 1296
f 1298 1198 1299
f 1299 1198 1300
f 1198 1199 1300
f 1198 1298 1283
f 1199 1301 1300
f 1199 1200 1302
f 1302 1301 1199
f 1303 1200 1296
f 1303 1304 1200
f 1200 1304 1305
f 1200 1305 1302
f 1239 1202 1203
f 1239 1203 1204
f 1306 1237 1206
f 1306 1206 1207
f 1207 1208 1307
f 1308 1306 1207
f 1207 1307 1309
f 1309 1308 1207
f 1208 1212 1310
f 1307 1208 1310
f 1215 1211 1209
f 1210 1311 1212
f 1312 1210 1211
f 1312 1311 1210
f 1211 1215 1312
f 1212 1311 1310
f 1313 1216 1213
f 1214 1314 1213
f 1315 1313 1213
f 1315 1213 1316
f 1213 1314 1316
f 1219 1314 1214
f 1312 1215 1313
f 1215 1216 1313
f 1217 1220 1317
f 1317 1218 1217
f 1318 1219 1218
f 1319 1320 1218
f 1218 1320 1318
f 1319 1218 1317
f 1318 1321 1219
f 1314 1219 1321
f 1220 1221 1322
f 1317 1220 1322
f 1322 1221 1223
f 1322 1223 1233
f 1323 1225 1224
f 1224 1324 1323
f 1224 1325 1324
f 1226 1325 1224
f 1225 1326 1234
f 1323 1326 1225
f 1226 1227 1325
f 1327 1325 1227
f 1327 1227 1328
f 1228 1328 1227
f 1228 1329 1330
f 1330 1328 1228
f 1228 1241 1329
f 1229 1230 1232
f 1230 1231 1232
f 1231 1235 1232
f 1235 1323 1232
f 1323 1331 1232
f 1332 1232 1331
f 1332 1333 1232
f 1333 1233 1232
f 1322 1233 1334
f 1233 1335 1334
f 1336 1233 1333
f 1335 1233 1336
f 1326 1235 1234
f 1235 1326 1323
f 1240 1236 1337
f 1236 1238 1337
f 1306 1238 1237
f 1337 1238 1338
f 1338 1238 1306
f 1286 1239 1240
f 1240 1339 1340
f 1337 1339 1240
f 1340 1286 1240
f 1249 1341 1241
f 1341 1329 1241
f 1248 1342 1243
f 1243 1342 1244
f 1343 1244 1344
f 1244 1342 1344
f 1345 1245 1244
f 1343 1345 1244
f 1245 1345 1246
f 1346 1347 1246
f 1347 1247 1246
f 1246 1348 1346
f 1345 1348 1246
f 1247 1347 1251
f 1248 1255 1342
f 1249 1349 1341
f 1350 1349 1249
f 1249 1250 1350
f 1351 1250 1251
f 1350 1250 1351
f 1346 1251 1347
f 1352 1351 1251
f 1251 1346 1352
f 1254 1252 1253
f 1254 1253 1257
f 1353 1254 1354
f 1254 1257 1354
f 1353 1255 1254
f 1255 1353 1342
f 1259 1258 1256
f 1258 1355 1257
f 1355 1354 1257
f 1258 1259 1356
f 1356 1355 1258
f 1357 1356 1259
f 1259 1262 1357
f 1260 1358 1262
f 1264 1358 1260
f 1358 1357 1262
f 1263 1270 1264
f 1359 1360 1264
f 1264 1271 1359
f 1361 1264 1360
f 1271 1264 1270
f 1264 1361 1362
f 1362 1358 1264
f 1267 1266 1265
f 1268 1363 1267
f 1267 1363 1271
f 1364 1268 1269
f 1364 1363 1268
f 1280 1365 1269
f 1365 1364 1269
f 1271 1363 1366
f 1271 1366 1359
f 1272 1274 1281
f 1275 1367 1274
f 1281 1274 1368
f 1368 1274 1367
f 1367 1275 1369
f 1275 1284 1369
f 1370 1276 1277
f 1278 1276 1371
f 1370 1371 1276
f 1277 1372 1370
f 1373 1374 1277
f 1277 1281 1373
f 1277 1374 1372
f 1279 1278 1375
f 1371 1375 1278
f 1279 1376 1377
f 1377 1280 1279
f 1279 1375 1376
f 1280 1377 1378
f 1280 1378 1365
f 1373 1281 1368
f 1379 1282 1283
f 1282 1380 1381
f 1284 1282 1381
f 1282 1379 1380
f 1283 1298 1379
f 1284 1381 1382
f 1369 1284 1382
f 1288 1286 1340
f 1287 1288 1340
f 1287 1340 1383
f 1287 1384 1289
f 1383 1384 1287
f 1384 1385 1289
f 1291 1289 1385
f 1386 1290 1292
f 1294 1290 1386
f 1291 1385 1387
f 1291 1387 1388
f 1292 1291 1388
f 1292 1388 1386
f 1297 1293 1389
f 1294 1389 1293
f 1390 1389 1294
f 1391 1390 1294
f 1294 1386 1392
f 1391 1294 1392
f 1296 1295 1303
f 1390 1295 1389
f 1295 1390 1393
f 1295 1394 1303
f 1394 1295 1393
f 1295 1297 1389
f 1299 1395 1298
f 1379 1298 1396
f 1396 1298 1395
f 1299 1300 1397
f 1395 1299 1397
f 1398 1397 1300
f 1300 1301 1398
f 1302 1305 1301
f 1305 1399 1301
f 1399 1398 1301
f 1304 1303 1394
f 1400 1304 1401
f 1399 1305 1304
f 1394 1401 1304
f 1400 1399 1304
f 1306 1308 1338
f 1307 1310 1402
f 1402 1403 1307
f 1404 1309 1307
f 1404 1307 1403
f 1338 1308 1405
f 1308 1309 1405
f 1404 1406 1309
f 1407 1309 1406
f 1309 1407 1405
f 1402 1310 1408
f 1311 1408 1310
f 1312 1409 1311
f 1311 1409 1408
f 1313 1409 1312
f 1410 1411 1313
f 1313 1315 1410
f 1411 1409 1313
f 1321 1316 1314
f 1410 1315 1412
f 1413 1412 1315
f 1413 1315 1321
f 1316 1321 1315
f 1317 1414 1319
f 1414 1317 1322
f 1321 1318 1320
f 1415 1320 1319
f 1415 1319 1416
f 1319 1414 1416
f 1320 1417 1418
f 1320 1418 1321
f 1320 1415 1419
f 1320 1419 1420
f 1420 1417 1320
f 1321 1421 1413
f 1418 1421 1321
f 1334 1414 1322
f 1324 1331 1323
f 1324 1327 1331
f 1327 1324 1325
f 1327 1332 1331
f 1328 1330 1327
f 1422 1332 1327
f 1330 1422 1327
f 1330 1329 1423
f 1329 1424 1423
f 1425 1424 1329
f 1329 1341 1425
f 1423 1422 1330
f 1422 1333 1332
f 1333 1426 1427
f 1336 1333 1428
f 1426 1333 1422
f 1428 1333 1427
f 1429 1334 1430
f 1416 1414 1334
f 1334 1335 1430
f 1334 1429 1416
f 1335 1431 1432
f 1335 1433 1431
f 1434 1430 1335
f 1335 1336 1435
f 1435 1433 1335
f 1434 1335 1432
f 1428 1435 1336
f 1436 1337 1338
f 1436 1339 1337
f 1338 1405 1436
f 1383 1340 1339
f 1383 1339 1436
f 1341 1427 1425
f 1349 1427 1341
f 1342 1353 1344
f 1343 1344 1437
f 1438 1439 1343
f 1343 1439 1345
f 1437 1438 1343
f 1353 1440 1344
f 1437 1344 1440
f 1345 1439 1348
f 1346 1441 1352
f 1442 1441 1346
f 1348 1442 1346
f 1439 1442 1348
f 1427 1349 1443
f 1349 1350 1443
f 1443 1350 1351
f 1352 1443 1351
f 1352 1427 1443
f 1427 1352 1444
f 1444 1352 1441
f 1354 1440 1353
f 1445 1438 1354
f 1445 1354 1446
f 1355 1447 1354
f 1354 1447 1448
f 1354 1448 1446
f 1438 1437 1354
f 1437 1440 1354
f 1355 1356 1449
f 1450 1355 1451
f 1355 1450 1447
f 1355 1449 1451
f 1356 1452 1449
f 1452 1356 1357
f 1358 1362 1357
f 1357 1362 1361
f 1452 1357 1361
f 1453 1360 1359
f 1366 1454 1359
f 1359 1454 1453
f 1453 1455 1360
f 1360 1456 1361
f 1455 1456 1360
f 1361 1457 1451
f 1361 1451 1449
f 1449 1452 1361
f 1361 1458 1457
f 1361 1456 1458
f 1459 1366 1363
f 1459 1363 1364
f 1364 1365 1459
f 1459 1365 1378
f 1459 1454 1366
f 1460 1367 1382
f 1367 1461 1462
f 1367 1462 1368
f 1461 1367 1460
f 1367 1369 1382
f 1373 1368 1462
f 1463 1370 1372
f 1371 1370 1463
f 1463 1464 1371
f 1371 1464 1375
f 1374 1465 1372
f 1372 1465 1463
f 1374 1373 1466
f 1373 1462 1467
f 1466 1373 1467
f 1374 1468 1465
f 1466 1468 1374
f 1375 1464 1469
f 1375 1469 1376
f 1378 1377 1376
f 1470 1378 1376
f 1470 1376 1469
f 1459 1378 1454
f 1378 1470 1454
f 1380 1379 1471
f 1471 1379 1396
f 1382 1381 1380
f 1472 1382 1380
f 1472 1380 1471
f 1382 1472 1460
f 1473 1383 1436
f 1383 1473 1384
f 1385 1384 1473
f 1385 1474 1387
f 1475 1385 1473
f 1385 1475 1476
f 1474 1385 1477
f 1385 1476 1477
f 1392 1386 1477
f 1386 1388 1477
f 1388 1387 1474
f 1477 1388 1474
f 1390 1478 1393
f 1478 1390 1391
f 1479 1480 1391
f 1480 1481 1391
f 1391 1481 1478
f 1392 1479 1391
f 1479 1392 1482
f 1482 1392 1483
f 1392 1477 1483
f 1401 1394 1393
f 1393 1478 1401
f 1395 1397 1484
f 1396 1395 1485
f 1484 1485 1395
f 1486 1471 1396
f 1396 1485 1487
f 1487 1488 1396
f 1396 1488 1486
f 1484 1397 1398
f 1398 1399 1484
f 1489 1399 1400
f 1399 1489 1484
f 1400 1401 1490
f 1490 1489 1400
f 1491 1490 1401
f 1491 1401 1492
f 1401 1478 1493
f 1492 1401 1493
f 1402 1412 1494
f 1402 1410 1412
f 1408 1410 1402
f 1403 1402 1494
f 1403 1494 1495
f 1403 1495 1406
f 1403 1406 1404
f 1436 1405 1496
f 1405 1407 1496
f 1406 1497 1407
f 1498 1497 1406
f 1498 1406 1495
f 1499 1496 1407
f 1407 1497 1500
f 1499 1407 1500
f 1409 1411 1408
f 1411 1410 1408
f 1501 1494 1412
f 1413 1501 1412
f 1501 1413 1502
f 1421 1502 1413
f 1503 1419 1415
f 1416 1504 1415
f 1505 1415 1506
f 1415 1505 1503
f 1506 1415 1504
f 1504 1416 1429
f 1421 1418 1417
f 1417 1507 1508
f 1420 1507 1417
f 1417 1508 1421
f 1419 1509 1420
f 1419 1510 1509
f 1511 1510 1419
f 1503 1511 1419
f 1420 1512 1507
f 1509 1512 1420
f 1421 1508 1513
f 1513 1514 1421
f 1502 1421 1514
f 1423 1426 1422
f 1424 1426 1423
f 1425 1427 1424
f 1426 1424 1427
f 1427 1444 1515
f 1515 1428 1427
f 1428 1516 1435
f 1516 1428 1515
f 1429 1430 1517
f 1517 1504 1429
f 1430 1434 1517
f 1518 1432 1431
f 1519 1431 1433
f 1519 1520 1431
f 1520 1444 1431
f 1518 1431 1441
f 1441 1431 1444
f 1432 1521 1434
f 1522 1432 1523
f 1523 1432 1518
f 1521 1432 1522
f 1433 1516 1519
f 1435 1516 1433
f 1434 1524 1517
f 1434 1521 1524
f 1496 1499 1436
f 1436 1499 1525
f 1525 1473 1436
f 1445 1526 1438
f 1438 1526 1439
f 1439 1526 1442
f 1441 1442 1526
f 1526 1518 1441
f 1515 1444 1520
f 1446 1527 1445
f 1523 1445 1527
f 1445 1523 1526
f 1448 1527 1446
f 1447 1450 1528
f 1448 1447 1528
f 1448 1528 1527
f 1451 1529 1450
f 1528 1450 1529
f 1529 1451 1530
f 1531 1451 1532
f 1451 1533 1532
f 1533 1451 1457
f 1451 1531 1530
f 1453 1534 1455
f 1454 1535 1453
f 1453 1536 1534
f 1536 1453 1535
f 1537 1454 1538
f 1537 1535 1454
f 1454 1470 1538
f 1455 1539 1540
f 1455 1541 1539
f 1534 1541 1455
f 1456 1455 1540
f 1540 1458 1456
f 1457 1458 1533
f 1542 1543 1458
f 1458 1540 1542
f 1544 1533 1458
f 1543 1544 1458
f 1545 1546 1460
f 1460 1472 1545
f 1546 1461 1460
f 1547 1462 1461
f 1461 1546 1548
f 1547 1461 1548
f 1462 1547 1549
f 1462 1549 1550
f 1550 1467 1462
f 1463 1465 1551
f 1463 1551 1464
f 1552 1464 1551
f 1469 1464 1552
f 1553 1465 1468
f 1465 1553 1551
f 1466 1554 1468
f 1467 1554 1466
f 1554 1467 1550
f 1553 1468 1555
f 1468 1554 1555
f 1538 1469 1552
f 1470 1469 1538
f 1472 1471 1545
f 1545 1471 1556
f 1471 1486 1556
f 1473 1525 1557
f 1558 1559 1473
f 1473 1557 1558
f 1559 1475 1473
f 1475 1559 1560
f 1560 1561 1475
f 1475 1561 1476
f 1476 1562 1477
f 1476 1561 1563
f 1476 1563 1562
f 1477 1562 1564
f 1564 1565 1477
f 1483 1477 1565
f 1566 1478 1481
f 1493 1478 1566
f 1479 1567 1480
f 1482 1567 1479
f 1480 1567 1481
f 1481 1568 1566
f 1481 1567 1569
f 1481 1569 1568
f 1567 1482 1570
f 1482 1571 1570
f 1571 1482 1483
f 1572 1571 1483
f 1483 1573 1572
f 1565 1573 1483
f 1485 1484 1574
f 1575 1574 1484
f 1575 1484 1490
f 1490 1484 1489
f 1574 1576 1485
f 1577 1485 1576
f 1487 1485 1577
f 1488 1578 1486
f 1486 1578 1579
f 1486 1579 1556
f 1488 1487 1580
f 1577 1580 1487
f 1581 1488 1580
f 1488 1581 1578
f 1490 1491 1582
f 1582 1575 1490
f 1583 1491 1492
f 1491 1583 1582
f 1584 1492 1493
f 1583 1492 1585
f 1585 1492 1584
f 1566 1584 1493
f 1494 1501 1495
f 1495 1586 1498
f 1495 1501 1586
f 1498 1587 1497
f 1497 1587 1588
f 1500 1497 1588
f 1498 1586 1587
f 1500 1525 1499
f 1557 1525 1500
f 1588 1589 1500
f 1500 1589 1557
f 1502 1586 1501
f 1514 1586 1502
f 1503 1590 1511
f 1505 1591 1503
f 1591 1590 1503
f 1504 1592 1593
f 1506 1504 1593
f 1504 1594 1595
f 1504 1595 1596
f 1596 1592 1504
f 1504 1517 1594
f 1505 1506 1597
f 1598 1591 1505
f 1505 1597 1598
f 1597 1506 1593
f 1599 1508 1507
f 1512 1599 1507
f 1513 1508 1599
f 1509 1600 1512
f 1510 1600 1509
f 1558 1600 1510
f 1511 1558 1510
f 1590 1558 1511
f 1588 1599 1512
f 1512 1589 1588
f 1589 1512 1600
f 1601 1514 1513
f 1601 1513 1599
f 1586 1514 1587
f 1587 1514 1601
f 1516 1515 1520
f 1519 1516 1520
f 1602 1594 1517
f 1603 1517 1524
f 1602 1517 1603
f 1523 1518 1526
f 1604 1524 1521
f 1605 1604 1521
f 1605 1521 1522
f 1523 1530 1522
f 1605 1522 1606
f 1606 1522 1530
f 1527 1607 1523
f 1523 1607 1530
f 1603 1524 1608
f 1608 1524 1604
f 1528 1607 1527
f 1607 1528 1529
f 1530 1607 1529
f 1530 1531 1606
f 1609 1531 1532
f 1610 1611 1531
f 1612 1606 1531
f 1610 1531 1609
f 1612 1531 1611
f 1532 1533 1609
f 1533 1613 1609
f 1533 1614 1613
f 1544 1614 1533
f 1534 1615 1541
f 1536 1615 1534
f 1616 1617 1535
f 1535 1617 1618
f 1535 1618 1536
f 1619 1616 1535
f 1535 1537 1619
f 1620 1536 1618
f 1536 1620 1615
f 1538 1621 1537
f 1619 1537 1622
f 1621 1622 1537
f 1552 1621 1538
f 1539 1623 1540
f 1539 1624 1623
f 1541 1624 1539
f 1623 1625 1540
f 1540 1625 1542
f 1541 1626 1624
f 1615 1626 1541
f 1543 1542 1625
f 1625 1627 1543
f 1543 1627 1628
f 1544 1543 1628
f 1629 1614 1544
f 1544 1628 1629
f 1546 1545 1630
f 1556 1630 1545
f 1631 1548 1546
f 1631 1546 1630
f 1547 1632 1549
f 1632 1547 1548
f 1632 1548 1631
f 1633 1550 1549
f 1549 1619 1633
f 1549 1632 1616
f 1619 1549 1616
f 1554 1550 1622
f 1622 1550 1633
f 1553 1555 1551
f 1551 1555 1552
f 1552 1555 1621
f 1555 1554 1622
f 1555 1622 1621
f 1634 1635 1556
f 1630 1556 1635
f 1634 1556 1579
f 1589 1600 1557
f 1557 1600 1558
f 1559 1558 1590
f 1590 1560 1559
f 1591 1560 1590
f 1636 1560 1591
f 1561 1560 1636
f 1637 1561 1636
f 1563 1561 1637
f 1562 1563 1638
f 1564 1562 1638
f 1563 1637 1638
f 1564 1638 1639
f 1639 1565 1564
f 1565 1639 1640
f 1565 1641 1573
f 1565 1640 1641
f 1566 1568 1584
f 1642 1567 1570
f 1569 1567 1642
f 1568 1569 1643
f 1584 1568 1643
f 1569 1642 1643
f 1570 1571 1644
f 1570 1644 1645
f 1646 1570 1645
f 1642 1570 1646
f 1644 1571 1572
f 1572 1647 1644
f 1572 1648 1649
f 1573 1648 1572
f 1649 1647 1572
f 1573 1650 1648
f 1641 1651 1573
f 1573 1651 1650
f 1574 1652 1576
f 1652 1574 1653
f 1653 1574 1575
f 1653 1575 1582
f 1576 1654 1577
f 1576 1652 1655
f 1576 1655 1654
f 1577 1654 1580
f 1656 1578 1581
f 1579 1578 1656
f 1579 1656 1634
f 1580 1657 1581
f 1580 1654 1658
f 1580 1658 1657
f 1581 1657 1656
f 1653 1582 1659
f 1660 1659 1582
f 1582 1583 1660
f 1661 1660 1583
f 1662 1661 1583
f 1585 1662 1583
f 1585 1584 1643
f 1663 1585 1643
f 1585 1663 1664
f 1664 1662 1585
f 1588 1587 1599
f 1587 1601 1599
f 1636 1591 1637
f 1637 1591 1598
f 1592 1665 1593
f 1596 1666 1592
f 1666 1665 1592
f 1597 1593 1667
f 1665 1667 1593
f 1594 1668 1595
f 1594 1669 1668
f 1602 1670 1594
f 1670 1669 1594
f 1595 1671 1596
f 1595 1672 1671
f 1595 1668 1672
f 1673 1596 1671
f 1666 1596 1673
f 1597 1674 1598
f 1667 1674 1597
f 1637 1598 1675
f 1598 1674 1675
f 1676 1677 1602
f 1670 1602 1678
f 1677 1678 1602
f 1676 1602 1603
f 1603 1604 1679
f 1676 1603 1679
f 1603 1608 1604
f 1679 1604 1605
f 1680 1605 1606
f 1679 1605 1680
f 1606 1681 1680
f 1682 1681 1606
f 1612 1683 1606
f 1606 1683 1682
f 1609 1684 1610
f 1613 1685 1609
f 1685 1684 1609
f 1611 1610 1686
f 1610 1687 1686
f 1684 1687 1610
f 1612 1611 1688
f 1689 1611 1690
f 1686 1690 1611
f 1611 1689 1688
f 1683 1612 1691
f 1688 1691 1612
f 1614 1692 1613
f 1613 1692 1693
f 1613 1693 1685
f 1692 1614 1629
f 1615 1694 1626
f 1620 1694 1615
f 1616 1632 1617
f 1695 1617 1632
f 1618 1617 1695
f 1618 1695 1620
f 1622 1633 1619
f 1695 1694 1620
f 1623 1627 1625
f 1627 1623 1624
f 1626 1696 1624
f 1627 1624 1697
f 1697 1624 1696
f 1626 1698 1696
f 1694 1698 1626
f 1628 1627 1699
f 1699 1627 1697
f 1700 1629 1628
f 1628 1634 1657
f 1657 1700 1628
f 1699 1634 1628
f 1629 1700 1701
f 1629 1701 1692
f 1630 1698 1631
f 1696 1630 1635
f 1698 1630 1696
f 1698 1694 1631
f 1694 1695 1631
f 1632 1631 1695
f 1634 1699 1635
f 1634 1656 1657
f 1696 1635 1697
f 1635 1699 1697
f 1638 1637 1702
f 1702 1637 1675
f 1638 1703 1639
f 1702 1703 1638
f 1704 1639 1703
f 1640 1639 1704
f 1641 1640 1705
f 1640 1704 1705
f 1641 1706 1651
f 1705 1706 1641
f 1643 1642 1646
f 1663 1643 1649
f 1646 1649 1643
f 1644 1647 1645
f 1645 1647 1646
f 1649 1646 1647
f 1649 1648 1707
f 1648 1650 1708
f 1648 1708 1707
f 1707 1709 1649
f 1649 1709 1710
f 1710 1663 1649
f 1650 1651 1711
f 1712 1650 1711
f 1708 1650 1712
f 1713 1651 1706
f 1711 1651 1713
f 1655 1652 1714
f 1714 1652 1653
f 1653 1659 1714
f 1715 1654 1655
f 1658 1654 1715
f 1714 1716 1655
f 1655 1716 1715
f 1657 1658 1700
f 1700 1658 1701
f 1701 1658 1715
f 1659 1660 1717
f 1717 1716 1659
f 1714 1659 1716
f 1660 1661 1718
f 1719 1660 1718
f 1717 1660 1719
f 1720 1661 1662
f 1721 1661 1720
f 1718 1661 1721
f 1720 1662 1664
f 1710 1722 1663
f 1663 1723 1664
f 1663 1722 1724
f 1724 1723 1663
f 1664 1725 1720
f 1723 1726 1664
f 1725 1664 1727
f 1728 1664 1726
f 1727 1664 1728
f 1665 1703 1667
f 1704 1703 1665
f 1665 1666 1704
f 1704 1666 1673
f 1703 1674 1667
f 1668 1729 1672
f 1730 1729 1668
f 1669 1730 1668
f 1669 1731 1730
f 1732 1731 1669
f 1670 1732 1669
f 1732 1670 1678
f 1671 1733 1673
f 1671 1672 1733
f 1672 1713 1733
f 1729 1713 1672
f 1704 1673 1734
f 1673 1733 1734
f 1675 1674 1703
f 1702 1675 1703
f 1677 1676 1735
f 1679 1736 1676
f 1736 1735 1676
f 1677 1737 1678
f 1738 1737 1677
f 1735 1738 1677
f 1732 1678 1739
f 1737 1739 1678
f 1681 1682 1679
f 1679 1680 1681
f 1679 1682 1736
f 1683 1740 1682
f 1736 1682 1740
f 1691 1741 1683
f 1741 1740 1683
f 1685 1742 1684
f 1684 1742 1687
f 1693 1742 1685
f 1686 1743 1690
f 1687 1743 1686
f 1687 1744 1743
f 1742 1744 1687
f 1688 1745 1691
f 1688 1689 1745
f 1689 1690 1746
f 1746 1747 1689
f 1747 1748 1689
f 1689 1748 1745
f 1743 1719 1690
f 1690 1719 1749
f 1690 1749 1746
f 1691 1750 1751
f 1745 1750 1691
f 1741 1691 1751
f 1693 1692 1752
f 1752 1692 1753
f 1753 1692 1701
f 1693 1752 1742
f 1701 1715 1753
f 1734 1705 1704
f 1705 1734 1706
f 1733 1706 1734
f 1713 1706 1733
f 1707 1754 1709
f 1707 1708 1755
f 1756 1707 1755
f 1754 1707 1756
f 1731 1708 1712
f 1755 1708 1731
f 1709 1754 1757
f 1758 1709 1757
f 1710 1709 1758
f 1722 1710 1759
f 1760 1710 1758
f 1759 1710 1760
f 1729 1711 1713
f 1712 1711 1729
f 1730 1712 1729
f 1731 1712 1730
f 1715 1716 1753
f 1753 1716 1717
f 1743 1717 1719
f 1744 1717 1743
f 1752 1717 1744
f 1752 1753 1717
f 1718 1721 1719
f 1719 1721 1761
f 1719 1761 1749
f 1762 1720 1725
f 1721 1720 1762
f 1761 1721 1762
f 1763 1722 1759
f 1724 1722 1763
f 1724 1764 1723
f 1726 1723 1764
f 1765 1724 1763
f 1724 1765 1764
f 1725 1727 1762
f 1766 1726 1764
f 1728 1726 1766
f 1762 1727 1748
f 1748 1727 1750
f 1750 1727 1728
f 1751 1728 1766
f 1750 1728 1751
f 1732 1755 1731
f 1739 1756 1732
f 1756 1755 1732
f 1735 1760 1738
f 1767 1760 1735
f 1736 1767 1735
f 1768 1767 1736
f 1768 1736 1769
f 1736 1740 1769
f 1737 1757 1739
f 1758 1757 1737
f 1738 1758 1737
f 1760 1758 1738
f 1739 1754 1756
f 1757 1754 1739
f 1741 1769 1740
f 1741 1766 1769
f 1751 1766 1741
f 1744 1742 1752
f 1745 1748 1750
f 1749 1747 1746
f 1761 1747 1749
f 1761 1762 1747
f 1762 1748 1747
f 1767 1759 1760
f 1763 1759 1767
f 1768 1763 1767
f 1765 1763 1768
f 1765 1769 1764
f 1766 1764 1769
f 1769 1765 1768
