# Generated by Visualization Toolkit
v 0.00788899976760149 -0.3739059865474701 0.10084100067615509
v 0.00748499995097518 -0.37409499287605286 0.10114900022745132
v 0.00737799983471632 -0.3727250099182129 0.10053499788045883
v 0.007693000137805939 -0.37189701199531555 0.09983199834823608
v 0.007612000219523907 -0.3749760091304779 0.10170900076627731
v 0.008104000240564346 -0.37373799085617065 0.10070399940013885
v 0.008237999863922596 -0.37462401390075684 0.10128699988126755
v 0.0070500001311302185 -0.3730829954147339 0.1011039987206459
v 0.007331999950110912 -0.37450599670410156 0.1015160009264946
v 0.007294000126421452 -0.37404900789260864 0.1013059988617897
v 0.006790999788790941 -0.37246400117874146 0.10093700140714645
v 0.0078959995880723 -0.3714649975299835 0.09960400313138962
v 0.00709300022572279 -0.37177398800849915 0.10022400319576263
v 0.0076500000432133675 -0.3709709942340851 0.0995040014386177
v 0.007422000169754028 -0.37094199657440186 0.09955500066280365
v 0.007199000101536512 -0.37091198563575745 0.09962199628353119
v 0.007695999927818775 -0.3752500116825104 0.10200899839401245
v 0.0073910001665353775 -0.37498199939727783 0.10178899765014648
v 0.007915999740362167 -0.37521499395370483 0.10192299634218216
v 0.008581999689340591 -0.3749310076236725 0.10162699967622757
v 0.008670000359416008 -0.37421900033950806 0.1010110005736351
v 0.008310000412166119 -0.37330400943756104 0.10048499703407288
v 0.008581000380218029 -0.3733130097389221 0.10055500268936157
v 0.008497999981045723 -0.37465399503707886 0.10132600367069244
v 0.006659999955445528 -0.3729960024356842 0.10139399766921997
v 0.006949000060558319 -0.374765008687973 0.10190200060606003
v 0.0067369998432695866 -0.37438100576400757 0.10192099958658218
v 0.006167000159621239 -0.3724820017814636 0.1012910008430481
v 0.00817199982702732 -0.3714730143547058 0.09968400001525879
v 0.008174000307917595 -0.371506005525589 0.09969799965620041
v 0.007891000248491764 -0.3709949851036072 0.09948500245809555
v 0.005841000005602837 -0.3715519905090332 0.10086199641227722
v 0.006074999924749136 -0.37116900086402893 0.10037799924612045
v 0.0076500000432133675 -0.3708530068397522 0.09947700053453445
v 0.007903000339865685 -0.3705179989337921 0.09941399842500687
v 0.007646999787539244 -0.37049999833106995 0.09939099848270416
v 0.007170999888330698 -0.3704499900341034 0.09944099932909012
v 0.006717999931424856 -0.37039101123809814 0.09955500066280365
v 0.006943000014871359 -0.37042298913002014 0.09949199855327606
v 0.007031999994069338 -0.37526801228523254 0.10224899649620056
v 0.008085000328719616 -0.37545299530029297 0.10245999693870544
v 0.007864000275731087 -0.3755050003528595 0.10254999995231628
v 0.007114999927580357 -0.3754909932613373 0.10254000127315521
v 0.006955999881029129 -0.37488600611686707 0.10194599628448486
v 0.008221999742090702 -0.37529700994491577 0.10210499912500381
v 0.008444000035524368 -0.37521299719810486 0.10200800001621246
v 0.008666000328958035 -0.3750309944152832 0.10189100354909897
v 0.008803999982774258 -0.37473198771476746 0.10150700062513351
v 0.00887299980968237 -0.37422001361846924 0.10110300034284592
v 0.008867000229656696 -0.3746429979801178 0.10146600008010864
v 0.008898000232875347 -0.37377700209617615 0.10085000097751617
v 0.008527999743819237 -0.3723919987678528 0.1001959964632988
v 0.008403000421822071 -0.37193000316619873 0.09997700154781342
v 0.009157000109553337 -0.3733130097389221 0.10081499814987183
v 0.008923999965190887 -0.3728559911251068 0.1005299985408783
v 0.006510999985039234 -0.37376001477241516 0.10185100138187408
v 0.006020999979227781 -0.3728890120983124 0.10167700052261353
v 0.005468999966979027 -0.3741630017757416 0.1025179997086525
v 0.006750000175088644 -0.3748469948768616 0.10206100344657898
v 0.0065460000187158585 -0.3748070001602173 0.10218200087547302
v 0.005708000157028437 -0.3745799958705902 0.1025800034403801
v 0.005144000053405762 -0.3718140125274658 0.10177700221538544
v 0.008616000413894653 -0.370963990688324 0.09997700154781342
v 0.008187999948859215 -0.3709999918937683 0.09958899766206741
v 0.00817199982702732 -0.3710010051727295 0.09957999736070633
v 0.005189999938011169 -0.3709779977798462 0.10100799798965454
v 0.0056870002299547195 -0.3706730008125305 0.10022400319576263
v 0.0055229999125003815 -0.3708609938621521 0.10051099956035614
v 0.0064940000884234905 -0.3703620135784149 0.09961699694395065
v 0.006273000035434961 -0.37033000588417053 0.09968800097703934
v 0.00812199991196394 -0.37051698565483093 0.09951300173997879
v 0.007958999834954739 -0.3701229989528656 0.09949000179767609
v 0.007652000058442354 -0.3704549968242645 0.09939400106668472
v 0.007701000198721886 -0.37000399827957153 0.09943599998950958
v 0.007387999910861254 -0.36998599767684937 0.09939199686050415
v 0.006947000045329332 -0.36994698643684387 0.09939900040626526
v 0.00648299977183342 -0.36989399790763855 0.09948199987411499
v 0.006711999885737896 -0.3699209988117218 0.0994350016117096
v 0.006829000078141689 -0.37528499960899353 0.1023859977722168
v 0.006810000166296959 -0.37522199749946594 0.10231900215148926
v 0.00825399998575449 -0.37554100155830383 0.10296600311994553
v 0.008527999743819237 -0.3752639889717102 0.10226300358772278
v 0.008031999692320824 -0.3756130039691925 0.10305999964475632
v 0.006978000048547983 -0.3756130039691925 0.10288800299167633
v 0.007505000103265047 -0.375667005777359 0.10298500210046768
v 0.006672999821603298 -0.37546101212501526 0.10269100219011307
v 0.008972999639809132 -0.37485799193382263 0.10202000290155411
v 0.00904799997806549 -0.3746210038661957 0.101671002805233
v 0.008973999880254269 -0.3742159903049469 0.10116700083017349
v 0.00929499976336956 -0.3737579882144928 0.10113099962472916
v 0.009333999827504158 -0.3740209937095642 0.1014460027217865
v 0.009173999540507793 -0.3720279932022095 0.10054399818181992
v 0.00941300019621849 -0.37235400080680847 0.10080000013113022
v 0.008875000290572643 -0.3714280128479004 0.10025300085544586
v 0.009367000311613083 -0.37187400460243225 0.10071799904108047
v 0.009169000200927258 -0.37319400906562805 0.1007860004901886
v 0.009151999838650227 -0.3728500008583069 0.100662000477314
v 0.005024999845772982 -0.37315699458122253 0.10244499891996384
v 0.005317999981343746 -0.3745740056037903 0.10288800299167633
v 0.005080000031739473 -0.3740769922733307 0.10280899703502655
v 0.004972000140696764 -0.37360700964927673 0.10264299809932709
v 0.005508999805897474 -0.3746190071105957 0.10273099690675735
v 0.006200999952852726 -0.37517499923706055 0.10269899666309357
v 0.0065899998880922794 -0.3751240074634552 0.10237699747085571
v 0.006409999914467335 -0.37521299719810486 0.10259299725294113
v 0.005791000090539455 -0.3750559985637665 0.10292299836874008
v 0.004592999815940857 -0.3721430003643036 0.1024089977145195
v 0.004699999932199717 -0.3712790012359619 0.10181199759244919
v 0.008958999998867512 -0.3708530068397522 0.10038000345230103
v 0.008822999894618988 -0.3704240024089813 0.10033900290727615
v 0.004379999823868275 -0.370728999376297 0.10198699682950974
v 0.005057999864220619 -0.3700900077819824 0.10043299943208694
v 0.0043310001492500305 -0.3702380061149597 0.10194999724626541
v 0.004437999799847603 -0.36941298842430115 0.10114900022745132
v 0.0048409998416900635 -0.36958399415016174 0.10041099786758423
v 0.0054419999942183495 -0.37016600370407104 0.10012400150299072
v 0.006260000169277191 -0.36986199021339417 0.09954900294542313
v 0.006039999891072512 -0.36983001232147217 0.09962499886751175
v 0.008264999836683273 -0.37025201320648193 0.09968200325965881
v 0.007739999797195196 -0.3697969913482666 0.09950099885463715
v 0.008046000264585018 -0.3698030114173889 0.09966699779033661
v 0.007073999848216772 -0.3689480125904083 0.099542997777462
v 0.006773000117391348 -0.3693149983882904 0.0994739979505539
v 0.0061079999431967735 -0.3688560128211975 0.09960400313138962
v 0.006333000026643276 -0.3688870072364807 0.099542997777462
v 0.006643000058829784 -0.36793801188468933 0.09950999915599823
v 0.008921000175178051 -0.3750059902667999 0.10261700302362442
v 0.008782999590039253 -0.3752009868621826 0.10298100113868713
v 0.0078959995880723 -0.3756529986858368 0.10339000076055527
v 0.008883999660611153 -0.37497198581695557 0.10234999656677246
v 0.007453999947756529 -0.3757529854774475 0.10356900095939636
v 0.0070580001920461655 -0.3756600022315979 0.10312499850988388
v 0.006537000183016062 -0.3755429983139038 0.10303100198507309
v 0.006451999768614769 -0.37540000677108765 0.1027579978108406
v 0.009297999553382397 -0.3745099902153015 0.10238099843263626
v 0.009227000176906586 -0.374673992395401 0.10271400213241577
v 0.009279999881982803 -0.37446799874305725 0.10210400074720383
v 0.009375999681651592 -0.3741460144519806 0.10172999650239944
v 0.009554999880492687 -0.37369900941848755 0.10157400369644165
v 0.00952600035816431 -0.3732689917087555 0.10122200101613998
v 0.009581999853253365 -0.37279200553894043 0.10117100179195404
v 0.009885000064969063 -0.371753990650177 0.10160399973392487
v 0.009897000156342983 -0.3722290098667145 0.10169800370931625
v 0.009258000180125237 -0.37138399481773376 0.10065600275993347
v 0.009801000356674194 -0.3712669909000397 0.10153400152921677
v 0.004850999917834997 -0.37357500195503235 0.10275500267744064
v 0.00469700014218688 -0.3735150098800659 0.10301099717617035
v 0.0051299999468028545 -0.37442100048065186 0.10302799940109253
v 0.005570000037550926 -0.37490999698638916 0.10297200083732605
v 0.0054339999333024025 -0.37490400671958923 0.10329300165176392
v 0.004910000134259462 -0.373989999294281 0.10301800072193146
v 0.0063149998895823956 -0.3754799962043762 0.10309699922800064
v 0.005874000024050474 -0.37525999546051025 0.1032089963555336
v 0.005638999864459038 -0.37503600120544434 0.10319600254297256
v 0.004532999824732542 -0.371304988861084 0.1020520031452179
v 0.004476999863982201 -0.3725380003452301 0.10287699848413467
v 0.004358999896794558 -0.3720479905605316 0.10281500220298767
v 0.004230999853461981 -0.37109899520874023 0.10256800055503845
v 0.009045000188052654 -0.3706420063972473 0.10057900100946426
v 0.008297000080347061 -0.36997100710868835 0.09988699853420258
v 0.008081999607384205 -0.3692390024662018 0.10036099702119827
v 0.008605999872088432 -0.3699069917201996 0.10058499872684479
v 0.009038999676704407 -0.3703559935092926 0.10079699754714966
v 0.00891099963337183 -0.3701370060443878 0.10079800337553024
v 0.0040779998525977135 -0.3705359995365143 0.10287799686193466
v 0.0042039998807013035 -0.37016600370407104 0.10228600353002548
v 0.004182000178843737 -0.3697029948234558 0.10212100297212601
v 0.004050999879837036 -0.36889201402664185 0.10227599740028381
v 0.004056000150740147 -0.3686879873275757 0.10223200172185898
v 0.004540999885648489 -0.36898499727249146 0.1008479967713356
v 0.0042849997989833355 -0.368367999792099 0.10140399634838104
v 0.005028999876230955 -0.36915698647499084 0.10014499723911285
v 0.005853000096976757 -0.36931100487709045 0.09968800097703934
v 0.005245000123977661 -0.3687190115451813 0.09995199739933014
v 0.007362999953329563 -0.3689520061016083 0.09965699911117554
v 0.007911999709904194 -0.369361013174057 0.09989800304174423
v 0.006862000096589327 -0.36839500069618225 0.09952600300312042
v 0.007218000013381243 -0.36844301223754883 0.0996830016374588
v 0.006111999973654747 -0.36880698800086975 0.0996050015091896
v 0.005890000145882368 -0.36882099509239197 0.09968700259923935
v 0.006132999900728464 -0.36837300658226013 0.09956900030374527
v 0.0064409999176859856 -0.3669489920139313 0.09942600131034851
v 0.0067349998280406 -0.3665739893913269 0.09947100281715393
v 0.006802999880164862 -0.3669619858264923 0.09952600300312042
v 0.007172000128775835 -0.36743900179862976 0.09976699948310852
v 0.0070489998906850815 -0.36794400215148926 0.09964100271463394
v 0.008867999538779259 -0.3751150071620941 0.10320600122213364
v 0.007980999536812305 -0.37560901045799255 0.10362499952316284
v 0.007538000121712685 -0.3757359981536865 0.10380899906158447
v 0.007180999964475632 -0.37566399574279785 0.10419599711894989
v 0.007011000066995621 -0.37573400139808655 0.10372299700975418
v 0.006178999785333872 -0.3754499852657318 0.10341300070285797
v 0.009535999968647957 -0.37415599822998047 0.10277099907398224
v 0.009483999572694302 -0.3742170035839081 0.10334999859333038
v 0.009781000204384327 -0.3735229969024658 0.10261999815702438
v 0.009862000122666359 -0.3731220066547394 0.1021680012345314
v 0.009940999560058117 -0.3726600110530853 0.1020440012216568
v 0.010067000053822994 -0.37210598587989807 0.10243400186300278
v 0.010131999850273132 -0.3715440034866333 0.10284300148487091
v 0.009908000007271767 -0.3713639974594116 0.10179000347852707
v 0.009380999952554703 -0.3708299994468689 0.10104600340127945
v 0.009967000223696232 -0.371192991733551 0.10200800001621246
v 0.009755999781191349 -0.3707379996776581 0.10171499848365784
v 0.004858000203967094 -0.374224990606308 0.10363300144672394
v 0.0044999998062849045 -0.3733910024166107 0.1035889983177185
v 0.004993999842554331 -0.37437498569488525 0.1033409982919693
v 0.0057379999198019505 -0.3751800060272217 0.10351499915122986
v 0.005078000016510487 -0.37455999851226807 0.10362300276756287
v 0.004302999936044216 -0.3724150061607361 0.10345800220966339
v 0.004375999793410301 -0.37285199761390686 0.10379599779844284
v 0.00420599989593029 -0.37194401025772095 0.10339599847793579
v 0.004182000178843737 -0.3714999854564667 0.10303899645805359
v 0.00913000013679266 -0.37053701281547546 0.1008009985089302
v 0.008554999716579914 -0.3696739971637726 0.10110300034284592
v 0.008155000396072865 -0.3687579929828644 0.10105700045824051
v 0.007947999984025955 -0.3687419891357422 0.10057999938726425
v 0.007652999833226204 -0.36893099546432495 0.09990199655294418
v 0.008612999692559242 -0.3697719871997833 0.10110200196504593
v 0.008995999582111835 -0.3701440095901489 0.1010420024394989
v 0.0041809999383986 -0.37187498807907104 0.10366500169038773
v 0.004188999999314547 -0.3713349997997284 0.10392899811267853
v 0.003984999842941761 -0.36910200119018555 0.10261599719524384
v 0.003944000229239464 -0.36810100078582764 0.10269899666309357
v 0.003642000025138259 -0.36653798818588257 0.10303299874067307
v 0.0039029999170452356 -0.36720800399780273 0.1021919995546341
v 0.004153999965637922 -0.3678250014781952 0.10162399709224701
v 0.004639000166207552 -0.36807000637054443 0.10052700340747833
v 0.004718999844044447 -0.3657299876213074 0.09992200136184692
v 0.004734999965876341 -0.36761200428009033 0.10038600116968155
v 0.004182999953627586 -0.36691001057624817 0.10127200186252594
v 0.004397000186145306 -0.36561501026153564 0.10039900243282318
v 0.005669000092893839 -0.36886298656463623 0.09977500140666962
v 0.005890000145882368 -0.36882099509239197 0.09968700259923935
v 0.005673000123351812 -0.3687889873981476 0.09976799786090851
v 0.00509499991312623 -0.3678019940853119 0.10003499686717987
v 0.007271000184118748 -0.36792799830436707 0.09983199834823608
v 0.005890000145882368 -0.36882099509239197 0.09968700259923935
v 0.006250999867916107 -0.3669309914112091 0.09944300353527069
v 0.0057230000384151936 -0.3673500120639801 0.09959399700164795
v 0.006209000013768673 -0.3664509952068329 0.09935999661684036
v 0.006459000054746866 -0.36599698662757874 0.09926699846982956
v 0.0070500001311302185 -0.36646899580955505 0.09963999688625336
v 0.006754999980330467 -0.3655250072479248 0.09929800033569336
v 0.007348000071942806 -0.36741700768470764 0.09997300058603287
v 0.00890200026333332 -0.374891996383667 0.1039699986577034
v 0.00912499986588955 -0.37462300062179565 0.10383599996566772
v 0.007930000312626362 -0.3755050003528595 0.10416900366544724
v 0.00854399986565113 -0.3750559985637665 0.10440599918365479
v 0.007794000208377838 -0.37541601061820984 0.10447400063276291
v 0.006771000102162361 -0.3753710091114044 0.10455500334501266
v 0.006738999858498573 -0.37550801038742065 0.10432100296020508
v 0.007437000051140785 -0.37528300285339355 0.1048479974269867
v 0.00636299978941679 -0.37540799379348755 0.10416100174188614
v 0.006043999921530485 -0.3753570020198822 0.10371600091457367
v 0.009297000244259834 -0.3741140067577362 0.1042179986834526
v 0.009599000215530396 -0.3738189935684204 0.10359200090169907
v 0.009949999861419201 -0.3730370104312897 0.10266699641942978
v 0.009956000372767448 -0.3729400038719177 0.103192999958992
v 0.010029999539256096 -0.3724290132522583 0.10333500057458878
v 0.010084000416100025 -0.3719620108604431 0.10322000086307526
v 0.010073999874293804 -0.3710139989852905 0.10302799940109253
v 0.00977499969303608 -0.3705489933490753 0.10194399952888489
v 0.00930000003427267 -0.37042200565338135 0.10126499831676483
v 0.009909000247716904 -0.37066200375556946 0.10219299793243408
v 0.009944000281393528 -0.3706269860267639 0.10244700312614441
v 0.004970000125467777 -0.3743570148944855 0.10389400273561478
v 0.00472299987450242 -0.3739509880542755 0.10389800369739532
v 0.004455000162124634 -0.37328699231147766 0.10413099825382233
v 0.004503999836742878 -0.3734630048274994 0.10387600213289261
v 0.005504999775439501 -0.3749080002307892 0.10381600260734558
v 0.005993000231683254 -0.3751949965953827 0.1042490005493164
v 0.0053820000030100346 -0.3748050034046173 0.10383900254964828
v 0.004288000054657459 -0.37236401438713074 0.10372699797153473
v 0.004352999851107597 -0.3728100061416626 0.10401099920272827
v 0.004288000054657459 -0.37236401438713074 0.10372699797153473
v 0.004288000054657459 -0.37236401438713074 0.10372699797153473
v 0.009080000221729279 -0.37014201283454895 0.10128600150346756
v 0.008635000325739384 -0.3697260022163391 0.10135900229215622
v 0.008701999671757221 -0.3696869909763336 0.1016009971499443
v 0.008460000157356262 -0.36917901039123535 0.10158299654722214
v 0.008240999653935432 -0.36769598722457886 0.10190399736166
v 0.008348999544978142 -0.3686400055885315 0.10178600251674652
v 0.00795000046491623 -0.3672589957714081 0.10109599679708481
v 0.007524999789893627 -0.3684079945087433 0.10000599920749664
v 0.00863999966531992 -0.3697330057621002 0.10135900229215622
v 0.008860000409185886 -0.36993899941444397 0.10132300108671188
v 0.004265000112354755 -0.3716909885406494 0.10469300299882889
v 0.004280999768525362 -0.372314989566803 0.1039929986000061
v 0.004031000193208456 -0.369484007358551 0.10322699695825577
v 0.004021999891847372 -0.3688639998435974 0.10392399877309799
v 0.00381799996830523 -0.36743301153182983 0.10342799872159958
v 0.0036299999337643385 -0.36596500873565674 0.10346700251102448
v 0.0036039999686181545 -0.3659130036830902 0.10319200158119202
v 0.0036539998836815357 -0.36625000834465027 0.10269500315189362
v 0.0040350002236664295 -0.3668389916419983 0.10158500075340271
v 0.0037479999009519815 -0.3662259876728058 0.10210900008678436
v 0.005183999892324209 -0.3667770028114319 0.0997920036315918
v 0.004358000122010708 -0.36515799164772034 0.1001880019903183
v 0.004474000073969364 -0.36472898721694946 0.09989800304174423
v 0.005051000043749809 -0.364423006772995 0.09916099905967712
v 0.0036879999097436666 -0.3652839958667755 0.10186299681663513
v 0.0036830001045018435 -0.36484500765800476 0.10157400369644165
v 0.0062049999833106995 -0.3664509952068329 0.09936100244522095
v 0.0054779998026788235 -0.3649680018424988 0.09907600283622742
v 0.006194000132381916 -0.36551299691200256 0.09910999983549118
v 0.0064500002190470695 -0.36505699157714844 0.09903000295162201
v 0.007104000076651573 -0.3655019998550415 0.09958100318908691
v 0.007569999899715185 -0.36542800068855286 0.10019099712371826
v 0.006969999987632036 -0.3650420010089874 0.09934599697589874
v 0.007706999778747559 -0.3663739860057831 0.10045299679040909
v 0.008630000054836273 -0.3748829960823059 0.10461399704217911
v 0.009073999710381031 -0.3744420111179352 0.10436400026082993
v 0.008186000399291515 -0.37510600686073303 0.10481800138950348
v 0.006688999943435192 -0.3752110004425049 0.10482499748468399
v 0.006382999941706657 -0.3752020001411438 0.10465899854898453
v 0.006639000028371811 -0.3748379945755005 0.10531499981880188
v 0.006333000026643276 -0.37485501170158386 0.10515400022268295
v 0.007031000219285488 -0.37458598613739014 0.1056710034608841
v 0.00813599955290556 -0.3747139871120453 0.10530299693346024
v 0.009736999869346619 -0.37328800559043884 0.10387100279331207
v 0.009196000173687935 -0.37357500195503235 0.10523899644613266
v 0.009519999846816063 -0.3737120032310486 0.1040550023317337
v 0.009872999973595142 -0.3722839951515198 0.1040399968624115
v 0.009948999620974064 -0.3707990050315857 0.1041250005364418
v 0.009964000433683395 -0.3712269961833954 0.10448099672794342
v 0.009868999943137169 -0.3717319965362549 0.10461899638175964
v 0.009944000281393528 -0.37049099802970886 0.10313200205564499
v 0.00992599967867136 -0.3705340027809143 0.10380399972200394
v 0.009964999742805958 -0.3705730140209198 0.10270199924707413
v 0.00993799977004528 -0.370620995759964 0.10242900252342224
v 0.009724999777972698 -0.3702160120010376 0.10244099795818329
v 0.009940999560058117 -0.37061798572540283 0.10244599729776382
v 0.005113000050187111 -0.374222993850708 0.10436300188302994
v 0.0045889997854828835 -0.3735620081424713 0.10413999855518341
v 0.004480999894440174 -0.37324100732803345 0.10438700020313263
v 0.00434499979019165 -0.37279701232910156 0.10407000035047531
v 0.006018000189214945 -0.37473899126052856 0.10496799647808075
v 0.0058929999358952045 -0.3744499981403351 0.10522700101137161
v 0.009504999965429306 -0.36995500326156616 0.10246600210666656
v 0.00880999956279993 -0.3696739971637726 0.1018339991569519
v 0.008791999891400337 -0.3696509897708893 0.10183600336313248
v 0.008880999870598316 -0.36961498856544495 0.10206999629735947
v 0.008413000032305717 -0.3686000108718872 0.1020279973745346
v 0.008322999812662601 -0.3680799901485443 0.10222800076007843
v 0.00828699953854084 -0.3675859868526459 0.10213900357484818
v 0.007898000068962574 -0.3658309876918793 0.10082100331783295
v 0.004321000073105097 -0.3724769949913025 0.10456100106239319
v 0.004410000052303076 -0.37213701009750366 0.10500700026750565
v 0.004430999979376793 -0.37161800265312195 0.1051660031080246
v 0.0043669999577105045 -0.36971399188041687 0.10479799658060074
v 0.00419900007545948 -0.36948999762535095 0.10426300019025803
v 0.0043310001492500305 -0.372747004032135 0.10433799773454666
v 0.004358000122010708 -0.3681440055370331 0.10530000180006027
v 0.0038189999759197235 -0.36636701226234436 0.10403099656105042
v 0.003794000018388033 -0.3648439943790436 0.10427399724721909
v 0.004050000105053186 -0.36573201417922974 0.10491299629211426
v 0.003421999979764223 -0.3646109998226166 0.10271500051021576
v 0.003396000014618039 -0.36360999941825867 0.10279799997806549
v 0.00342700001783669 -0.3641969859600067 0.10230100154876709
v 0.004015000071376562 -0.36271899938583374 0.09992200136184692
v 0.004492000211030245 -0.3628869950771332 0.09923899918794632
v 0.0037670000456273556 -0.3642899990081787 0.10115599632263184
v 0.0037930000107735395 -0.36353600025177 0.10071799904108047
v 0.004867999814450741 -0.36298999190330505 0.0988520011305809
v 0.003406000090762973 -0.36375901103019714 0.10199800133705139
v 0.005932000000029802 -0.36502599716186523 0.09896499663591385
v 0.005663999821990728 -0.36454200744628906 0.09880100190639496
v 0.005419999826699495 -0.3640480041503906 0.09870699793100357
v 0.0052269999869167805 -0.3640030026435852 0.09885600209236145
v 0.006178000010550022 -0.36504700779914856 0.09896200150251389
v 0.006953000091016293 -0.36456701159477234 0.09925399720668793
v 0.006428999826312065 -0.3645870089530945 0.09889700263738632
v 0.006434999871999025 -0.3641180098056793 0.0987820029258728
v 0.007493999786674976 -0.36497101187705994 0.09996599704027176
v 0.0076339999213814735 -0.3649429976940155 0.10018400102853775
v 0.007583000231534243 -0.36494898796081543 0.10012300312519073
v 0.00849399995058775 -0.37480300664901733 0.10491999983787537
v 0.008751999586820602 -0.37404200434684753 0.10549300163984299
v 0.006256000138819218 -0.37410399317741394 0.10584799945354462
v 0.006692999973893166 -0.3740679919719696 0.10623300075531006
v 0.007422999944537878 -0.3743869960308075 0.10603799670934677
v 0.007965999655425549 -0.37419599294662476 0.10612799972295761
v 0.00773000018671155 -0.3742609918117523 0.10617700219154358
v 0.008282000198960304 -0.3743149936199188 0.1056319996714592
v 0.009734000079333782 -0.3732829988002777 0.10389100015163422
v 0.008825999684631824 -0.3738560080528259 0.1057019978761673
v 0.009541000239551067 -0.37310901284217834 0.10474500060081482
v 0.009282000362873077 -0.37336599826812744 0.1054380014538765
v 0.009781000204384327 -0.37232300639152527 0.1044979989528656
v 0.009976999834179878 -0.3707540035247803 0.10437899827957153
v 0.009913000278174877 -0.37031999230384827 0.10403899848461151
v 0.01018300000578165 -0.37021300196647644 0.10474199801683426
v 0.009955000132322311 -0.3713890016078949 0.10479199886322021
v 0.010173999704420567 -0.37068501114845276 0.10484299808740616
v 0.00964299961924553 -0.37272700667381287 0.10490400344133377
v 0.00991700030863285 -0.371643990278244 0.10485800355672836
v 0.009843000210821629 -0.37018901109695435 0.1034889966249466
v 0.009651999920606613 -0.3700540065765381 0.10270799696445465
v 0.00484299985691905 -0.37349098920822144 0.10485699772834778
v 0.005843000020831823 -0.3738960027694702 0.1056789979338646
v 0.0045380000956356525 -0.37320399284362793 0.10463300347328186
v 0.0045369998551905155 -0.37320101261138916 0.10463300347328186
v 0.00937000010162592 -0.369718998670578 0.10273899883031845
v 0.008894000202417374 -0.3696320056915283 0.10206899791955948
v 0.008964999578893185 -0.3695780038833618 0.10230699926614761
v 0.008491000160574913 -0.3685489892959595 0.10281199961900711
v 0.008729999884963036 -0.36896198987960815 0.10287600010633469
v 0.008449999615550041 -0.36845898628234863 0.10280799865722656
v 0.008341999724507332 -0.36796900629997253 0.10274600237607956
v 0.008344000205397606 -0.36654800176620483 0.10245300084352493
v 0.00817199982702732 -0.36572301387786865 0.10152299702167511
v 0.007772999815642834 -0.3649129867553711 0.10040300339460373
v 0.00443299999460578 -0.3726640045642853 0.10483299940824509
v 0.00457700015977025 -0.37219300866127014 0.10523200035095215
v 0.0046629998832941055 -0.37196001410484314 0.10542800277471542
v 0.0048329997807741165 -0.37176400423049927 0.10587500035762787
v 0.004788000136613846 -0.3714730143547058 0.10610499978065491
v 0.00455900002270937 -0.3710640072822571 0.10555499792098999
v 0.004484999924898148 -0.3701060116291046 0.10538399964570999
v 0.004490000195801258 -0.36884599924087524 0.1056710034608841
v 0.0044479998759925365 -0.3667159974575043 0.10579600185155869
v 0.0036979999858886003 -0.36241400241851807 0.10408200323581696
v 0.0039809998124837875 -0.36490100622177124 0.10476700216531754
v 0.004561999812722206 -0.3660680055618286 0.1059809997677803
v 0.004683000035583973 -0.3646000027656555 0.10600099712610245
v 0.004269999917596579 -0.36370500922203064 0.10533100366592407
v 0.0033829999156296253 -0.3632819950580597 0.10190799832344055
v 0.0033569999504834414 -0.3631319999694824 0.10270799696445465
v 0.0038580000400543213 -0.3608019948005676 0.09958399832248688
v 0.003829000052064657 -0.36196500062942505 0.10010799765586853
v 0.003593999892473221 -0.3625119924545288 0.10085199773311615
v 0.004095000214874744 -0.36136600375175476 0.09930600225925446
v 0.004805999808013439 -0.36204099655151367 0.09864000231027603
v 0.0034799999557435513 -0.3628840148448944 0.10144700109958649
v 0.005404000170528889 -0.36358198523521423 0.09855800122022629
v 0.006155000068247318 -0.3645839989185333 0.09879299998283386
v 0.005903000012040138 -0.36456599831581116 0.09877999871969223
v 0.005632000043988228 -0.3640829920768738 0.09860800206661224
v 0.0075969998724758625 -0.3635160028934479 0.09990400075912476
v 0.00747800013050437 -0.36449599266052246 0.09987399727106094
v 0.007187000010162592 -0.3635750114917755 0.09939400106668472
v 0.006134999915957451 -0.3641209900379181 0.09863399714231491
v 0.006244000047445297 -0.3631899952888489 0.0984020009636879
v 0.006444999948143959 -0.36313700675964355 0.09859299659729004
v 0.00761099997907877 -0.36446499824523926 0.10009399801492691
v 0.00761099997907877 -0.36446499824523926 0.10009399801492691
v 0.00761099997907877 -0.36446499824523926 0.10009399801492691
v 0.0077669997699558735 -0.3644390106201172 0.10030700266361237
v 0.005710000172257423 -0.37347298860549927 0.10591299831867218
v 0.006539999973028898 -0.3739829957485199 0.10627000033855438
v 0.006930999923497438 -0.37397098541259766 0.10667599737644196
v 0.007015999872237444 -0.3739440143108368 0.10691399872303009
v 0.0075079998932778835 -0.3742560148239136 0.10625500231981277
v 0.007899999618530273 -0.37407800555229187 0.10662700235843658
v 0.008564000017940998 -0.37397798895835876 0.1063690036535263
v 0.00817199982702732 -0.3741939961910248 0.106004998087883
v 0.007594000082463026 -0.3741469979286194 0.10647600144147873
v 0.009007999673485756 -0.37366899847984314 0.10614699870347977
v 0.009674999862909317 -0.3727859854698181 0.10572700202465057
v 0.010053999722003937 -0.37024399638175964 0.1045209988951683
v 0.009877000004053116 -0.3699829876422882 0.10425599664449692
v 0.009728999808430672 -0.3698579967021942 0.10380099713802338
v 0.009944000281393528 -0.36975398659706116 0.1044590026140213
v 0.010185999795794487 -0.3691680133342743 0.10507400333881378
v 0.010751999914646149 -0.3700999915599823 0.10561200231313705
v 0.01043500006198883 -0.3703649938106537 0.10523200035095215
v 0.010437999852001667 -0.3700529932975769 0.1051660031080246
v 0.010123999789357185 -0.3714140057563782 0.10528499633073807
v 0.009813999757170677 -0.37247899174690247 0.10561399906873703
v 0.010091000236570835 -0.3719959855079651 0.10569000244140625
v 0.005319000221788883 -0.37339699268341064 0.10548999905586243
v 0.004623999819159508 -0.3731200098991394 0.10485800355672836
v 0.00965800043195486 -0.36941200494766235 0.10421700030565262
v 0.00926900003105402 -0.36921998858451843 0.1037679985165596
v 0.00874400045722723 -0.36876198649406433 0.10358799993991852
v 0.008440000005066395 -0.3684079945087433 0.10307499766349792
v 0.008356000296771526 -0.36810898780822754 0.10304400324821472
v 0.008326999843120575 -0.3679180145263672 0.1030149981379509
v 0.008340000174939632 -0.36744698882102966 0.10291299968957901
v 0.008377999998629093 -0.3665049970149994 0.10270600020885468
v 0.00840499997138977 -0.36556199193000793 0.1025020033121109
v 0.00854399986565113 -0.36456501483917236 0.10279499739408493
v 0.00850600004196167 -0.36368098855018616 0.10207899659872055
v 0.008472999557852745 -0.3627780079841614 0.10163100063800812
v 0.005355000030249357 -0.3726769983768463 0.10615000128746033
v 0.004784000106155872 -0.37131398916244507 0.10634800046682358
v 0.005044000223278999 -0.37193599343299866 0.10638300329446793
v 0.004672999959439039 -0.3708850145339966 0.10657300055027008
v 0.004683000035583973 -0.36945000290870667 0.10636100172996521
v 0.004945000167936087 -0.3664659857749939 0.10666199773550034
v 0.004784000106155872 -0.36601799726486206 0.1063539981842041
v 0.003478999948129058 -0.36202898621559143 0.1034030020236969
v 0.0043020001612603664 -0.3632200062274933 0.10531499981880188
v 0.003498000092804432 -0.3605380058288574 0.10349400341510773
v 0.004898000042885542 -0.3636170029640198 0.10609299689531326
v 0.0033019999973475933 -0.3622330129146576 0.10222399979829788
v 0.003372000064700842 -0.36161500215530396 0.10293799638748169
v 0.0032730000093579292 -0.3612250089645386 0.10234499722719193
v 0.004261000081896782 -0.36094900965690613 0.0989760011434555
v 0.00356599991209805 -0.3615570068359375 0.10068599879741669
v 0.0034229999873787165 -0.36101800203323364 0.1008789986371994
v 0.0035639998968690634 -0.36018800735473633 0.1001100018620491
v 0.0036200000904500484 -0.3595989942550659 0.09969499707221985
v 0.004404999781399965 -0.3591249883174896 0.09827399998903275
v 0.003318999893963337 -0.3613789975643158 0.1015390008687973
v 0.005384000018239021 -0.3626460134983063 0.09829200059175491
v 0.004970000125467777 -0.3606790006160736 0.09809699654579163
v 0.003298999974504113 -0.3617999851703644 0.10190699994564056
v 0.005597999785095453 -0.36315399408340454 0.09830299764871597
v 0.0058650001883506775 -0.36410900950431824 0.09857100248336792
v 0.005836999975144863 -0.36317700147628784 0.09828100353479385
v 0.00760400015860796 -0.36399099230766296 0.09999900311231613
v 0.007747000083327293 -0.3625420033931732 0.0999239981174469
v 0.00812199991196394 -0.3624489903450012 0.10059300065040588
v 0.007633000146597624 -0.36398300528526306 0.10005199909210205
v 0.007213999982923269 -0.3621479868888855 0.09915400296449661
v 0.006391000002622604 -0.3627209961414337 0.09834399819374084
v 0.007096999790519476 -0.36217001080513 0.09898299723863602
v 0.006837000139057636 -0.3628830015659332 0.09894900023937225
v 0.006111000198870897 -0.36365899443626404 0.09846200048923492
v 0.006318000145256519 -0.36272600293159485 0.09827999770641327
v 0.006099999882280827 -0.36319100856781006 0.09832700341939926
v 0.005963999778032303 -0.3733319938182831 0.10661599785089493
v 0.006490000057965517 -0.37370800971984863 0.10677900165319443
v 0.007100999820977449 -0.37393200397491455 0.10715500265359879
v 0.007627999875694513 -0.37404000759124756 0.1072629988193512
v 0.008290999568998814 -0.37401100993156433 0.10702099651098251
v 0.008597999811172485 -0.37394800782203674 0.10717300325632095
v 0.007184999994933605 -0.3739129900932312 0.1073950007557869
v 0.009347000159323215 -0.37359198927879333 0.10710600018501282
v 0.009898999705910683 -0.37283599376678467 0.10638000071048737
v 0.009743999689817429 -0.3693319857120514 0.1044439971446991
v 0.01052400004118681 -0.36956900358200073 0.10531000047922134
v 0.010107000358402729 -0.368584007024765 0.10553000122308731
v 0.01056199986487627 -0.36866798996925354 0.10593300312757492
v 0.009999999776482582 -0.36887601017951965 0.1050809994339943
v 0.010696000419557095 -0.36917799711227417 0.10571599751710892
v 0.010518000461161137 -0.3708359897136688 0.10557299852371216
v 0.010944999754428864 -0.3695560097694397 0.10597900301218033
v 0.011231999844312668 -0.36992499232292175 0.10677400231361389
v 0.010765999555587769 -0.3709990084171295 0.10606600344181061
v 0.011146999895572662 -0.3704349994659424 0.10663499683141708
v 0.010377000086009502 -0.37181898951530457 0.10610000044107437
v 0.01063700020313263 -0.37145501375198364 0.1062059998512268
v 0.010312999598681927 -0.37235501408576965 0.10650599747896194
v 0.010068999603390694 -0.3723759949207306 0.10604999959468842
v 0.010453999973833561 -0.37190601229667664 0.10633999854326248
v 0.008914000354707241 -0.3687100112438202 0.10406400263309479
v 0.0085249999538064 -0.36841198801994324 0.10359399765729904
v 0.008440000005066395 -0.3683930039405823 0.10334599763154984
v 0.00841899961233139 -0.368367999792099 0.10328099876642227
v 0.008403999730944633 -0.3678309917449951 0.10351700335741043
v 0.008423999883234501 -0.36835700273513794 0.10334499925374985
v 0.008363000117242336 -0.36675000190734863 0.10276199877262115
v 0.00843099970370531 -0.3664639890193939 0.1029520034790039
v 0.00865199975669384 -0.3658750057220459 0.1035740002989769
v 0.008515999652445316 -0.3650059998035431 0.10289599746465683
v 0.008702999912202358 -0.3639880120754242 0.10316800326108932
v 0.008643999695777893 -0.36312898993492126 0.10246399790048599
v 0.00863100029528141 -0.36223000288009644 0.10200999677181244
v 0.008510000072419643 -0.3613620102405548 0.10132700204849243
v 0.0053889998234808445 -0.3725210130214691 0.10692799836397171
v 0.005828999914228916 -0.3731420040130615 0.10689900070428848
v 0.0050559998489916325 -0.37190699577331543 0.10654699802398682
v 0.004803000018000603 -0.37137898802757263 0.10662800073623657
v 0.004726999904960394 -0.37079599499702454 0.10708300024271011
v 0.005024000070989132 -0.3697449862957001 0.10758300125598907
v 0.004908000119030476 -0.36930400133132935 0.10725899785757065
v 0.0050490000285208225 -0.36785298585891724 0.107184998691082
v 0.005073999986052513 -0.3655030131340027 0.10661199688911438
v 0.004476999863982201 -0.3622319996356964 0.10541100054979324
v 0.0038769999518990517 -0.3609130084514618 0.10429999977350235
v 0.003367000026628375 -0.36113300919532776 0.10288099944591522
v 0.003421999979764223 -0.3601039946079254 0.10315699875354767
v 0.0034600000362843275 -0.3591119945049286 0.10321400314569473
v 0.00535999983549118 -0.364533007144928 0.1066650003194809
v 0.0054339999333024025 -0.3640570044517517 0.10661199688911438
v 0.00572599982842803 -0.3624350130558014 0.1063769981265068
v 0.005413999781012535 -0.36217600107192993 0.1061370000243187
v 0.005098000168800354 -0.362185001373291 0.10594700276851654
v 0.006047999951988459 -0.3635759949684143 0.10683900117874146
v 0.0033030000049620867 -0.3617610037326813 0.10211999714374542
v 0.0032649999484419823 -0.36127200722694397 0.10208400338888168
v 0.003254000097513199 -0.36084699630737305 0.1017260029911995
v 0.0031689999159425497 -0.35936298966407776 0.1017260029911995
v 0.0031950001139193773 -0.35906699299812317 0.10192900151014328
v 0.0032820000778883696 -0.3590629994869232 0.10074999928474426
v 0.003206999972462654 -0.3571470081806183 0.10043399780988693
v 0.003601999953389168 -0.3592950105667114 0.09963899850845337
v 0.005518000107258558 -0.3594079911708832 0.09724599868059158
v 0.0038399999029934406 -0.35800701379776 0.09874100238084793
v 0.004362999927252531 -0.35772499442100525 0.09784200042486191
v 0.004749999847263098 -0.35875800251960754 0.09775300323963165
v 0.005574999842792749 -0.3622179925441742 0.09803199768066406
v 0.005355999805033207 -0.3617120087146759 0.09800499677658081
v 0.005752999801188707 -0.360850989818573 0.09752900153398514
v 0.005733999889343977 -0.36038699746131897 0.09736999869346619
v 0.0032840000931173563 -0.36129599809646606 0.10196500271558762
v 0.0058200000785291195 -0.36271199584007263 0.098130002617836
v 0.007627999875694513 -0.3610270023345947 0.09938099980354309
v 0.008310999721288681 -0.3605329990386963 0.1004050001502037
v 0.007340000011026859 -0.36078399419784546 0.09861099720001221
v 0.0064650001004338264 -0.36227500438690186 0.09813400357961655
v 0.0067010000348091125 -0.3626840114593506 0.09868299961090088
v 0.0068270000629127026 -0.36222800612449646 0.09854400157928467
v 0.007063999772071838 -0.3616729974746704 0.0986189991235733
v 0.006326000206172466 -0.36227500438690186 0.0980599969625473
v 0.0061690001748502254 -0.3733519911766052 0.10721000283956528
v 0.007253000047057867 -0.3738659918308258 0.10757800191640854
v 0.007577000185847282 -0.37385401129722595 0.1077909991145134
v 0.008236999623477459 -0.3739989995956421 0.10731200128793716
v 0.007883000187575817 -0.37384799122810364 0.10795500129461288
v 0.008546000346541405 -0.37392300367355347 0.10773400217294693
v 0.009158999659121037 -0.3737559914588928 0.10802900046110153
v 0.009403999894857407 -0.37359699606895447 0.10735999792814255
v 0.009432000108063221 -0.3735809922218323 0.10734699666500092
v 0.010099000297486782 -0.3729490041732788 0.10697899758815765
v 0.009739000350236893 -0.3734239935874939 0.10747899860143661
v 0.01042800024151802 -0.37269899249076843 0.10735800117254257
v 0.010812999680638313 -0.36844301223754883 0.10661900043487549
v 0.009851000271737576 -0.36860498785972595 0.1053059995174408
v 0.009731999598443508 -0.3681490123271942 0.10557500272989273
v 0.010511999949812889 -0.3681730031967163 0.10639700293540955
v 0.010951000265777111 -0.3689279854297638 0.10639599710702896
v 0.011238000355660915 -0.3694019913673401 0.10693900287151337
v 0.011181999929249287 -0.37086400389671326 0.10698600113391876
v 0.01133199967443943 -0.36983999609947205 0.10726899653673172
v 0.01093900017440319 -0.371535986661911 0.1069369986653328
v 0.010545000433921814 -0.3720510005950928 0.10663499683141708
v 0.010758000425994396 -0.37222400307655334 0.10741700232028961
v 0.008694999851286411 -0.3683309853076935 0.10406400263309479
v 0.008779999800026417 -0.3682279884815216 0.10428699851036072
v 0.008558000437915325 -0.36827901005744934 0.10382799804210663
v 0.009084999561309814 -0.3684679865837097 0.10450100153684616
v 0.008484000340104103 -0.36831599473953247 0.1035889983177185
v 0.008484000340104103 -0.367794007062912 0.10375499725341797
v 0.008820000104606152 -0.3648050129413605 0.10411600023508072
v 0.008775000460445881 -0.36721599102020264 0.10435400158166885
v 0.008582999929785728 -0.3677600026130676 0.10398700088262558
v 0.008875000290572643 -0.3652369976043701 0.10446000099182129
v 0.008860999718308449 -0.36428800225257874 0.10426899790763855
v 0.008836999535560608 -0.3629609942436218 0.1034569963812828
v 0.008717999793589115 -0.363427996635437 0.10304799675941467
v 0.008736999705433846 -0.36304599046707153 0.10296200215816498
v 0.008781000040471554 -0.3625290095806122 0.10311400145292282
v 0.008797000162303448 -0.3616330027580261 0.1026500016450882
v 0.008693000301718712 -0.3603439927101135 0.10159999877214432
v 0.005727999843657017 -0.37264400720596313 0.10792800039052963
v 0.005338999908417463 -0.3722729980945587 0.10744199901819229
v 0.006082999985665083 -0.37317198514938354 0.107635997235775
v 0.004858000203967094 -0.3712660074234009 0.10726399719715118
v 0.005117999855428934 -0.3717010021209717 0.10767800360918045
v 0.004807999823242426 -0.3707579970359802 0.10732100158929825
v 0.004991999827325344 -0.36879199743270874 0.10739800333976746
v 0.005121999885886908 -0.3711790144443512 0.10784299671649933
v 0.005394000094383955 -0.37017300724983215 0.10808700323104858
v 0.005355999805033207 -0.3682740032672882 0.10770999640226364
v 0.0055160000920295715 -0.36685800552368164 0.107464998960495
v 0.005439000204205513 -0.364998996257782 0.10683699697256088
v 0.004635999910533428 -0.36031100153923035 0.10523299872875214
v 0.004087999928742647 -0.35895898938179016 0.10432799905538559
v 0.0033650000113993883 -0.35867300629615784 0.10288400202989578
v 0.003976999782025814 -0.35850900411605835 0.10405299812555313
v 0.003967999946326017 -0.358040988445282 0.103923000395298
v 0.003971000202000141 -0.3575670123100281 0.10382600128650665
v 0.0037879999727010727 -0.35711801052093506 0.10350900143384933
v 0.005923999939113855 -0.3640440106391907 0.10691100358963013
v 0.005733000114560127 -0.36169400811195374 0.10623300075531006
v 0.006027999799698591 -0.36216598749160767 0.1064710021018982
v 0.005113999824970961 -0.360289990901947 0.10557299852371216
v 0.006101000122725964 -0.3656890094280243 0.10745999962091446
v 0.006281000096350908 -0.36404600739479065 0.10705800354480743
v 0.006331999786198139 -0.36358100175857544 0.10694099962711334
v 0.006384000182151794 -0.3631129860877991 0.10682900249958038
v 0.0031820000149309635 -0.3583790063858032 0.1017410010099411
v 0.0032130000181496143 -0.35780200362205505 0.10221099853515625
v 0.0031320000998675823 -0.357463002204895 0.10134799778461456
v 0.0032550001051276922 -0.35625699162483215 0.09995999932289124
v 0.0031689999159425497 -0.35614898800849915 0.10049600154161453
v 0.0035689999349415302 -0.3564879894256592 0.09885799884796143
v 0.006399000063538551 -0.35953599214553833 0.09695100039243698
v 0.005950000137090683 -0.3604219853878021 0.09728199988603592
v 0.006144999992102385 -0.3585749864578247 0.09671899676322937
v 0.005326000042259693 -0.35903000831604004 0.09732499718666077
v 0.0038689998909831047 -0.3575569987297058 0.09852900356054306
v 0.004701000172644854 -0.3582789897918701 0.09766799956560135
v 0.0047109997831285 -0.35688498616218567 0.09722600132226944
v 0.005142000038176775 -0.357915997505188 0.09716200083494186
v 0.005776999983936548 -0.36178499460220337 0.0978040024638176
v 0.005994000006467104 -0.3613469898700714 0.09761299937963486
v 0.005975000094622374 -0.3608820140361786 0.09745900332927704
v 0.007437000051140785 -0.360275000333786 0.09874600172042847
v 0.007546999957412481 -0.36007800698280334 0.09893999993801117
v 0.008648999966681004 -0.3599129915237427 0.10125300288200378
v 0.00824700016528368 -0.3596250116825104 0.09996700286865234
v 0.007922999560832977 -0.3587769865989685 0.09908600151538849
v 0.007646000012755394 -0.35930898785591125 0.09874700009822845
v 0.007236000150442123 -0.3608669936656952 0.09811799973249435
v 0.007294000126421452 -0.36082199215888977 0.09837699681520462
v 0.006670000031590462 -0.36222800612449646 0.09832599759101868
v 0.006587000098079443 -0.3619160056114197 0.09801699966192245
v 0.006291000172495842 -0.3618229925632477 0.09782999753952026
v 0.006831999868154526 -0.3618049919605255 0.09818100184202194
v 0.0062790000811219215 -0.3618229925632477 0.09782599657773972
v 0.007356000132858753 -0.37379899621009827 0.10785900056362152
v 0.008359000086784363 -0.3736580014228821 0.10856799781322479
v 0.007304999977350235 -0.37360599637031555 0.10838499665260315
v 0.008801000192761421 -0.37370699644088745 0.1084199994802475
v 0.008580000139772892 -0.3736959993839264 0.10849600285291672
v 0.009243999607861042 -0.37366101145744324 0.10825300216674805
v 0.009379999712109566 -0.37368398904800415 0.10793499648571014
v 0.009510999545454979 -0.3735649883747101 0.10757099837064743
v 0.009602000005543232 -0.37353599071502686 0.10782500356435776
v 0.009909000247716904 -0.37332698702812195 0.10794699937105179
v 0.010216999799013138 -0.3729740083217621 0.10803800076246262
v 0.010661999695003033 -0.3724699914455414 0.10777600109577179
v 0.011119999922811985 -0.36899301409721375 0.10689699649810791
v 0.010852999985218048 -0.3679890036582947 0.1073329970240593
v 0.010986999608576298 -0.36844301223754883 0.10710500180721283
v 0.011005000211298466 -0.36832401156425476 0.1073480024933815
v 0.009560000151395798 -0.3684479892253876 0.1051499992609024
v 0.0092550003901124 -0.3682200014591217 0.10493700206279755
v 0.008918000385165215 -0.3676609992980957 0.1046689972281456
v 0.010463000275194645 -0.36778199672698975 0.1068819984793663
v 0.009597999975085258 -0.36757999658584595 0.1057789996266365
v 0.009902000427246094 -0.36788201332092285 0.10600700229406357
v 0.011285999789834023 -0.3696869909763336 0.10807599872350693
v 0.011125000193715096 -0.36878299713134766 0.10757700353860855
v 0.011177999898791313 -0.3691979944705963 0.10801400244235992
v 0.011109000071883202 -0.3713360130786896 0.10738299787044525
v 0.01128000020980835 -0.3706830143928528 0.10800900310277939
v 0.011277000419795513 -0.3701600134372711 0.10817699879407883
v 0.011056000366806984 -0.3715919852256775 0.10800199955701828
v 0.008659999817609787 -0.3682439923286438 0.10405900329351425
v 0.008844999596476555 -0.36476001143455505 0.10437200218439102
v 0.009128999896347523 -0.3665980100631714 0.1051969975233078
v 0.009007000364363194 -0.3661560118198395 0.10487499833106995
v 0.00890399981290102 -0.3651919960975647 0.10471399873495102
v 0.008860999718308449 -0.36427199840545654 0.1043580025434494
v 0.008871999569237232 -0.36282700300216675 0.10478699952363968
v 0.008901000022888184 -0.36315101385116577 0.10511700063943863
v 0.008957999758422375 -0.3640570044517517 0.10555700212717056
v 0.008822999894618988 -0.3622719943523407 0.10452000051736832
v 0.008853999897837639 -0.36187100410461426 0.1040479987859726
v 0.008805000223219395 -0.36091500520706177 0.1038689985871315
v 0.008809000253677368 -0.35969001054763794 0.10251999646425247
v 0.008843000046908855 -0.36007100343704224 0.10313399881124496
v 0.008809000253677368 -0.35931500792503357 0.10189499706029892
v 0.008715000003576279 -0.3593989908695221 0.10139700025320053
v 0.008702999912202358 -0.3597069978713989 0.10146500170230865
v 0.006167999934405088 -0.37313899397850037 0.10787300020456314
v 0.006252999883145094 -0.3730759918689728 0.10810399800539017
v 0.005437999963760376 -0.3721739947795868 0.10793499648571014
v 0.005898999981582165 -0.37244200706481934 0.10837399959564209
v 0.0053610000759363174 -0.37220999598503113 0.10769599676132202
v 0.004987999796867371 -0.3712089955806732 0.10762599855661392
v 0.005224999971687794 -0.3716680109500885 0.1079069972038269
v 0.005386000033468008 -0.37164199352264404 0.10811799764633179
v 0.005661000031977892 -0.3706369996070862 0.10836099833250046
v 0.006136999931186438 -0.3692060112953186 0.10834299772977829
v 0.005890000145882368 -0.36777999997138977 0.10796499997377396
v 0.005946999881416559 -0.3701559901237488 0.10843399912118912
v 0.005630999803543091 -0.36731600761413574 0.10768900066614151
v 0.005805000197142363 -0.3659150004386902 0.10737399756908417
v 0.004898000042885542 -0.3593539893627167 0.10521599650382996
v 0.004724999889731407 -0.35795700550079346 0.10471600294113159
v 0.003959000110626221 -0.3570939898490906 0.10371699929237366
v 0.004133999813348055 -0.3565959930419922 0.10382600128650665
v 0.003967999946326017 -0.3568649888038635 0.10366600006818771
v 0.004745000042021275 -0.3574869930744171 0.10460499674081802
v 0.004372000228613615 -0.35704898834228516 0.10414999723434448
v 0.0034489999525249004 -0.3557940125465393 0.10253500193357468
v 0.003963999915868044 -0.3566249907016754 0.1035970002412796
v 0.006033000070601702 -0.36169201135635376 0.10638000071048737
v 0.006035999860614538 -0.36121898889541626 0.10628300160169601
v 0.006324999965727329 -0.36216500401496887 0.10661099851131439
v 0.006874999962747097 -0.3636009991168976 0.10707899928092957
v 0.006045000161975622 -0.36121898889541626 0.10628599673509598
v 0.006405999884009361 -0.3658289909362793 0.10765399783849716
v 0.0033599999733269215 -0.3553580045700073 0.10220299661159515
v 0.0031139999628067017 -0.35509198904037476 0.10086599737405777
v 0.003441999899223447 -0.3554820120334625 0.09891200065612793
v 0.003120000008493662 -0.3551909923553467 0.10033699870109558
v 0.004346000030636787 -0.3567889928817749 0.09758699685335159
v 0.004131999798119068 -0.3562510013580322 0.09772799909114838
v 0.003984000068157911 -0.3547999858856201 0.09753400087356567
v 0.003558000084012747 -0.35507500171661377 0.09851499646902084
v 0.006308000069111586 -0.3604539930820465 0.0972680002450943
v 0.006473000161349773 -0.36092400550842285 0.09746599942445755
v 0.00648100022226572 -0.3600049912929535 0.09711399674415588
v 0.0068789999932050705 -0.3579829931259155 0.09655600041151047
v 0.006359000224620104 -0.3571920096874237 0.09631499648094177
v 0.005030000116676092 -0.3569529950618744 0.0970039963722229
v 0.005921999923884869 -0.3575989902019501 0.0965770035982132
v 0.00508899986743927 -0.35650500655174255 0.09679999947547913
v 0.006459000054746866 -0.36137399077415466 0.09767799824476242
v 0.0074720000848174095 -0.35980600118637085 0.09863699972629547
v 0.008053000085055828 -0.3587470054626465 0.09930799901485443
v 0.008320000022649765 -0.35821399092674255 0.09965100139379501
v 0.007826000452041626 -0.35833799839019775 0.09875699877738953
v 0.007942999713122845 -0.3583090007305145 0.09897200018167496
v 0.007984999567270279 -0.3578389883041382 0.09887100011110306
v 0.00762300007045269 -0.35793399810791016 0.09819799661636353
v 0.007402999792248011 -0.3599430024623871 0.09786800295114517
v 0.0072189997881650925 -0.3604390025138855 0.09776200354099274
v 0.006785999983549118 -0.36047399044036865 0.09737599641084671
v 0.006643999833613634 -0.3730910122394562 0.10851500183343887
v 0.008445000275969505 -0.3734929859638214 0.1087770015001297
v 0.008224000222980976 -0.37345999479293823 0.10884899646043777
v 0.007476000115275383 -0.3733769953250885 0.10882499814033508
v 0.007168999873101711 -0.3733780086040497 0.10866100341081619
v 0.008887000381946564 -0.3735339939594269 0.10862799733877182
v 0.008666000328958035 -0.3735170066356659 0.10870300233364105
v 0.00919399969279766 -0.3732739984989166 0.10873900353908539
v 0.009550999850034714 -0.37341299653053284 0.108365997672081
v 0.00977300014346838 -0.37333598732948303 0.10827100276947021
v 0.01016599964350462 -0.37279999256134033 0.10856799781322479
v 0.010474000126123428 -0.3724119961261749 0.1086530014872551
v 0.01052400004118681 -0.37258100509643555 0.10812100023031235
v 0.010610000230371952 -0.372406005859375 0.10832899808883667
v 0.01107100024819374 -0.3685449957847595 0.10736999660730362
v 0.010718000121414661 -0.3676869869232178 0.10759299993515015
v 0.010936999693512917 -0.3680729866027832 0.10759399831295013
v 0.011021999642252922 -0.3682760000228882 0.10760600119829178
v 0.010243000462651253 -0.3675140142440796 0.106905996799469
v 0.009680000133812428 -0.36747899651527405 0.10600300133228302
v 0.00916299968957901 -0.36601799726486206 0.10561300069093704
v 0.009631999768316746 -0.3669010102748871 0.10644199699163437
v 0.009852999821305275 -0.3673030138015747 0.10645300149917603
v 0.011251999996602535 -0.3701449930667877 0.10824400186538696
v 0.011099999770522118 -0.3694629967212677 0.10837099701166153
v 0.011137999594211578 -0.3700909912586212 0.10848599672317505
v 0.01104000024497509 -0.36870500445365906 0.1079619973897934
v 0.01091300044208765 -0.36909300088882446 0.1084659993648529
v 0.011160999536514282 -0.37112998962402344 0.10820099711418152
v 0.011230000294744968 -0.3706269860267639 0.10828900337219238
v 0.011230000294744968 -0.3706269860267639 0.10828900337219238
v 0.011017000302672386 -0.3715919852256775 0.10829000174999237
v 0.008995000272989273 -0.36563700437545776 0.10504700243473053
v 0.008927999995648861 -0.3644610047340393 0.10602299869060516
v 0.008821000345051289 -0.3627279996871948 0.10533200204372406
v 0.008899999782443047 -0.36400100588798523 0.10583999752998352
v 0.008899999782443047 -0.36400100588798523 0.10583999752998352
v 0.008876999840140343 -0.36353799700737 0.10566999763250351
v 0.008337000384926796 -0.3606890141963959 0.10563399642705917
v 0.008440000005066395 -0.3601450026035309 0.10521099716424942
v 0.008479000069200993 -0.3594079911708832 0.10504499822854996
v 0.008763999678194523 -0.3599120080471039 0.10395199805498123
v 0.008808000013232231 -0.3595440089702606 0.10331200063228607
v 0.008839000016450882 -0.35927000641822815 0.10214900225400925
v 0.00885200034826994 -0.35874998569488525 0.10231100022792816
v 0.008848999626934528 -0.3586510121822357 0.10283900052309036
v 0.008824000135064125 -0.3590629994869232 0.10238499939441681
v 0.008879000321030617 -0.3572840094566345 0.10227300226688385
v 0.00887299980968237 -0.35695600509643555 0.10138600319623947
v 0.008767000399529934 -0.359358012676239 0.10164500027894974
v 0.008786999620497227 -0.3584139943122864 0.10144300013780594
v 0.00872000027447939 -0.359391987323761 0.10144300013780594
v 0.008785000070929527 -0.35889101028442383 0.10151900351047516
v 0.005679000169038773 -0.371986985206604 0.1083580031991005
v 0.006730000022798777 -0.37295401096343994 0.1087300032377243
v 0.006541000213474035 -0.3725929856300354 0.10882200300693512
v 0.006010000128298998 -0.3720940053462982 0.10861600190401077
v 0.0057680001482367516 -0.3714370131492615 0.10848800092935562
v 0.00595899997279048 -0.37110498547554016 0.10862500220537186
v 0.006283000111579895 -0.3706290125846863 0.10868500173091888
v 0.006165999919176102 -0.3677760064601898 0.10810799896717072
v 0.006444000173360109 -0.36825498938560486 0.10830000042915344
v 0.006912999786436558 -0.36997199058532715 0.10859999805688858
v 0.0064570000395178795 -0.36683401465415955 0.10802099853754044
v 0.006442000158131123 -0.3663659989833832 0.1078760027885437
v 0.00698099983856082 -0.36591699719429016 0.10789600014686584
v 0.006058000028133392 -0.36074700951576233 0.10618499666452408
v 0.00572599982842803 -0.3588620126247406 0.10558699816465378
v 0.005510999821126461 -0.3583970069885254 0.10534899681806564
v 0.0036800000816583633 -0.35572999715805054 0.10298699885606766
v 0.005107999779284 -0.3555940091609955 0.10436800122261047
v 0.004889000207185745 -0.35466399788856506 0.10397999733686447
v 0.004209000151604414 -0.35471200942993164 0.1034109964966774
v 0.005365000106394291 -0.35630500316619873 0.10469599813222885
v 0.006000999826937914 -0.35745400190353394 0.10535100102424622
v 0.005671000108122826 -0.35631099343299866 0.10486199706792831
v 0.0038960000965744257 -0.3543719947338104 0.10290499776601791
v 0.0037320000119507313 -0.35384300351142883 0.10258100181818008
v 0.006874999962747097 -0.36218300461769104 0.10676400363445282
v 0.006612000055611134 -0.3612250089645386 0.10651099681854248
v 0.006668000016361475 -0.36545300483703613 0.10760799795389175
v 0.007098999805748463 -0.365013986825943 0.10751300305128098
v 0.007137000095099211 -0.36408698558807373 0.1072240024805069
v 0.007608000189065933 -0.3634290099143982 0.10700500011444092
v 0.007841000333428383 -0.36274799704551697 0.10680899769067764
v 0.007366999983787537 -0.3626979887485504 0.10686299949884415
v 0.0032740000169724226 -0.3549189865589142 0.10187000036239624
v 0.0036090000066906214 -0.3534010052680969 0.10226000100374222
v 0.003134000115096569 -0.3542940020561218 0.09987299889326096
v 0.0030509999487549067 -0.3523389995098114 0.09977400302886963
v 0.003218000056222081 -0.35448798537254333 0.10152699798345566
v 0.0031389999203383923 -0.35310301184654236 0.1009960025548935
v 0.0034149999264627695 -0.3545370101928711 0.09869799762964249
v 0.0045090001076459885 -0.35590100288391113 0.09714200347661972
v 0.004494000226259232 -0.35496199131011963 0.09689299762248993
v 0.003470000112429261 -0.35411500930786133 0.0983470007777214
v 0.003998999949544668 -0.35433799028396606 0.09738200157880783
v 0.006971000228077173 -0.3600179851055145 0.0972680002450943
v 0.006897999905049801 -0.35863301157951355 0.09675200283527374
v 0.007015999872237444 -0.3595600128173828 0.0971049964427948
v 0.0072639998979866505 -0.35817500948905945 0.096731998026371
v 0.007135000079870224 -0.3577120006084442 0.09651699662208557
v 0.00684100016951561 -0.3572399914264679 0.09628000110387802
v 0.00634999992325902 -0.35672399401664734 0.09618499875068665
v 0.005683999974280596 -0.3556840121746063 0.09618599712848663
v 0.0050570000894367695 -0.3546290099620819 0.09629099816083908
v 0.007511000148952007 -0.35938701033592224 0.09826300293207169
v 0.008457999676465988 -0.3572379946708679 0.0996749997138977
v 0.00877700001001358 -0.35842201113700867 0.10139200091362
v 0.007907000370323658 -0.3578509986400604 0.0987669974565506
v 0.007650999817997217 -0.3574639856815338 0.0980909988284111
v 0.007577000185847282 -0.3579759895801544 0.09794899821281433
v 0.007431000005453825 -0.3598249852657318 0.09783399850130081
v 0.007317000068724155 -0.3599799871444702 0.097632996737957
v 0.007178999949246645 -0.36000901460647583 0.09741400182247162
v 0.00808900035917759 -0.3731380105018616 0.10910499840974808
v 0.009145000018179417 -0.3727090060710907 0.10918799787759781
v 0.007646999787539244 -0.37292900681495667 0.1092199981212616
v 0.007340999785810709 -0.372994989156723 0.10906899720430374
v 0.00963599979877472 -0.37321099638938904 0.10856799781322479
v 0.010029999539256096 -0.372640997171402 0.10885799676179886
v 0.00980599969625473 -0.3728879988193512 0.1087149977684021
v 0.010338000021874905 -0.3722519874572754 0.10894200205802917
v 0.010781999677419662 -0.3718169927597046 0.10869400203227997
v 0.010711999610066414 -0.3677099943161011 0.10787399858236313
v 0.010582000017166138 -0.36751699447631836 0.10788100212812424
v 0.01049800030887127 -0.3674199879169464 0.10761699825525284
v 0.010989000089466572 -0.3682419955730438 0.10777900367975235
v 0.010192999616265297 -0.36721301078796387 0.10740900039672852
v 0.009410000406205654 -0.3663960099220276 0.1064089983701706
v 0.0092569999396801 -0.36594700813293457 0.106113001704216
v 0.009972999803721905 -0.36695200204849243 0.1074339970946312
v 0.009430999867618084 -0.366347998380661 0.10668200254440308
v 0.009752999991178513 -0.36673200130462646 0.10746700316667557
v 0.010742000304162502 -0.3694489896297455 0.1087689995765686
v 0.011230000294744968 -0.3706269860267639 0.10828900337219238
v 0.010750999674201012 -0.36997899413108826 0.10891100019216537
v 0.011096999980509281 -0.3705579936504364 0.10859700292348862
v 0.010857000015676022 -0.3681719899177551 0.10809999704360962
v 0.01052400004118681 -0.3690449893474579 0.10876400023698807
v 0.010273000225424767 -0.3680419921875 0.10853800177574158
v 0.010750999674201012 -0.3681409955024719 0.10822299867868423
v 0.011130000464618206 -0.3710860013961792 0.1084199994802475
v 0.008980999700725079 -0.36476999521255493 0.10624299943447113
v 0.008918000385165215 -0.36442801356315613 0.10619500279426575
v 0.008899999782443047 -0.36400100588798523 0.10583999752998352
v 0.00837399996817112 -0.3614569902420044 0.10605199635028839
v 0.008415999822318554 -0.36180099844932556 0.10610800236463547
v 0.008767000399529934 -0.3632259964942932 0.10600200295448303
v 0.008867000229656696 -0.363521009683609 0.10575299710035324
v 0.008209999650716782 -0.3604370057582855 0.106174997985363
v 0.00825399998575449 -0.36093398928642273 0.10616599768400192
v 0.008348999544978142 -0.3595600128173828 0.1056710034608841
v 0.008274000138044357 -0.3599820137023926 0.10601100325584412
v 0.00843099970370531 -0.35881200432777405 0.10548800230026245
v 0.008617999963462353 -0.35891300439834595 0.10462000221014023
v 0.008822999894618988 -0.35861799120903015 0.10300000011920929
v 0.008844999596476555 -0.3587369918823242 0.10237500071525574
v 0.008755999617278576 -0.3570699989795685 0.10336899757385254
v 0.008906000293791294 -0.3568130135536194 0.10216700285673141
v 0.008867000229656696 -0.3567110002040863 0.10270799696445465
v 0.008876999840140343 -0.3565320074558258 0.10102400183677673
v 0.008960999548435211 -0.35592401027679443 0.10169000178575516
v 0.008929000236093998 -0.3563930094242096 0.10179799795150757
v 0.008887999691069126 -0.3564260005950928 0.10127200186252594
v 0.008921000175178051 -0.35601499676704407 0.10117600113153458
v 0.006901000160723925 -0.3724139928817749 0.10910599678754807
v 0.006955000106245279 -0.3720700144767761 0.10918200016021729
v 0.006087000016123056 -0.37158799171447754 0.10872700065374374
v 0.006982000079005957 -0.37158501148223877 0.10915300250053406
v 0.007009999826550484 -0.3674969971179962 0.10832999646663666
v 0.007435999810695648 -0.3702259957790375 0.10872899740934372
v 0.008201000280678272 -0.370278000831604 0.10879600048065186
v 0.008715000003576279 -0.36983999609947205 0.10874400287866592
v 0.00723899994045496 -0.36830198764801025 0.10841300338506699
v 0.007296000141650438 -0.3668529987335205 0.10829400271177292
v 0.007013999857008457 -0.3666360080242157 0.10815100371837616
v 0.007021000143140554 -0.36731699109077454 0.10831999778747559
v 0.007282000035047531 -0.3663859963417053 0.10815200209617615
v 0.007209000177681446 -0.3654730021953583 0.10773900151252747
v 0.007443999871611595 -0.36077600717544556 0.10665799677371979
v 0.007172000128775835 -0.3602930009365082 0.1064860001206398
v 0.007275000214576721 -0.35935500264167786 0.10628599673509598
v 0.006891999859362841 -0.35934099555015564 0.10618600249290466
v 0.006876000203192234 -0.35887300968170166 0.10605499893426895
v 0.006312000099569559 -0.35839200019836426 0.10573700070381165
v 0.005936000030487776 -0.3532319962978363 0.10422699898481369
v 0.004980999976396561 -0.3527899980545044 0.10352800041437149
v 0.004476000089198351 -0.35375499725341797 0.10339300334453583
v 0.004304000176489353 -0.3542430102825165 0.10333599895238876
v 0.006271000020205975 -0.35651999711990356 0.10520599782466888
v 0.006225000135600567 -0.35745498538017273 0.10544800013303757
v 0.006279999855905771 -0.3569900095462799 0.10533300042152405
v 0.004116999916732311 -0.35238000750541687 0.10268999636173248
v 0.0071390001103281975 -0.36172500252723694 0.10670600086450577
v 0.007670000195503235 -0.36505600810050964 0.10754399746656418
v 0.0073830001056194305 -0.36430200934410095 0.10726500302553177
v 0.00808900035917759 -0.3637140095233917 0.10701800137758255
v 0.008063999935984612 -0.36230701208114624 0.10663700103759766
v 0.007385000120848417 -0.36174601316452026 0.10670500248670578
v 0.003965999931097031 -0.3514600098133087 0.10228099673986435
v 0.003379999892786145 -0.3525170087814331 0.10161200165748596
v 0.003208999987691641 -0.3539310097694397 0.09922400116920471
v 0.00318100000731647 -0.35203099250793457 0.09884300082921982
v 0.003060000017285347 -0.35207399725914 0.09999100118875504
v 0.003056999994441867 -0.35100099444389343 0.09903399646282196
v 0.0032059999648481607 -0.35164299607276917 0.10094600170850754
v 0.004852999933063984 -0.3541159927845001 0.09630999714136124
v 0.0032560001127421856 -0.3530380129814148 0.09874899685382843
v 0.0035210000351071358 -0.3536730110645294 0.09809800237417221
v 0.003659999929368496 -0.35326701402664185 0.09769599884748459
v 0.003973000217229128 -0.3529140055179596 0.09708599746227264
v 0.007437000051140785 -0.35862401127815247 0.09703700244426727
v 0.0072119999676942825 -0.3590959906578064 0.09704399853944778
v 0.007261999882757664 -0.3596000075340271 0.09730000048875809
v 0.007410000078380108 -0.3573009967803955 0.09650000184774399
v 0.007493000011891127 -0.3581579923629761 0.09692899882793427
v 0.007569999899715185 -0.35859501361846924 0.09725700318813324
v 0.007083999924361706 -0.3567889928817749 0.09616599977016449
v 0.007104000076651573 -0.3571310043334961 0.09629999846220016
v 0.006653000134974718 -0.3562900125980377 0.09601400047540665
v 0.005874999798834324 -0.3552579879760742 0.0959239974617958
v 0.005667999852448702 -0.35427600145339966 0.09582400321960449
v 0.007583000231534243 -0.3589720129966736 0.09787800163030624
v 0.00762900011613965 -0.3585050106048584 0.09776599705219269
v 0.007540000136941671 -0.3594900071620941 0.0977260023355484
v 0.0083600003272295 -0.35679900646209717 0.09934499859809875
v 0.008555999957025051 -0.35625600814819336 0.09971199929714203
v 0.007664999924600124 -0.3569909930229187 0.09798900038003922
v 0.00760400015860796 -0.3575049936771393 0.0978429988026619
v 0.007643999997526407 -0.35803401470184326 0.0976639986038208
v 0.0076049999333918095 -0.35750898718833923 0.09782499819993973
v 0.007457999978214502 -0.35952600836753845 0.09748899936676025
v 0.008704000152647495 -0.3725380003452301 0.10931000113487244
v 0.008209999650716782 -0.372637003660202 0.10934200137853622
v 0.007954999804496765 -0.3727079927921295 0.10933800041675568
v 0.009246000088751316 -0.3722259998321533 0.10937199741601944
v 0.00945299956947565 -0.3723829984664917 0.10928499698638916
v 0.007455999962985516 -0.37257999181747437 0.10930699855089188
v 0.007734000217169523 -0.3724989891052246 0.10937400162220001
v 0.010204999707639217 -0.37185001373291016 0.10918500274419785
v 0.009982000105082989 -0.37188801169395447 0.10926800221204758
v 0.009689999744296074 -0.3722899854183197 0.10922999680042267
v 0.010425000451505184 -0.3717939853668213 0.10909099876880646
v 0.01090100035071373 -0.3709869980812073 0.10885100066661835
v 0.010622000321745872 -0.36767300963401794 0.10803200304508209
v 0.010142999701201916 -0.36715200543403625 0.1079690009355545
v 0.010440999642014503 -0.3676240146160126 0.10821299999952316
v 0.010152000002563 -0.367154985666275 0.10796000063419342
v 0.010057000443339348 -0.36699000000953674 0.10768599808216095
v 0.009072000160813332 -0.3653489947319031 0.10660400241613388
v 0.009146000258624554 -0.3657529950141907 0.10693500190973282
v 0.00900300033390522 -0.36489999294281006 0.10633700340986252
v 0.009836999699473381 -0.36678099632263184 0.1077210009098053
v 0.009313000366091728 -0.36623701453208923 0.10752200335264206
v 0.009363999590277672 -0.36621901392936707 0.10695300251245499
v 0.009397000074386597 -0.3663949966430664 0.1077990010380745
v 0.01032899972051382 -0.36943501234054565 0.10900499671697617
v 0.010340999811887741 -0.36990100145339966 0.10914599895477295
v 0.010560999624431133 -0.37040600180625916 0.10917600244283676
v 0.010301999747753143 -0.3689729869365692 0.10882800072431564
v 0.01004400011152029 -0.3684859871864319 0.10869099944829941
v 0.009685000404715538 -0.3679859936237335 0.10857199877500534
v 0.010015999898314476 -0.3675520122051239 0.10840699821710587
v 0.010238000191748142 -0.3675839900970459 0.10833700001239777
v 0.008847000077366829 -0.3643690049648285 0.10648299753665924
v 0.008821000345051289 -0.36390700936317444 0.1063069999217987
v 0.008258000016212463 -0.36140498518943787 0.10627999901771545
v 0.008453000336885452 -0.3623949885368347 0.10634300112724304
v 0.008063999935984612 -0.3618350028991699 0.10653100162744522
v 0.008684000000357628 -0.3638390004634857 0.10661400109529495
v 0.008787999860942364 -0.3638870120048523 0.10640399903059006
v 0.008484000340104103 -0.3633260130882263 0.10663899779319763
v 0.008469999767839909 -0.36285799741744995 0.10649800300598145
v 0.00810800027102232 -0.3603990077972412 0.10633999854326248
v 0.00812199991196394 -0.3599199950695038 0.1062759980559349
v 0.00824899971485138 -0.3594970107078552 0.10596700012683868
v 0.00812000036239624 -0.35944899916648865 0.10616499930620193
v 0.00877199973911047 -0.3582969903945923 0.10471200197935104
v 0.008433000184595585 -0.3581010103225708 0.10561499744653702
v 0.008295999839901924 -0.3585529923439026 0.10575699806213379
v 0.008647000417113304 -0.3581860065460205 0.10525699704885483
v 0.008736000396311283 -0.35791701078414917 0.10409899801015854
v 0.008732999674975872 -0.35749098658561707 0.10373800247907639
v 0.00877000018954277 -0.35612499713897705 0.1031700000166893
v 0.008790000341832638 -0.35607799887657166 0.10342700034379959
v 0.008923999965190887 -0.3559879958629608 0.10199099779129028
v 0.008932000026106834 -0.35582101345062256 0.10222800076007843
v 0.008785000070929527 -0.3551790118217468 0.10296999663114548
v 0.008933000266551971 -0.35587000846862793 0.10196399688720703
v 0.008794000372290611 -0.3556689918041229 0.1003279983997345
v 0.008922000415623188 -0.3559969961643219 0.10127300024032593
v 0.008992999792098999 -0.3548949956893921 0.10194599628448486
v 0.008950999937951565 -0.355120986700058 0.10070700198411942
v 0.007513999938964844 -0.372081995010376 0.10936299711465836
v 0.007517999969422817 -0.37149500846862793 0.10924500226974487
v 0.007499999832361937 -0.37114301323890686 0.10911700129508972
v 0.008031999692320824 -0.37164199352264404 0.10932499915361404
v 0.008484000340104103 -0.36886700987815857 0.10858000069856644
v 0.008061000145971775 -0.36737701296806335 0.1084659993648529
v 0.007757000159472227 -0.37116101384162903 0.10914400219917297
v 0.008527000434696674 -0.37168198823928833 0.10932900011539459
v 0.008922000415623188 -0.3712399899959564 0.10923899710178375
v 0.009019000455737114 -0.3705829977989197 0.10907000303268433
v 0.009525000117719173 -0.3693839907646179 0.10891599953174591
v 0.008717999793589115 -0.3693639934062958 0.10864999890327454
v 0.007542000152170658 -0.3665800094604492 0.10822500288486481
v 0.008318999782204628 -0.36692100763320923 0.10839100182056427
v 0.007765000220388174 -0.3660750091075897 0.10804200172424316
v 0.007447999902069569 -0.36030200123786926 0.106564000248909
v 0.007668999955058098 -0.3612790107727051 0.10670100152492523
v 0.007685000076889992 -0.3607980012893677 0.10664399713277817
v 0.007447000127285719 -0.35982900857925415 0.10645899921655655
v 0.007428999990224838 -0.3588930070400238 0.10620000213384628
v 0.007416999898850918 -0.35842499136924744 0.10606099665164948
v 0.00659599993377924 -0.35792601108551025 0.10573600232601166
v 0.006295999977737665 -0.35745498538017273 0.10548300296068192
v 0.006314000114798546 -0.35651999711990356 0.10522399842739105
v 0.007408000063151121 -0.3565399944782257 0.1056160032749176
v 0.006800999864935875 -0.3537130057811737 0.10467600077390671
v 0.006215000059455633 -0.3528600037097931 0.10423199832439423
v 0.005621000193059444 -0.3527669906616211 0.10393600165843964
v 0.004621999803930521 -0.3518710136413574 0.10300999879837036
v 0.005253000184893608 -0.3504369854927063 0.10307499766349792
v 0.006279999855905771 -0.3569900095462799 0.10533300042152405
v 0.006279999855905771 -0.3569900095462799 0.10533300042152405
v 0.008206999860703945 -0.36555200815200806 0.10776499658823013
v 0.007907000370323658 -0.36496400833129883 0.10748899728059769
v 0.008129999972879887 -0.36473000049591064 0.10736099630594254
v 0.008322999812662601 -0.3642120063304901 0.10708799958229065
v 0.00827999971807003 -0.36281299591064453 0.10665600001811981
v 0.007857000455260277 -0.36179599165916443 0.10664299875497818
v 0.004176999907940626 -0.35096800327301025 0.1023780032992363
v 0.0035099999513477087 -0.3501189947128296 0.10134600102901459
v 0.0033859999384731054 -0.35218700766563416 0.09809599816799164
v 0.00305499997921288 -0.3507710099220276 0.100272998213768
v 0.0030040000565350056 -0.3509120047092438 0.09949800372123718
v 0.003418999956920743 -0.35173800587654114 0.09787599742412567
v 0.003091000020503998 -0.35059601068496704 0.098580002784729
v 0.0029869999270886183 -0.3494879901409149 0.0992090031504631
v 0.0029780000913888216 -0.34943801164627075 0.09947700053453445
v 0.004133999813348055 -0.3525019884109497 0.0967399999499321
v 0.004559999797493219 -0.35262298583984375 0.09628099948167801
v 0.005260000005364418 -0.35325101017951965 0.0958549976348877
v 0.003671000013127923 -0.3513999879360199 0.09716799855232239
v 0.003942999988794327 -0.35103800892829895 0.09658399969339371
v 0.007375999819487333 -0.35909000039100647 0.09715399891138077
v 0.007368000224232674 -0.35679399967193604 0.09626799821853638
v 0.007579999975860119 -0.357697993516922 0.09679500013589859
v 0.007681000046432018 -0.3567659854888916 0.09656699746847153
v 0.007519000209867954 -0.3567900061607361 0.09635599702596664
v 0.007637999951839447 -0.3581309914588928 0.09713800251483917
v 0.007637000177055597 -0.35855600237846375 0.09749899804592133
v 0.0075240000151097775 -0.35906198620796204 0.0973690003156662
v 0.007660000119358301 -0.35816699266433716 0.09741099923849106
v 0.0073460000567138195 -0.3563309907913208 0.0961029976606369
v 0.007054999936372042 -0.3558579981327057 0.09587399661540985
v 0.006893999874591827 -0.3553769886493683 0.09573999792337418
v 0.006537000183016062 -0.3548800051212311 0.09560099989175797
v 0.006087000016123056 -0.35482099652290344 0.09572300314903259
v 0.005878999829292297 -0.3538390100002289 0.09562099725008011
v 0.0075969998724758625 -0.3590239882469177 0.0976099967956543
v 0.007691999897360802 -0.3565230071544647 0.09788300096988678
v 0.008123000152409077 -0.35501599311828613 0.09824100136756897
v 0.008675999939441681 -0.35390499234199524 0.09918499737977982
v 0.007608000189065933 -0.35703301429748535 0.09774400293827057
v 0.007608999963849783 -0.3570350110530853 0.09773000329732895
v 0.007706000003963709 -0.35759401321411133 0.0974150002002716
v 0.00875800009816885 -0.3721820116043091 0.10938899964094162
v 0.008268999867141247 -0.37213900685310364 0.10940200090408325
v 0.00953999999910593 -0.3718850016593933 0.10942599922418594
v 0.009309000335633755 -0.37172800302505493 0.10944099724292755
v 0.00901199970394373 -0.3720709979534149 0.10937800258398056
v 0.00978699978441 -0.3717750012874603 0.10939700156450272
v 0.009843000210821629 -0.3712800145149231 0.10944800078868866
v 0.01006999984383583 -0.3713200092315674 0.10939399898052216
v 0.01029099989682436 -0.37130099534988403 0.10931099951267242
v 0.010339000262320042 -0.37084800004959106 0.10934700071811676
v 0.010003999806940556 -0.3674589991569519 0.10834900289773941
v 0.009951000101864338 -0.3671090006828308 0.10812000185251236
v 0.010142000392079353 -0.36714598536491394 0.1079619973897934
v 0.009921000339090824 -0.3669619858264923 0.10800299793481827
v 0.008906000293791294 -0.36481600999832153 0.10675100237131119
v 0.008847000077366829 -0.3643690049648285 0.10648299753665924
v 0.008953999727964401 -0.3652679920196533 0.10699000209569931
v 0.00901000015437603 -0.36565399169921875 0.10723599791526794
v 0.008709999732673168 -0.36436501145362854 0.1068039983510971
v 0.009700000286102295 -0.3668360114097595 0.1080550029873848
v 0.009176000021398067 -0.36626899242401123 0.10785199701786041
v 0.009135999716818333 -0.36613398790359497 0.1077049970626831
v 0.009242000058293343 -0.36656099557876587 0.10810299962759018
v 0.009479999542236328 -0.3667150139808655 0.1081089973449707
v 0.010107000358402729 -0.3698750138282776 0.1091810017824173
v 0.010080000385642052 -0.3693009912967682 0.10897500067949295
v 0.010355999693274498 -0.37036898732185364 0.10928899794816971
v 0.009091000072658062 -0.3688969910144806 0.10869699716567993
v 0.009782000444829464 -0.36755499243736267 0.10844799876213074
v 0.009781000204384327 -0.36752599477767944 0.10844100266695023
v 0.009313000366091728 -0.3674730062484741 0.10851199924945831
v 0.009797999635338783 -0.3675290048122406 0.10843700170516968
v 0.008847000077366829 -0.3643690049648285 0.10648299753665924
v 0.007890000008046627 -0.3613109886646271 0.10662800073623657
v 0.008704000152647495 -0.36430200934410095 0.10677500069141388
v 0.008678999729454517 -0.36429598927497864 0.10680100321769714
v 0.007911000400781631 -0.36035600304603577 0.10648000240325928
v 0.007919000461697578 -0.3598800003528595 0.10639800131320953
v 0.007915999740362167 -0.35940900444984436 0.10628499835729599
v 0.008112000301480293 -0.3589800000190735 0.10603799670934677
v 0.007907000370323658 -0.3589400053024292 0.10615599900484085
v 0.008793000131845474 -0.35793301463127136 0.10490400344133377
v 0.008922000415623188 -0.3568989932537079 0.10437099635601044
v 0.008132999762892723 -0.3580250144004822 0.10588899999856949
v 0.00834100041538477 -0.35759100317955017 0.10567499697208405
v 0.008592000231146812 -0.3571780025959015 0.1053680032491684
v 0.008847000077366829 -0.3571830093860626 0.10418199747800827
v 0.008793000131845474 -0.35697799921035767 0.10388500243425369
v 0.008762000128626823 -0.3573850095272064 0.10397999733686447
v 0.008806000463664532 -0.35560598969459534 0.1033250018954277
v 0.00899800006300211 -0.3555369973182678 0.10378900170326233
v 0.009000999853014946 -0.35506299138069153 0.1036909967660904
v 0.00892999954521656 -0.3558669984340668 0.10198000073432922
v 0.008817000314593315 -0.35471001267433167 0.10286200046539307
v 0.008829999715089798 -0.3546620011329651 0.10312200337648392
v 0.009049000218510628 -0.3540410101413727 0.10127200186252594
v 0.008926000446081161 -0.35430198907852173 0.10246499627828598
v 0.009022999554872513 -0.35389000177383423 0.10207200050354004
v 0.009114000014960766 -0.3531019985675812 0.10105600208044052
v 0.009046000428497791 -0.3712410032749176 0.10929100215435028
v 0.009607000276446342 -0.3707819879055023 0.10937199741601944
v 0.009867999702692032 -0.3703239858150482 0.10930699855089188
v 0.00929499976336956 -0.3670099973678589 0.10835699737071991
v 0.0082590002566576 -0.3660010099411011 0.10801699757575989
v 0.008786000311374664 -0.3665030002593994 0.10821100324392319
v 0.00851299986243248 -0.3661920130252838 0.10807300359010696
v 0.007689000107347965 -0.3603239953517914 0.10655099898576736
v 0.007691999897360802 -0.3598499894142151 0.106454998254776
v 0.007687999866902828 -0.35938000679016113 0.1063380017876625
v 0.007679999805986881 -0.35891100764274597 0.10621099919080734
v 0.007677000015974045 -0.35844001173973083 0.10609699785709381
v 0.007414999883621931 -0.35776200890541077 0.10590799897909164
v 0.007681999821215868 -0.35796600580215454 0.106004998087883
v 0.006572000216692686 -0.3574570119380951 0.10559800267219543
v 0.007412000093609095 -0.35748299956321716 0.10583800077438354
v 0.006577999796718359 -0.35698699951171875 0.10547800362110138
v 0.007646000012755394 -0.355756014585495 0.10541299730539322
v 0.007914000190794468 -0.3575200140476227 0.10586299747228622
v 0.007675999775528908 -0.3574959933757782 0.10588700324296951
v 0.007348000071942806 -0.3541080057621002 0.10490600019693375
v 0.006500000134110451 -0.35277000069618225 0.10431800037622452
v 0.007801000028848648 -0.35170501470565796 0.1042499989271164
v 0.006056999787688255 -0.35042300820350647 0.10351300239562988
v 0.004222000017762184 -0.3501549959182739 0.10219500213861465
v 0.0047079999931156635 -0.34952598810195923 0.1024399995803833
v 0.005863000173121691 -0.3499569892883301 0.10329099744558334
v 0.0059710000641644 -0.3476180136203766 0.10269200056791306
v 0.006583999842405319 -0.357338011264801 0.1055700033903122
v 0.00839999970048666 -0.365123987197876 0.1075109988451004
v 0.008572000078856945 -0.3648209869861603 0.10722199827432632
v 0.0038610000628978014 -0.34912601113319397 0.10156399756669998
v 0.0032430000137537718 -0.3488070070743561 0.10034900158643723
v 0.0037799999117851257 -0.3486739993095398 0.10130999982357025
v 0.003135999897494912 -0.3501499891281128 0.09835699945688248
v 0.003123000031337142 -0.3496840000152588 0.09821400046348572
v 0.003010000102221966 -0.3489690124988556 0.09937000274658203
v 0.003005000064149499 -0.3490169942378998 0.09910699725151062
v 0.0030380000825971365 -0.3495280146598816 0.09865300357341766
v 0.004656000062823296 -0.352183997631073 0.09602899849414825
v 0.006087000016123056 -0.35245901346206665 0.09520100057125092
v 0.005133999977260828 -0.35275399684906006 0.09582900255918503
v 0.0033650000113993883 -0.3490059971809387 0.09733299911022186
v 0.004459000192582607 -0.3511990010738373 0.09595700353384018
v 0.0038169999606907368 -0.3490999937057495 0.09636899828910828
v 0.007575999945402145 -0.35632601380348206 0.09623999893665314
v 0.007732999976724386 -0.35719799995422363 0.09691199660301208
v 0.007708000019192696 -0.3576669991016388 0.09701699763536453
v 0.007778999861329794 -0.35625800490379333 0.0967010036110878
v 0.0077680000104010105 -0.35672900080680847 0.09680300205945969
v 0.007714000064879656 -0.35629698634147644 0.09645900130271912
v 0.0077390000224113464 -0.35762301087379456 0.09727100282907486
v 0.007606999948620796 -0.35585498809814453 0.09613200277090073
v 0.00737199978902936 -0.35539698600769043 0.09584800153970718
v 0.007309999782592058 -0.35493001341819763 0.09568800032138824
v 0.006517000030726194 -0.3529990017414093 0.09512799978256226
v 0.007290999870747328 -0.3544659912586212 0.09553000330924988
v 0.006984999869018793 -0.3535250127315521 0.09515699744224548
v 0.0077320002019405365 -0.35605499148368835 0.09777200222015381
v 0.007615000009536743 -0.356891006231308 0.09771200269460678
v 0.007664000149816275 -0.3565390110015869 0.09777700155973434
v 0.008187999948859215 -0.35433700680732727 0.09807799756526947
v 0.00801900029182434 -0.3540329933166504 0.09752800315618515
v 0.007770999800413847 -0.35468798875808716 0.09720300137996674
v 0.00850099977105856 -0.35268500447273254 0.09790100157260895
v 0.009026000276207924 -0.3511129915714264 0.09848599880933762
v 0.009246000088751316 -0.3509489893913269 0.09946899861097336
v 0.0076419999822974205 -0.356563001871109 0.09763500094413757
v 0.007708999793976545 -0.35712000727653503 0.09732100367546082
v 0.00940600037574768 -0.37173399329185486 0.10944200307130814
v 0.009561999700963497 -0.3717460036277771 0.10945700109004974
v 0.009321000427007675 -0.37138599157333374 0.10940100252628326
v 0.009597999975085258 -0.3712559938430786 0.10945600271224976
v 0.010029000230133533 -0.371302992105484 0.10940500348806381
v 0.009871999733150005 -0.37079301476478577 0.10942599922418594
v 0.009751999750733376 -0.3707889914512634 0.1093979999423027
v 0.010071000084280968 -0.37130698561668396 0.10939700156450272
v 0.01011900044977665 -0.3708159923553467 0.1094219982624054
v 0.01012600027024746 -0.3703399896621704 0.10933899879455566
v 0.009739999659359455 -0.3670719861984253 0.10822200030088425
v 0.008790000341832638 -0.36520901322364807 0.10722299665212631
v 0.008853999897837639 -0.36565500497817993 0.10750500112771988
v 0.0087909996509552 -0.36521100997924805 0.1072240024805069
v 0.0095229996368289 -0.3670389950275421 0.108303003013134
v 0.008725999854505062 -0.36605599522590637 0.10794000327587128
v 0.007908999919891357 -0.3584670126438141 0.10605499893426895
v 0.008937999606132507 -0.3568519949913025 0.10462900251150131
v 0.008848000317811966 -0.35728099942207336 0.10491900146007538
v 0.008984999731183052 -0.3563840091228485 0.10451699793338776
v 0.009011000394821167 -0.35592201352119446 0.10437200218439102
v 0.009057999588549137 -0.35549598932266235 0.10403399914503098
v 0.007915999740362167 -0.3579930067062378 0.10597100108861923
v 0.008144999854266644 -0.3570770025253296 0.1057090014219284
v 0.008356000296771526 -0.3561669886112213 0.10540200024843216
v 0.008719000034034252 -0.35673800110816956 0.1051430031657219
v 0.009053000248968601 -0.35502201318740845 0.10393799841403961
v 0.009007999673485756 -0.3541170060634613 0.10349400341510773
v 0.008840999566018581 -0.35419100522994995 0.10302100330591202
v 0.0090549997985363 -0.35454899072647095 0.10384000092744827
v 0.008829000405967236 -0.3542509973049164 0.10276299715042114
v 0.00913000013679266 -0.3530069887638092 0.1015779972076416
v 0.009072000160813332 -0.3535110056400299 0.10115399956703186
v 0.008829999715089798 -0.35423800349235535 0.10276100039482117
v 0.008968000300228596 -0.35374799370765686 0.10233700275421143
v 0.00901500042527914 -0.35336700081825256 0.10224100202322006
v 0.009097999893128872 -0.3529529869556427 0.10185299813747406
v 0.009119999594986439 -0.35305601358413696 0.10131700336933136
v 0.00941499974578619 -0.3503530025482178 0.10010900348424911
v 0.009328000247478485 -0.37124601006507874 0.10938899964094162
v 0.008654000237584114 -0.36561501026153564 0.10763300210237503
v 0.007890000008046627 -0.3556410074234009 0.10537700355052948
v 0.008073000237345695 -0.35332798957824707 0.10467399656772614
v 0.007821000181138515 -0.3523640036582947 0.10445199906826019
v 0.007230000104755163 -0.35139399766921997 0.10411600023508072
v 0.00699299992993474 -0.3499779999256134 0.10368700325489044
v 0.008047999814152718 -0.35144999623298645 0.10418599843978882
v 0.008027000352740288 -0.35086798667907715 0.10399799793958664
v 0.007524999789893627 -0.350475013256073 0.10389800369739532
v 0.006146000232547522 -0.34957700967788696 0.10330700129270554
v 0.004550999961793423 -0.34906700253486633 0.102183997631073
v 0.005177999846637249 -0.34763601422309875 0.10224000364542007
v 0.005789000075310469 -0.3471530079841614 0.10245999693870544
v 0.006965000182390213 -0.3481000065803528 0.10319100320339203
v 0.007482999935746193 -0.34766000509262085 0.10315299779176712
v 0.007199000101536512 -0.34576401114463806 0.102633997797966
v 0.008611000142991543 -0.3651610016822815 0.1074099987745285
v 0.008790000341832638 -0.36520999670028687 0.1072240024805069
v 0.004534999839961529 -0.3487110137939453 0.1020599976181984
v 0.004104000050574541 -0.34816399216651917 0.10155300050973892
v 0.0031679999083280563 -0.3483699858188629 0.10001199692487717
v 0.0036100000143051147 -0.3472909927368164 0.10072799772024155
v 0.004151000175625086 -0.34722501039505005 0.10133899748325348
v 0.0032510000746697187 -0.34882399439811707 0.0976099967956543
v 0.003046999918296933 -0.34912100434303284 0.09856600314378738
v 0.0029750000685453415 -0.3476409912109375 0.09856099635362625
v 0.0031139999628067017 -0.3469899892807007 0.0994739979505539
v 0.0030010000336915255 -0.34769299626350403 0.09828799962997437
v 0.0030350000597536564 -0.34774601459503174 0.0980139970779419
v 0.00304599991068244 -0.34864598512649536 0.09846899658441544
v 0.005040000192821026 -0.3518010079860687 0.09561800211668015
v 0.006295999977737665 -0.3524959981441498 0.09509299695491791
v 0.006074999924749136 -0.3519909977912903 0.0950620025396347
v 0.0034260000102221966 -0.3479990065097809 0.09683000296354294
v 0.004271999932825565 -0.3484260141849518 0.09551999717950821
v 0.00494399992749095 -0.3508319854736328 0.09550099819898605
v 0.0037849999498575926 -0.34814900159835815 0.09618499875068665
v 0.00774999987334013 -0.35715198516845703 0.09717000275850296
v 0.007770999800413847 -0.3566800057888031 0.0970660001039505
v 0.007753999903798103 -0.3562049865722656 0.09697400033473969
v 0.007763999979943037 -0.3557319939136505 0.09687300026416779
v 0.007796000223606825 -0.355785995721817 0.09659899771213531
v 0.007722000125795603 -0.35534998774528503 0.09626100212335587
v 0.00761099997907877 -0.3553830087184906 0.09603399783372879
v 0.007470000069588423 -0.3544650077819824 0.09562099725008011
v 0.00761799979954958 -0.3549090027809143 0.09593400359153748
v 0.006972000002861023 -0.3530600070953369 0.09501499682664871
v 0.006717999931424856 -0.35256800055503845 0.09489499777555466
v 0.007528000045567751 -0.35399800539016724 0.0955049991607666
v 0.007222999818623066 -0.3530780076980591 0.09502699971199036
v 0.007664000149816275 -0.35609298944473267 0.09753099828958511
v 0.007884000428020954 -0.3533320128917694 0.09661000221967697
v 0.008263999596238136 -0.35275599360466003 0.09723400324583054
v 0.007689999882131815 -0.3551979959011078 0.09706299751996994
v 0.0076950001530349255 -0.35476401448249817 0.09675800055265427
v 0.008496999740600586 -0.3518039882183075 0.09717299789190292
v 0.009352999739348888 -0.34880301356315613 0.0973460003733635
v 0.009529000148177147 -0.3491930067539215 0.09845899790525436
v 0.009587000124156475 -0.3492870032787323 0.09955400228500366
v 0.009720000438392162 -0.3486500084400177 0.09882699698209763
v 0.007689999882131815 -0.35662001371383667 0.09735599905252457
v 0.00886599998921156 -0.35680198669433594 0.1048630028963089
v 0.008887000381946564 -0.3563219904899597 0.10481200367212296
v 0.008895999751985073 -0.3558489978313446 0.10471200197935104
v 0.00901000015437603 -0.35591399669647217 0.10441099852323532
v 0.009027999825775623 -0.3554440140724182 0.10430800169706345
v 0.009026000276207924 -0.3554779887199402 0.10431499779224396
v 0.008119000121951103 -0.3556700050830841 0.10532599687576294
v 0.008496999740600586 -0.3557420074939728 0.10510600358247757
v 0.00851800013333559 -0.3548080027103424 0.10485199838876724
v 0.00888499990105629 -0.35633501410484314 0.1048159971833229
v 0.0088900001719594 -0.35584598779678345 0.10472200065851212
v 0.009026000276207924 -0.3554129898548126 0.10430199652910233
v 0.00901199970394373 -0.3545039892196655 0.10406100004911423
v 0.009012999944388866 -0.3536440134048462 0.1033950001001358
v 0.00903400033712387 -0.35359901189804077 0.1036520004272461
v 0.009052000008523464 -0.3522289991378784 0.10309000313282013
v 0.008892999961972237 -0.35325101017951965 0.10280899703502655
v 0.00902200024574995 -0.3531720042228699 0.1032940000295639
v 0.008829999715089798 -0.35423800349235535 0.10276199877262115
v 0.008867000229656696 -0.35374900698661804 0.10276100039482117
v 0.008963000029325485 -0.35401299595832825 0.10403700172901154
v 0.009304000064730644 -0.3515140116214752 0.1017569974064827
v 0.008991999551653862 -0.35335099697113037 0.10231699794530869
v 0.009560000151395798 -0.34980300068855286 0.10049200057983398
v 0.00953300017863512 -0.3497059941291809 0.10020700097084045
v 0.008766000159084797 -0.3515680134296417 0.10387799888849258
v 0.008516999892890453 -0.3543350100517273 0.10474500060081482
v 0.00850600004196167 -0.3538689911365509 0.10460899770259857
v 0.00887999963015318 -0.35254400968551636 0.10396300256252289
v 0.008725999854505062 -0.3534550070762634 0.1042800024151802
v 0.007505000103265047 -0.34981200098991394 0.10369300097227097
v 0.00762900011613965 -0.3490839898586273 0.10349799692630768
v 0.00825399998575449 -0.35054299235343933 0.10386399924755096
v 0.004612000193446875 -0.3471919894218445 0.10171999782323837
v 0.005762000102549791 -0.34622201323509216 0.10217499732971191
v 0.004484999924898148 -0.34626299142837524 0.10137400031089783
v 0.008236999623477459 -0.34818899631500244 0.10329200327396393
v 0.007884999737143517 -0.34675100445747375 0.10292699933052063
v 0.006918000057339668 -0.3448140025138855 0.10232900083065033
v 0.007726000156253576 -0.3448469936847687 0.10251399874687195
v 0.007964000105857849 -0.3462890088558197 0.10280299931764603
v 0.0032059999648481607 -0.34553399682044983 0.09941499680280685
v 0.003990999888628721 -0.34535300731658936 0.10074099898338318
v 0.0029849999118596315 -0.3466930091381073 0.098362997174263
v 0.003010000102221966 -0.34622299671173096 0.09825699776411057
v 0.0030380000825971365 -0.3472299873828888 0.09814400225877762
v 0.0030159999150782824 -0.3467479944229126 0.09808900207281113
v 0.003218000056222081 -0.3469350039958954 0.09716600179672241
v 0.003028000006452203 -0.3467620015144348 0.09801200032234192
v 0.0058639999479055405 -0.35148298740386963 0.09505700320005417
v 0.0062939999625086784 -0.3524459898471832 0.0950779989361763
v 0.006074999924749136 -0.3519909977912903 0.0950620025396347
v 0.005938999820500612 -0.3514989912509918 0.09500899910926819
v 0.006074999924749136 -0.3519909977912903 0.0950620025396347
v 0.00394099997356534 -0.3477329909801483 0.0958470031619072
v 0.003785999957472086 -0.34661200642585754 0.09586799889802933
v 0.004126999992877245 -0.34640100598335266 0.09515500068664551
v 0.003326999954879284 -0.3465149998664856 0.09683399647474289
v 0.003973000217229128 -0.3472769856452942 0.09566400200128555
v 0.005034000147134066 -0.35038599371910095 0.09528899937868118
v 0.004989000037312508 -0.34790998697280884 0.09460999816656113
v 0.005417000036686659 -0.34905898571014404 0.09466399997472763
v 0.005030999891459942 -0.3499149978160858 0.09517499804496765
v 0.00442600017413497 -0.3474319875240326 0.09503299742937088
v 0.005685000214725733 -0.3505139946937561 0.09489700198173523
v 0.006049000192433596 -0.3510569930076599 0.09478099644184113
v 0.007716999854892492 -0.3552519977092743 0.09679099917411804
v 0.00774900009855628 -0.3548310101032257 0.09641899913549423
v 0.007718000095337629 -0.35487499833106995 0.0961650013923645
v 0.0076419999822974205 -0.35444000363349915 0.09582900255918503
v 0.007724999915808439 -0.35440298914909363 0.09606599807739258
v 0.007201999891549349 -0.35261499881744385 0.09486400336027145
v 0.006271000020205975 -0.3520359992980957 0.09491799771785736
v 0.007178000174462795 -0.35120800137519836 0.09448400139808655
v 0.007187999784946442 -0.35214701294898987 0.09472399950027466
v 0.007602000143378973 -0.3539870083332062 0.09560500085353851
v 0.007542000152170658 -0.35354000329971313 0.0953340008854866
v 0.007612000219523907 -0.353536993265152 0.09538000077009201
v 0.007482999935746193 -0.3527059853076935 0.09498099982738495
v 0.00790799967944622 -0.3525640070438385 0.09617000073194504
v 0.008220000192523003 -0.3514319956302643 0.09609899669885635
v 0.007747999858111143 -0.3543570041656494 0.09632200002670288
v 0.009983999654650688 -0.34769099950790405 0.09881000220775604
v 0.00963599979877472 -0.34755900502204895 0.09671500325202942
v 0.009320000186562538 -0.3485090136528015 0.09674900025129318
v 0.008417000062763691 -0.3496600091457367 0.09484300017356873
v 0.008275999687612057 -0.35054999589920044 0.0953499972820282
v 0.009813000448048115 -0.3482469916343689 0.09925899654626846
v 0.00989800039678812 -0.3483330011367798 0.10061600059270859
v 0.010034999810159206 -0.3476009964942932 0.09932100027799606
v 0.008892999961972237 -0.35537299513816833 0.10462599992752075
v 0.00889899954199791 -0.3553749918937683 0.10461399704217911
v 0.008876999840140343 -0.3544360101222992 0.10436999797821045
v 0.00886400043964386 -0.3539679944515228 0.10423199832439423
v 0.0090549997985363 -0.35312700271606445 0.10354799777269363
v 0.008964999578893185 -0.35354000329971313 0.10393799841403961
v 0.008988000452518463 -0.353069007396698 0.10383299738168716
v 0.008995000272989273 -0.3522779941558838 0.10280200093984604
v 0.00906199961900711 -0.3526560068130493 0.10344800353050232
v 0.009092000313103199 -0.352185994386673 0.1033409982919693
v 0.009132999926805496 -0.3517189919948578 0.10322900116443634
v 0.009057000279426575 -0.3518039882183075 0.1027270033955574
v 0.009084000252187252 -0.351857990026474 0.10245399922132492
v 0.009286999702453613 -0.3510630130767822 0.10194399952888489
v 0.009651999920606613 -0.3494090139865875 0.10119900107383728
v 0.009077999740839005 -0.35166099667549133 0.1035119965672493
v 0.009081000462174416 -0.35116899013519287 0.1035190001130104
v 0.009037000127136707 -0.35213199257850647 0.10360600054264069
v 0.00904299970716238 -0.3519890010356903 0.10359100252389908
v 0.008902999572455883 -0.3506450057029724 0.10360799729824066
v 0.008740999735891819 -0.3506160080432892 0.1036909967660904
v 0.008843000046908855 -0.3548940122127533 0.10453499853610992
v 0.009015999734401703 -0.3526119887828827 0.10365399718284607
v 0.008249999955296516 -0.34960100054740906 0.10364200174808502
v 0.004463000223040581 -0.344853013753891 0.10100000351667404
v 0.0044639999978244305 -0.34438198804855347 0.10089600086212158
v 0.006159000098705292 -0.34480300545692444 0.10204599797725677
v 0.008913000114262104 -0.3496969938278198 0.1034260019659996
v 0.008696000091731548 -0.34871500730514526 0.10331600159406662
v 0.008469999767839909 -0.3482150137424469 0.10325399786233902
v 0.008907999843358994 -0.347337007522583 0.10288900136947632
v 0.0086899995803833 -0.3454129993915558 0.10255199670791626
v 0.00913000013679266 -0.34642401337623596 0.10260800272226334
v 0.006333999801427126 -0.34288400411605835 0.10186299681663513
v 0.006074999924749136 -0.3438499867916107 0.10183800011873245
v 0.0060629998333752155 -0.34432899951934814 0.10190799832344055
v 0.008065000176429749 -0.34293800592422485 0.10235200077295303
v 0.007538000121712685 -0.3430050015449524 0.10227999836206436
v 0.008941000327467918 -0.34473899006843567 0.10241000354290009
v 0.007081000134348869 -0.3428950011730194 0.10214699804782867
v 0.0031510000117123127 -0.345100998878479 0.09907100349664688
v 0.0030930000357329845 -0.34519800543785095 0.09856399893760681
v 0.003662999952211976 -0.3449450135231018 0.10014799982309341
v 0.0036349999718368053 -0.3440279960632324 0.09977400302886963
v 0.004083000123500824 -0.34403499960899353 0.10043799877166748
v 0.0030559999868273735 -0.345894992351532 0.09789899736642838
v 0.003066000062972307 -0.34532999992370605 0.09780199825763702
v 0.003056999994441867 -0.34575599431991577 0.09786999970674515
v 0.0032259998843073845 -0.3459869921207428 0.09697800129652023
v 0.006056000012904406 -0.35152798891067505 0.09490399807691574
v 0.004056999925523996 -0.34544798731803894 0.09495899826288223
v 0.0038980001118034124 -0.3449159860610962 0.095100998878479
v 0.004751000087708235 -0.34660300612449646 0.09435199946165085
v 0.004780000075697899 -0.34706300497055054 0.09453599900007248
v 0.005638999864459038 -0.35003501176834106 0.09480500221252441
v 0.0061090001836419106 -0.34690800309181213 0.09331999719142914
v 0.004914000164717436 -0.3461880087852478 0.09401299804449081
v 0.00622999994084239 -0.3492180109024048 0.0941770002245903
v 0.007699999958276749 -0.35397401452064514 0.09571199864149094
v 0.007832000032067299 -0.3534710109233856 0.09583599865436554
v 0.007457999978214502 -0.3521600067615509 0.09478499740362167
v 0.006897999905049801 -0.3497850000858307 0.09407900273799896
v 0.0071840002201497555 -0.3514940142631531 0.09456399828195572
v 0.0073020001873373985 -0.3507489860057831 0.09436900168657303
v 0.0074430000968277454 -0.3512209951877594 0.0945340022444725
v 0.007110999897122383 -0.3491170108318329 0.09382700175046921
v 0.007685000076889992 -0.35307401418685913 0.09525799751281738
v 0.007776999846100807 -0.3535110056400299 0.0955900028347969
v 0.007823999971151352 -0.3530460000038147 0.09547699987888336
v 0.007567000109702349 -0.3521589934825897 0.09483800083398819
v 0.007778999861329794 -0.35214099287986755 0.09503299742937088
v 0.00786999985575676 -0.35300299525260925 0.09572499990463257
v 0.007911999709904194 -0.35253599286079407 0.0956140011548996
v 0.007916999980807304 -0.35208800435066223 0.09537599980831146
v 0.008030000142753124 -0.35160401463508606 0.095380999147892
v 0.010374000295996666 -0.34632599353790283 0.09838999807834625
v 0.010166999883949757 -0.3470979928970337 0.09944400191307068
v 0.00903599988669157 -0.3481299877166748 0.09485500305891037
v 0.009770000353455544 -0.3471049964427948 0.09657400101423264
v 0.008957999758422375 -0.34870100021362305 0.09554799646139145
v 0.008081999607384205 -0.3507139980792999 0.09490499645471573
v 0.008407999761402607 -0.3493399918079376 0.09450600296258926
v 0.008895999751985073 -0.34866100549697876 0.0952880010008812
v 0.00989300012588501 -0.3482759892940521 0.10092400014400482
v 0.01015700027346611 -0.3471530079841614 0.10000699758529663
v 0.009154999628663063 -0.3511979877948761 0.10338900238275528
v 0.00918199960142374 -0.35133200883865356 0.10313300043344498
v 0.009411999955773354 -0.34999001026153564 0.1020670011639595
v 0.009596000425517559 -0.3490940034389496 0.10168199986219406
v 0.009511999785900116 -0.3495520055294037 0.10182700306177139
v 0.009088999591767788 -0.3506929874420166 0.10343699902296066
v 0.008905000053346157 -0.3501709997653961 0.10350900143384933
v 0.004259000066667795 -0.34392300248146057 0.10062599927186966
v 0.005450999829918146 -0.3438650071620941 0.10147500038146973
v 0.005148000083863735 -0.34339600801467896 0.10121600329875946
v 0.009097999893128872 -0.35021600127220154 0.10335899889469147
v 0.009128999896347523 -0.34878501296043396 0.10313200205564499
v 0.009127999655902386 -0.34831300377845764 0.10302399843931198
v 0.009359000250697136 -0.3459790050983429 0.1024560034275055
v 0.009309000335633755 -0.3474169969558716 0.10263100266456604
v 0.006451999768614769 -0.3423979878425598 0.10188400000333786
v 0.005210000090301037 -0.34195199608802795 0.10107400268316269
v 0.007031000219285488 -0.34141799807548523 0.10213500261306763
v 0.009015999734401703 -0.3435100018978119 0.10235399752855301
v 0.00763599993661046 -0.3399370014667511 0.10243599861860275
v 0.007191000040620565 -0.3408209979534149 0.10222800076007843
v 0.006976000033318996 -0.3424049913883209 0.1020829975605011
v 0.00938200019299984 -0.3451550006866455 0.10233800113201141
v 0.009196000173687935 -0.3445050120353699 0.10237699747085571
v 0.003223000094294548 -0.34419000148773193 0.09871699661016464
v 0.003522000042721629 -0.3441540002822876 0.09956599771976471
v 0.003065000055357814 -0.3447610139846802 0.09821099787950516
v 0.0039530000649392605 -0.3420819938182831 0.09980800002813339
v 0.0033599999733269215 -0.34366101026535034 0.09897500276565552
v 0.0035639998968690634 -0.3412739932537079 0.09868499636650085
v 0.0041229999624192715 -0.3420569896697998 0.10001599788665771
v 0.0031240000389516354 -0.34543201327323914 0.09727799892425537
v 0.003066000062972307 -0.345333993434906 0.09777999669313431
v 0.0031240000389516354 -0.34435901045799255 0.0977569967508316
v 0.004530000034719706 -0.3451550006866455 0.09410800039768219
v 0.004794999957084656 -0.3456979990005493 0.09395000338554382
v 0.00356599991209805 -0.34338799118995667 0.09523800015449524
v 0.003851999994367361 -0.3436039984226227 0.09467799961566925
v 0.004172999877482653 -0.3445799946784973 0.0943870022892952
v 0.007003000006079674 -0.34750398993492126 0.09316200017929077
v 0.007185999769717455 -0.3470799922943115 0.09287799894809723
v 0.005981000140309334 -0.34507501125335693 0.09254299849271774
v 0.005770000163465738 -0.3449240028858185 0.09262099862098694
v 0.007602000143378973 -0.35168999433517456 0.0947289988398552
v 0.00774999987334013 -0.35029101371765137 0.09438800066709518
v 0.00763599993661046 -0.349371999502182 0.09396599978208542
v 0.007300000172108412 -0.3484469950199127 0.09351000189781189
v 0.007555999793112278 -0.34846699237823486 0.09353499859571457
v 0.00786800030618906 -0.3525780141353607 0.0953650027513504
v 0.007829999551177025 -0.35212698578834534 0.0951320007443428
v 0.007792999967932701 -0.3519569933414459 0.09499000012874603
v 0.0077760000713169575 -0.3516770005226135 0.09487800300121307
v 0.00790799967944622 -0.35210898518562317 0.09525399655103683
v 0.008036999963223934 -0.3511810004711151 0.09501799941062927
v 0.01081900019198656 -0.344539999961853 0.09704200178384781
v 0.010433999821543694 -0.3463749885559082 0.09920000284910202
v 0.010591000318527222 -0.3457860052585602 0.09874899685382843
v 0.008557000197470188 -0.34883901476860046 0.09435000270605087
v 0.009088999591767788 -0.3478020131587982 0.09422100335359573
v 0.009538000449538231 -0.3469400107860565 0.0947050005197525
v 0.009602000005543232 -0.34692299365997314 0.09550099819898605
v 0.00977300014346838 -0.3466239869594574 0.09592600166797638
v 0.007892999798059464 -0.35120901465415955 0.09480100125074387
v 0.007942000404000282 -0.35074299573898315 0.09468699991703033
v 0.008023000322282314 -0.35013699531555176 0.09453299641609192
v 0.008231000043451786 -0.3493629992008209 0.09430000185966492
v 0.008151000365614891 -0.34892699122428894 0.09396500140428543
v 0.008390000090003014 -0.3484160006046295 0.09377399832010269
v 0.009948000311851501 -0.3477199971675873 0.10129400342702866
v 0.009548000060021877 -0.34851500391960144 0.10213100165128708
v 0.010243000462651253 -0.3468630015850067 0.10019099712371826
v 0.0092550003901124 -0.3502750098705292 0.10310699790716171
v 0.009339000098407269 -0.34933099150657654 0.10293900221586227
v 0.009317000396549702 -0.34883201122283936 0.10296499729156494
v 0.004459999967366457 -0.3424929976463318 0.10046800225973129
v 0.009297999553382397 -0.3493120074272156 0.10301800072193146
v 0.009513000026345253 -0.34698599576950073 0.10240499675273895
v 0.009824000298976898 -0.3452270030975342 0.10219600051641464
v 0.009732999838888645 -0.3463839888572693 0.1021919995546341
v 0.009542999789118767 -0.3479880094528198 0.1023159995675087
v 0.009643999859690666 -0.34739500284194946 0.10215800255537033
v 0.00684100016951561 -0.3414140045642853 0.10206799954175949
v 0.006587000098079443 -0.340923011302948 0.10194499790668488
v 0.0048790001310408115 -0.341497004032135 0.10072699934244156
v 0.0050130002200603485 -0.3405199944972992 0.10075200349092484
v 0.006027999799698591 -0.3399659991264343 0.1015549972653389
v 0.006883999798446894 -0.3409219980239868 0.10208500176668167
v 0.009720000438392162 -0.34358900785446167 0.10224899649620056
v 0.009317000396549702 -0.34101900458335876 0.10266699641942978
v 0.007050999905914068 -0.34042298793792725 0.10219699889421463
v 0.007505000103265047 -0.33944499492645264 0.10238099843263626
v 0.007891999557614326 -0.33945098519325256 0.1025179997086525
v 0.009449999779462814 -0.3400169909000397 0.10282699763774872
v 0.0078940000385046 -0.3394570052623749 0.10251899808645248
v 0.010099999606609344 -0.34462401270866394 0.10214299708604813
v 0.003129000077024102 -0.3439219892024994 0.09746699780225754
v 0.0039470000192523 -0.34070900082588196 0.09925299882888794
v 0.0032399999909102917 -0.34237098693847656 0.09792999923229218
v 0.0032909999135881662 -0.3419269919395447 0.0976950004696846
v 0.003333000000566244 -0.34128299355506897 0.09767299890518188
v 0.003418999956920743 -0.34093400835990906 0.09784399718046188
v 0.0035439999774098396 -0.3408460021018982 0.09832999855279922
v 0.003837999887764454 -0.3402720093727112 0.09890399873256683
v 0.004466000013053417 -0.34107398986816406 0.10017000138759613
v 0.0034360000863671303 -0.3413679897785187 0.09546200186014175
v 0.003283000085502863 -0.3426559865474701 0.0964059978723526
v 0.0032760000322014093 -0.3415740132331848 0.09693200141191483
v 0.004311999771744013 -0.3441759943962097 0.09397999942302704
v 0.004540000110864639 -0.34381499886512756 0.09337999671697617
v 0.004941000137478113 -0.34394100308418274 0.09287899732589722
v 0.003461000043898821 -0.34194400906562805 0.0950239971280098
v 0.0038620000705122948 -0.3422259986400604 0.09368500113487244
v 0.0040480000898242 -0.34274500608444214 0.09362100064754486
v 0.007757000159472227 -0.34803399443626404 0.09330300241708755
v 0.007393000181764364 -0.3469240069389343 0.09272799640893936
v 0.007445000112056732 -0.345333993434906 0.09180799871683121
v 0.007317000068724155 -0.34397199749946594 0.09113699942827225
v 0.005495999939739704 -0.3440839946269989 0.09236100316047668
v 0.006382000166922808 -0.34292200207710266 0.09107699990272522
v 0.00774900009855628 -0.35121700167655945 0.09469900280237198
v 0.007922000251710415 -0.3493790030479431 0.09407500177621841
v 0.007833999581634998 -0.3489300012588501 0.09380500018596649
v 0.007832000032067299 -0.35167500376701355 0.09491799771785736
v 0.010871999897062778 -0.3441610038280487 0.09639699757099152
v 0.011160999536514282 -0.3438880145549774 0.09788099676370621
v 0.010986000299453735 -0.3447969853878021 0.0989530012011528
v 0.011029999703168869 -0.34410300850868225 0.09742400050163269
v 0.011129000224173069 -0.34366700053215027 0.09702499955892563
v 0.010506999678909779 -0.3461570143699646 0.09936399757862091
v 0.010606000199913979 -0.34594398736953735 0.0995979979634285
v 0.009227000176906586 -0.34741100668907166 0.09381700307130814
v 0.008786000311374664 -0.348022997379303 0.09382600337266922
v 0.009816999547183514 -0.3461790084838867 0.09362699836492538
v 0.00989800039678812 -0.3459950089454651 0.09465599805116653
v 0.009836000390350819 -0.3463129997253418 0.09556499868631363
v 0.01081900019198656 -0.34393998980522156 0.09554799646139145
v 0.010333999991416931 -0.34496399760246277 0.09510999917984009
v 0.008306000381708145 -0.3480199873447418 0.09344899654388428
v 0.008826999925076962 -0.34760400652885437 0.09345100075006485
v 0.010071000084280968 -0.3472540080547333 0.10120899975299835
v 0.010236999951303005 -0.34681499004364014 0.10100500285625458
v 0.010502000339329243 -0.34609299898147583 0.10076200217008591
v 0.0104179996997118 -0.3463659882545471 0.1008479967713356
v 0.01027700025588274 -0.34671199321746826 0.10096900165081024
v 0.009922999888658524 -0.3466219902038574 0.10189899802207947
v 0.010003999806940556 -0.346904993057251 0.10165400058031082
v 0.009948000311851501 -0.34610798954963684 0.10203299671411514
v 0.010002999566495419 -0.34560999274253845 0.1020829975605011
v 0.010489000007510185 -0.3449459969997406 0.10190100222826004
v 0.009956000372767448 -0.3460269868373871 0.10203900188207626
v 0.006883999798446894 -0.3409219980239868 0.10208500176668167
v 0.006637000013142824 -0.34042999148368835 0.10198000073432922
v 0.004844000097364187 -0.3400709927082062 0.10044600069522858
v 0.004908999893814325 -0.33959299325942993 0.10040000081062317
v 0.005750999785959721 -0.3385399878025055 0.10115999728441238
v 0.006186000071465969 -0.3385010063648224 0.1015620008111
v 0.006713000126183033 -0.33945098519325256 0.10198400169610977
v 0.006883999798446894 -0.3409219980239868 0.10208500176668167
v 0.010355000384151936 -0.3443079888820648 0.1020909994840622
v 0.010444999672472477 -0.34331199526786804 0.10212799906730652
v 0.010487000457942486 -0.3414579927921295 0.10255300253629684
v 0.010075000114738941 -0.34107398986816406 0.10271299630403519
v 0.010754999704658985 -0.3425529897212982 0.10213500261306763
v 0.009655999951064587 -0.3405280113220215 0.10281699895858765
v 0.006738999858498573 -0.3404279947280884 0.10203500092029572
v 0.0078050000593066216 -0.3389649987220764 0.10244899988174438
v 0.007094999775290489 -0.338468998670578 0.10214799642562866
v 0.010443000122904778 -0.3396250009536743 0.10273600369691849
v 0.00948300026357174 -0.3395349979400635 0.1027899980545044
v 0.00318100000731647 -0.3429329991340637 0.09751900285482407
v 0.0033199999015778303 -0.3410100042819977 0.09734799712896347
v 0.0034620000515133142 -0.34003400802612305 0.09736999869346619
v 0.0037930000107735395 -0.3398370146751404 0.09858100116252899
v 0.004098000004887581 -0.33888399600982666 0.09854999929666519
v 0.0045540002174675465 -0.3380100131034851 0.09903000295162201
v 0.004722000099718571 -0.3381679952144623 0.09955000132322311
v 0.004805999808013439 -0.3383980095386505 0.09984099864959717
v 0.0034890000242739916 -0.3409470021724701 0.09590499848127365
v 0.003527000080794096 -0.3404349982738495 0.09523800015449524
v 0.003524000057950616 -0.3405730128288269 0.09449300169944763
v 0.003378999885171652 -0.3405979871749878 0.09694000333547592
v 0.0046430001966655254 -0.34252598881721497 0.09242100268602371
v 0.005408000200986862 -0.3431769907474518 0.09190800040960312
v 0.0035860000643879175 -0.34158599376678467 0.09435799717903137
v 0.004226999823004007 -0.3419229984283447 0.09282799810171127
v 0.003766000038012862 -0.34171000123023987 0.09377100318670273
v 0.008022000081837177 -0.34673601388931274 0.09246399998664856
v 0.00775500014424324 -0.34615200757980347 0.09216500073671341
v 0.00761700002476573 -0.3449139893054962 0.09149599820375443
v 0.008421000093221664 -0.34569400548934937 0.09183400124311447
v 0.008093000389635563 -0.3431429862976074 0.09032999724149704
v 0.007814000360667706 -0.34463000297546387 0.09128300100564957
v 0.007422999944537878 -0.34263500571250916 0.09043300151824951
v 0.006785999983549118 -0.3425289988517761 0.09072200208902359
v 0.006031000055372715 -0.3414810001850128 0.09072399884462357
v 0.005563000217080116 -0.3427650034427643 0.09154800325632095
v 0.005716000217944384 -0.34188199043273926 0.09107600152492523
v 0.010954000055789948 -0.34386199712753296 0.09603200107812881
v 0.011353000067174435 -0.3432140052318573 0.09685199707746506
v 0.010963000357151031 -0.34512200951576233 0.09984900057315826
v 0.012047999538481236 -0.34178200364112854 0.09713199734687805
v 0.01191799994558096 -0.3421210050582886 0.09752199798822403
v 0.011866999790072441 -0.34260499477386475 0.09791299700737
v 0.011811000294983387 -0.34293100237846375 0.09882199764251709
v 0.011927000246942043 -0.34338799118995667 0.0999709963798523
v 0.011138999834656715 -0.3446179926395416 0.09940899908542633
v 0.011033999733626842 -0.34490901231765747 0.10060200095176697
v 0.010549000464379787 -0.3458839952945709 0.10085199773311615
v 0.009588999673724174 -0.3465149998664856 0.09322900325059891
v 0.010460999794304371 -0.34494900703430176 0.09259600192308426
v 0.01056700013577938 -0.34471699595451355 0.09278400242328644
v 0.01067699957638979 -0.34426701068878174 0.09371600300073624
v 0.01029099989682436 -0.34499800205230713 0.09491100162267685
v 0.010974000208079815 -0.34353798627853394 0.09513600170612335
v 0.010925999842584133 -0.3437739908695221 0.09574999660253525
v 0.011064000427722931 -0.34338700771331787 0.09534700214862823
v 0.010773000307381153 -0.34408101439476013 0.09395000338554382
v 0.011150999926030636 -0.34318700432777405 0.09445299953222275
v 0.009216000325977802 -0.3467499911785126 0.09292499721050262
v 0.008387000299990177 -0.3463149964809418 0.09224700182676315
v 0.008585999719798565 -0.3466309905052185 0.09251599758863449
v 0.009503999724984169 -0.3465459942817688 0.09299200028181076
v 0.01030499953776598 -0.3462510108947754 0.10141299664974213
v 0.010363999754190445 -0.34630900621414185 0.10113000124692917
v 0.010363999754190445 -0.34630900621414185 0.10113000124692917
v 0.010313999839127064 -0.3459469974040985 0.10162100195884705
v 0.010451000183820724 -0.34591400623321533 0.1012910008430481
v 0.010846000164747238 -0.34498798847198486 0.1015079990029335
v 0.010639999993145466 -0.3437019884586334 0.10205899924039841
v 0.010883999988436699 -0.34479498863220215 0.10157299786806107
v 0.01068899966776371 -0.3442170023918152 0.10195299983024597
v 0.0050650001503527164 -0.3386330008506775 0.10034500062465668
v 0.006370000075548887 -0.338005006313324 0.10166800022125244
v 0.005762000102549791 -0.3380649983882904 0.10107599943876266
v 0.011056000366806984 -0.34068700671195984 0.10259100049734116
v 0.011037000454962254 -0.34224000573158264 0.10216400027275085
v 0.009479000233113766 -0.3385869860649109 0.10259400308132172
v 0.008197000250220299 -0.33850398659706116 0.102462999522686
v 0.010001000016927719 -0.3390890061855316 0.10277500003576279
v 0.007311000023037195 -0.3379949927330017 0.10215199738740921
v 0.010223999619483948 -0.3394330143928528 0.10277900099754333
v 0.011446000076830387 -0.33976998925209045 0.10241100192070007
v 0.010925999842584133 -0.3391990065574646 0.10260199755430222
v 0.010514999739825726 -0.33770498633384705 0.10251700133085251
v 0.010734000243246555 -0.3382109999656677 0.10254500061273575
v 0.0038209999911487103 -0.3394159972667694 0.09821099787950516
v 0.00381799996830523 -0.3391599953174591 0.09788499772548676
v 0.0036059999838471413 -0.33921098709106445 0.0965690016746521
v 0.003702000016346574 -0.3386470079421997 0.09699899703264236
v 0.004236999899148941 -0.3383820056915283 0.09867200255393982
v 0.004211000166833401 -0.33795300126075745 0.09831900149583817
v 0.005061000119894743 -0.33730900287628174 0.09952700138092041
v 0.004695000126957893 -0.33713001012802124 0.09852399677038193
v 0.00535399978980422 -0.337678998708725 0.1003199964761734
v 0.003579000011086464 -0.33990299701690674 0.0959319993853569
v 0.0037060000468045473 -0.3392049968242645 0.09399499744176865
v 0.003653000108897686 -0.3394069969654083 0.0955289974808693
v 0.0035989999305456877 -0.3411409854888916 0.09411700069904327
v 0.0036949999630451202 -0.3410100042819977 0.09365200251340866
v 0.0036090000066906214 -0.3402180075645447 0.09379400312900543
v 0.004416000097990036 -0.34154999256134033 0.09227100014686584
v 0.004953000228852034 -0.3417379856109619 0.09170900285243988
v 0.0038300000596791506 -0.34142300486564636 0.09341499954462051
v 0.00800000037997961 -0.34629300236701965 0.09218700230121613
v 0.008301000110805035 -0.3450010120868683 0.09133599698543549
v 0.008457000367343426 -0.345878005027771 0.09197799861431122
v 0.008725999854505062 -0.3458459973335266 0.09203000366687775
v 0.008395000360906124 -0.34406301379203796 0.09068500250577927
v 0.00855099968612194 -0.34325799345970154 0.09023900330066681
v 0.007612999994307756 -0.34220999479293823 0.09016799926757812
v 0.005690999794751406 -0.3409479856491089 0.09079699963331223
v 0.005750999785959721 -0.3404940068721771 0.0906200036406517
v 0.0069229998625814915 -0.340707004070282 0.0899989977478981
v 0.0050940001383423805 -0.3408229947090149 0.09119900315999985
v 0.011628000065684319 -0.3425140082836151 0.09606199711561203
v 0.012272999621927738 -0.34129399061203003 0.09722500294446945
v 0.012226000428199768 -0.3413650095462799 0.09681099653244019
v 0.012430000118911266 -0.3408910036087036 0.09681200236082077
v 0.012229000218212605 -0.34123700857162476 0.09750299900770187
v 0.012143000029027462 -0.3424510061740875 0.09887900203466415
v 0.01244799979031086 -0.34159600734710693 0.09831999987363815
v 0.012273999862372875 -0.3411949872970581 0.09775199741125107
v 0.012064999900758266 -0.34304100275039673 0.09957599639892578
v 0.011354999616742134 -0.34445899724960327 0.10094299912452698
v 0.012172999791800976 -0.3430590033531189 0.10091099888086319
v 0.011735999956727028 -0.3438889980316162 0.1009640023112297
v 0.01254200004041195 -0.3423120081424713 0.09980399906635284
v 0.010759999975562096 -0.3452639877796173 0.10132099688053131
v 0.01120499987155199 -0.3446959853172302 0.10104499757289886
v 0.010363999754190445 -0.34630900621414185 0.10113000124692917
v 0.010544000193476677 -0.3458609879016876 0.10097300261259079
v 0.009727000258862972 -0.34616100788116455 0.09283299744129181
v 0.010394999757409096 -0.34511399269104004 0.09237899631261826
v 0.009866000153124332 -0.34578099846839905 0.09243199974298477
v 0.010088000446557999 -0.345441997051239 0.09228300303220749
v 0.010533000342547894 -0.34490999579429626 0.09201399981975555
v 0.010755999945104122 -0.34449198842048645 0.09184899926185608
v 0.010982000268995762 -0.3439309895038605 0.09302300214767456
v 0.011237000115215778 -0.34344199299812317 0.09228300303220749
v 0.01106599997729063 -0.34380799531936646 0.0918710008263588
v 0.011203999631106853 -0.3434779942035675 0.09291200339794159
v 0.01119100023061037 -0.34310200810432434 0.09493400156497955
v 0.011386999860405922 -0.34264999628067017 0.0948060005903244
v 0.011458000168204308 -0.3426870107650757 0.09561000019311905
v 0.011220999993383884 -0.3429119884967804 0.09354999661445618
v 0.011250999756157398 -0.3428260087966919 0.09379500150680542
v 0.011253999546170235 -0.34288400411605835 0.09435400366783142
v 0.011339999735355377 -0.3426930010318756 0.0945580005645752
v 0.009487000294029713 -0.346327006816864 0.09267900139093399
v 0.009096000343561172 -0.34633100032806396 0.09248500317335129
v 0.008503000251948833 -0.3461410105228424 0.09217000007629395
v 0.011068000458180904 -0.3447360098361969 0.1013759970664978
v 0.010799000039696693 -0.3441630005836487 0.10190299898386002
v 0.006804999895393848 -0.3375230133533478 0.10181800276041031
v 0.00621700007468462 -0.33755800127983093 0.10135699808597565
v 0.006513000000268221 -0.3370780050754547 0.10142699629068375
v 0.011682000011205673 -0.3406449854373932 0.10223399847745895
v 0.011517000384628773 -0.34027099609375 0.1023930013179779
v 0.011593000032007694 -0.3413900136947632 0.1021450012922287
v 0.011803999543190002 -0.34238600730895996 0.1017260029911995
v 0.011950000189244747 -0.34170201420783997 0.10180699825286865
v 0.008999000303447247 -0.3380669951438904 0.10252899676561356
v 0.009479000233113766 -0.3381139934062958 0.10248900204896927
v 0.007654999848455191 -0.3375369906425476 0.102122001349926
v 0.010281000286340714 -0.337678998708725 0.10255400091409683
v 0.011806000024080276 -0.3393479883670807 0.10219600051641464
v 0.011385999619960785 -0.33831098675727844 0.10229700058698654
v 0.010493000037968159 -0.3367690145969391 0.10224799811840057
v 0.010734999552369118 -0.3372659981250763 0.10233599692583084
v 0.010951000265777111 -0.3372980058193207 0.10225199908018112
v 0.0038739999290555716 -0.33825498819351196 0.09713099896907806
v 0.004129999782890081 -0.33783501386642456 0.09777499735355377
v 0.003667999990284443 -0.339013010263443 0.09599100053310394
v 0.004013000056147575 -0.33782199025154114 0.09671799838542938
v 0.003942000214010477 -0.3378809988498688 0.09593400359153748
v 0.004300999920815229 -0.33754199743270874 0.0979280024766922
v 0.005425000097602606 -0.3370240032672882 0.09988600015640259
v 0.005311000160872936 -0.33630600571632385 0.09868299961090088
v 0.00469700014218688 -0.33702799677848816 0.09822899848222733
v 0.00544800003990531 -0.33600300550460815 0.09829699993133545
v 0.005355000030249357 -0.33612701296806335 0.09808199852705002
v 0.0056940000504255295 -0.33720600605010986 0.10037499666213989
v 0.0063760001212358475 -0.33698800206184387 0.10118299722671509
v 0.0037140001077204943 -0.33894601464271545 0.09539300203323364
v 0.003702000016346574 -0.3397279977798462 0.09338600188493729
v 0.003909999970346689 -0.33855998516082764 0.09444200247526169
v 0.004056000150740147 -0.338236004114151 0.09407400339841843
v 0.003788999980315566 -0.33904701471328735 0.09348899871110916
v 0.003731000004336238 -0.33932000398635864 0.09338100254535675
v 0.003874999936670065 -0.33858999609947205 0.09473399817943573
v 0.003727999981492758 -0.3408049941062927 0.09332499653100967
v 0.003654999891296029 -0.34027299284935 0.09351500123739243
v 0.004279000218957663 -0.34013399481773376 0.0918940007686615
v 0.004689999856054783 -0.3402700126171112 0.09134499728679657
v 0.004240000154823065 -0.3412240147590637 0.09240599721670151
v 0.00886599998921156 -0.34419500827789307 0.09063699841499329
v 0.008995999582111835 -0.3459010124206543 0.09210500121116638
v 0.009169000200927258 -0.3456070125102997 0.09182299673557281
v 0.009025000035762787 -0.34330999851226807 0.09018199890851974
v 0.008519000373780727 -0.3423269987106323 0.08994100242853165
v 0.007139999885112047 -0.34026798605918884 0.08981099724769592
v 0.0075889998115599155 -0.34080201387405396 0.0897890031337738
v 0.008049000054597855 -0.34133100509643555 0.08979900181293488
v 0.006279999855905771 -0.3401319980621338 0.09016399830579758
v 0.004877000115811825 -0.33982300758361816 0.09106799960136414
v 0.005938999820500612 -0.33957400918006897 0.0903640016913414
v 0.005543000064790249 -0.33921799063682556 0.0907059982419014
v 0.005098999943584204 -0.3395310044288635 0.09092900156974792
v 0.01205699983984232 -0.3411310017108917 0.0953499972820282
v 0.012164000421762466 -0.3407660126686096 0.0957849994301796
v 0.011819999665021896 -0.34177398681640625 0.09501899778842926
v 0.012450999580323696 -0.340736985206604 0.09732100367546082
v 0.012505000457167625 -0.34054499864578247 0.09671399742364883
v 0.012387000024318695 -0.3407379984855652 0.0976170003414154
v 0.012529999949038029 -0.3419339954853058 0.09918300062417984
v 0.01259700022637844 -0.3420020043849945 0.09944699704647064
v 0.012567000463604927 -0.341499000787735 0.09853199869394302
v 0.012569000013172626 -0.3411400020122528 0.09818299859762192
v 0.012399000115692616 -0.3411340117454529 0.09796900302171707
v 0.011291000060737133 -0.3445320129394531 0.10125499963760376
v 0.01182200014591217 -0.3437120020389557 0.10117100179195404
v 0.011877000331878662 -0.3434610068798065 0.10127200186252594
v 0.012130999937653542 -0.34297001361846924 0.1011819988489151
v 0.01252800039947033 -0.34211400151252747 0.1008640006184578
v 0.011327999643981457 -0.3443860113620758 0.10133100301027298
v 0.011377000249922276 -0.34424400329589844 0.10143899917602539
v 0.012779000215232372 -0.34172600507736206 0.10041999816894531
v 0.012852000072598457 -0.3416680097579956 0.10010900348424911
v 0.00964299961924553 -0.34613800048828125 0.0925849974155426
v 0.01030999980866909 -0.345225989818573 0.09215900301933289
v 0.00991399958729744 -0.3454909920692444 0.09208100289106369
v 0.009603999555110931 -0.34591901302337646 0.09228000044822693
v 0.010226000100374222 -0.34523600339889526 0.0919170007109642
v 0.010672000236809254 -0.3445349931716919 0.0916140004992485
v 0.01101600006222725 -0.34375500679016113 0.09132999926805496
v 0.011587000451982021 -0.34259599447250366 0.09253200143575668
v 0.011265999637544155 -0.3432199954986572 0.09167899936437607
v 0.011424999684095383 -0.3425619900226593 0.0947749987244606
v 0.011471999809145927 -0.34241700172424316 0.09344799816608429
v 0.011473000049591064 -0.34228700399398804 0.09415300190448761
v 0.011339999735355377 -0.3426930010318756 0.0945580005645752
v 0.011339999735355377 -0.3426930010318756 0.0945580005645752
v 0.009336000308394432 -0.3462350070476532 0.09244000166654587
v 0.00903099961578846 -0.3460659980773926 0.09223999828100204
v 0.01115499995648861 -0.34439900517463684 0.10154999792575836
v 0.011168000288307667 -0.34432899951934814 0.10157299786806107
v 0.01146399974822998 -0.34380200505256653 0.10159099847078323
v 0.007042999844998121 -0.3370569944381714 0.10178100317716599
v 0.006765999831259251 -0.33704298734664917 0.10160300135612488
v 0.00672199996188283 -0.3366349935531616 0.10126099735498428
v 0.012350999750196934 -0.3395659923553467 0.10177300125360489
v 0.012341000139713287 -0.3404709994792938 0.10168799757957458
v 0.012206999585032463 -0.3424989879131317 0.10129400342702866
v 0.012218999676406384 -0.3424310088157654 0.10131300240755081
v 0.011773999780416489 -0.3429790139198303 0.10158500075340271
v 0.01228800043463707 -0.3419930040836334 0.1014150008559227
v 0.01242700032889843 -0.3415279984474182 0.10132700204849243
v 0.009263000451028347 -0.3377220034599304 0.10249499976634979
v 0.009026999585330486 -0.337581992149353 0.10250300168991089
v 0.00954500027000904 -0.3371419906616211 0.102462999522686
v 0.007898000068962574 -0.33661600947380066 0.10190100222826004
v 0.007532000076025724 -0.3366059958934784 0.1017879992723465
v 0.008337000384926796 -0.33662399649620056 0.1020520031452179
v 0.008182000368833542 -0.3366209864616394 0.10200300067663193
v 0.008775999769568443 -0.33709201216697693 0.1023859977722168
v 0.007942000404000282 -0.33661600947380066 0.10191699862480164
v 0.007335999980568886 -0.3366039991378784 0.10171300172805786
v 0.009782000444829464 -0.33669498562812805 0.1023309975862503
v 0.012381999753415585 -0.3389909863471985 0.10173600167036057
v 0.011579999700188637 -0.33788299560546875 0.1020440012216568
v 0.009983000345528126 -0.3362619876861572 0.10209999978542328
v 0.010444999672472477 -0.3363189995288849 0.10200800001621246
v 0.010216999799013138 -0.3362880051136017 0.10206499695777893
v 0.010658999904990196 -0.33635398745536804 0.10191600024700165
v 0.011919000186026096 -0.3373199999332428 0.10146500170230865
v 0.011308999732136726 -0.33692601323127747 0.10176999866962433
v 0.011111999861896038 -0.3368839919567108 0.10190799832344055
v 0.010858999565243721 -0.3363940119743347 0.10178600251674652
v 0.004184000194072723 -0.33755001425743103 0.09714999794960022
v 0.004800000227987766 -0.33660000562667847 0.09728199988603592
v 0.003806999884545803 -0.33847999572753906 0.09555699676275253
v 0.004308999981731176 -0.3372719883918762 0.096731998026371
v 0.004288999829441309 -0.3371570110321045 0.09593500196933746
v 0.004135999828577042 -0.3374849855899811 0.09550900012254715
v 0.004970000125467777 -0.33657100796699524 0.09776300191879272
v 0.0048859999515116215 -0.33655598759651184 0.0975160002708435
v 0.005931000225245953 -0.33676600456237793 0.10019999742507935
v 0.00595800019800663 -0.33584800362586975 0.09972699731588364
v 0.005874000024050474 -0.3357299864292145 0.09945899993181229
v 0.0056119998916983604 -0.3359690010547638 0.0990540012717247
v 0.005276999901980162 -0.33623701333999634 0.09785900264978409
v 0.005584999918937683 -0.33590900897979736 0.09795500338077545
v 0.005671000108122826 -0.3357970118522644 0.0981760025024414
v 0.005499999970197678 -0.33602601289749146 0.09773600101470947
v 0.00612299982458353 -0.33677199482917786 0.10040699690580368
v 0.006314000114798546 -0.33672401309013367 0.10060299932956696
v 0.006515000015497208 -0.33657899498939514 0.10077500343322754
v 0.0037509999237954617 -0.3393400013446808 0.09328900277614594
v 0.004335000179708004 -0.3372359871864319 0.09429100155830383
v 0.004075000062584877 -0.3382929861545563 0.09377899765968323
v 0.00434499979019165 -0.337336003780365 0.09375999867916107
v 0.00392200006172061 -0.33949199318885803 0.09253799915313721
v 0.003971000202000141 -0.3388969898223877 0.09311900287866592
v 0.004234999883919954 -0.33834001421928406 0.09318400174379349
v 0.004149000160396099 -0.33863499760627747 0.09300199896097183
v 0.0041669998317956924 -0.3405419886112213 0.09229200333356857
v 0.0037499999161809683 -0.33986198902130127 0.09312199801206589
v 0.004507000092417002 -0.3397499918937683 0.09141799807548523
v 0.009197000414133072 -0.344651997089386 0.09097400307655334
v 0.009630000218749046 -0.3442479968070984 0.09070199728012085
v 0.009364999830722809 -0.34417998790740967 0.09063699841499329
v 0.009391999803483486 -0.3454050123691559 0.09170199930667877
v 0.00949500035494566 -0.342415988445282 0.08990799635648727
v 0.010068999603390694 -0.3433670103549957 0.09033899754285812
v 0.008755999617278576 -0.34188100695610046 0.08980599790811539
v 0.008108999580144882 -0.34000399708747864 0.08967900276184082
v 0.006940999999642372 -0.33975398540496826 0.08984000235795975
v 0.007668000180274248 -0.3396120071411133 0.08975499868392944
v 0.00853199977427721 -0.34090501070022583 0.08966299891471863
v 0.004918000195175409 -0.339356005191803 0.09108000248670578
v 0.004743000026792288 -0.3392559885978699 0.09127400070428848
v 0.00623599998652935 -0.33860599994659424 0.09041599929332733
v 0.00634300010278821 -0.3392530083656311 0.0901539996266365
v 0.00583200016990304 -0.3385249972343445 0.09066600352525711
v 0.012191000394523144 -0.33972999453544617 0.09501399844884872
v 0.012124000117182732 -0.34029000997543335 0.09460599720478058
v 0.011788999661803246 -0.3412880003452301 0.09438200294971466
v 0.012128000147640705 -0.33934301137924194 0.09440899640321732
v 0.012533999979496002 -0.34043198823928833 0.09668000042438507
v 0.012764999642968178 -0.33989301323890686 0.0970349982380867
v 0.011522999964654446 -0.3422450125217438 0.09440000355243683
v 0.012675000354647636 -0.34025299549102783 0.09714099764823914
v 0.012608000077307224 -0.340393990278244 0.09691999852657318
v 0.012502999976277351 -0.340705007314682 0.0978429988026619
v 0.012760999612510204 -0.3400470018386841 0.09734199941158295
v 0.012622999958693981 -0.3404650092124939 0.09775099903345108
v 0.013195999898016453 -0.34088799357414246 0.09982500225305557
v 0.012875000014901161 -0.3408760130405426 0.09856799989938736
v 0.013044999912381172 -0.34078601002693176 0.09903699904680252
v 0.011617000214755535 -0.34391701221466064 0.10134200006723404
v 0.011908000335097313 -0.3433209955692291 0.10133399814367294
v 0.012639000080525875 -0.341623991727829 0.10091199725866318
v 0.013043000362813473 -0.3412899971008301 0.10023699700832367
v 0.012888999655842781 -0.3411119878292084 0.10080300271511078
v 0.012664999812841415 -0.341497004032135 0.10096199810504913
v 0.00991899985820055 -0.34531500935554504 0.09176900237798691
v 0.010463000275194645 -0.34467199444770813 0.09144199639558792
v 0.01005799975246191 -0.3449240028858185 0.09136500209569931
v 0.010881000198423862 -0.34378498792648315 0.09111099690198898
v 0.011335999704897404 -0.34238100051879883 0.09093300253152847
v 0.011137000285089016 -0.3428739905357361 0.09083200246095657
v 0.011429999954998493 -0.3423230051994324 0.09116200357675552
v 0.01158200018107891 -0.3423579931259155 0.09303300082683563
v 0.011772999539971352 -0.34174400568008423 0.09201599657535553
v 0.011668000370264053 -0.3419939875602722 0.09320099651813507
v 0.012027000077068806 -0.3399989902973175 0.09348499774932861
v 0.006990999914705753 -0.33647000789642334 0.10140500217676163
v 0.006787000223994255 -0.3362399935722351 0.1007699966430664
v 0.012682000175118446 -0.3400599956512451 0.10140600055456161
v 0.012442000210285187 -0.34200799465179443 0.10114700347185135
v 0.00913000013679266 -0.33664199709892273 0.10232000052928925
v 0.007849999703466892 -0.3361639976501465 0.1016630008816719
v 0.008131000213325024 -0.3361690044403076 0.10175800323486328
v 0.007555999793112278 -0.3361639976501465 0.10153300315141678
v 0.007296999916434288 -0.3363719880580902 0.10154899954795837
v 0.008131000213325024 -0.3361690044403076 0.10175800323486328
v 0.008131000213325024 -0.3361690044403076 0.10175800323486328
v 0.008740999735891819 -0.3365809917449951 0.10217300057411194
v 0.009242000058293343 -0.336201012134552 0.1020980030298233
v 0.009746000170707703 -0.33623701333999634 0.10212700068950653
v 0.012907000258564949 -0.3396179974079132 0.10124000161886215
v 0.013117000460624695 -0.3391819894313812 0.10103300213813782
v 0.012470000423491001 -0.3385460078716278 0.10152000188827515
v 0.012524999678134918 -0.3376399874687195 0.10113199800252914
v 0.01294699963182211 -0.3381829857826233 0.10103800147771835
v 0.009933999739587307 -0.33601000905036926 0.10190399736166
v 0.010156000033020973 -0.33599498867988586 0.10182200372219086
v 0.010377000086009502 -0.33601701259613037 0.10174699872732162
v 0.010598000138998032 -0.336091011762619 0.10168299823999405
v 0.010817999951541424 -0.33621901273727417 0.10163100063800812
v 0.011753000319004059 -0.33657199144363403 0.10082200169563293
v 0.01219400018453598 -0.3368549942970276 0.10072299838066101
v 0.01123099960386753 -0.3364880084991455 0.10144700109958649
v 0.011039000004529953 -0.33641698956489563 0.1015930026769638
v 0.004852000158280134 -0.33662301301956177 0.09672100096940994
v 0.004608999937772751 -0.33683401346206665 0.09657599776983261
v 0.005022000055760145 -0.33642300963401794 0.09716600179672241
v 0.00442600017413497 -0.33700400590896606 0.09557999670505524
v 0.004478000104427338 -0.33695700764656067 0.09500499814748764
v 0.004391999915242195 -0.33709999918937683 0.0947910025715828
v 0.005107999779284 -0.33636000752449036 0.09739699959754944
v 0.006134999915957451 -0.33584800362586975 0.09993799775838852
v 0.006238000001758337 -0.33540499210357666 0.09972000122070312
v 0.006182000041007996 -0.33534500002861023 0.09954400360584259
v 0.00609700009226799 -0.33536601066589355 0.09930499643087387
v 0.005721000023186207 -0.33593401312828064 0.09763800352811813
v 0.005892000161111355 -0.3357219994068146 0.09808100014925003
v 0.005896999966353178 -0.3356330096721649 0.09833499789237976
v 0.005551000125706196 -0.33613601326942444 0.09719300270080566
v 0.006386999972164631 -0.3362860083580017 0.10034400224685669
v 0.004358999896794558 -0.3372519910335541 0.09401199966669083
v 0.0045289997942745686 -0.3369469940662384 0.09443599730730057
v 0.004381999839097261 -0.3374040126800537 0.0934000015258789
v 0.004495999775826931 -0.3370809853076935 0.09365399926900864
v 0.004410000052303076 -0.3372980058193207 0.0934550017118454
v 0.0042489999905228615 -0.3392559885978699 0.09199800342321396
v 0.00419999985024333 -0.33877599239349365 0.09246499836444855
v 0.0042420001700520515 -0.3384619951248169 0.09293299913406372
v 0.004459999967366457 -0.3374980092048645 0.09292899817228317
v 0.004373000003397465 -0.338126003742218 0.09281700104475021
v 0.004403000231832266 -0.3380120098590851 0.09278299659490585
v 0.0042860000394284725 -0.33851900696754456 0.0926550030708313
v 0.004472000058740377 -0.33890900015830994 0.0918470025062561
v 0.009723999537527561 -0.34467801451683044 0.09106799960136414
v 0.01019699964672327 -0.3442150056362152 0.09089600294828415
v 0.009483999572694302 -0.341948002576828 0.08977299928665161
v 0.010285000316798687 -0.34198400378227234 0.08994100242853165
v 0.010483999736607075 -0.3424530029296875 0.09015599638223648
v 0.010339000262320042 -0.34307900071144104 0.09033700078725815
v 0.010645000264048576 -0.34309399127960205 0.09050499647855759
v 0.010835999622941017 -0.3433530032634735 0.09076400101184845
v 0.010766999796032906 -0.34379300475120544 0.09101100265979767
v 0.009548000060021877 -0.340501993894577 0.08963900059461594
v 0.008329000324010849 -0.3402490019798279 0.089649997651577
v 0.00797600019723177 -0.33930501341819763 0.08985599875450134
v 0.008217999711632729 -0.339368999004364 0.08984900265932083
v 0.008364000357687473 -0.3399049937725067 0.08967500180006027
v 0.006785999983549118 -0.3392220139503479 0.08999200165271759
v 0.00775599991902709 -0.33913201093673706 0.08989900350570679
v 0.008801000192761421 -0.34044399857521057 0.08962000161409378
v 0.005741999950259924 -0.3379630148410797 0.09099999815225601
v 0.006161999888718128 -0.33788400888442993 0.09075900167226791
v 0.007046000100672245 -0.33804699778556824 0.09047699719667435
v 0.012725000269711018 -0.3394629955291748 0.09668699651956558
v 0.012374999932944775 -0.33866098523139954 0.09555099904537201
v 0.012095999903976917 -0.33986198902130127 0.09425400197505951
v 0.012010999955236912 -0.33947300910949707 0.09365600347518921
v 0.012044999748468399 -0.3388569951057434 0.09433899819850922
v 0.01282500009983778 -0.33895599842071533 0.09682100266218185
v 0.0130390003323555 -0.3388890027999878 0.09727899730205536
v 0.01293100044131279 -0.3399670124053955 0.09781300276517868
v 0.013162000104784966 -0.3410030007362366 0.10013499855995178
v 0.013461999595165253 -0.33993101119995117 0.0998070016503334
v 0.01335499994456768 -0.33997398614883423 0.09903299808502197
v 0.013209999538958073 -0.339713990688324 0.09820900112390518
v 0.013024999760091305 -0.34116899967193604 0.10049299895763397
v 0.013104000128805637 -0.34073200821876526 0.1006229966878891
v 0.011243999935686588 -0.3414689898490906 0.09050499647855759
v 0.011068000458180904 -0.34196600317955017 0.09039600193500519
v 0.011819000355899334 -0.34130799770355225 0.09163600206375122
v 0.012008000165224075 -0.34061598777770996 0.09279599785804749
v 0.012000000104308128 -0.33971598744392395 0.09233999997377396
v 0.006961999926716089 -0.3356580138206482 0.10042600333690643
v 0.007406000047922134 -0.33516401052474976 0.10016600042581558
v 0.0072130002081394196 -0.33615100383758545 0.1012599989771843
v 0.00897200033068657 -0.3361940085887909 0.10201100260019302
v 0.008047999814152718 -0.33583199977874756 0.10144399851560593
v 0.007573999930173159 -0.3355120122432709 0.10072600096464157
v 0.008174999617040157 -0.3357509970664978 0.10138200223445892
v 0.009491999633610249 -0.33617299795150757 0.10209500044584274
v 0.009386000223457813 -0.33579200506210327 0.10170800238847733
v 0.009712999686598778 -0.3360599875450134 0.10199300199747086
v 0.013284999877214432 -0.3397569954395294 0.10065700113773346
v 0.01322999969124794 -0.33922699093818665 0.10084100067615509
v 0.013129999861121178 -0.33870500326156616 0.1009640023112297
v 0.012884000316262245 -0.3372659981250763 0.1006539985537529
v 0.013117000460624695 -0.33776599168777466 0.10071799904108047
v 0.009682999923825264 -0.3353880047798157 0.10104300081729889
v 0.009987999685108662 -0.33557799458503723 0.10124800354242325
v 0.009240999817848206 -0.33544400334358215 0.1012130007147789
v 0.010209999978542328 -0.3356289863586426 0.10117900371551514
v 0.01056700013577938 -0.3356989920139313 0.10079199820756912
v 0.01109199970960617 -0.33613499999046326 0.10096800327301025
v 0.011806000024080276 -0.336342990398407 0.10020799934864044
v 0.012373999692499638 -0.33675798773765564 0.1005060002207756
v 0.011584999971091747 -0.33625999093055725 0.10027000308036804
v 0.004819000139832497 -0.33664798736572266 0.09591600298881531
v 0.005210000090301037 -0.336463987827301 0.09628599882125854
v 0.004563000053167343 -0.3368540108203888 0.09522700309753418
v 0.004614999983459711 -0.3368709981441498 0.09466399997472763
v 0.004699999932199717 -0.3368000090122223 0.09489300101995468
v 0.006289999932050705 -0.33539700508117676 0.09978999942541122
v 0.006347999908030033 -0.33593299984931946 0.10015399754047394
v 0.00648800004273653 -0.3351210057735443 0.09966299682855606
v 0.006318999920040369 -0.3351750075817108 0.09918700158596039
v 0.0062339999713003635 -0.3352609872817993 0.09895999729633331
v 0.0058570001274347305 -0.3360289931297302 0.09733500331640244
v 0.006027999799698591 -0.33583199977874756 0.09778200089931488
v 0.006126999855041504 -0.33570799231529236 0.09803800284862518
v 0.005601999815553427 -0.3362959921360016 0.09665899723768234
v 0.004581000190228224 -0.3369620144367218 0.09387300163507462
v 0.004751000087708235 -0.3368209898471832 0.09433099627494812
v 0.004546999931335449 -0.3371640145778656 0.0931050032377243
v 0.0047160000540316105 -0.3369140028953552 0.09354099631309509
v 0.004631999880075455 -0.3370000123977661 0.0933149978518486
v 0.004348999820649624 -0.338577002286911 0.09237000346183777
v 0.0042860000394284725 -0.33851900696754456 0.0926550030708313
v 0.004486000165343285 -0.3380739986896515 0.0924919992685318
v 0.00459699984639883 -0.3374289870262146 0.0925929993391037
v 0.004726000130176544 -0.3370400071144104 0.09287499636411667
v 0.0042860000394284725 -0.33851900696754456 0.0926550030708313
v 0.0048699998296797276 -0.33751100301742554 0.09196499735116959
v 0.0050050001591444016 -0.3376840054988861 0.09167899936437607
v 0.010014999657869339 -0.34150201082229614 0.08976899832487106
v 0.010898999869823456 -0.34150201082229614 0.09016700088977814
v 0.010487000457942486 -0.341033011674881 0.08986300230026245
v 0.010067000053822994 -0.3405350148677826 0.0897039994597435
v 0.009384999983012676 -0.33991798758506775 0.08975300192832947
v 0.009859000332653522 -0.34002500772476196 0.08970899879932404
v 0.007929000072181225 -0.338452011346817 0.09024500101804733
v 0.008860999718308449 -0.3388740122318268 0.09015899896621704
v 0.008636999875307083 -0.3398280143737793 0.0897269994020462
v 0.008627000264823437 -0.3379659950733185 0.09071800112724304
v 0.0075969998724758625 -0.33878299593925476 0.09008000046014786
v 0.0053900000639259815 -0.33735498785972595 0.09147299826145172
v 0.005841999780386686 -0.33744800090789795 0.0911720022559166
v 0.005636999849230051 -0.33740898966789246 0.09128899872303009
v 0.006694999989122152 -0.3375900089740753 0.09079600125551224
v 0.007573999930173159 -0.33790698647499084 0.09053400158882141
v 0.007439000066369772 -0.3375509977340698 0.09078200161457062
v 0.012116000056266785 -0.33824700117111206 0.09500999748706818
v 0.011965000070631504 -0.33775201439857483 0.09496200084686279
v 0.012249999679625034 -0.33816999197006226 0.09549400210380554
v 0.011896000243723392 -0.33905598521232605 0.09320499747991562
v 0.011633000336587429 -0.3385930061340332 0.09306199848651886
v 0.011583000421524048 -0.3381890058517456 0.09354399889707565
v 0.01170399971306324 -0.3376390039920807 0.09448400139808655
v 0.011641999706625938 -0.3385219871997833 0.09331800043582916
v 0.012870999984443188 -0.3384380042552948 0.09697200357913971
v 0.012684999965131283 -0.3381879925727844 0.09671200066804886
v 0.013156999833881855 -0.33889999985694885 0.09751299768686295
v 0.013300999999046326 -0.3388279974460602 0.09772100299596786
v 0.013159000314772129 -0.338687002658844 0.09746800363063812
v 0.013000999577343464 -0.3384090065956116 0.09719300270080566
v 0.013295999728143215 -0.3403039872646332 0.10036599636077881
v 0.013473999686539173 -0.3396500051021576 0.10001900047063828
v 0.01357400044798851 -0.3390980064868927 0.09904800355434418
v 0.013458999805152416 -0.33917900919914246 0.09855800122022629
v 0.011516000144183636 -0.3404630124568939 0.09074900299310684
v 0.011754999868571758 -0.34087398648262024 0.0912960022687912
v 0.011180000379681587 -0.3405120074748993 0.09033100306987762
v 0.011959999799728394 -0.34028199315071106 0.09192299842834473
v 0.011893999762833118 -0.33984899520874023 0.0915829986333847
v 0.011951999738812447 -0.33969199657440186 0.09207800030708313
v 0.011880000121891499 -0.3392750024795532 0.0920180007815361
v 0.006874000187963247 -0.3353840112686157 0.10012699663639069
v 0.006572000216692686 -0.3352949917316437 0.09994299709796906
v 0.007017000112682581 -0.3349280059337616 0.09970899671316147
v 0.007331999950110912 -0.33497101068496704 0.09990900009870529
v 0.0078050000593066216 -0.33536601066589355 0.10064200311899185
v 0.008018000051379204 -0.3352090120315552 0.10050500184297562
v 0.007934000343084335 -0.33501899242401123 0.10022199898958206
v 0.00762900011613965 -0.33497101068496704 0.10004699975252151
v 0.008186000399291515 -0.33552300930023193 0.10105700045824051
v 0.013384000398218632 -0.3392989933490753 0.10052700340747833
v 0.013282000087201595 -0.33782199025154114 0.10048999637365341
v 0.01307199988514185 -0.3373129963874817 0.10048899799585342
v 0.012601000256836414 -0.33678799867630005 0.10044900327920914
v 0.012773999944329262 -0.336650013923645 0.10019999742507935
v 0.009378000162541866 -0.3351919949054718 0.10083799809217453
v 0.00973500031977892 -0.3351820111274719 0.10043399780988693
v 0.008905000053346157 -0.33479800820350647 0.100102998316288
v 0.008768999949097633 -0.33498701453208923 0.10046999901533127
v 0.008119000121951103 -0.33536699414253235 0.10077500343322754
v 0.008546000346541405 -0.3350810110569 0.10056400299072266
v 0.010991999879479408 -0.3357740044593811 0.09988900274038315
v 0.010533999651670456 -0.33551400899887085 0.09994299709796906
v 0.012552999891340733 -0.33660098910331726 0.10026899725198746
v 0.011773999780416489 -0.33601701259613037 0.09933099895715714
v 0.012688999995589256 -0.3364790081977844 0.09992100298404694
v 0.011346999555826187 -0.335875004529953 0.09950199723243713
v 0.011518999934196472 -0.3359290063381195 0.09929200261831284
v 0.004954999778419733 -0.3366380035877228 0.0955910012125969
v 0.0053369998931884766 -0.33652201294898987 0.0959480032324791
v 0.005057999864220619 -0.3367139995098114 0.09447299689054489
v 0.006517000030726194 -0.3353799879550934 0.09997999668121338
v 0.006593999918550253 -0.3353790044784546 0.10002399981021881
v 0.006709999870508909 -0.33497199416160583 0.09955299645662308
v 0.006597000174224377 -0.33501601219177246 0.09932900220155716
v 0.0067159999161958694 -0.3349809944629669 0.09957200288772583
v 0.006539999973028898 -0.33510199189186096 0.09909199923276901
v 0.006455000024288893 -0.33520498871803284 0.09887000173330307
v 0.006604999769479036 -0.33618199825286865 0.09737399965524673
v 0.006213999819010496 -0.3362550139427185 0.0969809964299202
v 0.006554999854415655 -0.33586999773979187 0.09787499904632568
v 0.0070329997688531876 -0.33547499775886536 0.09844499826431274
v 0.006676000077277422 -0.3352069854736328 0.09879200160503387
v 0.005787999834865332 -0.336573988199234 0.09582799673080444
v 0.0047690002247691154 -0.33694300055503845 0.09297999739646912
v 0.004939999897032976 -0.33679598569869995 0.09343700110912323
v 0.005193999968469143 -0.3367229998111725 0.09415300190448761
v 0.004732999950647354 -0.337460994720459 0.09227800369262695
v 0.0048420000821352005 -0.337116003036499 0.09251400083303452
v 0.004904999863356352 -0.3369689881801605 0.0926629975438118
v 0.004987000022083521 -0.3371979892253876 0.09213300049304962
v 0.005092000123113394 -0.3372800052165985 0.09183800220489502
v 0.010688000358641148 -0.34004899859428406 0.0899529978632927
v 0.010440000332891941 -0.3396899998188019 0.08987800031900406
v 0.009999999776482582 -0.3392089903354645 0.08993600308895111
v 0.009349999949336052 -0.33891698718070984 0.090147003531456
v 0.009289000183343887 -0.3383120000362396 0.09055300056934357
v 0.007830999791622162 -0.33733099699020386 0.09114500135183334
v 0.008577999658882618 -0.3375760018825531 0.0912029966711998
v 0.005535000003874302 -0.3371169865131378 0.09164699912071228
v 0.005450000055134296 -0.33732500672340393 0.09144599735736847
v 0.006554999854415655 -0.3373219966888428 0.09105099737644196
v 0.005671000108122826 -0.3372879922389984 0.09135899692773819
v 0.007304000202566385 -0.3372809886932373 0.09104900062084198
v 0.011873999610543251 -0.3375470042228699 0.09495300054550171
v 0.01221300009638071 -0.337554007768631 0.09592899680137634
v 0.012296999804675579 -0.337552011013031 0.09617199748754501
v 0.012381999753415585 -0.33757099509239197 0.09641999751329422
v 0.012728000059723854 -0.33794599771499634 0.09692099690437317
v 0.011903000064194202 -0.33910301327705383 0.09252200275659561
v 0.011851999908685684 -0.33892399072647095 0.09305199980735779
v 0.011548999696969986 -0.33845600485801697 0.09278900176286697
v 0.01116000022739172 -0.33807700872421265 0.09284999966621399
v 0.011657999828457832 -0.33862200379371643 0.09278500080108643
v 0.011194000020623207 -0.3379479944705963 0.09308599680662155
v 0.011618999764323235 -0.33766698837280273 0.09424600005149841
v 0.011278999969363213 -0.3378640115261078 0.09331200271844864
v 0.011466999538242817 -0.33797499537467957 0.09354200214147568
v 0.011448999866843224 -0.3377299904823303 0.09377200156450272
v 0.011568999849259853 -0.3372800052165985 0.09473200142383575
v 0.011483999900519848 -0.337334007024765 0.09449999779462814
v 0.013404999859631062 -0.3383220136165619 0.09785299748182297
v 0.013555999845266342 -0.3387190103530884 0.09842900186777115
v 0.013040999881923199 -0.337893009185791 0.09734699875116348
v 0.013492999598383904 -0.3388899862766266 0.10012999922037125
v 0.013654000125825405 -0.33816099166870117 0.09882699698209763
v 0.011738999746739864 -0.33992400765419006 0.09110599756240845
v 0.011309999972581863 -0.3400079905986786 0.09045500308275223
v 0.011868000030517578 -0.339495986700058 0.09179399907588959
v 0.011614999733865261 -0.33938801288604736 0.0910400003194809
v 0.011536999605596066 -0.3388980031013489 0.09124100208282471
v 0.01156499981880188 -0.3387799859046936 0.09148100018501282
v 0.011819000355899334 -0.33898499608039856 0.09225499629974365
v 0.0069320001639425755 -0.3348560035228729 0.0994499996304512
v 0.007321999873965979 -0.33494099974632263 0.09987600147724152
v 0.00723899994045496 -0.3347890079021454 0.09960000216960907
v 0.007153000216931105 -0.33480000495910645 0.09935899823904037
v 0.00762900011613965 -0.33497101068496704 0.10004699975252151
v 0.007544999942183495 -0.33475199341773987 0.09975799918174744
v 0.008217999711632729 -0.33496999740600586 0.10031300038099289
v 0.008461999706923962 -0.3348599970340729 0.100273996591568
v 0.00791999977082014 -0.33497199416160583 0.10016900300979614
v 0.008155999705195427 -0.33481499552726746 0.10010000318288803
v 0.00762900011613965 -0.33497101068496704 0.10004699975252151
v 0.01357599999755621 -0.3380039930343628 0.0996439978480339
v 0.013438000343739986 -0.337460994720459 0.09985599666833878
v 0.013005999848246574 -0.3368690013885498 0.10019899904727936
v 0.013213999569416046 -0.3371469974517822 0.10014499723911285
v 0.012993999756872654 -0.33681800961494446 0.10015600174665451
v 0.012910000048577785 -0.336560994386673 0.09985899925231934
v 0.00912499986588955 -0.3348439931869507 0.10003399848937988
v 0.009788000024855137 -0.3351460099220276 0.09986100345849991
v 0.00948300026357174 -0.33493998646736145 0.09965299814939499
v 0.00926200021058321 -0.3348509967327118 0.09971299767494202
v 0.00868299975991249 -0.33479800820350647 0.10018300265073776
v 0.008820000104606152 -0.33471599221229553 0.09984300285577774
v 0.00904100015759468 -0.3347730040550232 0.0997759997844696
v 0.010501000098884106 -0.33549898862838745 0.09912999719381332
v 0.012741999700665474 -0.33633801341056824 0.09932500123977661
v 0.01279400009661913 -0.3363740146160126 0.09876599907875061
v 0.01152000017464161 -0.33594000339508057 0.09858399629592896
v 0.011826000176370144 -0.3360309898853302 0.0987669974565506
v 0.01107800006866455 -0.33576101064682007 0.0987050011754036
v 0.005369000136852264 -0.33663299679756165 0.09535100311040878
v 0.006626000162214041 -0.3349960148334503 0.09931399673223495
v 0.00684700021520257 -0.3349210023880005 0.09922000020742416
v 0.006604999769479036 -0.3350299894809723 0.09926199913024902
v 0.006761999800801277 -0.3350850045681 0.09900999814271927
v 0.006562999915331602 -0.33644899725914 0.09689600020647049
v 0.006910999771207571 -0.33618900179862976 0.0975399985909462
v 0.006450999993830919 -0.33678799867630005 0.09563499689102173
v 0.007726999931037426 -0.335781991481781 0.09836500138044357
v 0.006982999853789806 -0.33510899543762207 0.09893599897623062
v 0.007780000101774931 -0.3356209993362427 0.09848300367593765
v 0.0077309999614953995 -0.33510300517082214 0.09894199669361115
v 0.0058570001274347305 -0.3369170129299164 0.09395600110292435
v 0.004991000052541494 -0.33684900403022766 0.09288199990987778
v 0.005245000123977661 -0.3367669880390167 0.09359599649906158
v 0.005297000054270029 -0.33678799867630005 0.09303300082683563
v 0.005177999846637249 -0.3370789885520935 0.09204000234603882
v 0.005127000156790018 -0.3369010090827942 0.092569999396801
v 0.005398999899625778 -0.33702799677848816 0.09195099771022797
v 0.010746999643743038 -0.3396419882774353 0.09003199636936188
v 0.010466000065207481 -0.33954399824142456 0.08991999924182892
v 0.009866000153124332 -0.33880099654197693 0.09017399698495865
v 0.01025800034403801 -0.33850398659706116 0.09052100032567978
v 0.010528000071644783 -0.339262992143631 0.09003300219774246
v 0.010699000209569931 -0.3387500047683716 0.09041400253772736
v 0.009460999630391598 -0.337924987077713 0.09096000343561172
v 0.008442999795079231 -0.33733299374580383 0.0914750024676323
v 0.007915999740362167 -0.33725500106811523 0.0913740023970604
v 0.0071680000983178616 -0.33713001012802124 0.09134099632501602
v 0.009410999715328217 -0.33771398663520813 0.0914819985628128
v 0.008748999796807766 -0.33736398816108704 0.09164600074291229
v 0.005841000005602837 -0.3370409905910492 0.09179600328207016
v 0.0064199999906122684 -0.3371660113334656 0.09134099632501602
v 0.011645999737083912 -0.33723801374435425 0.09494300186634064
v 0.012078999541699886 -0.33715999126434326 0.09617000073194504
v 0.01216300018131733 -0.33717501163482666 0.09641700237989426
v 0.01285600010305643 -0.3378869891166687 0.09713800251483917
v 0.0124719999730587 -0.3374350070953369 0.09690800309181213
v 0.010634000413119793 -0.3378340005874634 0.0921659991145134
v 0.011295000091195107 -0.3383040130138397 0.09202700108289719
v 0.01105900015681982 -0.3376300036907196 0.09334199875593185
v 0.011314000003039837 -0.3374519944190979 0.0940369963645935
v 0.011144000105559826 -0.3375749886035919 0.09357500076293945
v 0.011363999918103218 -0.33778199553489685 0.09353899955749512
v 0.011229000054299831 -0.33751600980758667 0.09380599856376648
v 0.011553999967873096 -0.33726799488067627 0.09473499655723572
v 0.011092999950051308 -0.33730998635292053 0.09408599883317947
v 0.013586999848484993 -0.3379090130329132 0.09852500259876251
v 0.013313000090420246 -0.3378340005874634 0.09778500348329544
v 0.013496000319719315 -0.3377630114555359 0.09825299680233002
v 0.0131029998883605 -0.33733001351356506 0.09775599837303162
v 0.012721999548375607 -0.3373109996318817 0.09734100103378296
v 0.013585000298917294 -0.3375990092754364 0.09916999936103821
v 0.011442000046372414 -0.33986198902130127 0.0906509980559349
v 0.010765000246465206 -0.33954301476478577 0.09006299823522568
v 0.011138999834656715 -0.33943799138069153 0.09039799869060516
v 0.011225000023841858 -0.33919399976730347 0.09059099853038788
v 0.011394999921321869 -0.33888500928878784 0.09101500362157822
v 0.011481000110507011 -0.338793009519577 0.09123899787664413
v 0.01143100019544363 -0.33846598863601685 0.09173800051212311
v 0.01126100029796362 -0.3385080099105835 0.09125900268554688
v 0.007067999802529812 -0.33490899205207825 0.09913899749517441
v 0.007459999993443489 -0.3347179889678955 0.09950699657201767
v 0.007375000044703484 -0.33479800820350647 0.09927999973297119
v 0.007288999855518341 -0.3349449932575226 0.09906700253486633
v 0.00785099994391203 -0.33477699756622314 0.09992799907922745
v 0.007765999995172024 -0.3346779942512512 0.09966299682855606
v 0.007681000046432018 -0.33471399545669556 0.0994269996881485
v 0.008377999998629093 -0.3347170054912567 0.10000099986791611
v 0.008599000051617622 -0.33469799160957336 0.09991800040006638
v 0.008071999996900558 -0.3346889913082123 0.09983000159263611
v 0.008293000049889088 -0.3346729874610901 0.09974899888038635
v 0.013131000101566315 -0.3367530107498169 0.09982000291347504
v 0.013484999537467957 -0.3374210000038147 0.09955699741840363
v 0.013309000059962273 -0.336993008852005 0.09967000037431717
v 0.012962999753654003 -0.33647099137306213 0.09927400201559067
v 0.009839000180363655 -0.33515098690986633 0.0992949977517128
v 0.009703000076115131 -0.33504799008369446 0.09959699958562851
v 0.009398000314831734 -0.3349420130252838 0.09940899908542633
v 0.009618000127375126 -0.33504098653793335 0.09935099631547928
v 0.009177000261843204 -0.33486101031303406 0.09947100281715393
v 0.008736000396311283 -0.3347280025482178 0.09960199892520905
v 0.008956000208854675 -0.33478501439094543 0.0995350033044815
v 0.00975400023162365 -0.3352139890193939 0.09906399995088577
v 0.010773000307381153 -0.33571600914001465 0.09853000193834305
v 0.009669000282883644 -0.33535701036453247 0.09884999692440033
v 0.013013999909162521 -0.336542010307312 0.09872200340032578
v 0.012624000199139118 -0.3364750146865845 0.09830000251531601
v 0.011129000224173069 -0.33598798513412476 0.09818500280380249
v 0.011621000245213509 -0.3363809883594513 0.09754200279712677
v 0.012097000144422054 -0.33631399273872375 0.09818100184202194
v 0.007437000051140785 -0.3362860083580017 0.09764599800109863
v 0.00762399984523654 -0.3367219865322113 0.09684699773788452
v 0.00723200011998415 -0.33678001165390015 0.09645099937915802
v 0.006976999808102846 -0.3369480073451996 0.09575500339269638
v 0.0071829999797046185 -0.3372049927711487 0.09354300051927567
v 0.00871300045400858 -0.33620399236679077 0.09772200137376785
v 0.008100000210106373 -0.3364869952201843 0.09745100140571594
v 0.007658000104129314 -0.33639800548553467 0.09758999943733215
v 0.007596000097692013 -0.3348270058631897 0.09920699894428253
v 0.008344000205397606 -0.33490198850631714 0.09922900050878525
v 0.007817000150680542 -0.33488699793815613 0.09914100170135498
v 0.0066559999249875546 -0.33713099360466003 0.09344100207090378
v 0.006453999783843756 -0.3370169997215271 0.09211999922990799
v 0.010371999815106392 -0.33840298652648926 0.09073299914598465
v 0.010626999661326408 -0.33840399980545044 0.09084399789571762
v 0.010834000073373318 -0.339262992143631 0.09019699692726135
v 0.011005000211298466 -0.33882999420166016 0.09059499949216843
v 0.010072999633848667 -0.33788400888442993 0.091280996799469
v 0.008612999692559242 -0.33723101019859314 0.0919409990310669
v 0.008306999690830708 -0.3372049927711487 0.09177099913358688
v 0.006810999941080809 -0.3370339870452881 0.09172199666500092
v 0.007780000101774931 -0.3371640145778656 0.09167700260877609
v 0.008833000436425209 -0.33730900287628174 0.09187900274991989
v 0.009580999612808228 -0.3375979959964752 0.09194599837064743
v 0.009801000356674194 -0.337662011384964 0.09188000112771988
v 0.011943000368773937 -0.33698299527168274 0.09645500034093857
v 0.011518999934196472 -0.33701398968696594 0.09524299949407578
v 0.01233300007879734 -0.33721300959587097 0.09691199660301208
v 0.010990000329911709 -0.3380909860134125 0.09181799739599228
v 0.010905999690294266 -0.33809301257133484 0.09157499670982361
v 0.010599999688565731 -0.3380100131034851 0.09139300137758255
v 0.010447000153362751 -0.3374690115451813 0.09297999739646912
v 0.010142000392079353 -0.3374350070953369 0.09280800074338913
v 0.011382999829947948 -0.336887001991272 0.09554000198841095
v 0.013464000076055527 -0.3371860086917877 0.09869399666786194
v 0.013536999933421612 -0.33737701177597046 0.09898100048303604
v 0.013346999883651733 -0.33726799488067627 0.09820500016212463
v 0.012893999926745892 -0.33702000975608826 0.09776800125837326
v 0.013283999636769295 -0.3371340036392212 0.0982000008225441
v 0.012196999974548817 -0.3369620144367218 0.09718199819326401
v 0.013415000401437283 -0.33708199858665466 0.09923800081014633
v 0.01117200031876564 -0.33829501271247864 0.09167200326919556
v 0.010734999552369118 -0.3382129967212677 0.09111200273036957
v 0.011071999557316303 -0.33835598826408386 0.0912960022687912
v 0.007987000048160553 -0.3346779942512512 0.09958499670028687
v 0.007902000099420547 -0.33475399017333984 0.0993570014834404
v 0.008514000102877617 -0.3346939980983734 0.09967400133609772
v 0.008208000101149082 -0.3347170054912567 0.09951400011777878
v 0.008429000154137611 -0.334771990776062 0.09944599866867065
v 0.013267000205814838 -0.3368479907512665 0.09951700270175934
v 0.013182999566197395 -0.33667999505996704 0.09923800081014633
v 0.009313000366091728 -0.33502399921417236 0.09918300062417984
v 0.009534000419080257 -0.3351120054721832 0.09912200272083282
v 0.009092000313103199 -0.33494600653648376 0.09924600273370743
v 0.00865000020712614 -0.3348180055618286 0.09937699884176254
v 0.00887100026011467 -0.33487099409103394 0.09930899739265442
v 0.009940000250935555 -0.3356980085372925 0.09827599674463272
v 0.01029600016772747 -0.3359200060367584 0.0979200005531311
v 0.010975000448524952 -0.33660098910331726 0.09644900262355804
v 0.008984999731183052 -0.3365370035171509 0.09714499861001968
v 0.009548000060021877 -0.33596500754356384 0.09792300313711166
v 0.013318999670445919 -0.33686500787734985 0.09895399957895279
v 0.013148999772965908 -0.33678901195526123 0.09845100343227386
v 0.012942999601364136 -0.3367350101470947 0.0982389971613884
v 0.012233000248670578 -0.33652201294898987 0.09790100157260895
v 0.011416999623179436 -0.33671700954437256 0.09631499648094177
v 0.0077599999494850636 -0.3368459939956665 0.09655000269412994
v 0.007333999965339899 -0.33709201216697693 0.09538300335407257
v 0.007007000036537647 -0.33720099925994873 0.09303499758243561
v 0.008561000227928162 -0.337226003408432 0.09250699728727341
v 0.006794000044465065 -0.3371649980545044 0.09313199669122696
v 0.007794000208377838 -0.3372510075569153 0.0938820019364357
v 0.008372999727725983 -0.33727699518203735 0.09340599924325943
v 0.008728999644517899 -0.3368160128593445 0.09647200256586075
v 0.008123000152409077 -0.3348200023174286 0.09929099678993225
v 0.009258000180125237 -0.3372440040111542 0.09308400005102158
v 0.00961500033736229 -0.33735600113868713 0.09270499646663666
v 0.011126000434160233 -0.33828699588775635 0.09153600037097931
v 0.011040999554097652 -0.3383159935474396 0.09129899740219116
v 0.010040000081062317 -0.3370789885520935 0.0938669964671135
v 0.009564000181853771 -0.3372510075569153 0.09324999898672104
v 0.010160000063478947 -0.33684301376342773 0.09487099945545197
v 0.009990000165998936 -0.3360289931297302 0.09777799993753433
v 0.010040000081062317 -0.3362880051136017 0.09726499766111374
v 0.009393000043928623 -0.3367939889431 0.09623099863529205
v 0.010107999667525291 -0.3367820084095001 0.09542500227689743
v 0.009096999652683735 -0.336681991815567 0.09678400307893753
v 0.007861999794840813 -0.33710700273513794 0.09547200053930283
v 0.008337999694049358 -0.33698201179504395 0.09609799832105637
v 0.0086260000243783 -0.3372659981250763 0.09341699630022049
v 0.008440000005066395 -0.33713099360466003 0.09499599784612656
v 0.009429000318050385 -0.3369610011577606 0.09543000161647797
v 0.009027999825775623 -0.3372209966182709 0.09384600073099136
v 0.008694999851286411 -0.33700600266456604 0.09570100158452988
v 0.009801000356674194 -0.3368619978427887 0.09527699649333954
f 1 2 3
f 1 3 4
f 5 2 1
f 1 6 7
f 7 5 1
f 6 1 4
f 2 8 3
f 9 10 2
f 2 5 9
f 8 2 10
f 3 8 11
f 4 3 11
f 4 12 6
f 11 13 4
f 4 14 12
f 15 14 4
f 4 13 16
f 16 15 4
f 5 17 18
f 5 18 9
f 19 17 5
f 7 20 5
f 20 19 5
f 7 6 21
f 6 22 23
f 23 21 6
f 22 6 12
f 7 24 20
f 21 24 7
f 25 8 10
f 8 25 11
f 10 9 25
f 26 9 18
f 27 25 9
f 9 26 27
f 25 28 11
f 13 11 28
f 12 29 30
f 12 14 31
f 12 31 29
f 12 30 22
f 28 32 13
f 32 33 13
f 16 13 33
f 34 14 15
f 31 14 35
f 35 14 34
f 15 36 34
f 16 37 15
f 36 15 37
f 38 16 33
f 38 39 16
f 16 39 37
f 18 17 40
f 17 19 41
f 41 42 17
f 17 42 43
f 43 40 17
f 18 40 44
f 18 44 26
f 45 41 19
f 46 45 19
f 19 20 46
f 20 47 46
f 48 47 20
f 24 48 20
f 48 24 21
f 21 49 50
f 50 48 21
f 51 49 21
f 51 21 23
f 52 23 22
f 22 30 53
f 53 52 22
f 54 51 23
f 55 54 23
f 55 23 52
f 25 27 56
f 25 56 57
f 25 57 28
f 26 44 27
f 56 27 58
f 59 27 44
f 27 60 61
f 61 58 27
f 27 59 60
f 28 57 62
f 62 32 28
f 30 29 63
f 29 64 63
f 29 31 65
f 64 29 65
f 63 53 30
f 35 65 31
f 62 66 32
f 32 67 33
f 32 66 68
f 67 32 68
f 33 69 38
f 70 33 67
f 33 70 69
f 35 34 36
f 65 35 71
f 35 72 71
f 73 72 35
f 35 36 73
f 73 36 37
f 37 74 73
f 37 75 74
f 39 76 37
f 37 76 75
f 38 77 78
f 69 77 38
f 38 78 39
f 39 78 76
f 44 40 59
f 43 79 40
f 80 40 79
f 59 40 80
f 81 41 82
f 42 41 81
f 45 82 41
f 81 83 42
f 84 42 85
f 84 43 42
f 42 83 85
f 86 79 43
f 86 43 84
f 45 46 82
f 82 46 47
f 47 87 82
f 88 87 47
f 88 47 48
f 48 50 88
f 50 49 89
f 89 49 51
f 50 90 91
f 88 50 91
f 90 50 89
f 90 51 54
f 90 89 51
f 92 93 52
f 55 52 93
f 92 52 53
f 63 94 53
f 53 95 92
f 94 95 53
f 54 96 90
f 55 96 54
f 55 97 96
f 93 97 55
f 58 57 56
f 58 98 57
f 62 57 98
f 99 100 58
f 100 101 58
f 58 102 99
f 58 61 102
f 58 101 98
f 59 80 60
f 103 61 60
f 60 80 104
f 60 105 103
f 60 104 105
f 106 102 61
f 61 103 106
f 107 108 62
f 98 107 62
f 66 62 108
f 94 63 109
f 63 110 109
f 63 64 71
f 71 110 63
f 71 64 65
f 66 108 111
f 68 66 112
f 113 114 66
f 66 111 113
f 115 112 66
f 114 115 66
f 67 68 116
f 67 116 70
f 116 68 112
f 69 117 77
f 70 117 69
f 116 118 70
f 70 118 117
f 119 71 72
f 71 119 110
f 73 74 72
f 74 120 72
f 72 120 121
f 121 119 72
f 120 74 75
f 122 75 123
f 120 75 122
f 123 75 76
f 76 78 123
f 123 78 77
f 77 124 125
f 124 77 117
f 123 77 126
f 126 77 125
f 86 105 79
f 79 105 104
f 104 80 79
f 82 127 81
f 127 128 81
f 129 83 81
f 128 129 81
f 82 130 127
f 130 82 87
f 83 129 85
f 85 131 84
f 84 132 133
f 132 84 131
f 133 86 84
f 85 129 131
f 86 133 134
f 105 86 134
f 135 136 87
f 130 87 136
f 137 135 87
f 137 87 88
f 138 137 88
f 88 91 138
f 139 91 90
f 139 90 140
f 140 90 96
f 139 138 91
f 92 95 93
f 93 141 97
f 142 143 93
f 143 141 93
f 93 95 142
f 94 144 95
f 109 144 94
f 145 95 144
f 145 142 95
f 141 140 96
f 141 96 97
f 98 101 146
f 98 146 147
f 107 98 147
f 148 100 99
f 102 149 99
f 99 149 150
f 150 148 99
f 151 100 148
f 151 146 100
f 100 146 101
f 102 106 149
f 106 103 134
f 105 134 103
f 152 153 106
f 106 134 152
f 153 154 106
f 149 106 154
f 108 107 155
f 156 107 147
f 107 156 157
f 158 155 107
f 107 157 158
f 108 155 111
f 109 159 144
f 159 109 110
f 119 160 110
f 161 162 110
f 160 161 110
f 110 163 159
f 162 164 110
f 164 163 110
f 111 155 158
f 158 165 111
f 113 111 166
f 166 111 165
f 112 115 116
f 114 113 167
f 113 166 167
f 167 168 114
f 168 169 114
f 115 114 170
f 171 114 169
f 170 114 171
f 118 115 172
f 116 115 118
f 172 115 170
f 117 118 124
f 173 118 174
f 118 172 174
f 118 173 124
f 121 160 119
f 121 120 175
f 120 122 175
f 160 121 176
f 121 175 176
f 122 123 177
f 178 175 122
f 177 178 122
f 123 126 177
f 125 124 179
f 180 124 173
f 180 179 124
f 179 181 125
f 182 125 181
f 182 126 125
f 126 183 184
f 126 185 186
f 186 177 126
f 184 185 126
f 182 183 126
f 136 187 127
f 187 128 127
f 136 127 130
f 128 187 188
f 188 129 128
f 131 129 188
f 131 189 190
f 188 189 131
f 131 190 191
f 131 191 132
f 132 192 133
f 132 191 192
f 133 152 134
f 192 152 133
f 193 136 135
f 193 135 137
f 187 136 194
f 193 194 136
f 137 138 193
f 138 195 193
f 195 138 139
f 139 196 195
f 196 139 140
f 196 140 197
f 197 140 141
f 143 197 141
f 198 143 142
f 142 199 198
f 145 200 142
f 199 142 200
f 197 143 198
f 145 144 201
f 201 144 159
f 145 202 200
f 202 145 203
f 203 145 201
f 146 151 147
f 204 147 151
f 204 205 147
f 156 147 205
f 150 206 148
f 151 148 206
f 150 149 154
f 150 207 208
f 150 154 153
f 153 207 150
f 150 208 206
f 151 206 204
f 153 152 192
f 207 153 192
f 157 156 209
f 210 209 156
f 156 205 210
f 209 211 157
f 212 158 157
f 157 211 212
f 165 158 212
f 159 213 201
f 213 159 163
f 176 161 160
f 161 214 162
f 214 161 215
f 216 215 161
f 161 176 217
f 216 161 217
f 218 164 162
f 214 218 162
f 163 164 219
f 213 163 219
f 218 219 164
f 165 220 221
f 165 212 220
f 165 222 167
f 165 167 166
f 222 165 221
f 167 222 168
f 169 168 222
f 222 223 169
f 224 169 223
f 225 169 224
f 226 171 169
f 225 226 169
f 170 227 172
f 227 170 171
f 171 228 229
f 229 227 171
f 230 231 171
f 171 231 228
f 171 226 230
f 227 174 172
f 232 173 174
f 173 232 233
f 233 180 173
f 174 234 232
f 174 227 229
f 234 174 235
f 235 174 229
f 175 217 176
f 175 178 217
f 178 177 186
f 178 236 217
f 236 178 186
f 237 181 179
f 237 179 180
f 180 233 237
f 181 238 182
f 181 239 238
f 239 181 237
f 240 182 238
f 183 182 241
f 182 240 241
f 242 184 183
f 243 183 241
f 242 183 243
f 242 185 184
f 236 186 185
f 244 236 185
f 244 185 242
f 188 187 245
f 194 246 187
f 187 246 245
f 247 189 188
f 245 248 188
f 248 247 188
f 247 190 189
f 247 249 190
f 250 251 190
f 190 249 252
f 191 190 251
f 250 190 252
f 191 253 192
f 191 251 253
f 192 254 207
f 254 192 253
f 194 193 195
f 255 194 256
f 255 246 194
f 195 256 194
f 195 257 258
f 196 257 195
f 258 256 195
f 198 196 197
f 198 257 196
f 258 257 198
f 198 259 258
f 198 260 259
f 199 260 198
f 200 202 199
f 261 260 199
f 202 261 199
f 262 203 201
f 262 201 263
f 263 201 213
f 202 264 265
f 261 202 265
f 264 202 203
f 262 264 203
f 206 208 204
f 208 266 204
f 267 204 266
f 205 204 267
f 268 210 205
f 205 269 268
f 267 269 205
f 208 207 270
f 254 271 207
f 207 271 270
f 270 272 208
f 272 266 208
f 209 210 273
f 273 211 209
f 274 210 268
f 210 275 273
f 274 275 210
f 220 211 276
f 276 211 273
f 212 211 220
f 219 277 213
f 277 263 213
f 218 214 278
f 214 215 279
f 214 279 278
f 215 280 279
f 281 282 215
f 215 282 280
f 283 215 216
f 283 281 215
f 216 217 284
f 216 284 283
f 236 284 217
f 278 285 218
f 218 285 286
f 286 219 218
f 219 286 277
f 221 220 287
f 287 220 288
f 276 275 220
f 275 288 220
f 221 287 222
f 222 289 290
f 222 287 289
f 290 223 222
f 223 291 224
f 291 223 290
f 224 292 293
f 225 224 294
f 292 224 291
f 294 224 293
f 295 226 225
f 295 225 296
f 294 296 225
f 230 226 295
f 228 297 229
f 298 228 231
f 228 298 299
f 300 297 228
f 300 228 299
f 297 235 229
f 230 295 231
f 231 296 301
f 231 295 296
f 302 298 231
f 301 302 231
f 237 232 234
f 233 232 237
f 234 235 297
f 297 237 234
f 284 236 244
f 237 297 239
f 303 238 239
f 303 240 238
f 304 303 239
f 239 300 304
f 300 239 297
f 241 240 303
f 303 304 241
f 304 305 241
f 243 241 306
f 306 241 305
f 242 307 308
f 307 242 243
f 308 244 242
f 243 309 307
f 309 243 306
f 283 284 244
f 310 283 244
f 308 310 244
f 245 311 248
f 245 246 312
f 312 311 245
f 255 312 246
f 248 249 247
f 313 249 248
f 313 248 311
f 313 252 249
f 253 251 250
f 252 314 250
f 315 250 314
f 253 250 315
f 316 317 252
f 318 316 252
f 252 317 314
f 252 313 319
f 319 318 252
f 253 271 254
f 315 271 253
f 255 256 320
f 312 255 321
f 320 322 255
f 321 255 322
f 320 256 258
f 258 259 323
f 320 258 323
f 323 259 260
f 260 324 325
f 325 326 260
f 260 261 324
f 260 326 323
f 261 327 328
f 327 261 329
f 328 324 261
f 265 329 261
f 330 264 262
f 331 330 262
f 331 262 277
f 262 263 277
f 330 265 264
f 329 265 332
f 332 265 330
f 333 267 266
f 266 272 333
f 333 334 267
f 334 269 267
f 268 334 335
f 268 269 334
f 268 336 274
f 336 268 335
f 272 270 337
f 270 271 337
f 271 317 337
f 315 317 271
f 337 338 272
f 333 272 338
f 275 276 273
f 336 275 274
f 288 275 336
f 277 339 331
f 340 277 286
f 339 277 340
f 279 285 278
f 286 285 279
f 286 279 340
f 341 279 280
f 279 341 340
f 282 342 280
f 280 342 341
f 281 343 282
f 343 281 344
f 345 344 281
f 345 281 283
f 282 343 342
f 283 310 346
f 283 346 345
f 288 347 287
f 287 348 349
f 347 348 287
f 287 350 351
f 350 287 349
f 289 287 351
f 288 336 352
f 288 352 347
f 351 290 289
f 290 351 353
f 290 353 291
f 291 353 354
f 291 354 292
f 293 292 355
f 354 356 292
f 292 356 355
f 294 293 357
f 355 358 293
f 357 293 358
f 357 296 294
f 296 357 359
f 301 296 359
f 360 361 298
f 298 302 362
f 298 363 360
f 299 298 361
f 298 362 363
f 361 300 299
f 364 304 300
f 361 364 300
f 302 301 359
f 365 362 302
f 302 359 365
f 304 366 305
f 366 304 367
f 368 367 304
f 369 368 304
f 369 304 364
f 305 366 370
f 306 305 370
f 371 309 306
f 370 372 306
f 306 372 373
f 373 371 306
f 374 308 307
f 374 307 309
f 308 375 310
f 376 308 374
f 375 308 376
f 374 309 371
f 346 310 375
f 311 377 313
f 312 377 311
f 378 377 312
f 378 312 321
f 319 313 377
f 314 317 315
f 379 317 316
f 316 318 380
f 316 380 379
f 338 337 317
f 379 338 317
f 381 318 319
f 380 318 381
f 382 383 319
f 319 384 382
f 319 383 381
f 384 319 378
f 378 319 377
f 320 385 322
f 323 385 320
f 321 386 378
f 387 388 321
f 386 321 388
f 385 387 321
f 321 322 385
f 323 389 387
f 323 387 385
f 326 389 323
f 324 390 325
f 390 324 391
f 391 324 328
f 392 325 390
f 326 325 393
f 325 392 394
f 394 393 325
f 395 326 396
f 326 395 389
f 393 396 326
f 327 391 328
f 397 391 327
f 327 329 398
f 397 327 398
f 332 331 329
f 329 331 398
f 332 330 331
f 339 398 331
f 335 333 399
f 338 400 333
f 400 399 333
f 333 335 334
f 399 401 335
f 335 401 402
f 335 352 336
f 335 402 352
f 338 379 400
f 398 339 403
f 403 339 404
f 340 404 339
f 342 340 341
f 404 340 342
f 405 404 342
f 405 342 343
f 343 406 407
f 343 344 408
f 407 405 343
f 408 406 343
f 344 345 409
f 409 408 344
f 345 410 409
f 410 345 411
f 411 345 346
f 375 412 346
f 411 346 412
f 352 413 347
f 347 413 348
f 414 349 348
f 414 348 413
f 415 349 414
f 349 415 416
f 349 417 418
f 416 417 349
f 349 418 350
f 351 350 353
f 418 419 350
f 420 350 419
f 420 353 350
f 352 402 413
f 353 420 421
f 421 354 353
f 356 354 421
f 355 422 358
f 355 423 422
f 356 423 355
f 424 425 356
f 425 426 356
f 421 424 356
f 423 356 426
f 358 359 357
f 427 365 358
f 358 428 427
f 358 365 359
f 422 428 358
f 361 360 429
f 430 360 431
f 360 363 431
f 429 360 430
f 432 433 361
f 433 364 361
f 361 429 432
f 365 363 362
f 365 427 363
f 363 427 434
f 363 434 431
f 364 435 369
f 433 435 364
f 370 366 436
f 436 366 437
f 367 437 366
f 367 368 438
f 367 438 437
f 368 435 438
f 435 368 369
f 372 370 436
f 439 440 371
f 441 439 371
f 440 374 371
f 371 373 441
f 372 436 373
f 373 442 443
f 443 444 373
f 373 444 441
f 373 436 442
f 440 445 374
f 374 445 446
f 374 446 376
f 446 447 375
f 447 448 375
f 375 448 412
f 376 446 375
f 384 378 386
f 400 379 449
f 449 379 450
f 379 380 450
f 381 451 380
f 450 380 451
f 381 452 451
f 383 453 381
f 452 381 453
f 454 383 382
f 382 455 454
f 456 382 384
f 455 382 456
f 454 457 383
f 383 457 453
f 455 456 384
f 386 455 384
f 458 455 386
f 388 458 386
f 388 387 395
f 389 395 387
f 459 388 395
f 388 459 458
f 390 460 392
f 391 460 390
f 461 460 391
f 461 391 462
f 462 391 397
f 392 463 464
f 392 465 466
f 466 394 392
f 392 460 463
f 467 465 392
f 467 392 464
f 466 393 394
f 468 396 393
f 393 466 468
f 396 469 395
f 469 459 395
f 470 469 396
f 470 396 468
f 398 462 397
f 398 403 462
f 400 471 399
f 401 399 472
f 471 472 399
f 400 449 471
f 472 402 401
f 472 413 402
f 403 405 473
f 473 462 403
f 403 404 405
f 405 407 474
f 474 473 405
f 406 475 407
f 406 476 475
f 476 406 408
f 407 475 474
f 409 476 408
f 477 476 409
f 478 477 409
f 479 409 410
f 479 478 409
f 410 480 479
f 481 410 411
f 480 410 481
f 482 481 411
f 482 411 483
f 411 484 483
f 484 411 448
f 411 412 448
f 413 472 414
f 472 471 414
f 415 414 471
f 471 416 415
f 485 416 471
f 485 417 416
f 418 417 486
f 487 417 485
f 487 486 417
f 419 418 486
f 419 486 488
f 488 489 419
f 419 489 420
f 490 420 489
f 421 420 490
f 421 491 424
f 421 490 491
f 422 492 428
f 426 422 423
f 422 426 493
f 494 492 422
f 422 493 494
f 424 491 425
f 495 425 491
f 495 426 425
f 493 426 495
f 428 496 427
f 434 427 496
f 428 492 497
f 496 428 498
f 498 428 497
f 499 432 429
f 500 501 429
f 429 430 500
f 502 429 501
f 503 429 502
f 504 499 429
f 504 429 503
f 500 430 431
f 431 434 505
f 505 500 431
f 433 432 499
f 506 435 433
f 504 507 433
f 506 433 507
f 433 499 504
f 434 508 505
f 496 508 434
f 509 438 435
f 435 506 509
f 442 436 437
f 437 438 510
f 437 510 442
f 511 510 438
f 438 509 511
f 439 512 440
f 439 513 514
f 439 515 512
f 515 439 484
f 516 439 441
f 513 439 516
f 439 514 484
f 440 512 445
f 444 517 441
f 441 518 516
f 518 441 519
f 517 519 441
f 442 520 443
f 442 510 520
f 443 521 517
f 443 520 522
f 443 517 444
f 443 522 521
f 447 446 445
f 512 447 445
f 515 447 512
f 448 447 515
f 484 448 515
f 471 449 485
f 450 523 449
f 485 449 523
f 450 524 523
f 450 451 524
f 524 451 452
f 453 525 452
f 452 525 524
f 525 453 457
f 457 454 526
f 455 527 454
f 454 527 526
f 528 527 455
f 455 458 528
f 526 529 457
f 457 529 525
f 458 530 528
f 531 530 458
f 531 458 459
f 531 459 469
f 460 461 463
f 462 463 461
f 473 463 462
f 463 532 464
f 463 473 532
f 464 533 467
f 534 535 464
f 532 536 464
f 464 536 534
f 464 535 537
f 537 533 464
f 466 465 538
f 465 467 533
f 539 540 465
f 533 539 465
f 541 538 465
f 465 540 542
f 542 541 465
f 538 468 466
f 468 538 541
f 543 470 468
f 544 543 468
f 468 541 544
f 469 545 531
f 546 545 469
f 470 546 469
f 546 470 547
f 543 547 470
f 532 473 548
f 548 473 474
f 548 474 475
f 548 475 549
f 550 549 475
f 476 550 475
f 550 476 551
f 476 477 551
f 478 551 477
f 552 553 478
f 478 553 551
f 552 478 479
f 480 554 479
f 479 554 555
f 552 479 555
f 555 554 480
f 555 480 481
f 556 481 557
f 481 556 555
f 482 557 481
f 558 482 483
f 558 557 482
f 483 559 558
f 560 559 483
f 560 483 484
f 561 560 484
f 484 514 561
f 562 485 563
f 485 523 563
f 487 485 562
f 564 565 486
f 486 487 564
f 486 565 488
f 562 564 487
f 488 566 489
f 566 488 565
f 567 568 489
f 567 489 566
f 489 568 490
f 569 490 568
f 569 570 490
f 495 490 570
f 491 490 495
f 497 492 494
f 495 571 493
f 494 493 572
f 493 571 572
f 494 573 497
f 573 494 574
f 575 574 494
f 575 494 572
f 576 577 495
f 570 576 495
f 578 579 495
f 495 580 571
f 495 577 581
f 578 495 581
f 579 580 495
f 496 582 508
f 582 496 583
f 496 498 583
f 498 497 573
f 584 498 585
f 584 583 498
f 498 573 574
f 498 586 585
f 586 498 574
f 505 501 500
f 501 585 587
f 501 505 584
f 587 502 501
f 501 584 585
f 588 589 502
f 588 502 587
f 589 503 502
f 503 589 504
f 590 507 504
f 591 592 504
f 592 593 504
f 590 504 593
f 589 591 504
f 584 505 508
f 509 506 594
f 507 595 506
f 506 595 594
f 596 595 507
f 590 597 507
f 597 596 507
f 584 508 598
f 582 598 508
f 594 599 509
f 511 509 599
f 511 520 510
f 520 511 522
f 522 511 599
f 514 513 600
f 600 513 516
f 601 561 514
f 601 514 600
f 516 518 602
f 600 516 602
f 517 603 604
f 517 604 519
f 603 517 521
f 519 604 518
f 604 605 518
f 602 518 606
f 518 605 606
f 607 521 599
f 607 603 521
f 521 522 599
f 563 523 524
f 524 525 529
f 524 529 608
f 524 608 563
f 609 529 526
f 609 526 610
f 611 526 527
f 612 610 526
f 612 526 611
f 613 611 527
f 528 613 527
f 614 613 528
f 528 530 615
f 615 614 528
f 608 529 609
f 530 616 615
f 530 531 617
f 617 618 530
f 618 616 530
f 619 617 531
f 531 545 619
f 548 536 532
f 533 537 539
f 534 620 535
f 621 622 534
f 534 536 621
f 623 620 534
f 623 534 622
f 535 620 624
f 537 535 624
f 548 621 536
f 624 539 537
f 539 625 540
f 625 539 624
f 626 542 540
f 627 626 540
f 627 540 625
f 541 626 628
f 541 628 544
f 542 626 541
f 547 543 544
f 544 545 547
f 629 545 544
f 628 629 544
f 630 545 629
f 547 545 546
f 545 630 619
f 631 632 548
f 633 631 548
f 548 549 633
f 548 632 634
f 621 548 634
f 633 549 635
f 549 550 635
f 635 550 553
f 553 550 551
f 553 552 635
f 552 636 635
f 636 552 556
f 552 555 556
f 637 556 557
f 556 638 639
f 556 639 636
f 637 640 556
f 640 638 556
f 637 557 558
f 558 641 637
f 641 558 642
f 642 558 643
f 644 643 558
f 559 644 558
f 645 644 559
f 646 559 560
f 645 559 646
f 646 560 647
f 647 560 561
f 601 647 561
f 563 648 562
f 648 649 562
f 564 562 649
f 563 650 648
f 608 650 563
f 651 565 564
f 564 652 651
f 564 649 652
f 565 651 566
f 653 566 651
f 566 653 567
f 654 568 567
f 655 567 653
f 567 655 656
f 654 567 657
f 567 656 657
f 568 654 569
f 657 569 654
f 569 657 570
f 570 657 658
f 659 570 658
f 570 659 576
f 571 580 660
f 575 571 661
f 661 571 660
f 572 571 575
f 586 574 575
f 575 662 586
f 663 664 575
f 661 663 575
f 665 666 575
f 662 575 666
f 575 664 665
f 576 659 577
f 577 667 581
f 577 659 667
f 579 578 668
f 669 578 581
f 578 669 668
f 670 580 579
f 670 579 668
f 580 670 660
f 671 581 667
f 672 581 671
f 672 673 581
f 581 673 674
f 581 674 669
f 583 598 582
f 584 598 583
f 587 585 586
f 586 675 587
f 586 662 676
f 675 586 676
f 675 677 587
f 587 677 588
f 678 589 588
f 588 679 678
f 677 679 588
f 591 589 680
f 589 678 680
f 681 682 590
f 590 683 681
f 683 590 684
f 684 590 593
f 682 597 590
f 591 685 592
f 680 685 591
f 686 593 592
f 687 592 685
f 686 592 688
f 687 688 592
f 684 593 686
f 599 594 689
f 689 594 595
f 596 689 595
f 690 689 596
f 690 596 691
f 596 597 691
f 691 597 682
f 607 599 689
f 692 693 600
f 600 602 692
f 600 693 601
f 601 694 647
f 695 601 696
f 697 696 601
f 601 693 697
f 694 601 695
f 698 699 602
f 602 606 698
f 692 602 699
f 605 604 603
f 603 700 605
f 701 700 603
f 702 603 607
f 702 701 603
f 700 703 605
f 698 605 703
f 606 605 698
f 607 689 704
f 704 702 607
f 609 705 608
f 650 608 705
f 610 705 609
f 706 610 612
f 705 610 707
f 706 707 610
f 611 613 612
f 612 613 706
f 614 708 613
f 613 708 709
f 613 709 706
f 614 710 708
f 711 710 614
f 615 711 614
f 615 712 711
f 615 616 712
f 713 616 618
f 713 712 616
f 618 617 619
f 714 618 619
f 714 713 618
f 619 715 714
f 619 716 715
f 630 716 619
f 717 624 620
f 620 623 718
f 719 717 620
f 718 720 620
f 620 720 719
f 621 721 622
f 634 721 621
f 722 723 622
f 622 724 623
f 723 725 622
f 622 721 722
f 622 726 724
f 622 725 726
f 724 718 623
f 717 625 624
f 727 627 625
f 728 625 717
f 729 727 625
f 625 728 729
f 626 730 628
f 731 730 626
f 627 731 626
f 732 731 627
f 627 727 732
f 730 630 628
f 629 628 630
f 730 733 630
f 733 716 630
f 632 631 734
f 633 734 631
f 632 639 723
f 634 632 723
f 734 639 632
f 633 639 734
f 636 639 633
f 635 636 633
f 634 722 721
f 723 722 634
f 637 735 640
f 637 641 735
f 638 723 639
f 723 638 736
f 737 736 638
f 737 638 640
f 640 738 737
f 640 735 739
f 738 640 739
f 739 641 642
f 641 739 735
f 642 740 741
f 741 742 642
f 642 742 739
f 642 743 740
f 642 643 644
f 645 642 644
f 744 743 642
f 642 645 744
f 645 745 744
f 645 746 747
f 747 745 645
f 746 645 646
f 646 647 746
f 746 647 748
f 647 694 749
f 748 647 750
f 749 750 647
f 648 751 752
f 650 751 648
f 753 648 754
f 648 753 755
f 648 755 649
f 648 752 754
f 649 755 652
f 705 751 650
f 653 651 756
f 652 756 651
f 757 655 652
f 652 655 756
f 757 652 755
f 653 756 655
f 655 757 758
f 759 655 758
f 759 656 655
f 656 759 657
f 760 761 657
f 657 762 760
f 657 761 763
f 759 762 657
f 657 763 658
f 764 658 763
f 659 658 764
f 659 764 671
f 667 659 671
f 660 765 661
f 765 660 670
f 661 765 766
f 663 661 766
f 676 662 666
f 766 664 663
f 665 664 766
f 665 767 666
f 768 769 665
f 665 770 771
f 766 770 665
f 769 767 665
f 768 665 771
f 772 676 666
f 666 767 773
f 772 666 773
f 668 669 774
f 668 774 775
f 668 775 670
f 776 669 777
f 674 777 669
f 778 774 669
f 778 669 776
f 775 765 670
f 779 671 764
f 671 779 672
f 777 674 672
f 674 673 672
f 779 777 672
f 675 676 677
f 677 676 780
f 676 772 780
f 781 677 780
f 781 679 677
f 782 680 678
f 678 679 783
f 783 782 678
f 781 783 679
f 784 685 680
f 785 784 680
f 786 785 680
f 680 782 787
f 786 680 787
f 788 682 681
f 789 681 790
f 681 789 788
f 791 790 681
f 681 792 791
f 792 681 683
f 788 691 682
f 688 683 684
f 793 794 683
f 683 688 687
f 683 687 793
f 683 794 792
f 686 688 684
f 784 687 685
f 785 795 687
f 687 784 785
f 795 793 687
f 689 690 704
f 796 704 690
f 789 796 690
f 691 789 690
f 789 691 788
f 797 693 692
f 699 797 692
f 693 797 697
f 695 749 694
f 696 798 695
f 799 749 695
f 695 798 799
f 697 800 696
f 696 800 801
f 696 801 802
f 798 696 802
f 803 800 697
f 697 797 803
f 699 698 804
f 698 805 804
f 805 698 703
f 797 699 804
f 703 700 701
f 703 701 796
f 701 702 796
f 702 704 796
f 805 703 806
f 796 806 703
f 705 807 752
f 705 752 751
f 705 707 807
f 808 809 706
f 709 808 706
f 706 809 810
f 706 810 707
f 810 811 707
f 707 811 807
f 812 708 710
f 708 813 709
f 812 813 708
f 813 808 709
f 814 812 710
f 710 711 713
f 713 714 710
f 710 815 814
f 815 710 714
f 712 713 711
f 714 816 815
f 715 816 714
f 816 715 817
f 715 818 817
f 819 715 716
f 818 715 819
f 820 819 716
f 733 820 716
f 717 719 821
f 717 821 728
f 822 823 718
f 824 718 823
f 720 718 824
f 718 724 825
f 822 718 825
f 821 719 720
f 728 720 824
f 720 728 821
f 723 736 725
f 726 825 724
f 726 725 826
f 826 725 827
f 827 725 736
f 726 828 829
f 826 828 726
f 829 825 726
f 830 732 727
f 727 831 832
f 727 832 830
f 729 831 727
f 833 729 728
f 728 824 833
f 834 831 729
f 729 833 834
f 835 733 730
f 731 835 730
f 731 836 835
f 836 731 732
f 830 837 732
f 837 836 732
f 733 838 820
f 835 838 733
f 839 736 737
f 827 736 839
f 738 839 737
f 840 839 738
f 738 742 840
f 738 739 742
f 841 741 740
f 841 740 743
f 742 741 841
f 842 843 742
f 742 843 840
f 742 844 842
f 844 742 841
f 841 743 845
f 743 744 846
f 743 846 845
f 744 745 847
f 744 847 846
f 848 745 747
f 847 745 848
f 746 849 747
f 748 850 746
f 746 850 851
f 849 746 852
f 852 746 853
f 851 853 746
f 747 849 848
f 850 748 854
f 748 855 854
f 748 856 857
f 857 855 748
f 750 856 748
f 858 750 749
f 749 859 858
f 859 749 799
f 856 750 858
f 752 807 754
f 754 860 753
f 860 758 753
f 757 753 758
f 755 753 757
f 807 861 754
f 754 861 862
f 862 863 754
f 860 754 863
f 758 860 864
f 758 864 759
f 759 865 866
f 762 759 866
f 864 865 759
f 760 867 761
f 760 762 866
f 760 868 867
f 760 866 869
f 868 760 869
f 761 867 870
f 763 761 764
f 764 761 870
f 870 871 764
f 764 872 779
f 871 872 764
f 765 775 873
f 874 765 873
f 765 874 875
f 766 765 875
f 875 770 766
f 769 773 767
f 773 769 768
f 876 773 768
f 877 768 771
f 768 877 878
f 768 879 876
f 879 768 878
f 771 770 880
f 875 881 770
f 882 770 881
f 770 882 880
f 771 880 877
f 773 876 772
f 772 876 883
f 772 883 884
f 780 772 884
f 775 774 778
f 873 775 778
f 885 776 777
f 776 885 886
f 778 776 886
f 887 888 777
f 888 889 777
f 777 779 887
f 890 891 777
f 891 892 777
f 777 889 890
f 777 892 885
f 873 778 886
f 872 887 779
f 780 893 781
f 780 884 894
f 893 780 894
f 895 783 781
f 895 781 896
f 781 893 897
f 781 897 898
f 896 781 898
f 782 783 895
f 895 899 782
f 899 787 782
f 795 785 900
f 901 900 785
f 786 901 785
f 787 902 786
f 901 786 903
f 902 903 786
f 787 899 902
f 790 806 789
f 806 796 789
f 790 904 806
f 790 791 905
f 906 904 790
f 905 906 790
f 907 791 908
f 905 791 907
f 908 791 909
f 792 909 791
f 910 792 794
f 909 792 910
f 794 793 795
f 911 910 794
f 794 912 911
f 912 794 795
f 795 900 912
f 913 797 804
f 803 797 913
f 799 798 802
f 914 799 802
f 915 799 855
f 799 914 855
f 799 915 859
f 803 916 800
f 916 801 800
f 802 801 916
f 917 914 802
f 802 916 917
f 916 803 917
f 918 803 913
f 918 917 803
f 913 804 919
f 920 804 805
f 920 919 804
f 805 921 920
f 806 921 805
f 806 904 921
f 811 861 807
f 922 809 808
f 808 813 923
f 923 922 808
f 810 809 922
f 810 924 925
f 811 810 925
f 924 810 922
f 861 811 925
f 814 923 812
f 813 812 923
f 815 926 814
f 923 814 926
f 816 926 815
f 817 927 816
f 816 927 928
f 928 926 816
f 927 817 929
f 818 929 817
f 819 820 818
f 818 820 930
f 930 929 818
f 820 838 930
f 822 931 823
f 822 932 931
f 932 822 933
f 825 933 822
f 824 823 934
f 931 934 823
f 833 824 934
f 935 933 825
f 935 825 829
f 826 936 828
f 827 936 826
f 827 839 840
f 840 937 827
f 937 936 827
f 829 828 938
f 828 939 940
f 939 828 936
f 940 938 828
f 938 935 829
f 832 837 830
f 832 831 941
f 834 941 831
f 832 942 837
f 941 943 832
f 944 942 832
f 944 832 943
f 833 934 945
f 945 834 833
f 946 834 947
f 946 941 834
f 834 945 948
f 947 834 948
f 835 949 838
f 835 836 949
f 949 836 942
f 836 837 942
f 949 930 838
f 937 840 950
f 951 950 840
f 952 951 840
f 952 840 843
f 841 845 953
f 954 955 841
f 953 954 841
f 956 844 841
f 955 956 841
f 952 843 842
f 842 844 952
f 952 844 956
f 846 957 845
f 845 957 958
f 958 953 845
f 846 959 960
f 846 960 957
f 847 959 846
f 961 847 962
f 962 847 849
f 961 959 847
f 847 848 849
f 849 963 962
f 849 852 963
f 851 850 854
f 964 853 851
f 854 964 851
f 852 964 854
f 854 965 852
f 965 963 852
f 852 853 964
f 854 966 967
f 855 966 854
f 965 854 967
f 914 968 855
f 855 857 915
f 855 969 970
f 970 966 855
f 969 855 971
f 972 971 855
f 855 968 972
f 857 856 859
f 858 859 856
f 859 915 857
f 864 860 863
f 862 861 973
f 925 973 861
f 862 973 863
f 973 974 863
f 863 974 975
f 863 975 864
f 864 975 865
f 976 866 865
f 865 975 976
f 866 976 869
f 977 867 868
f 870 867 977
f 978 979 868
f 979 980 868
f 981 868 980
f 868 869 978
f 868 981 977
f 976 978 869
f 870 982 983
f 977 984 870
f 984 982 870
f 871 870 983
f 983 985 871
f 871 985 872
f 986 872 985
f 887 872 986
f 873 987 988
f 886 987 873
f 989 873 988
f 873 989 990
f 990 874 873
f 990 991 874
f 874 991 992
f 875 874 992
f 992 881 875
f 879 883 876
f 993 877 882
f 877 880 882
f 878 877 994
f 994 877 993
f 878 995 996
f 996 879 878
f 994 995 878
f 883 879 996
f 997 993 881
f 998 881 992
f 999 881 998
f 881 999 997
f 881 993 882
f 884 883 995
f 883 996 995
f 1000 894 884
f 884 995 1000
f 1001 885 892
f 886 885 1001
f 987 886 1001
f 887 986 888
f 1002 888 986
f 1002 1003 888
f 888 1003 889
f 889 1004 890
f 1004 889 1003
f 890 1004 891
f 891 1004 1005
f 1006 892 891
f 1006 891 1005
f 892 1006 1001
f 897 893 894
f 894 1000 1007
f 894 1008 897
f 1008 894 1007
f 896 1009 895
f 899 895 1009
f 896 1010 1009
f 898 1011 896
f 1012 896 1011
f 1012 1010 896
f 898 897 1008
f 898 1013 1011
f 1013 898 1008
f 902 899 1009
f 912 900 901
f 1014 912 901
f 1014 901 903
f 902 1009 1015
f 903 902 1016
f 1015 1016 902
f 1016 1017 903
f 903 1017 1018
f 1014 903 1018
f 906 921 904
f 1019 1020 905
f 1020 906 905
f 905 907 1019
f 1020 1021 906
f 906 1021 921
f 907 908 1022
f 1023 1024 907
f 1024 1019 907
f 1023 907 1022
f 1025 1026 908
f 908 909 1025
f 908 1026 1022
f 909 910 1027
f 1025 909 1027
f 910 911 1028
f 1027 910 1028
f 1028 911 912
f 1029 1028 912
f 912 1014 1029
f 913 1030 1031
f 1032 1030 913
f 918 913 1031
f 919 1032 913
f 917 1033 914
f 968 914 1034
f 1034 914 1033
f 917 1035 1033
f 1036 917 918
f 1036 1035 917
f 918 1031 1037
f 918 1038 1036
f 1037 1038 918
f 1039 919 920
f 1032 919 1039
f 920 921 1021
f 1021 1039 920
f 1040 1041 922
f 1041 1042 922
f 922 1042 924
f 923 1040 922
f 1040 923 1043
f 1044 923 926
f 1044 1043 923
f 1045 925 924
f 1046 924 1042
f 1045 924 1046
f 925 1045 973
f 1044 926 928
f 927 1044 928
f 1047 1048 927
f 1049 1044 927
f 1048 1049 927
f 1047 927 929
f 929 1050 1047
f 1050 929 930
f 1050 930 1051
f 930 949 1051
f 945 934 931
f 931 1052 945
f 931 932 1052
f 1053 1054 932
f 932 1055 1053
f 1055 932 933
f 1052 932 1054
f 933 935 1056
f 933 1056 1055
f 1056 935 938
f 936 937 939
f 937 1057 1058
f 1059 1057 937
f 950 1059 937
f 939 937 1058
f 938 1060 1056
f 940 1060 938
f 1061 940 939
f 1061 939 1062
f 1058 1062 939
f 940 1061 1063
f 1063 1060 940
f 941 1064 943
f 941 946 1064
f 944 949 942
f 1064 1065 943
f 943 1066 944
f 1065 1066 943
f 949 944 1051
f 1066 1051 944
f 948 945 1052
f 947 1067 946
f 1064 946 1067
f 1068 1067 947
f 1069 947 1070
f 1069 1068 947
f 1071 1070 947
f 1054 1071 947
f 1054 947 948
f 1052 1054 948
f 950 951 1072
f 1059 950 1072
f 951 1073 1072
f 951 952 956
f 1073 951 956
f 954 953 1074
f 953 958 1074
f 955 954 1075
f 954 1074 1076
f 1075 954 1076
f 1077 1078 955
f 1079 1077 955
f 1073 956 955
f 955 1078 1073
f 955 1080 1079
f 1075 1080 955
f 957 1081 1076
f 957 1076 958
f 1082 957 960
f 957 1082 1081
f 1076 1074 958
f 1083 960 959
f 1083 959 961
f 1084 1082 960
f 1083 1084 960
f 962 1085 961
f 1086 1087 961
f 1085 1088 961
f 961 1087 1083
f 1088 1086 961
f 962 963 1089
f 1089 1085 962
f 965 1090 963
f 963 1090 1089
f 967 1091 965
f 1091 1092 965
f 1092 1090 965
f 1091 967 966
f 966 1093 1094
f 966 1094 1095
f 966 970 1096
f 1096 1093 966
f 1095 1091 966
f 1034 1097 968
f 972 968 1097
f 1096 970 969
f 969 1098 1099
f 969 971 1098
f 1099 1096 969
f 1098 971 972
f 1098 972 1100
f 1097 1100 972
f 974 973 1045
f 974 1045 1101
f 976 974 1101
f 975 974 976
f 976 1102 1103
f 976 1104 1102
f 1101 1104 976
f 978 976 1103
f 977 1105 1106
f 1106 984 977
f 977 981 1105
f 979 978 1107
f 978 1103 1107
f 1107 1108 979
f 1109 1110 979
f 1108 1109 979
f 980 979 1110
f 1111 980 1110
f 981 980 1112
f 1112 980 1111
f 1112 1105 981
f 982 985 983
f 1106 982 984
f 1113 982 1114
f 982 1106 1114
f 985 982 1113
f 1115 985 1113
f 986 985 1115
f 1115 1002 986
f 987 1116 988
f 1001 1006 987
f 1006 1117 987
f 1118 987 1117
f 1118 1116 987
f 988 1119 989
f 988 1116 1119
f 989 1119 1120
f 991 990 989
f 989 1120 991
f 991 1120 1121
f 1122 992 991
f 1122 991 1121
f 992 1123 998
f 1123 992 1122
f 1124 1125 993
f 997 1124 993
f 1126 993 1125
f 1126 1127 993
f 993 1128 994
f 1128 993 1127
f 1000 995 994
f 994 1129 1000
f 1129 994 1130
f 994 1128 1130
f 997 999 1124
f 1123 1131 998
f 999 998 1131
f 999 1131 1132
f 1124 999 1132
f 1007 1000 1129
f 1115 1133 1002
f 1133 1134 1002
f 1003 1002 1134
f 1134 1135 1003
f 1135 1004 1003
f 1135 1136 1004
f 1004 1136 1137
f 1004 1137 1005
f 1005 1137 1080
f 1006 1005 1138
f 1076 1138 1005
f 1080 1076 1005
f 1006 1138 1117
f 1007 1139 1140
f 1139 1007 1129
f 1007 1013 1008
f 1140 1013 1007
f 1009 1010 1015
f 1010 1016 1015
f 1141 1016 1010
f 1012 1141 1010
f 1142 1143 1011
f 1013 1142 1011
f 1011 1143 1012
f 1144 1141 1012
f 1145 1012 1146
f 1012 1147 1146
f 1144 1012 1145
f 1147 1012 1143
f 1142 1013 1140
f 1018 1148 1014
f 1014 1148 1149
f 1149 1150 1014
f 1029 1014 1150
f 1017 1016 1141
f 1144 1018 1017
f 1141 1144 1017
f 1018 1144 1151
f 1148 1018 1152
f 1018 1151 1152
f 1153 1020 1019
f 1019 1024 1153
f 1020 1153 1021
f 1039 1021 1153
f 1026 1154 1022
f 1022 1155 1023
f 1156 1155 1022
f 1154 1157 1022
f 1022 1157 1156
f 1024 1023 1158
f 1155 1158 1023
f 1024 1159 1160
f 1153 1024 1160
f 1024 1161 1159
f 1158 1161 1024
f 1154 1026 1025
f 1162 1154 1025
f 1162 1025 1163
f 1163 1025 1027
f 1163 1027 1164
f 1165 1027 1028
f 1164 1027 1165
f 1028 1166 1165
f 1166 1028 1029
f 1166 1029 1167
f 1167 1029 1150
f 1168 1031 1030
f 1168 1030 1032
f 1159 1031 1168
f 1031 1159 1037
f 1039 1168 1032
f 1033 1035 1169
f 1169 1034 1033
f 1169 1170 1034
f 1097 1034 1171
f 1034 1170 1171
f 1172 1035 1036
f 1035 1172 1169
f 1036 1173 1172
f 1038 1173 1036
f 1037 1159 1161
f 1174 1037 1161
f 1038 1037 1174
f 1173 1038 1174
f 1153 1160 1039
f 1160 1168 1039
f 1041 1040 1175
f 1043 1175 1040
f 1046 1041 1176
f 1175 1176 1041
f 1042 1041 1046
f 1177 1178 1043
f 1043 1044 1177
f 1175 1043 1179
f 1179 1043 1178
f 1044 1049 1177
f 1046 1101 1045
f 1176 1101 1046
f 1180 1048 1047
f 1181 1180 1047
f 1182 1181 1047
f 1183 1182 1047
f 1183 1047 1050
f 1048 1180 1049
f 1180 1177 1049
f 1051 1183 1050
f 1051 1184 1183
f 1066 1184 1051
f 1071 1054 1053
f 1185 1071 1053
f 1053 1186 1185
f 1053 1187 1186
f 1055 1187 1053
f 1055 1056 1187
f 1056 1188 1187
f 1060 1188 1056
f 1189 1058 1057
f 1057 1059 1190
f 1190 1189 1057
f 1061 1062 1058
f 1058 1191 1192
f 1192 1061 1058
f 1191 1058 1193
f 1189 1193 1058
f 1059 1072 1190
f 1188 1060 1194
f 1063 1194 1060
f 1063 1061 1195
f 1192 1196 1061
f 1196 1195 1061
f 1063 1197 1198
f 1063 1198 1194
f 1197 1063 1195
f 1199 1065 1064
f 1064 1200 1199
f 1200 1064 1067
f 1065 1199 1201
f 1066 1065 1201
f 1066 1201 1184
f 1200 1067 1068
f 1200 1068 1111
f 1202 1068 1069
f 1202 1111 1068
f 1070 1203 1069
f 1204 1069 1203
f 1205 1069 1204
f 1202 1069 1205
f 1206 1203 1070
f 1185 1070 1071
f 1070 1185 1206
f 1207 1190 1072
f 1072 1073 1207
f 1207 1073 1078
f 1076 1080 1075
f 1076 1208 1138
f 1208 1076 1081
f 1078 1077 1207
f 1209 1077 1210
f 1207 1077 1209
f 1210 1077 1079
f 1079 1136 1210
f 1136 1079 1080
f 1080 1137 1136
f 1081 1211 1208
f 1081 1212 1211
f 1082 1212 1081
f 1082 1213 1212
f 1084 1213 1082
f 1083 1214 1084
f 1214 1083 1087
f 1084 1215 1213
f 1214 1215 1084
f 1216 1088 1085
f 1085 1089 1217
f 1216 1085 1217
f 1087 1086 1218
f 1218 1086 1219
f 1220 1086 1088
f 1219 1086 1220
f 1214 1087 1218
f 1220 1088 1216
f 1221 1217 1089
f 1089 1090 1222
f 1223 1221 1089
f 1222 1223 1089
f 1222 1090 1092
f 1224 1091 1095
f 1091 1224 1092
f 1225 1222 1092
f 1092 1226 1225
f 1226 1092 1224
f 1094 1093 1227
f 1227 1093 1096
f 1099 1095 1094
f 1099 1094 1227
f 1228 1095 1099
f 1224 1095 1229
f 1228 1229 1095
f 1227 1096 1099
f 1171 1100 1097
f 1098 1230 1099
f 1100 1230 1098
f 1228 1099 1231
f 1099 1230 1232
f 1232 1231 1099
f 1100 1233 1230
f 1171 1233 1100
f 1104 1101 1176
f 1103 1102 1107
f 1104 1107 1102
f 1104 1176 1108
f 1107 1104 1108
f 1205 1106 1105
f 1105 1112 1202
f 1105 1202 1205
f 1114 1106 1205
f 1176 1175 1108
f 1179 1178 1108
f 1108 1175 1179
f 1108 1178 1109
f 1110 1109 1234
f 1178 1234 1109
f 1235 1110 1234
f 1110 1235 1111
f 1111 1236 1199
f 1199 1200 1111
f 1111 1235 1236
f 1112 1111 1202
f 1115 1113 1114
f 1205 1237 1114
f 1114 1238 1115
f 1239 1114 1237
f 1240 1238 1114
f 1114 1239 1240
f 1115 1238 1133
f 1241 1116 1118
f 1241 1119 1116
f 1208 1117 1138
f 1208 1118 1117
f 1118 1208 1211
f 1211 1241 1118
f 1242 1119 1241
f 1243 1120 1119
f 1119 1242 1243
f 1244 1120 1243
f 1244 1121 1120
f 1245 1121 1244
f 1122 1121 1246
f 1121 1247 1246
f 1121 1245 1247
f 1122 1248 1123
f 1122 1246 1249
f 1248 1122 1249
f 1248 1131 1123
f 1125 1124 1250
f 1132 1250 1124
f 1249 1125 1250
f 1251 1125 1252
f 1125 1249 1253
f 1125 1253 1252
f 1254 1126 1125
f 1254 1125 1251
f 1126 1255 1127
f 1126 1254 1256
f 1255 1126 1256
f 1127 1255 1257
f 1257 1128 1127
f 1130 1128 1257
f 1139 1129 1130
f 1258 1139 1130
f 1130 1259 1258
f 1257 1260 1130
f 1259 1130 1261
f 1261 1130 1260
f 1248 1132 1131
f 1262 1250 1132
f 1248 1262 1132
f 1240 1263 1133
f 1133 1135 1134
f 1133 1263 1135
f 1133 1238 1240
f 1136 1135 1264
f 1263 1264 1135
f 1264 1193 1136
f 1193 1210 1136
f 1140 1139 1258
f 1265 1140 1258
f 1140 1266 1142
f 1140 1265 1267
f 1140 1267 1266
f 1143 1142 1147
f 1147 1142 1266
f 1144 1145 1268
f 1151 1144 1268
f 1146 1268 1145
f 1146 1269 1268
f 1270 1271 1146
f 1146 1272 1269
f 1146 1147 1270
f 1272 1146 1271
f 1266 1270 1147
f 1148 1152 1273
f 1273 1149 1148
f 1150 1149 1273
f 1150 1274 1167
f 1275 1150 1273
f 1150 1275 1274
f 1152 1151 1276
f 1151 1269 1276
f 1151 1268 1269
f 1152 1277 1273
f 1276 1278 1152
f 1277 1152 1278
f 1279 1154 1162
f 1157 1154 1279
f 1280 1155 1156
f 1158 1155 1281
f 1155 1280 1281
f 1156 1282 1283
f 1284 1282 1156
f 1156 1283 1280
f 1157 1284 1156
f 1279 1284 1157
f 1161 1158 1285
f 1281 1285 1158
f 1160 1159 1168
f 1161 1285 1174
f 1279 1162 1286
f 1286 1162 1163
f 1287 1286 1163
f 1288 1163 1164
f 1163 1288 1287
f 1165 1288 1164
f 1289 1165 1166
f 1290 1288 1165
f 1290 1165 1291
f 1165 1289 1291
f 1289 1166 1274
f 1274 1166 1167
f 1170 1169 1292
f 1169 1172 1293
f 1169 1293 1294
f 1169 1294 1292
f 1170 1295 1171
f 1296 1295 1170
f 1297 1170 1292
f 1296 1170 1297
f 1298 1171 1295
f 1171 1298 1299
f 1300 1233 1171
f 1171 1299 1300
f 1173 1293 1172
f 1301 1173 1302
f 1173 1174 1302
f 1293 1173 1301
f 1285 1302 1174
f 1178 1177 1303
f 1303 1177 1304
f 1304 1177 1180
f 1234 1178 1305
f 1303 1305 1178
f 1180 1306 1304
f 1181 1306 1180
f 1181 1182 1307
f 1181 1307 1308
f 1181 1308 1309
f 1309 1235 1181
f 1306 1181 1235
f 1307 1182 1310
f 1183 1310 1182
f 1183 1184 1310
f 1310 1184 1311
f 1184 1312 1311
f 1201 1312 1184
f 1186 1206 1185
f 1313 1204 1186
f 1186 1204 1206
f 1186 1188 1313
f 1186 1187 1188
f 1313 1188 1194
f 1189 1190 1209
f 1189 1209 1193
f 1190 1207 1209
f 1314 1192 1191
f 1193 1314 1191
f 1192 1315 1196
f 1315 1192 1316
f 1316 1192 1314
f 1264 1314 1193
f 1210 1193 1209
f 1317 1194 1198
f 1313 1194 1317
f 1239 1197 1195
f 1195 1318 1239
f 1318 1195 1196
f 1318 1196 1315
f 1237 1198 1197
f 1197 1239 1237
f 1317 1198 1237
f 1201 1199 1312
f 1199 1236 1312
f 1204 1203 1206
f 1205 1204 1317
f 1313 1317 1204
f 1317 1237 1205
f 1211 1242 1241
f 1212 1242 1211
f 1212 1243 1242
f 1213 1243 1212
f 1213 1244 1243
f 1215 1244 1213
f 1214 1319 1215
f 1319 1214 1218
f 1215 1245 1244
f 1319 1245 1215
f 1217 1320 1216
f 1321 1216 1320
f 1216 1321 1220
f 1320 1217 1322
f 1323 1322 1217
f 1217 1324 1323
f 1217 1221 1225
f 1225 1324 1217
f 1218 1325 1319
f 1218 1219 1326
f 1218 1252 1325
f 1252 1218 1326
f 1327 1219 1220
f 1326 1219 1327
f 1328 1220 1321
f 1327 1220 1328
f 1222 1221 1223
f 1225 1221 1222
f 1226 1224 1229
f 1225 1329 1324
f 1226 1329 1225
f 1330 1226 1331
f 1332 1226 1330
f 1229 1331 1226
f 1226 1332 1329
f 1229 1228 1331
f 1331 1228 1333
f 1333 1228 1231
f 1232 1230 1334
f 1334 1230 1335
f 1233 1335 1230
f 1336 1231 1337
f 1231 1232 1338
f 1338 1337 1231
f 1231 1336 1333
f 1339 1338 1232
f 1334 1339 1232
f 1340 1335 1233
f 1233 1300 1341
f 1341 1340 1233
f 1234 1305 1342
f 1234 1342 1235
f 1235 1342 1306
f 1235 1309 1236
f 1311 1236 1308
f 1312 1236 1311
f 1309 1308 1236
f 1240 1239 1318
f 1343 1263 1240
f 1240 1318 1343
f 1319 1247 1245
f 1247 1253 1246
f 1249 1246 1253
f 1325 1247 1319
f 1325 1253 1247
f 1249 1262 1248
f 1250 1262 1249
f 1252 1344 1251
f 1251 1344 1254
f 1252 1253 1325
f 1344 1252 1326
f 1254 1344 1345
f 1346 1254 1345
f 1346 1256 1254
f 1255 1256 1347
f 1257 1255 1348
f 1255 1347 1348
f 1349 1256 1346
f 1256 1349 1350
f 1351 1256 1350
f 1351 1347 1256
f 1348 1352 1257
f 1260 1257 1352
f 1265 1258 1353
f 1258 1259 1353
f 1261 1354 1259
f 1353 1259 1354
f 1260 1352 1261
f 1354 1261 1355
f 1261 1356 1357
f 1358 1355 1261
f 1261 1357 1358
f 1261 1352 1356
f 1343 1359 1263
f 1359 1264 1263
f 1360 1264 1359
f 1314 1264 1360
f 1265 1361 1362
f 1265 1353 1361
f 1267 1265 1362
f 1270 1266 1363
f 1364 1266 1267
f 1363 1266 1364
f 1365 1267 1362
f 1364 1267 1365
f 1276 1269 1366
f 1366 1269 1367
f 1272 1367 1269
f 1368 1271 1270
f 1369 1270 1363
f 1270 1369 1368
f 1271 1367 1272
f 1370 1371 1271
f 1372 1367 1271
f 1271 1368 1370
f 1372 1271 1371
f 1373 1273 1277
f 1373 1275 1273
f 1274 1374 1289
f 1274 1375 1374
f 1275 1373 1274
f 1375 1274 1373
f 1276 1376 1278
f 1376 1276 1366
f 1277 1377 1378
f 1278 1377 1277
f 1378 1373 1277
f 1278 1379 1377
f 1379 1278 1376
f 1279 1286 1284
f 1280 1380 1281
f 1280 1381 1380
f 1283 1381 1280
f 1281 1380 1285
f 1282 1382 1283
f 1282 1383 1382
f 1384 1383 1282
f 1282 1284 1384
f 1283 1382 1381
f 1284 1286 1385
f 1284 1385 1384
f 1380 1302 1285
f 1386 1385 1286
f 1286 1287 1386
f 1287 1288 1387
f 1287 1388 1386
f 1388 1287 1387
f 1387 1288 1290
f 1389 1291 1289
f 1390 1289 1374
f 1389 1289 1390
f 1387 1290 1391
f 1291 1392 1290
f 1391 1290 1392
f 1291 1389 1392
f 1294 1301 1292
f 1292 1301 1393
f 1292 1393 1297
f 1294 1293 1301
f 1295 1296 1298
f 1296 1394 1395
f 1394 1296 1297
f 1296 1395 1298
f 1393 1396 1297
f 1397 1394 1297
f 1297 1396 1397
f 1298 1398 1299
f 1298 1395 1398
f 1399 1400 1299
f 1300 1299 1400
f 1399 1299 1398
f 1401 1300 1402
f 1401 1341 1300
f 1300 1400 1402
f 1403 1301 1302
f 1403 1393 1301
f 1381 1403 1302
f 1302 1380 1381
f 1305 1303 1342
f 1303 1304 1342
f 1342 1304 1306
f 1307 1310 1308
f 1308 1310 1311
f 1360 1316 1314
f 1315 1343 1318
f 1315 1316 1359
f 1343 1315 1359
f 1316 1360 1359
f 1320 1404 1321
f 1404 1320 1405
f 1405 1320 1322
f 1328 1321 1404
f 1322 1406 1405
f 1407 1406 1322
f 1322 1323 1407
f 1324 1408 1323
f 1323 1409 1407
f 1409 1323 1408
f 1329 1408 1324
f 1410 1344 1326
f 1326 1327 1410
f 1411 1327 1328
f 1327 1411 1412
f 1410 1327 1412
f 1404 1413 1328
f 1328 1414 1411
f 1328 1413 1414
f 1415 1329 1416
f 1415 1408 1329
f 1332 1416 1329
f 1417 1330 1331
f 1332 1330 1418
f 1417 1418 1330
f 1419 1331 1420
f 1421 1331 1419
f 1331 1333 1422
f 1331 1421 1417
f 1422 1423 1331
f 1331 1423 1420
f 1424 1416 1332
f 1424 1332 1418
f 1422 1333 1336
f 1335 1340 1334
f 1339 1334 1425
f 1425 1334 1340
f 1337 1423 1336
f 1336 1423 1422
f 1426 1337 1338
f 1423 1337 1426
f 1426 1338 1339
f 1425 1426 1339
f 1425 1340 1341
f 1341 1427 1425
f 1428 1427 1341
f 1428 1341 1401
f 1344 1410 1345
f 1349 1345 1429
f 1430 1345 1410
f 1345 1430 1431
f 1345 1349 1346
f 1429 1345 1432
f 1345 1433 1432
f 1345 1431 1433
f 1434 1347 1351
f 1348 1347 1434
f 1356 1352 1348
f 1348 1434 1435
f 1435 1356 1348
f 1429 1436 1349
f 1436 1350 1349
f 1351 1350 1436
f 1434 1351 1436
f 1354 1361 1353
f 1362 1354 1437
f 1362 1361 1354
f 1437 1354 1355
f 1358 1438 1355
f 1438 1439 1355
f 1355 1439 1437
f 1357 1356 1440
f 1356 1435 1440
f 1441 1358 1357
f 1357 1440 1441
f 1442 1358 1443
f 1358 1444 1443
f 1441 1444 1358
f 1442 1438 1358
f 1365 1362 1437
f 1364 1369 1363
f 1445 1369 1364
f 1364 1365 1446
f 1445 1364 1446
f 1365 1437 1439
f 1446 1365 1439
f 1371 1376 1366
f 1367 1372 1366
f 1366 1372 1371
f 1370 1368 1447
f 1447 1368 1369
f 1448 1447 1369
f 1448 1369 1445
f 1370 1449 1371
f 1449 1370 1450
f 1447 1450 1370
f 1451 1376 1371
f 1371 1449 1452
f 1451 1371 1452
f 1453 1375 1373
f 1453 1373 1378
f 1390 1374 1454
f 1374 1375 1455
f 1374 1455 1454
f 1375 1453 1456
f 1375 1456 1457
f 1375 1457 1455
f 1458 1379 1376
f 1459 1460 1376
f 1376 1461 1459
f 1462 1458 1376
f 1376 1451 1461
f 1462 1376 1460
f 1463 1378 1377
f 1377 1464 1465
f 1377 1466 1463
f 1377 1462 1467
f 1458 1462 1377
f 1377 1465 1466
f 1464 1377 1467
f 1377 1379 1458
f 1378 1463 1468
f 1453 1378 1469
f 1378 1468 1469
f 1381 1382 1403
f 1393 1382 1383
f 1382 1393 1403
f 1383 1470 1396
f 1396 1393 1383
f 1384 1470 1383
f 1384 1385 1471
f 1470 1384 1471
f 1472 1471 1385
f 1386 1472 1385
f 1388 1472 1386
f 1387 1473 1388
f 1387 1391 1473
f 1388 1474 1472
f 1473 1474 1388
f 1390 1475 1389
f 1392 1389 1475
f 1454 1476 1390
f 1476 1477 1390
f 1478 1475 1390
f 1390 1477 1478
f 1473 1391 1479
f 1480 1481 1391
f 1392 1480 1391
f 1479 1391 1481
f 1392 1482 1480
f 1482 1392 1475
f 1395 1394 1483
f 1397 1483 1394
f 1484 1398 1395
f 1484 1395 1483
f 1470 1397 1396
f 1397 1470 1471
f 1397 1471 1485
f 1483 1397 1485
f 1398 1484 1399
f 1402 1400 1399
f 1486 1399 1487
f 1488 1399 1489
f 1490 1489 1399
f 1399 1488 1487
f 1399 1486 1402
f 1399 1484 1490
f 1402 1491 1401
f 1428 1401 1492
f 1492 1401 1491
f 1493 1491 1402
f 1493 1402 1486
f 1413 1404 1405
f 1413 1405 1414
f 1406 1414 1405
f 1406 1494 1414
f 1495 1494 1406
f 1406 1407 1495
f 1495 1407 1409
f 1495 1408 1415
f 1495 1409 1408
f 1410 1412 1430
f 1414 1412 1411
f 1414 1494 1412
f 1430 1412 1494
f 1415 1416 1496
f 1496 1495 1415
f 1497 1496 1416
f 1424 1497 1416
f 1421 1498 1417
f 1417 1498 1418
f 1499 1424 1418
f 1418 1498 1500
f 1500 1499 1418
f 1419 1420 1501
f 1419 1502 1421
f 1419 1503 1502
f 1419 1504 1503
f 1505 1504 1419
f 1501 1505 1419
f 1506 1501 1420
f 1420 1425 1506
f 1425 1420 1426
f 1423 1426 1420
f 1421 1502 1498
f 1497 1424 1499
f 1506 1425 1507
f 1507 1425 1427
f 1507 1427 1508
f 1492 1427 1428
f 1508 1427 1492
f 1429 1509 1510
f 1511 1512 1429
f 1429 1432 1511
f 1429 1510 1513
f 1512 1509 1429
f 1513 1514 1429
f 1436 1429 1514
f 1430 1494 1515
f 1430 1515 1496
f 1430 1496 1497
f 1431 1430 1497
f 1431 1497 1433
f 1432 1516 1511
f 1432 1500 1516
f 1432 1497 1499
f 1499 1500 1432
f 1432 1433 1497
f 1436 1517 1434
f 1517 1435 1434
f 1435 1517 1440
f 1514 1517 1436
f 1518 1439 1438
f 1519 1438 1520
f 1442 1520 1438
f 1438 1519 1518
f 1518 1446 1439
f 1440 1517 1521
f 1522 1440 1521
f 1523 1440 1522
f 1440 1523 1524
f 1524 1441 1440
f 1444 1441 1525
f 1526 1525 1441
f 1441 1524 1526
f 1442 1443 1527
f 1528 1529 1442
f 1529 1520 1442
f 1442 1527 1528
f 1525 1443 1444
f 1530 1531 1443
f 1443 1525 1532
f 1443 1532 1530
f 1443 1531 1533
f 1443 1533 1527
f 1445 1534 1535
f 1446 1536 1445
f 1534 1445 1536
f 1535 1448 1445
f 1536 1446 1537
f 1538 1537 1446
f 1538 1446 1518
f 1448 1450 1447
f 1450 1448 1539
f 1535 1540 1448
f 1541 1539 1448
f 1540 1541 1448
f 1450 1452 1449
f 1452 1450 1539
f 1542 1461 1451
f 1539 1451 1452
f 1539 1542 1451
f 1469 1456 1453
f 1476 1454 1455
f 1455 1457 1476
f 1543 1457 1456
f 1456 1469 1543
f 1457 1543 1476
f 1544 1460 1459
f 1459 1461 1542
f 1545 1459 1542
f 1459 1545 1544
f 1460 1467 1462
f 1546 1460 1544
f 1547 1467 1460
f 1547 1460 1546
f 1548 1468 1463
f 1463 1466 1548
f 1465 1464 1549
f 1549 1464 1550
f 1550 1464 1547
f 1464 1467 1547
f 1465 1548 1466
f 1551 1548 1465
f 1549 1551 1465
f 1469 1468 1548
f 1476 1543 1469
f 1551 1476 1469
f 1551 1469 1548
f 1472 1485 1471
f 1474 1485 1472
f 1474 1473 1552
f 1473 1479 1552
f 1552 1553 1474
f 1485 1474 1553
f 1554 1482 1475
f 1475 1478 1554
f 1555 1476 1551
f 1555 1477 1476
f 1477 1556 1478
f 1477 1557 1558
f 1558 1556 1477
f 1559 1477 1555
f 1557 1477 1559
f 1554 1478 1556
f 1481 1552 1479
f 1481 1480 1560
f 1482 1560 1480
f 1552 1481 1561
f 1481 1562 1561
f 1560 1562 1481
f 1482 1563 1564
f 1554 1563 1482
f 1564 1560 1482
f 1565 1566 1483
f 1485 1553 1483
f 1553 1565 1483
f 1483 1566 1567
f 1484 1483 1568
f 1567 1568 1483
f 1490 1484 1568
f 1487 1569 1486
f 1569 1570 1486
f 1570 1493 1486
f 1571 1487 1488
f 1569 1487 1572
f 1571 1572 1487
f 1489 1573 1488
f 1488 1573 1571
f 1574 1489 1568
f 1568 1489 1490
f 1575 1489 1574
f 1576 1489 1575
f 1576 1573 1489
f 1491 1493 1492
f 1493 1577 1492
f 1492 1577 1508
f 1578 1577 1493
f 1493 1570 1578
f 1515 1494 1495
f 1496 1515 1495
f 1502 1516 1498
f 1498 1516 1500
f 1506 1505 1501
f 1502 1511 1516
f 1503 1511 1502
f 1511 1503 1509
f 1509 1503 1504
f 1509 1504 1579
f 1579 1504 1580
f 1580 1504 1505
f 1505 1506 1507
f 1580 1505 1507
f 1580 1507 1581
f 1581 1507 1508
f 1577 1582 1508
f 1508 1583 1581
f 1582 1583 1508
f 1579 1510 1509
f 1512 1511 1509
f 1584 1513 1510
f 1579 1584 1510
f 1513 1585 1514
f 1584 1585 1513
f 1517 1514 1585
f 1585 1521 1517
f 1518 1519 1538
f 1519 1586 1538
f 1520 1529 1519
f 1587 1519 1529
f 1586 1519 1588
f 1519 1587 1588
f 1589 1521 1585
f 1521 1590 1522
f 1521 1589 1590
f 1590 1523 1522
f 1591 1524 1523
f 1590 1591 1523
f 1524 1591 1526
f 1525 1592 1532
f 1525 1526 1592
f 1592 1526 1593
f 1526 1591 1593
f 1594 1527 1533
f 1527 1595 1588
f 1527 1588 1528
f 1527 1594 1595
f 1587 1529 1528
f 1588 1587 1528
f 1596 1531 1530
f 1597 1530 1532
f 1598 1599 1530
f 1530 1599 1596
f 1530 1597 1598
f 1600 1533 1531
f 1600 1531 1596
f 1532 1592 1601
f 1601 1602 1532
f 1532 1602 1597
f 1533 1600 1594
f 1534 1603 1535
f 1604 1534 1536
f 1603 1534 1604
f 1540 1535 1605
f 1603 1605 1535
f 1537 1604 1536
f 1606 1537 1538
f 1607 1604 1537
f 1608 1537 1606
f 1608 1607 1537
f 1609 1538 1586
f 1538 1609 1606
f 1539 1610 1542
f 1610 1539 1611
f 1539 1541 1611
f 1540 1605 1612
f 1612 1611 1540
f 1611 1541 1540
f 1545 1542 1610
f 1544 1545 1613
f 1544 1614 1550
f 1550 1546 1544
f 1613 1614 1544
f 1615 1616 1545
f 1610 1615 1545
f 1617 1613 1545
f 1616 1617 1545
f 1547 1546 1550
f 1549 1555 1551
f 1559 1555 1549
f 1549 1618 1559
f 1619 1549 1620
f 1549 1619 1618
f 1621 1620 1549
f 1549 1550 1621
f 1621 1550 1614
f 1561 1553 1552
f 1561 1565 1553
f 1556 1558 1554
f 1563 1554 1622
f 1558 1622 1554
f 1623 1558 1557
f 1557 1559 1623
f 1623 1622 1558
f 1559 1624 1623
f 1625 1626 1559
f 1626 1624 1559
f 1625 1559 1618
f 1560 1627 1562
f 1564 1627 1560
f 1562 1565 1561
f 1562 1566 1565
f 1627 1566 1562
f 1563 1622 1564
f 1627 1564 1628
f 1564 1629 1628
f 1564 1622 1630
f 1564 1630 1629
f 1567 1566 1627
f 1627 1631 1567
f 1567 1631 1568
f 1568 1631 1632
f 1568 1632 1574
f 1633 1569 1572
f 1569 1634 1570
f 1633 1635 1569
f 1634 1569 1635
f 1578 1570 1634
f 1636 1637 1571
f 1573 1576 1571
f 1571 1638 1639
f 1639 1572 1571
f 1636 1571 1576
f 1571 1637 1638
f 1572 1639 1640
f 1572 1640 1633
f 1641 1574 1632
f 1642 1574 1641
f 1574 1642 1643
f 1575 1574 1643
f 1643 1644 1575
f 1645 1646 1575
f 1575 1644 1645
f 1636 1575 1646
f 1576 1575 1636
f 1577 1647 1648
f 1648 1582 1577
f 1578 1647 1577
f 1578 1649 1647
f 1649 1578 1634
f 1650 1584 1579
f 1579 1580 1650
f 1650 1580 1581
f 1581 1651 1650
f 1651 1581 1583
f 1652 1582 1648
f 1582 1652 1651
f 1651 1583 1582
f 1589 1585 1584
f 1650 1589 1584
f 1609 1586 1653
f 1653 1586 1588
f 1653 1588 1595
f 1654 1589 1650
f 1654 1590 1589
f 1652 1590 1654
f 1652 1591 1590
f 1591 1652 1593
f 1593 1655 1592
f 1656 1601 1592
f 1592 1657 1656
f 1655 1657 1592
f 1593 1652 1658
f 1659 1593 1658
f 1655 1593 1659
f 1600 1596 1594
f 1594 1596 1660
f 1594 1660 1661
f 1595 1594 1661
f 1653 1595 1662
f 1663 1662 1595
f 1661 1664 1595
f 1595 1664 1663
f 1665 1660 1596
f 1599 1665 1596
f 1597 1602 1666
f 1597 1667 1598
f 1667 1597 1666
f 1598 1668 1599
f 1669 1598 1670
f 1667 1671 1598
f 1598 1669 1668
f 1672 1670 1598
f 1672 1598 1671
f 1599 1668 1665
f 1601 1656 1602
f 1602 1656 1673
f 1673 1666 1602
f 1674 1612 1603
f 1604 1607 1603
f 1612 1605 1603
f 1674 1603 1607
f 1675 1606 1609
f 1675 1608 1606
f 1607 1676 1674
f 1607 1608 1676
f 1677 1608 1678
f 1679 1608 1680
f 1677 1676 1608
f 1608 1679 1678
f 1675 1681 1608
f 1680 1608 1681
f 1653 1682 1609
f 1609 1682 1675
f 1615 1610 1683
f 1612 1674 1610
f 1684 1683 1610
f 1610 1611 1612
f 1610 1674 1685
f 1685 1684 1610
f 1613 1686 1687
f 1613 1688 1621
f 1613 1617 1686
f 1614 1613 1621
f 1687 1688 1613
f 1616 1615 1689
f 1683 1689 1615
f 1690 1617 1616
f 1689 1690 1616
f 1686 1617 1691
f 1617 1690 1691
f 1692 1625 1618
f 1618 1619 1692
f 1693 1619 1620
f 1692 1619 1693
f 1694 1620 1695
f 1620 1694 1693
f 1620 1621 1696
f 1620 1697 1695
f 1620 1696 1697
f 1696 1621 1688
f 1698 1630 1622
f 1698 1622 1623
f 1643 1642 1623
f 1623 1642 1698
f 1623 1624 1699
f 1699 1643 1623
f 1645 1624 1700
f 1626 1700 1624
f 1645 1699 1624
f 1626 1625 1692
f 1700 1626 1646
f 1646 1626 1692
f 1627 1628 1631
f 1628 1629 1631
f 1629 1701 1631
f 1701 1629 1630
f 1641 1630 1698
f 1701 1630 1641
f 1631 1701 1632
f 1641 1632 1701
f 1702 1633 1640
f 1633 1703 1704
f 1633 1705 1703
f 1706 1705 1633
f 1633 1702 1706
f 1704 1635 1633
f 1634 1707 1708
f 1708 1649 1634
f 1707 1634 1635
f 1704 1707 1635
f 1709 1637 1636
f 1646 1710 1636
f 1636 1710 1709
f 1638 1637 1711
f 1711 1637 1709
f 1639 1638 1712
f 1712 1638 1711
f 1713 1640 1639
f 1713 1639 1712
f 1640 1714 1702
f 1640 1715 1714
f 1640 1713 1715
f 1641 1698 1642
f 1644 1643 1699
f 1699 1645 1644
f 1646 1645 1700
f 1692 1716 1646
f 1717 1710 1646
f 1646 1716 1717
f 1658 1648 1647
f 1659 1647 1718
f 1719 1647 1649
f 1647 1659 1658
f 1718 1647 1719
f 1648 1658 1652
f 1720 1721 1649
f 1649 1722 1719
f 1649 1721 1722
f 1720 1649 1708
f 1651 1654 1650
f 1651 1652 1654
f 1653 1662 1682
f 1723 1655 1724
f 1724 1655 1659
f 1657 1655 1725
f 1723 1725 1655
f 1726 1656 1657
f 1673 1656 1727
f 1727 1656 1726
f 1657 1725 1728
f 1657 1728 1726
f 1718 1724 1659
f 1661 1660 1729
f 1729 1660 1665
f 1661 1729 1730
f 1664 1661 1730
f 1662 1663 1682
f 1682 1663 1731
f 1731 1663 1664
f 1664 1732 1731
f 1733 1732 1664
f 1664 1734 1733
f 1664 1730 1735
f 1735 1734 1664
f 1668 1736 1665
f 1665 1736 1729
f 1737 1738 1666
f 1667 1666 1738
f 1666 1673 1737
f 1739 1740 1667
f 1667 1738 1741
f 1667 1741 1739
f 1667 1742 1671
f 1740 1742 1667
f 1743 1736 1668
f 1668 1735 1743
f 1668 1669 1735
f 1669 1670 1744
f 1669 1745 1735
f 1669 1744 1745
f 1744 1670 1672
f 1746 1747 1671
f 1671 1742 1746
f 1671 1747 1672
f 1744 1672 1747
f 1737 1673 1727
f 1674 1748 1685
f 1748 1674 1676
f 1675 1731 1732
f 1675 1682 1731
f 1681 1675 1732
f 1677 1748 1676
f 1677 1678 1749
f 1685 1748 1677
f 1685 1677 1749
f 1750 1678 1679
f 1749 1678 1750
f 1750 1679 1680
f 1680 1681 1751
f 1680 1751 1750
f 1752 1681 1753
f 1754 1753 1681
f 1751 1681 1752
f 1681 1755 1754
f 1681 1732 1755
f 1684 1756 1683
f 1683 1756 1757
f 1683 1757 1758
f 1758 1689 1683
f 1756 1684 1685
f 1749 1750 1685
f 1685 1750 1759
f 1685 1759 1756
f 1691 1687 1686
f 1760 1687 1691
f 1760 1688 1687
f 1761 1696 1688
f 1761 1688 1760
f 1762 1690 1689
f 1689 1758 1762
f 1691 1690 1760
f 1690 1763 1760
f 1690 1764 1763
f 1762 1764 1690
f 1716 1692 1765
f 1694 1692 1693
f 1692 1766 1765
f 1766 1692 1694
f 1695 1767 1694
f 1694 1768 1766
f 1768 1694 1767
f 1769 1695 1697
f 1770 1767 1695
f 1769 1770 1695
f 1697 1696 1761
f 1771 1697 1772
f 1772 1697 1773
f 1761 1774 1697
f 1775 1697 1774
f 1775 1773 1697
f 1771 1769 1697
f 1714 1776 1702
f 1777 1706 1702
f 1777 1702 1776
f 1703 1778 1704
f 1703 1779 1780
f 1703 1781 1782
f 1703 1783 1784
f 1784 1778 1703
f 1783 1703 1782
f 1780 1781 1703
f 1703 1705 1777
f 1779 1703 1777
f 1778 1708 1704
f 1704 1708 1707
f 1705 1706 1777
f 1708 1778 1785
f 1708 1785 1786
f 1786 1720 1708
f 1787 1711 1709
f 1709 1710 1787
f 1787 1710 1717
f 1711 1788 1789
f 1711 1789 1790
f 1790 1712 1711
f 1711 1787 1788
f 1713 1712 1791
f 1790 1791 1712
f 1791 1715 1713
f 1792 1714 1715
f 1776 1714 1793
f 1793 1714 1794
f 1792 1794 1714
f 1790 1715 1791
f 1795 1796 1715
f 1715 1790 1795
f 1715 1796 1792
f 1797 1717 1716
f 1716 1798 1799
f 1716 1765 1798
f 1799 1797 1716
f 1800 1787 1717
f 1717 1797 1800
f 1801 1718 1719
f 1724 1718 1801
f 1719 1802 1801
f 1802 1719 1722
f 1721 1720 1803
f 1720 1786 1803
f 1803 1722 1721
f 1802 1722 1803
f 1723 1724 1801
f 1725 1723 1804
f 1804 1723 1805
f 1801 1805 1723
f 1804 1728 1725
f 1726 1728 1806
f 1806 1727 1726
f 1727 1807 1737
f 1727 1808 1809
f 1727 1806 1808
f 1809 1807 1727
f 1806 1728 1804
f 1730 1729 1736
f 1730 1736 1743
f 1735 1730 1743
f 1810 1755 1732
f 1732 1733 1810
f 1734 1811 1733
f 1811 1812 1733
f 1810 1733 1812
f 1735 1811 1734
f 1811 1735 1745
f 1737 1807 1738
f 1738 1807 1741
f 1740 1739 1813
f 1741 1813 1739
f 1742 1740 1813
f 1814 1741 1807
f 1813 1741 1814
f 1742 1813 1746
f 1815 1816 1744
f 1747 1817 1744
f 1744 1817 1815
f 1818 1745 1744
f 1818 1744 1816
f 1745 1818 1811
f 1747 1746 1819
f 1746 1813 1820
f 1820 1821 1746
f 1819 1746 1822
f 1823 1822 1746
f 1746 1821 1823
f 1747 1819 1817
f 1750 1751 1824
f 1750 1824 1825
f 1826 1759 1750
f 1827 1826 1750
f 1750 1825 1827
f 1824 1751 1752
f 1753 1828 1752
f 1825 1824 1752
f 1752 1828 1829
f 1825 1752 1829
f 1830 1753 1754
f 1830 1831 1753
f 1831 1829 1753
f 1829 1828 1753
f 1754 1755 1830
f 1832 1830 1755
f 1755 1810 1832
f 1833 1757 1756
f 1759 1833 1756
f 1834 1757 1835
f 1757 1833 1835
f 1758 1757 1834
f 1836 1762 1758
f 1837 1836 1758
f 1834 1838 1758
f 1838 1837 1758
f 1826 1833 1759
f 1760 1763 1839
f 1760 1840 1761
f 1840 1760 1839
f 1774 1761 1840
f 1764 1762 1836
f 1763 1764 1841
f 1839 1763 1841
f 1837 1841 1764
f 1764 1836 1837
f 1765 1842 1798
f 1766 1842 1765
f 1768 1842 1766
f 1843 1768 1767
f 1843 1767 1770
f 1844 1768 1845
f 1768 1844 1842
f 1845 1768 1843
f 1770 1769 1846
f 1847 1846 1769
f 1769 1848 1847
f 1769 1771 1848
f 1846 1843 1770
f 1848 1771 1772
f 1772 1773 1848
f 1849 1773 1775
f 1850 1851 1773
f 1773 1849 1850
f 1851 1848 1773
f 1775 1774 1852
f 1774 1840 1852
f 1849 1775 1852
f 1853 1777 1776
f 1853 1776 1793
f 1777 1853 1779
f 1785 1778 1784
f 1780 1779 1854
f 1855 1779 1853
f 1855 1856 1779
f 1779 1856 1854
f 1857 1781 1780
f 1780 1854 1857
f 1858 1782 1781
f 1858 1781 1859
f 1781 1857 1860
f 1860 1859 1781
f 1861 1782 1858
f 1782 1861 1783
f 1785 1784 1783
f 1862 1785 1783
f 1863 1864 1783
f 1864 1862 1783
f 1865 1783 1861
f 1863 1783 1865
f 1785 1866 1786
f 1862 1867 1785
f 1866 1785 1867
f 1786 1868 1803
f 1786 1869 1868
f 1869 1786 1866
f 1788 1787 1870
f 1787 1800 1870
f 1789 1788 1871
f 1788 1872 1873
f 1873 1871 1788
f 1788 1870 1872
f 1874 1875 1789
f 1789 1871 1874
f 1790 1789 1876
f 1876 1789 1877
f 1789 1875 1878
f 1877 1789 1878
f 1790 1876 1879
f 1795 1790 1879
f 1792 1796 1880
f 1881 1794 1792
f 1880 1881 1792
f 1882 1793 1794
f 1793 1882 1853
f 1882 1794 1881
f 1796 1795 1883
f 1879 1883 1795
f 1884 1885 1796
f 1880 1796 1886
f 1886 1796 1885
f 1796 1883 1884
f 1887 1800 1797
f 1887 1797 1888
f 1888 1797 1799
f 1799 1798 1889
f 1889 1798 1842
f 1888 1799 1889
f 1800 1887 1870
f 1802 1805 1801
f 1868 1805 1802
f 1803 1868 1802
f 1804 1866 1806
f 1866 1804 1805
f 1869 1805 1868
f 1866 1805 1869
f 1890 1808 1806
f 1890 1806 1866
f 1809 1891 1807
f 1807 1891 1814
f 1891 1809 1808
f 1891 1808 1890
f 1832 1810 1812
f 1892 1811 1818
f 1812 1811 1893
f 1893 1811 1894
f 1894 1811 1892
f 1812 1893 1832
f 1895 1896 1813
f 1895 1813 1897
f 1897 1813 1814
f 1820 1813 1896
f 1898 1814 1891
f 1899 1814 1898
f 1897 1814 1899
f 1815 1900 1816
f 1901 1815 1817
f 1900 1815 1901
f 1902 1818 1816
f 1902 1816 1900
f 1817 1819 1903
f 1901 1817 1903
f 1892 1818 1902
f 1822 1903 1819
f 1904 1820 1896
f 1821 1820 1904
f 1905 1823 1821
f 1904 1905 1821
f 1903 1822 1906
f 1907 1822 1823
f 1822 1907 1906
f 1823 1905 1908
f 1908 1907 1823
f 1909 1827 1825
f 1910 1909 1825
f 1829 1910 1825
f 1835 1833 1826
f 1835 1826 1911
f 1911 1826 1827
f 1912 1827 1909
f 1827 1912 1913
f 1911 1827 1913
f 1914 1829 1831
f 1910 1829 1914
f 1915 1830 1832
f 1916 1830 1915
f 1916 1831 1830
f 1914 1831 1917
f 1918 1919 1831
f 1918 1831 1916
f 1917 1831 1919
f 1920 1915 1832
f 1832 1893 1921
f 1920 1832 1921
f 1835 1922 1834
f 1923 1838 1834
f 1924 1925 1834
f 1926 1927 1834
f 1834 1922 1928
f 1834 1927 1923
f 1834 1928 1924
f 1925 1926 1834
f 1922 1835 1911
f 1837 1929 1841
f 1929 1837 1838
f 1923 1930 1838
f 1929 1838 1930
f 1839 1931 1932
f 1852 1840 1839
f 1933 1839 1841
f 1839 1932 1852
f 1839 1933 1931
f 1841 1929 1933
f 1842 1844 1889
f 1843 1934 1845
f 1843 1846 1934
f 1935 1844 1845
f 1889 1844 1935
f 1935 1845 1936
f 1936 1845 1934
f 1847 1934 1846
f 1934 1847 1937
f 1847 1848 1938
f 1937 1847 1938
f 1848 1939 1940
f 1848 1851 1939
f 1941 1938 1848
f 1940 1941 1848
f 1850 1849 1852
f 1851 1850 1942
f 1852 1932 1850
f 1932 1943 1850
f 1944 1850 1945
f 1945 1850 1946
f 1850 1943 1946
f 1942 1850 1944
f 1939 1851 1942
f 1853 1947 1948
f 1948 1855 1853
f 1949 1947 1853
f 1853 1882 1949
f 1950 1857 1854
f 1854 1856 1950
f 1948 1856 1855
f 1950 1856 1951
f 1951 1856 1948
f 1857 1952 1860
f 1950 1952 1857
f 1865 1861 1858
f 1859 1953 1858
f 1954 1865 1858
f 1858 1953 1954
f 1859 1955 1953
f 1956 1955 1859
f 1859 1860 1957
f 1957 1956 1859
f 1952 1957 1860
f 1862 1958 1867
f 1958 1862 1864
f 1959 1864 1863
f 1960 1863 1961
f 1962 1961 1863
f 1865 1962 1863
f 1863 1960 1959
f 1963 1958 1864
f 1864 1964 1963
f 1964 1864 1959
f 1965 1962 1865
f 1966 1865 1954
f 1865 1966 1965
f 1867 1890 1866
f 1958 1890 1867
f 1870 1967 1872
f 1967 1870 1887
f 1871 1968 1874
f 1873 1968 1871
f 1872 1969 1873
f 1969 1872 1970
f 1967 1970 1872
f 1971 1873 1969
f 1968 1873 1971
f 1972 1875 1874
f 1971 1972 1874
f 1874 1968 1971
f 1875 1972 1973
f 1973 1878 1875
f 1877 1879 1876
f 1974 1877 1975
f 1974 1879 1877
f 1877 1878 1975
f 1975 1878 1973
f 1883 1879 1974
f 1886 1881 1880
f 1882 1881 1976
f 1886 1976 1881
f 1949 1882 1976
f 1977 1884 1883
f 1974 1977 1883
f 1978 1885 1884
f 1978 1884 1977
f 1886 1885 1979
f 1978 1979 1885
f 1980 1976 1886
f 1979 1980 1886
f 1981 1887 1888
f 1981 1967 1887
f 1981 1888 1982
f 1982 1888 1889
f 1935 1982 1889
f 1891 1890 1983
f 1958 1983 1890
f 1983 1984 1891
f 1985 1898 1891
f 1891 1984 1985
f 1892 1986 1987
f 1986 1892 1902
f 1892 1987 1894
f 1893 1894 1921
f 1921 1894 1988
f 1894 1987 1988
f 1896 1895 1989
f 1895 1899 1990
f 1895 1990 1989
f 1895 1897 1899
f 1896 1989 1904
f 1991 1992 1898
f 1898 1993 1991
f 1985 1993 1898
f 1898 1992 1994
f 1898 1994 1899
f 1995 1990 1899
f 1899 1994 1995
f 1996 1997 1900
f 1900 1901 1996
f 1900 1997 1902
f 1998 1901 1903
f 1996 1901 1998
f 1999 2000 1902
f 2001 2002 1902
f 1902 2003 2001
f 2002 2004 1902
f 1902 2004 1999
f 1902 1997 2003
f 1902 2000 2005
f 2005 1986 1902
f 1903 1906 2006
f 1903 2006 1998
f 1904 1989 2007
f 1905 1904 2007
f 2008 1905 2007
f 1908 1905 2008
f 2009 2006 1906
f 2010 2011 1906
f 2012 2010 1906
f 2011 2009 1906
f 2012 1906 1907
f 2012 1907 1908
f 1908 2008 2013
f 2014 2015 1908
f 2014 1908 2013
f 1908 2015 2016
f 1908 2016 2012
f 1912 1909 2017
f 1909 1910 2017
f 2018 1910 1914
f 1910 2018 2017
f 1911 2019 1922
f 1913 2019 1911
f 1913 1912 2020
f 2017 2020 1912
f 1913 2020 2021
f 2019 1913 2022
f 2022 1913 2021
f 1914 1917 2023
f 2023 2024 1914
f 1914 2024 2018
f 1915 2025 2026
f 1915 2027 2028
f 1915 1920 2025
f 2026 2027 1915
f 1915 2028 1916
f 1918 1916 2028
f 2023 1917 2029
f 1919 2029 1917
f 1919 1918 2030
f 2031 1918 2027
f 2028 2027 1918
f 2030 1918 2031
f 1919 2030 2032
f 2032 2029 1919
f 2033 2025 1920
f 1920 1921 2033
f 1921 2034 2033
f 2035 2034 1921
f 2035 1921 1988
f 1928 1922 2019
f 1930 1923 2036
f 2036 1923 1927
f 2037 1925 1924
f 1924 1928 2037
f 1926 1925 2038
f 2039 1925 2037
f 2039 2038 1925
f 2036 1927 1926
f 2040 1926 2041
f 2042 2043 1926
f 2038 2042 1926
f 2043 2041 1926
f 2040 2036 1926
f 2022 2037 1928
f 2022 1928 2019
f 2044 1933 1929
f 2044 1929 1930
f 2036 2045 1930
f 2044 1930 2045
f 2046 1932 1931
f 2046 1931 2040
f 1931 1933 2044
f 2044 2045 1931
f 1931 2045 2040
f 1943 1932 2046
f 1936 1934 2047
f 2048 2047 1934
f 2049 2048 1934
f 1937 2049 1934
f 1935 1936 1981
f 1981 1982 1935
f 1970 1936 2050
f 1970 1981 1936
f 2050 1936 2047
f 1938 2051 1937
f 1937 2051 2052
f 2049 1937 2052
f 2051 1938 2053
f 2053 1938 1941
f 1940 1939 2054
f 1942 2055 1939
f 2054 1939 2056
f 1939 2055 2056
f 1941 1940 2057
f 2054 2057 1940
f 2057 2053 1941
f 1942 1944 2055
f 1946 1943 2058
f 1943 2046 2059
f 2059 2058 1943
f 2060 1944 1945
f 2061 2055 1944
f 2061 1944 2060
f 1945 1946 2058
f 2060 1945 2062
f 2058 2062 1945
f 2063 1948 1947
f 2064 1947 2065
f 2065 1947 1949
f 1947 2064 2066
f 1947 2066 2063
f 1948 2067 1951
f 1948 2068 2067
f 2063 2068 1948
f 1949 1976 2069
f 2065 1949 2069
f 1952 1950 2070
f 2070 1950 1951
f 2070 1951 2071
f 1951 2067 2071
f 2072 1957 1952
f 2070 2073 1952
f 1952 2074 2072
f 2074 1952 2073
f 2075 1954 1953
f 2076 1953 1955
f 2077 2075 1953
f 2077 1953 2076
f 2075 1966 1954
f 2076 1955 1956
f 2076 1956 2072
f 1957 2072 1956
f 1983 1958 1963
f 1959 2078 1964
f 1959 1960 2078
f 1961 2079 1960
f 1985 2078 1960
f 1960 2079 1985
f 1961 1991 1993
f 1991 1961 1962
f 1993 2079 1961
f 1992 1991 1962
f 1962 2080 1992
f 2080 1962 1965
f 1963 1964 1983
f 1984 1964 1985
f 1964 1984 1983
f 1964 2078 1985
f 2081 1965 1966
f 2082 1965 2081
f 1965 2082 2083
f 2083 2080 1965
f 2081 1966 2075
f 1970 1967 1981
f 2084 1971 1969
f 2050 1969 1970
f 2050 2084 1969
f 2085 1972 1971
f 1971 2084 2086
f 2086 2085 1971
f 2087 1973 1972
f 1972 2085 2087
f 1975 1973 2088
f 1973 2087 2089
f 2089 2088 1973
f 1974 1975 2090
f 2091 1977 1974
f 2090 2092 1974
f 2091 1974 2092
f 2088 2090 1975
f 2069 1976 1980
f 2091 2093 1977
f 1978 1977 2093
f 1978 2069 1979
f 1978 2094 2065
f 2065 2069 1978
f 2094 1978 2093
f 1980 1979 2069
f 1985 2079 1993
f 2095 1987 1986
f 2095 1986 2005
f 2095 1988 1987
f 2096 2035 1988
f 2096 1988 2095
f 2097 2007 1989
f 1989 1990 2097
f 2082 2097 1990
f 1990 1995 2082
f 2098 1994 1992
f 1992 2080 2098
f 1995 1994 2098
f 1995 2098 2080
f 1995 2080 2083
f 1995 2083 2082
f 1997 1996 1998
f 1998 2003 1997
f 2099 2003 1998
f 2099 1998 2006
f 2000 1999 2100
f 2100 1999 2101
f 2101 1999 2004
f 2100 2102 2000
f 2000 2103 2005
f 2103 2000 2102
f 2001 2104 2002
f 2105 2001 2106
f 2001 2003 2099
f 2001 2099 2106
f 2001 2105 2104
f 2002 2104 2004
f 2101 2004 2104
f 2005 2103 2095
f 2107 2099 2006
f 2006 2108 2107
f 2108 2006 2009
f 2109 2110 2007
f 2007 2097 2109
f 2111 2007 2110
f 2008 2007 2111
f 2112 2013 2008
f 2111 2113 2008
f 2008 2113 2112
f 2009 2114 2108
f 2009 2115 2114
f 2011 2115 2009
f 2010 2116 2011
f 2010 2117 2116
f 2012 2117 2010
f 2011 2116 2115
f 2012 2118 2117
f 2016 2118 2012
f 2119 2013 2120
f 2120 2013 2112
f 2121 2013 2119
f 2121 2014 2013
f 2122 2015 2014
f 2121 2122 2014
f 2122 2016 2015
f 2016 2122 2118
f 2017 2018 2123
f 2017 2123 2124
f 2124 2020 2017
f 2018 2024 2125
f 2018 2125 2123
f 2124 2021 2020
f 2126 2021 2124
f 2021 2126 2022
f 2022 2127 2128
f 2022 2126 2127
f 2022 2128 2037
f 2129 2023 2029
f 2024 2023 2129
f 2125 2024 2129
f 2025 2033 2026
f 2130 2026 2033
f 2131 2132 2026
f 2027 2026 2132
f 2026 2130 2131
f 2027 2133 2031
f 2132 2133 2027
f 2129 2029 2032
f 2032 2030 2134
f 2135 2134 2030
f 2030 2031 2135
f 2136 2135 2031
f 2136 2031 2133
f 2032 2134 2137
f 2129 2032 2137
f 2130 2033 2138
f 2033 2034 2138
f 2138 2034 2035
f 2035 2096 2138
f 2045 2036 2040
f 2039 2037 2139
f 2128 2140 2037
f 2139 2037 2140
f 2141 2042 2038
f 2038 2039 2141
f 2139 2142 2039
f 2039 2142 2143
f 2143 2141 2039
f 2046 2040 2144
f 2145 2040 2041
f 2144 2040 2145
f 2145 2041 2043
f 2146 2043 2042
f 2042 2141 2147
f 2148 2146 2042
f 2149 2148 2042
f 2042 2147 2149
f 2150 2043 2146
f 2043 2150 2145
f 2046 2151 2059
f 2046 2144 2151
f 2050 2047 2152
f 2048 2152 2047
f 2048 2052 2153
f 2052 2048 2049
f 2152 2048 2153
f 2084 2050 2086
f 2152 2086 2050
f 2053 2154 2051
f 2051 2154 2155
f 2051 2156 2157
f 2157 2052 2051
f 2051 2155 2156
f 2158 2159 2052
f 2052 2157 2158
f 2052 2159 2160
f 2160 2153 2052
f 2161 2053 2057
f 2161 2154 2053
f 2057 2054 2162
f 2163 2164 2054
f 2162 2054 2165
f 2165 2054 2164
f 2163 2054 2056
f 2166 2055 2061
f 2056 2055 2166
f 2056 2167 2163
f 2167 2056 2166
f 2162 2168 2057
f 2057 2168 2161
f 2169 2058 2059
f 2169 2062 2058
f 2059 2151 2169
f 2170 2060 2062
f 2061 2060 2166
f 2166 2060 2171
f 2060 2170 2171
f 2170 2062 2169
f 2063 2172 2068
f 2172 2063 2173
f 2173 2063 2066
f 2064 2065 2094
f 2094 2174 2064
f 2064 2174 2066
f 2175 2066 2174
f 2176 2066 2175
f 2066 2176 2173
f 2068 2071 2067
f 2071 2068 2070
f 2068 2073 2070
f 2068 2172 2177
f 2073 2068 2178
f 2178 2068 2177
f 2072 2074 2076
f 2179 2074 2073
f 2179 2073 2178
f 2077 2074 2179
f 2077 2076 2074
f 2075 2180 2081
f 2181 2180 2075
f 2181 2075 2077
f 2181 2077 2182
f 2183 2182 2077
f 2183 2077 2179
f 2184 2081 2180
f 2184 2082 2081
f 2184 2185 2082
f 2082 2185 2097
f 2160 2087 2085
f 2085 2086 2160
f 2086 2153 2160
f 2153 2086 2152
f 2159 2087 2160
f 2089 2087 2159
f 2090 2088 2186
f 2088 2187 2186
f 2088 2089 2187
f 2089 2159 2187
f 2188 2092 2090
f 2186 2188 2090
f 2093 2091 2092
f 2092 2188 2189
f 2093 2092 2189
f 2093 2189 2094
f 2094 2175 2174
f 2094 2189 2190
f 2190 2175 2094
f 2191 2096 2095
f 2095 2192 2191
f 2193 2095 2103
f 2192 2095 2193
f 2138 2096 2191
f 2109 2097 2185
f 2106 2099 2194
f 2107 2194 2099
f 2102 2100 2195
f 2101 2195 2100
f 2101 2104 2105
f 2105 2195 2101
f 2193 2103 2102
f 2193 2102 2196
f 2102 2195 2196
f 2106 2194 2105
f 2105 2197 2195
f 2197 2105 2194
f 2107 2108 2198
f 2107 2198 2199
f 2194 2107 2199
f 2108 2200 2198
f 2108 2114 2200
f 2110 2109 2201
f 2109 2185 2201
f 2202 2110 2201
f 2202 2203 2110
f 2110 2203 2111
f 2111 2203 2113
f 2112 2113 2204
f 2120 2112 2204
f 2113 2205 2204
f 2113 2203 2205
f 2206 2114 2207
f 2114 2115 2207
f 2208 2114 2206
f 2208 2199 2114
f 2199 2200 2114
f 2209 2207 2115
f 2115 2116 2209
f 2209 2116 2117
f 2117 2118 2210
f 2209 2117 2210
f 2211 2210 2118
f 2118 2122 2211
f 2212 2119 2120
f 2121 2119 2212
f 2213 2120 2204
f 2120 2213 2212
f 2214 2211 2121
f 2122 2121 2211
f 2121 2212 2214
f 2215 2126 2123
f 2123 2216 2215
f 2137 2123 2125
f 2137 2216 2123
f 2124 2123 2126
f 2125 2129 2137
f 2126 2217 2127
f 2217 2126 2215
f 2128 2127 2218
f 2127 2217 2219
f 2218 2127 2219
f 2140 2128 2218
f 2130 2220 2131
f 2138 2221 2130
f 2220 2130 2221
f 2131 2220 2132
f 2220 2222 2132
f 2223 2132 2222
f 2133 2132 2223
f 2224 2133 2223
f 2133 2224 2136
f 2137 2134 2225
f 2134 2135 2226
f 2225 2134 2226
f 2135 2136 2224
f 2226 2135 2227
f 2227 2135 2224
f 2137 2225 2228
f 2216 2137 2228
f 2191 2221 2138
f 2229 2139 2140
f 2142 2139 2229
f 2140 2218 2230
f 2140 2230 2229
f 2141 2231 2147
f 2141 2143 2231
f 2142 2229 2232
f 2143 2142 2233
f 2233 2142 2232
f 2231 2143 2233
f 2151 2144 2234
f 2144 2145 2234
f 2145 2150 2234
f 2150 2146 2235
f 2146 2148 2235
f 2236 2147 2237
f 2147 2231 2238
f 2238 2237 2147
f 2236 2149 2147
f 2149 2235 2148
f 2236 2239 2149
f 2149 2239 2235
f 2239 2150 2235
f 2234 2150 2239
f 2151 2236 2240
f 2169 2151 2241
f 2151 2240 2241
f 2151 2234 2236
f 2242 2155 2154
f 2242 2154 2161
f 2187 2156 2155
f 2243 2187 2155
f 2244 2155 2242
f 2243 2155 2244
f 2156 2158 2157
f 2187 2158 2156
f 2187 2159 2158
f 2242 2161 2245
f 2246 2161 2168
f 2247 2245 2161
f 2246 2247 2161
f 2162 2165 2168
f 2164 2163 2248
f 2163 2167 2248
f 2249 2250 2164
f 2250 2165 2164
f 2251 2249 2164
f 2251 2164 2248
f 2168 2165 2246
f 2246 2165 2250
f 2252 2167 2166
f 2171 2252 2166
f 2248 2167 2252
f 2241 2253 2169
f 2170 2169 2254
f 2169 2255 2254
f 2169 2253 2255
f 2256 2171 2170
f 2256 2170 2254
f 2171 2248 2252
f 2257 2248 2171
f 2171 2258 2257
f 2258 2171 2256
f 2177 2172 2173
f 2259 2173 2176
f 2173 2259 2260
f 2177 2173 2261
f 2260 2261 2173
f 2190 2262 2175
f 2176 2175 2262
f 2263 2176 2262
f 2176 2264 2265
f 2176 2263 2266
f 2259 2176 2265
f 2266 2264 2176
f 2178 2177 2267
f 2268 2177 2261
f 2268 2267 2177
f 2178 2269 2179
f 2270 2269 2178
f 2271 2178 2272
f 2267 2272 2178
f 2178 2271 2270
f 2269 2183 2179
f 2185 2184 2180
f 2273 2185 2180
f 2273 2180 2181
f 2274 2201 2181
f 2201 2273 2181
f 2181 2182 2275
f 2274 2181 2275
f 2183 2276 2182
f 2275 2182 2276
f 2183 2269 2270
f 2276 2183 2270
f 2201 2185 2273
f 2186 2187 2243
f 2186 2277 2278
f 2278 2188 2186
f 2243 2279 2186
f 2277 2186 2279
f 2188 2280 2189
f 2280 2188 2278
f 2281 2190 2189
f 2189 2280 2281
f 2282 2283 2190
f 2282 2190 2281
f 2190 2283 2262
f 2221 2191 2284
f 2284 2191 2192
f 2192 2285 2284
f 2286 2192 2287
f 2285 2192 2286
f 2192 2196 2288
f 2192 2289 2290
f 2288 2289 2192
f 2290 2291 2192
f 2192 2291 2287
f 2193 2196 2192
f 2194 2199 2197
f 2195 2288 2196
f 2292 2288 2195
f 2195 2197 2292
f 2208 2292 2197
f 2197 2199 2208
f 2199 2198 2200
f 2202 2201 2293
f 2293 2201 2274
f 2294 2202 2293
f 2203 2202 2294
f 2294 2205 2203
f 2295 2204 2205
f 2204 2296 2213
f 2297 2296 2204
f 2297 2204 2295
f 2205 2294 2295
f 2206 2207 2209
f 2208 2206 2298
f 2299 2206 2210
f 2299 2298 2206
f 2210 2206 2209
f 2208 2300 2301
f 2302 2292 2208
f 2303 2302 2208
f 2208 2298 2300
f 2208 2301 2303
f 2304 2305 2210
f 2305 2299 2210
f 2210 2211 2304
f 2211 2214 2304
f 2212 2213 2306
f 2307 2212 2308
f 2214 2212 2309
f 2212 2306 2308
f 2310 2309 2212
f 2212 2307 2310
f 2296 2306 2213
f 2309 2304 2214
f 2216 2311 2215
f 2217 2215 2311
f 2216 2228 2312
f 2216 2312 2311
f 2219 2217 2311
f 2230 2218 2313
f 2313 2218 2219
f 2313 2219 2311
f 2221 2314 2220
f 2220 2285 2222
f 2314 2285 2220
f 2221 2284 2315
f 2315 2314 2221
f 2316 2317 2222
f 2222 2318 2316
f 2318 2222 2285
f 2223 2222 2317
f 2317 2319 2223
f 2320 2223 2319
f 2224 2223 2320
f 2224 2320 2227
f 2225 2226 2321
f 2225 2321 2322
f 2228 2225 2322
f 2226 2227 2323
f 2226 2323 2321
f 2323 2227 2324
f 2325 2324 2227
f 2227 2320 2325
f 2312 2228 2326
f 2326 2228 2322
f 2232 2229 2230
f 2230 2313 2232
f 2231 2327 2238
f 2327 2231 2233
f 2233 2232 2328
f 2329 2328 2232
f 2232 2313 2329
f 2328 2327 2233
f 2236 2234 2239
f 2236 2330 2240
f 2236 2237 2330
f 2237 2238 2331
f 2330 2237 2331
f 2238 2332 2331
f 2238 2327 2332
f 2333 2334 2240
f 2240 2330 2333
f 2241 2240 2334
f 2253 2241 2334
f 2245 2244 2242
f 2279 2243 2244
f 2245 2335 2244
f 2279 2244 2335
f 2336 2335 2245
f 2336 2245 2247
f 2337 2247 2246
f 2338 2337 2246
f 2246 2250 2249
f 2249 2338 2246
f 2247 2337 2336
f 2251 2248 2257
f 2339 2249 2251
f 2339 2338 2249
f 2340 2341 2251
f 2251 2341 2339
f 2340 2251 2257
f 2253 2334 2342
f 2342 2343 2253
f 2253 2343 2255
f 2254 2344 2256
f 2344 2254 2345
f 2255 2345 2254
f 2255 2343 2345
f 2256 2344 2258
f 2257 2258 2340
f 2258 2346 2340
f 2344 2346 2258
f 2265 2260 2259
f 2260 2347 2348
f 2348 2261 2260
f 2347 2260 2265
f 2261 2349 2350
f 2261 2348 2349
f 2261 2351 2268
f 2350 2351 2261
f 2352 2262 2283
f 2352 2353 2262
f 2262 2353 2263
f 2263 2354 2355
f 2263 2356 2354
f 2356 2263 2353
f 2266 2263 2357
f 2355 2357 2263
f 2358 2265 2264
f 2264 2266 2359
f 2264 2360 2361
f 2264 2361 2358
f 2359 2360 2264
f 2265 2362 2347
f 2363 2362 2265
f 2358 2363 2265
f 2357 2359 2266
f 2272 2267 2351
f 2267 2268 2351
f 2270 2364 2365
f 2364 2270 2271
f 2270 2365 2276
f 2364 2271 2272
f 2364 2272 2366
f 2351 2366 2272
f 2367 2293 2274
f 2275 2367 2274
f 2368 2275 2365
f 2275 2368 2367
f 2365 2275 2276
f 2369 2278 2277
f 2277 2279 2370
f 2277 2370 2369
f 2278 2281 2280
f 2281 2278 2369
f 2370 2279 2335
f 2281 2371 2282
f 2371 2281 2372
f 2281 2369 2372
f 2282 2371 2283
f 2373 2374 2283
f 2372 2283 2371
f 2283 2375 2352
f 2283 2372 2373
f 2375 2283 2374
f 2315 2284 2285
f 2315 2285 2314
f 2318 2285 2286
f 2286 2316 2318
f 2316 2286 2376
f 2287 2377 2286
f 2286 2377 2378
f 2379 2286 2378
f 2376 2286 2379
f 2287 2291 2380
f 2287 2381 2377
f 2380 2381 2287
f 2289 2288 2292
f 2382 2290 2289
f 2302 2289 2292
f 2382 2289 2383
f 2303 2289 2302
f 2303 2383 2289
f 2384 2290 2385
f 2290 2382 2385
f 2291 2290 2384
f 2291 2384 2386
f 2380 2291 2386
f 2293 2367 2294
f 2387 2294 2367
f 2388 2295 2294
f 2294 2387 2388
f 2389 2295 2390
f 2390 2295 2388
f 2297 2295 2389
f 2296 2297 2306
f 2389 2391 2297
f 2308 2306 2297
f 2392 2297 2391
f 2308 2297 2392
f 2393 2298 2299
f 2298 2393 2300
f 2394 2299 2305
f 2299 2395 2396
f 2396 2393 2299
f 2395 2299 2394
f 2300 2397 2301
f 2398 2397 2300
f 2399 2300 2393
f 2398 2300 2399
f 2383 2303 2301
f 2301 2397 2383
f 2400 2305 2304
f 2304 2309 2400
f 2400 2394 2305
f 2401 2307 2308
f 2307 2401 2402
f 2403 2307 2404
f 2310 2307 2403
f 2307 2402 2404
f 2308 2392 2401
f 2400 2309 2405
f 2309 2310 2405
f 2405 2310 2403
f 2311 2312 2313
f 2326 2406 2312
f 2312 2406 2313
f 2329 2313 2406
f 2317 2316 2407
f 2408 2316 2376
f 2407 2316 2408
f 2319 2317 2409
f 2317 2407 2409
f 2410 2325 2319
f 2319 2409 2410
f 2320 2319 2325
f 2411 2321 2412
f 2321 2323 2412
f 2411 2322 2321
f 2322 2411 2413
f 2322 2413 2326
f 2414 2412 2323
f 2324 2414 2323
f 2415 2324 2325
f 2416 2414 2324
f 2324 2417 2416
f 2417 2324 2415
f 2325 2410 2415
f 2406 2326 2329
f 2418 2326 2413
f 2418 2329 2326
f 2328 2419 2327
f 2332 2327 2419
f 2328 2329 2420
f 2328 2420 2421
f 2419 2328 2421
f 2420 2329 2418
f 2333 2330 2331
f 2422 2333 2331
f 2331 2332 2422
f 2332 2419 2423
f 2422 2332 2423
f 2334 2333 2422
f 2334 2422 2424
f 2424 2342 2334
f 2425 2335 2336
f 2335 2425 2370
f 2425 2336 2426
f 2426 2336 2337
f 2338 2427 2337
f 2337 2427 2428
f 2337 2429 2426
f 2337 2428 2430
f 2430 2429 2337
f 2427 2338 2339
f 2339 2341 2431
f 2427 2339 2431
f 2340 2432 2341
f 2433 2340 2434
f 2346 2434 2340
f 2340 2433 2432
f 2341 2435 2431
f 2435 2341 2436
f 2341 2432 2436
f 2437 2438 2342
f 2438 2345 2342
f 2342 2424 2437
f 2343 2342 2345
f 2438 2344 2345
f 2344 2438 2346
f 2438 2434 2346
f 2348 2347 2439
f 2347 2362 2439
f 2439 2440 2348
f 2348 2440 2349
f 2349 2441 2350
f 2441 2349 2440
f 2351 2350 2441
f 2351 2442 2366
f 2442 2351 2443
f 2441 2443 2351
f 2356 2353 2352
f 2356 2352 2375
f 2444 2355 2354
f 2444 2354 2445
f 2445 2354 2356
f 2357 2355 2444
f 2356 2375 2445
f 2357 2446 2359
f 2444 2446 2357
f 2361 2447 2358
f 2447 2363 2358
f 2359 2448 2449
f 2446 2448 2359
f 2360 2359 2449
f 2360 2449 2361
f 2450 2447 2361
f 2449 2450 2361
f 2439 2362 2451
f 2362 2363 2451
f 2451 2363 2452
f 2452 2363 2447
f 2364 2368 2365
f 2453 2368 2364
f 2454 2364 2366
f 2455 2453 2364
f 2454 2455 2364
f 2456 2366 2457
f 2457 2366 2442
f 2456 2454 2366
f 2368 2387 2367
f 2458 2387 2368
f 2458 2368 2453
f 2372 2369 2459
f 2370 2459 2369
f 2370 2460 2461
f 2370 2425 2460
f 2461 2459 2370
f 2462 2372 2459
f 2463 2373 2372
f 2463 2372 2462
f 2373 2464 2374
f 2373 2463 2464
f 2374 2465 2375
f 2466 2465 2374
f 2374 2464 2466
f 2375 2465 2445
f 2467 2376 2379
f 2408 2376 2467
f 2468 2377 2381
f 2378 2377 2468
f 2469 2378 2468
f 2379 2378 2469
f 2470 2379 2469
f 2467 2379 2470
f 2380 2386 2381
f 2386 2471 2381
f 2381 2471 2472
f 2473 2381 2472
f 2468 2381 2473
f 2383 2385 2382
f 2385 2383 2474
f 2475 2383 2397
f 2474 2383 2475
f 2385 2471 2384
f 2384 2471 2386
f 2471 2385 2476
f 2477 2385 2474
f 2476 2385 2477
f 2388 2387 2458
f 2478 2390 2388
f 2479 2388 2458
f 2388 2480 2478
f 2388 2479 2480
f 2391 2389 2390
f 2390 2478 2391
f 2391 2478 2392
f 2481 2401 2392
f 2392 2478 2481
f 2399 2393 2396
f 2394 2400 2482
f 2394 2483 2395
f 2482 2483 2394
f 2484 2396 2395
f 2485 2395 2483
f 2484 2395 2485
f 2486 2399 2396
f 2486 2396 2484
f 2475 2397 2398
f 2487 2475 2398
f 2488 2398 2399
f 2487 2398 2488
f 2488 2399 2486
f 2489 2482 2400
f 2400 2490 2491
f 2405 2490 2400
f 2491 2489 2400
f 2401 2481 2402
f 2492 2402 2481
f 2493 2402 2492
f 2404 2402 2493
f 2403 2404 2493
f 2494 2403 2495
f 2403 2496 2495
f 2403 2493 2496
f 2494 2490 2403
f 2490 2405 2403
f 2409 2407 2410
f 2410 2407 2408
f 2415 2408 2467
f 2410 2408 2415
f 2412 2497 2411
f 2411 2497 2498
f 2499 2500 2411
f 2498 2499 2411
f 2411 2500 2413
f 2414 2497 2412
f 2501 2418 2413
f 2413 2500 2501
f 2414 2502 2503
f 2504 2497 2414
f 2503 2504 2414
f 2502 2414 2416
f 2415 2470 2417
f 2470 2415 2467
f 2416 2417 2502
f 2505 2417 2470
f 2417 2506 2502
f 2417 2505 2507
f 2417 2507 2506
f 2418 2501 2508
f 2509 2418 2508
f 2421 2420 2418
f 2509 2421 2418
f 2423 2419 2421
f 2423 2421 2509
f 2424 2422 2423
f 2424 2423 2437
f 2509 2437 2423
f 2426 2460 2425
f 2460 2426 2429
f 2428 2427 2431
f 2510 2511 2428
f 2431 2510 2428
f 2428 2511 2430
f 2429 2512 2460
f 2512 2429 2430
f 2512 2430 2513
f 2513 2430 2511
f 2514 2510 2431
f 2431 2435 2514
f 2432 2515 2436
f 2432 2516 2515
f 2433 2516 2432
f 2434 2517 2433
f 2433 2518 2516
f 2517 2518 2433
f 2438 2517 2434
f 2435 2436 2519
f 2519 2520 2435
f 2435 2520 2521
f 2521 2514 2435
f 2436 2515 2519
f 2438 2437 2517
f 2437 2509 2517
f 2522 2440 2439
f 2439 2523 2522
f 2439 2451 2523
f 2441 2440 2522
f 2524 2441 2522
f 2441 2524 2443
f 2443 2457 2442
f 2457 2443 2524
f 2445 2525 2444
f 2525 2526 2444
f 2444 2526 2527
f 2444 2528 2446
f 2529 2528 2444
f 2521 2529 2444
f 2444 2527 2521
f 2525 2445 2465
f 2448 2446 2528
f 2452 2447 2450
f 2448 2450 2449
f 2528 2450 2448
f 2528 2452 2450
f 2452 2523 2451
f 2530 2523 2452
f 2452 2528 2530
f 2531 2532 2453
f 2453 2532 2458
f 2531 2453 2455
f 2533 2454 2456
f 2533 2455 2454
f 2455 2533 2531
f 2534 2456 2457
f 2456 2534 2535
f 2535 2533 2456
f 2457 2524 2536
f 2534 2457 2536
f 2458 2537 2479
f 2537 2458 2532
f 2461 2462 2459
f 2460 2512 2461
f 2462 2461 2512
f 2512 2513 2462
f 2463 2462 2513
f 2463 2466 2464
f 2513 2466 2463
f 2465 2538 2525
f 2538 2465 2466
f 2466 2513 2539
f 2540 2466 2539
f 2466 2540 2538
f 2505 2468 2473
f 2469 2468 2505
f 2470 2469 2505
f 2541 2471 2476
f 2472 2471 2541
f 2542 2472 2541
f 2473 2472 2542
f 2505 2473 2507
f 2507 2473 2542
f 2543 2474 2475
f 2477 2474 2543
f 2543 2475 2487
f 2544 2476 2477
f 2541 2476 2544
f 2545 2477 2543
f 2544 2477 2545
f 2480 2546 2478
f 2481 2478 2546
f 2480 2479 2537
f 2546 2480 2537
f 2546 2547 2481
f 2481 2547 2492
f 2485 2483 2482
f 2489 2485 2482
f 2548 2486 2484
f 2549 2484 2485
f 2548 2484 2549
f 2549 2485 2489
f 2550 2488 2486
f 2550 2486 2548
f 2551 2543 2487
f 2552 2487 2488
f 2551 2487 2552
f 2552 2488 2550
f 2491 2549 2489
f 2553 2491 2490
f 2554 2490 2555
f 2555 2490 2494
f 2554 2553 2490
f 2491 2556 2502
f 2491 2502 2506
f 2491 2506 2550
f 2491 2553 2557
f 2557 2556 2491
f 2548 2549 2491
f 2550 2548 2491
f 2547 2558 2492
f 2492 2559 2560
f 2558 2559 2492
f 2493 2492 2560
f 2534 2561 2493
f 2493 2560 2534
f 2561 2496 2493
f 2494 2495 2555
f 2495 2496 2562
f 2495 2562 2555
f 2562 2496 2561
f 2497 2504 2498
f 2563 2498 2503
f 2499 2498 2563
f 2503 2498 2504
f 2500 2499 2563
f 2563 2564 2500
f 2501 2500 2564
f 2565 2501 2518
f 2566 2518 2501
f 2501 2567 2508
f 2501 2564 2568
f 2567 2501 2565
f 2569 2566 2501
f 2501 2568 2569
f 2503 2502 2556
f 2503 2556 2570
f 2570 2563 2503
f 2506 2552 2550
f 2506 2545 2551
f 2506 2544 2545
f 2571 2544 2506
f 2506 2551 2552
f 2507 2571 2506
f 2507 2542 2571
f 2508 2567 2509
f 2517 2509 2565
f 2509 2567 2565
f 2511 2510 2514
f 2511 2539 2513
f 2514 2539 2511
f 2514 2521 2527
f 2514 2527 2539
f 2566 2519 2515
f 2516 2566 2515
f 2566 2516 2518
f 2518 2517 2565
f 2519 2566 2572
f 2519 2572 2573
f 2519 2573 2520
f 2529 2520 2573
f 2529 2521 2520
f 2536 2522 2562
f 2522 2536 2524
f 2522 2530 2562
f 2522 2523 2530
f 2538 2574 2525
f 2525 2574 2526
f 2526 2575 2539
f 2575 2526 2574
f 2539 2527 2526
f 2576 2530 2528
f 2576 2528 2529
f 2529 2573 2577
f 2577 2576 2529
f 2530 2555 2562
f 2578 2555 2530
f 2576 2578 2530
f 2537 2532 2531
f 2558 2537 2531
f 2531 2559 2558
f 2531 2533 2559
f 2533 2535 2559
f 2534 2559 2535
f 2560 2559 2534
f 2536 2561 2534
f 2561 2536 2562
f 2537 2558 2547
f 2537 2547 2546
f 2574 2538 2540
f 2539 2575 2540
f 2540 2575 2574
f 2571 2541 2544
f 2542 2541 2571
f 2545 2543 2551
f 2557 2553 2579
f 2579 2553 2554
f 2555 2580 2554
f 2580 2579 2554
f 2581 2555 2582
f 2578 2582 2555
f 2555 2581 2580
f 2583 2570 2556
f 2579 2556 2557
f 2583 2556 2581
f 2579 2581 2556
f 2563 2584 2564
f 2570 2585 2563
f 2563 2585 2584
f 2568 2564 2584
f 2566 2586 2572
f 2569 2586 2566
f 2569 2568 2587
f 2584 2587 2568
f 2587 2588 2569
f 2569 2588 2589
f 2589 2586 2569
f 2581 2570 2583
f 2590 2585 2570
f 2570 2581 2590
f 2572 2586 2589
f 2589 2577 2572
f 2572 2577 2573
f 2588 2591 2576
f 2588 2576 2589
f 2591 2578 2576
f 2576 2577 2589
f 2591 2582 2578
f 2581 2579 2580
f 2588 2590 2581
f 2591 2588 2581
f 2581 2582 2591
f 2587 2584 2585
f 2587 2585 2590
f 2587 2590 2588
