# Generated by Visualization Toolkit
v 0.0016289999475702643 -0.27011600136756897 0.06611000001430511
v 0.001348000019788742 -0.2721090018749237 0.06721200048923492
v 0.0017979999538511038 -0.2709540128707886 0.06746300309896469
v 0.001988000003620982 -0.26990899443626404 0.06735800206661224
v 0.001500000013038516 -0.27058398723602295 0.06610400229692459
v 0.0018449999624863267 -0.2695840001106262 0.06645800173282623
v 0.0018100000452250242 -0.2699269950389862 0.06538599729537964
v 0.0016349999932572246 -0.2703840136528015 0.0653349980711937
v 0.001791000016964972 -0.26962199807167053 0.06624799966812134
v 0.0019399999873712659 -0.26938900351524353 0.06560000032186508
v 0.0020490000024437904 -0.2705239951610565 0.06886400282382965
v 0.001348000019788742 -0.27213001251220703 0.06769700348377228
v 0.0012420000275596976 -0.27361899614334106 0.06726299971342087
v 0.0012919999426230788 -0.2719520032405853 0.06651800125837326
v 0.0021959999576210976 -0.2702000141143799 0.06847599893808365
v 0.002263000002130866 -0.2698439955711365 0.06803900003433228
v 0.0019440000178292394 -0.2695080041885376 0.0668570026755333
v 0.0012260000221431255 -0.27163100242614746 0.06574500352144241
v 0.001478999969549477 -0.27087900042533875 0.06520000100135803
v 0.001319000031799078 -0.2712849974632263 0.06532400101423264
v 0.0019330000504851341 -0.26920801401138306 0.06611599773168564
v 0.002133999951183796 -0.2687020003795624 0.0663599967956543
v 0.002002999885007739 -0.2691130042076111 0.0663990005850792
v 0.0020940001122653484 -0.2697170078754425 0.06491299718618393
v 0.0019259999971836805 -0.2702069878578186 0.06477200239896774
v 0.002185000106692314 -0.2691049873828888 0.06526900082826614
v 0.0014570000348612666 -0.27194100618362427 0.06957899779081345
v 0.0014929999597370625 -0.27144598960876465 0.06996499747037888
v 0.0014049999881535769 -0.2720800042152405 0.068121999502182
v 0.0013920000055804849 -0.2723340094089508 0.0685340017080307
v 0.002114000031724572 -0.27046999335289 0.06913899630308151
v 0.0023040000814944506 -0.2700890004634857 0.06899300217628479
v 0.001310999970883131 -0.2729929983615875 0.06790199875831604
v 0.001243000035174191 -0.27431198954582214 0.0669810026884079
v 0.0013129999861121178 -0.2740269899368286 0.06747899949550629
v 0.0024139999877661467 -0.2692579925060272 0.06843099743127823
v 0.0029770000837743282 -0.26657000184059143 0.06772200018167496
v 0.002329000039026141 -0.2681350111961365 0.06677599996328354
v 0.001183000043965876 -0.2726449966430664 0.06589200347661972
v 0.0012580000329762697 -0.2719089984893799 0.0649849995970726
v 0.0012280000373721123 -0.2731049954891205 0.06462100148200989
v 0.001702000037766993 -0.27086299657821655 0.06468299776315689
v 0.0019379999721422791 -0.27168598771095276 0.06365499645471573
v 0.0016159999649971724 -0.2719370126724243 0.06394100189208984
v 0.002237000036984682 -0.2687009871006012 0.06570299714803696
v 0.002114000031724572 -0.2687230110168457 0.06626500189304352
v 0.0022770001087337732 -0.2684060037136078 0.06588499993085861
v 0.002274000085890293 -0.2682560086250305 0.06631900370121002
v 0.002650999929755926 -0.26973798871040344 0.06424500048160553
v 0.0022929999977350235 -0.2707110047340393 0.06395000219345093
v 0.0025909999385476112 -0.27009400725364685 0.06408599764108658
v 0.0023739999160170555 -0.2686220109462738 0.06542299687862396
v 0.0030950000509619713 -0.268887996673584 0.0643329992890358
v 0.0014299999456852674 -0.27176299691200256 0.0706849992275238
v 0.0013340000296011567 -0.2729719877243042 0.0700019970536232
v 0.0013409999664872885 -0.27294400334358215 0.06849300116300583
v 0.0013559999642893672 -0.27325499057769775 0.06920800358057022
v 0.0017059999518096447 -0.27070701122283936 0.07091200351715088
v 0.0016670000040903687 -0.2709450125694275 0.07014600187540054
v 0.0015170000260695815 -0.2713170051574707 0.07171600311994553
v 0.0015950000379234552 -0.2708680033683777 0.07184100151062012
v 0.0018279999494552612 -0.27063900232315063 0.0697299987077713
v 0.001639000023715198 -0.2708140015602112 0.07123400270938873
v 0.00133500003721565 -0.27303099632263184 0.06823000311851501
v 0.0020729999523609877 -0.2702679932117462 0.06965699791908264
v 0.002317999955266714 -0.2700729966163635 0.06906600296497345
v 0.002380999969318509 -0.269540011882782 0.06914599984884262
v 0.001383999944664538 -0.2740910053253174 0.06783600151538849
v 0.001433999976143241 -0.2746700048446655 0.06752300262451172
v 0.0012799999676644802 -0.2752009928226471 0.06656300276517868
v 0.0013409999664872885 -0.2750059962272644 0.06703999638557434
v 0.0014590000500902534 -0.27496200799942017 0.06736599653959274
v 0.0011919999960809946 -0.2745499908924103 0.06646999716758728
v 0.0025579999200999737 -0.26872700452804565 0.06864800304174423
v 0.0031610000878572464 -0.2669990062713623 0.0683939978480339
v 0.0028029999230057 -0.2656030058860779 0.06705199927091599
v 0.002652999944984913 -0.2670319974422455 0.06720499694347382
v 0.003100000089034438 -0.2651180028915405 0.06740500032901764
v 0.003978000022470951 -0.26465100049972534 0.06874299794435501
v 0.0024190000258386135 -0.2678160071372986 0.06627099961042404
v 0.002535999985411763 -0.2666560113430023 0.06668499857187271
v 0.0011759999906644225 -0.2738499939441681 0.06554300338029861
v 0.0011820000363513827 -0.2733229994773865 0.06500399857759476
v 0.0012829999905079603 -0.27265599370002747 0.06443800032138824
v 0.001541999983601272 -0.27255499362945557 0.0635949969291687
v 0.0016289999475702643 -0.2721939980983734 0.06376499682664871
v 0.0011650000233203173 -0.2746700048446655 0.06471499800682068
v 0.0012610000558197498 -0.27326500415802 0.06440799683332443
v 0.0021929999347776175 -0.27112799882888794 0.06380099803209305
v 0.0018560000462457538 -0.27236801385879517 0.06333599984645844
v 0.0017719999887049198 -0.27221301198005676 0.06353099644184113
v 0.0030129998922348022 -0.27121099829673767 0.06296800076961517
v 0.0029700000304728746 -0.2715179920196533 0.06279099732637405
v 0.00279000005684793 -0.27200400829315186 0.06264200061559677
v 0.0024339999072253704 -0.2679100036621094 0.06601999700069427
v 0.0028389999642968178 -0.2678689956665039 0.06526400148868561
v 0.0035800000187009573 -0.2689709961414337 0.06396699696779251
v 0.0036379999946802855 -0.26849299669265747 0.06407000124454498
v 0.0033990000374615192 -0.2698360085487366 0.06369099766016006
v 0.0035699999425560236 -0.2699950039386749 0.0635330006480217
v 0.0036460000555962324 -0.27020901441574097 0.0633620023727417
v 0.0031870000530034304 -0.2683649957180023 0.06443099677562714
v 0.0035800000187009573 -0.2681429982185364 0.06418599933385849
v 0.001415999955497682 -0.2725929915904999 0.0713609978556633
v 0.001383999944664538 -0.2727069854736328 0.07086999714374542
v 0.0014120000414550304 -0.27354100346565247 0.0699940025806427
v 0.0014140000566840172 -0.2736560106277466 0.06944900006055832
v 0.0014600000577047467 -0.2736530005931854 0.07036600261926651
v 0.0013930000131949782 -0.27311399579048157 0.07069099694490433
v 0.0013460000045597553 -0.2733300030231476 0.06897199898958206
v 0.0013879999751225114 -0.27361300587654114 0.06851799786090851
v 0.0014169999631121755 -0.2737720012664795 0.06890299916267395
v 0.0013670000480487943 -0.2735390067100525 0.06907600164413452
v 0.0018990000244230032 -0.2703149914741516 0.07080899924039841
v 0.0019950000569224358 -0.26970601081848145 0.07116799801588058
v 0.0016740000573918223 -0.2705180048942566 0.07141099870204926
v 0.0018789999885484576 -0.27050599455833435 0.06998900324106216
v 0.0015119999879971147 -0.27190300822257996 0.0719819962978363
v 0.001610000035725534 -0.271789014339447 0.07236699759960175
v 0.0016609999584034085 -0.2712790071964264 0.0723550021648407
v 0.0017930000321939588 -0.270330011844635 0.07217500358819962
v 0.0018710000440478325 -0.26981300115585327 0.07176599651575089
v 0.0017750000115484 -0.2699989974498749 0.07151400297880173
v 0.0014299999456852674 -0.2738629877567291 0.06835000216960907
v 0.0022239999379962683 -0.2700299918651581 0.07062699645757675
v 0.0022319999989122152 -0.269773006439209 0.06979300081729889
v 0.0025430000387132168 -0.268869012594223 0.06980299949645996
v 0.00152299995534122 -0.2743059992790222 0.06802500039339066
v 0.001475999946705997 -0.2741050124168396 0.06818000227212906
v 0.0016009999671950936 -0.27486100792884827 0.06767699867486954
v 0.0015620000194758177 -0.27460500597953796 0.067842997610569
v 0.0013780000153928995 -0.2752690017223358 0.06687500327825546
v 0.0014270000392571092 -0.2755039930343628 0.06670299917459488
v 0.0013259999686852098 -0.2755109965801239 0.06636500358581543
v 0.0012760000536218286 -0.27539199590682983 0.06599800288677216
v 0.0012000000569969416 -0.27465200424194336 0.06592100113630295
v 0.0014959999825805426 -0.2752240002155304 0.06720100343227386
v 0.0016400000313296914 -0.27511799335479736 0.06751199811697006
v 0.0030819999519735575 -0.2673799991607666 0.0687360018491745
v 0.0036810000892728567 -0.2664709985256195 0.06927099823951721
v 0.00304599991068244 -0.2646610140800476 0.06705000251531601
v 0.0027699999045580626 -0.26527100801467896 0.06674300134181976
v 0.003558000084012747 -0.2637940049171448 0.06757999956607819
v 0.0033939999993890524 -0.26394400000572205 0.0672840029001236
v 0.003575999988242984 -0.264147013425827 0.06790400296449661
v 0.004170000087469816 -0.26558399200439453 0.06954699754714966
v 0.0044639999978244305 -0.2651439905166626 0.06976299732923508
v 0.003982999827712774 -0.2636660039424896 0.06844499707221985
v 0.004536000080406666 -0.26468798518180847 0.06963299959897995
v 0.0028260000981390476 -0.2672159969806671 0.06555800139904022
v 0.0025339999701827765 -0.26683199405670166 0.0661650002002716
v 0.002689999993890524 -0.2666189968585968 0.06582999974489212
v 0.0026740001048892736 -0.26582300662994385 0.06617599725723267
v 0.0011620000004768372 -0.274493008852005 0.06523200124502182
v 0.00133200001437217 -0.2734130024909973 0.06390500068664551
v 0.001521000056527555 -0.27310600876808167 0.06353999674320221
v 0.001630999962799251 -0.27268001437187195 0.06338900327682495
v 0.0012890000361949205 -0.2738569974899292 0.06412500143051147
v 0.0013269999762997031 -0.27397000789642334 0.0638590008020401
v 0.0011579999700188637 -0.2746469974517822 0.0650010034441948
v 0.0012789999600499868 -0.2756600081920624 0.06521499902009964
v 0.001303000026382506 -0.274944007396698 0.06415700167417526
v 0.0012229999992996454 -0.27527499198913574 0.06464400142431259
v 0.003344000084325671 -0.2706800103187561 0.06315600126981735
v 0.0017379999626427889 -0.27281200885772705 0.06319200247526169
v 0.001917000045068562 -0.27257800102233887 0.06315600126981735
v 0.0030700000934302807 -0.27142900228500366 0.06278999894857407
v 0.003607999999076128 -0.27074700593948364 0.06299199908971786
v 0.003756999969482422 -0.2709980010986328 0.06286799907684326
v 0.0030869999900460243 -0.2717379927635193 0.06263899803161621
v 0.0030759999062865973 -0.27285701036453247 0.06224900111556053
v 0.0026360000483691692 -0.2725439965724945 0.06252899765968323
v 0.002004999900236726 -0.27307000756263733 0.06281699985265732
v 0.0029810001142323017 -0.2675440013408661 0.06487099826335907
v 0.003031000029295683 -0.26792100071907043 0.06476400047540665
v 0.0029720000457018614 -0.26698100566864014 0.06490900367498398
v 0.0038079998921602964 -0.2695319950580597 0.06371500343084335
v 0.003951000049710274 -0.2690269947052002 0.06385499984025955
v 0.0039470000192523 -0.2690509855747223 0.06385000050067902
v 0.004015000071376562 -0.268546998500824 0.06394699960947037
v 0.0035989999305456877 -0.26997101306915283 0.0635330006480217
v 0.003756999969482422 -0.2701599895954132 0.06338299810886383
v 0.0034469999372959137 -0.27059298753738403 0.06315799802541733
v 0.0037070000544190407 -0.27042001485824585 0.06318199634552002
v 0.0039809998124837875 -0.27036601305007935 0.06326700001955032
v 0.003234999952837825 -0.26782500743865967 0.06450200080871582
v 0.003392999991774559 -0.2679780125617981 0.06433600187301636
v 0.003938999958336353 -0.2672579884529114 0.0642239972949028
v 0.004129999782890081 -0.2675890028476715 0.06415200233459473
v 0.0015810000477358699 -0.27266401052474976 0.0720599964261055
v 0.0014250000240281224 -0.2729189991950989 0.07121399790048599
v 0.0016129999421536922 -0.27293699979782104 0.07189899682998657
v 0.0014949999749660492 -0.2732909917831421 0.07095199823379517
v 0.0014649999793618917 -0.27376601099967957 0.06981900334358215
v 0.0015249999705702066 -0.27385398745536804 0.07018300145864487
v 0.0015059999423101544 -0.27389299869537354 0.06920699775218964
v 0.0015379999531432986 -0.27394500374794006 0.06963100284337997
v 0.001623000018298626 -0.2740980088710785 0.0694350004196167
v 0.001617999980226159 -0.2738650143146515 0.07052599638700485
v 0.0015539999585598707 -0.27366599440574646 0.0707089975476265
v 0.0014939999673515558 -0.2739439904689789 0.06871200352907181
v 0.00165200000628829 -0.27415499091148376 0.06887300312519073
v 0.0017229999648407102 -0.27421700954437256 0.06922999769449234
v 0.002202000003308058 -0.2699680030345917 0.07077000290155411
v 0.0019539999775588512 -0.2696009874343872 0.07140299677848816
v 0.0021879998967051506 -0.2693130075931549 0.07106400281190872
v 0.0016220000106841326 -0.272381991147995 0.07224699854850769
v 0.001715000020340085 -0.2722359895706177 0.07251700013875961
v 0.0017549999756738544 -0.27179598808288574 0.07263100147247314
v 0.0021039999555796385 -0.2708759903907776 0.07294800132513046
v 0.002070999937132001 -0.2698720097541809 0.07241600006818771
v 0.0020520000252872705 -0.26946398615837097 0.07197999954223633
v 0.0023870000150054693 -0.2687459886074066 0.0714849978685379
v 0.0015719999792054296 -0.27410900592803955 0.06852100044488907
v 0.0024029999040067196 -0.26963600516319275 0.07050299644470215
v 0.002389000030234456 -0.26957300305366516 0.07066400349140167
v 0.0024870000779628754 -0.2692280113697052 0.07024600356817245
v 0.0026390000712126493 -0.2687309980392456 0.07037799805402756
v 0.0017000000225380063 -0.2745150029659271 0.06815700232982635
v 0.0016459999606013298 -0.2742899954319 0.06833299994468689
v 0.0019180000526830554 -0.2754029929637909 0.06745199859142303
v 0.0017559999832883477 -0.2747330069541931 0.06797999888658524
v 0.0015559999737888575 -0.2754330039024353 0.06702200323343277
v 0.0014929999597370625 -0.27570199966430664 0.06651899963617325
v 0.0016280000563710928 -0.27561599016189575 0.06683500111103058
v 0.0013899999903514981 -0.2757120132446289 0.06618300080299377
v 0.0013180000241845846 -0.2756510078907013 0.06582599878311157
v 0.0012649999698624015 -0.2755439877510071 0.06545700132846832
v 0.0017709999810904264 -0.27551400661468506 0.06714499741792679
v 0.002939000027254224 -0.26799899339675903 0.069862000644207
v 0.0036800000816583633 -0.2667999863624573 0.06990800052881241
v 0.0030159999150782824 -0.26431798934936523 0.06640300154685974
v 0.0031799999997019768 -0.26391300559043884 0.06628300249576569
v 0.0034799999557435513 -0.26300498843193054 0.06628700345754623
v 0.003619000082835555 -0.26285499334335327 0.06687399744987488
v 0.00393499992787838 -0.2627280056476593 0.06791000068187714
v 0.0037799999117851257 -0.262937992811203 0.06757599860429764
v 0.00447099981829524 -0.2659119963645935 0.07072500139474869
v 0.004782999865710735 -0.265500009059906 0.07089299708604813
v 0.004273999948054552 -0.2630549967288971 0.0687279999256134
v 0.00470399996265769 -0.2636669874191284 0.06977999955415726
v 0.004807000048458576 -0.2646369934082031 0.07026699930429459
v 0.005005999933928251 -0.26365798711776733 0.07029499858617783
v 0.002899999963119626 -0.2667739987373352 0.06538499891757965
v 0.0028359999414533377 -0.26618799567222595 0.06539099663496017
v 0.0028329999186098576 -0.2655400037765503 0.0656920000910759
v 0.002930999966338277 -0.2650189995765686 0.06579200178384781
v 0.0016129999421536922 -0.27323201298713684 0.06333500146865845
v 0.001905999961309135 -0.27417701482772827 0.0626859962940216
v 0.0016349999932572246 -0.2749210000038147 0.06321799755096436
v 0.0019490000559017062 -0.27363499999046326 0.06275399774312973
v 0.0013780000153928995 -0.2758600115776062 0.06564699858427048
v 0.0015399999683722854 -0.276185005903244 0.06526000052690506
v 0.0014489999739453197 -0.27616798877716064 0.06491599977016449
v 0.0012629999546334147 -0.27567100524902344 0.0649150013923645
v 0.0014019999653100967 -0.2760480046272278 0.06454300135374069
v 0.001411000033840537 -0.2755959928035736 0.0640380010008812
v 0.001715000020340085 -0.27551400661468506 0.06322299689054489
v 0.0018550000386312604 -0.2729490101337433 0.06300099939107895
v 0.003432000055909157 -0.2712570130825043 0.06278199702501297
v 0.003745999885722995 -0.27067700028419495 0.06301599740982056
v 0.0037269999738782644 -0.27176201343536377 0.06260699778795242
v 0.004023999907076359 -0.27101999521255493 0.06293399631977081
v 0.0034229999873787165 -0.2718780040740967 0.06254500150680542
v 0.0026199999265372753 -0.27292799949645996 0.0623989999294281
v 0.002724000019952655 -0.27318599820137024 0.062258001416921616
v 0.003639000002294779 -0.2733539938926697 0.062102001160383224
v 0.0030070000793784857 -0.27330800890922546 0.06212899833917618
v 0.0021180000621825457 -0.27323201298713684 0.06263700127601624
v 0.0030789999291300774 -0.26767298579216003 0.06466999650001526
v 0.003203999949619174 -0.26725199818611145 0.0645269975066185
v 0.0030499999411404133 -0.267100989818573 0.06469599902629852
v 0.0029299999587237835 -0.26653701066970825 0.06498900055885315
v 0.002976000076159835 -0.2665109932422638 0.06469500064849854
v 0.0030849999748170376 -0.2668769955635071 0.06460600346326828
v 0.003930999897420406 -0.26978400349617004 0.0635799989104271
v 0.004217999987304211 -0.26934999227523804 0.06379599869251251
v 0.004155000206083059 -0.2697629928588867 0.06366000324487686
v 0.0042779999785125256 -0.26886600255966187 0.0638979971408844
v 0.004308000206947327 -0.26867398619651794 0.06392800062894821
v 0.0039610001258552074 -0.27006301283836365 0.06341999769210815
v 0.003975000232458115 -0.2703230082988739 0.063291996717453
v 0.00407300004735589 -0.2703770101070404 0.06330999732017517
v 0.0033760000951588154 -0.2673879861831665 0.06443600356578827
v 0.003860000055283308 -0.2672030031681061 0.06424199789762497
v 0.0042119999416172504 -0.2668980062007904 0.06416799873113632
v 0.005117000080645084 -0.26774299144744873 0.06401800364255905
v 0.004550999961793423 -0.26824501156806946 0.06402099877595901
v 0.0017389999702572823 -0.27287399768829346 0.07221999764442444
v 0.0017109999898821115 -0.2734079957008362 0.07155399769544601
v 0.0015259999781847 -0.27325600385665894 0.07111000269651413
v 0.0018319999799132347 -0.27335500717163086 0.07187800109386444
v 0.001661999966017902 -0.27364298701286316 0.071042001247406
v 0.0016090000281110406 -0.2740060091018677 0.06998799741268158
v 0.0017010000301524997 -0.27402299642562866 0.07033199816942215
v 0.0017079999670386314 -0.2741290032863617 0.06978300213813782
v 0.0018149999668821692 -0.27423301339149475 0.06957300007343292
v 0.0017350000562146306 -0.273824006319046 0.07085400074720383
v 0.0017519999528303742 -0.27427101135253906 0.06866700202226639
v 0.0018339999951422215 -0.2743079960346222 0.06901700049638748
v 0.002047999994829297 -0.2743920087814331 0.0691400021314621
v 0.0023640000727027655 -0.2688249945640564 0.07121100276708603
v 0.0024560000747442245 -0.26903900504112244 0.0707470029592514
v 0.0025919999461621046 -0.26853498816490173 0.07086999714374542
v 0.001883000019006431 -0.2720760107040405 0.07281100004911423
v 0.0018860000418499112 -0.27276501059532166 0.07252799719572067
v 0.002104999963194132 -0.271793007850647 0.0730689987540245
v 0.00228299992159009 -0.27083298563957214 0.07317700237035751
v 0.0023709998931735754 -0.27035999298095703 0.07311899960041046
v 0.002517000073567033 -0.26944100856781006 0.07287599891424179
v 0.0022559999488294125 -0.2690500020980835 0.07196100056171417
v 0.0023789999540895224 -0.2690170109272003 0.07227600365877151
v 0.0026140001136809587 -0.26845601201057434 0.07114200294017792
v 0.0026320000179111958 -0.2683750092983246 0.07141199707984924
v 0.0026140001136809587 -0.26845601201057434 0.07114200294017792
v 0.0024820000398904085 -0.26863500475883484 0.071772001683712
v 0.00253499997779727 -0.26910701394081116 0.07050900161266327
v 0.0028150000143796206 -0.2682430148124695 0.07052499800920486
v 0.0019209999591112137 -0.2745809853076935 0.06827600300312042
v 0.0018479999853298068 -0.27439799904823303 0.0684640035033226
v 0.002093000104650855 -0.2756980061531067 0.06705799698829651
v 0.00216599996201694 -0.27540698647499084 0.06755399703979492
v 0.001908999984152615 -0.27521100640296936 0.06766100227832794
v 0.0020940001122653484 -0.2752250134944916 0.06774099916219711
v 0.0015650000423192978 -0.2758840024471283 0.06633199751377106
v 0.0016980000073090196 -0.2758040130138397 0.06664899736642838
v 0.0014619999565184116 -0.2758939862251282 0.06599599868059158
v 0.0035780000034719706 -0.26716700196266174 0.07063700258731842
v 0.004083999898284674 -0.26666200160980225 0.07103200256824493
v 0.0030400000978261232 -0.26468101143836975 0.06537999957799911
v 0.003364000003784895 -0.2633099853992462 0.06518100202083588
v 0.0030879999976605177 -0.26431700587272644 0.06493300199508667
v 0.003197999903932214 -0.2638019919395447 0.06503999978303909
v 0.0035439999774098396 -0.26264700293540955 0.06584800034761429
v 0.0037269999738782644 -0.26121899485588074 0.06556600332260132
v 0.00356299988925457 -0.2624779939651489 0.06637900322675705
v 0.003665999975055456 -0.2620530128479004 0.06712500005960464
v 0.00393499992787838 -0.26218900084495544 0.06789399683475494
v 0.004418000113219023 -0.2625879943370819 0.06918399780988693
v 0.004424999933689833 -0.26670101284980774 0.07196100056171417
v 0.005640000104904175 -0.26556599140167236 0.07222799956798553
v 0.005090000107884407 -0.26507899165153503 0.0710730031132698
v 0.00507699977606535 -0.26462501287460327 0.07078199833631516
v 0.0049600000493228436 -0.26502400636672974 0.07080599665641785
v 0.004763999953866005 -0.26283499598503113 0.07002200186252594
v 0.004679999779909849 -0.26308199763298035 0.06980299949645996
v 0.004939999897032976 -0.26300400495529175 0.07017099857330322
v 0.005018000025302172 -0.2631320059299469 0.07026000320911407
v 0.005005999933928251 -0.264629989862442 0.07064300030469894
v 0.005266999825835228 -0.2645449936389923 0.07100900262594223
v 0.005510999821126461 -0.2641800045967102 0.07126600295305252
v 0.005164999980479479 -0.26310399174690247 0.07060600072145462
v 0.005131999962031841 -0.2627890110015869 0.07044900208711624
v 0.002876000013202429 -0.26582199335098267 0.0649380013346672
v 0.002919000107795 -0.266400009393692 0.06492099910974503
v 0.002891999902203679 -0.2652679979801178 0.06499099731445312
v 0.0029929999727755785 -0.26475000381469727 0.06509300321340561
v 0.0019499999471008778 -0.2731960117816925 0.06285399943590164
v 0.002088000066578388 -0.27489998936653137 0.062490999698638916
v 0.00228599994443357 -0.27438899874687195 0.062334999442100525
v 0.002432999899610877 -0.2746570110321045 0.06221799924969673
v 0.002621999941766262 -0.273703008890152 0.06215500086545944
v 0.0018599999602884054 -0.27518999576568604 0.06283199787139893
v 0.0016329999780282378 -0.2761960029602051 0.06560300290584564
v 0.001706999959424138 -0.2764950096607208 0.06486999988555908
v 0.0018159999744966626 -0.2764720022678375 0.06520300358533859
v 0.0015259999781847 -0.27633899450302124 0.06472499668598175
v 0.0014880000380799174 -0.27619901299476624 0.06434600055217743
v 0.0018889999482780695 -0.276095986366272 0.06325999647378922
v 0.0017140000127255917 -0.27637600898742676 0.06391800194978714
v 0.0015950000379234552 -0.2763020098209381 0.06413599848747253
v 0.0045889997854828835 -0.2713249921798706 0.0630510002374649
v 0.003986000083386898 -0.2724370062351227 0.06241999939084053
v 0.005018999800086021 -0.2723599970340729 0.06279899924993515
v 0.005034000147134066 -0.27163100242614746 0.06306999921798706
v 0.004226000048220158 -0.2703759968280792 0.0633699968457222
v 0.003263999940827489 -0.2739869952201843 0.06194299831986427
v 0.003642000025138259 -0.2738249897956848 0.06201900169253349
v 0.0035329998936504126 -0.2742930054664612 0.061889998614788055
v 0.004449999891221523 -0.27309298515319824 0.06241200119256973
v 0.0028379999566823244 -0.2738800048828125 0.062022000551223755
v 0.00355300004594028 -0.26699098944664 0.0643170028924942
v 0.003323999932035804 -0.26683101058006287 0.06438100337982178
v 0.0031059999018907547 -0.26665198802948 0.06451199948787689
v 0.0032220000866800547 -0.2662290036678314 0.06436300277709961
v 0.0030449999030679464 -0.2660680115222931 0.064519003033638
v 0.003220000071451068 -0.266743004322052 0.0644489973783493
v 0.004215000197291374 -0.27005401253700256 0.06351800262928009
v 0.004430999979376793 -0.26990699768066406 0.06373000144958496
v 0.0051739998161792755 -0.26980000734329224 0.06408499926328659
v 0.005303999874740839 -0.26915401220321655 0.06414099782705307
v 0.0034890000242739916 -0.2664259970188141 0.06426200270652771
v 0.005843000020831823 -0.2674039900302887 0.06399700045585632
v 0.004015999846160412 -0.2656629979610443 0.0641229972243309
v 0.0035719999577850103 -0.26594701409339905 0.06421499699354172
v 0.0054410002194345 -0.2682250142097473 0.064069002866745
v 0.0019340000580996275 -0.2730030119419098 0.07235600054264069
v 0.0017790000420063734 -0.2736000120639801 0.0713689997792244
v 0.0019049999536946416 -0.27353599667549133 0.07169000059366226
v 0.002044999971985817 -0.2734439969062805 0.07200299948453903
v 0.0026400000788271427 -0.2747519910335541 0.0695440024137497
v 0.0026489999145269394 -0.27448898553848267 0.07062499970197678
v 0.0020719999447464943 -0.2738479971885681 0.07129999995231628
v 0.001970000099390745 -0.2743459939956665 0.06878799945116043
v 0.0025400000158697367 -0.2747580111026764 0.06920500099658966
v 0.0021909999195486307 -0.27441099286079407 0.0689070001244545
v 0.0021909999195486307 -0.27441099286079407 0.0689070001244545
v 0.002369999885559082 -0.27457401156425476 0.0690540000796318
v 0.0026140001136809587 -0.26845601201057434 0.07114200294017792
v 0.0028520000632852316 -0.2681410014629364 0.07089400291442871
v 0.002067999914288521 -0.27257299423217773 0.07281199842691422
v 0.00228299992159009 -0.27253401279449463 0.07298299670219421
v 0.0022640000097453594 -0.272350013256073 0.07308799773454666
v 0.0023060000967234373 -0.27294400334358215 0.07277999818325043
v 0.0027050001081079245 -0.27213799953460693 0.07346799969673157
v 0.002781999995931983 -0.2715409994125366 0.07358600199222565
v 0.002518000081181526 -0.27072399854660034 0.07334399968385696
v 0.0025400000158697367 -0.2699100077152252 0.07314299792051315
v 0.0036490000784397125 -0.2697739899158478 0.07392299920320511
v 0.0034000000450760126 -0.26876598596572876 0.07323800027370453
v 0.00292299990542233 -0.2682799994945526 0.07220900058746338
v 0.0028699999675154686 -0.2680880129337311 0.07107599824666977
v 0.003172999946400523 -0.2679480016231537 0.07203199714422226
v 0.0022249999456107616 -0.2748039960861206 0.0681999996304512
v 0.0021230001002550125 -0.27456098794937134 0.06834899634122849
v 0.0020069999154657125 -0.2743619978427887 0.06872300058603287
v 0.002094999887049198 -0.27440500259399414 0.06856600195169449
v 0.001769999973475933 -0.2759850025177002 0.0664609968662262
v 0.002256999956443906 -0.2760150134563446 0.0666700005531311
v 0.0024300001095980406 -0.275846004486084 0.06696099787950516
v 0.0023159999400377274 -0.27555200457572937 0.06738200038671494
v 0.0025760000571608543 -0.27526500821113586 0.06795399636030197
v 0.0025029999669641256 -0.27508699893951416 0.06814099848270416
v 0.002455000067129731 -0.27484801411628723 0.06831300258636475
v 0.0017330000409856439 -0.2761929929256439 0.06594099849462509
v 0.00405499991029501 -0.26698198914527893 0.07164199650287628
v 0.0035429999697953463 -0.26316899061203003 0.06488800048828125
v 0.00343999988399446 -0.26351800560951233 0.0647059977054596
v 0.003590000094845891 -0.2629309892654419 0.06509800255298615
v 0.003633999964222312 -0.2630369961261749 0.06486400216817856
v 0.0031330001074820757 -0.26442500948905945 0.06469900161027908
v 0.0033629999961704016 -0.2640469968318939 0.06461899727582932
v 0.0032510000746697187 -0.26391199231147766 0.06481300294399261
v 0.003737000050023198 -0.26243099570274353 0.06522700190544128
v 0.003797000041231513 -0.26133599877357483 0.06534899771213531
v 0.0036700000055134296 -0.2611069977283478 0.06579200178384781
v 0.0038250000216066837 -0.2607879936695099 0.06540700048208237
v 0.003544999985024333 -0.2615309953689575 0.06653700023889542
v 0.003539999946951866 -0.2614229917526245 0.06708399951457977
v 0.0035699999425560236 -0.26093098521232605 0.06773100048303604
v 0.0037120000924915075 -0.2614800035953522 0.06777899712324142
v 0.0038350000977516174 -0.26176801323890686 0.06796199828386307
v 0.004021999891847372 -0.2617909908294678 0.06864699721336365
v 0.004408000037074089 -0.2622799873352051 0.06932500004768372
v 0.004124999977648258 -0.261913001537323 0.06904400140047073
v 0.004546999931335449 -0.2625649869441986 0.06948400288820267
v 0.0034080001059919596 -0.2679550051689148 0.07242900133132935
v 0.005874999798834324 -0.26558300852775574 0.07259800285100937
v 0.006095999851822853 -0.2652449905872345 0.0723859965801239
v 0.005462000146508217 -0.26587700843811035 0.07259900122880936
v 0.005934000015258789 -0.26522400975227356 0.07215499877929688
v 0.005551000125706196 -0.2646760046482086 0.07148200273513794
v 0.00455900002270937 -0.26256099343299866 0.06951600313186646
v 0.004637000150978565 -0.2624880075454712 0.0698700025677681
v 0.004923999775201082 -0.26269400119781494 0.07032199949026108
v 0.004693999886512756 -0.2624390125274658 0.07011300325393677
v 0.0056940000504255295 -0.2640179991722107 0.07153800129890442
v 0.005462000146508217 -0.26340600848197937 0.07116399705410004
v 0.005233000032603741 -0.2627829909324646 0.07078699767589569
v 0.005603000055998564 -0.26295900344848633 0.07161600142717361
v 0.00507699977606535 -0.26256999373435974 0.07062599807977676
v 0.00292599992826581 -0.26593101024627686 0.06470800191164017
v 0.0028979999478906393 -0.2653599977493286 0.06473500281572342
v 0.0030010000336915255 -0.2660149931907654 0.06459400057792664
v 0.0029909999575465918 -0.2649259865283966 0.06457299739122391
v 0.002947000088170171 -0.26482000946998596 0.0648069977760315
v 0.002177000045776367 -0.27547401189804077 0.06256400048732758
v 0.0025770000647753477 -0.2752760052680969 0.0622589997947216
v 0.0028979999478906393 -0.27446499466896057 0.062015000730752945
v 0.003335000015795231 -0.2752920091152191 0.061969999223947525
v 0.003217000048607588 -0.27468299865722656 0.06194299831986427
v 0.0022319999989122152 -0.2759850025177002 0.0627639964222908
v 0.002047999994829297 -0.276078999042511 0.06301700323820114
v 0.0018289999570697546 -0.2763180136680603 0.0657379999756813
v 0.0019310000352561474 -0.27643200755119324 0.06553100049495697
v 0.0016159999649971724 -0.27647900581359863 0.06452599912881851
v 0.0018939999863505363 -0.276760995388031 0.06446699798107147
v 0.002004999900236726 -0.276731014251709 0.064799003303051
v 0.0021359999664127827 -0.2766590118408203 0.0651170015335083
v 0.002130999928340316 -0.2764649987220764 0.06322500109672546
v 0.0018660000059753656 -0.27651798725128174 0.06374499946832657
v 0.0019490000559017062 -0.27675700187683105 0.06388799846172333
v 0.0018220000201836228 -0.27670198678970337 0.06411100178956985
v 0.0017140000127255917 -0.27660199999809265 0.06432200223207474
v 0.004428999964147806 -0.2701370120048523 0.06364099681377411
v 0.004666999913752079 -0.27085500955581665 0.06346700340509415
v 0.004720999859273434 -0.27108100056648254 0.063291996717453
v 0.005226000212132931 -0.2714169919490814 0.06334900110960007
v 0.004738999996334314 -0.2727769911289215 0.0625780001282692
v 0.005218000151216984 -0.2728239893913269 0.06279200315475464
v 0.005475000012665987 -0.27241000533103943 0.06304900348186493
v 0.0052999998442828655 -0.2717039883136749 0.06320899724960327
v 0.005499999970197678 -0.27205801010131836 0.0631520003080368
v 0.005489000119268894 -0.2717350125312805 0.0632999986410141
v 0.0032430000137537718 -0.274167001247406 0.06190500035881996
v 0.00406700000166893 -0.2745620012283325 0.061928000301122665
v 0.003527000080794096 -0.27434900403022766 0.06187700107693672
v 0.004542999900877476 -0.27461498975753784 0.062143001705408096
v 0.004846999887377024 -0.27328601479530334 0.06255500018596649
v 0.0034169999416917562 -0.26637399196624756 0.0642860010266304
v 0.0034129999112337828 -0.2658349871635437 0.06425999850034714
v 0.0031689999159425497 -0.2656469941139221 0.06437599658966064
v 0.004883999936282635 -0.27011799812316895 0.06391800194978714
v 0.004631999880075455 -0.2705889940261841 0.06363099813461304
v 0.00583200016990304 -0.2703559994697571 0.06430500000715256
v 0.005619999952614307 -0.2705099880695343 0.06408199667930603
v 0.006095000077039003 -0.27011799812316895 0.06448099762201309
v 0.005783999804407358 -0.26946398615837097 0.0642469972372055
v 0.005721000023186207 -0.26889899373054504 0.06419099867343903
v 0.005816000048071146 -0.2684380114078522 0.06411699950695038
v 0.006207999773323536 -0.26813000440597534 0.06411699950695038
v 0.00597700010985136 -0.26694101095199585 0.06399399787187576
v 0.006490999832749367 -0.2672399878501892 0.06403700262308121
v 0.0059009999968111515 -0.26635000109672546 0.06399299949407578
v 0.006093000061810017 -0.2664709985256195 0.06397999823093414
v 0.004019999876618385 -0.26401299238204956 0.06429000198841095
v 0.0034099998883903027 -0.26471400260925293 0.06434399634599686
v 0.0033660000190138817 -0.26525598764419556 0.06427499651908875
v 0.004335999954491854 -0.2642349898815155 0.06419499963521957
v 0.005623999983072281 -0.26461899280548096 0.06398700177669525
v 0.0022430000826716423 -0.273283988237381 0.07231000065803528
v 0.002592999953776598 -0.27414798736572266 0.07134699821472168
v 0.0038530000019818544 -0.27400198578834534 0.07238499820232391
v 0.003379999892786145 -0.27410200238227844 0.07194100320339203
v 0.0028619999065995216 -0.27493900060653687 0.06911800056695938
v 0.003197999903932214 -0.27484598755836487 0.07010900229215622
v 0.0029780000913888216 -0.2745330035686493 0.07107800245285034
v 0.0035099999513477087 -0.2749269902706146 0.07057200372219086
v 0.0021909999195486307 -0.27441099286079407 0.0689070001244545
v 0.0026579999830573797 -0.274834007024765 0.06898699700832367
v 0.0021909999195486307 -0.27441099286079407 0.0689070001244545
v 0.002498999936506152 -0.2746259868144989 0.0688289999961853
v 0.002498999936506152 -0.2746259868144989 0.0688289999961853
v 0.002971000038087368 -0.2727920114994049 0.07327599823474884
v 0.0027749999426305294 -0.2730199992656708 0.0729999989271164
v 0.003154000034555793 -0.27260199189186096 0.07355999946594238
v 0.0026020000223070383 -0.27319198846817017 0.07270999997854233
v 0.0029810001142323017 -0.2717300057411194 0.0736910030245781
v 0.003160000080242753 -0.27224001288414 0.07369700074195862
v 0.0039889998733997345 -0.2700960040092468 0.07424400001764297
v 0.003978999797254801 -0.2693850100040436 0.07405400276184082
v 0.004013999830931425 -0.267643004655838 0.0728290006518364
v 0.004093000199645758 -0.2680310010910034 0.07343199849128723
v 0.002193999942392111 -0.2746120095252991 0.06832599639892578
v 0.002440999960526824 -0.2747440040111542 0.06837700307369232
v 0.002185000106692314 -0.2745479941368103 0.06836599856615067
v 0.0023429999127984047 -0.27441099286079407 0.06866800040006638
v 0.0019490000559017062 -0.2762709856033325 0.06606400012969971
v 0.002199999988079071 -0.27626800537109375 0.06616300344467163
v 0.0026680000592023134 -0.2761380076408386 0.06629099696874619
v 0.003198999911546707 -0.2756190001964569 0.06716600060462952
v 0.002739999908953905 -0.2751159965991974 0.06825000047683716
v 0.0028389999642968178 -0.27523499727249146 0.0680449977517128
v 0.0026660000439733267 -0.2749379873275757 0.06843899935483932
v 0.002609000075608492 -0.2747730016708374 0.0685959979891777
v 0.003662999952211976 -0.26324498653411865 0.06466999650001526
v 0.0037239999510347843 -0.2631619870662689 0.06465800106525421
v 0.0035920001100748777 -0.2636690139770508 0.06453700363636017
v 0.003984999842941761 -0.262798011302948 0.06459400057792664
v 0.0040259999223053455 -0.2622550129890442 0.06466200202703476
v 0.004157999996095896 -0.26239699125289917 0.06447900086641312
v 0.0032289999071508646 -0.2645519971847534 0.06449700146913528
v 0.0035149999894201756 -0.2641969919204712 0.06444799900054932
v 0.0041669998317956924 -0.2618409991264343 0.06452800333499908
v 0.0039610001258552074 -0.2616020143032074 0.06486199796199799
v 0.003855000017210841 -0.2610659897327423 0.06524699926376343
v 0.0038250000216066837 -0.2607879936695099 0.06540700048208237
v 0.003765000030398369 -0.26067501306533813 0.06563100218772888
v 0.0035439999774098396 -0.26083698868751526 0.0668179988861084
v 0.0038250000216066837 -0.2607879936695099 0.06540700048208237
v 0.0035280000884085894 -0.2607559859752655 0.06737300008535385
v 0.0036689999978989363 -0.2604140043258667 0.06877300143241882
v 0.0036039999686181545 -0.26028600335121155 0.06808800250291824
v 0.003845999948680401 -0.2611500024795532 0.06918200105428696
v 0.004310999996960163 -0.26180601119995117 0.06966900080442429
v 0.004554999992251396 -0.26251599192619324 0.06949199736118317
v 0.0045369998551905155 -0.2622070014476776 0.06964399665594101
v 0.00393499992787838 -0.2611750066280365 0.0695279985666275
v 0.006415999960154295 -0.2654539942741394 0.07278600335121155
v 0.005462000146508217 -0.26637300848960876 0.07342600077390671
v 0.006477000191807747 -0.2653610110282898 0.07272700220346451
v 0.006101000122725964 -0.26481500267982483 0.07205700129270554
v 0.006451999768614769 -0.26488998532295227 0.07246299833059311
v 0.004813000094145536 -0.26689600944519043 0.0732479989528656
v 0.005913000088185072 -0.26475998759269714 0.071881003677845
v 0.00584599981084466 -0.2642410099506378 0.0717020034790039
v 0.004383999854326248 -0.2618640065193176 0.0700249969959259
v 0.004883999936282635 -0.2624390125274658 0.07048799842596054
v 0.005059000104665756 -0.26241201162338257 0.07084699720144272
v 0.0060720001347362995 -0.2637059986591339 0.07205700129270554
v 0.00608500000089407 -0.2635740041732788 0.0720909982919693
v 0.005729000084102154 -0.26289498805999756 0.07193700224161148
v 0.004964999854564667 -0.2621319890022278 0.0709799975156784
v 0.0029909999575465918 -0.2654860019683838 0.06453000009059906
v 0.003126000054180622 -0.26506900787353516 0.06439299881458282
v 0.0024999999441206455 -0.27570900321006775 0.062453001737594604
v 0.003208999987691641 -0.2757109999656677 0.062112998217344284
v 0.003512999974191189 -0.2754000127315521 0.06196799874305725
v 0.003664999967440963 -0.27496999502182007 0.06190099939703941
v 0.002334000077098608 -0.2763440012931824 0.06295300275087357
v 0.002563999965786934 -0.27621400356292725 0.06268499791622162
v 0.0020580000709742308 -0.27636799216270447 0.06585200130939484
v 0.0024319998919963837 -0.2764289975166321 0.0657309964299202
v 0.002217999892309308 -0.2769390046596527 0.0643789991736412
v 0.002001000102609396 -0.2768619954586029 0.06425700336694717
v 0.0023539999965578318 -0.2768549919128418 0.06469400227069855
v 0.002876000013202429 -0.27666500210762024 0.0651170015335083
v 0.002471999963745475 -0.27660301327705383 0.06312599778175354
v 0.0022720000706613064 -0.2767139971256256 0.06339599937200546
v 0.002107999986037612 -0.27674201130867004 0.06364399939775467
v 0.0020920000970363617 -0.2766990065574646 0.06361699849367142
v 0.0021269998978823423 -0.2769240140914917 0.06403499841690063
v 0.0048859999515116215 -0.27075299620628357 0.06365899741649628
v 0.004898000042885542 -0.27090099453926086 0.0635799989104271
v 0.005446999799460173 -0.271136999130249 0.06360799819231033
v 0.00506300013512373 -0.272814005613327 0.0627250000834465
v 0.005948999896645546 -0.2728689908981323 0.06310400366783142
v 0.005133999977260828 -0.27341699600219727 0.06268399953842163
v 0.0057230000384151936 -0.2714259922504425 0.06355100125074387
v 0.004056000150740147 -0.2746630012989044 0.061903998255729675
v 0.0042940001003444195 -0.2747820019721985 0.06197400018572807
v 0.004511000122874975 -0.27487701177597046 0.06208899989724159
v 0.004707000218331814 -0.27494099736213684 0.062247999012470245
v 0.004734999965876341 -0.27474701404571533 0.06228100135922432
v 0.006047999951988459 -0.270687997341156 0.06432399898767471
v 0.006037000101059675 -0.27046000957489014 0.0644339993596077
v 0.005954999942332506 -0.2713930010795593 0.06369200348854065
v 0.0058479998260736465 -0.2706660032272339 0.0641539990901947
v 0.006256999913603067 -0.2697019875049591 0.06439299881458282
v 0.006316000130027533 -0.27021801471710205 0.06458699703216553
v 0.006463999859988689 -0.2692910134792328 0.06436800211668015
v 0.006905000191181898 -0.2677769958972931 0.06414899975061417
v 0.006622000131756067 -0.2667829990386963 0.06400799751281738
v 0.007745000068098307 -0.2679330110549927 0.06424400210380554
v 0.007156000006943941 -0.2649640142917633 0.06390199810266495
v 0.004377000033855438 -0.26369500160217285 0.0642630010843277
v 0.003882999997586012 -0.2633169889450073 0.06449099630117416
v 0.005249000154435635 -0.26375699043273926 0.06404100358486176
v 0.006666999775916338 -0.26337501406669617 0.06383299827575684
v 0.0038060001097619534 -0.2735399901866913 0.07275299727916718
v 0.0035979999229311943 -0.27448299527168274 0.07160300016403198
v 0.004288999829441309 -0.27379998564720154 0.07276599854230881
v 0.003992999903857708 -0.27355799078941345 0.07283700257539749
v 0.004000999964773655 -0.2743610143661499 0.07200700044631958
v 0.004453000146895647 -0.2739810049533844 0.07261499762535095
v 0.0027779999654740095 -0.2749060094356537 0.06876900047063828
v 0.0041519999504089355 -0.275193989276886 0.0694509968161583
v 0.0047109997831285 -0.275285005569458 0.0700170025229454
v 0.003734000027179718 -0.2751300036907196 0.06865400075912476
v 0.0037219999358057976 -0.27507999539375305 0.06968200206756592
v 0.004091999959200621 -0.2749670147895813 0.07112299650907516
v 0.004317000042647123 -0.2751930058002472 0.07041600346565247
v 0.002498999936506152 -0.2746259868144989 0.0688289999961853
v 0.002621999941766262 -0.2747640013694763 0.06864199787378311
v 0.002601000014692545 -0.2747400104999542 0.06862200051546097
v 0.0035089999437332153 -0.27305400371551514 0.07331100106239319
v 0.0032019999343901873 -0.27283599972724915 0.0733880028128624
v 0.0034179999493062496 -0.2732039988040924 0.07304400205612183
v 0.003596999915316701 -0.27320098876953125 0.07311300188302994
v 0.003396000014618039 -0.27261900901794434 0.07366500049829483
v 0.003456000005826354 -0.27178800106048584 0.0739080011844635
v 0.0033970000222325325 -0.27226999402046204 0.07380600273609161
v 0.004031999967992306 -0.27091801166534424 0.07433900237083435
v 0.004191999789327383 -0.27020201086997986 0.07437500357627869
v 0.004614999983459711 -0.26964500546455383 0.0744279995560646
v 0.004556000232696533 -0.26912999153137207 0.07423499971628189
v 0.004342000000178814 -0.2690410017967224 0.07411400228738785
v 0.00455200020223856 -0.26768600940704346 0.07366500049829483
v 0.004778999835252762 -0.2672879993915558 0.07363799959421158
v 0.002432999899610877 -0.27455198764801025 0.06846799701452255
v 0.0027030000928789377 -0.2762419879436493 0.06605199724435806
v 0.003728999989107251 -0.2759760022163391 0.06634200364351273
v 0.003976000007241964 -0.27551400661468506 0.0671280026435852
v 0.0040259999223053455 -0.2751550078392029 0.06818299740552902
v 0.003360999980941415 -0.2751860022544861 0.06823000311851501
v 0.002993999980390072 -0.2751060128211975 0.0683479979634285
v 0.0028840000741183758 -0.27501198649406433 0.06855999678373337
v 0.004168999847024679 -0.2629610002040863 0.06444399803876877
v 0.004358999896794558 -0.26256799697875977 0.06433799862861633
v 0.0043219998478889465 -0.2619920074939728 0.06436000019311905
v 0.0044929999858140945 -0.26159098744392395 0.06424400210380554
v 0.004310999996960163 -0.26142799854278564 0.06439600139856339
v 0.003882999997586012 -0.26090100407600403 0.06518200039863586
v 0.004246999975293875 -0.2608430087566376 0.06440100073814392
v 0.00380200007930398 -0.2604939937591553 0.06556300073862076
v 0.0038640000857412815 -0.2595750093460083 0.06583599746227264
v 0.0037060000468045473 -0.25964900851249695 0.06693699955940247
v 0.0036989999935030937 -0.25973400473594666 0.06667300313711166
v 0.003897000104188919 -0.260345995426178 0.0652339980006218
v 0.0037150001153349876 -0.25956401228904724 0.06720100343227386
v 0.0038219999987632036 -0.26085999608039856 0.06933899968862534
v 0.0037539999466389418 -0.2600809931755066 0.06895499676465988
v 0.0036810000892728567 -0.2598150074481964 0.06800500303506851
v 0.0040480000898242 -0.26113998889923096 0.06985899806022644
v 0.004184999968856573 -0.2613990008831024 0.07003200054168701
v 0.00394099997356534 -0.26081299781799316 0.06966499984264374
v 0.006674000062048435 -0.26542699337005615 0.07288499921560287
v 0.005125000141561031 -0.2669210135936737 0.07373599708080292
v 0.005504999775439501 -0.2665979862213135 0.0737610012292862
v 0.004964000079780817 -0.2669009864330292 0.0735040009021759
v 0.005940000060945749 -0.2663480043411255 0.07367099821567535
v 0.006759000010788441 -0.26499199867248535 0.0727119967341423
v 0.006519000045955181 -0.2644230127334595 0.07235399633646011
v 0.006424000021070242 -0.264290988445282 0.07225500047206879
v 0.006248000077903271 -0.2641200125217438 0.07210599631071091
v 0.006773000117391348 -0.264490008354187 0.07261200249195099
v 0.006273000035434961 -0.26377901434898376 0.07220499962568283
v 0.004327999893575907 -0.2616409957408905 0.070203997194767
v 0.004455000162124634 -0.26161399483680725 0.07050999999046326
v 0.006256000138819218 -0.2631239891052246 0.07249800115823746
v 0.006068000104278326 -0.2629149854183197 0.07238200306892395
v 0.006287999916821718 -0.26367899775505066 0.07222100347280502
v 0.004621000029146671 -0.2614229917526245 0.07081799954175949
v 0.0054419999942183495 -0.2620620131492615 0.07173799723386765
v 0.0028039999306201935 -0.27591800689697266 0.062383998185396194
v 0.003089000005275011 -0.2761009931564331 0.06235399842262268
v 0.0028510000556707382 -0.2759479880332947 0.06237800046801567
v 0.0033259999472647905 -0.2757839858531952 0.06210799887776375
v 0.0035669999197125435 -0.2759090065956116 0.06217300146818161
v 0.003756999969482422 -0.27552899718284607 0.0620260015130043
v 0.0026839999482035637 -0.27646398544311523 0.06284700334072113
v 0.002814000006765127 -0.2763670086860657 0.06268099695444107
v 0.003524000057950616 -0.2763420045375824 0.06552699953317642
v 0.0025140000507235527 -0.2769570052623749 0.06390500068664551
v 0.003281000070273876 -0.27679499983787537 0.06473799794912338
v 0.002389000030234456 -0.276870995759964 0.06364300101995468
v 0.0028810000512748957 -0.2765829861164093 0.0629820004105568
v 0.0021359999664127827 -0.276731014251709 0.0636029988527298
v 0.002280999906361103 -0.2769170105457306 0.06379400193691254
v 0.006020999979227781 -0.27381500601768494 0.06310199946165085
v 0.0056870002299547195 -0.2741979956626892 0.06297899782657623
v 0.006297999992966652 -0.2735599875450134 0.06326200067996979
v 0.006206999998539686 -0.27250298857688904 0.06334000080823898
v 0.00547999981790781 -0.27406400442123413 0.06286600232124329
v 0.006196000147610903 -0.272148996591568 0.06350000202655792
v 0.004881999921053648 -0.27497899532318115 0.06245100125670433
v 0.005162000190466642 -0.27452200651168823 0.06268899887800217
v 0.004139999859035015 -0.27521100640296936 0.06204399839043617
v 0.004352000076323748 -0.27529799938201904 0.06216900050640106
v 0.004544000141322613 -0.2753570079803467 0.0623369999229908
v 0.004708999767899513 -0.2753809988498688 0.062561996281147
v 0.006250999867916107 -0.27076300978660583 0.06446799635887146
v 0.0062699997797608376 -0.2708440124988556 0.06440400332212448
v 0.006128000095486641 -0.27094799280166626 0.06409399956464767
v 0.0062500000931322575 -0.2705470025539398 0.0645579993724823
v 0.0064929998479783535 -0.2698200047016144 0.06446799635887146
v 0.006527999881654978 -0.27030399441719055 0.06471099704504013
v 0.007472999859601259 -0.2693209946155548 0.06448599696159363
v 0.00671500014141202 -0.2699190080165863 0.06457199901342392
v 0.00838600005954504 -0.2677620053291321 0.06429100036621094
v 0.007306000217795372 -0.266510009765625 0.06402900069952011
v 0.008263000287115574 -0.2671610116958618 0.06423299759626389
v 0.007282999809831381 -0.2655709981918335 0.06395100057125092
v 0.0081599997356534 -0.26845699548721313 0.06436599791049957
v 0.006905999965965748 -0.2626889944076538 0.06373299658298492
v 0.007929000072181225 -0.2654060125350952 0.06398700177669525
v 0.007895000278949738 -0.2633039951324463 0.06369400024414062
v 0.00837399996817112 -0.26462000608444214 0.06388899683952332
v 0.007559000048786402 -0.2620469927787781 0.06358200311660767
v 0.006293000187724829 -0.26238900423049927 0.06383100152015686
v 0.004865000024437904 -0.26134300231933594 0.06403599679470062
v 0.00455200020223856 -0.2621749937534332 0.06423500180244446
v 0.0036869999021291733 -0.2733420133590698 0.0729139968752861
v 0.004296999890357256 -0.27483099699020386 0.07144200056791306
v 0.004232000093907118 -0.2735849916934967 0.07294400036334991
v 0.004495999775826931 -0.2735539972782135 0.07303500175476074
v 0.004091999959200621 -0.2732119858264923 0.07331699877977371
v 0.004749999847263098 -0.2748290002346039 0.07162400335073471
v 0.0047079999931156635 -0.27410900592803955 0.07247599959373474
v 0.004908999893814325 -0.2744320034980774 0.07210499793291092
v 0.004705000203102827 -0.2752330005168915 0.06939099729061127
v 0.004230999853461981 -0.27513599395751953 0.06885699927806854
v 0.00521400012075901 -0.2752799987792969 0.07021500170230865
v 0.004800000227987766 -0.2751840054988861 0.07090599834918976
v 0.0037509999237954617 -0.2730709910392761 0.07341600209474564
v 0.003949999809265137 -0.27284398674964905 0.07368999719619751
v 0.00392200006172061 -0.2725580036640167 0.07384900003671646
v 0.004191000014543533 -0.2714720070362091 0.0743580013513565
v 0.004184000194072723 -0.27218198776245117 0.07408100366592407
v 0.004354000091552734 -0.270563006401062 0.0744670033454895
v 0.004540000110864639 -0.27012699842453003 0.07447999715805054
v 0.004852000158280134 -0.26978200674057007 0.07444699853658676
v 0.004786999896168709 -0.26924100518226624 0.07432100176811218
v 0.004650000017136335 -0.26818498969078064 0.07397399842739105
v 0.004954999778419733 -0.2688330113887787 0.07422000169754028
v 0.004852999933063984 -0.2683410048484802 0.07408499717712402
v 0.004608000162988901 -0.2676919996738434 0.073744997382164
v 0.004790999926626682 -0.26774001121520996 0.07393199950456619
v 0.004953000228852034 -0.26732298731803894 0.07384400069713593
v 0.0038270000368356705 -0.2762199938297272 0.06559299677610397
v 0.004263000097125769 -0.2754270136356354 0.06720399856567383
v 0.005133999977260828 -0.2753489911556244 0.0666159987449646
v 0.005330999847501516 -0.2750749886035919 0.06776899844408035
v 0.004629000090062618 -0.2611750066280365 0.0641070008277893
v 0.004263000097125769 -0.2602890133857727 0.06445399671792984
v 0.004391000140458345 -0.2604300081729889 0.06426899880170822
v 0.0048039997927844524 -0.26077499985694885 0.06399399787187576
v 0.0039519998244941235 -0.2598080039024353 0.06530900299549103
v 0.004089000169187784 -0.2585679888725281 0.06599400192499161
v 0.00394799979403615 -0.25871700048446655 0.06690499931573868
v 0.00407399982213974 -0.2583940029144287 0.06647700071334839
v 0.003843999933451414 -0.25905799865722656 0.06731999665498734
v 0.0038270000368356705 -0.25913500785827637 0.06706099957227707
v 0.003965999931097031 -0.26004400849342346 0.0694430023431778
v 0.004023000132292509 -0.25916001200675964 0.0689380019903183
v 0.004141999874264002 -0.2587369978427887 0.06879299879074097
v 0.004182999953627586 -0.26105600595474243 0.07017400115728378
v 0.004294999875128269 -0.2613750100135803 0.07036399841308594
v 0.004414000082761049 -0.26005399227142334 0.07021500170230865
v 0.004230999853461981 -0.259568989276886 0.06971099972724915
v 0.006645999848842621 -0.2658270001411438 0.07326199859380722
v 0.006864999886602163 -0.2654860019683838 0.07305300235748291
v 0.006835999898612499 -0.2650099992752075 0.0727979987859726
v 0.005313000176101923 -0.26697400212287903 0.07391200214624405
v 0.005152000114321709 -0.26739200949668884 0.07399799674749374
v 0.005520000122487545 -0.2670539915561676 0.0740479975938797
v 0.005708000157028437 -0.26667100191116333 0.07390499860048294
v 0.005934000015258789 -0.26677700877189636 0.07400000095367432
v 0.0066639999859035015 -0.2639620006084442 0.072502002120018
v 0.00648299977183342 -0.26380598545074463 0.07235699892044067
v 0.0071470001712441444 -0.26459598541259766 0.07296700030565262
v 0.006849000230431557 -0.26411300897598267 0.07264400273561478
v 0.004395000170916319 -0.2610209882259369 0.07054200023412704
v 0.0066019999794662 -0.2634119987487793 0.07282300293445587
v 0.006471999920904636 -0.26348599791526794 0.07250499725341797
v 0.006440000142902136 -0.26286399364471436 0.07280600070953369
v 0.0059529999271035194 -0.26225900650024414 0.07233499735593796
v 0.005024000070989132 -0.2611519992351532 0.07128100097179413
v 0.006649999879300594 -0.26111900806427 0.07268600165843964
v 0.0029150000773370266 -0.2762809991836548 0.06255599856376648
v 0.003092000028118491 -0.27644699811935425 0.06270299851894379
v 0.0033629999961704016 -0.27617600560188293 0.06238599866628647
v 0.0037720000836998224 -0.2759850025177002 0.06231300160288811
v 0.003611000021919608 -0.2761799991130829 0.062488000839948654
v 0.003973999992012978 -0.27562299370765686 0.062139999121427536
v 0.003043999895453453 -0.27647900581359863 0.06276699900627136
v 0.0027089999057352543 -0.276856005191803 0.06363800168037415
v 0.0035810000263154507 -0.2767989933490753 0.06426099687814713
v 0.004364999942481518 -0.27637699246406555 0.06468000262975693
v 0.0031330001074820757 -0.2765809893608093 0.06307999789714813
v 0.005752999801188707 -0.27472299337387085 0.06315699964761734
v 0.006130999885499477 -0.2748349905014038 0.06350500136613846
v 0.00647599995136261 -0.27446600794792175 0.06360500305891037
v 0.00661499984562397 -0.27400800585746765 0.0635949969291687
v 0.005555000156164169 -0.2746550142765045 0.06300300359725952
v 0.0068259998224675655 -0.27353501319885254 0.06376100331544876
v 0.006825000047683716 -0.2721090018749237 0.0640069991350174
v 0.006384999956935644 -0.2712779939174652 0.06404899805784225
v 0.005239999853074551 -0.27496200799942017 0.06288199871778488
v 0.0053900000639259815 -0.2750680148601532 0.06309700012207031
v 0.005154000129550695 -0.2751609981060028 0.06293799728155136
v 0.004869000054895878 -0.27539899945259094 0.06279599666595459
v 0.0041680000722408295 -0.27568501234054565 0.06230299919843674
v 0.004335000179708004 -0.2757120132446289 0.06252200156450272
v 0.004480000119656324 -0.27570900321006775 0.06278999894857407
v 0.004364999942481518 -0.2757120132446289 0.06257499754428864
v 0.006461999844759703 -0.27084800601005554 0.0645970031619072
v 0.00648100022226572 -0.2709349989891052 0.06453099846839905
v 0.006461999844759703 -0.2706319987773895 0.06468299776315689
v 0.0067369998432695866 -0.2703860104084015 0.06484399735927582
v 0.007592999842017889 -0.26986798644065857 0.06469099968671799
v 0.00801599957048893 -0.2696300148963928 0.06454599648714066
v 0.0069320001639425755 -0.2700130045413971 0.06468699872493744
v 0.00738399988040328 -0.26966598629951477 0.06460800021886826
v 0.00850099977105856 -0.2694210112094879 0.06442800164222717
v 0.008624999783933163 -0.26796698570251465 0.0643249973654747
v 0.009236999787390232 -0.26721200346946716 0.0642239972949028
v 0.008476000279188156 -0.26646798849105835 0.0641779974102974
v 0.008621999993920326 -0.26631298661231995 0.06416500359773636
v 0.008685999549925327 -0.26427599787712097 0.06385599821805954
v 0.008790000341832638 -0.2629849910736084 0.06360600143671036
v 0.009597999975085258 -0.26431500911712646 0.06377200037240982
v 0.008107000030577183 -0.2621380090713501 0.06354299932718277
v 0.01044899970293045 -0.265296995639801 0.06401000171899796
v 0.007236999925225973 -0.2617200016975403 0.06360200047492981
v 0.00787500012665987 -0.26067399978637695 0.0633779987692833
v 0.005034000147134066 -0.2609350085258484 0.06393299996852875
v 0.0055069997906684875 -0.26073598861694336 0.06376300007104874
v 0.006161999888718128 -0.26177000999450684 0.06379500031471252
v 0.004523000214248896 -0.27327200770378113 0.07321800291538239
v 0.0049390001222491264 -0.27380800247192383 0.07272899895906448
v 0.0043020001612603664 -0.2729550004005432 0.07358299940824509
v 0.00558600015938282 -0.27463498711586 0.07186800241470337
v 0.005053999833762646 -0.275175005197525 0.0710040032863617
v 0.005320999771356583 -0.27404001355171204 0.07238999754190445
v 0.005475999787449837 -0.2752529978752136 0.07030799984931946
v 0.005733000114560127 -0.2750290036201477 0.06850799918174744
v 0.004610000178217888 -0.27257201075553894 0.0738300010561943
v 0.004495999775826931 -0.2723889946937561 0.0740009993314743
v 0.004494000226259232 -0.2711850106716156 0.07449200004339218
v 0.004443999845534563 -0.2717519998550415 0.07434000074863434
v 0.004453000146895647 -0.2721399962902069 0.07416900247335434
v 0.0047240001149475574 -0.27022600173950195 0.07451499998569489
v 0.005311000160872936 -0.2706170082092285 0.0744210034608841
v 0.005743999965488911 -0.2705549895763397 0.0742579996585846
v 0.005028000101447105 -0.2693830132484436 0.07433400303125381
v 0.004920000210404396 -0.26830700039863586 0.07409700006246567
v 0.005470000207424164 -0.2686209976673126 0.07416100054979324
v 0.005365000106394291 -0.26855000853538513 0.07418099790811539
v 0.005226000212132931 -0.26792699098587036 0.07416000217199326
v 0.006651999894529581 -0.27490100264549255 0.0661190003156662
v 0.005946999881416559 -0.27561700344085693 0.06496500223875046
v 0.005508999805897474 -0.2758229970932007 0.06458400189876556
v 0.006912000011652708 -0.2747589945793152 0.06675700098276138
v 0.007034000009298325 -0.27471399307250977 0.06707599759101868
v 0.007373000029474497 -0.2747249901294708 0.06752599775791168
v 0.004548000171780586 -0.26002299785614014 0.0641459971666336
v 0.004304000176489353 -0.2597459852695465 0.06452099978923798
v 0.004728999920189381 -0.26018500328063965 0.06399299949407578
v 0.004900999832898378 -0.259782999753952 0.06387799978256226
v 0.005322999786585569 -0.2595730125904083 0.0636489987373352
v 0.005487999878823757 -0.26019999384880066 0.0637039989233017
v 0.004313999786973 -0.25910401344299316 0.06482099741697311
v 0.004273000173270702 -0.2582220137119293 0.0657379999756813
v 0.004416000097990036 -0.25858399271965027 0.06493200361728668
v 0.003967000171542168 -0.2586889863014221 0.0670199990272522
v 0.004141000099480152 -0.25823500752449036 0.06706199795007706
v 0.004490999970585108 -0.25743499398231506 0.06683500111103058
v 0.0042929998598992825 -0.2583410143852234 0.06862600147724152
v 0.00419300002977252 -0.2581619918346405 0.06737200170755386
v 0.0047109997831285 -0.258311003446579 0.06946200132369995
v 0.004360999912023544 -0.26087599992752075 0.07046099752187729
v 0.005084000062197447 -0.2592400014400482 0.0706000030040741
v 0.005080000031739473 -0.260250985622406 0.07106299698352814
v 0.006221999879926443 -0.26648300886154175 0.07378000020980835
v 0.006409999914467335 -0.26658201217651367 0.07382199913263321
v 0.006723999977111816 -0.2661210000514984 0.07351499795913696
v 0.00686099985614419 -0.26591700315475464 0.0733800008893013
v 0.007218000013381243 -0.2651270031929016 0.07313700020313263
v 0.007470000069588423 -0.2657040059566498 0.07349299639463425
v 0.005367000121623278 -0.26748400926589966 0.07411500066518784
v 0.005609999876469374 -0.26761001348495483 0.07417500019073486
v 0.005750999785959721 -0.26716598868370056 0.07413300126791
v 0.006016999948769808 -0.2673250138759613 0.07414200156927109
v 0.006194999907165766 -0.2669290006160736 0.07402200251817703
v 0.006661999970674515 -0.26390498876571655 0.07252900302410126
v 0.006790999788790941 -0.26389798521995544 0.07282300293445587
v 0.007193000055849552 -0.2646099925041199 0.07300999760627747
v 0.007306999992579222 -0.26478299498558044 0.07313500344753265
v 0.006959000136703253 -0.2640889883041382 0.0729760006070137
v 0.006934000179171562 -0.2638759911060333 0.0731000006198883
v 0.006783000193536282 -0.26322200894355774 0.07310900092124939
v 0.006585999857634306 -0.26210299134254456 0.0728830024600029
v 0.00674099987372756 -0.26239898800849915 0.07301399856805801
v 0.006515999790281057 -0.2600660026073456 0.07233300060033798
v 0.006837999913841486 -0.26125699281692505 0.07282800227403641
v 0.007327999919652939 -0.26036500930786133 0.07290899753570557
v 0.0033499998971819878 -0.27643001079559326 0.06279800087213516
v 0.00392899988219142 -0.27600499987602234 0.06253600120544434
v 0.004050000105053186 -0.27596500515937805 0.06287000328302383
v 0.003969000186771154 -0.2766120135784149 0.06402900069952011
v 0.004220999777317047 -0.27633100748062134 0.06370200216770172
v 0.005559000186622143 -0.2750970125198364 0.06331299990415573
v 0.005841000005602837 -0.27495598793029785 0.06341999769210815
v 0.005915999878197908 -0.27518099546432495 0.0637039989233017
v 0.006163000129163265 -0.2752380073070526 0.06397800147533417
v 0.0066650002263486385 -0.2749580144882202 0.06409700214862823
v 0.007205999922007322 -0.2741619944572449 0.06420200318098068
v 0.007170999888330698 -0.2746190130710602 0.06439699977636337
v 0.007437999825924635 -0.27277201414108276 0.06425599753856659
v 0.007681000046432018 -0.2737079858779907 0.06448300182819366
v 0.007788000162690878 -0.2733350098133087 0.06446599960327148
v 0.007013999857008457 -0.27190300822257996 0.06428699940443039
v 0.004850999917834997 -0.27573299407958984 0.06338000297546387
v 0.004699000157415867 -0.27562999725341797 0.06297100335359573
v 0.004294999875128269 -0.2757579982280731 0.06256800144910812
v 0.006670000031590462 -0.2709290087223053 0.0647289976477623
v 0.006678000092506409 -0.2707119882106781 0.0648059993982315
v 0.006938000209629536 -0.27045801281929016 0.06499099731445312
v 0.0076779997907578945 -0.2701359987258911 0.06494300067424774
v 0.0071379998698830605 -0.2700920104980469 0.06482300162315369
v 0.007348999846726656 -0.2701770067214966 0.06495100259780884
v 0.008314999751746655 -0.26980599761009216 0.0645660012960434
v 0.009039999917149544 -0.2697469890117645 0.06443499773740768
v 0.00950700044631958 -0.2690019905567169 0.06425400078296661
v 0.009069000370800495 -0.26879099011421204 0.06428200006484985
v 0.00929499976336956 -0.2679229974746704 0.06427499651908875
v 0.009975999593734741 -0.2665880024433136 0.06423400342464447
v 0.009619999676942825 -0.267987996339798 0.06423000246286392
v 0.009277000091969967 -0.26257801055908203 0.06349699944257736
v 0.008623000234365463 -0.26166099309921265 0.0634159967303276
v 0.00885900016874075 -0.2609879970550537 0.06331600248813629
v 0.009556000120937824 -0.2608819901943207 0.06324700266122818
v 0.009599000215530396 -0.2617320120334625 0.06335300207138062
v 0.01066299993544817 -0.26388001441955566 0.0637499988079071
v 0.010723999701440334 -0.2628909945487976 0.06356099992990494
v 0.010800999589264393 -0.26343101263046265 0.06371600180864334
v 0.010741000063717365 -0.2644200026988983 0.06390299648046494
v 0.011207999661564827 -0.2654849886894226 0.06422100216150284
v 0.011114000342786312 -0.2666639983654022 0.06438600271940231
v 0.00801400002092123 -0.2597370147705078 0.0631759986281395
v 0.007228999864310026 -0.2607850134372711 0.06349799782037735
v 0.008390000090003014 -0.2604779899120331 0.06327400356531143
v 0.008303999900817871 -0.25990599393844604 0.06319700181484222
v 0.00820900034159422 -0.26006200909614563 0.06323099881410599
v 0.005257000215351582 -0.27213600277900696 0.07389000058174133
v 0.005235999822616577 -0.2732419967651367 0.07298199832439423
v 0.005770000163465738 -0.2749049961566925 0.07146699726581573
v 0.006345999892801046 -0.274385005235672 0.07175800204277039
v 0.005375999957323074 -0.27524200081825256 0.07056300342082977
v 0.005431999918073416 -0.2751759886741638 0.0708559975028038
v 0.00737799983471632 -0.2730430066585541 0.07215499877929688
v 0.006862000096589327 -0.27261000871658325 0.0726500004529953
v 0.006022999994456768 -0.272693008184433 0.07295200228691101
v 0.00559200020506978 -0.2752099931240082 0.07063599675893784
v 0.007627000100910664 -0.274960994720459 0.0690080001950264
v 0.006951000075787306 -0.27508100867271423 0.07052099704742432
v 0.0071000000461936 -0.27496299147605896 0.07082699984312057
v 0.006407999899238348 -0.27505800127983093 0.07089299708604813
v 0.004813999868929386 -0.2722339928150177 0.0740559995174408
v 0.004763999953866005 -0.2716529965400696 0.07436999678611755
v 0.005216999910771847 -0.271124005317688 0.07436399906873703
v 0.004958000034093857 -0.27150601148605347 0.07438000291585922
v 0.005810000002384186 -0.2709999978542328 0.07418899983167648
v 0.005609000101685524 -0.2712100148200989 0.07420500367879868
v 0.006171999964863062 -0.27073800563812256 0.0740009993314743
v 0.00607800018042326 -0.27007800340652466 0.07417300343513489
v 0.006068000104278326 -0.2695310115814209 0.07415899634361267
v 0.005793000105768442 -0.26829099655151367 0.07410600036382675
v 0.007375000044703484 -0.27473801374435425 0.0660339966416359
v 0.006792999804019928 -0.27504798769950867 0.06534299999475479
v 0.006819000001996756 -0.2751080095767975 0.06478200107812881
v 0.006426999811083078 -0.27527400851249695 0.06434399634599686
v 0.005412000231444836 -0.27581700682640076 0.06424299627542496
v 0.008042999543249607 -0.2745330035686493 0.06620699912309647
v 0.008426999673247337 -0.2747209966182709 0.06734699755907059
v 0.008263999596238136 -0.274852991104126 0.0685420036315918
v 0.008178000338375568 -0.2748660147190094 0.06867100298404694
v 0.00808900035917759 -0.2749049961566925 0.06879600137472153
v 0.004718999844044447 -0.2596209943294525 0.0640299990773201
v 0.004825000185519457 -0.2589629888534546 0.06407099962234497
v 0.004869000054895878 -0.25856199860572815 0.06420399993658066
v 0.00571999978274107 -0.2593179941177368 0.06350599974393845
v 0.005779999773949385 -0.2588160037994385 0.0634860023856163
v 0.007122000213712454 -0.2602050006389618 0.06340699642896652
v 0.004503000061959028 -0.25797098875045776 0.06528600305318832
v 0.004705999977886677 -0.2571429908275604 0.06647899746894836
v 0.004792000167071819 -0.2570430040359497 0.06737499684095383
v 0.004393000155687332 -0.2576900124549866 0.06751299649477005
v 0.004660999868065119 -0.25735899806022644 0.06596899777650833
v 0.004606000147759914 -0.2579289972782135 0.06879299879074097
v 0.0047439998015761375 -0.25791800022125244 0.06907399743795395
v 0.005710000172257423 -0.25890201330184937 0.07110899686813354
v 0.005714999977499247 -0.25803500413894653 0.07046300172805786
v 0.005249999929219484 -0.25756600499153137 0.06940700113773346
v 0.005491000134497881 -0.259535014629364 0.0711980015039444
v 0.006250999867916107 -0.26696598529815674 0.07401300221681595
v 0.0067010000348091125 -0.2667739987373352 0.07378099858760834
v 0.006777999922633171 -0.26632601022720337 0.07363200187683105
v 0.006883999798446894 -0.2663840055465698 0.07365000247955322
v 0.007085000164806843 -0.2660199999809265 0.07347899675369263
v 0.007416999898850918 -0.2651970088481903 0.0732870027422905
v 0.007540000136941671 -0.26623401045799255 0.07366400212049484
v 0.007315999828279018 -0.2661319971084595 0.07356400042772293
v 0.007662999909371138 -0.2657650113105774 0.0736600011587143
v 0.007612999994307756 -0.26526200771331787 0.07344599813222885
v 0.007114999927580357 -0.26798099279403687 0.07362700253725052
v 0.005975000094622374 -0.2674869894981384 0.07414299994707108
v 0.0060800001956522465 -0.26736798882484436 0.07412999868392944
v 0.007319000083953142 -0.2646290063858032 0.07317899912595749
v 0.007495999801903963 -0.2646690011024475 0.07337699830532074
v 0.007304999977350235 -0.2639789879322052 0.07346300035715103
v 0.0071390001103281975 -0.2635509967803955 0.07340200245380402
v 0.007081000134348869 -0.2628070116043091 0.0733020007610321
v 0.007263000123202801 -0.2613469958305359 0.07310900092124939
v 0.006008999887853861 -0.25914499163627625 0.07152699679136276
v 0.006934999953955412 -0.25878798961639404 0.07203400135040283
v 0.006765999831259251 -0.25826001167297363 0.0716790035367012
v 0.00903099961578846 -0.25912201404571533 0.07319799810647964
v 0.007577999960631132 -0.25899600982666016 0.07257399708032608
v 0.0075079998932778835 -0.26051899790763855 0.07305800169706345
v 0.005619000177830458 -0.2754879891872406 0.0638749971985817
v 0.0068339998833835125 -0.27498799562454224 0.06431300193071365
v 0.007180999964475632 -0.27462100982666016 0.06440900266170502
v 0.007511999923735857 -0.27423399686813354 0.06453700363636017
v 0.006920000072568655 -0.27498701214790344 0.06446599960327148
v 0.00698000006377697 -0.27498701214790344 0.06457699835300446
v 0.007672000210732222 -0.2717660069465637 0.06478799879550934
v 0.008217000402510166 -0.2717750072479248 0.06500999629497528
v 0.007660000119358301 -0.2727290093898773 0.06441699713468552
v 0.007845000363886356 -0.2738479971885681 0.06466200202703476
v 0.007672000210732222 -0.2742510139942169 0.06477200239896774
v 0.007992000319063663 -0.27341198921203613 0.06460600346326828
v 0.008077000267803669 -0.2730270028114319 0.06462900340557098
v 0.006881999783217907 -0.271016001701355 0.06485400348901749
v 0.007170000113546848 -0.27142199873924255 0.06473000347614288
v 0.006885000038892031 -0.2708069980144501 0.06493400037288666
v 0.007151000201702118 -0.27054500579833984 0.06511499732732773
v 0.00854399986565113 -0.26999199390411377 0.06462299823760986
v 0.008050000295042992 -0.2705230116844177 0.06518799811601639
v 0.0075610000640153885 -0.27026399970054626 0.06507500261068344
v 0.007369999773800373 -0.2706420123577118 0.06522300094366074
v 0.009070999920368195 -0.270224004983902 0.06468799710273743
v 0.009631999768316746 -0.2690739929676056 0.06426700204610825
v 0.009139999747276306 -0.2701199948787689 0.06462100148200989
v 0.00976600032299757 -0.26862001419067383 0.06423799693584442
v 0.010236999951303005 -0.2677850127220154 0.06432899832725525
v 0.010812999680638313 -0.2670010030269623 0.06445900350809097
v 0.010770999826490879 -0.26188400387763977 0.06339800357818604
v 0.009360999800264835 -0.26054999232292175 0.06319700181484222
v 0.01044199988245964 -0.26013699173927307 0.06313999742269516
v 0.010635999962687492 -0.2612679898738861 0.06336600333452225
v 0.011114000342786312 -0.2640889883041382 0.06394399702548981
v 0.01103300042450428 -0.2635439932346344 0.06379800289869308
v 0.010963000357151031 -0.2630139887332916 0.06362699717283249
v 0.011033999733626842 -0.2620390057563782 0.0634159967303276
v 0.011118999682366848 -0.2625899910926819 0.06355299800634384
v 0.010951999574899673 -0.2619900107383728 0.06341399997472763
v 0.011106999590992928 -0.2633010149002075 0.06377799808979034
v 0.01117200031876564 -0.26309698820114136 0.0637580007314682
v 0.011758999899029732 -0.26649901270866394 0.06442499905824661
v 0.011617000214755535 -0.2647710144519806 0.06435800343751907
v 0.011517000384628773 -0.2642329931259155 0.064240001142025
v 0.011610999703407288 -0.26693299412727356 0.06448300182819366
v 0.007234000135213137 -0.2597639858722687 0.06330200284719467
v 0.008276999928057194 -0.25988999009132385 0.06319499760866165
v 0.008456000126898289 -0.2594960033893585 0.06307099759578705
v 0.0083600003272295 -0.2589319944381714 0.0629580020904541
v 0.007745000068098307 -0.2587150037288666 0.06302600353956223
v 0.00533499987795949 -0.2718360126018524 0.07408399879932404
v 0.006058000028133392 -0.2714479863643646 0.07389499992132187
v 0.006533000152558088 -0.27450600266456604 0.07158800214529037
v 0.006781000178307295 -0.27478399872779846 0.07121600210666656
v 0.007511000148952007 -0.27339300513267517 0.0718030035495758
v 0.007818999700248241 -0.2732990086078644 0.0718500018119812
v 0.00808900035917759 -0.27290698885917664 0.07207699865102768
v 0.006490000057965517 -0.2715989947319031 0.07364600151777267
v 0.007127000018954277 -0.27150699496269226 0.07345099747180939
v 0.007708000019192696 -0.27136701345443726 0.0733020007610321
v 0.006384000182151794 -0.27149900794029236 0.07374799996614456
v 0.00816699955612421 -0.2749499976634979 0.06914900243282318
v 0.0073529998771846294 -0.27507999539375305 0.0703819990158081
v 0.0075090001337230206 -0.2747870087623596 0.07090900093317032
v 0.005144000053405762 -0.2716990113258362 0.07424499839544296
v 0.006583999842405319 -0.26990100741386414 0.07399500161409378
v 0.006905999965965748 -0.2713240087032318 0.07359600067138672
v 0.007416999898850918 -0.2700510025024414 0.07379800081253052
v 0.007763999979943037 -0.26910799741744995 0.07363200187683105
v 0.007031999994069338 -0.2708210051059723 0.07369600236415863
v 0.006732999812811613 -0.26893100142478943 0.07390899956226349
v 0.007315999828279018 -0.27476999163627625 0.0651250034570694
v 0.007530000060796738 -0.2745879888534546 0.06512799859046936
v 0.006719999946653843 -0.27511298656463623 0.06444299966096878
v 0.007195999845862389 -0.2748180031776428 0.064799003303051
v 0.008569999597966671 -0.2745150029659271 0.06671000272035599
v 0.007794999983161688 -0.2744700014591217 0.06547900289297104
v 0.008314000442624092 -0.2743220031261444 0.06570900231599808
v 0.008496000431478024 -0.2748909890651703 0.06865300238132477
v 0.009309999644756317 -0.2749910056591034 0.06872499734163284
v 0.008344000205397606 -0.27489200234413147 0.06889200210571289
v 0.008344000205397606 -0.27489200234413147 0.06889200210571289
v 0.008344000205397606 -0.27489200234413147 0.06889200210571289
v 0.005231999792158604 -0.25832799077033997 0.06394100189208984
v 0.004794999957084656 -0.25770699977874756 0.06498099863529205
v 0.007189000025391579 -0.2587130069732666 0.06310299783945084
v 0.0062939999625086784 -0.2587040066719055 0.06334099918603897
v 0.0060640000738203526 -0.25846099853515625 0.06343600153923035
v 0.004699999932199717 -0.2574029862880707 0.06570299714803696
v 0.005090000107884407 -0.256648987531662 0.06701400130987167
v 0.004970999900251627 -0.25695401430130005 0.06590600311756134
v 0.004908999893814325 -0.2569989860057831 0.06770099699497223
v 0.0048790001310408115 -0.2572230100631714 0.06815200299024582
v 0.0052919997833669186 -0.25718599557876587 0.0689999982714653
v 0.006070000119507313 -0.2576789855957031 0.07054100185632706
v 0.006388000212609768 -0.25814899802207947 0.07133200019598007
v 0.005886000115424395 -0.2570340037345886 0.06960800290107727
v 0.006451999768614769 -0.26731500029563904 0.0739549994468689
v 0.007160999812185764 -0.2665570080280304 0.0736360028386116
v 0.007027000188827515 -0.26701098680496216 0.07366500049829483
v 0.007511999923735857 -0.2663770020008087 0.07364899665117264
v 0.007728000171482563 -0.26628801226615906 0.07384099811315536
v 0.007841000333428383 -0.26493099331855774 0.07371699810028076
v 0.008089999668300152 -0.2655070126056671 0.07407999783754349
v 0.00824899971485138 -0.2648890018463135 0.07407700270414352
v 0.008004000410437584 -0.2658270001411438 0.07408399879932404
v 0.007639000192284584 -0.26853498816490173 0.07349000126123428
v 0.007625000085681677 -0.2680479884147644 0.07329100370407104
v 0.007387000136077404 -0.2673569917678833 0.0734499990940094
v 0.007674000225961208 -0.26439300179481506 0.07370299845933914
v 0.007907000370323658 -0.26419198513031006 0.07391099631786346
v 0.008212000131607056 -0.2637700140476227 0.07409399747848511
v 0.007422999944537878 -0.26293501257896423 0.07353399693965912
v 0.0077320002019405365 -0.26207199692726135 0.07355999946594238
v 0.00813200045377016 -0.26080799102783203 0.07344000041484833
v 0.007151000201702118 -0.2583810091018677 0.0720129981637001
v 0.006757999770343304 -0.2578130066394806 0.07137899845838547
v 0.00698000006377697 -0.25828900933265686 0.07182399928569794
v 0.007542999926954508 -0.2567650079727173 0.0710579976439476
v 0.007335000205785036 -0.2575570046901703 0.07156000286340714
v 0.007530000060796738 -0.25805801153182983 0.07204099744558334
v 0.00838600005954504 -0.2607940137386322 0.07354000210762024
v 0.008698999881744385 -0.26065298914909363 0.0735969990491867
v 0.010413999669253826 -0.25982600450515747 0.07360299676656723
v 0.010307000018656254 -0.25833600759506226 0.07298500090837479
v 0.009216000325977802 -0.2606790065765381 0.0737600028514862
v 0.008526000194251537 -0.25753098726272583 0.07216600328683853
v 0.009184000082314014 -0.2582559883594513 0.07281100004911423
v 0.007331000175327063 -0.2746250033378601 0.06466300040483475
v 0.007325000129640102 -0.27121400833129883 0.0650629997253418
v 0.007876000367105007 -0.27152198553085327 0.06505800038576126
v 0.008097999729216099 -0.27292099595069885 0.06463800370693207
v 0.008423999883234501 -0.27245399355888367 0.0648059993982315
v 0.008740000426769257 -0.2714860141277313 0.06519400328397751
v 0.008435999974608421 -0.2713870108127594 0.06521999835968018
v 0.007833999581634998 -0.27427101135253906 0.06500300019979477
v 0.008034000173211098 -0.2739039957523346 0.0648370012640953
v 0.008198999799787998 -0.2734909951686859 0.06474199891090393
v 0.008333999663591385 -0.273032009601593 0.06473399698734283
v 0.00711200013756752 -0.2712100148200989 0.0649079978466034
v 0.007098000030964613 -0.2711080014705658 0.06497099995613098
v 0.007104999851435423 -0.27087700366973877 0.06505300104618073
v 0.008684000000357628 -0.27024200558662415 0.06479500234127045
v 0.008400999940931797 -0.27054500579833984 0.06511999666690826
v 0.007615000009536743 -0.2707720100879669 0.0652799978852272
v 0.008588000200688839 -0.27084600925445557 0.06519900262355804
v 0.008181000128388405 -0.27111199498176575 0.06529200077056885
v 0.0073379999957978725 -0.27091699838638306 0.0651639997959137
v 0.008794999681413174 -0.27048900723457336 0.0650160014629364
v 0.009050000458955765 -0.2706339955329895 0.06504900008440018
v 0.009305000305175781 -0.27034100890159607 0.06476400047540665
v 0.009789999574422836 -0.2705950140953064 0.06488599628210068
v 0.010219000279903412 -0.2688319981098175 0.06442800164222717
v 0.010292000137269497 -0.26936501264572144 0.06459300220012665
v 0.010135999880731106 -0.26828399300575256 0.06428500264883041
v 0.010021000169217587 -0.26867300271987915 0.0643099993467331
v 0.0110470000654459 -0.2676439881324768 0.06458999961614609
v 0.010439000092446804 -0.2679409980773926 0.06443999707698822
v 0.010901999659836292 -0.26142600178718567 0.0633770003914833
v 0.011156000196933746 -0.26156899333000183 0.06341099739074707
v 0.011068000458180904 -0.2618969976902008 0.06341899931430817
v 0.009587000124156475 -0.25966399908065796 0.06300000101327896
v 0.010904000140726566 -0.2603600025177002 0.06331100314855576
v 0.010103000327944756 -0.2594450116157532 0.06296499818563461
v 0.010778999887406826 -0.2586880028247833 0.06319399923086166
v 0.011037999764084816 -0.26097598671913147 0.06334400177001953
v 0.011388000100851059 -0.2638010084629059 0.06412100046873093
v 0.011231999844312668 -0.2636129856109619 0.06395000219345093
v 0.011262999847531319 -0.26214799284935 0.06350500136613846
v 0.011309999972581863 -0.26264700293540955 0.06372199952602386
v 0.011334000155329704 -0.2631160020828247 0.0639910027384758
v 0.012540999799966812 -0.26631999015808105 0.06474599987268448
v 0.012070000171661377 -0.2648780047893524 0.0645890012383461
v 0.012331999838352203 -0.26611998677253723 0.06466300040483475
v 0.012125999666750431 -0.26440298557281494 0.06469199806451797
v 0.011567999608814716 -0.26361599564552307 0.06440799683332443
v 0.012051000259816647 -0.2681970000267029 0.06476099789142609
v 0.008093999698758125 -0.25822800397872925 0.0629429966211319
v 0.009069999679923058 -0.2588520050048828 0.06285800039768219
v 0.00723800016567111 -0.2580359876155853 0.06311199814081192
v 0.0068259998224675655 -0.27455198764801025 0.07142700254917145
v 0.008841999806463718 -0.27452999353408813 0.07072599977254868
v 0.008196000009775162 -0.274740993976593 0.07067199796438217
v 0.008454999886453152 -0.2734929919242859 0.0715939998626709
v 0.0092550003901124 -0.2728379964828491 0.0717490017414093
v 0.007319000083953142 -0.27062198519706726 0.07372099906206131
v 0.0076950001530349255 -0.27071699500083923 0.07358600199222565
v 0.008985999971628189 -0.2711179852485657 0.0731159970164299
v 0.009181000292301178 -0.2702620029449463 0.07340099662542343
v 0.008863000199198723 -0.27145999670028687 0.07292400300502777
v 0.0083619998767972 -0.27495598793029785 0.06982800364494324
v 0.008511999621987343 -0.2749190032482147 0.06911300122737885
v 0.008352000266313553 -0.2748590111732483 0.07037899643182755
v 0.008227000012993813 -0.27478501200675964 0.07059600204229355
v 0.008181000128388405 -0.26990199089050293 0.07364200055599213
v 0.008036999963223934 -0.2692739963531494 0.0736280009150505
v 0.007956000044941902 -0.2687300145626068 0.07348199933767319
v 0.008097999729216099 -0.27412301301956177 0.06514099985361099
v 0.009073000401258469 -0.274507999420166 0.06690800189971924
v 0.008631999604403973 -0.2742699980735779 0.06572200357913971
v 0.008496000431478024 -0.27404001355171204 0.06526199728250504
v 0.00918199960142374 -0.2750389873981476 0.06899599730968475
v 0.008581000380218029 -0.27492499351501465 0.06900200247764587
v 0.009531999938189983 -0.2749300003051758 0.06848599761724472
v 0.010520000010728836 -0.2750610113143921 0.06984099745750427
v 0.005991999991238117 -0.2581309974193573 0.0635560005903244
v 0.005427999887615442 -0.25784799456596375 0.0640999972820282
v 0.005038999952375889 -0.2572470009326935 0.06516800075769424
v 0.005464999936521053 -0.25712600350379944 0.06468400359153748
v 0.006771999876946211 -0.25843000411987305 0.06319200247526169
v 0.0068870000541210175 -0.2579430043697357 0.06322800368070602
v 0.005559000186622143 -0.2562299966812134 0.06748100370168686
v 0.005642999894917011 -0.2561970055103302 0.06612899899482727
v 0.005102999974042177 -0.25704100728034973 0.06539899855852127
v 0.0053889998234808445 -0.2566100060939789 0.06561700254678726
v 0.005140999797731638 -0.25687599182128906 0.06803800165653229
v 0.0066639999859035015 -0.25620201230049133 0.06953799724578857
v 0.005989000201225281 -0.2561909854412079 0.06836400181055069
v 0.006831999868154526 -0.2565999925136566 0.07026900351047516
v 0.007172000128775835 -0.2570520043373108 0.07103300094604492
v 0.007447000127285719 -0.2667419910430908 0.0736050009727478
v 0.007402999792248011 -0.2673160135746002 0.07344400137662888
v 0.007416999898850918 -0.2669450044631958 0.07357099652290344
v 0.007699999958276749 -0.266867995262146 0.07365000247955322
v 0.008101999759674072 -0.2663950026035309 0.07419600337743759
v 0.00785799976438284 -0.26673299074172974 0.07395000010728836
v 0.008330999873578548 -0.26543399691581726 0.07422299683094025
v 0.008212000131607056 -0.26590898633003235 0.07421799749135971
v 0.008270000107586384 -0.26474499702453613 0.07410299777984619
v 0.008566999807953835 -0.2644830048084259 0.07423499971628189
v 0.007656999863684177 -0.2680700123310089 0.07328499853610992
v 0.007899000309407711 -0.2682180106639862 0.07328499853610992
v 0.007803000044077635 -0.2676520049571991 0.0731699988245964
v 0.008143999613821507 -0.26411300897598267 0.0740630030632019
v 0.008918000385165215 -0.2630529999732971 0.07425899803638458
v 0.007825000211596489 -0.26257699728012085 0.07370500266551971
v 0.009459000080823898 -0.263045996427536 0.07439900189638138
v 0.009538000449538231 -0.2637839913368225 0.07446999847888947
v 0.008418000303208828 -0.2622169852256775 0.07390300184488297
v 0.007833000272512436 -0.25748300552368164 0.07179400324821472
v 0.007447999902069569 -0.25596898794174194 0.07004600018262863
v 0.008871999569237232 -0.2572210133075714 0.0720909982919693
v 0.007980999536812305 -0.2561190128326416 0.07062800228595734
v 0.007953999564051628 -0.2564840018749237 0.07101800292730331
v 0.01091699954122305 -0.2596299946308136 0.07347899675369263
v 0.010107999667525291 -0.2606469988822937 0.07384900003671646
v 0.011516000144183636 -0.26047301292419434 0.07367599755525589
v 0.009212000295519829 -0.2573600113391876 0.07229100167751312
v 0.011057999916374683 -0.2592340111732483 0.07328999787569046
v 0.011630999855697155 -0.25841400027275085 0.07284300029277802
v 0.01041099987924099 -0.2576510012149811 0.07260400056838989
v 0.010328000411391258 -0.26225000619888306 0.07433799654245377
v 0.007600000128149986 -0.27088698744773865 0.06525599956512451
v 0.00878399983048439 -0.27274298667907715 0.0647829994559288
v 0.009352999739348888 -0.2725430130958557 0.06478799879550934
v 0.008825000375509262 -0.2709929943084717 0.06519400328397751
v 0.009173999540507793 -0.2712230086326599 0.06514099985361099
v 0.008409000001847744 -0.2740119993686676 0.06518899649381638
v 0.008410999551415443 -0.2735779881477356 0.06486699730157852
v 0.008572000078856945 -0.27316001057624817 0.06478200107812881
v 0.009321000427007675 -0.270797997713089 0.06504900008440018
v 0.009386000223457813 -0.27069899439811707 0.06498599797487259
v 0.010022999718785286 -0.2707099914550781 0.06496699899435043
v 0.009603999555110931 -0.27098000049591064 0.0650240033864975
v 0.010371999815106392 -0.270345002412796 0.06505899876356125
v 0.010464999824762344 -0.26892098784446716 0.06460099667310715
v 0.010239999741315842 -0.26874399185180664 0.06442999839782715
v 0.010394999757409096 -0.2688930034637451 0.06456000357866287
v 0.010533999651670456 -0.2699269950389862 0.06497199833393097
v 0.010727000422775745 -0.26955199241638184 0.06481800228357315
v 0.01055500004440546 -0.268449991941452 0.06454599648714066
v 0.011428000405430794 -0.26839199662208557 0.06467500329017639
v 0.011288000270724297 -0.26104500889778137 0.0634159967303276
v 0.011365000158548355 -0.2611269950866699 0.06348399817943573
v 0.011370999738574028 -0.26166000962257385 0.06353099644184113
v 0.011471999809145927 -0.26116201281547546 0.06357300281524658
v 0.01131800003349781 -0.2618989944458008 0.06351900100708008
v 0.009596000425517559 -0.25916099548339844 0.06289099901914597
v 0.011138999834656715 -0.2604770064353943 0.06338799744844437
v 0.009991999715566635 -0.2588599920272827 0.06288299709558487
v 0.010218000039458275 -0.258419007062912 0.0629810020327568
v 0.011017000302672386 -0.258558988571167 0.06336499750614166
v 0.0114120002835989 -0.2587989866733551 0.0636340007185936
v 0.010364999994635582 -0.25798699259757996 0.06314200162887573
v 0.011362000368535519 -0.260578989982605 0.06348700076341629
v 0.011260000057518482 -0.26361799240112305 0.06398600339889526
v 0.01143999956548214 -0.26333901286125183 0.06422799825668335
v 0.0114139998331666 -0.2622529864311218 0.0637189969420433
v 0.011398999951779842 -0.26217201352119446 0.06367699801921844
v 0.011376000009477139 -0.26291099190711975 0.0640069991350174
v 0.011385999619960785 -0.26263800263404846 0.06388600170612335
v 0.011370000429451466 -0.26310300827026367 0.06409300118684769
v 0.012407000176608562 -0.26784199476242065 0.0648370012640953
v 0.013527999632060528 -0.2672869861125946 0.06526999920606613
v 0.013255000114440918 -0.2662949860095978 0.06511300057172775
v 0.012798000127077103 -0.2647649943828583 0.064969003200531
v 0.013376000337302685 -0.2655789852142334 0.06521199643611908
v 0.012280000373721123 -0.2650989890098572 0.06466300040483475
v 0.011734999716281891 -0.2634580135345459 0.06470199674367905
v 0.01389199960976839 -0.26493799686431885 0.0656450018286705
v 0.01275699958205223 -0.2640779912471771 0.06531199812889099
v 0.012118999846279621 -0.2638159990310669 0.06493999809026718
v 0.01155299972742796 -0.2633030116558075 0.0645579993724823
v 0.012101000174880028 -0.26873499155044556 0.06487099826335907
v 0.007974999956786633 -0.25783899426460266 0.06301599740982056
v 0.008534999564290047 -0.25839701294898987 0.06289699673652649
v 0.00834100041538477 -0.2575730085372925 0.06304100155830383
v 0.009344000369310379 -0.2589559853076935 0.06287799775600433
v 0.009216999635100365 -0.25832799077033997 0.06283800303936005
v 0.007031999994069338 -0.2574410140514374 0.06335599720478058
v 0.007280000019818544 -0.25759100914001465 0.06322500109672546
v 0.00863299984484911 -0.2747879922389984 0.07045900076627731
v 0.009115999564528465 -0.27447599172592163 0.0708099976181984
v 0.009266999550163746 -0.27417901158332825 0.07103399932384491
v 0.008751999586820602 -0.2748590111732483 0.07023999840021133
v 0.011389999650418758 -0.273622989654541 0.07102899998426437
v 0.009638999588787556 -0.2724739909172058 0.07190000265836716
v 0.010099999606609344 -0.27428799867630005 0.07081799954175949
v 0.009233999997377396 -0.27153000235557556 0.0728050023317337
v 0.009151999838650227 -0.27102500200271606 0.0731389969587326
v 0.009188000112771988 -0.2712880074977875 0.07297500222921371
v 0.008830999955534935 -0.2691980004310608 0.07367199659347534
v 0.009201000444591045 -0.27064600586891174 0.07328499853610992
v 0.009531999938189983 -0.2703779935836792 0.073294997215271
v 0.009600999765098095 -0.2698749899864197 0.07339099794626236
v 0.00902399979531765 -0.27493199706077576 0.06978300213813782
v 0.009398999623954296 -0.27486899495124817 0.070203997194767
v 0.008438999764621258 -0.2689819931983948 0.07360699772834778
v 0.008673000149428844 -0.2690970003604889 0.07368499785661697
v 0.008295999839901924 -0.2686089873313904 0.07348799705505371
v 0.00813599955290556 -0.26833799481391907 0.07335600256919861
v 0.008345000445842743 -0.26842001080513 0.07348699867725372
v 0.010103000327944756 -0.2741369903087616 0.0662510022521019
v 0.01015899982303381 -0.2744550108909607 0.06701800227165222
v 0.008874000050127506 -0.27406400442123413 0.06542400270700455
v 0.009367000311613083 -0.2740800082683563 0.06562899798154831
v 0.008848999626934528 -0.2737700045108795 0.06508799642324448
v 0.00988100003451109 -0.27503201365470886 0.06987199932336807
v 0.009631999768316746 -0.27503201365470886 0.06977199763059616
v 0.010172000154852867 -0.2749600112438202 0.06875599920749664
v 0.01043699961155653 -0.27480098605155945 0.06809999793767929
v 0.010916000232100487 -0.2750749886035919 0.06970600038766861
v 0.011044999584555626 -0.2750059962272644 0.0700249969959259
v 0.010944000445306301 -0.2748900055885315 0.07023199647665024
v 0.005993000231683254 -0.25778499245643616 0.06369300186634064
v 0.006457999814301729 -0.2575739920139313 0.0635410025715828
v 0.005927000194787979 -0.25758400559425354 0.06387899816036224
v 0.005779999773949385 -0.25722700357437134 0.06425599753856659
v 0.005357999820262194 -0.25690600275993347 0.06513900309801102
v 0.006070000119507313 -0.2567859888076782 0.06447000056505203
v 0.00597700010985136 -0.2558189928531647 0.06698799878358841
v 0.005824000108987093 -0.2560479938983917 0.06763099879026413
v 0.006051999982446432 -0.2561570107936859 0.06537400186061859
v 0.006118000019341707 -0.25574299693107605 0.06671000272035599
v 0.007195000071078539 -0.25557801127433777 0.06911899894475937
v 0.006378000136464834 -0.2558790147304535 0.06837599724531174
v 0.007493999786674976 -0.2556400001049042 0.06961199641227722
v 0.00648299977183342 -0.2556079924106598 0.0677570030093193
v 0.007677000015974045 -0.26686999201774597 0.07364200055599213
v 0.0077749998308718204 -0.26739001274108887 0.07332000136375427
v 0.007724999915808439 -0.2668899893760681 0.07366999983787537
v 0.008042999543249607 -0.26694801449775696 0.07406499981880188
v 0.00810999982059002 -0.26639899611473083 0.07419800013303757
v 0.00838799960911274 -0.26631298661231995 0.07427100092172623
v 0.008449999615550041 -0.2660309970378876 0.07428800314664841
v 0.007872000336647034 -0.2670469880104065 0.07380100339651108
v 0.008569000288844109 -0.2655560076236725 0.07429300248622894
v 0.0086899995803833 -0.26508399844169617 0.07429199665784836
v 0.009072000160813332 -0.26462700963020325 0.07436999678611755
v 0.009415999986231327 -0.26439499855041504 0.07441399991512299
v 0.008030000142753124 -0.2677589952945709 0.07326299697160721
v 0.007981999777257442 -0.2674880027770996 0.07344800233840942
v 0.010003999806940556 -0.26308301091194153 0.07451199740171432
v 0.010154999792575836 -0.2637209892272949 0.07451099902391434
v 0.010234000161290169 -0.2633329927921295 0.07454200088977814
v 0.007853999733924866 -0.25567200779914856 0.07002200186252594
v 0.009142999537289143 -0.25689199566841125 0.07194399833679199
v 0.008407999761402607 -0.25582200288772583 0.0705690011382103
v 0.008964000269770622 -0.25641199946403503 0.071431003510952
v 0.011660000309348106 -0.25959399342536926 0.0733100026845932
v 0.01042999979108572 -0.2613160014152527 0.07405900210142136
v 0.01068700011819601 -0.26096901297569275 0.07393799722194672
v 0.012098999693989754 -0.2618109881877899 0.07399000227451324
v 0.012457000091671944 -0.26157501339912415 0.0737219974398613
v 0.010143999941647053 -0.2571159899234772 0.07225199788808823
v 0.01203600037842989 -0.2588669955730438 0.0729139968752861
v 0.011517000384628773 -0.25752899050712585 0.07239200174808502
v 0.011214000172913074 -0.25745001435279846 0.07240699976682663
v 0.01192300021648407 -0.25751999020576477 0.07224900275468826
v 0.010599000379443169 -0.262908011674881 0.07449200004339218
v 0.010909000411629677 -0.26236099004745483 0.07436499744653702
v 0.011301999911665916 -0.26281100511550903 0.07442999631166458
v 0.011043000034987926 -0.2620519995689392 0.07427799701690674
v 0.008968000300228596 -0.27285799384117126 0.06477300077676773
v 0.00967399962246418 -0.2725749909877777 0.06476200371980667
v 0.00964799989014864 -0.2727389931678772 0.0647369995713234
v 0.00923100020736456 -0.27301299571990967 0.06479000300168991
v 0.009239999577403069 -0.2730180025100708 0.0647910013794899
v 0.010026000440120697 -0.2717820107936859 0.0650240033864975
v 0.009862000122666359 -0.27112799882888794 0.06505099684000015
v 0.008628999814391136 -0.2736720144748688 0.06498000025749207
v 0.009050000458955765 -0.273404985666275 0.06491699814796448
v 0.010490000247955322 -0.2709389925003052 0.06512700021266937
v 0.010262000374495983 -0.27076101303100586 0.06506399810314178
v 0.010582000017166138 -0.27042800188064575 0.06518799811601639
v 0.01076900027692318 -0.2700450122356415 0.06504599750041962
v 0.011535000056028366 -0.26990801095962524 0.06488300114870071
v 0.011509999632835388 -0.27000701427459717 0.06488200277090073
v 0.010905000381171703 -0.27013200521469116 0.06503300368785858
v 0.010886999778449535 -0.2691330015659332 0.06473399698734283
v 0.012013000436127186 -0.26921600103378296 0.06490399688482285
v 0.011467999778687954 -0.26061001420021057 0.0635870024561882
v 0.011518999934196472 -0.26166099309921265 0.06379000097513199
v 0.011602000333368778 -0.26113900542259216 0.06387200206518173
v 0.011518999934196472 -0.26166200637817383 0.06379199773073196
v 0.011706000193953514 -0.26064398884773254 0.06390900164842606
v 0.011719999834895134 -0.25959399342536926 0.06381600350141525
v 0.00976600032299757 -0.25856098532676697 0.06286600232124329
v 0.01154599990695715 -0.2594119906425476 0.06366900354623795
v 0.010116999968886375 -0.2579840123653412 0.06304000318050385
v 0.01104199979454279 -0.25780799984931946 0.06362999975681305
v 0.010823000222444534 -0.257735013961792 0.063510000705719
v 0.01185499969869852 -0.25823599100112915 0.06415200233459473
v 0.010324000380933285 -0.2573849856853485 0.06344900280237198
v 0.009850000031292439 -0.2576749920845032 0.06309200078248978
v 0.011361000128090382 -0.26301199197769165 0.06434600055217743
v 0.011392000131309032 -0.2630999982357025 0.06440000236034393
v 0.011486000381410122 -0.26211899518966675 0.06398800015449524
v 0.011517999693751335 -0.26166200637817383 0.06379199773073196
v 0.011386999860405922 -0.26255500316619873 0.06413199752569199
v 0.011392000131309032 -0.2625269889831543 0.06413699686527252
v 0.011386999860405922 -0.2625510096549988 0.0641459971666336
v 0.013822999782860279 -0.26792100071907043 0.06553799659013748
v 0.014538000337779522 -0.2687219977378845 0.06606300175189972
v 0.01358100026845932 -0.26888200640678406 0.06553100049495697
v 0.01397399976849556 -0.2672860026359558 0.06555599719285965
v 0.013867000117897987 -0.26520898938179016 0.0655750036239624
v 0.01423799991607666 -0.26563799381256104 0.06580600142478943
v 0.011730999685823917 -0.26312100887298584 0.06484600156545639
v 0.014260999858379364 -0.2648929953575134 0.0660720020532608
v 0.014038999564945698 -0.2646090090274811 0.06604199856519699
v 0.013612999580800533 -0.26430898904800415 0.06584600359201431
v 0.013365999795496464 -0.2639549970626831 0.06588400155305862
v 0.0115130003541708 -0.2630470097064972 0.06472399830818176
v 0.012748000212013721 -0.2694210112094879 0.06514500081539154
v 0.013261999934911728 -0.26938799023628235 0.06533599644899368
v 0.007992999628186226 -0.25745099782943726 0.0631449967622757
v 0.008954999968409538 -0.2580089867115021 0.06288699805736542
v 0.008655999787151814 -0.25742799043655396 0.0630979984998703
v 0.00828499998897314 -0.25700899958610535 0.06335899978876114
v 0.009277000091969967 -0.25786298513412476 0.06293199956417084
v 0.00955899991095066 -0.25804299116134644 0.06290700286626816
v 0.009847999550402164 -0.25802698731422424 0.06295199692249298
v 0.0072130002081394196 -0.2570520043373108 0.0635489970445633
v 0.010203000158071518 -0.2747479975223541 0.07046999782323837
v 0.010363999754190445 -0.27238699793815613 0.07185100018978119
v 0.012838000431656837 -0.2728230059146881 0.07154099643230438
v 0.011478999629616737 -0.27328500151634216 0.07120899856090546
v 0.010800999589264393 -0.274522989988327 0.07060600072145462
v 0.01361900009214878 -0.274958997964859 0.07043500244617462
v 0.011428000405430794 -0.27392199635505676 0.07084900140762329
v 0.010022000409662724 -0.2720699906349182 0.0721689984202385
v 0.009751000441610813 -0.27195999026298523 0.07230900228023529
v 0.009188000112771988 -0.2712880074977875 0.07297500222921371
v 0.009371999651193619 -0.27145200967788696 0.07282400131225586
v 0.009425999596714973 -0.2708260118961334 0.07315800338983536
v 0.009188000112771988 -0.2712880074977875 0.07297500222921371
v 0.009526999667286873 -0.27108800411224365 0.07301799952983856
v 0.009367999620735645 -0.2690350115299225 0.073512002825737
v 0.009096000343561172 -0.2688319981098175 0.0736209973692894
v 0.01080899965018034 -0.27136099338531494 0.07245799899101257
v 0.010727000422775745 -0.2707490026950836 0.07274399697780609
v 0.010033000260591507 -0.26980501413345337 0.073232002556324
v 0.010431000031530857 -0.2718980014324188 0.07225199788808823
v 0.010026000440120697 -0.27493101358413696 0.07018300145864487
v 0.008814999833703041 -0.2685669958591461 0.07367599755525589
v 0.008554999716579914 -0.26850399374961853 0.07361699640750885
v 0.00817199982702732 -0.26797500252723694 0.07344599813222885
v 0.008356000296771526 -0.2681240141391754 0.07358899712562561
v 0.011125000193715096 -0.27417200803756714 0.0663750022649765
v 0.010226000100374222 -0.27389198541641235 0.06558799743652344
v 0.009600999765098095 -0.27389100193977356 0.06533599644899368
v 0.010824000462889671 -0.27468299865722656 0.06753599643707275
v 0.00906199961900711 -0.2738569974899292 0.06521099805831909
v 0.009386000223457813 -0.2738089859485626 0.06521300226449966
v 0.01056199986487627 -0.27484598755836487 0.07035800069570541
v 0.010610000230371952 -0.2748749852180481 0.06829199939966202
v 0.010652000084519386 -0.27500298619270325 0.06866800040006638
v 0.010631999932229519 -0.27486398816108704 0.06826099753379822
v 0.010777000337839127 -0.27483901381492615 0.06804200261831284
v 0.011219999752938747 -0.2750590145587921 0.06873799860477448
v 0.01165200024843216 -0.27522799372673035 0.06947200000286102
v 0.011158999986946583 -0.2750909924507141 0.06981100142002106
v 0.011760000139474869 -0.2748729884624481 0.07025100290775299
v 0.011150999926030636 -0.2746399939060211 0.07050099968910217
v 0.005993000231683254 -0.25777900218963623 0.0636959969997406
v 0.007052999921143055 -0.25672200322151184 0.06393399834632874
v 0.006219999864697456 -0.2564919888973236 0.06469400227069855
v 0.006146000232547522 -0.25637298822402954 0.06491000205278397
v 0.006647000089287758 -0.2554300129413605 0.06707700341939926
v 0.007278999779373407 -0.2554920017719269 0.0655599981546402
v 0.007222999818623066 -0.2557410001754761 0.06505200266838074
v 0.006535999942570925 -0.25561898946762085 0.0662200003862381
v 0.00736499996855855 -0.2552590072154999 0.06848599761724472
v 0.00812199991196394 -0.25512099266052246 0.0693259984254837
v 0.00798800028860569 -0.25497299432754517 0.06860599666833878
v 0.008067999966442585 -0.25536099076271057 0.0697140023112297
v 0.007918000221252441 -0.26728901267051697 0.07362999767065048
v 0.008283999748528004 -0.26707300543785095 0.07412900030612946
v 0.008345999754965305 -0.26652398705482483 0.07425300031900406
v 0.008039000444114208 -0.26723599433898926 0.0739549994468689
v 0.008740999735891819 -0.26622098684310913 0.07424599677324295
v 0.00885200034826994 -0.26573699712753296 0.07426799833774567
v 0.00891599990427494 -0.26522499322891235 0.07428299635648727
v 0.008977999910712242 -0.265188992023468 0.07428999990224838
v 0.009411999955773354 -0.26441898941993713 0.07441099733114243
v 0.009766999632120132 -0.264180988073349 0.07444299757480621
v 0.00804699957370758 -0.26775801181793213 0.07329799979925156
v 0.00811699964106083 -0.2676979899406433 0.0735979974269867
v 0.008077999576926231 -0.2674970030784607 0.07378900051116943
v 0.010506999678909779 -0.26462599635124207 0.07408100366592407
v 0.010704999789595604 -0.2635110020637512 0.07451199740171432
v 0.010830000042915344 -0.26415398716926575 0.0742579996585846
v 0.008464000187814236 -0.2554599940776825 0.07013200223445892
v 0.009600999765098095 -0.2562359869480133 0.07148600369691849
v 0.009177000261843204 -0.2554439902305603 0.07049699872732162
v 0.009479999542236328 -0.2553960084915161 0.07053299993276596
v 0.01281800027936697 -0.2605209946632385 0.0730850026011467
v 0.01246500015258789 -0.25964099168777466 0.07300899922847748
v 0.012505000457167625 -0.2611219882965088 0.07353600114583969
v 0.012548999860882759 -0.26213300228118896 0.07384700328111649
v 0.011256000027060509 -0.26226499676704407 0.07434999942779541
v 0.011528999544680119 -0.2624329924583435 0.07434599846601486
v 0.01233499962836504 -0.2624810039997101 0.07404500246047974
v 0.012861000373959541 -0.2623870074748993 0.0736600011587143
v 0.013139000162482262 -0.2621990144252777 0.07338400185108185
v 0.010743999853730202 -0.25634199380874634 0.07161799818277359
v 0.010335000231862068 -0.2564539909362793 0.07172399759292603
v 0.010982000268995762 -0.2564629912376404 0.0716869980096817
v 0.011284999549388885 -0.25691500306129456 0.07201600074768066
v 0.012959999963641167 -0.25951001048088074 0.07267899811267853
v 0.01295899972319603 -0.25903400778770447 0.07247500121593475
v 0.012183000333607197 -0.2572709918022156 0.07193999737501144
v 0.011017000302672386 -0.26316601037979126 0.07447899878025055
v 0.011029000394046307 -0.2621400058269501 0.0743120014667511
v 0.012144999578595161 -0.2628610134124756 0.07418999820947647
v 0.011880000121891499 -0.2632240056991577 0.07425100356340408
v 0.00991899985820055 -0.27290400862693787 0.06473799794912338
v 0.010240999981760979 -0.2727690041065216 0.06477899849414825
v 0.009496999904513359 -0.27317100763320923 0.06480199843645096
v 0.009744999930262566 -0.2733049988746643 0.06484899669885635
v 0.00913699995726347 -0.27344799041748047 0.06494700163602829
v 0.010635999962687492 -0.2717440128326416 0.06506499648094177
v 0.01053799968212843 -0.27270400524139404 0.06483100354671478
v 0.010719000361859798 -0.27108800411224365 0.06509800255298615
v 0.011211000382900238 -0.2719379961490631 0.06508400291204453
v 0.010882000438869 -0.2706330120563507 0.0651250034570694
v 0.010525000281631947 -0.2707279920578003 0.0651559978723526
v 0.010755999945104122 -0.27054399251937866 0.06516200304031372
v 0.012063000351190567 -0.2701900005340576 0.06492400169372559
v 0.011349000036716461 -0.2704260051250458 0.06496699899435043
v 0.011714999563992023 -0.27133598923683167 0.06500999629497528
v 0.01105900015681982 -0.27023398876190186 0.0650079995393753
v 0.01283000037074089 -0.27078598737716675 0.06495700031518936
v 0.012968000024557114 -0.26970401406288147 0.06517600268125534
v 0.012489000335335732 -0.2700130045413971 0.06501299887895584
v 0.011603999882936478 -0.261135995388031 0.06388399749994278
v 0.011436999775469303 -0.26201000809669495 0.06421899795532227
v 0.011531000025570393 -0.26148900389671326 0.0643170028924942
v 0.011749999597668648 -0.26063600182533264 0.06401299685239792
v 0.011889999732375145 -0.2597709894180298 0.06397099792957306
v 0.012035000137984753 -0.25839701294898987 0.06429799646139145
v 0.01183599978685379 -0.2575860023498535 0.06444600224494934
v 0.011215000413358212 -0.25728899240493774 0.0640610009431839
v 0.010936999693512917 -0.2570050060749054 0.06412000209093094
v 0.00977499969303608 -0.25714999437332153 0.06342200189828873
v 0.010401999577879906 -0.2567389905452728 0.0640840008854866
v 0.00977800041437149 -0.2567650079727173 0.06384599953889847
v 0.009585999883711338 -0.25770801305770874 0.06300099939107895
v 0.009283999912440777 -0.2574790120124817 0.0630749985575676
v 0.011316999793052673 -0.2629059851169586 0.06458000093698502
v 0.011320999823510647 -0.2629129886627197 0.06458699703216553
v 0.011319000273942947 -0.2624340057373047 0.06436599791049957
v 0.014527999795973301 -0.2677359879016876 0.06598400324583054
v 0.013764999806880951 -0.26938000321388245 0.06553400307893753
v 0.014952999539673328 -0.2675609886646271 0.06637399643659592
v 0.015011000446975231 -0.268326997756958 0.06646700203418732
v 0.01398099958896637 -0.26963698863983154 0.06558399647474289
v 0.01481700036674738 -0.26983699202537537 0.06616300344467163
v 0.014391999691724777 -0.26979199051856995 0.0658629983663559
v 0.014560000039637089 -0.2671169936656952 0.06601300090551376
v 0.014374000020325184 -0.2662479877471924 0.06583999842405319
v 0.014392999932169914 -0.26595398783683777 0.06592699885368347
v 0.014733999967575073 -0.26622098684310913 0.06627199798822403
v 0.0115130003541708 -0.26296401023864746 0.06475800275802612
v 0.011594999581575394 -0.2624399960041046 0.06484100222587585
v 0.012248000130057335 -0.2623870074748993 0.06531599909067154
v 0.01297799963504076 -0.26335299015045166 0.06575199961662292
v 0.01435600034892559 -0.2645510137081146 0.0665540024638176
v 0.015193000435829163 -0.266539990901947 0.06690099835395813
v 0.014576000161468983 -0.26496800780296326 0.06653200089931488
v 0.013527999632060528 -0.26346299052238464 0.06632199883460999
v 0.013523999601602554 -0.26940399408340454 0.06544899940490723
v 0.013728000223636627 -0.26981401443481445 0.06541699916124344
v 0.013176999986171722 -0.2702769935131073 0.06510999798774719
v 0.007207999937236309 -0.2562449872493744 0.06437700241804123
v 0.008504999801516533 -0.25672999024391174 0.06361900269985199
v 0.008342999964952469 -0.25640401244163513 0.06400500237941742
v 0.011296000331640244 -0.27279600501060486 0.07151199877262115
v 0.01193199958652258 -0.2728320062160492 0.07148300111293793
v 0.01384699996560812 -0.27465999126434326 0.07068900018930435
v 0.013633999973535538 -0.27348700165748596 0.07126600295305252
v 0.01411299966275692 -0.2744689881801605 0.0708409994840622
v 0.013451999984681606 -0.2729080021381378 0.07152699679136276
v 0.011888000182807446 -0.27224600315093994 0.07178899645805359
v 0.013280999846756458 -0.2726059854030609 0.07162000238895416
v 0.013306999579071999 -0.2720569968223572 0.0716790035367012
v 0.01291900034993887 -0.27194198966026306 0.07176999747753143
v 0.01271199993789196 -0.27487799525260925 0.0703359991312027
v 0.01293100044131279 -0.27505698800086975 0.07020500302314758
v 0.013260000385344028 -0.27532801032066345 0.069862000644207
v 0.014285000041127205 -0.275272011756897 0.07024600356817245
v 0.01181000005453825 -0.27462300658226013 0.07045699656009674
v 0.009564000181853771 -0.2713479995727539 0.07285299897193909
v 0.009053000248968601 -0.2682569921016693 0.07362999767065048
v 0.010328000411391258 -0.2692199945449829 0.07308200001716614
v 0.011859999969601631 -0.27158400416374207 0.07208099961280823
v 0.010846000164747238 -0.2701820135116577 0.07278600335121155
v 0.011514999903738499 -0.27182599902153015 0.07205399870872498
v 0.008918000385165215 -0.26815900206565857 0.07367700338363647
v 0.008595000021159649 -0.2681500017642975 0.07369700074195862
v 0.008131000213325024 -0.2677220106124878 0.07361400127410889
v 0.008326999843120575 -0.26784199476242065 0.07374899834394455
v 0.011729000136256218 -0.27462100982666016 0.06712300330400467
v 0.011160999536514282 -0.27389100193977356 0.0656609982252121
v 0.012083999812602997 -0.2740499973297119 0.06580399721860886
v 0.012374999932944775 -0.2746340036392212 0.06708800047636032
v 0.010332999750971794 -0.27370598912239075 0.06524500250816345
v 0.009530000388622284 -0.27365198731422424 0.06504900008440018
v 0.009751000441610813 -0.2737500071525574 0.06515700370073318
v 0.009212999604642391 -0.2736330032348633 0.0650629997253418
v 0.01083299983292818 -0.2749350070953369 0.0684100016951561
v 0.01083299983292818 -0.2749350070953369 0.0684100016951561
v 0.011001000180840492 -0.27489998936653137 0.06815899908542633
v 0.01083299983292818 -0.2749350070953369 0.0684100016951561
v 0.011056999675929546 -0.27499499917030334 0.0685259997844696
v 0.011935999616980553 -0.27527400851249695 0.06900600343942642
v 0.011753999628126621 -0.2752240002155304 0.0692100003361702
v 0.012040000408887863 -0.2751370072364807 0.0698850005865097
v 0.012635000050067902 -0.2752699851989746 0.06988299638032913
v 0.012206999585032463 -0.27498099207878113 0.0701799988746643
v 0.007155000232160091 -0.25593000650405884 0.06481099873781204
v 0.006971000228077173 -0.2552590072154999 0.06712900102138519
v 0.007565000094473362 -0.2552869915962219 0.06617999821901321
v 0.008098999969661236 -0.25545400381088257 0.06526999920606613
v 0.007656999863684177 -0.2553980052471161 0.0656690001487732
v 0.008480999618768692 -0.255964994430542 0.06445900350809097
v 0.008357999846339226 -0.254925012588501 0.0690310001373291
v 0.008999000303447247 -0.2549059987068176 0.06951099634170532
v 0.00837399996817112 -0.25478601455688477 0.06807400286197662
v 0.007999000139534473 -0.25492000579833984 0.06768400222063065
v 0.007679999805986881 -0.25500500202178955 0.06759600341320038
v 0.009093999862670898 -0.25473201274871826 0.0689380019903183
v 0.009432000108063221 -0.2546530067920685 0.06843599677085876
v 0.008817000314593315 -0.26686400175094604 0.07409500330686569
v 0.008267000317573547 -0.2672879993915558 0.07406900078058243
v 0.008464000187814236 -0.26719099283218384 0.07410400360822678
v 0.009058999828994274 -0.26708200573921204 0.07389099895954132
v 0.00930000003427267 -0.26550400257110596 0.0741489976644516
v 0.009782999753952026 -0.26528400182724 0.07405699789524078
v 0.008318999782204628 -0.2677519917488098 0.0737989991903305
v 0.00829199980944395 -0.26757800579071045 0.07391200214624405
v 0.0103169996291399 -0.2651199996471405 0.07389499992132187
v 0.01126100029796362 -0.2660660147666931 0.0728050023317337
v 0.01143800001591444 -0.2647239863872528 0.07356300204992294
v 0.011749999597668648 -0.2637310028076172 0.07413099706172943
v 0.01097899954766035 -0.26370999217033386 0.07441399991512299
v 0.009204000234603882 -0.2549310028553009 0.06967300176620483
v 0.01032199990004301 -0.25573399662971497 0.07104600220918655
v 0.010150999762117863 -0.25527799129486084 0.07051099836826324
v 0.013772999867796898 -0.26086699962615967 0.07242699712514877
v 0.013640999794006348 -0.2617399990558624 0.07277599722146988
v 0.012719999998807907 -0.2627969980239868 0.07380300015211105
v 0.012552999891340733 -0.26320499181747437 0.07391099631786346
v 0.012737000361084938 -0.26276999711990356 0.07378599792718887
v 0.013255000114440918 -0.26328399777412415 0.07333000004291534
v 0.013706999830901623 -0.26261499524116516 0.07290299981832504
v 0.011373000219464302 -0.2556909918785095 0.07088900357484818
v 0.011726999655365944 -0.2564300000667572 0.0715159997344017
v 0.011698000133037567 -0.25609201192855835 0.07120399922132492
v 0.013310999609529972 -0.25930601358413696 0.07230400294065475
v 0.013224000111222267 -0.258789986371994 0.07215499877929688
v 0.012757999822497368 -0.25721898674964905 0.07154600322246552
v 0.012047999538481236 -0.26342999935150146 0.07411299645900726
v 0.010169999673962593 -0.2730419933795929 0.06478100270032883
v 0.009831000119447708 -0.27334800362586975 0.06487900018692017
v 0.011118999682366848 -0.2730189859867096 0.06494499742984772
v 0.010873000137507915 -0.2733910083770752 0.06501299887895584
v 0.011657999828457832 -0.27238699793815613 0.06516999751329422
v 0.011308999732136726 -0.2729620039463043 0.06499399989843369
v 0.01193199958652258 -0.27231499552726746 0.06526199728250504
v 0.011854000389575958 -0.2717759907245636 0.06510700285434723
v 0.01254700031131506 -0.2716740071773529 0.06504599750041962
v 0.01296200044453144 -0.27139800786972046 0.06499700248241425
v 0.013338999822735786 -0.2710700035095215 0.06502799689769745
v 0.013411000370979309 -0.2705349922180176 0.06513100117444992
v 0.01165200024843216 -0.2610670030117035 0.06417100131511688
v 0.011435000225901604 -0.26198598742485046 0.06428799778223038
v 0.011521000415086746 -0.26153698563575745 0.06433399766683578
v 0.011536000296473503 -0.2614879906177521 0.06432999670505524
v 0.01196799986064434 -0.26063698530197144 0.06440000236034393
v 0.012014999985694885 -0.2600550055503845 0.06415300071239471
v 0.012238999828696251 -0.2597689926624298 0.064410001039505
v 0.012147000059485435 -0.26020801067352295 0.06437800079584122
v 0.012174000032246113 -0.2590000033378601 0.06432999670505524
v 0.012384999543428421 -0.25799599289894104 0.06489600241184235
v 0.012366999872028828 -0.2586030066013336 0.06467899680137634
v 0.012388999573886395 -0.2576870024204254 0.06501399725675583
v 0.011584999971091747 -0.2572399973869324 0.06448700278997421
v 0.011102999560534954 -0.25685200095176697 0.06441599875688553
v 0.010522999800741673 -0.25634101033210754 0.06454800069332123
v 0.009449999779462814 -0.25697800517082214 0.06351099908351898
v 0.00995699968189001 -0.2561439871788025 0.06453199684619904
v 0.009347000159323215 -0.25641199946403503 0.06411100178956985
v 0.008879000321030617 -0.25687000155448914 0.0635330006480217
v 0.011320999823510647 -0.26290398836135864 0.06459099799394608
v 0.011380000039935112 -0.2623710036277771 0.06466100364923477
v 0.011454000137746334 -0.261929988861084 0.06448700278997421
v 0.014999999664723873 -0.2666490077972412 0.06657300144433975
v 0.01538699958473444 -0.26828399300575256 0.066880002617836
v 0.015275999903678894 -0.2678529918193817 0.06673400104045868
v 0.015165000222623348 -0.27018100023269653 0.06646200269460678
v 0.014042999595403671 -0.27093198895454407 0.06545700132846832
v 0.013799999840557575 -0.2712650001049042 0.06521199643611908
v 0.014301000162959099 -0.27021801471710205 0.06583300232887268
v 0.013646000064909458 -0.27065199613571167 0.06520800292491913
v 0.014684000052511692 -0.2704220116138458 0.06613600254058838
v 0.014475000090897083 -0.27034100890159607 0.06600300222635269
v 0.011896999552845955 -0.2620460093021393 0.06501799821853638
v 0.012849000282585621 -0.26238301396369934 0.06585399806499481
v 0.012121000327169895 -0.2615540027618408 0.06518200039863586
v 0.012931999750435352 -0.26149600744247437 0.0660799965262413
v 0.013175999745726585 -0.26297900080680847 0.06608399748802185
v 0.014065000228583813 -0.2638159990310669 0.06681499630212784
v 0.014775999821722507 -0.264614999294281 0.06735000014305115
v 0.014840000309050083 -0.26516300439834595 0.0670270025730133
v 0.013705000281333923 -0.2636289894580841 0.06646999716758728
v 0.015451000072062016 -0.26674899458885193 0.0674000009894371
v 0.015483999624848366 -0.26701900362968445 0.06723800301551819
v 0.013364000245928764 -0.26291900873184204 0.06630700081586838
v 0.013549000024795532 -0.26237499713897705 0.06673000007867813
v 0.011655000038444996 -0.27206000685691833 0.07191800326108932
v 0.014473999850451946 -0.2750610113143921 0.07052599638700485
v 0.014340000227093697 -0.2736330032348633 0.07131499797105789
v 0.01374599989503622 -0.27315300703048706 0.07145699858665466
v 0.014658000320196152 -0.2738249897956848 0.07123100012540817
v 0.013608000241219997 -0.27282899618148804 0.07155299931764603
v 0.012315000407397747 -0.27135398983955383 0.07197099924087524
v 0.013635000213980675 -0.2722789943218231 0.07161200046539307
v 0.012918000109493732 -0.27125000953674316 0.07175199687480927
v 0.013155999593436718 -0.2753250002861023 0.06981900334358215
v 0.013136999681591988 -0.2753869891166687 0.06953799724578857
v 0.013621999882161617 -0.2754180133342743 0.06974799931049347
v 0.014290999621152878 -0.27540498971939087 0.0700099989771843
v 0.014631000347435474 -0.27539899945259094 0.07014200091362
v 0.008906999602913857 -0.2675490081310272 0.0738459974527359
v 0.009620999917387962 -0.268559992313385 0.0733959972858429
v 0.009182999841868877 -0.26719000935554504 0.07379200309515
v 0.009781000204384327 -0.2676999866962433 0.07336500287055969
v 0.012361000292003155 -0.2702859938144684 0.07198599725961685
v 0.010079000145196915 -0.2684839963912964 0.07319799810647964
v 0.012385999783873558 -0.27085500955581665 0.07195799797773361
v 0.00875299982726574 -0.2680470049381256 0.07371199876070023
v 0.008603000082075596 -0.2677839994430542 0.07383199781179428
v 0.008418000303208828 -0.2678210139274597 0.07377500087022781
v 0.01142599992454052 -0.2748970091342926 0.06798399984836578
v 0.012000000104308128 -0.27483201026916504 0.06759899854660034
v 0.012803999707102776 -0.27501899003982544 0.06773799657821655
v 0.01020899973809719 -0.2735320031642914 0.0650160014629364
v 0.011049999855458736 -0.2735559940338135 0.06516300141811371
v 0.011257000267505646 -0.2736540138721466 0.06529100239276886
v 0.011675000190734863 -0.2738400101661682 0.0655440017580986
v 0.01147099956870079 -0.27373799681663513 0.06541500240564346
v 0.012760000303387642 -0.27399298548698425 0.06574899703264236
v 0.012191000394523144 -0.2735790014266968 0.06533099710941315
v 0.01244099996984005 -0.2736710011959076 0.06539399921894073
v 0.012546000070869923 -0.27391400933265686 0.06562600284814835
v 0.010112999938428402 -0.27363699674606323 0.06512399762868881
v 0.011872000060975552 -0.27519598603248596 0.06864400207996368
v 0.012748000212013721 -0.2753550112247467 0.06966900080442429
v 0.013034000061452389 -0.2753939926624298 0.0692019984126091
v 0.007734999991953373 -0.2550010085105896 0.06701699644327164
v 0.008165000006556511 -0.25493600964546204 0.06685899943113327
v 0.008353999815881252 -0.25512298941612244 0.06612200289964676
v 0.008554000407457352 -0.2556479871273041 0.06494099646806717
v 0.008449999615550041 -0.2554979920387268 0.06519199907779694
v 0.008402000181376934 -0.25540798902511597 0.06537199765443802
v 0.008682000450789928 -0.25578901171684265 0.06475699692964554
v 0.009886999614536762 -0.2559959888458252 0.06470099836587906
v 0.009603000245988369 -0.25471198558807373 0.069132000207901
v 0.008450999855995178 -0.2548989951610565 0.06695599853992462
v 0.009073999710381031 -0.2546769976615906 0.06800299882888794
v 0.009975999593734741 -0.25479599833488464 0.06752000004053116
v 0.010387999936938286 -0.2547529935836792 0.06886500120162964
v 0.008581999689340591 -0.2674869894981384 0.07398699969053268
v 0.009340999647974968 -0.26613500714302063 0.0739699974656105
v 0.00973500031977892 -0.265639990568161 0.07390200346708298
v 0.009949999861419201 -0.26608899235725403 0.07359399646520615
v 0.010207000188529491 -0.2656880021095276 0.07363200187683105
v 0.011711999773979187 -0.26583701372146606 0.07268299907445908
v 0.010793999768793583 -0.2668769955635071 0.07279200106859207
v 0.011792999692261219 -0.26703599095344543 0.07206699997186661
v 0.010726000182330608 -0.2668150067329407 0.07285299897193909
v 0.009871999733150005 -0.2666170001029968 0.07350499927997589
v 0.010633000172674656 -0.2667219936847687 0.07295800000429153
v 0.0120430001989007 -0.26530200242996216 0.07287000119686127
v 0.012360000051558018 -0.26506999135017395 0.07288999855518341
v 0.012258999980986118 -0.2646850049495697 0.07327300310134888
v 0.012589000165462494 -0.26415300369262695 0.07346200197935104
v 0.012738999910652637 -0.26336801052093506 0.07376199960708618
v 0.010114000178873539 -0.25491100549697876 0.06972800195217133
v 0.009697999805212021 -0.25481298565864563 0.0694350004196167
v 0.010584999807178974 -0.2554509937763214 0.07074599713087082
v 0.010591999627649784 -0.2549630105495453 0.06994300335645676
v 0.014390000142157078 -0.2617439925670624 0.07187800109386444
v 0.01421399973332882 -0.26054900884628296 0.07185900211334229
v 0.013875000178813934 -0.25948798656463623 0.071834996342659
v 0.013968000188469887 -0.26225799322128296 0.07254499942064285
v 0.01431300025433302 -0.2621839940547943 0.07204899936914444
v 0.01370299980044365 -0.26373299956321716 0.07281500101089478
v 0.014015000313520432 -0.26291701197624207 0.07256600260734558
v 0.011347999796271324 -0.2554430067539215 0.07053399831056595
v 0.011005000211298466 -0.2553879916667938 0.07060299813747406
v 0.011756000109016895 -0.2557309865951538 0.07076200097799301
v 0.01207400020211935 -0.25614601373672485 0.0710809975862503
v 0.011927000246942043 -0.25591200590133667 0.07091400027275085
v 0.013460000045597553 -0.2589479982852936 0.07202199846506119
v 0.013669000007212162 -0.2590380012989044 0.07184600085020065
v 0.013852999545633793 -0.2589629888534546 0.0715859979391098
v 0.013345999643206596 -0.2577129900455475 0.07140900194644928
v 0.013650000095367432 -0.2586430013179779 0.07165700197219849
v 0.01298299990594387 -0.2570509910583496 0.0712599977850914
v 0.011281999759376049 -0.27310699224472046 0.06497900187969208
v 0.011102000251412392 -0.2735010087490082 0.0651020035147667
v 0.01268799975514412 -0.27273499965667725 0.06538199633359909
v 0.012102999724447727 -0.2729800045490265 0.06521700322628021
v 0.011518999934196472 -0.2732270061969757 0.06504999846220016
v 0.01285099983215332 -0.2723200023174286 0.06529200077056885
v 0.013287000358104706 -0.2720719873905182 0.06520000100135803
v 0.013451999984681606 -0.2716589868068695 0.06510599702596664
v 0.011757999658584595 -0.2612200081348419 0.06458300352096558
v 0.012597999535501003 -0.2607170045375824 0.06528899818658829
v 0.012249999679625034 -0.25916099548339844 0.06443499773740768
v 0.012474000453948975 -0.2597239911556244 0.06478399783372879
v 0.012912999838590622 -0.2603929936885834 0.0655670017004013
v 0.013027000240981579 -0.2580670118331909 0.06583300232887268
v 0.012897999957203865 -0.25858598947525024 0.06533099710941315
v 0.012486999854445457 -0.2590779960155487 0.06479199975728989
v 0.012668999843299389 -0.2570280134677887 0.06632400304079056
v 0.012238999828696251 -0.256989985704422 0.06553400307893753
v 0.01191100012511015 -0.2569429874420166 0.06508100032806396
v 0.012783000245690346 -0.2574619948863983 0.06596899777650833
v 0.011289999820291996 -0.25617700815200806 0.0653809979557991
v 0.010153000243008137 -0.2559190094470978 0.0648069977760315
v 0.010223000310361385 -0.2556360065937042 0.06530600041151047
v 0.01538500003516674 -0.2699039876461029 0.06672299653291702
v 0.015604999847710133 -0.267661988735199 0.06728100031614304
v 0.015073000453412533 -0.2710689902305603 0.06653299927711487
v 0.014872999861836433 -0.27210599184036255 0.06633000075817108
v 0.01472499966621399 -0.27154600620269775 0.06611000001430511
v 0.014657000079751015 -0.2705479860305786 0.0661270022392273
v 0.014285000041127205 -0.2718690037727356 0.06568499654531479
v 0.014240000396966934 -0.2707040011882782 0.06573200225830078
v 0.014527999795973301 -0.2714950144290924 0.06590999662876129
v 0.013891000300645828 -0.2718519866466522 0.06532400101423264
v 0.01282699964940548 -0.2612040042877197 0.06586900353431702
v 0.013288999907672405 -0.2617650032043457 0.0666470006108284
v 0.013164999894797802 -0.26115500926971436 0.06661699712276459
v 0.014282000251114368 -0.26308199763298035 0.06775999814271927
v 0.01386599987745285 -0.26165398955345154 0.06800500303506851
v 0.013484000228345394 -0.26113399863243103 0.06733500212430954
v 0.014915999956429005 -0.2648650109767914 0.06752199679613113
v 0.014626000076532364 -0.2639159858226776 0.06786900013685226
v 0.015445999801158905 -0.26651498675346375 0.06849099695682526
v 0.015537000261247158 -0.2667759954929352 0.06774699687957764
v 0.015690000727772713 -0.26734599471092224 0.06777100265026093
v 0.015588999725878239 -0.2672460079193115 0.06747499853372574
v 0.013352000154554844 -0.26121100783348083 0.06701699644327164
v 0.014829999767243862 -0.2751680016517639 0.07041600346565247
v 0.014763000421226025 -0.2749499976634979 0.07058999687433243
v 0.014684000052511692 -0.27341800928115845 0.07135500013828278
v 0.014375999569892883 -0.2732029855251312 0.07143300026655197
v 0.014050999656319618 -0.27312201261520386 0.07148300111293793
v 0.015004999935626984 -0.2742980122566223 0.07098700106143951
v 0.01497500017285347 -0.27401700615882874 0.07114700227975845
v 0.01500099990516901 -0.2736090123653412 0.07126999646425247
v 0.01508999988436699 -0.27221500873565674 0.07119899988174438
v 0.014624999836087227 -0.2729499936103821 0.0714149996638298
v 0.013879000209271908 -0.27087700366973877 0.07136599719524384
v 0.013269999995827675 -0.27542799711227417 0.0693110004067421
v 0.014142000116407871 -0.2754940092563629 0.06939099729061127
v 0.014863000251352787 -0.27556100487709045 0.06971000134944916
v 0.015021000057458878 -0.275424987077713 0.07001099735498428
v 0.01020899973809719 -0.26749101281166077 0.07314100116491318
v 0.009428000077605247 -0.2668190002441406 0.07372000068426132
v 0.012497999705374241 -0.2698709964752197 0.0718500018119812
v 0.011117000132799149 -0.2677440047264099 0.07242199778556824
v 0.01043699961155653 -0.26769399642944336 0.072953000664711
v 0.010393000207841396 -0.26765498518943787 0.07299000024795532
v 0.012628999538719654 -0.2750830054283142 0.06798800081014633
v 0.012622999958693981 -0.27508699893951416 0.06799600273370743
v 0.013016000390052795 -0.2751060128211975 0.06786199659109116
v 0.0128389997407794 -0.27516698837280273 0.06811799854040146
v 0.0128389997407794 -0.27516698837280273 0.06811799854040146
v 0.013396999798715115 -0.2747029960155487 0.06693000346422195
v 0.013265999965369701 -0.2750450074672699 0.06763499975204468
v 0.012985000386834145 -0.2740519940853119 0.06586500257253647
v 0.011319000273942947 -0.273593008518219 0.0652180016040802
v 0.01153200026601553 -0.27368101477622986 0.06533999741077423
v 0.012663999572396278 -0.2737730145454407 0.06549499928951263
v 0.01287699956446886 -0.27386000752449036 0.06561800092458725
v 0.012594999745488167 -0.2732430100440979 0.06532499939203262
v 0.012649999931454659 -0.27525201439857483 0.06838200241327286
v 0.013051999732851982 -0.27524900436401367 0.06824199855327606
v 0.008802000433206558 -0.2552129924297333 0.06574200093746185
v 0.008954999968409538 -0.2549630105495453 0.06658899784088135
v 0.008569999597966671 -0.25564101338386536 0.06494499742984772
v 0.008472000248730183 -0.25551700592041016 0.06514900177717209
v 0.00930000003427267 -0.2553040087223053 0.06568299978971481
v 0.009359000250697136 -0.2555530071258545 0.06522099673748016
v 0.010490999557077885 -0.2548440098762512 0.06916099786758423
v 0.010311000049114227 -0.2548240125179291 0.06796800345182419
v 0.009965999983251095 -0.2549409866333008 0.06698200106620789
v 0.010311000049114227 -0.25506898760795593 0.066880002617836
v 0.010947000235319138 -0.2552089989185333 0.06730300188064575
v 0.010521999560296535 -0.25479400157928467 0.06863799691200256
v 0.009715000167489052 -0.26638099551200867 0.07363399863243103
v 0.012105000205338001 -0.2655070126056671 0.0726889967918396
v 0.01211399957537651 -0.26554399728775024 0.07265999913215637
v 0.012299999594688416 -0.26642999053001404 0.07199099659919739
v 0.01168499980121851 -0.2676819860935211 0.07202000170946121
v 0.01058799959719181 -0.2672640085220337 0.07288800179958344
v 0.01058799959719181 -0.2672640085220337 0.07288800179958344
v 0.010768000036478043 -0.267425000667572 0.07273499667644501
v 0.011931000277400017 -0.2678709924221039 0.07190500199794769
v 0.012310000136494637 -0.266772985458374 0.07185299694538116
v 0.010424000211060047 -0.2671079933643341 0.07305099815130234
v 0.01058799959719181 -0.2672640085220337 0.07288800179958344
v 0.012485000304877758 -0.26521000266075134 0.07270500063896179
v 0.012409999966621399 -0.26503199338912964 0.07289399951696396
v 0.012846999801695347 -0.2649509906768799 0.07273200154304504
v 0.012732000090181828 -0.26401299238204956 0.07345499843358994
v 0.01359499990940094 -0.2642489969730377 0.07270800322294235
v 0.01319000031799078 -0.2643910050392151 0.07291200011968613
v 0.011010999791324139 -0.2551479935646057 0.07019499689340591
v 0.010967999696731567 -0.25502100586891174 0.06982000172138214
v 0.0147280003875494 -0.2606450021266937 0.07090800255537033
v 0.014469999819993973 -0.2621519863605499 0.07179699838161469
v 0.014224999584257603 -0.2593800127506256 0.07132600247859955
v 0.01398099958896637 -0.25893399119377136 0.07139600068330765
v 0.014392999932169914 -0.2627770006656647 0.07205300033092499
v 0.014124000445008278 -0.2642579972743988 0.07202500104904175
v 0.014007999561727047 -0.2634750008583069 0.0725179985165596
v 0.012102000415325165 -0.25585898756980896 0.07066000252962112
v 0.012102000415325165 -0.25585898756980896 0.07066000252962112
v 0.011839999817311764 -0.2557069957256317 0.07063999772071838
v 0.01176500041037798 -0.25548499822616577 0.07035300135612488
v 0.012745999731123447 -0.25644800066947937 0.07088799774646759
v 0.012268999591469765 -0.2560479938983917 0.07081399857997894
v 0.013766000047326088 -0.2580159902572632 0.07111699879169464
v 0.013964000158011913 -0.2584739923477173 0.07111400365829468
v 0.013682999648153782 -0.2576349973678589 0.07090800255537033
v 0.013426999561488628 -0.2573019862174988 0.07095299661159515
v 0.013044999912381172 -0.25668299198150635 0.07081600278615952
v 0.012597999535501003 -0.2732200026512146 0.06532900035381317
v 0.012941000051796436 -0.27287599444389343 0.06542100012302399
v 0.013407000340521336 -0.2731040120124817 0.06558199971914291
v 0.012853000313043594 -0.25979000329971313 0.06526599824428558
v 0.013171999715268612 -0.2608239948749542 0.0664680004119873
v 0.013484999537467957 -0.259782999753952 0.06641499698162079
v 0.013325000181794167 -0.25863298773765564 0.06612300127744675
v 0.013132999651134014 -0.2578060030937195 0.0662669986486435
v 0.012645999900996685 -0.2592160105705261 0.06498099863529205
v 0.013163999654352665 -0.2591249942779541 0.0656839981675148
v 0.011866999790072441 -0.2561039924621582 0.06647899746894836
v 0.013201000168919563 -0.2575260102748871 0.06676600128412247
v 0.012776999734342098 -0.2570050060749054 0.06665699928998947
v 0.012954999692738056 -0.25717300176620483 0.06680399924516678
v 0.011547000147402287 -0.2560420036315918 0.06602100282907486
v 0.011215999722480774 -0.2560020089149475 0.06557100266218185
v 0.01134399976581335 -0.2559320032596588 0.06588999927043915
v 0.010590000078082085 -0.25559499859809875 0.06573300063610077
v 0.015514999628067017 -0.270114004611969 0.0669260025024414
v 0.015718000009655952 -0.269555002450943 0.06732799857854843
v 0.015828000381588936 -0.26991400122642517 0.06750400364398956
v 0.015850000083446503 -0.26840999722480774 0.06772299855947495
v 0.015395999886095524 -0.27165699005126953 0.06698600202798843
v 0.014534999616444111 -0.2725580036640167 0.0660019963979721
v 0.014813999645411968 -0.27311399579048157 0.0664680004119873
v 0.01394100021570921 -0.27235499024391174 0.0655369982123375
v 0.013279000297188759 -0.2608039975166321 0.06680099666118622
v 0.013299000449478626 -0.26112100481987 0.06695599853992462
v 0.014627999626100063 -0.2634440064430237 0.06855300068855286
v 0.014015999622642994 -0.2616580128669739 0.0682620033621788
v 0.014182000420987606 -0.26170098781585693 0.06847500056028366
v 0.014042999595403671 -0.26144999265670776 0.06830299645662308
v 0.013623000122606754 -0.2610900104045868 0.06762699782848358
v 0.01348199974745512 -0.2610979974269867 0.06735099852085114
v 0.015011999756097794 -0.26475000381469727 0.06840699911117554
v 0.015100999735295773 -0.2651180028915405 0.0686120018362999
v 0.014822999946773052 -0.26426199078559875 0.06840699911117554
v 0.015585999935865402 -0.26688799262046814 0.06811899691820145
v 0.015438999980688095 -0.2667570114135742 0.0688989982008934
v 0.015232999809086323 -0.2665329873561859 0.06931400299072266
v 0.015870999544858932 -0.2679559886455536 0.06872200220823288
v 0.015698999166488647 -0.2672039866447449 0.06830800324678421
v 0.015939999371767044 -0.26826798915863037 0.06799300014972687
v 0.0156289990991354 -0.267102986574173 0.06796400249004364
v 0.016085000708699226 -0.2687309980392456 0.0685650035738945
v 0.015352999791502953 -0.27523401379585266 0.07005699723958969
v 0.015437999740242958 -0.2748430073261261 0.07050999999046326
v 0.015526000410318375 -0.2749670147895813 0.07030300050973892
v 0.015115000307559967 -0.27453500032424927 0.07084000110626221
v 0.014941000379621983 -0.2731670141220093 0.07134199887514114
v 0.015375999733805656 -0.27436599135398865 0.07086700201034546
v 0.015345999971032143 -0.2740890085697174 0.0710270032286644
v 0.015154000371694565 -0.2739019989967346 0.07116500288248062
v 0.015451000072062016 -0.2735520005226135 0.07112299650907516
v 0.015370000153779984 -0.27136799693107605 0.0709879994392395
v 0.015636999160051346 -0.2715649902820587 0.07088600099086761
v 0.013628999702632427 -0.27018100023269653 0.0713609978556633
v 0.013728000223636627 -0.2702549993991852 0.07131999731063843
v 0.013962999917566776 -0.27042898535728455 0.07122699916362762
v 0.01482400018721819 -0.27554601430892944 0.06878799945116043
v 0.014902999624609947 -0.2755909860134125 0.06914100050926208
v 0.015003999695181847 -0.27558600902557373 0.06947799772024155
v 0.015143999829888344 -0.2754899859428406 0.06978999823331833
v 0.015178999863564968 -0.27547401189804077 0.06979600340127945
v 0.013062000274658203 -0.26924699544906616 0.07148899883031845
v 0.012799999676644802 -0.2690509855747223 0.07159499824047089
v 0.0128389997407794 -0.27516698837280273 0.06811799854040146
v 0.014303999952971935 -0.2751440107822418 0.06779400259256363
v 0.014406000263988972 -0.2747670114040375 0.06728900223970413
v 0.01344200037419796 -0.2744620144367218 0.06646200269460678
v 0.014779999852180481 -0.27542200684547424 0.06841400265693665
v 0.013217000290751457 -0.27409300208091736 0.06597699970006943
v 0.013085000216960907 -0.2739410102367401 0.06575299799442291
v 0.012835999950766563 -0.2733690142631531 0.06538700312376022
v 0.013062999583780766 -0.2734740078449249 0.06548099964857101
v 0.01065099984407425 -0.2552120089530945 0.06678099930286407
v 0.011194000020623207 -0.25534000992774963 0.06735700368881226
v 0.011189999990165234 -0.2553359866142273 0.06736499816179276
v 0.011061999946832657 -0.2550469934940338 0.06867100298404694
v 0.011107999831438065 -0.2550469934940338 0.06958799809217453
v 0.012485000304877758 -0.26521000266075134 0.07270500063896179
v 0.012628000229597092 -0.26535600423812866 0.07253000140190125
v 0.013333999551832676 -0.2667349874973297 0.07134599983692169
v 0.013713999651372433 -0.2663159966468811 0.07130599766969681
v 0.013136000372469425 -0.26567700505256653 0.07198099792003632
v 0.013810000382363796 -0.2658979892730713 0.07145199924707413
v 0.01296599954366684 -0.2678050100803375 0.07138899713754654
v 0.013225000351667404 -0.2672500014305115 0.07123900204896927
v 0.012485000304877758 -0.26521000266075134 0.07270500063896179
v 0.012908999808132648 -0.265159010887146 0.07255099713802338
v 0.013531999662518501 -0.2648710012435913 0.07236900180578232
v 0.011908000335097313 -0.2555049955844879 0.07011999934911728
v 0.014752999879419804 -0.26027101278305054 0.07044699788093567
v 0.014472000300884247 -0.2595070004463196 0.07088399678468704
v 0.014808000065386295 -0.2609249949455261 0.07076899707317352
v 0.014840000309050083 -0.26062700152397156 0.07034499943256378
v 0.014882000163197517 -0.26191601157188416 0.07065299898386002
v 0.014380999840795994 -0.2633320093154907 0.07200200110673904
v 0.014770000241696835 -0.2625049948692322 0.07118000090122223
v 0.014094999991357327 -0.25853100419044495 0.07088399678468704
v 0.013628999702632427 -0.26499900221824646 0.07216700166463852
v 0.014305000193417072 -0.264508992433548 0.07161299884319305
v 0.014627000316977501 -0.2636969983577728 0.07136999815702438
v 0.012102000415325165 -0.25585898756980896 0.07066000252962112
v 0.011939999647438526 -0.25565698742866516 0.07050199806690216
v 0.012373000383377075 -0.25602400302886963 0.07066000252962112
v 0.012589000165462494 -0.2560099959373474 0.07032400369644165
v 0.013806000351905823 -0.25769901275634766 0.07068700343370438
v 0.013546999543905258 -0.25714901089668274 0.07033000141382217
v 0.013307999819517136 -0.25700199604034424 0.07076700031757355
v 0.013144999742507935 -0.2565769851207733 0.07020699977874756
v 0.012988000176846981 -0.25636500120162964 0.07004600018262863
v 0.013276999816298485 -0.27356401085853577 0.06560199707746506
v 0.014390000142157078 -0.2729969918727875 0.06605400145053864
v 0.013698999769985676 -0.2737340033054352 0.06585600227117538
v 0.013488000258803368 -0.2736490070819855 0.06572899967432022
v 0.013287000358104706 -0.25928598642349243 0.06592000275850296
v 0.013934999704360962 -0.2597010135650635 0.06745799630880356
v 0.013416999951004982 -0.2593410015106201 0.06618600338697433
v 0.013633999973535538 -0.2596440017223358 0.06671100109815598
v 0.013806000351905823 -0.25912898778915405 0.06714300066232681
v 0.01334999967366457 -0.2579599916934967 0.06672400236129761
v 0.011459999717772007 -0.2558940052986145 0.06621800363063812
v 0.011460999958217144 -0.25550198554992676 0.06736399978399277
v 0.012362999841570854 -0.25621598958969116 0.06762900203466415
v 0.012361999601125717 -0.25634199380874634 0.06708600372076035
v 0.013504999689757824 -0.25785401463508606 0.06763800233602524
v 0.01338099967688322 -0.25744199752807617 0.06829900294542313
v 0.01321600005030632 -0.25712499022483826 0.06838800013065338
v 0.011138999834656715 -0.255854994058609 0.06575000286102295
v 0.01134399976581335 -0.2559320032596588 0.06588999927043915
v 0.01134399976581335 -0.2559320032596588 0.06588999927043915
v 0.011040999554097652 -0.2557060122489929 0.06596499681472778
v 0.01547400001436472 -0.27219700813293457 0.06713899970054626
v 0.015745000913739204 -0.271369993686676 0.0675399973988533
v 0.016246000304818153 -0.27045801281929016 0.0688219964504242
v 0.01602499932050705 -0.27107900381088257 0.06820499897003174
v 0.016075000166893005 -0.2697969973087311 0.06814999878406525
v 0.014941999688744545 -0.27314499020576477 0.06660699844360352
v 0.014582999981939793 -0.27305901050567627 0.06621800363063812
v 0.014820000156760216 -0.2735059857368469 0.06665100157260895
v 0.013434000313282013 -0.26067501306533813 0.06710399687290192
v 0.014905000105500221 -0.2645229995250702 0.06916099786758423
v 0.014744999818503857 -0.2633979916572571 0.06887999922037125
v 0.01474200002849102 -0.26294800639152527 0.06897299736738205
v 0.014538000337779522 -0.2620309889316559 0.06876900047063828
v 0.014162999577820301 -0.2616809904575348 0.06845699995756149
v 0.014182999730110168 -0.26168501377105713 0.06848099827766418
v 0.014096999540925026 -0.26113298535346985 0.06834699958562851
v 0.01358999963849783 -0.2606090009212494 0.06737899780273438
v 0.015034000389277935 -0.26569101214408875 0.06944700330495834
v 0.015135999768972397 -0.2662909924983978 0.06946499645709991
v 0.01515199989080429 -0.2672939896583557 0.06962999701499939
v 0.01569500006735325 -0.26743799448013306 0.06871400028467178
v 0.014973999932408333 -0.2671689987182617 0.06980200111865997
v 0.016133999451994896 -0.26967599987983704 0.06931799650192261
v 0.016063999384641647 -0.269802987575531 0.06964799761772156
v 0.015897000208497047 -0.2686940133571625 0.06937199831008911
v 0.016220999881625175 -0.2702710032463074 0.0693259984254837
v 0.015571000054478645 -0.2750749886035919 0.07006999850273132
v 0.015500999987125397 -0.27524399757385254 0.06982100009918213
v 0.01559200044721365 -0.2751710116863251 0.06982199847698212
v 0.015496999956667423 -0.27478599548339844 0.07050800323486328
v 0.015430999919772148 -0.27458998560905457 0.07069099694490433
v 0.015604999847710133 -0.2748839855194092 0.0702970027923584
v 0.01539199985563755 -0.27296701073646545 0.07113199681043625
v 0.015615999698638916 -0.2720870077610016 0.07091599702835083
v 0.015660999342799187 -0.27437400817871094 0.0706849992275238
v 0.01553799957036972 -0.2742359936237335 0.070872001349926
v 0.015752999112010002 -0.2738510072231293 0.07078199833631516
v 0.015761999413371086 -0.27329498529434204 0.07083000242710114
v 0.015623999759554863 -0.2731670141220093 0.07096199691295624
v 0.014024999924004078 -0.27032598853111267 0.07117100059986115
v 0.01411100011318922 -0.2700290083885193 0.07106900215148926
v 0.015653999522328377 -0.2710680067539215 0.07077399641275406
v 0.015953000634908676 -0.2717779874801636 0.07050999999046326
v 0.01603499986231327 -0.2714329957962036 0.07038400322198868
v 0.015917999669909477 -0.27129700779914856 0.07057499885559082
v 0.015685999765992165 -0.27214500308036804 0.07087100297212601
v 0.01384000014513731 -0.26982900500297546 0.07116899639368057
v 0.01384000014513731 -0.26982900500297546 0.07116899639368057
v 0.01384000014513731 -0.26982900500297546 0.07116899639368057
v 0.015100999735295773 -0.27548500895500183 0.06887099891901016
v 0.014945000410079956 -0.27557599544525146 0.06907899677753448
v 0.015043999999761581 -0.27538999915122986 0.06850399821996689
v 0.015087000094354153 -0.27556899189949036 0.06935399770736694
v 0.015569999814033508 -0.27525100111961365 0.06955000013113022
v 0.013365999795496464 -0.26907700300216675 0.07123400270938873
v 0.013597000390291214 -0.26797300577163696 0.07081999629735947
v 0.014919999986886978 -0.2753010094165802 0.06824000179767609
v 0.013890000060200691 -0.2744939923286438 0.06673099845647812
v 0.01513299997895956 -0.2749519944190979 0.06804700195789337
v 0.014805999584496021 -0.2744700014591217 0.06727399677038193
v 0.013497999869287014 -0.2740989923477173 0.0660260021686554
v 0.013287999667227268 -0.27401500940322876 0.06589599698781967
v 0.011433999985456467 -0.25588101148605347 0.06620199978351593
v 0.011254999786615372 -0.25578799843788147 0.06608899682760239
v 0.011380000039935112 -0.25523999333381653 0.06858599931001663
v 0.012272000312805176 -0.25571200251579285 0.06945999711751938
v 0.013803999871015549 -0.26645898818969727 0.07110700011253357
v 0.01347499992698431 -0.26688000559806824 0.07116899639368057
v 0.013961000367999077 -0.26604801416397095 0.07128100097179413
v 0.014055999927222729 -0.2661759853363037 0.07107699662446976
v 0.014189999550580978 -0.2649950087070465 0.07158300280570984
v 0.014220000244677067 -0.26538199186325073 0.07137999683618546
v 0.013492000289261341 -0.2675360143184662 0.07087700068950653
v 0.0133689995855093 -0.26739799976348877 0.07106299698352814
v 0.013536999933421612 -0.26699501276016235 0.07094600051641464
v 0.012273999862372875 -0.25581198930740356 0.07040700316429138
v 0.01234500017017126 -0.25577300786972046 0.06981699913740158
v 0.014631999656558037 -0.25975000858306885 0.07016000151634216
v 0.014669000171124935 -0.2598479986190796 0.06994199752807617
v 0.01474399957805872 -0.2600480020046234 0.06974100321531296
v 0.01460999995470047 -0.2596609890460968 0.07011000066995621
v 0.014414999634027481 -0.2591859996318817 0.07011400163173676
v 0.014856000430881977 -0.2610599994659424 0.06965000182390213
v 0.014860999770462513 -0.260699987411499 0.06978700309991837
v 0.014839000068604946 -0.26057299971580505 0.06971900165081024
v 0.014909000135958195 -0.2630470097064972 0.07058300077915192
v 0.014918999746441841 -0.26240599155426025 0.0699940025806427
v 0.014910999685525894 -0.2621929943561554 0.06989199668169022
v 0.014894000254571438 -0.26189300417900085 0.06974799931049347
v 0.014883999712765217 -0.26156899333000183 0.06989499926567078
v 0.013981999829411507 -0.25799399614334106 0.07029200345277786
v 0.014233999885618687 -0.26504001021385193 0.07152800261974335
v 0.014644999988377094 -0.26491299271583557 0.07103399932384491
v 0.01463400013744831 -0.2640869915485382 0.07124999910593033
v 0.014805999584496021 -0.264506995677948 0.07091300189495087
v 0.0149959996342659 -0.26372599601745605 0.07033000141382217
v 0.014950999990105629 -0.2634829878807068 0.07050000131130219
v 0.013779000379145145 -0.25766000151634216 0.06975799798965454
v 0.013330000452697277 -0.25684699416160583 0.06980500370264053
v 0.01464099995791912 -0.2740100026130676 0.06673099845647812
v 0.013958999887108803 -0.2601819932460785 0.06768900156021118
v 0.014178000390529633 -0.25987398624420166 0.06823299825191498
v 0.01371300034224987 -0.25849100947380066 0.06741400063037872
v 0.014100999571383 -0.2588050067424774 0.06878600269556046
v 0.012366999872028828 -0.2560870051383972 0.06817000359296799
v 0.013438999652862549 -0.25753799080848694 0.06836500018835068
v 0.013518000021576881 -0.2575789988040924 0.06871700286865234
v 0.0133689995855093 -0.25734999775886536 0.06855099648237228
v 0.012701000086963177 -0.2564150094985962 0.06849899888038635
v 0.013302999548614025 -0.2571519911289215 0.06873500347137451
v 0.015836000442504883 -0.27317801117897034 0.0681070014834404
v 0.015740999951958656 -0.2722969949245453 0.06766500324010849
v 0.016150999814271927 -0.2711179852485657 0.06848599761724472
v 0.016290999948978424 -0.27094799280166626 0.06906499713659286
v 0.015382000245153904 -0.2736409902572632 0.06753700226545334
v 0.014987999573349953 -0.2740809917449951 0.06714300066232681
v 0.014918000437319279 -0.26490598917007446 0.06994099915027618
v 0.014905000105500221 -0.2638300061225891 0.06944199651479721
v 0.014907999895513058 -0.2654629945755005 0.06989199668169022
v 0.014876999892294407 -0.26297301054000854 0.06933700293302536
v 0.014837999828159809 -0.2623389959335327 0.06932999938726425
v 0.014894000254571438 -0.2625890076160431 0.06946700066328049
v 0.014516999945044518 -0.2606689929962158 0.0688600018620491
v 0.014665000140666962 -0.26069900393486023 0.06910800188779831
v 0.014708000235259533 -0.2617970108985901 0.06909099966287613
v 0.014828000217676163 -0.26590099930763245 0.07006099820137024
v 0.014901000075042248 -0.2665790021419525 0.06980100274085999
v 0.01570099964737892 -0.26822298765182495 0.06937699764966965
v 0.015780000016093254 -0.2686139941215515 0.06958799809217453
v 0.015227999538183212 -0.26831701397895813 0.07008499652147293
v 0.014864999800920486 -0.2685390114784241 0.07038699835538864
v 0.014396999962627888 -0.2666679918766022 0.07024099677801132
v 0.014705000445246696 -0.267441987991333 0.07011999934911728
v 0.015985000878572464 -0.27038100361824036 0.07018200308084488
v 0.01606000028550625 -0.27097201347351074 0.07018200308084488
v 0.01621600054204464 -0.2712950110435486 0.06979399919509888
v 0.015845999121665955 -0.2748030126094818 0.06975699961185455
v 0.015860000625252724 -0.27474498748779297 0.06994999945163727
v 0.015785999596118927 -0.2748189866542816 0.07003899663686752
v 0.015584000386297703 -0.2752059996128082 0.06970400363206863
v 0.0158270001411438 -0.274617999792099 0.07026399672031403
v 0.015758000314235687 -0.2745020091533661 0.07048299908638
v 0.01586199924349785 -0.2747200131416321 0.0700249969959259
v 0.01591699942946434 -0.2740960121154785 0.07035999745130539
v 0.015850000083446503 -0.2739799916744232 0.07057899981737137
v 0.015974000096321106 -0.27299898862838745 0.07047899812459946
v 0.015855999663472176 -0.2729189991950989 0.07069499790668488
v 0.014058000408113003 -0.2694860100746155 0.0709649994969368
v 0.015561999753117561 -0.2705079913139343 0.07065100222826004
v 0.015758000314235687 -0.27095600962638855 0.07065500319004059
v 0.01606000028550625 -0.2725619971752167 0.07031399756669998
v 0.013639000244438648 -0.26918700337409973 0.07109399884939194
v 0.013922000303864479 -0.2693910002708435 0.07100100070238113
v 0.015189000405371189 -0.2755089998245239 0.06921699643135071
v 0.015363000333309174 -0.27534300088882446 0.06891100108623505
v 0.015248999930918217 -0.2753469944000244 0.06869299709796906
v 0.015093999914824963 -0.27533701062202454 0.06844600290060043
v 0.01549299992620945 -0.2753069996833801 0.06924600154161453
v 0.015761999413371086 -0.2748570144176483 0.06944800168275833
v 0.013768999837338924 -0.26726600527763367 0.07056400179862976
v 0.013919999822974205 -0.26788800954818726 0.07061000168323517
v 0.015398000366985798 -0.2749730050563812 0.06845500320196152
v 0.015235000289976597 -0.2745240032672882 0.06788399815559387
v 0.012365000322461128 -0.25596800446510315 0.06871499866247177
v 0.013716000132262707 -0.2665970027446747 0.07083400338888168
v 0.014049000106751919 -0.26626700162887573 0.07079699635505676
v 0.014050999656319618 -0.2662610113620758 0.07081600278615952
v 0.014299999922513962 -0.2658030092716217 0.07100500166416168
v 0.014488999731838703 -0.265392005443573 0.07095099985599518
v 0.01360000018030405 -0.2671090066432953 0.0707240030169487
v 0.014561000280082226 -0.25954800844192505 0.06973700225353241
v 0.014790000393986702 -0.2602919936180115 0.06957100331783295
v 0.014678999781608582 -0.26003599166870117 0.06940899789333344
v 0.014871999621391296 -0.2617050111293793 0.0696529969573021
v 0.014789000153541565 -0.2606399953365326 0.06943099945783615
v 0.014789000153541565 -0.2606399953365326 0.06943099945783615
v 0.014929000288248062 -0.26273399591445923 0.06984800100326538
v 0.014882000163197517 -0.262268990278244 0.06961499899625778
v 0.014882000163197517 -0.262268990278244 0.06961499899625778
v 0.014882000163197517 -0.262268990278244 0.06961499899625778
v 0.014884999953210354 -0.2646540105342865 0.07062400132417679
v 0.014812000095844269 -0.2652460038661957 0.07035399973392487
v 0.015027999877929688 -0.2643029987812042 0.07030899822711945
v 0.015018000267446041 -0.26382699608802795 0.07008600234985352
v 0.013454999774694443 -0.25738000869750977 0.0688989982008934
v 0.013372999615967274 -0.2572619915008545 0.06881300359964371
v 0.014268999919295311 -0.26009801030158997 0.06849300116300583
v 0.0133689995855093 -0.25734999775886536 0.06855099648237228
v 0.0133689995855093 -0.25734999775886536 0.06855099648237228
v 0.015544000081717968 -0.2749449908733368 0.06880000233650208
v 0.016094999387860298 -0.2726359963417053 0.06856100261211395
v 0.016016000881791115 -0.27326700091362 0.06881900131702423
v 0.016231000423431396 -0.2720789909362793 0.06896000355482101
v 0.016231000423431396 -0.27233800292015076 0.06967899948358536
v 0.014739999547600746 -0.26577699184417725 0.07026900351047516
v 0.014666000381112099 -0.260672003030777 0.06911800056695938
v 0.014681000262498856 -0.26031601428985596 0.06923799961805344
v 0.014506000094115734 -0.2661519944667816 0.07034800201654434
v 0.014639999717473984 -0.26629599928855896 0.07016699761152267
v 0.01582299917936325 -0.27022698521614075 0.07034599781036377
v 0.01562800072133541 -0.2697629928588867 0.07035399973392487
v 0.015464999713003635 -0.2699429988861084 0.07053700089454651
v 0.01438399963080883 -0.2691969871520996 0.07079699635505676
v 0.014144999906420708 -0.26702699065208435 0.07033900171518326
v 0.014276999980211258 -0.2665709853172302 0.07031399756669998
v 0.015884999185800552 -0.27458998560905457 0.06997399777173996
v 0.01592000015079975 -0.2743619978427887 0.069582998752594
v 0.015948999673128128 -0.2741970121860504 0.07011900097131729
v 0.01538699958473444 -0.27533599734306335 0.06897400319576263
v 0.015636999160051346 -0.2748950123786926 0.06911399960517883
v 0.015917999669909477 -0.27394899725914 0.06919100135564804
v 0.013908999972045422 -0.2668519914150238 0.07043000310659409
v 0.014023999683558941 -0.2663379907608032 0.07054100185632706
v 0.013716000132262707 -0.26668399572372437 0.07057599723339081
v 0.014221999794244766 -0.2661930024623871 0.0705529972910881
v 0.014395000413060188 -0.26601898670196533 0.07054200023412704
v 0.014789000153541565 -0.2606399953365326 0.06943099945783615
v 0.016130000352859497 -0.2730329930782318 0.06905700266361237
v 0.01606299914419651 -0.2733849883079529 0.06919199973344803
v 0.0161530002951622 -0.2729960083961487 0.06920699775218964
v 0.01609399914741516 -0.2734009921550751 0.0695130005478859
v 0.014181000180542469 -0.26649099588394165 0.07037399709224701
f 1 2 3
f 1 3 4
f 2 1 5
f 6 1 4
f 1 7 8
f 6 9 1
f 8 5 1
f 1 10 7
f 10 1 9
f 2 11 3
f 12 2 13
f 2 14 13
f 11 2 12
f 14 2 5
f 15 16 3
f 16 4 3
f 3 11 15
f 17 4 16
f 4 17 6
f 5 18 14
f 8 19 5
f 5 19 20
f 20 18 5
f 6 21 9
f 22 6 17
f 23 21 6
f 22 23 6
f 24 8 7
f 24 7 10
f 24 25 8
f 25 19 8
f 9 21 10
f 24 10 26
f 26 10 21
f 27 28 11
f 12 29 11
f 30 27 11
f 31 11 28
f 11 31 32
f 11 29 30
f 32 15 11
f 12 13 33
f 33 29 12
f 34 35 13
f 33 13 35
f 34 13 14
f 14 18 34
f 36 16 15
f 32 36 15
f 16 36 17
f 36 37 17
f 17 37 38
f 22 17 38
f 34 18 39
f 18 40 41
f 18 41 39
f 40 18 20
f 42 43 19
f 44 20 19
f 19 43 44
f 42 19 25
f 44 40 20
f 45 26 21
f 21 46 47
f 23 46 21
f 45 21 47
f 38 48 22
f 46 23 22
f 46 22 48
f 49 25 24
f 26 49 24
f 50 42 25
f 51 50 25
f 49 51 25
f 52 26 45
f 53 26 52
f 53 49 26
f 28 27 54
f 54 27 55
f 27 56 57
f 27 30 56
f 27 57 55
f 58 59 28
f 28 54 60
f 60 61 28
f 62 28 59
f 31 28 62
f 28 61 63
f 63 58 28
f 56 30 29
f 64 56 29
f 29 33 64
f 62 65 31
f 31 66 32
f 65 66 31
f 32 66 67
f 36 32 67
f 35 68 33
f 68 64 33
f 35 34 69
f 34 70 71
f 71 72 34
f 73 70 34
f 34 72 69
f 39 73 34
f 68 35 69
f 67 74 36
f 37 36 74
f 74 75 37
f 76 77 37
f 38 37 77
f 78 76 37
f 78 37 79
f 37 75 79
f 38 80 48
f 77 81 38
f 80 38 81
f 82 73 39
f 83 82 39
f 39 41 83
f 40 84 41
f 84 40 85
f 44 86 40
f 86 85 40
f 83 41 87
f 87 41 88
f 84 88 41
f 89 43 42
f 42 50 89
f 90 91 43
f 91 86 43
f 43 89 92
f 86 44 43
f 92 93 43
f 43 93 94
f 90 43 94
f 52 45 47
f 48 47 46
f 47 48 95
f 52 47 96
f 96 47 95
f 95 48 80
f 97 51 49
f 98 49 53
f 97 49 98
f 99 100 50
f 89 50 101
f 50 100 101
f 50 51 99
f 99 51 97
f 102 52 96
f 102 53 52
f 53 102 103
f 103 98 53
f 54 104 60
f 55 105 54
f 54 105 104
f 106 55 107
f 106 108 55
f 109 55 108
f 55 57 107
f 55 109 105
f 56 110 57
f 64 111 56
f 56 111 112
f 56 112 110
f 110 113 57
f 57 113 107
f 59 58 114
f 114 58 115
f 58 63 116
f 115 58 116
f 114 117 59
f 117 62 59
f 60 118 119
f 61 60 120
f 120 60 119
f 118 60 104
f 121 61 120
f 122 123 61
f 116 63 61
f 61 123 116
f 122 61 121
f 65 62 117
f 124 111 64
f 64 68 124
f 125 126 65
f 117 125 65
f 67 66 65
f 126 67 65
f 127 74 67
f 67 126 127
f 69 128 68
f 128 129 68
f 68 129 124
f 69 72 130
f 131 69 130
f 69 131 128
f 70 132 71
f 133 132 70
f 70 134 133
f 135 134 70
f 136 135 70
f 70 73 136
f 72 71 137
f 71 132 137
f 72 137 138
f 130 72 138
f 82 136 73
f 74 127 139
f 139 75 74
f 75 139 140
f 79 75 140
f 81 77 76
f 78 141 76
f 76 142 81
f 142 76 141
f 143 144 78
f 145 78 79
f 144 141 78
f 145 143 78
f 79 146 147
f 140 146 79
f 148 79 149
f 147 149 79
f 148 145 79
f 150 95 80
f 80 151 152
f 80 81 151
f 80 152 150
f 151 81 153
f 153 81 142
f 82 154 136
f 154 82 87
f 87 82 83
f 88 84 85
f 85 155 88
f 85 156 155
f 156 85 157
f 85 91 157
f 85 86 91
f 158 159 87
f 87 160 154
f 160 87 161
f 162 87 159
f 162 163 87
f 161 87 163
f 88 158 87
f 155 158 88
f 164 92 89
f 164 89 101
f 157 91 90
f 165 90 166
f 157 90 165
f 94 166 90
f 93 92 167
f 92 168 169
f 169 167 92
f 92 164 168
f 170 93 167
f 170 94 93
f 171 172 94
f 94 170 171
f 94 172 173
f 94 173 166
f 150 96 95
f 174 175 96
f 175 102 96
f 96 176 174
f 176 96 150
f 177 99 97
f 97 178 179
f 179 177 97
f 180 178 97
f 98 180 97
f 180 98 103
f 181 100 99
f 177 181 99
f 182 100 181
f 182 101 100
f 101 183 164
f 183 101 184
f 184 101 185
f 185 101 182
f 186 187 102
f 175 186 102
f 187 103 102
f 103 187 188
f 180 103 189
f 188 189 103
f 104 190 118
f 105 191 104
f 104 191 192
f 104 192 190
f 105 109 193
f 193 191 105
f 107 194 106
f 106 194 195
f 106 195 108
f 196 107 113
f 107 197 194
f 198 197 107
f 107 196 198
f 108 195 199
f 200 108 199
f 109 108 200
f 200 193 109
f 110 112 113
f 111 124 201
f 112 111 201
f 113 112 196
f 112 201 202
f 112 203 196
f 202 203 112
f 115 204 114
f 117 114 125
f 204 125 114
f 116 123 115
f 205 115 123
f 204 115 206
f 205 206 115
f 118 207 119
f 118 190 207
f 208 209 119
f 119 207 208
f 120 119 209
f 120 209 210
f 121 120 210
f 210 211 121
f 122 121 211
f 205 123 122
f 211 212 122
f 213 122 212
f 205 122 213
f 124 129 214
f 201 124 214
f 125 215 126
f 125 216 215
f 204 216 125
f 217 127 126
f 126 215 217
f 127 217 218
f 139 127 218
f 128 131 219
f 129 128 220
f 219 220 128
f 214 129 220
f 130 138 221
f 131 130 222
f 221 222 130
f 219 131 222
f 137 132 223
f 132 133 223
f 133 134 224
f 133 224 225
f 223 133 225
f 226 134 135
f 134 226 224
f 135 227 226
f 154 160 135
f 135 160 228
f 135 136 154
f 228 227 135
f 137 223 229
f 229 138 137
f 229 221 138
f 230 139 218
f 231 140 139
f 139 230 231
f 146 140 231
f 232 142 141
f 233 141 234
f 233 232 141
f 234 141 144
f 153 142 232
f 235 144 143
f 143 145 236
f 236 237 143
f 143 237 235
f 235 234 144
f 236 145 148
f 147 146 238
f 231 238 146
f 239 149 147
f 147 238 239
f 240 148 149
f 236 148 240
f 240 149 241
f 239 242 149
f 243 241 149
f 149 242 243
f 152 244 150
f 244 176 150
f 153 152 151
f 245 244 152
f 246 245 152
f 246 152 153
f 153 232 247
f 247 246 153
f 158 155 159
f 156 159 155
f 156 248 159
f 156 165 248
f 157 165 156
f 159 249 250
f 250 162 159
f 251 249 159
f 159 248 251
f 160 161 228
f 228 161 252
f 252 161 253
f 161 254 253
f 163 255 161
f 254 161 255
f 163 162 256
f 256 162 257
f 258 257 162
f 250 258 162
f 256 255 163
f 168 164 183
f 165 166 259
f 165 259 248
f 173 259 166
f 169 260 167
f 170 167 260
f 169 168 261
f 168 184 261
f 183 184 168
f 262 169 263
f 260 169 262
f 263 169 261
f 260 264 170
f 264 171 170
f 171 265 172
f 171 266 265
f 267 171 264
f 268 171 267
f 268 266 171
f 172 269 173
f 269 172 265
f 173 269 259
f 270 175 174
f 174 271 270
f 272 271 174
f 174 176 272
f 186 175 270
f 176 244 273
f 274 176 273
f 176 275 272
f 274 275 176
f 177 276 181
f 177 277 278
f 278 276 177
f 177 179 277
f 179 178 279
f 178 180 280
f 178 280 279
f 279 277 179
f 189 280 180
f 181 281 182
f 281 181 276
f 185 182 282
f 182 281 282
f 185 261 184
f 263 261 185
f 283 185 282
f 263 185 283
f 187 186 284
f 270 284 186
f 284 285 187
f 285 188 187
f 189 188 286
f 286 188 285
f 286 287 189
f 288 280 189
f 287 288 189
f 207 190 289
f 190 192 289
f 191 290 192
f 290 191 291
f 191 193 291
f 192 290 292
f 289 192 292
f 193 200 293
f 291 193 293
f 194 197 294
f 195 194 294
f 195 294 295
f 199 195 295
f 203 198 196
f 197 198 296
f 294 197 296
f 198 203 297
f 296 198 297
f 298 199 295
f 200 199 298
f 293 200 298
f 202 201 214
f 202 299 300
f 203 202 300
f 214 299 202
f 301 297 203
f 203 300 301
f 206 216 204
f 206 205 302
f 302 205 213
f 303 206 304
f 206 302 304
f 206 303 216
f 208 207 289
f 209 208 305
f 208 289 306
f 305 208 306
f 209 305 210
f 210 305 307
f 308 210 307
f 309 210 308
f 310 210 309
f 310 211 210
f 310 212 211
f 311 212 312
f 213 212 311
f 312 212 310
f 213 313 302
f 314 315 213
f 213 315 313
f 316 213 311
f 314 213 316
f 214 220 299
f 317 217 215
f 215 216 317
f 303 317 216
f 317 218 217
f 218 303 318
f 218 318 230
f 218 317 303
f 219 222 319
f 320 219 319
f 220 219 320
f 299 220 320
f 321 221 229
f 221 322 323
f 322 221 321
f 222 221 323
f 323 324 222
f 319 222 324
f 223 225 229
f 224 226 325
f 224 325 326
f 225 224 326
f 321 229 225
f 225 326 321
f 226 227 327
f 226 327 325
f 228 252 227
f 227 252 327
f 328 231 230
f 230 318 328
f 231 329 238
f 231 328 329
f 330 232 233
f 330 247 232
f 234 331 233
f 233 332 330
f 333 332 233
f 331 333 233
f 334 331 234
f 334 234 335
f 335 234 336
f 235 336 234
f 336 235 337
f 337 235 237
f 237 236 337
f 337 236 338
f 338 236 339
f 339 236 240
f 239 238 340
f 238 329 340
f 340 341 239
f 239 342 343
f 242 239 344
f 342 239 341
f 343 344 239
f 241 339 240
f 345 346 241
f 347 345 241
f 348 347 241
f 348 241 243
f 339 241 346
f 242 344 349
f 243 242 349
f 243 350 351
f 343 350 243
f 352 353 243
f 243 349 343
f 353 348 243
f 352 243 351
f 273 244 245
f 245 354 355
f 355 273 245
f 245 246 356
f 354 245 356
f 330 246 247
f 246 330 357
f 357 356 246
f 248 259 358
f 358 251 248
f 249 359 250
f 360 361 249
f 361 359 249
f 362 360 249
f 249 251 362
f 363 258 250
f 359 363 250
f 358 269 251
f 251 269 362
f 364 327 252
f 253 364 252
f 365 253 254
f 253 365 366
f 364 253 366
f 255 256 254
f 254 256 367
f 254 367 365
f 257 368 256
f 256 368 367
f 258 369 257
f 370 257 369
f 371 368 257
f 370 371 257
f 369 258 363
f 259 269 358
f 262 264 260
f 372 262 263
f 264 262 267
f 373 267 262
f 373 262 374
f 262 372 375
f 262 375 374
f 376 372 263
f 263 283 376
f 265 266 269
f 266 362 269
f 362 266 268
f 267 377 268
f 378 379 267
f 267 379 377
f 378 267 380
f 380 267 373
f 268 381 362
f 377 381 268
f 284 270 271
f 382 271 383
f 284 271 382
f 271 272 383
f 383 272 275
f 273 355 274
f 384 275 274
f 274 385 384
f 386 385 274
f 274 355 386
f 387 275 384
f 383 275 387
f 281 276 388
f 388 276 278
f 389 278 277
f 389 277 390
f 277 279 390
f 389 388 278
f 391 279 280
f 390 279 391
f 280 288 391
f 282 281 376
f 376 281 388
f 283 282 376
f 284 382 285
f 392 286 285
f 382 392 285
f 286 393 287
f 394 393 286
f 286 392 395
f 286 395 394
f 288 287 396
f 393 396 287
f 396 391 288
f 306 289 397
f 397 289 292
f 398 290 291
f 290 398 399
f 292 290 399
f 293 398 291
f 292 399 400
f 292 400 397
f 398 293 298
f 295 294 296
f 295 296 401
f 295 401 402
f 402 298 295
f 401 296 297
f 297 301 401
f 403 298 402
f 398 298 403
f 300 299 404
f 320 404 299
f 404 301 300
f 405 401 301
f 406 301 404
f 406 407 301
f 407 408 301
f 301 408 405
f 313 409 302
f 409 304 302
f 303 304 318
f 410 318 304
f 304 409 410
f 305 306 411
f 412 413 305
f 305 411 412
f 305 413 307
f 411 306 414
f 414 306 397
f 415 416 307
f 308 307 416
f 307 413 415
f 417 308 416
f 309 308 417
f 418 309 417
f 309 418 310
f 419 420 310
f 419 310 418
f 312 310 421
f 421 310 420
f 421 311 312
f 316 311 421
f 409 313 315
f 314 422 315
f 314 421 423
f 314 316 421
f 423 422 314
f 315 422 409
f 328 318 410
f 424 319 324
f 425 319 424
f 425 320 319
f 426 404 320
f 320 425 427
f 427 426 320
f 326 428 321
f 321 429 430
f 321 428 429
f 321 430 322
f 324 323 322
f 431 322 430
f 432 324 322
f 322 431 432
f 433 434 324
f 324 434 424
f 324 432 433
f 325 327 435
f 428 325 435
f 326 325 428
f 327 364 435
f 328 422 423
f 328 410 422
f 436 329 328
f 436 328 423
f 436 340 329
f 332 357 330
f 331 437 438
f 438 333 331
f 439 440 331
f 331 440 437
f 439 331 334
f 332 441 357
f 332 442 441
f 443 442 332
f 332 333 443
f 333 438 443
f 444 439 334
f 335 445 334
f 445 444 334
f 336 446 335
f 335 447 445
f 446 447 335
f 448 336 337
f 446 336 448
f 448 337 449
f 449 337 450
f 450 337 451
f 337 338 452
f 452 451 337
f 452 338 453
f 339 453 338
f 339 454 455
f 456 339 346
f 456 454 339
f 339 455 453
f 423 340 436
f 423 457 340
f 340 457 341
f 458 459 341
f 460 341 457
f 341 461 342
f 458 341 460
f 461 341 459
f 343 342 462
f 462 342 461
f 349 344 343
f 350 343 462
f 346 345 463
f 345 464 463
f 465 345 347
f 466 464 345
f 466 345 465
f 346 463 456
f 465 347 353
f 353 347 348
f 462 351 350
f 467 351 462
f 468 351 467
f 352 351 468
f 469 353 352
f 352 468 470
f 469 352 470
f 471 465 353
f 471 353 469
f 472 355 354
f 473 472 354
f 356 473 354
f 355 472 474
f 474 386 355
f 356 475 473
f 476 475 356
f 356 357 476
f 357 441 476
f 477 363 359
f 478 477 359
f 478 359 361
f 381 361 360
f 362 381 360
f 479 361 381
f 478 361 480
f 481 480 361
f 361 479 481
f 363 482 483
f 483 369 363
f 363 477 482
f 435 364 484
f 485 484 364
f 364 366 485
f 367 486 365
f 365 487 488
f 366 365 488
f 487 365 486
f 366 488 489
f 485 366 489
f 367 368 486
f 368 371 486
f 369 483 490
f 369 490 491
f 369 491 370
f 491 492 370
f 370 492 493
f 494 370 493
f 371 370 494
f 486 371 494
f 372 495 496
f 496 497 372
f 498 372 497
f 372 498 375
f 376 495 372
f 374 499 373
f 499 380 373
f 374 500 499
f 500 374 501
f 501 374 375
f 502 503 375
f 498 504 375
f 504 502 375
f 503 501 375
f 495 376 388
f 377 505 381
f 505 377 379
f 379 378 506
f 506 378 380
f 506 507 379
f 505 379 507
f 380 508 506
f 508 380 509
f 380 499 509
f 381 505 479
f 382 383 392
f 510 383 387
f 392 383 510
f 510 384 385
f 387 384 510
f 395 385 511
f 510 385 395
f 385 386 511
f 511 386 512
f 386 474 512
f 495 388 389
f 390 513 389
f 514 495 389
f 513 514 389
f 515 516 390
f 517 390 518
f 391 518 390
f 517 515 390
f 516 513 390
f 518 391 519
f 519 391 520
f 520 391 396
f 395 392 510
f 393 521 520
f 520 396 393
f 393 522 523
f 524 525 393
f 524 393 394
f 521 393 523
f 525 522 393
f 526 394 527
f 394 528 527
f 526 529 394
f 511 528 394
f 394 395 511
f 524 394 530
f 530 394 529
f 400 531 397
f 397 531 414
f 403 399 398
f 399 403 532
f 400 399 533
f 399 534 533
f 532 534 399
f 533 531 400
f 535 401 405
f 401 536 402
f 536 401 535
f 402 532 403
f 402 537 532
f 402 536 538
f 537 402 538
f 539 404 426
f 539 406 404
f 408 540 405
f 405 540 535
f 539 541 406
f 406 541 407
f 542 408 407
f 541 542 407
f 542 543 408
f 543 540 408
f 409 422 410
f 412 411 544
f 545 544 411
f 411 414 545
f 544 413 412
f 544 546 413
f 415 413 546
f 547 545 414
f 414 531 547
f 548 416 415
f 549 548 415
f 415 546 549
f 550 417 416
f 416 548 550
f 550 419 417
f 418 417 419
f 420 419 551
f 419 550 551
f 420 457 421
f 420 552 457
f 420 551 553
f 553 552 420
f 457 423 421
f 554 425 424
f 555 424 434
f 554 424 555
f 554 556 425
f 556 427 425
f 427 539 426
f 427 556 557
f 557 541 427
f 427 541 539
f 435 558 428
f 428 558 559
f 429 428 559
f 430 429 560
f 429 559 560
f 561 430 560
f 431 430 561
f 432 431 561
f 562 432 563
f 433 432 562
f 563 432 561
f 434 433 564
f 564 433 562
f 565 434 564
f 555 434 565
f 435 484 558
f 438 437 566
f 567 437 440
f 566 437 567
f 438 568 443
f 438 566 568
f 569 440 439
f 570 571 439
f 439 571 569
f 570 439 444
f 440 569 567
f 441 572 476
f 441 573 572
f 442 573 441
f 568 573 442
f 443 568 442
f 574 570 444
f 575 574 444
f 575 444 445
f 445 576 575
f 445 447 577
f 445 577 576
f 578 447 446
f 579 578 446
f 446 448 579
f 447 580 577
f 578 580 447
f 448 449 579
f 449 581 579
f 449 450 581
f 582 450 451
f 581 450 583
f 583 450 582
f 451 452 582
f 582 452 453
f 453 584 582
f 453 455 584
f 585 455 454
f 586 454 456
f 587 454 586
f 454 587 585
f 455 585 588
f 588 584 455
f 463 586 456
f 457 552 460
f 459 458 589
f 458 460 590
f 589 458 590
f 589 591 459
f 592 459 593
f 459 591 593
f 592 461 459
f 460 552 594
f 590 460 594
f 461 595 462
f 592 595 461
f 462 595 596
f 462 596 467
f 586 463 464
f 464 587 586
f 464 466 597
f 597 587 464
f 466 465 597
f 598 465 471
f 597 465 598
f 470 468 467
f 467 596 470
f 599 471 469
f 599 469 470
f 470 596 600
f 600 601 470
f 602 470 601
f 603 470 602
f 470 603 599
f 603 471 599
f 598 471 603
f 474 472 512
f 512 472 604
f 472 473 604
f 473 605 604
f 475 605 473
f 475 527 605
f 572 527 475
f 476 572 475
f 606 482 477
f 606 477 478
f 478 480 607
f 606 478 607
f 479 505 481
f 608 607 480
f 608 480 609
f 609 480 481
f 481 507 609
f 507 481 505
f 483 482 610
f 482 606 611
f 611 610 482
f 483 610 490
f 558 484 612
f 484 485 612
f 485 489 613
f 612 485 613
f 486 494 487
f 614 488 487
f 487 493 615
f 494 493 487
f 487 615 614
f 488 614 616
f 489 488 616
f 489 616 617
f 613 489 617
f 490 618 619
f 618 490 610
f 491 490 619
f 491 620 492
f 621 620 491
f 621 491 619
f 492 620 622
f 615 492 622
f 493 492 615
f 495 514 496
f 514 623 496
f 624 497 496
f 624 496 623
f 498 497 624
f 504 498 625
f 625 498 624
f 509 499 626
f 500 626 499
f 627 500 501
f 628 626 500
f 628 500 627
f 627 501 503
f 503 502 504
f 629 627 503
f 503 504 629
f 625 629 504
f 506 630 507
f 630 506 631
f 508 631 506
f 630 609 507
f 508 632 631
f 633 508 634
f 632 508 633
f 509 634 508
f 634 509 628
f 628 509 626
f 511 512 528
f 604 528 512
f 513 623 514
f 623 513 625
f 513 516 625
f 515 635 516
f 635 515 636
f 636 515 517
f 516 629 625
f 637 629 516
f 635 638 516
f 637 516 638
f 518 639 517
f 640 636 517
f 517 639 640
f 518 519 641
f 641 639 518
f 641 519 520
f 641 520 521
f 521 642 641
f 521 523 642
f 643 523 522
f 522 525 643
f 642 523 644
f 644 523 643
f 525 524 645
f 645 524 530
f 645 643 525
f 527 573 526
f 526 646 529
f 568 647 526
f 526 573 568
f 647 646 526
f 527 528 605
f 573 527 572
f 605 528 604
f 529 646 648
f 529 648 530
f 649 530 648
f 530 649 645
f 547 531 650
f 533 650 531
f 532 537 651
f 534 532 651
f 533 652 653
f 533 534 651
f 533 651 654
f 655 533 654
f 653 650 533
f 533 655 652
f 540 656 535
f 657 658 535
f 659 535 656
f 536 535 660
f 535 658 660
f 535 659 657
f 538 536 660
f 661 651 537
f 537 538 661
f 662 661 538
f 660 662 538
f 543 656 540
f 557 663 541
f 541 663 542
f 542 663 543
f 664 656 543
f 543 665 664
f 663 665 543
f 666 667 544
f 546 544 667
f 544 545 666
f 668 545 547
f 668 669 545
f 545 669 666
f 546 667 670
f 549 546 670
f 547 650 668
f 671 548 549
f 550 548 671
f 670 672 549
f 549 672 671
f 671 673 550
f 673 674 550
f 550 674 675
f 675 551 550
f 676 677 551
f 551 675 676
f 553 551 677
f 552 678 679
f 678 552 553
f 679 594 552
f 678 553 677
f 555 556 554
f 680 556 555
f 565 680 555
f 557 556 680
f 557 680 663
f 558 612 559
f 681 559 613
f 681 560 559
f 559 612 613
f 560 681 682
f 560 683 561
f 560 682 683
f 561 684 685
f 685 563 561
f 561 683 684
f 563 686 562
f 687 562 686
f 564 562 687
f 685 686 563
f 565 564 656
f 656 564 687
f 664 565 656
f 665 680 565
f 664 665 565
f 568 566 647
f 647 566 567
f 567 688 647
f 569 688 567
f 569 689 688
f 571 689 569
f 570 690 571
f 574 690 570
f 690 689 571
f 574 691 690
f 692 691 574
f 692 574 575
f 693 694 575
f 575 576 693
f 694 692 575
f 693 576 577
f 577 580 693
f 695 580 578
f 695 578 579
f 579 696 695
f 697 698 579
f 579 581 697
f 579 698 696
f 580 699 693
f 699 580 695
f 697 581 700
f 700 581 583
f 582 584 701
f 701 702 582
f 582 702 583
f 700 583 703
f 702 703 583
f 588 701 584
f 704 588 585
f 585 705 704
f 705 585 597
f 587 597 585
f 706 701 588
f 706 588 704
f 590 707 589
f 591 589 707
f 708 709 590
f 594 710 590
f 590 711 707
f 710 708 590
f 590 709 711
f 593 591 712
f 707 712 591
f 592 593 713
f 713 714 592
f 595 592 715
f 714 715 592
f 712 716 593
f 716 713 593
f 594 679 710
f 596 595 715
f 715 717 596
f 596 717 600
f 705 597 718
f 718 597 598
f 598 719 718
f 719 598 603
f 717 601 600
f 720 721 601
f 722 601 717
f 601 722 720
f 602 601 721
f 602 723 603
f 721 724 602
f 723 602 724
f 603 723 719
f 725 606 607
f 611 606 725
f 607 726 727
f 728 607 608
f 607 728 726
f 607 727 725
f 729 608 730
f 728 608 729
f 608 609 730
f 730 609 630
f 611 731 610
f 610 731 618
f 732 731 611
f 725 732 611
f 733 681 613
f 613 617 733
f 615 622 614
f 734 614 622
f 735 614 734
f 616 614 735
f 735 617 616
f 733 617 735
f 736 619 618
f 618 731 737
f 618 737 736
f 736 738 619
f 619 738 621
f 738 620 621
f 738 739 620
f 622 620 739
f 622 739 734
f 625 624 623
f 740 741 627
f 742 627 743
f 742 740 627
f 744 628 627
f 627 741 744
f 629 637 627
f 627 637 745
f 745 743 627
f 628 746 634
f 628 747 746
f 744 747 628
f 730 630 748
f 748 630 631
f 749 631 632
f 748 631 749
f 750 632 633
f 749 632 750
f 746 633 634
f 633 746 751
f 751 750 633
f 635 752 753
f 753 754 635
f 754 638 635
f 635 636 752
f 752 636 755
f 755 636 640
f 638 754 637
f 745 637 754
f 756 639 641
f 640 639 756
f 757 755 640
f 640 756 757
f 758 641 642
f 641 758 759
f 759 756 641
f 642 644 758
f 643 760 644
f 643 761 762
f 763 761 643
f 645 763 643
f 762 760 643
f 644 764 758
f 760 764 644
f 645 649 765
f 766 763 645
f 767 768 645
f 765 769 645
f 767 645 769
f 768 766 645
f 646 647 688
f 646 688 648
f 648 688 689
f 770 648 771
f 648 689 772
f 648 770 649
f 772 771 648
f 770 765 649
f 773 668 650
f 650 653 773
f 654 651 774
f 651 661 774
f 775 653 652
f 776 652 655
f 775 652 776
f 653 775 777
f 773 653 777
f 654 774 778
f 779 655 654
f 654 778 780
f 779 654 780
f 655 779 776
f 656 687 659
f 658 657 781
f 657 659 782
f 781 657 782
f 662 658 783
f 783 658 781
f 662 660 658
f 659 686 685
f 684 659 685
f 687 686 659
f 782 659 684
f 661 662 784
f 774 661 784
f 784 662 783
f 663 680 665
f 667 666 785
f 666 669 785
f 785 786 667
f 670 667 786
f 773 669 668
f 777 785 669
f 777 669 773
f 786 787 670
f 672 670 787
f 671 788 673
f 671 672 789
f 671 789 788
f 672 787 789
f 790 673 788
f 673 790 674
f 674 790 675
f 790 791 675
f 675 791 792
f 793 676 675
f 675 792 793
f 794 677 676
f 795 796 676
f 794 676 796
f 676 793 795
f 678 677 794
f 678 797 679
f 794 797 678
f 798 679 797
f 799 679 798
f 799 710 679
f 682 681 733
f 682 733 800
f 801 683 682
f 802 801 682
f 802 682 800
f 684 683 801
f 782 684 803
f 803 684 801
f 689 690 772
f 772 690 691
f 771 691 804
f 691 692 804
f 772 691 771
f 694 804 692
f 693 805 694
f 693 699 805
f 805 806 694
f 694 806 807
f 807 804 694
f 808 699 695
f 695 696 808
f 809 696 698
f 808 696 809
f 698 697 810
f 697 700 810
f 698 811 809
f 810 811 698
f 805 699 808
f 812 700 703
f 700 813 810
f 700 812 813
f 701 706 814
f 814 702 701
f 702 814 815
f 703 702 815
f 703 815 816
f 816 812 703
f 706 704 817
f 817 704 705
f 718 818 705
f 817 705 818
f 819 820 706
f 819 706 817
f 820 814 706
f 821 707 711
f 822 707 821
f 823 712 707
f 822 823 707
f 708 824 709
f 708 710 799
f 825 708 799
f 824 708 825
f 826 709 824
f 827 709 826
f 709 827 711
f 828 711 827
f 821 711 828
f 712 823 716
f 716 829 713
f 714 713 829
f 714 829 830
f 715 714 830
f 830 717 715
f 716 823 831
f 831 832 716
f 832 829 716
f 830 722 717
f 719 818 718
f 833 818 719
f 833 719 723
f 721 720 834
f 720 722 835
f 720 835 834
f 721 834 836
f 837 721 836
f 724 721 837
f 835 722 830
f 833 723 838
f 723 724 838
f 724 837 839
f 839 838 724
f 725 840 732
f 725 727 840
f 726 840 727
f 726 841 840
f 841 726 842
f 728 842 726
f 729 842 728
f 729 730 843
f 729 844 842
f 843 844 729
f 843 730 845
f 748 845 730
f 732 737 731
f 846 737 732
f 732 841 846
f 840 841 732
f 735 800 733
f 736 734 739
f 734 736 847
f 848 735 734
f 848 734 847
f 800 735 849
f 735 848 849
f 736 739 738
f 847 736 737
f 847 737 850
f 846 850 737
f 851 741 740
f 852 851 740
f 853 740 854
f 854 740 742
f 853 852 740
f 744 741 855
f 855 741 851
f 856 742 743
f 742 856 854
f 856 743 857
f 857 743 745
f 855 747 744
f 745 754 858
f 858 857 745
f 859 860 746
f 747 859 746
f 746 860 861
f 861 862 746
f 751 746 862
f 859 747 855
f 863 748 749
f 845 748 863
f 864 749 750
f 863 749 864
f 750 751 865
f 750 865 866
f 866 864 750
f 862 865 751
f 867 753 752
f 752 755 867
f 754 753 868
f 868 753 867
f 858 754 868
f 867 755 869
f 869 755 757
f 757 756 759
f 757 759 870
f 870 869 757
f 871 758 872
f 758 873 759
f 871 874 758
f 873 758 874
f 872 758 764
f 870 759 873
f 764 760 875
f 875 760 876
f 760 762 877
f 877 876 760
f 878 762 761
f 878 761 763
f 877 762 878
f 763 766 879
f 763 879 878
f 764 875 872
f 769 765 770
f 879 766 768
f 880 768 767
f 767 881 882
f 767 882 880
f 881 767 883
f 767 769 883
f 884 768 880
f 879 768 884
f 885 769 770
f 769 885 886
f 886 883 769
f 770 771 887
f 887 888 770
f 885 770 889
f 889 770 888
f 771 804 887
f 778 774 784
f 777 775 776
f 777 776 890
f 776 779 891
f 890 776 891
f 786 785 777
f 892 786 777
f 777 890 892
f 893 778 894
f 784 894 778
f 780 778 893
f 891 779 780
f 895 891 780
f 895 780 893
f 783 781 803
f 803 781 782
f 894 784 783
f 783 896 894
f 897 896 783
f 783 803 897
f 787 786 898
f 892 898 786
f 787 899 789
f 898 899 787
f 790 788 900
f 789 901 788
f 900 788 901
f 902 789 899
f 789 902 901
f 903 790 900
f 790 903 791
f 792 791 903
f 904 792 903
f 792 904 905
f 793 792 906
f 906 792 905
f 793 906 795
f 798 794 907
f 794 796 907
f 797 794 798
f 907 796 795
f 795 906 908
f 908 909 795
f 907 795 910
f 910 795 909
f 907 910 798
f 825 799 798
f 798 910 825
f 802 800 911
f 800 912 911
f 913 912 800
f 800 849 913
f 801 802 803
f 803 802 914
f 914 802 911
f 914 915 803
f 916 803 915
f 897 803 916
f 887 804 807
f 806 805 917
f 917 805 918
f 918 805 808
f 807 806 919
f 917 919 806
f 807 919 920
f 921 807 920
f 807 921 922
f 922 887 807
f 923 808 809
f 923 918 808
f 809 924 925
f 924 809 811
f 925 923 809
f 926 810 813
f 810 926 927
f 811 810 928
f 928 810 927
f 924 811 928
f 812 816 929
f 930 926 812
f 929 930 812
f 926 813 812
f 815 814 820
f 815 820 931
f 931 816 815
f 931 929 816
f 817 818 932
f 817 932 819
f 818 833 932
f 820 819 933
f 819 934 933
f 819 932 934
f 933 931 820
f 821 828 935
f 935 936 821
f 936 937 821
f 821 937 938
f 938 822 821
f 823 822 939
f 940 822 938
f 939 822 940
f 823 939 831
f 941 824 825
f 826 824 941
f 941 825 910
f 942 826 941
f 943 826 942
f 943 827 826
f 828 827 943
f 944 828 943
f 945 828 944
f 828 945 935
f 830 829 946
f 946 829 947
f 947 829 832
f 835 830 946
f 832 831 948
f 831 939 949
f 831 949 948
f 950 832 948
f 947 832 950
f 833 838 934
f 934 932 833
f 946 834 835
f 834 951 952
f 834 947 951
f 834 946 947
f 836 834 952
f 836 953 837
f 952 954 836
f 953 836 954
f 837 953 839
f 934 838 955
f 839 955 838
f 953 956 839
f 839 956 957
f 839 957 955
f 841 958 846
f 958 841 842
f 958 842 844
f 863 843 845
f 959 844 843
f 959 843 863
f 844 959 960
f 960 958 844
f 850 846 958
f 848 847 850
f 849 848 961
f 850 961 848
f 849 961 913
f 850 962 961
f 962 850 958
f 963 855 851
f 964 963 851
f 852 964 851
f 964 852 965
f 966 965 852
f 852 967 966
f 967 852 853
f 853 854 968
f 967 853 969
f 968 969 853
f 968 854 856
f 855 860 859
f 860 855 963
f 857 970 856
f 971 968 856
f 972 971 856
f 970 972 856
f 973 857 858
f 970 857 973
f 973 858 868
f 974 860 963
f 861 860 974
f 975 862 861
f 974 975 861
f 865 862 975
f 959 863 976
f 864 976 863
f 866 976 864
f 960 865 974
f 866 865 976
f 974 865 975
f 960 976 865
f 977 868 867
f 867 869 977
f 973 868 977
f 977 869 978
f 978 869 870
f 870 873 979
f 979 978 870
f 980 871 872
f 981 874 871
f 871 980 982
f 871 982 981
f 875 983 872
f 980 872 983
f 979 873 981
f 874 981 873
f 983 875 984
f 985 984 875
f 985 875 986
f 986 875 876
f 876 987 986
f 987 876 877
f 877 878 879
f 988 989 877
f 989 987 877
f 877 879 988
f 879 884 988
f 880 882 884
f 882 881 990
f 881 883 991
f 881 992 993
f 994 990 881
f 991 992 881
f 881 993 994
f 884 882 995
f 882 996 997
f 997 995 882
f 996 882 990
f 991 883 886
f 998 999 884
f 884 995 998
f 988 884 1000
f 1000 884 999
f 1001 885 1002
f 1002 885 889
f 885 1001 886
f 886 1003 991
f 1003 886 1004
f 886 1005 1004
f 886 1001 1005
f 888 887 922
f 888 1002 889
f 1002 888 922
f 890 1006 898
f 898 892 890
f 890 891 1007
f 1006 890 1007
f 1007 891 895
f 894 1008 893
f 1009 893 1008
f 895 893 1009
f 894 1010 1011
f 894 896 1010
f 1008 894 1011
f 1012 895 1009
f 1013 1014 895
f 895 1012 1013
f 1007 895 1014
f 896 1015 1010
f 1016 896 916
f 916 896 897
f 896 1017 1018
f 1018 1019 896
f 1019 1015 896
f 1017 896 1016
f 1020 899 898
f 1020 898 1006
f 1020 902 899
f 900 901 1021
f 900 1022 903
f 1021 1023 900
f 1022 900 1023
f 901 902 1020
f 1020 1021 901
f 1022 904 903
f 904 1024 905
f 1025 1024 904
f 904 1022 1025
f 905 1024 1026
f 1027 905 1026
f 906 905 1027
f 908 906 1028
f 1027 1028 906
f 1029 908 1028
f 942 908 1029
f 942 909 908
f 942 910 909
f 910 942 941
f 1030 914 911
f 911 912 1031
f 911 1031 1030
f 913 1032 912
f 912 1032 1031
f 1033 1032 913
f 961 1034 913
f 1033 913 1034
f 1035 1036 914
f 1030 1035 914
f 1036 915 914
f 1036 916 915
f 1037 1038 916
f 1039 1016 916
f 916 1038 1039
f 916 1036 1037
f 1040 917 918
f 917 920 919
f 1040 920 917
f 1041 1040 918
f 1041 918 1042
f 923 1042 918
f 920 1040 1041
f 921 920 1041
f 922 921 1043
f 1043 921 1044
f 1044 921 1041
f 922 1045 1002
f 922 1043 1045
f 1042 923 925
f 925 924 1046
f 928 1046 924
f 1042 925 1046
f 930 927 926
f 928 927 930
f 1047 928 1048
f 930 1049 928
f 1048 928 1049
f 1050 1046 928
f 928 1047 1050
f 1051 929 931
f 1049 930 929
f 1049 929 1051
f 931 1052 1051
f 931 1053 1054
f 931 933 1053
f 1055 1052 931
f 1055 931 1054
f 934 1056 933
f 933 1056 1053
f 955 1056 934
f 936 935 945
f 936 945 1057
f 1058 936 1057
f 1059 937 936
f 936 1058 1059
f 1060 938 937
f 1060 937 1059
f 1061 938 1060
f 938 1061 940
f 940 1062 939
f 1062 949 939
f 1063 940 1064
f 1065 940 1063
f 1061 1064 940
f 1066 1062 940
f 940 1065 1066
f 942 1029 1067
f 1068 942 1067
f 1068 944 942
f 942 944 943
f 944 1068 1069
f 944 1069 945
f 945 1069 1057
f 951 947 950
f 950 948 1070
f 948 949 1070
f 949 1062 1066
f 1070 949 1071
f 1071 949 1066
f 1070 1072 950
f 1072 951 950
f 952 951 1073
f 951 1072 1073
f 1074 952 1073
f 954 952 1074
f 1075 953 954
f 1075 956 953
f 954 1074 1075
f 955 1076 1056
f 1077 1078 955
f 1078 1076 955
f 1079 1080 955
f 1077 955 1080
f 1079 955 957
f 956 1075 957
f 1075 1081 957
f 957 1081 1079
f 958 960 962
f 959 976 960
f 962 960 974
f 974 1034 961
f 974 961 962
f 964 974 963
f 964 965 1082
f 1082 974 964
f 1082 965 966
f 967 1033 966
f 966 1033 1034
f 1034 1082 966
f 1083 1033 967
f 969 1083 967
f 969 968 1084
f 1084 968 1085
f 971 1085 968
f 1083 969 1086
f 1087 969 1084
f 1086 969 1087
f 970 1088 1089
f 972 970 1090
f 970 973 1088
f 1090 970 1089
f 1091 1092 971
f 1092 1085 971
f 971 972 1091
f 1093 1091 972
f 1094 972 1090
f 1094 1093 972
f 977 1095 973
f 1088 973 1096
f 1096 973 1095
f 974 1082 1034
f 977 978 1095
f 1095 978 1097
f 1097 978 979
f 979 981 1098
f 1098 1097 979
f 983 1099 980
f 1100 1101 980
f 982 980 1101
f 1100 980 1099
f 1098 981 982
f 1102 982 1101
f 1098 982 1102
f 984 1103 983
f 1103 1099 983
f 1104 1105 984
f 1105 1103 984
f 984 985 1104
f 1106 1104 985
f 985 986 1106
f 986 987 989
f 1106 986 989
f 1107 989 988
f 1000 1108 988
f 1107 988 1108
f 1107 1106 989
f 990 1109 996
f 990 994 1109
f 1003 992 991
f 992 1110 993
f 1110 992 1003
f 1111 993 1110
f 1112 994 993
f 1112 993 1111
f 994 1112 1109
f 1113 998 995
f 995 1114 1113
f 1114 995 997
f 997 996 1115
f 996 1116 1117
f 1117 1115 996
f 1118 1116 996
f 1109 1118 996
f 997 1119 1114
f 1115 1120 997
f 997 1120 1119
f 999 998 1113
f 1121 1000 999
f 1121 999 1122
f 1122 999 1123
f 1113 1123 999
f 1108 1000 1124
f 1121 1124 1000
f 1001 1002 1045
f 1045 1125 1001
f 1001 1126 1005
f 1127 1126 1001
f 1001 1128 1127
f 1128 1001 1129
f 1129 1001 1125
f 1110 1003 1004
f 1004 1005 1126
f 1127 1004 1126
f 1110 1004 1127
f 1014 1006 1007
f 1130 1020 1006
f 1131 1006 1014
f 1130 1006 1131
f 1011 1019 1008
f 1008 1132 1009
f 1133 1132 1008
f 1008 1019 1133
f 1009 1132 1012
f 1011 1010 1015
f 1011 1015 1019
f 1012 1134 1135
f 1013 1012 1136
f 1012 1135 1136
f 1134 1012 1132
f 1014 1013 1137
f 1137 1013 1138
f 1013 1136 1139
f 1139 1138 1013
f 1137 1140 1014
f 1014 1140 1131
f 1016 1141 1142
f 1016 1142 1017
f 1016 1039 1141
f 1018 1017 1142
f 1133 1019 1018
f 1143 1018 1142
f 1133 1018 1143
f 1020 1130 1144
f 1144 1021 1020
f 1023 1021 1144
f 1022 1023 1025
f 1023 1144 1025
f 1024 1025 1131
f 1024 1131 1140
f 1026 1024 1140
f 1025 1130 1131
f 1025 1144 1130
f 1027 1026 1145
f 1146 1026 1140
f 1147 1148 1026
f 1026 1146 1149
f 1148 1145 1026
f 1147 1026 1149
f 1028 1027 1150
f 1150 1027 1145
f 1029 1028 1150
f 1150 1067 1029
f 1151 1030 1032
f 1151 1152 1030
f 1031 1032 1030
f 1035 1030 1152
f 1153 1086 1032
f 1032 1087 1154
f 1033 1153 1032
f 1086 1087 1032
f 1032 1154 1151
f 1033 1083 1153
f 1036 1035 1155
f 1035 1152 1156
f 1156 1157 1035
f 1155 1035 1157
f 1158 1037 1036
f 1036 1159 1158
f 1036 1155 1159
f 1037 1160 1038
f 1158 1161 1037
f 1037 1161 1160
f 1160 1039 1038
f 1160 1162 1039
f 1162 1141 1039
f 1041 1042 1163
f 1041 1163 1044
f 1164 1163 1042
f 1042 1046 1164
f 1043 1125 1045
f 1165 1043 1166
f 1166 1043 1044
f 1165 1125 1043
f 1167 1044 1163
f 1166 1044 1167
f 1164 1046 1168
f 1050 1168 1046
f 1048 1169 1047
f 1168 1047 1170
f 1047 1168 1050
f 1170 1047 1169
f 1169 1048 1171
f 1172 1048 1049
f 1172 1171 1048
f 1051 1172 1049
f 1173 1051 1052
f 1172 1051 1173
f 1052 1055 1173
f 1053 1174 1054
f 1076 1053 1056
f 1053 1076 1175
f 1175 1174 1053
f 1055 1054 1174
f 1176 1055 1174
f 1173 1055 1176
f 1177 1057 1069
f 1057 1177 1058
f 1058 1060 1059
f 1058 1178 1060
f 1178 1058 1179
f 1179 1058 1177
f 1178 1061 1060
f 1064 1061 1178
f 1178 1063 1064
f 1180 1063 1178
f 1063 1180 1181
f 1063 1181 1065
f 1182 1066 1065
f 1183 1184 1065
f 1065 1184 1182
f 1065 1185 1183
f 1065 1181 1185
f 1071 1066 1182
f 1067 1186 1187
f 1067 1177 1069
f 1186 1067 1150
f 1067 1069 1068
f 1179 1177 1067
f 1067 1188 1179
f 1067 1187 1188
f 1072 1070 1071
f 1071 1189 1072
f 1184 1071 1182
f 1189 1071 1184
f 1072 1190 1191
f 1072 1189 1190
f 1073 1072 1191
f 1074 1073 1192
f 1191 1192 1073
f 1074 1192 1075
f 1075 1192 1193
f 1194 1081 1075
f 1193 1194 1075
f 1078 1175 1076
f 1078 1077 1195
f 1080 1195 1077
f 1175 1078 1196
f 1197 1078 1195
f 1196 1078 1198
f 1078 1197 1199
f 1198 1078 1199
f 1200 1080 1079
f 1079 1081 1194
f 1201 1202 1079
f 1194 1201 1079
f 1079 1203 1204
f 1205 1203 1079
f 1202 1205 1079
f 1206 1200 1079
f 1206 1079 1207
f 1204 1207 1079
f 1200 1195 1080
f 1086 1153 1083
f 1208 1087 1084
f 1085 1208 1084
f 1208 1085 1092
f 1087 1208 1154
f 1209 1089 1088
f 1209 1088 1096
f 1210 1089 1209
f 1089 1211 1090
f 1212 1089 1213
f 1089 1212 1211
f 1089 1210 1214
f 1089 1214 1213
f 1090 1211 1094
f 1092 1091 1215
f 1215 1091 1216
f 1091 1093 1216
f 1092 1215 1152
f 1152 1208 1092
f 1216 1093 1217
f 1093 1094 1217
f 1094 1211 1218
f 1218 1217 1094
f 1095 1219 1096
f 1095 1097 1220
f 1095 1220 1219
f 1096 1219 1209
f 1220 1097 1221
f 1221 1097 1098
f 1102 1221 1098
f 1099 1222 1223
f 1223 1100 1099
f 1103 1222 1099
f 1100 1224 1101
f 1225 1226 1100
f 1100 1223 1225
f 1100 1226 1224
f 1102 1101 1224
f 1227 1221 1102
f 1224 1227 1102
f 1103 1228 1222
f 1103 1229 1228
f 1103 1105 1230
f 1230 1229 1103
f 1230 1105 1104
f 1104 1231 1230
f 1232 1233 1104
f 1233 1231 1104
f 1232 1104 1106
f 1107 1234 1106
f 1106 1234 1235
f 1106 1235 1232
f 1108 1236 1107
f 1237 1234 1107
f 1236 1237 1107
f 1236 1108 1124
f 1238 1239 1109
f 1109 1239 1240
f 1109 1240 1118
f 1112 1238 1109
f 1110 1127 1241
f 1110 1241 1111
f 1111 1242 1112
f 1111 1241 1243
f 1242 1111 1244
f 1111 1243 1244
f 1238 1112 1245
f 1245 1112 1242
f 1246 1123 1113
f 1113 1247 1246
f 1113 1114 1247
f 1114 1119 1247
f 1115 1117 1120
f 1117 1116 1248
f 1118 1240 1116
f 1116 1240 1248
f 1120 1117 1249
f 1248 1249 1117
f 1247 1119 1250
f 1250 1119 1120
f 1249 1250 1120
f 1124 1121 1251
f 1252 1253 1121
f 1122 1252 1121
f 1253 1251 1121
f 1254 1252 1122
f 1122 1123 1254
f 1254 1123 1255
f 1123 1246 1255
f 1236 1124 1256
f 1124 1251 1256
f 1125 1165 1129
f 1241 1127 1128
f 1257 1128 1129
f 1128 1257 1258
f 1241 1128 1258
f 1129 1165 1259
f 1257 1129 1259
f 1132 1133 1260
f 1132 1260 1134
f 1260 1133 1143
f 1135 1134 1261
f 1262 1261 1134
f 1134 1143 1262
f 1260 1143 1134
f 1261 1263 1135
f 1136 1135 1263
f 1136 1263 1264
f 1139 1136 1264
f 1140 1137 1146
f 1138 1146 1137
f 1146 1138 1139
f 1149 1146 1139
f 1265 1149 1139
f 1139 1266 1265
f 1267 1268 1139
f 1269 1139 1264
f 1139 1269 1267
f 1266 1139 1268
f 1141 1270 1142
f 1141 1162 1271
f 1270 1141 1271
f 1142 1270 1272
f 1272 1273 1142
f 1143 1142 1273
f 1143 1273 1262
f 1150 1145 1148
f 1147 1274 1148
f 1147 1265 1274
f 1149 1265 1147
f 1148 1274 1275
f 1150 1148 1186
f 1148 1276 1186
f 1276 1148 1275
f 1208 1152 1151
f 1151 1154 1208
f 1156 1152 1277
f 1277 1152 1215
f 1159 1155 1278
f 1278 1155 1279
f 1155 1157 1279
f 1277 1157 1156
f 1157 1277 1280
f 1279 1157 1280
f 1159 1281 1158
f 1161 1158 1282
f 1282 1158 1281
f 1159 1283 1284
f 1284 1281 1159
f 1283 1159 1278
f 1160 1161 1162
f 1161 1282 1162
f 1162 1282 1271
f 1285 1163 1286
f 1286 1163 1164
f 1285 1167 1163
f 1168 1287 1164
f 1288 1164 1287
f 1286 1164 1288
f 1166 1289 1165
f 1165 1289 1290
f 1165 1290 1259
f 1289 1166 1167
f 1167 1290 1289
f 1290 1167 1285
f 1287 1168 1170
f 1171 1291 1169
f 1170 1169 1292
f 1169 1291 1292
f 1293 1287 1170
f 1292 1294 1170
f 1293 1170 1294
f 1291 1171 1295
f 1171 1172 1295
f 1295 1172 1173
f 1173 1176 1296
f 1173 1296 1297
f 1295 1173 1291
f 1291 1173 1297
f 1176 1174 1298
f 1174 1175 1196
f 1298 1174 1299
f 1299 1174 1196
f 1176 1298 1296
f 1178 1179 1300
f 1300 1180 1178
f 1188 1301 1179
f 1301 1302 1179
f 1302 1300 1179
f 1303 1180 1300
f 1181 1180 1303
f 1304 1185 1181
f 1181 1303 1305
f 1181 1305 1304
f 1183 1306 1184
f 1307 1183 1185
f 1306 1183 1307
f 1184 1308 1189
f 1184 1306 1309
f 1309 1308 1184
f 1185 1304 1307
f 1187 1186 1310
f 1276 1311 1186
f 1310 1186 1311
f 1187 1310 1312
f 1188 1187 1312
f 1312 1301 1188
f 1190 1189 1308
f 1190 1313 1191
f 1313 1190 1308
f 1314 1315 1191
f 1191 1315 1192
f 1191 1316 1314
f 1191 1313 1309
f 1317 1316 1191
f 1317 1191 1309
f 1192 1315 1193
f 1194 1193 1318
f 1193 1315 1318
f 1201 1194 1318
f 1197 1195 1200
f 1198 1299 1196
f 1199 1197 1200
f 1199 1319 1198
f 1320 1298 1198
f 1298 1299 1198
f 1206 1321 1198
f 1198 1319 1206
f 1322 1198 1323
f 1323 1198 1321
f 1320 1198 1322
f 1319 1199 1200
f 1319 1200 1206
f 1202 1201 1318
f 1316 1205 1202
f 1318 1316 1202
f 1204 1203 1324
f 1205 1325 1203
f 1324 1203 1326
f 1326 1203 1325
f 1327 1207 1204
f 1204 1328 1329
f 1330 1204 1329
f 1324 1328 1204
f 1327 1204 1330
f 1316 1331 1205
f 1331 1325 1205
f 1327 1206 1207
f 1321 1206 1327
f 1332 1210 1209
f 1209 1227 1332
f 1209 1219 1220
f 1209 1221 1227
f 1220 1221 1209
f 1226 1214 1210
f 1226 1210 1332
f 1218 1211 1212
f 1213 1333 1212
f 1218 1212 1333
f 1334 1333 1213
f 1225 1335 1213
f 1336 1213 1335
f 1334 1213 1336
f 1214 1226 1213
f 1213 1226 1225
f 1215 1216 1277
f 1277 1216 1337
f 1338 1337 1216
f 1216 1217 1338
f 1218 1339 1217
f 1217 1339 1338
f 1333 1339 1218
f 1223 1222 1228
f 1228 1225 1223
f 1332 1224 1226
f 1332 1227 1224
f 1228 1335 1225
f 1229 1335 1228
f 1336 1335 1229
f 1229 1340 1336
f 1229 1341 1340
f 1230 1341 1229
f 1341 1230 1231
f 1231 1342 1343
f 1231 1343 1341
f 1231 1233 1344
f 1344 1342 1231
f 1345 1233 1232
f 1232 1235 1346
f 1232 1346 1347
f 1232 1347 1345
f 1348 1344 1233
f 1349 1348 1233
f 1349 1233 1345
f 1237 1350 1234
f 1234 1350 1346
f 1346 1235 1234
f 1350 1236 1351
f 1236 1350 1237
f 1256 1351 1236
f 1352 1239 1238
f 1238 1245 1352
f 1239 1352 1353
f 1354 1240 1239
f 1239 1353 1355
f 1355 1354 1239
f 1248 1240 1356
f 1356 1240 1354
f 1258 1357 1241
f 1243 1241 1357
f 1244 1358 1242
f 1242 1358 1245
f 1244 1243 1359
f 1243 1357 1359
f 1359 1360 1244
f 1244 1361 1362
f 1362 1358 1244
f 1244 1360 1363
f 1361 1244 1363
f 1358 1364 1245
f 1245 1364 1352
f 1365 1246 1247
f 1246 1366 1255
f 1246 1365 1366
f 1365 1247 1250
f 1367 1249 1248
f 1368 1367 1248
f 1248 1356 1368
f 1369 1250 1249
f 1370 1369 1249
f 1249 1367 1370
f 1250 1371 1365
f 1250 1369 1371
f 1372 1251 1373
f 1251 1372 1256
f 1374 1373 1251
f 1251 1375 1376
f 1376 1374 1251
f 1375 1251 1253
f 1253 1252 1377
f 1377 1252 1254
f 1253 1377 1375
f 1255 1378 1254
f 1375 1254 1379
f 1254 1375 1377
f 1380 1254 1381
f 1379 1254 1380
f 1378 1381 1254
f 1255 1366 1382
f 1378 1255 1382
f 1383 1256 1372
f 1256 1383 1351
f 1259 1384 1257
f 1258 1257 1385
f 1385 1257 1386
f 1257 1384 1386
f 1387 1258 1388
f 1388 1258 1385
f 1357 1258 1387
f 1259 1290 1389
f 1259 1389 1390
f 1259 1390 1384
f 1391 1261 1273
f 1261 1392 1393
f 1261 1391 1394
f 1394 1392 1261
f 1261 1393 1263
f 1261 1262 1273
f 1263 1393 1264
f 1395 1396 1264
f 1395 1264 1397
f 1393 1397 1264
f 1398 1269 1264
f 1264 1396 1398
f 1265 1266 1274
f 1274 1266 1268
f 1267 1399 1268
f 1269 1400 1267
f 1400 1399 1267
f 1401 1274 1268
f 1268 1399 1402
f 1402 1403 1268
f 1268 1404 1401
f 1404 1268 1403
f 1400 1269 1398
f 1270 1391 1272
f 1271 1405 1270
f 1394 1391 1270
f 1406 1270 1405
f 1394 1270 1406
f 1281 1405 1271
f 1271 1282 1281
f 1272 1391 1273
f 1407 1275 1274
f 1408 1407 1274
f 1274 1401 1408
f 1275 1407 1409
f 1409 1276 1275
f 1410 1311 1276
f 1409 1411 1276
f 1276 1411 1410
f 1277 1337 1280
f 1412 1413 1278
f 1283 1278 1413
f 1412 1278 1279
f 1279 1414 1415
f 1414 1279 1280
f 1412 1279 1415
f 1280 1337 1416
f 1280 1416 1414
f 1417 1418 1281
f 1418 1405 1281
f 1281 1284 1417
f 1284 1283 1419
f 1420 1419 1283
f 1283 1413 1420
f 1421 1284 1419
f 1284 1422 1423
f 1284 1421 1422
f 1417 1284 1423
f 1424 1285 1286
f 1285 1425 1290
f 1285 1424 1425
f 1286 1426 1424
f 1427 1286 1288
f 1426 1286 1427
f 1287 1428 1288
f 1287 1293 1428
f 1429 1288 1428
f 1429 1427 1288
f 1389 1290 1425
f 1291 1430 1292
f 1297 1431 1291
f 1430 1291 1431
f 1432 1294 1292
f 1292 1430 1433
f 1292 1433 1432
f 1428 1293 1432
f 1432 1293 1294
f 1296 1434 1435
f 1436 1296 1298
f 1435 1297 1296
f 1296 1436 1434
f 1431 1297 1437
f 1437 1297 1435
f 1298 1320 1436
f 1300 1302 1438
f 1303 1300 1438
f 1302 1301 1439
f 1312 1439 1301
f 1438 1302 1439
f 1439 1303 1438
f 1440 1303 1439
f 1305 1303 1440
f 1304 1305 1441
f 1442 1304 1441
f 1442 1443 1304
f 1443 1444 1304
f 1304 1444 1307
f 1305 1440 1445
f 1445 1441 1305
f 1306 1307 1446
f 1447 1306 1446
f 1309 1306 1447
f 1444 1446 1307
f 1313 1308 1309
f 1309 1447 1448
f 1309 1448 1449
f 1449 1317 1309
f 1450 1310 1311
f 1312 1310 1450
f 1311 1410 1450
f 1312 1450 1451
f 1451 1439 1312
f 1318 1315 1314
f 1318 1314 1316
f 1452 1316 1317
f 1316 1452 1331
f 1317 1449 1453
f 1317 1453 1454
f 1317 1454 1452
f 1320 1455 1436
f 1455 1320 1322
f 1456 1321 1327
f 1323 1321 1456
f 1322 1323 1457
f 1322 1457 1455
f 1456 1458 1323
f 1323 1458 1457
f 1459 1328 1324
f 1324 1326 1459
f 1325 1331 1460
f 1325 1460 1461
f 1326 1325 1461
f 1462 1463 1326
f 1463 1459 1326
f 1462 1326 1461
f 1464 1456 1327
f 1330 1464 1327
f 1465 1329 1328
f 1328 1459 1465
f 1466 1467 1329
f 1329 1467 1330
f 1468 1466 1329
f 1329 1465 1468
f 1330 1467 1464
f 1452 1469 1331
f 1470 1331 1471
f 1471 1331 1469
f 1331 1470 1472
f 1460 1331 1472
f 1333 1473 1339
f 1334 1473 1333
f 1334 1474 1475
f 1473 1334 1476
f 1334 1477 1476
f 1475 1477 1334
f 1336 1478 1334
f 1474 1334 1478
f 1343 1336 1340
f 1336 1343 1479
f 1479 1478 1336
f 1337 1338 1480
f 1416 1337 1480
f 1338 1339 1480
f 1480 1339 1481
f 1339 1473 1481
f 1340 1341 1343
f 1479 1343 1342
f 1479 1342 1482
f 1342 1344 1483
f 1342 1483 1482
f 1484 1483 1344
f 1344 1348 1484
f 1345 1350 1349
f 1345 1347 1350
f 1347 1346 1350
f 1484 1348 1485
f 1348 1349 1485
f 1486 1487 1349
f 1488 1485 1349
f 1486 1349 1489
f 1488 1349 1487
f 1489 1349 1350
f 1350 1351 1489
f 1486 1489 1351
f 1351 1490 1486
f 1383 1490 1351
f 1353 1352 1491
f 1352 1364 1491
f 1355 1353 1491
f 1356 1354 1492
f 1355 1492 1354
f 1493 1494 1355
f 1355 1494 1492
f 1495 1493 1355
f 1491 1496 1355
f 1495 1355 1496
f 1368 1356 1492
f 1497 1359 1357
f 1357 1387 1497
f 1498 1358 1362
f 1498 1496 1358
f 1364 1358 1496
f 1360 1359 1499
f 1499 1359 1497
f 1360 1499 1363
f 1362 1361 1500
f 1361 1363 1501
f 1501 1500 1361
f 1500 1502 1362
f 1502 1498 1362
f 1363 1503 1501
f 1363 1504 1503
f 1363 1499 1504
f 1491 1364 1496
f 1365 1371 1366
f 1505 1366 1371
f 1506 1366 1505
f 1382 1366 1506
f 1370 1367 1507
f 1508 1507 1367
f 1367 1368 1508
f 1368 1492 1508
f 1369 1509 1371
f 1509 1369 1370
f 1370 1507 1510
f 1370 1510 1509
f 1509 1511 1371
f 1371 1511 1505
f 1372 1373 1512
f 1512 1513 1372
f 1514 1383 1372
f 1372 1513 1514
f 1512 1373 1515
f 1515 1373 1374
f 1374 1376 1515
f 1375 1516 1376
f 1379 1516 1375
f 1376 1516 1517
f 1517 1515 1376
f 1378 1382 1518
f 1381 1378 1518
f 1516 1379 1517
f 1519 1379 1520
f 1521 1379 1380
f 1517 1379 1519
f 1520 1379 1521
f 1380 1381 1518
f 1518 1522 1380
f 1522 1521 1380
f 1382 1506 1523
f 1518 1382 1523
f 1524 1490 1383
f 1383 1525 1524
f 1514 1525 1383
f 1384 1526 1386
f 1526 1384 1390
f 1386 1527 1385
f 1385 1527 1388
f 1527 1386 1528
f 1529 1528 1386
f 1386 1526 1529
f 1497 1387 1388
f 1527 1530 1388
f 1531 1388 1530
f 1532 1497 1388
f 1388 1531 1532
f 1533 1389 1425
f 1390 1389 1533
f 1526 1390 1529
f 1529 1390 1533
f 1393 1392 1397
f 1392 1406 1534
f 1392 1394 1406
f 1534 1397 1392
f 1395 1535 1396
f 1536 1537 1395
f 1397 1538 1395
f 1535 1395 1537
f 1395 1539 1536
f 1539 1395 1540
f 1540 1395 1538
f 1396 1541 1542
f 1398 1396 1542
f 1541 1396 1535
f 1397 1534 1538
f 1543 1400 1398
f 1543 1398 1544
f 1544 1398 1542
f 1399 1545 1402
f 1546 1399 1400
f 1545 1399 1547
f 1547 1399 1546
f 1543 1546 1400
f 1548 1549 1401
f 1401 1404 1548
f 1549 1408 1401
f 1545 1403 1402
f 1550 1551 1403
f 1551 1552 1403
f 1403 1545 1547
f 1403 1553 1550
f 1553 1403 1547
f 1552 1404 1403
f 1548 1404 1552
f 1406 1405 1418
f 1554 1406 1417
f 1406 1418 1417
f 1406 1554 1534
f 1555 1556 1407
f 1407 1408 1555
f 1556 1409 1407
f 1555 1408 1549
f 1411 1409 1556
f 1450 1410 1557
f 1411 1557 1410
f 1558 1557 1411
f 1556 1558 1411
f 1559 1413 1412
f 1412 1560 1559
f 1560 1412 1561
f 1412 1415 1561
f 1420 1413 1562
f 1559 1562 1413
f 1415 1414 1563
f 1563 1414 1416
f 1415 1563 1564
f 1564 1561 1415
f 1481 1416 1480
f 1416 1481 1563
f 1565 1554 1417
f 1417 1423 1565
f 1420 1566 1419
f 1421 1419 1567
f 1419 1566 1567
f 1568 1566 1420
f 1420 1569 1568
f 1562 1569 1420
f 1567 1570 1421
f 1570 1571 1421
f 1572 1422 1421
f 1572 1421 1571
f 1423 1422 1573
f 1573 1422 1572
f 1565 1423 1574
f 1573 1574 1423
f 1426 1575 1424
f 1424 1575 1425
f 1425 1426 1427
f 1425 1575 1426
f 1425 1427 1576
f 1576 1533 1425
f 1576 1427 1429
f 1577 1429 1428
f 1428 1578 1577
f 1432 1578 1428
f 1576 1429 1577
f 1431 1437 1430
f 1579 1430 1437
f 1433 1430 1579
f 1432 1580 1581
f 1582 1432 1433
f 1581 1578 1432
f 1580 1432 1582
f 1582 1433 1579
f 1435 1434 1583
f 1434 1436 1584
f 1584 1585 1434
f 1585 1583 1434
f 1437 1435 1583
f 1436 1586 1584
f 1436 1455 1586
f 1579 1437 1583
f 1440 1439 1587
f 1587 1439 1451
f 1587 1445 1440
f 1441 1588 1589
f 1589 1442 1441
f 1441 1445 1590
f 1441 1590 1588
f 1589 1443 1442
f 1444 1443 1591
f 1591 1443 1589
f 1444 1592 1446
f 1592 1444 1591
f 1445 1587 1590
f 1446 1593 1447
f 1593 1446 1592
f 1593 1594 1447
f 1447 1594 1448
f 1449 1448 1595
f 1595 1448 1594
f 1596 1449 1595
f 1453 1449 1596
f 1450 1557 1597
f 1598 1451 1450
f 1450 1597 1598
f 1587 1451 1599
f 1599 1451 1598
f 1452 1454 1469
f 1600 1453 1596
f 1601 1453 1602
f 1454 1453 1601
f 1600 1602 1453
f 1469 1454 1601
f 1603 1455 1457
f 1586 1455 1603
f 1458 1456 1604
f 1456 1464 1604
f 1458 1605 1457
f 1605 1603 1457
f 1606 1605 1458
f 1606 1458 1604
f 1607 1608 1459
f 1609 1607 1459
f 1459 1463 1609
f 1465 1459 1608
f 1461 1460 1472
f 1462 1461 1472
f 1462 1610 1463
f 1472 1611 1462
f 1611 1612 1462
f 1613 1462 1612
f 1613 1610 1462
f 1463 1610 1614
f 1463 1614 1615
f 1609 1463 1615
f 1616 1617 1464
f 1617 1604 1464
f 1618 1616 1464
f 1464 1467 1619
f 1618 1464 1619
f 1620 1621 1465
f 1620 1465 1608
f 1621 1468 1465
f 1467 1466 1619
f 1619 1466 1468
f 1621 1622 1468
f 1468 1622 1619
f 1469 1601 1623
f 1469 1623 1471
f 1471 1611 1470
f 1611 1624 1470
f 1470 1624 1472
f 1612 1471 1625
f 1611 1471 1612
f 1471 1626 1625
f 1626 1471 1623
f 1611 1472 1624
f 1481 1473 1476
f 1475 1474 1627
f 1628 1627 1474
f 1628 1474 1478
f 1629 1477 1475
f 1630 1475 1627
f 1629 1475 1630
f 1476 1631 1481
f 1477 1631 1476
f 1629 1631 1477
f 1478 1632 1633
f 1478 1633 1628
f 1632 1478 1479
f 1479 1482 1634
f 1634 1635 1479
f 1479 1635 1632
f 1563 1481 1631
f 1634 1482 1636
f 1482 1483 1637
f 1482 1637 1636
f 1637 1483 1484
f 1638 1637 1484
f 1485 1638 1484
f 1488 1638 1485
f 1639 1487 1486
f 1639 1486 1490
f 1640 1487 1641
f 1487 1640 1642
f 1641 1487 1643
f 1643 1487 1639
f 1487 1642 1488
f 1642 1638 1488
f 1490 1644 1645
f 1524 1644 1490
f 1645 1639 1490
f 1494 1508 1492
f 1493 1646 1494
f 1495 1646 1493
f 1647 1507 1494
f 1508 1494 1507
f 1494 1646 1648
f 1494 1648 1647
f 1495 1649 1646
f 1496 1650 1495
f 1649 1495 1650
f 1651 1650 1496
f 1496 1502 1651
f 1502 1496 1498
f 1497 1532 1499
f 1532 1504 1499
f 1652 1502 1500
f 1500 1653 1652
f 1654 1500 1501
f 1500 1654 1653
f 1501 1503 1654
f 1651 1502 1652
f 1504 1655 1503
f 1656 1654 1503
f 1503 1655 1657
f 1503 1657 1656
f 1532 1658 1504
f 1504 1659 1655
f 1504 1658 1659
f 1660 1506 1505
f 1505 1511 1660
f 1661 1506 1660
f 1523 1506 1661
f 1647 1510 1507
f 1509 1510 1511
f 1511 1510 1662
f 1662 1510 1647
f 1660 1511 1662
f 1513 1512 1663
f 1515 1663 1512
f 1513 1664 1514
f 1513 1665 1666
f 1667 1664 1513
f 1668 1669 1513
f 1513 1669 1667
f 1668 1513 1666
f 1665 1513 1663
f 1514 1664 1525
f 1670 1663 1515
f 1515 1671 1670
f 1671 1515 1517
f 1517 1672 1671
f 1673 1672 1517
f 1673 1517 1519
f 1518 1674 1675
f 1518 1676 1677
f 1677 1522 1518
f 1518 1523 1674
f 1518 1675 1676
f 1678 1519 1520
f 1679 1519 1680
f 1673 1519 1679
f 1680 1519 1678
f 1681 1678 1520
f 1681 1520 1521
f 1521 1522 1681
f 1681 1522 1677
f 1523 1661 1674
f 1525 1644 1524
f 1525 1682 1683
f 1683 1684 1525
f 1664 1682 1525
f 1684 1644 1525
f 1530 1527 1528
f 1529 1659 1528
f 1528 1659 1530
f 1685 1529 1533
f 1686 1529 1687
f 1685 1687 1529
f 1659 1529 1686
f 1658 1531 1530
f 1658 1530 1659
f 1531 1658 1532
f 1533 1576 1685
f 1538 1534 1565
f 1554 1565 1534
f 1553 1541 1535
f 1537 1688 1535
f 1553 1535 1688
f 1536 1689 1537
f 1539 1690 1536
f 1691 1536 1692
f 1691 1693 1536
f 1689 1536 1694
f 1536 1693 1695
f 1536 1690 1692
f 1696 1697 1536
f 1694 1536 1697
f 1696 1536 1695
f 1688 1537 1689
f 1538 1565 1574
f 1540 1538 1574
f 1540 1698 1539
f 1539 1699 1700
f 1698 1699 1539
f 1701 1539 1700
f 1690 1539 1701
f 1702 1540 1574
f 1540 1702 1698
f 1542 1541 1553
f 1542 1703 1544
f 1703 1542 1553
f 1703 1546 1543
f 1703 1543 1544
f 1547 1546 1703
f 1547 1703 1553
f 1704 1549 1548
f 1548 1552 1705
f 1705 1704 1548
f 1704 1555 1549
f 1706 1551 1550
f 1706 1550 1553
f 1551 1707 1552
f 1707 1551 1706
f 1705 1552 1707
f 1553 1688 1708
f 1708 1706 1553
f 1555 1709 1556
f 1709 1555 1704
f 1710 1558 1556
f 1709 1710 1556
f 1598 1557 1711
f 1597 1557 1598
f 1712 1557 1558
f 1711 1557 1712
f 1710 1712 1558
f 1562 1559 1713
f 1714 1559 1560
f 1715 1716 1559
f 1559 1716 1713
f 1559 1714 1715
f 1714 1560 1717
f 1561 1717 1560
f 1718 1561 1564
f 1719 1561 1718
f 1717 1561 1719
f 1713 1569 1562
f 1720 1564 1563
f 1563 1631 1720
f 1718 1564 1720
f 1721 1566 1568
f 1721 1722 1566
f 1722 1567 1566
f 1567 1722 1570
f 1569 1721 1568
f 1713 1723 1569
f 1723 1724 1569
f 1569 1724 1721
f 1570 1722 1725
f 1570 1725 1726
f 1570 1726 1727
f 1570 1727 1571
f 1572 1571 1728
f 1729 1728 1571
f 1729 1571 1727
f 1572 1728 1730
f 1730 1573 1572
f 1574 1573 1702
f 1702 1573 1730
f 1577 1685 1576
f 1731 1685 1577
f 1577 1578 1731
f 1578 1581 1731
f 1579 1732 1733
f 1732 1579 1583
f 1733 1580 1579
f 1582 1579 1580
f 1734 1581 1580
f 1734 1580 1735
f 1733 1735 1580
f 1581 1734 1736
f 1736 1731 1581
f 1583 1585 1732
f 1584 1737 1585
f 1584 1586 1603
f 1738 1584 1603
f 1737 1584 1738
f 1739 1740 1585
f 1740 1741 1585
f 1585 1741 1732
f 1585 1742 1743
f 1585 1737 1742
f 1739 1585 1743
f 1590 1587 1599
f 1744 1589 1588
f 1588 1590 1745
f 1588 1745 1746
f 1588 1746 1744
f 1744 1591 1589
f 1590 1599 1745
f 1592 1591 1744
f 1592 1747 1748
f 1593 1592 1748
f 1592 1744 1747
f 1748 1594 1593
f 1595 1594 1749
f 1594 1748 1749
f 1596 1595 1749
f 1749 1600 1596
f 1599 1598 1711
f 1711 1750 1599
f 1751 1599 1750
f 1745 1599 1751
f 1600 1749 1752
f 1600 1753 1754
f 1755 1602 1600
f 1752 1753 1600
f 1754 1755 1600
f 1602 1756 1601
f 1623 1601 1756
f 1626 1602 1755
f 1756 1602 1626
f 1757 1738 1603
f 1757 1603 1605
f 1758 1604 1617
f 1604 1758 1606
f 1757 1605 1606
f 1759 1606 1758
f 1757 1606 1759
f 1607 1620 1608
f 1607 1760 1620
f 1761 1760 1607
f 1761 1607 1609
f 1609 1615 1761
f 1610 1613 1614
f 1612 1625 1613
f 1613 1762 1614
f 1613 1625 1763
f 1763 1762 1613
f 1614 1762 1764
f 1614 1764 1765
f 1615 1614 1765
f 1615 1765 1766
f 1615 1766 1761
f 1758 1617 1616
f 1767 1616 1618
f 1758 1616 1767
f 1618 1619 1768
f 1618 1769 1767
f 1618 1768 1769
f 1622 1768 1619
f 1621 1620 1770
f 1770 1620 1760
f 1770 1771 1621
f 1622 1621 1771
f 1772 1622 1771
f 1622 1772 1768
f 1626 1623 1756
f 1625 1626 1773
f 1625 1773 1763
f 1755 1773 1626
f 1774 1775 1627
f 1627 1628 1774
f 1627 1775 1630
f 1633 1774 1628
f 1631 1629 1718
f 1718 1629 1630
f 1718 1630 1719
f 1719 1630 1775
f 1720 1631 1718
f 1633 1632 1635
f 1633 1776 1777
f 1633 1635 1778
f 1633 1778 1779
f 1779 1776 1633
f 1777 1774 1633
f 1641 1635 1634
f 1634 1636 1641
f 1635 1780 1778
f 1781 1780 1635
f 1781 1635 1641
f 1640 1636 1642
f 1637 1638 1636
f 1636 1638 1642
f 1641 1636 1640
f 1639 1645 1643
f 1781 1641 1782
f 1643 1782 1641
f 1783 1782 1643
f 1784 1783 1643
f 1785 1784 1643
f 1643 1684 1785
f 1684 1643 1645
f 1684 1645 1644
f 1648 1646 1786
f 1646 1649 1786
f 1647 1787 1662
f 1647 1648 1788
f 1647 1788 1787
f 1789 1788 1648
f 1648 1786 1789
f 1786 1649 1790
f 1650 1791 1649
f 1649 1792 1793
f 1793 1790 1649
f 1792 1649 1791
f 1794 1791 1650
f 1794 1650 1651
f 1652 1795 1651
f 1796 1651 1795
f 1796 1794 1651
f 1797 1795 1652
f 1652 1798 1797
f 1652 1653 1798
f 1653 1654 1799
f 1798 1653 1799
f 1654 1656 1800
f 1800 1799 1654
f 1655 1659 1801
f 1657 1655 1801
f 1656 1802 1800
f 1802 1656 1657
f 1801 1803 1657
f 1803 1802 1657
f 1801 1659 1804
f 1686 1804 1659
f 1805 1661 1660
f 1805 1660 1806
f 1662 1806 1660
f 1674 1661 1805
f 1787 1807 1662
f 1662 1807 1806
f 1663 1670 1665
f 1683 1682 1664
f 1664 1667 1683
f 1808 1665 1670
f 1809 1666 1665
f 1665 1810 1809
f 1808 1810 1665
f 1811 1668 1666
f 1666 1809 1811
f 1812 1813 1667
f 1667 1669 1814
f 1667 1813 1815
f 1815 1683 1667
f 1814 1812 1667
f 1816 1669 1668
f 1668 1811 1816
f 1814 1669 1817
f 1816 1817 1669
f 1673 1808 1670
f 1670 1671 1673
f 1673 1671 1672
f 1679 1808 1673
f 1806 1675 1674
f 1674 1805 1806
f 1806 1807 1675
f 1676 1675 1818
f 1807 1818 1675
f 1819 1677 1676
f 1820 1821 1676
f 1821 1819 1676
f 1676 1818 1820
f 1677 1822 1681
f 1822 1677 1819
f 1678 1823 1824
f 1678 1825 1680
f 1824 1825 1678
f 1678 1681 1826
f 1826 1823 1678
f 1680 1827 1679
f 1679 1828 1810
f 1810 1808 1679
f 1827 1828 1679
f 1827 1680 1825
f 1681 1822 1829
f 1826 1681 1830
f 1681 1829 1830
f 1683 1785 1684
f 1683 1815 1785
f 1687 1685 1731
f 1804 1686 1687
f 1736 1687 1731
f 1687 1802 1803
f 1802 1687 1736
f 1804 1687 1803
f 1694 1688 1689
f 1694 1831 1688
f 1831 1708 1688
f 1701 1832 1690
f 1692 1690 1832
f 1691 1692 1833
f 1834 1693 1691
f 1833 1834 1691
f 1835 1692 1832
f 1692 1835 1833
f 1836 1693 1834
f 1695 1693 1836
f 1706 1694 1837
f 1694 1697 1837
f 1831 1694 1706
f 1695 1838 1696
f 1838 1695 1836
f 1839 1697 1696
f 1839 1696 1838
f 1697 1839 1837
f 1698 1730 1699
f 1702 1730 1698
f 1699 1840 1700
f 1729 1699 1728
f 1699 1730 1728
f 1699 1729 1840
f 1700 1841 1842
f 1841 1700 1840
f 1701 1700 1842
f 1842 1843 1701
f 1701 1843 1844
f 1832 1701 1844
f 1845 1709 1704
f 1846 1704 1705
f 1847 1704 1848
f 1704 1846 1848
f 1845 1704 1847
f 1849 1850 1705
f 1705 1850 1846
f 1849 1705 1707
f 1706 1837 1707
f 1706 1708 1831
f 1707 1837 1851
f 1851 1849 1707
f 1709 1852 1710
f 1845 1852 1709
f 1853 1710 1852
f 1854 1712 1710
f 1853 1854 1710
f 1750 1711 1712
f 1750 1712 1854
f 1855 1723 1713
f 1855 1713 1856
f 1856 1713 1857
f 1857 1713 1716
f 1714 1717 1858
f 1859 1714 1858
f 1859 1860 1714
f 1715 1714 1861
f 1714 1862 1861
f 1714 1860 1862
f 1715 1863 1716
f 1715 1861 1864
f 1865 1866 1715
f 1864 1865 1715
f 1715 1866 1863
f 1863 1857 1716
f 1719 1867 1717
f 1858 1717 1867
f 1867 1719 1775
f 1721 1724 1722
f 1724 1725 1722
f 1724 1723 1725
f 1725 1723 1868
f 1868 1723 1855
f 1725 1868 1726
f 1869 1727 1726
f 1870 1869 1726
f 1726 1868 1870
f 1727 1869 1729
f 1729 1869 1840
f 1732 1871 1733
f 1871 1732 1741
f 1871 1872 1733
f 1872 1873 1733
f 1735 1733 1873
f 1874 1736 1734
f 1874 1734 1875
f 1876 1875 1734
f 1876 1734 1873
f 1873 1734 1735
f 1877 1736 1874
f 1736 1877 1878
f 1878 1802 1736
f 1742 1737 1738
f 1738 1757 1879
f 1879 1742 1738
f 1880 1740 1739
f 1739 1743 1881
f 1881 1880 1739
f 1741 1740 1871
f 1740 1872 1871
f 1880 1872 1740
f 1879 1743 1742
f 1882 1743 1883
f 1881 1743 1882
f 1883 1743 1879
f 1747 1744 1746
f 1746 1745 1884
f 1884 1745 1751
f 1747 1746 1884
f 1748 1747 1885
f 1884 1845 1747
f 1845 1847 1747
f 1747 1847 1885
f 1886 1748 1887
f 1887 1748 1885
f 1748 1886 1749
f 1749 1886 1752
f 1853 1751 1750
f 1853 1750 1854
f 1884 1751 1853
f 1753 1752 1888
f 1752 1886 1888
f 1753 1889 1754
f 1890 1891 1753
f 1753 1892 1890
f 1887 1893 1753
f 1753 1888 1887
f 1889 1753 1891
f 1753 1893 1894
f 1753 1894 1892
f 1895 1896 1754
f 1754 1896 1897
f 1754 1897 1898
f 1895 1754 1889
f 1754 1899 1755
f 1899 1754 1898
f 1773 1755 1899
f 1757 1759 1900
f 1900 1901 1757
f 1901 1879 1757
f 1759 1758 1902
f 1902 1758 1767
f 1759 1903 1900
f 1903 1759 1902
f 1904 1905 1760
f 1904 1760 1761
f 1905 1906 1760
f 1760 1906 1770
f 1907 1761 1766
f 1908 1904 1761
f 1761 1907 1908
f 1764 1762 1763
f 1764 1763 1899
f 1773 1899 1763
f 1764 1899 1765
f 1909 1765 1899
f 1766 1765 1909
f 1910 1766 1909
f 1766 1910 1907
f 1911 1912 1767
f 1767 1912 1902
f 1913 1767 1769
f 1911 1767 1913
f 1769 1768 1914
f 1914 1768 1772
f 1769 1915 1913
f 1914 1915 1769
f 1771 1770 1916
f 1770 1917 1916
f 1918 1917 1770
f 1770 1906 1918
f 1771 1919 1772
f 1771 1920 1919
f 1771 1916 1920
f 1919 1921 1772
f 1772 1921 1914
f 1858 1774 1777
f 1775 1774 1858
f 1775 1858 1867
f 1776 1922 1777
f 1776 1779 1922
f 1777 1859 1858
f 1923 1859 1777
f 1777 1922 1923
f 1779 1778 1780
f 1780 1924 1779
f 1925 1779 1924
f 1922 1779 1926
f 1925 1926 1779
f 1780 1927 1924
f 1780 1781 1927
f 1781 1782 1927
f 1782 1928 1927
f 1928 1782 1783
f 1783 1929 1928
f 1929 1783 1784
f 1929 1784 1813
f 1815 1813 1784
f 1784 1785 1815
f 1930 1789 1786
f 1930 1786 1790
f 1787 1788 1807
f 1789 1807 1788
f 1818 1807 1789
f 1789 1930 1818
f 1790 1793 1931
f 1930 1790 1931
f 1791 1794 1932
f 1932 1792 1791
f 1793 1792 1933
f 1792 1932 1933
f 1934 1793 1933
f 1793 1934 1931
f 1932 1794 1796
f 1935 1795 1797
f 1935 1936 1795
f 1796 1795 1936
f 1937 1796 1936
f 1796 1937 1932
f 1938 1797 1939
f 1940 1797 1798
f 1941 1935 1797
f 1797 1940 1939
f 1941 1797 1938
f 1798 1942 1940
f 1942 1798 1799
f 1799 1800 1942
f 1800 1943 1944
f 1800 1802 1943
f 1942 1800 1944
f 1803 1801 1804
f 1802 1878 1943
f 1809 1945 1811
f 1809 1946 1945
f 1946 1809 1810
f 1828 1946 1810
f 1947 1948 1811
f 1811 1945 1947
f 1811 1948 1949
f 1950 1816 1811
f 1811 1949 1950
f 1951 1813 1812
f 1814 1952 1812
f 1812 1953 1951
f 1953 1812 1952
f 1813 1954 1929
f 1951 1954 1813
f 1950 1952 1814
f 1817 1950 1814
f 1817 1816 1950
f 1930 1820 1818
f 1829 1822 1819
f 1819 1821 1830
f 1830 1829 1819
f 1955 1821 1820
f 1931 1820 1930
f 1931 1934 1820
f 1934 1955 1820
f 1956 1830 1821
f 1821 1955 1957
f 1956 1821 1957
f 1958 1824 1823
f 1959 1958 1823
f 1823 1826 1830
f 1959 1823 1960
f 1830 1960 1823
f 1961 1824 1962
f 1825 1824 1961
f 1958 1962 1824
f 1825 1963 1964
f 1964 1827 1825
f 1963 1825 1961
f 1827 1965 1966
f 1965 1827 1964
f 1966 1828 1827
f 1946 1828 1966
f 1967 1960 1830
f 1830 1956 1967
f 1844 1968 1832
f 1969 1832 1968
f 1832 1969 1835
f 1833 1835 1970
f 1971 1972 1833
f 1833 1972 1834
f 1970 1971 1833
f 1972 1836 1834
f 1835 1969 1973
f 1973 1974 1835
f 1975 1970 1835
f 1975 1835 1974
f 1838 1836 1972
f 1851 1837 1839
f 1838 1976 1839
f 1977 1838 1972
f 1976 1838 1977
f 1849 1839 1978
f 1849 1851 1839
f 1978 1839 1976
f 1870 1841 1840
f 1840 1869 1870
f 1842 1841 1979
f 1979 1841 1870
f 1842 1979 1980
f 1980 1843 1842
f 1843 1980 1981
f 1981 1844 1843
f 1968 1844 1982
f 1844 1981 1982
f 1845 1853 1852
f 1845 1884 1853
f 1983 1846 1850
f 1848 1846 1983
f 1984 1847 1848
f 1885 1847 1984
f 1848 1983 1984
f 1850 1849 1985
f 1978 1985 1849
f 1985 1986 1850
f 1850 1986 1987
f 1987 1988 1850
f 1850 1988 1983
f 1868 1855 1856
f 1856 1857 1989
f 1856 1989 1990
f 1990 1868 1856
f 1991 1992 1857
f 1857 1992 1993
f 1857 1993 1989
f 1857 1994 1995
f 1995 1991 1857
f 1857 1863 1996
f 1996 1994 1857
f 1923 1860 1859
f 1997 1860 1923
f 1997 1862 1860
f 1864 1861 1926
f 1861 1998 1926
f 1998 1861 1862
f 1998 1862 1997
f 1999 1863 1866
f 2000 1863 1999
f 2000 1996 1863
f 1864 1926 1865
f 1999 1866 1865
f 1865 1926 1925
f 1925 2001 1865
f 1865 2001 1999
f 1990 2002 1868
f 1870 1868 2002
f 1979 1870 2003
f 2002 2003 1870
f 1873 1872 1880
f 1873 2004 1876
f 2005 1873 1880
f 2004 1873 2005
f 1877 1874 2006
f 1875 2007 1874
f 1874 2007 2006
f 1875 1876 2007
f 2008 1876 2004
f 2007 1876 2008
f 2006 2009 1877
f 1877 2009 1878
f 2009 1943 1878
f 2010 1879 1901
f 1879 2010 1883
f 2005 1880 1881
f 1881 1882 2005
f 2011 1882 1883
f 1882 2012 2005
f 2013 2012 1882
f 2014 1882 2011
f 2014 2013 1882
f 1883 2015 2011
f 2015 1883 2010
f 1885 2016 1887
f 1885 1984 1893
f 1885 1893 2016
f 1887 1888 1886
f 1893 1887 2016
f 2017 1895 1889
f 2018 2017 1889
f 2018 1889 2019
f 1889 1891 2019
f 1890 2020 1891
f 2021 2022 1890
f 2022 2023 1890
f 1892 2021 1890
f 1986 2020 1890
f 1890 2023 1986
f 1891 2020 2024
f 2025 2019 1891
f 2025 1891 2024
f 1894 2021 1892
f 1983 2026 1893
f 1893 2026 1894
f 1893 1984 1983
f 2026 2027 1894
f 1894 2027 2021
f 1896 1895 2028
f 2028 1895 2017
f 2028 2029 1896
f 1896 2029 1897
f 1897 2029 2030
f 1898 1897 2030
f 2031 1898 2030
f 1898 2031 1899
f 1899 2032 1909
f 1899 2031 2033
f 2033 2032 1899
f 2010 1900 1903
f 1901 1900 2010
f 2034 1902 1912
f 1902 2034 1903
f 2010 1903 2035
f 2034 2035 1903
f 1904 2036 1905
f 1908 2037 1904
f 1904 2037 2036
f 1906 1905 2038
f 2038 1905 2036
f 2039 1918 1906
f 2039 1906 2038
f 1907 1910 1908
f 1910 2040 1908
f 2037 1908 2040
f 2041 1909 2032
f 2041 2042 1909
f 1909 2042 1910
f 1910 2042 2040
f 2034 1912 1911
f 2034 1911 1913
f 1915 2043 1913
f 1913 2043 2044
f 1913 2044 2045
f 1913 2045 2046
f 2046 2034 1913
f 1921 2047 1914
f 1914 2043 1915
f 2048 2043 1914
f 2047 2048 1914
f 1916 1917 1920
f 1917 1918 1920
f 1920 1918 2049
f 1918 2039 2050
f 2050 2049 1918
f 1920 2049 1919
f 1919 2051 2052
f 2051 1919 2049
f 2053 1919 2052
f 2053 1921 1919
f 2053 2047 1921
f 1923 1922 1997
f 1997 1922 1926
f 1924 2054 1925
f 2055 2054 1924
f 1924 1927 2055
f 2054 2001 1925
f 1997 1926 1998
f 2055 1927 1928
f 1928 2056 2055
f 1954 2056 1928
f 1954 1928 1929
f 1933 1932 1937
f 1933 2057 1934
f 2057 1933 1937
f 2058 1955 1934
f 1934 2057 2059
f 1934 2059 2058
f 2060 1935 2061
f 1941 2061 1935
f 1935 2060 1936
f 2062 1936 2063
f 1936 2062 1937
f 2060 2063 1936
f 2057 1937 2062
f 1939 2064 1938
f 1938 2065 2061
f 1938 2066 2067
f 2064 2066 1938
f 2067 2065 1938
f 2061 1941 1938
f 1940 1942 1939
f 1939 1942 2068
f 1939 2068 2064
f 1944 2069 1942
f 1942 2069 2070
f 1942 2070 2068
f 1944 1943 2009
f 2071 1944 2008
f 1944 2009 2008
f 2069 1944 2071
f 1947 1945 2072
f 2073 1945 1946
f 2073 2072 1945
f 2074 1946 2075
f 1946 2074 2073
f 2075 1946 1965
f 1946 1966 1965
f 1948 1947 2076
f 2076 1947 2072
f 2077 1949 1948
f 2076 2078 1948
f 2078 2077 1948
f 1953 1949 2077
f 1949 1953 1950
f 1953 1952 1950
f 2079 1954 1951
f 1951 1953 2077
f 1951 2077 2079
f 1954 2079 2056
f 2058 1957 1955
f 1956 1957 1967
f 2080 1957 2058
f 1957 2080 2081
f 1957 2081 1967
f 2082 1962 1958
f 1958 1959 2083
f 1958 2083 2084
f 2084 2082 1958
f 1959 2085 2083
f 2086 2085 1959
f 1960 2086 1959
f 2081 2087 1960
f 1960 1967 2081
f 2086 1960 2087
f 1961 1962 2088
f 1963 1961 2089
f 1961 2088 2089
f 2088 1962 2090
f 2082 2090 1962
f 1963 2091 1964
f 1963 2092 2091
f 1963 2089 2093
f 2093 2092 1963
f 1965 1964 2091
f 2094 1965 2095
f 1965 2096 2075
f 2097 2095 1965
f 2091 2097 1965
f 2094 2098 1965
f 1965 2098 2096
f 1968 1982 2099
f 1969 1968 2100
f 1968 2099 2101
f 2101 2100 1968
f 2102 1969 2100
f 1969 2102 1973
f 2103 1970 1975
f 1977 1971 1970
f 1970 2103 1977
f 1972 1971 1977
f 2102 2104 1973
f 2105 1973 2104
f 2105 1974 1973
f 2106 1974 2105
f 1975 1974 2106
f 1975 2106 2107
f 2107 2103 1975
f 1978 1976 2108
f 2103 2109 1976
f 1976 1977 2103
f 2108 1976 2109
f 1985 1978 2110
f 1978 2111 2110
f 1978 2112 2111
f 2108 2112 1978
f 2003 1980 1979
f 2113 1980 2003
f 2113 2114 1980
f 1980 2114 2115
f 2115 1981 1980
f 2115 2116 1981
f 1982 1981 2116
f 2117 1982 2116
f 1982 2117 2099
f 1983 2027 2026
f 1988 2027 1983
f 2024 1986 1985
f 2118 2119 1985
f 1985 2110 2118
f 1985 2119 2024
f 1986 2023 1987
f 2024 2020 1986
f 2022 1988 1987
f 2023 2022 1987
f 2027 1988 2022
f 1993 1990 1989
f 1993 2120 1990
f 2120 2002 1990
f 1992 1991 2003
f 2003 1991 1995
f 1993 1992 2120
f 1992 2003 2120
f 2121 1995 1994
f 2121 1994 2122
f 1994 2123 2122
f 1996 2123 1994
f 2003 1995 2113
f 2124 2113 1995
f 2124 1995 2121
f 1996 2125 2123
f 2126 1996 2000
f 2126 2125 1996
f 1999 2001 2127
f 1999 2127 2000
f 2000 2127 2128
f 2000 2128 2126
f 2001 2054 2127
f 2002 2120 2003
f 2004 2005 2012
f 2008 2004 2012
f 2009 2006 2007
f 2009 2007 2008
f 2013 2071 2008
f 2008 2012 2013
f 2035 2015 2010
f 2014 2011 2015
f 2071 2013 2129
f 2013 2014 2130
f 2129 2013 2130
f 2015 2131 2014
f 2131 2130 2014
f 2131 2015 2132
f 2035 2133 2015
f 2132 2015 2133
f 2134 2028 2017
f 2134 2017 2018
f 2018 2019 2135
f 2135 2134 2018
f 2019 2136 2137
f 2138 2019 2139
f 2135 2019 2138
f 2137 2139 2019
f 2136 2019 2025
f 2022 2021 2027
f 2140 2024 2119
f 2025 2024 2140
f 2140 2141 2025
f 2025 2141 2136
f 2134 2142 2028
f 2142 2029 2028
f 2030 2029 2142
f 2030 2142 2143
f 2030 2144 2031
f 2030 2143 2144
f 2033 2031 2144
f 2032 2033 2144
f 2032 2144 2041
f 2046 2035 2034
f 2035 2046 2145
f 2145 2133 2035
f 2036 2146 2147
f 2037 2148 2036
f 2036 2147 2038
f 2036 2148 2149
f 2036 2149 2146
f 2037 2150 2148
f 2037 2040 2151
f 2037 2151 2152
f 2150 2037 2152
f 2038 2050 2039
f 2153 2038 2147
f 2038 2153 2050
f 2040 2042 2151
f 2144 2154 2041
f 2151 2042 2041
f 2155 2041 2154
f 2041 2155 2156
f 2041 2156 2151
f 2044 2043 2157
f 2043 2048 2157
f 2044 2157 2158
f 2044 2158 2045
f 2045 2158 2046
f 2158 2145 2046
f 2159 2048 2047
f 2160 2159 2047
f 2047 2053 2160
f 2157 2048 2159
f 2049 2050 2153
f 2153 2161 2049
f 2049 2161 2051
f 2052 2051 2162
f 2051 2161 2162
f 2052 2163 2053
f 2162 2163 2052
f 2164 2165 2053
f 2053 2163 2164
f 2053 2165 2160
f 2127 2054 2055
f 2128 2127 2055
f 2056 2128 2055
f 2128 2056 2166
f 2167 2168 2056
f 2166 2056 2169
f 2168 2169 2056
f 2056 2079 2167
f 2170 2059 2057
f 2057 2062 2170
f 2080 2058 2171
f 2058 2059 2171
f 2170 2172 2059
f 2171 2059 2173
f 2173 2059 2172
f 2061 2174 2060
f 2172 2170 2060
f 2060 2170 2063
f 2174 2172 2060
f 2175 2061 2065
f 2174 2061 2175
f 2062 2063 2170
f 2176 2177 2064
f 2064 2068 2176
f 2178 2064 2177
f 2064 2179 2066
f 2178 2179 2064
f 2180 2175 2065
f 2181 2180 2065
f 2065 2182 2181
f 2182 2065 2067
f 2067 2066 2179
f 2067 2179 2178
f 2067 2178 2182
f 2068 2070 2176
f 2071 2183 2069
f 2070 2069 2183
f 2070 2183 2184
f 2185 2070 2184
f 2176 2070 2185
f 2071 2186 2183
f 2129 2186 2071
f 2074 2076 2072
f 2073 2074 2072
f 2074 2187 2076
f 2075 2096 2074
f 2188 2187 2074
f 2074 2189 2190
f 2190 2188 2074
f 2191 2189 2074
f 2096 2191 2074
f 2192 2078 2076
f 2076 2187 2192
f 2079 2077 2167
f 2077 2193 2167
f 2078 2193 2077
f 2192 2194 2078
f 2078 2194 2193
f 2171 2195 2080
f 2195 2081 2080
f 2081 2195 2087
f 2090 2082 2196
f 2196 2082 2197
f 2198 2197 2082
f 2199 2198 2082
f 2082 2084 2199
f 2084 2083 2200
f 2083 2085 2200
f 2199 2084 2201
f 2201 2084 2200
f 2086 2202 2085
f 2202 2200 2085
f 2086 2203 2202
f 2203 2086 2087
f 2203 2087 2195
f 2196 2089 2088
f 2088 2090 2196
f 2196 2204 2089
f 2205 2093 2089
f 2089 2204 2205
f 2095 2097 2091
f 2092 2095 2091
f 2206 2207 2092
f 2092 2207 2095
f 2093 2206 2092
f 2208 2206 2093
f 2093 2205 2208
f 2095 2207 2094
f 2209 2098 2094
f 2094 2210 2209
f 2211 2210 2094
f 2207 2211 2094
f 2191 2096 2098
f 2209 2212 2098
f 2098 2212 2189
f 2098 2189 2191
f 2099 2213 2101
f 2214 2099 2117
f 2215 2099 2214
f 2213 2099 2215
f 2101 2216 2100
f 2216 2217 2100
f 2102 2100 2217
f 2213 2218 2101
f 2218 2216 2101
f 2217 2104 2102
f 2219 2103 2107
f 2103 2219 2220
f 2220 2109 2103
f 2221 2104 2217
f 2222 2104 2221
f 2222 2105 2104
f 2105 2223 2107
f 2107 2106 2105
f 2105 2222 2223
f 2223 2224 2107
f 2107 2224 2225
f 2219 2107 2225
f 2226 2112 2108
f 2108 2227 2226
f 2108 2228 2227
f 2109 2228 2108
f 2229 2230 2109
f 2230 2231 2109
f 2229 2109 2232
f 2109 2220 2232
f 2228 2109 2231
f 2118 2110 2233
f 2233 2110 2234
f 2111 2234 2110
f 2112 2234 2111
f 2112 2226 2235
f 2112 2235 2234
f 2113 2236 2237
f 2113 2237 2114
f 2238 2113 2124
f 2238 2236 2113
f 2239 2115 2114
f 2239 2114 2237
f 2115 2240 2117
f 2117 2116 2115
f 2115 2239 2240
f 2240 2214 2117
f 2119 2118 2241
f 2241 2118 2233
f 2242 2119 2241
f 2140 2119 2242
f 2243 2124 2121
f 2243 2121 2122
f 2122 2123 2244
f 2122 2245 2243
f 2245 2122 2246
f 2246 2122 2244
f 2244 2123 2247
f 2123 2125 2247
f 2243 2238 2124
f 2248 2125 2126
f 2125 2248 2247
f 2126 2128 2166
f 2126 2166 2248
f 2176 2249 2129
f 2129 2177 2176
f 2129 2130 2177
f 2250 2186 2129
f 2249 2250 2129
f 2177 2130 2131
f 2132 2251 2131
f 2251 2177 2131
f 2251 2132 2252
f 2252 2132 2133
f 2133 2145 2252
f 2143 2142 2134
f 2143 2134 2135
f 2138 2143 2135
f 2136 2253 2137
f 2136 2141 2254
f 2136 2254 2253
f 2137 2255 2139
f 2256 2137 2253
f 2255 2137 2256
f 2138 2139 2257
f 2143 2138 2154
f 2257 2154 2138
f 2258 2139 2255
f 2139 2258 2257
f 2140 2242 2259
f 2260 2141 2140
f 2259 2260 2140
f 2141 2261 2254
f 2260 2261 2141
f 2154 2144 2143
f 2145 2158 2262
f 2263 2145 2262
f 2145 2263 2252
f 2147 2146 2264
f 2265 2264 2146
f 2146 2149 2266
f 2266 2265 2146
f 2267 2268 2147
f 2147 2264 2267
f 2147 2268 2153
f 2149 2148 2150
f 2149 2150 2269
f 2269 2270 2149
f 2149 2270 2271
f 2149 2271 2266
f 2150 2156 2272
f 2273 2150 2272
f 2150 2152 2156
f 2150 2274 2275
f 2273 2274 2150
f 2276 2269 2150
f 2275 2276 2150
f 2151 2156 2152
f 2161 2153 2277
f 2277 2153 2268
f 2154 2257 2155
f 2257 2278 2155
f 2155 2278 2279
f 2155 2280 2156
f 2155 2279 2281
f 2155 2281 2280
f 2156 2280 2282
f 2156 2283 2272
f 2156 2282 2283
f 2157 2262 2158
f 2262 2157 2159
f 2262 2159 2160
f 2160 2263 2262
f 2165 2263 2160
f 2162 2161 2277
f 2163 2162 2164
f 2284 2285 2162
f 2162 2277 2284
f 2164 2162 2285
f 2285 2165 2164
f 2252 2165 2285
f 2263 2165 2252
f 2248 2166 2169
f 2167 2193 2168
f 2247 2168 2286
f 2247 2169 2168
f 2193 2286 2168
f 2248 2169 2247
f 2195 2171 2203
f 2171 2287 2203
f 2171 2174 2288
f 2288 2287 2171
f 2174 2171 2173
f 2173 2172 2174
f 2289 2174 2175
f 2288 2174 2290
f 2290 2174 2289
f 2175 2180 2289
f 2176 2185 2249
f 2177 2251 2291
f 2291 2178 2177
f 2178 2291 2182
f 2180 2181 2292
f 2289 2180 2293
f 2292 2293 2180
f 2294 2292 2181
f 2182 2294 2181
f 2182 2291 2295
f 2294 2182 2296
f 2295 2296 2182
f 2184 2183 2186
f 2185 2184 2250
f 2186 2250 2184
f 2185 2250 2249
f 2297 2192 2187
f 2187 2298 2297
f 2188 2298 2187
f 2298 2188 2190
f 2189 2299 2190
f 2299 2189 2300
f 2300 2189 2212
f 2190 2299 2298
f 2286 2194 2192
f 2301 2302 2192
f 2302 2286 2192
f 2192 2297 2301
f 2194 2286 2193
f 2303 2196 2304
f 2305 2196 2303
f 2196 2305 2204
f 2304 2196 2197
f 2197 2198 2306
f 2306 2304 2197
f 2307 2198 2199
f 2307 2308 2198
f 2308 2306 2198
f 2201 2202 2199
f 2199 2202 2309
f 2309 2310 2199
f 2311 2199 2310
f 2199 2311 2307
f 2202 2201 2200
f 2287 2309 2202
f 2202 2203 2287
f 2312 2205 2204
f 2204 2305 2312
f 2208 2205 2313
f 2313 2205 2312
f 2314 2207 2206
f 2206 2315 2314
f 2316 2206 2208
f 2206 2316 2315
f 2314 2211 2207
f 2208 2317 2316
f 2318 2208 2313
f 2208 2319 2317
f 2319 2208 2318
f 2210 2212 2209
f 2210 2211 2320
f 2320 2212 2210
f 2320 2211 2315
f 2314 2315 2211
f 2321 2322 2212
f 2212 2320 2321
f 2322 2300 2212
f 2215 2323 2213
f 2213 2323 2324
f 2213 2324 2325
f 2325 2218 2213
f 2240 2326 2214
f 2215 2214 2326
f 2326 2323 2215
f 2327 2216 2218
f 2328 2216 2327
f 2328 2217 2216
f 2221 2217 2328
f 2329 2218 2325
f 2327 2218 2329
f 2232 2219 2225
f 2219 2232 2220
f 2221 2330 2331
f 2328 2330 2221
f 2221 2331 2222
f 2222 2331 2223
f 2223 2332 2224
f 2332 2223 2331
f 2333 2224 2332
f 2224 2333 2225
f 2232 2225 2229
f 2229 2225 2333
f 2226 2227 2235
f 2235 2227 2334
f 2335 2334 2227
f 2227 2228 2335
f 2228 2336 2335
f 2336 2228 2231
f 2322 2230 2229
f 2229 2337 2322
f 2229 2333 2337
f 2321 2230 2322
f 2321 2231 2230
f 2336 2231 2320
f 2231 2321 2320
f 2338 2241 2233
f 2233 2234 2235
f 2334 2233 2235
f 2339 2233 2334
f 2233 2339 2338
f 2340 2237 2236
f 2236 2341 2340
f 2342 2236 2238
f 2341 2236 2342
f 2340 2239 2237
f 2343 2238 2243
f 2342 2238 2343
f 2239 2340 2240
f 2340 2344 2240
f 2345 2240 2344
f 2240 2345 2326
f 2242 2241 2338
f 2346 2259 2242
f 2338 2347 2242
f 2346 2242 2347
f 2243 2245 2343
f 2247 2246 2244
f 2348 2343 2245
f 2246 2349 2245
f 2348 2245 2349
f 2286 2246 2247
f 2302 2246 2286
f 2349 2246 2302
f 2251 2350 2291
f 2251 2252 2350
f 2296 2295 2252
f 2285 2296 2252
f 2252 2295 2350
f 2254 2351 2253
f 2352 2253 2351
f 2256 2253 2353
f 2352 2353 2253
f 2261 2351 2254
f 2256 2354 2255
f 2255 2354 2258
f 2354 2256 2353
f 2278 2257 2258
f 2355 2279 2258
f 2278 2258 2279
f 2258 2354 2355
f 2259 2346 2356
f 2259 2356 2260
f 2260 2356 2261
f 2356 2351 2261
f 2265 2267 2264
f 2267 2265 2266
f 2357 2267 2266
f 2266 2358 2359
f 2271 2358 2266
f 2357 2266 2359
f 2267 2357 2268
f 2277 2268 2284
f 2284 2268 2290
f 2268 2357 2290
f 2276 2360 2269
f 2311 2361 2269
f 2269 2361 2270
f 2269 2360 2311
f 2270 2361 2362
f 2270 2362 2271
f 2362 2358 2271
f 2272 2283 2273
f 2363 2273 2283
f 2363 2364 2273
f 2273 2364 2365
f 2273 2365 2274
f 2365 2275 2274
f 2366 2360 2275
f 2366 2275 2365
f 2275 2360 2276
f 2367 2279 2303
f 2368 2279 2355
f 2279 2368 2303
f 2281 2279 2367
f 2280 2281 2282
f 2281 2369 2282
f 2281 2367 2369
f 2363 2283 2282
f 2369 2370 2282
f 2282 2370 2363
f 2284 2371 2285
f 2284 2290 2289
f 2284 2289 2293
f 2293 2371 2284
f 2371 2372 2285
f 2285 2372 2296
f 2288 2373 2287
f 2287 2373 2309
f 2373 2288 2290
f 2290 2359 2373
f 2290 2357 2359
f 2295 2291 2350
f 2374 2292 2294
f 2293 2292 2374
f 2293 2374 2371
f 2375 2374 2294
f 2375 2294 2296
f 2375 2296 2372
f 2348 2349 2297
f 2297 2376 2348
f 2297 2349 2301
f 2377 2378 2297
f 2378 2376 2297
f 2299 2297 2298
f 2377 2297 2299
f 2299 2379 2377
f 2379 2299 2300
f 2322 2380 2300
f 2300 2380 2379
f 2349 2302 2301
f 2369 2303 2304
f 2367 2303 2369
f 2303 2368 2305
f 2370 2304 2306
f 2304 2370 2369
f 2368 2381 2305
f 2312 2305 2381
f 2306 2308 2370
f 2366 2308 2307
f 2366 2307 2311
f 2370 2308 2363
f 2364 2308 2366
f 2363 2308 2364
f 2382 2310 2309
f 2383 2382 2309
f 2383 2309 2373
f 2310 2361 2311
f 2361 2310 2382
f 2311 2360 2366
f 2384 2312 2381
f 2385 2312 2384
f 2312 2385 2313
f 2313 2385 2318
f 2315 2386 2320
f 2315 2316 2387
f 2387 2386 2315
f 2388 2316 2317
f 2316 2388 2387
f 2389 2317 2347
f 2347 2317 2319
f 2317 2389 2388
f 2318 2390 2319
f 2318 2391 2390
f 2391 2318 2384
f 2384 2318 2385
f 2319 2390 2347
f 2336 2320 2386
f 2380 2322 2337
f 2392 2323 2393
f 2345 2393 2323
f 2323 2326 2345
f 2323 2392 2324
f 2329 2325 2324
f 2324 2392 2329
f 2329 2394 2327
f 2327 2394 2328
f 2328 2394 2330
f 2394 2329 2392
f 2332 2331 2330
f 2332 2330 2394
f 2333 2332 2337
f 2337 2332 2380
f 2394 2380 2332
f 2339 2334 2389
f 2388 2389 2334
f 2334 2335 2388
f 2386 2335 2336
f 2335 2386 2388
f 2338 2339 2389
f 2347 2338 2389
f 2341 2395 2340
f 2344 2340 2395
f 2342 2376 2341
f 2341 2376 2395
f 2376 2342 2348
f 2343 2348 2342
f 2395 2396 2344
f 2345 2344 2396
f 2345 2378 2397
f 2393 2345 2397
f 2378 2345 2396
f 2398 2346 2390
f 2398 2356 2346
f 2390 2346 2347
f 2399 2351 2400
f 2351 2356 2400
f 2351 2399 2352
f 2399 2401 2352
f 2352 2401 2353
f 2353 2402 2354
f 2401 2402 2353
f 2381 2368 2354
f 2354 2402 2381
f 2355 2354 2368
f 2400 2356 2398
f 2403 2359 2358
f 2403 2358 2362
f 2373 2359 2383
f 2403 2383 2359
f 2361 2382 2403
f 2362 2361 2403
f 2365 2364 2366
f 2371 2374 2375
f 2371 2375 2372
f 2396 2395 2376
f 2396 2376 2378
f 2404 2378 2377
f 2404 2377 2379
f 2397 2378 2405
f 2378 2404 2405
f 2406 2379 2380
f 2406 2404 2379
f 2380 2394 2407
f 2407 2406 2380
f 2384 2381 2402
f 2382 2383 2403
f 2384 2401 2408
f 2402 2401 2384
f 2408 2391 2384
f 2387 2388 2386
f 2391 2398 2390
f 2408 2398 2391
f 2394 2392 2393
f 2397 2407 2393
f 2394 2393 2407
f 2407 2397 2406
f 2397 2405 2406
f 2398 2399 2400
f 2399 2398 2408
f 2408 2401 2399
f 2406 2405 2404
