# Generated by Visualization Toolkit
v -0.004400644451379776 0.5060485005378723 0.036809880286455154
v -0.0024139732122421265 0.5040113925933838 0.036890774965286255
v -0.0011745821684598923 0.5051171779632568 0.03321344032883644
v -0.004302123561501503 0.5070191025733948 0.03403788432478905
v -0.006743032485246658 0.5044488906860352 0.03670448437333107
v -0.005115790292620659 0.5023312568664551 0.03591584041714668
v -0.007187625393271446 0.5057497620582581 0.034356970340013504
v -0.006252320483326912 0.5033960342407227 0.033799584954977036
v 0.00007805600762367249 0.49935975670814514 0.03465333953499794
v -0.00047390349209308624 0.5014222860336304 0.0365293025970459
v -0.0033700428903102875 0.500619649887085 0.03492935001850128
v -0.002154119312763214 0.49918287992477417 0.03311063349246979
v 0.0010402016341686249 0.5009384155273438 0.03268332779407501
v 0.0009513609111309052 0.5031652450561523 0.033678725361824036
v -0.00045919232070446014 0.5004412531852722 0.03114793822169304
v 0.002274051308631897 0.5040523409843445 0.030239788815379143
v 0.0013793446123600006 0.5053958296775818 0.030073311179876328
v 0.0008034501224756241 0.5045523643493652 0.029372498393058777
v -0.0018379297107458115 0.504962682723999 0.030683575198054314
v -0.005077222362160683 0.506801426410675 0.03035256825387478
v -0.002053743228316307 0.5025310516357422 0.030264688655734062
v -0.0037850365042686462 0.5006246566772461 0.031286515295505524
v -0.005666615441441536 0.5018637776374817 0.02903752774000168
v -0.004902267828583717 0.5040345788002014 0.028933893889188766
v 0.0007182806730270386 0.5031577348709106 0.028911780565977097
v 0.0012164264917373657 0.5017386674880981 0.02898317761719227
v -0.008103623986244202 0.5073078274726868 0.031481631100177765
v -0.007664119824767113 0.5070050954818726 0.027175776660442352
v -0.009490223601460457 0.5075422525405884 0.027794230729341507
v -0.007176768034696579 0.5051164627075195 0.0267386045306921
v 0.0012105312198400497 0.5015129446983337 0.021947313100099564
v 0.0027197450399398804 0.5025377869606018 0.023357683792710304
v 0.001253027468919754 0.5046939849853516 0.02386458031833172
v -0.0010995827615261078 0.5047286152839661 0.022639602422714233
v 0.0007124245166778564 0.4985731542110443 0.02075386792421341
v 0.0049293152987957 0.5001079440116882 0.017456211149692535
v 0.006310377269983292 0.5038002133369446 0.01884380541741848
v 0.0056111253798007965 0.5037630200386047 0.022929465398192406
v 0.0031384527683258057 0.5101594924926758 0.023467890918254852
v 0.005951132625341415 0.5074329376220703 0.02311982400715351
v 0.007406700402498245 0.5091258883476257 0.018650660291314125
v 0.0038677863776683807 0.5119121670722961 0.018048599362373352
v -0.005087435245513916 0.5080782175064087 0.022252241149544716
v -0.00120638869702816 0.5081402063369751 0.02263522520661354
v -0.0006446335464715958 0.511306643486023 0.022050034254789352
v -0.004360519349575043 0.511569619178772 0.021618055179715157
v -0.004465946927666664 0.504456102848053 0.02226525917649269
v -0.0072980523109436035 0.5061385631561279 0.02407972328364849
v -0.007439892739057541 0.5037842392921448 0.023864617571234703
v -0.00810365378856659 0.5095473527908325 0.022059369832277298
v -0.008429702371358871 0.5077147483825684 0.024313313886523247
v -0.007775336503982544 0.5125930309295654 0.02191319689154625
v -0.007352782413363457 0.5034295916557312 0.026664800941944122
v -0.00894240289926529 0.5032562613487244 0.02738555520772934
v -0.010183040052652359 0.5038114190101624 0.024346288293600082
v -0.011968467384576797 0.5040180683135986 0.021207628771662712
v -0.008434824645519257 0.5018406510353088 0.021711235865950584
v -0.0039899107068777084 0.5013512969017029 0.02229660004377365
v -0.007672987878322601 0.4996826648712158 0.02158498764038086
v -0.0043401215225458145 0.49861711263656616 0.0218760184943676
v -0.010493656620383263 0.5015326738357544 0.01748599298298359
v -0.009576274082064629 0.4986458420753479 0.020113876089453697
v -0.010746721178293228 0.51261305809021 0.021926045417785645
v -0.010610949248075485 0.5094601511955261 0.021500464528799057
v -0.010217122733592987 0.5078696012496948 0.024510029703378677
v -0.013444073498249054 0.5071759223937988 0.022353338077664375
v -0.011059597134590149 0.5059648156166077 0.02462882734835148
v -0.011609794571995735 0.5119585990905762 0.018758414313197136
v -0.01368926651775837 0.509036660194397 0.019025731831789017
v -0.017140105366706848 0.5079613327980042 0.018403423950076103
v -0.017620567232370377 0.5059770941734314 0.02060481533408165
v -0.016089826822280884 0.5035039782524109 0.01940968632698059
v -0.007682850584387779 0.5141171813011169 0.01973564736545086
v -0.010963158681988716 0.5139769315719604 0.019936420023441315
v -0.008033903315663338 0.5134962797164917 0.017503147944808006
v -0.00810013897716999 0.5127483010292053 0.015204106457531452
v -0.010907171294093132 0.5117342472076416 0.015863530337810516
v -0.013135362416505814 0.5095722079277039 0.016297699883580208
v 0.008246328681707382 0.5095356106758118 0.01410073321312666
v 0.006370585411787033 0.512686550617218 0.013559283688664436
v 0.0038542747497558594 0.5108625292778015 0.013082443736493587
v 0.0015853792428970337 0.5106484889984131 0.014776192605495453
v -0.0017976444214582443 0.5108497142791748 0.016105253249406815
v -0.0006890613585710526 0.5118938684463501 0.018963491544127464
v -0.011765941977500916 0.5040997266769409 0.017707476392388344
v -0.010438412427902222 0.505679190158844 0.014641973190009594
v -0.007610347121953964 0.503484845161438 0.01222958229482174
v -0.007275892421603203 0.5008535981178284 0.016450174152851105
v -0.007880399003624916 0.4994736313819885 0.018542630597949028
v 0.006884030997753143 0.5092865824699402 0.008600777946412563
v 0.0036144740879535675 0.5093954801559448 0.01005385722965002
v 0.00041530467569828033 0.509072482585907 0.011436006054282188
v -0.005195010453462601 0.5016072392463684 0.013131065294146538
v -0.00908457301557064 0.5082253813743591 0.012798184528946877
v -0.005640784278512001 0.5063521862030029 0.010876440443098545
v 0.009292975068092346 0.5085639953613281 0.009449828416109085
v 0.010565698146820068 0.5069449543952942 0.0049252319149672985
v 0.008826535195112228 0.5077120065689087 0.004353924188762903
v 0.007679317146539688 0.5059183835983276 0.0043578664772212505
v 0.006131935864686966 0.5061624646186829 0.00723259337246418
v 0.003133188933134079 0.506583571434021 0.00790787860751152
v -0.03003738261759281 0.5034204721450806 0.00016909936675801873
v -0.027966901659965515 0.5027039051055908 0.005552167072892189
v -0.029552415013313293 0.5050956010818481 0.006277923006564379
v -0.03192948177456856 0.504753828048706 0.0032376598101109266
v -0.029897641390562057 0.5033770799636841 -0.006142023019492626
v -0.027053149417042732 0.5020238757133484 -0.00404971931129694
v -0.026853784918785095 0.5021251440048218 0.0007669685874134302
v -0.0254705511033535 0.5020606517791748 0.0051161483861505985
v -0.02934240736067295 0.5082135796546936 0.005434369668364525
v -0.030815837904810905 0.5080795288085938 0.0015468220226466656
v -0.03112255036830902 0.5078272223472595 -0.0031555816531181335
v 0.005422636866569519 0.507461428642273 -0.010394258424639702
v 0.007544137537479401 0.5059570074081421 -0.00707019679248333
v 0.008969806134700775 0.5072565674781799 -0.007059617433696985
v 0.007818877696990967 0.5086087584495544 -0.010591041296720505
v 0.004937123507261276 0.5039680600166321 -0.009636793285608292
v 0.006609190255403519 0.5036807060241699 -0.006878193002194166
v 0.0022603869438171387 0.5074700713157654 -0.011777708306908607
v 0.001626763492822647 0.5048690438270569 -0.009478089399635792
v 0.0050251297652721405 0.5095751285552979 -0.014366990886628628
v 0.0026979446411132812 0.5089334845542908 -0.015205464325845242
v 0.007061630487442017 0.5105828046798706 -0.013950424268841743
v 0.0034760013222694397 0.4985869228839874 -0.010308059863746166
v 0.006431497633457184 0.49918872117996216 -0.007072009611874819
v 0.006365429610013962 0.501099705696106 -0.006766622886061668
v 0.0040710605680942535 0.5013220310211182 -0.009131514467298985
v 0.0006892401725053787 0.5017191767692566 -0.00919174961745739
v -0.0002285335212945938 0.499490886926651 -0.011037923395633698
v -0.0006379708647727966 0.49837347865104675 -0.013476451858878136
v 0.0017330162227153778 0.4971383213996887 -0.014143458567559719
v 0.005853079259395599 0.49846309423446655 -0.01152775064110756
v 0.007786843925714493 0.49853503704071045 -0.007772727869451046
v 0.004454463720321655 0.4977741241455078 -0.015440570190548897
v -0.006174534559249878 0.505689799785614 -0.012218502350151539
v -0.00543951615691185 0.5073961019515991 -0.012416398152709007
v -0.008480057120323181 0.5097571015357971 -0.013380180113017559
v -0.009495362639427185 0.5067206621170044 -0.01371296588331461
v -0.003936560824513435 0.5030418634414673 -0.010388318449258804
v -0.0021125059574842453 0.5056469440460205 -0.011070113629102707
v -0.008756376802921295 0.5026554465293884 -0.012096252292394638
v -0.012404283508658409 0.504626452922821 -0.015783922746777534
v -0.011077594012022018 0.5004364848136902 -0.01548922248184681
v -0.011767340824007988 0.5095470547676086 -0.016109824180603027
v -0.014083318412303925 0.5084384083747864 -0.015420387499034405
v -0.01697845757007599 0.5080721378326416 -0.013968132436275482
v -0.015365362167358398 0.505225658416748 -0.014720164239406586
v 0.006545759737491608 0.5114667415618896 -0.016248738393187523
v 0.004893407225608826 0.5109731554985046 -0.01721012406051159
v 0.007826253771781921 0.5083754062652588 -0.014520199969410896
v 0.007471796125173569 0.510076105594635 -0.01717992126941681
v 0.005828477442264557 0.5108033418655396 -0.01930783875286579
v 0.006726302206516266 0.5087188482284546 -0.019949719309806824
v 0.00686260312795639 0.5072848796844482 -0.01793866790831089
v 0.005024462938308716 0.5024778842926025 -0.0197361521422863
v 0.005829516798257828 0.5065268278121948 -0.021966954693198204
v 0.0032149292528629303 0.5086439847946167 -0.02108260616660118
v 0.0027784742414951324 0.5103232264518738 -0.018093843013048172
v -0.00036317482590675354 0.5083135962486267 -0.021192451938986778
v -0.00012697093188762665 0.5095791816711426 -0.018751703202724457
v -0.011164097115397453 0.49841398000717163 -0.018709734082221985
v -0.011897841468453407 0.5006707906723022 -0.020117083564400673
v -0.007625004276633263 0.49875444173812866 -0.02286454662680626
v -0.00786471739411354 0.49635377526283264 -0.020520661026239395
v -0.00775107741355896 0.49838054180145264 -0.01754940301179886
v 0.005756150931119919 0.5016660690307617 -0.015548122115433216
v 0.0022259652614593506 0.49752697348594666 -0.018983567133545876
v 0.007121682167053223 0.5055369734764099 -0.015007411129772663
v -0.001924244686961174 0.4968186914920807 -0.02160578779876232
v 0.0021975748240947723 0.49989083409309387 -0.02386542595922947
v 0.003918062895536423 0.503655731678009 -0.025094082579016685
v -0.000219002366065979 0.5003299117088318 -0.02461628057062626
v -0.00000490434467792511 0.5000136494636536 -0.02734762243926525
v 0.0016845017671585083 0.49972549080848694 -0.02760971337556839
v -0.003118084743618965 0.4992172420024872 -0.023363778367638588
v -0.00046517886221408844 0.4963817596435547 -0.017037879675626755
v -0.0038212742656469345 0.49660444259643555 -0.01842176914215088
v -0.014783848077058792 0.5033243894577026 -0.018586229532957077
v -0.014137240126729012 0.5030671954154968 -0.02256859466433525
v -0.010782469063997269 0.501262366771698 -0.023546651005744934
v -0.006841911002993584 0.5023876428604126 -0.024066107347607613
v -0.012632083147764206 0.5097113847732544 -0.019225619733333588
v -0.01067366637289524 0.5118843913078308 -0.019044699147343636
v -0.010593444108963013 0.5123039484024048 -0.02102632261812687
v -0.01170382834970951 0.510763943195343 -0.021051740273833275
v -0.011364301666617393 0.5096901059150696 -0.022691478952765465
v -0.014020424336194992 0.5081031322479248 -0.021499307826161385
v -0.010945746675133705 0.5066578388214111 -0.024364052340388298
v -0.014625540003180504 0.5057525038719177 -0.02412891387939453
v -0.009357733651995659 0.5099364519119263 -0.02377530187368393
v -0.007937194779515266 0.5074780583381653 -0.024034474045038223
v -0.010971909388899803 0.512519896030426 -0.02292078360915184
v -0.008488243445754051 0.5119587779045105 -0.02319871075451374
v -0.008178714662790298 0.5128859281539917 -0.021143579855561256
v -0.008411815389990807 0.5123665928840637 -0.018743468448519707
v 0.0012178067117929459 0.5054778456687927 -0.025046057999134064
v 0.0020949803292751312 0.5018494129180908 -0.028255391865968704
v 0.0008459072560071945 0.5031989216804504 -0.028259921818971634
v 0.0000674668699502945 0.5017545223236084 -0.02774851955473423
v -0.0003939177840948105 0.502465009689331 -0.025205226615071297
v -0.002817165106534958 0.502480149269104 -0.023781793192029
v -0.0015061460435390472 0.5059653520584106 -0.02350649982690811
v -0.00973685085773468 0.5009608864784241 -0.02657766081392765
v -0.00872892327606678 0.5036165714263916 -0.026312515139579773
v -0.0047122277319431305 0.5063088536262512 -0.02357417531311512
v -0.010156210511922836 0.5047980546951294 -0.027434691786766052
v -0.0060581024736166 0.5103634595870972 -0.022613754495978355
v -0.01215001754462719 0.5039671659469604 -0.02797769010066986
v -0.011712674051523209 0.5016842484474182 -0.02722320705652237
v -0.01917431131005287 0.5034456849098206 -0.018371790647506714
v -0.019964590668678284 0.5054119229316711 -0.02046499028801918
v -0.01807704195380211 0.5076658725738525 -0.019177036359906197
v -0.002471471205353737 0.4986112415790558 -0.03184258192777634
v -0.0008315108716487885 0.49964213371276855 -0.03035036101937294
v -0.001013128086924553 0.5011154413223267 -0.030666327103972435
v -0.003680722787976265 0.5014479756355286 -0.0322134830057621
v -0.002398131415247917 0.49677926301956177 -0.03449736535549164
v -0.00003090500831604004 0.4990142285823822 -0.03111121989786625
v -0.005167236551642418 0.4978960454463959 -0.03247006982564926
v -0.0003551989793777466 0.5019797086715698 -0.031573764979839325
v -0.002342667430639267 0.5015286207199097 -0.034858375787734985
v -0.004923347383737564 0.5026344060897827 -0.03775815665721893
v -0.006016414612531662 0.5041624307632446 -0.03481236472725868
v -0.008262807503342628 0.5044460892677307 -0.03130084276199341
v -0.007237808778882027 0.5023576617240906 -0.03020007722079754
v -0.007815953344106674 0.4997263252735138 -0.02991015650331974
v -0.007825987413525581 0.5013154149055481 -0.03778720647096634
v -0.008118309080600739 0.5018289685249329 -0.03504151105880737
v -0.006461683660745621 0.49800992012023926 -0.037827495485544205
v -0.007864683866500854 0.49886366724967957 -0.03446989879012108
v -0.005498114973306656 0.49665457010269165 0.020912135019898415
v 0.0066302381455898285 0.5017361640930176 0.013390612788498402
v 0.0076590366661548615 0.5056211948394775 0.013941140845417976
v -0.004749789834022522 0.49958834052085876 0.0167694054543972
v -0.0054846592247486115 0.49820515513420105 0.019151365384459496
v -0.013547610491514206 0.5057570338249207 0.014676928520202637
v -0.01261233352124691 0.507524311542511 0.013310193084180355
v -0.012738611549139023 0.5092635154724121 0.014048869721591473
v -0.01010425016283989 0.5106890201568604 0.013641620986163616
v -0.00826498493552208 0.5122533440589905 0.013161763548851013
v -0.005722695961594582 0.5113279819488525 0.014422916807234287
v -0.006653526797890663 0.5109166502952576 0.011989986523985863
v 0.004812702536582947 0.49904337525367737 0.008087782189249992
v 0.0017414838075637817 0.49979764223098755 0.009059286676347256
v 0.001868225634098053 0.5012307167053223 0.00709503935649991
v 0.004924099892377853 0.5011299252510071 0.006655999459326267
v 0.0035925470292568207 0.49822354316711426 0.01200820878148079
v 0.0012259818613529205 0.4991888999938965 0.011839864775538445
v 0.0069496408104896545 0.4996514618396759 0.009042052552103996
v 0.005809959024190903 0.49870726466178894 0.01272973045706749
v 0.006887886673212051 0.5011847615242004 0.004329239949584007
v 0.006945908069610596 0.4994972050189972 0.004732866305857897
v 0.008494231849908829 0.4995531141757965 0.00542106106877327
v -0.008605444803833961 0.5117935538291931 -0.016662180423736572
v -0.007035471498966217 0.5103512406349182 -0.015506939962506294
v -0.006396148353815079 0.5109122395515442 -0.017972681671380997
v -0.010594641789793968 0.5116281509399414 -0.015996171161532402
v -0.0035658683627843857 0.5087668299674988 -0.021592017263174057
v -0.003813384100794792 0.5002133250236511 -0.012206747196614742
v -0.002658369019627571 0.4981703460216522 -0.015066112391650677
v -0.004567602649331093 0.498051255941391 -0.016476871445775032
v -0.006830466911196709 0.49987703561782837 -0.014409814029932022
v -0.002522127702832222 0.4985319972038269 0.016779443249106407
v -0.003025950863957405 0.5002400875091553 0.014074797742068768
v -0.0007506813853979111 0.4988362789154053 0.014648213051259518
v -0.0018389876931905746 0.49735578894615173 0.01820913515985012
v 0.0012810379266738892 0.4975990653038025 0.015420584939420223
v -0.0011151749640703201 0.5001271367073059 0.012037777341902256
v -0.001724226400256157 0.500977098941803 0.01050527673214674
v -0.002548910677433014 0.5021626353263855 0.008428933098912239
v -0.001660902053117752 0.5047755837440491 0.008191913366317749
v 0.00250881165266037 0.5037581920623779 0.006919614505022764
v -0.0005308762192726135 0.5069735050201416 0.009012888185679913
v 0.005490139126777649 0.5034195780754089 0.00670414324849844
v 0.007136918604373932 0.5035154819488525 0.004324454348534346
v 0.007920283824205399 0.5057769417762756 0.0005338553455658257
v 0.007669925689697266 0.5033707022666931 0.0006676380289718509
v 0.007290884852409363 0.5008122324943542 0.0007841524202376604
v 0.007487807422876358 0.49851635098457336 0.0010646418668329716
v 0.007525146007537842 0.503371000289917 -0.0031931435223668814
v 0.007081478834152222 0.5007101893424988 -0.0030706305988132954
v 0.007166922092437744 0.49824416637420654 -0.0031297304667532444
v 0.009450722485780716 0.49766334891319275 -0.0035145266447216272
v 0.009767293930053711 0.49813735485076904 0.0013914593728259206
v 0.011650897562503815 0.5000749230384827 0.0014366229297593236
v 0.009459458291530609 0.5016947388648987 0.005610013380646706
v 0.011342566460371017 0.49953073263168335 -0.003897392423823476
v 0.01151108369231224 0.5024337768554688 -0.0037832274101674557
v 0.012002728879451752 0.502953827381134 0.0010181058896705508
v 0.008843604475259781 0.5005319714546204 -0.008101888932287693
v 0.009486202150583267 0.503285825252533 -0.007919873110949993
v 0.009902123361825943 0.5057043433189392 -0.007562579121440649
v 0.011233385652303696 0.5050837993621826 -0.0035878627095371485
v 0.006939273327589035 0.5010835528373718 -0.01190116722136736
v 0.007945157587528229 0.5043420195579529 -0.011699221096932888
v 0.008724592626094818 0.5069169402122498 -0.011297669261693954
v 0.009671982377767563 0.5066034197807312 -0.0033428212627768517
v 0.009681157767772675 0.5068026781082153 0.00041274214163422585
v 0.011536605656147003 0.5055309534072876 0.0005573565722443163
v 0.010221745818853378 0.5044984817504883 0.005412213038653135
v 0.008620169013738632 0.5056332349777222 0.009675359353423119
v 0.0077493637800216675 0.5022491216659546 0.009506368078291416
v 0.007856704294681549 0.505794882774353 -0.003260629717260599
v -0.003988323733210564 0.5086182355880737 0.01085655391216278
v -0.0028558392077684402 0.5098135471343994 0.013042490929365158
v -0.00515841506421566 0.512039065361023 0.017125874757766724
v -0.004472274333238602 0.5126580595970154 0.019516173750162125
v 0.0037540458142757416 0.4970701336860657 0.01653091236948967
v -0.0005670618265867233 0.49622493982315063 0.01946171186864376
v -0.00321158766746521 0.5101847052574158 -0.01951998844742775
v -0.005888843908905983 0.5114216208457947 -0.020475540310144424
v -0.003776213154196739 0.5095607042312622 -0.01693546399474144
v -0.004479404538869858 0.508779764175415 -0.014168785884976387
v -0.0012217629700899124 0.507483720779419 -0.013062771409749985
v -0.0005237869918346405 0.508540689945221 -0.01609700173139572
v -0.01582881435751915 0.5083713531494141 0.013569649308919907
v -0.016345974057912827 0.5084484815597534 0.01576603762805462
v -0.0156872421503067 0.5069342851638794 0.012535063549876213
v -0.018625307828187943 0.5066220164299011 0.010827237740159035
v -0.01887640357017517 0.5082538723945618 0.012063533067703247
v -0.01665540784597397 0.5052381753921509 0.01357074361294508
v -0.01951025426387787 0.50450199842453 0.011400013230741024
v -0.021938657388091087 0.5040446519851685 0.008447442203760147
v -0.021316885948181152 0.5066571235656738 0.008556462824344635
v -0.018118053674697876 0.5037730932235718 0.015261427499353886
v -0.02118567004799843 0.5029260516166687 0.01252311747521162
v -0.023609748110175133 0.502210259437561 0.00900596845895052
v -0.02378644049167633 0.5040928721427917 0.005102497525513172
v -0.023425355553627014 0.5024794936180115 0.013571501709520817
v -0.02597086876630783 0.5024846196174622 0.009681429713964462
v -0.024267740547657013 0.5051897764205933 0.013485762290656567
v -0.027002913877367973 0.505222499370575 0.009829211980104446
v -0.02439163625240326 0.5080958604812622 0.013100916519761086
v -0.026990817859768867 0.5082504153251648 0.009208938106894493
v -0.02275579795241356 0.5092511177062988 0.011456272564828396
v -0.025114495307207108 0.5099265575408936 0.0077636949717998505
v -0.027061939239501953 0.510081946849823 0.0039457338862121105
v -0.028094518929719925 0.5103610754013062 0.00007485805690521374
v -0.023055635392665863 0.5097576975822449 0.006351877935230732
v -0.02442684955894947 0.5101878046989441 0.0027339872904121876
v -0.024867504835128784 0.50990891456604 -0.0008364676032215357
v -0.02408294379711151 0.5097454190254211 -0.004554796498268843
v -0.02749781310558319 0.509993314743042 -0.004121545702219009
v -0.024374347180128098 0.5071555376052856 0.0020408527925610542
v -0.024564476683735847 0.5068793892860413 -0.0016770943766459823
v -0.023579444736242294 0.5064861178398132 -0.00550155621021986
v -0.02163304015994072 0.5059625506401062 -0.009315066039562225
v -0.022489238530397415 0.5087624788284302 -0.008342694491147995
v -0.02495974488556385 0.5039086937904358 -0.0026030249428004026
v -0.023676667362451553 0.5035150051116943 -0.00678207678720355
v -0.021352875977754593 0.5032537579536438 -0.0110628642141819
v -0.01851058006286621 0.5039058327674866 -0.015291987918317318
v -0.0184479933232069 0.5055022835731506 -0.012231948785483837
v -0.025512482970952988 0.5021646618843079 -0.008888978511095047
v -0.022796552628278732 0.5028824210166931 -0.01372093241661787
v -0.02709800750017166 0.503964364528656 -0.011174909770488739
v -0.0237019881606102 0.5047546029090881 -0.01580047607421875
v -0.02574029006063938 0.5071681141853333 -0.012036625295877457
v -0.022418413311243057 0.5077808499336243 -0.0162125863134861
v -0.022825583815574646 0.5088170170783997 -0.011948486790060997
v -0.01952570304274559 0.5083304047584534 -0.015069772489368916
v -0.015971511602401733 0.5083311796188354 -0.01747240126132965
v -0.020141877233982086 0.5078855752944946 -0.011643024161458015
v -0.025626087561249733 0.5092633962631226 -0.008220408111810684
v -0.02882642298936844 0.5071881413459778 -0.007689721416682005
v -0.02490077167749405 0.5042160749435425 0.0013940860517323017
v -0.023152584210038185 0.5069838166236877 0.005502744112163782
v -0.02140865847468376 0.5087800025939941 0.00967915914952755
v -0.01975207030773163 0.5082939267158508 0.014125325717031956
v -0.0208653025329113 0.5076093077659607 0.01618902198970318
v -0.021242674440145493 0.5052311420440674 0.01723637804389
v -0.020051222294569016 0.5026618242263794 0.01697523519396782
v -0.014779296703636646 0.5043103694915771 0.016940444707870483
v -0.003919521346688271 0.499953955411911 -0.039315804839134216
v -0.0013264119625091553 0.4993443191051483 -0.0359581857919693
v 0.0003086701035499573 0.5004400014877319 -0.031748753041028976
v -0.00974779762327671 0.5001255869865417 -0.031194960698485374
v -0.009861882776021957 0.5028016567230225 -0.03185642138123512
v 0.0013708509504795074 0.5073404312133789 0.02401840314269066
v 0.0020124875009059906 0.5040168762207031 0.026208657771348953
v 0.0020893849432468414 0.5057117342948914 0.026578884571790695
v 0.0029206834733486176 0.5068930387496948 0.0269119031727314
v 0.003972645848989487 0.505327582359314 0.02667732909321785
v 0.003911428153514862 0.5032513737678528 0.026340071111917496
v 0.002198830246925354 0.5023813843727112 0.02974490262567997
v 0.0024630725383758545 0.5022428035736084 0.025933818891644478
v -0.009642597287893295 0.5052897930145264 0.02780167944729328
v -0.006871936842799187 0.5025672912597656 0.03035907633602619
v -0.007738698273897171 0.5046287178993225 0.031099015846848488
v -0.004842977970838547 0.5015531778335571 0.03291499987244606
v 0.004682816565036774 0.4867088794708252 -0.005202597007155418
v 0.006260715425014496 0.4866914451122284 -0.0037251710891723633
v 0.006465267390012741 0.48399290442466736 -0.004749284125864506
v 0.004358462989330292 0.48501139879226685 -0.006336527410894632
v 0.0020086057484149933 0.4865129292011261 -0.007645101752132177
v 0.003128793090581894 0.48843416571617126 -0.005691814236342907
v 0.004706565290689468 0.4897827208042145 -0.0035741112660616636
v 0.004736896604299545 0.4863768219947815 0.0029022579547017813
v 0.00428067147731781 0.4843500852584839 0.004236356820911169
v 0.006584610790014267 0.4835703372955322 0.001794655923731625
v 0.006392315030097961 0.4865347445011139 0.0010245568118989468
v 0.003452882170677185 0.4883105456829071 0.0032316430006176233
v 0.002151127904653549 0.4861779510974884 0.005737114232033491
v 0.005270898342132568 0.48989543318748474 0.0006215920438989997
v 0.0030536316335201263 0.4979856312274933 0.0005874971393495798
v 0.0032618939876556396 0.49559661746025085 0.0008388442220166326
v 0.0033488236367702484 0.495616614818573 -0.002931353636085987
v 0.0027206912636756897 0.4978514611721039 -0.0034599981736391783
v 0.0023963823914527893 0.4999014735221863 -0.00223357230424881
v 0.0025813542306423187 0.5000336766242981 -0.0005124329472891986
v 0.0017232000827789307 0.5004761219024658 0.0009619661141186953
v 0.0022009611129760742 0.49892276525497437 0.0025377727579325438
v 0.0019623301923274994 0.502550482749939 -0.004493520595133305
v 0.0023008473217487335 0.5037066340446472 -0.0034150471910834312
v 0.0023767873644828796 0.5014687776565552 -0.0034416625276207924
v 0.0012902282178401947 0.5015604496002197 -0.004393197130411863
v 0.0018267109990119934 0.5020134449005127 0.000873307348228991
v 0.0027356818318367004 0.5019860863685608 -0.0002196493442170322
v 0.0020051784813404083 0.5045874714851379 0.0005940204137004912
v 0.0006984509527683258 0.5038483738899231 0.002275802195072174
v 0.0005034934729337692 0.5011149644851685 0.0027176509611308575
v 0.0024029016494750977 0.4966164231300354 -0.0071757081896066666
v 0.0020344778895378113 0.4977506101131439 -0.007597433403134346
v 0.0018376149237155914 0.49873086810112 -0.005243929568678141
v 0.0024320781230926514 0.4949228763580322 -0.006562371272593737
v 0.0016868188977241516 0.5000669956207275 -0.0038482414092868567
v 0.0024121589958667755 0.49274349212646484 0.01570173352956772
v 0.003435380756855011 0.495475709438324 0.011637778952717781
v 0.0025060437619686127 0.49720585346221924 0.012140614911913872
v 0.0025959312915802 0.4950392544269562 0.016173111274838448
v 0.0024269670248031616 0.4912542402744293 0.01397586427628994
v 0.0032320618629455566 0.49344006180763245 0.011003714986145496
v 0.0006574131548404694 0.48972058296203613 0.01787882298231125
v 0.0008876156061887741 0.4886375367641449 0.01615038886666298
v 0.0008123572915792465 0.5043208003044128 -0.005266717169433832
v 0.00018325448036193848 0.5020277500152588 -0.005180848762392998
v 0.0011361930519342422 0.5064263343811035 -0.003471176605671644
v -0.001364467665553093 0.5018172264099121 -0.005545710679143667
v -0.0012696553021669388 0.5050894021987915 -0.005402696318924427
v 0.0015878267586231232 0.49866732954978943 -0.008434310555458069
v 0.0008037835359573364 0.4992999732494354 -0.008905271999537945
v 0.00018384307622909546 0.49920886754989624 -0.007666531018912792
v 0.0009606946259737015 0.49851688742637634 -0.007462020497769117
v 0.002011965960264206 0.49709612131118774 -0.011049234308302402
v 0.0012547746300697327 0.4979188144207001 -0.011747237294912338
v 0.0010043978691101074 0.4993671178817749 -0.006127584259957075
v 0.0002906564623117447 0.5086252689361572 0.0004974401090294123
v -0.0005065985023975372 0.5093485713005066 0.001277145929634571
v -0.0002723950892686844 0.507356584072113 0.002128256717696786
v 0.0006207413971424103 0.5072073936462402 0.00084367033559829
v 0.0014109760522842407 0.5070992112159729 -0.0010694809025153518
v 0.0006691496819257736 0.5090064406394958 -0.0009249654249288142
v -0.0005613397806882858 0.5102292895317078 -0.00064140057656914
v 0.0001554582267999649 0.5073983073234558 -0.004434377886354923
v 0.0003963448107242584 0.5086544752120972 -0.0030028154142200947
v -0.001250067725777626 0.508529782295227 -0.004880821332335472
v -0.0007135681807994843 0.5099916458129883 -0.00313005899079144
v -0.002076711505651474 0.5070977807044983 0.002873690566048026
v -0.0015857145190238953 0.5037544369697571 0.003067695302888751
v -0.0013231262564659119 0.5007425546646118 0.0037236015778034925
v 0.0014810562133789062 0.48200273513793945 -0.0065069980919361115
v 0.0022837184369564056 0.48182809352874756 -0.004628282506018877
v -0.0007652305066585541 0.4826546013355255 -0.005214436911046505
v -0.0010930728167295456 0.48251545429229736 -0.007561585400253534
v -0.0013047661632299423 0.48276007175445557 -0.010072174482047558
v 0.0024014264345169067 0.48128393292427063 -0.007306299638003111
v 0.004059851169586182 0.4810165464878082 -0.004851180594414473
v 0.0008206553757190704 0.4921940267086029 -0.018737567588686943
v 0.001276262104511261 0.4909539818763733 -0.016354836523532867
v 0.00014349259436130524 0.4886224567890167 -0.017706964164972305
v -0.000658176839351654 0.4893490970134735 -0.019702134653925896
v 0.002433963119983673 0.49480852484703064 -0.015126717276871204
v 0.0023034512996673584 0.49344196915626526 -0.014078882522881031
v 0.00005865655839443207 0.4941686987876892 -0.01886735111474991
v 0.001433826982975006 0.4961080551147461 -0.01572742499411106
v -0.003486994653940201 0.4897218346595764 -0.020246371626853943
v -0.002429906278848648 0.4919182062149048 -0.020724395290017128
v -0.0025345440953969955 0.49342188239097595 -0.020218471065163612
v 0.0012912414968013763 0.48214584589004517 0.0028883074410259724
v 0.002071782946586609 0.4816947281360626 0.0008249592501670122
v 0.0039191581308841705 0.48078805208206177 0.0013183014234527946
v 0.002245388925075531 0.48157626390457153 0.004015362821519375
v -0.0006700586527585983 0.4827292859554291 0.005629800260066986
v -0.0008735731244087219 0.48278215527534485 0.0034683712292462587
v -0.0006784815341234207 0.4827483594417572 0.0006095715216360986
v -0.0023167841136455536 0.5113321542739868 0.0001005266240099445
v -0.003975860774517059 0.5113745331764221 -0.0006962140323594213
v -0.004428250715136528 0.5113792419433594 0.000017470822058385238
v -0.004299679771065712 0.5113999247550964 0.0012537818402051926
v -0.002141740173101425 0.5096753239631653 0.002170251915231347
v -0.004446899518370628 0.5097468495368958 0.0026671418454498053
v -0.001411566510796547 0.49937981367111206 -0.00793116632848978
v -0.0010150745511054993 0.49957650899887085 -0.006787432823330164
v 0.00012056343257427216 0.49973320960998535 -0.006680159829556942
v -0.0007593203336000443 0.49952995777130127 -0.009610029868781567
v -0.0035757962614297867 0.49842724204063416 -0.008215576410293579
v -0.002292502671480179 0.498604416847229 -0.006406907923519611
v 0.00008713081479072571 0.500664234161377 -0.005820407532155514
v -0.001019854098558426 0.5002787709236145 -0.0061303433030843735
v -0.0019429828971624374 0.5001943111419678 -0.005602957680821419
v -0.0029261764138936996 0.49990883469581604 -0.005845734383910894
v -0.003140464425086975 0.5023036599159241 -0.005408536177128553
v -0.001635868102312088 0.4993364214897156 -0.005888994783163071
v -0.0007549170404672623 0.48714926838874817 0.012294535525143147
v -0.0017359834164381027 0.48650187253952026 0.012289282865822315
v -0.001561211422085762 0.4853403568267822 0.010589194484055042
v -0.00023339875042438507 0.486979216337204 0.010143782012164593
v 0.000014934688806533813 0.4874108135700226 0.01449438277631998
v -0.0014245081692934036 0.48647505044937134 0.014015021733939648
v 0.0009935535490512848 0.489202082157135 0.012158896774053574
v -0.0030022431164979935 0.5111371874809265 -0.0033199123572558165
v -0.004311705008149147 0.5114805698394775 -0.001972462749108672
v -0.006029976531863213 0.5108264684677124 -0.003675681771710515
v -0.00589124858379364 0.511482298374176 -0.002616044832393527
v -0.005839971825480461 0.5112143754959106 -0.001368459314107895
v -0.002121126279234886 0.4949939548969269 0.017948271706700325
v -0.0050099994987249374 0.4949961006641388 0.017669841647148132
v -0.004844028502702713 0.4942208230495453 0.019521422684192657
v -0.001166829839348793 0.4945162236690521 0.018868951126933098
v -0.0016457289457321167 0.49605196714401245 0.0154200354591012
v -0.004982534795999527 0.49593621492385864 0.015303507447242737
v 0.001008966937661171 0.4958849847316742 0.015851257368922234
v -0.0003747958689928055 0.48346444964408875 0.008089074864983559
v 0.0007738303393125534 0.4829232394695282 0.0067174662835896015
v 0.0013475418090820312 0.48429074883461 0.0066218809224665165
v -0.00011147744953632355 0.485289067029953 0.007990982383489609
v -0.0011202897876501083 0.48734626173973083 -0.015116963535547256
v -0.0009330641478300095 0.4856267273426056 -0.01251936610788107
v -0.002395281568169594 0.4851492941379547 -0.012670719996094704
v -0.002597840502858162 0.4866617023944855 -0.014412863180041313
v 0.00047128647565841675 0.48900777101516724 -0.013837603852152824
v 0.00004955008625984192 0.48668673634529114 -0.011422690935432911
v -0.0029263198375701904 0.48574820160865784 -0.016201548278331757
v -0.0017451755702495575 0.48551681637763977 -0.017165014520287514
v -0.0010229814797639847 0.49494606256484985 -0.017873194068670273
v -0.002853814512491226 0.4943773150444031 -0.01869036816060543
v -0.0004596523940563202 0.49634823203086853 -0.015557575970888138
v -0.002588219940662384 0.4958263039588928 -0.015983227640390396
v -0.005525054410099983 0.5113108158111572 -0.0003519958700053394
v -0.00190763920545578 0.4988560378551483 0.0065093147568404675
v -0.0011727530509233475 0.4992017447948456 0.004775411449372768
v -0.00219707190990448 0.4980371296405792 0.005009450484067202
v -0.0024947132915258408 0.4979161024093628 0.006412871647626162
v -0.0035109743475914 0.4979105293750763 0.006782752461731434
v -0.004361988976597786 0.49845948815345764 0.007073381915688515
v -0.0035161152482032776 0.4991222620010376 0.00922748539596796
v -0.0004925206303596497 0.49932146072387695 0.008642902597784996
v -0.002872806042432785 0.4974093735218048 0.005316672381013632
v -0.0030784886330366135 0.4990650713443756 0.004177015740424395
v -0.0036361943930387497 0.49769940972328186 0.005112475715577602
v -0.0038349218666553497 0.49736836552619934 0.006236817222088575
v -0.002984270453453064 0.4971489906311035 0.006262286566197872
v -0.006455728784203529 0.5112172365188599 0.00046593829756602645
v -0.003435010090470314 0.49981528520584106 -0.008849073201417923
v -0.005358334630727768 0.49913811683654785 -0.009533919394016266
v -0.001347241923213005 0.4832194447517395 0.007114743813872337
v 0.0032791756093502045 0.48139292001724243 0.004706421867012978
v -0.003570299595594406 0.48359715938568115 0.005822652019560337
v -0.0035256855189800262 0.48329588770866394 0.0034142720978707075
v -0.0029122252017259598 0.4833780527114868 0.00756966695189476
v -0.004969049245119095 0.4974953830242157 0.006104408763349056
v -0.004393937066197395 0.4999842345714569 0.0035709692165255547
v -0.004678152501583099 0.49820995330810547 0.004744383506476879
v -0.0019035637378692627 0.483611136674881 0.00884578749537468
v -0.004025766626000404 0.4830285608768463 -0.008043325506150723
v -0.0046931300312280655 0.4837903082370758 -0.010099357925355434
v 0.00042892061173915863 0.48371705412864685 -0.00989756640046835
v -0.0022384803742170334 0.4904562532901764 0.01858583092689514
v -0.0008874628692865372 0.49224653840065 0.019109997898340225
v -0.004799835383892059 0.4923763573169708 0.020078156143426895
v -0.00512460432946682 0.4918930232524872 0.01881181262433529
v -0.005607878789305687 0.4915405213832855 0.016581503674387932
v -0.003831036388874054 0.48971855640411377 0.017605800181627274
v -0.002873998135328293 0.4874746799468994 0.01885443553328514
v -0.0018418729305267334 0.48761728405952454 0.019510868936777115
v -0.004017375409603119 0.4985930025577545 -0.006701684556901455
v -0.004201995208859444 0.4998909831047058 -0.005791705101728439
v -0.00557856447994709 0.49746736884117126 -0.007909185253083706
v -0.005286689847707748 0.49940386414527893 -0.005545355845242739
v -0.004571376368403435 0.4862155616283417 -0.012483836151659489
v -0.005985476076602936 0.49104073643684387 -0.0202578566968441
v -0.0057575032114982605 0.49203938245773315 -0.021093811839818954
v -0.003076750785112381 0.4870285987854004 -0.02070971578359604
v -0.004169754683971405 0.4864870309829712 -0.019885670393705368
v -0.004916789010167122 0.4886837303638458 -0.019189495593309402
v -0.006474517285823822 0.4900475740432739 -0.018978720530867577
v -0.0034991055727005005 0.48482298851013184 0.010400212369859219
v -0.003544040024280548 0.4864921271800995 0.012452563270926476
v -0.0010464023798704147 0.4843616485595703 0.009000358171761036
v -0.0055205561220645905 0.486295610666275 0.012128328904509544
v -0.005805745720863342 0.48530313372612 0.011056690476834774
v -0.004712028428912163 0.4843224287033081 0.008727704174816608
v -0.007399916648864746 0.49758079648017883 0.0081226397305727
v -0.006701860576868057 0.4982801675796509 0.010285956785082817
v -0.006218034774065018 0.497273713350296 0.005888705607503653
v -0.004247946664690971 0.48859739303588867 0.013170357793569565
v -0.005836572498083115 0.4881978929042816 0.012665457092225552
v -0.0027235057204961777 0.48660245537757874 0.014313044026494026
v -0.0034798290580511093 0.48794880509376526 0.014824150130152702
v -0.004223670810461044 0.48756736516952515 -0.014129641465842724
v -0.006507892161607742 0.488905668258667 -0.012723308987915516
v -0.0062116701155900955 0.4895254671573639 -0.014144289307296276
v -0.0067146942019462585 0.4862334728240967 -0.012482674792408943
v -0.007739545777440071 0.48795098066329956 -0.012746752239763737
v -0.0068475957959890366 0.4853043556213379 -0.010728553868830204
v -0.005389774218201637 0.4844322204589844 0.007281608413904905
v -0.006508762016892433 0.48380568623542786 0.006129401735961437
v -0.005271304398775101 0.4834292531013489 0.005200508050620556
v -0.005614627152681351 0.48318853974342346 0.0033674666192382574
v -0.007877107709646225 0.49809321761131287 -0.010130822658538818
v -0.009611187502741814 0.49659526348114014 -0.01039873342961073
v -0.007088180631399155 0.49686047434806824 -0.006813200190663338
v -0.004889769479632378 0.48663175106048584 -0.015955766662955284
v -0.007069356739521027 0.4887355864048004 -0.015228086151182652
v -0.007368920370936394 0.48846670985221863 -0.016333801671862602
v -0.0057572368532419205 0.48698168992996216 -0.016816912218928337
v -0.005292344838380814 0.4849390387535095 -0.018191851675510406
v -0.004576766863465309 0.4842427372932434 -0.017917798832058907
v -0.005734812468290329 0.48249542713165283 -0.0074239163659513
v -0.006551835685968399 0.4825500249862671 -0.008128318935632706
v -0.00780857540667057 0.48334553837776184 -0.008776310831308365
v -0.005579672753810883 0.48424312472343445 0.021276144310832024
v -0.0035121869295835495 0.48521122336387634 0.020382719114422798
v -0.0038086343556642532 0.4849432706832886 0.019513403996825218
v -0.005527976900339127 0.4842064678668976 0.019968759268522263
v -0.007500696927309036 0.48507237434387207 0.019189869984984398
v -0.007983619347214699 0.4850755035877228 0.020169993862509727
v -0.006836105138063431 0.4832950830459595 0.02242862433195114
v -0.005701586604118347 0.4822676181793213 0.02366115339100361
v -0.004209725186228752 0.4835279583930969 0.02298158034682274
v -0.002686642110347748 0.4850557744503021 0.021084628999233246
v -0.006821053102612495 0.4994623363018036 -0.001992230536416173
v -0.007343972101807594 0.5017603635787964 -0.0015949533553794026
v -0.006898736581206322 0.5016645193099976 -0.0037536092568188906
v -0.006459416821599007 0.4990333616733551 -0.004160219803452492
v -0.00657385028898716 0.4990440607070923 0.0007343034376390278
v -0.007063932716846466 0.5020727515220642 0.000699561380315572
v -0.007403198629617691 0.49763917922973633 -0.0020072145853191614
v -0.005668258294463158 0.4985109865665436 -0.011778389103710651
v -0.008504221215844154 0.49723923206329346 -0.013022883795201778
v -0.006918188184499741 0.49551698565483093 0.005449706222862005
v -0.008183345198631287 0.4953765869140625 0.007738863583654165
v -0.007271414622664452 0.48338305950164795 0.0037422850728034973
v -0.0043829698115587234 0.48010411858558655 0.023157484829425812
v -0.00485752709209919 0.48090407252311707 0.023990899324417114
v -0.006334120407700539 0.4800282418727875 0.022955263033509254
v -0.005270073190331459 0.4798223376274109 0.021964959800243378
v -0.002812610939145088 0.4812324047088623 0.02227954939007759
v -0.003047345206141472 0.4824303090572357 0.023308157920837402
v -0.0036781691014766693 0.4808484613895416 0.020976239815354347
v -0.006943689659237862 0.49037644267082214 -0.00284364796243608
v -0.006563084200024605 0.4928264617919922 -0.0018829716136679053
v -0.008023213595151901 0.49172404408454895 -0.004145960323512554
v -0.00792308896780014 0.48967859148979187 -0.004880151711404324
v -0.0074284616857767105 0.4881035089492798 -0.0017217370914295316
v -0.007558060809969902 0.48941951990127563 0.0012668799608945847
v -0.005235789343714714 0.4818720519542694 0.019103538244962692
v -0.0053825657814741135 0.4831037223339081 0.018822181969881058
v -0.00345466285943985 0.4835580289363861 0.01824355125427246
v -0.0029085781425237656 0.4829399287700653 0.018229329958558083
v -0.006608564406633377 0.4807756543159485 0.020103804767131805
v -0.008476432412862778 0.4824388027191162 0.01848204992711544
v -0.007649417966604233 0.48271745443344116 0.017799649387598038
v -0.007329735904932022 0.4835982620716095 0.01797483302652836
v -0.0055412352085113525 0.48122453689575195 -0.01974024996161461
v -0.004116510972380638 0.4807887077331543 -0.021015256643295288
v -0.002635408192873001 0.4831923246383667 -0.01899990439414978
v -0.0036232974380254745 0.48331883549690247 -0.018011149019002914
v -0.00594787672162056 0.48278123140335083 -0.01875341683626175
v -0.006055334582924843 0.47991329431533813 -0.02173866331577301
v -0.005273235961794853 0.479349285364151 -0.022800464183092117
v -0.007766278460621834 0.48257309198379517 -0.01862783171236515
v -0.008038055151700974 0.4810144603252411 -0.019690437242388725
v -0.00718405656516552 0.47950851917266846 -0.022234294563531876
v -0.004028484225273132 0.48283424973487854 -0.005601855460554361
v -0.006305526942014694 0.48242416977882385 -0.005389966070652008
v -0.0076371654868125916 0.48244568705558777 -0.005263838451355696
v -0.007240988314151764 0.49627014994621277 0.002837146632373333
v -0.007381133735179901 0.49488580226898193 0.00018859762349165976
v -0.008077677339315414 0.4923846423625946 0.0014608013443648815
v -0.00812729075551033 0.49288246035575867 0.003199382685124874
v -0.005651481449604034 0.49768394231796265 0.004000636283308268
v -0.00769694522023201 0.49314603209495544 0.005324806086719036
v -0.008158838376402855 0.4952259361743927 -0.005149328615516424
v -0.00796881876885891 0.48462963104248047 -0.00831672828644514
v -0.007542300969362259 0.4861415922641754 -0.010388050228357315
v -0.009416572749614716 0.4857180118560791 -0.011803691275417805
v -0.00895414687693119 0.48517724871635437 -0.012596053071320057
v -0.006082279607653618 0.4793330729007721 -0.024935215711593628
v -0.005120769143104553 0.48013463616371155 -0.02406962402164936
v -0.006512235850095749 0.4784996807575226 -0.024122027680277824
v -0.007795337587594986 0.4787258207798004 -0.024670783430337906
v -0.007068110629916191 0.4797861874103546 -0.02532295696437359
v -0.0058884527534246445 0.4810522198677063 -0.024699801579117775
v -0.008384980261325836 0.5040703415870667 -0.001283542369492352
v -0.008716143667697906 0.5046682357788086 0.0001562658289913088
v -0.009545043110847473 0.5068102478981018 -0.00175659719388932
v -0.008549224585294724 0.5045832991600037 -0.003173610894009471
v -0.0066398680210113525 0.4812292158603668 0.02321096509695053
v -0.007342781871557236 0.48214977979660034 0.02186567336320877
v -0.007401697337627411 0.4811455309391022 0.0210892241448164
v -0.008227763697504997 0.49234089255332947 -0.00658202450722456
v -0.00805119052529335 0.4891744554042816 0.0035563791170716286
v -0.006484294310212135 0.48364925384521484 -0.02256382815539837
v -0.005571156740188599 0.4833433926105499 -0.023307569324970245
v -0.007151791825890541 0.48180633783340454 -0.02453027106821537
v -0.008646832779049873 0.4830791652202606 -0.022974882274866104
v -0.005247177556157112 0.4842684864997864 -0.021175049245357513
v -0.003907671198248863 0.48485106229782104 -0.021646317094564438
v -0.0075982436537742615 0.48363953828811646 -0.021918149664998055
v -0.007901059463620186 0.4851888418197632 -0.0016884811921045184
v -0.008216286078095436 0.4859163165092468 0.0011773710139095783
v -0.00814829021692276 0.48602548241615295 0.003670298960059881
v -0.007590416818857193 0.4848197400569916 0.00612708181142807
v -0.006811123341321945 0.4852156639099121 0.007830841466784477
v -0.007884392514824867 0.48682960867881775 0.007638976443558931
v -0.0078557338565588 0.4864217936992645 0.005976804997771978
v -0.008164100348949432 0.4843294024467468 0.003839146811515093
v -0.008157104253768921 0.4901467561721802 -0.014482833445072174
v -0.00880567729473114 0.49046650528907776 -0.01329257432371378
v -0.010646205395460129 0.49004456400871277 -0.01481819897890091
v -0.009217441082000732 0.48998305201530457 -0.015629276633262634
v -0.008981892839074135 0.4890472888946533 -0.013101812452077866
v -0.009461179375648499 0.48704466223716736 -0.013771548867225647
v -0.01025795191526413 0.48842743039131165 -0.014333339408040047
v -0.009611343964934349 0.48352375626564026 -0.017568720504641533
v -0.010379135608673096 0.4827843904495239 -0.01806444115936756
v -0.01113797351717949 0.4820820689201355 -0.0193003099411726
v -0.009202027693390846 0.4804476797580719 -0.020757650956511497
v -0.00816972553730011 0.4794025421142578 -0.022831371054053307
v -0.008666004985570908 0.47993311285972595 -0.023170314729213715
v -0.00985376164317131 0.4806842803955078 -0.02182556688785553
v -0.008793456479907036 0.4798995852470398 -0.02422953210771084
v -0.009818397462368011 0.4811944365501404 -0.02267433889210224
v -0.01030687615275383 0.4836677312850952 0.013449682854115963
v -0.008433686569333076 0.4847032129764557 0.014314714819192886
v -0.008714176714420319 0.4837874472141266 0.01609181985259056
v -0.010712705552577972 0.4834344685077667 0.016229284927248955
v -0.00799536518752575 0.48499539494514465 0.012130835093557835
v -0.007347652688622475 0.48576483130455017 0.012953873723745346
v -0.011895988136529922 0.48382189869880676 0.01153029315173626
v -0.008959045633673668 0.48510435223579407 0.010968859307467937
v -0.009836088865995407 0.48516833782196045 0.020215367898344994
v -0.008717978373169899 0.48442718386650085 0.020793486386537552
v -0.009855145588517189 0.48656803369522095 0.019138922914862633
v -0.0108282919973135 0.484372615814209 0.020440585911273956
v -0.009050436317920685 0.4835963249206543 0.02026408538222313
v -0.012005429714918137 0.48625150322914124 0.020205393433570862
v -0.00897333025932312 0.4828706681728363 0.019708551466464996
v -0.011350413784384727 0.483915239572525 0.019347578287124634
v -0.010346876457333565 0.4844929575920105 -0.01575411856174469
v -0.008833471685647964 0.48582354187965393 -0.013460272923111916
v -0.011215781792998314 0.483808308839798 -0.014347678050398827
v -0.012088142335414886 0.48278358578681946 -0.016100971028208733
v -0.011484695598483086 0.4833008944988251 -0.0171818770468235
v -0.009717896580696106 0.484309583902359 -0.018125630915164948
v -0.010536573827266693 0.48577451705932617 -0.01635965146124363
v -0.010805224999785423 0.4927230775356293 0.018496042117476463
v -0.009072313085198402 0.4932311773300171 0.019901959225535393
v -0.008701549842953682 0.4940778613090515 0.018647685647010803
v -0.01131472922861576 0.49397310614585876 0.017269417643547058
v -0.010564019903540611 0.4915260672569275 0.017759712412953377
v -0.008182989433407784 0.4924030303955078 0.018953979015350342
v -0.01227988488972187 0.4919089674949646 0.017254052683711052
v -0.011103905737400055 0.48582276701927185 -0.01797402650117874
v -0.0099264495074749 0.48495420813560486 -0.019100358709692955
v -0.010373041033744812 0.4850021004676819 -0.020376726984977722
v -0.011840032413601875 0.48694664239883423 -0.018813196569681168
v -0.01141376607120037 0.4874615967273712 -0.016417182981967926
v -0.011681053787469864 0.48427560925483704 -0.012939776293933392
v -0.01342521607875824 0.4821372926235199 -0.013173705898225307
v -0.012387080118060112 0.4813643991947174 -0.014329539611935616
v -0.012466281652450562 0.4816219210624695 -0.015486037358641624
v -0.01029529981315136 0.4888703525066376 0.01772337034344673
v -0.011579964309930801 0.48895350098609924 0.018005114048719406
v -0.0137068722397089 0.48902496695518494 0.017750952392816544
v -0.014896631240844727 0.48576778173446655 0.019800951704382896
v -0.012673044577240944 0.4829227328300476 0.022024966776371002
v -0.013076160103082657 0.48245111107826233 0.021031862124800682
v -0.01271742396056652 0.48327508568763733 0.018781283870339394
v -0.012995846569538116 0.48237496614456177 0.015943922102451324
v -0.012775175273418427 0.49026721715927124 -0.019125601276755333
v -0.009298915043473244 0.4911198914051056 -0.01990341953933239
v -0.009220894426107407 0.4904743432998657 -0.019062981009483337
v -0.011929262429475784 0.4896154999732971 -0.018965719267725945
v -0.012948382645845413 0.49210160970687866 -0.0192621611058712
v -0.009381256997585297 0.49208104610443115 -0.02090570703148842
v -0.014359232038259506 0.49013662338256836 -0.01849685050547123
v -0.0161049272865057 0.48989710211753845 -0.01750549115240574
v -0.015231465920805931 0.49257612228393555 -0.017189841717481613
v -0.014089761301875114 0.4923069477081299 -0.01832440495491028
v -0.013829467818140984 0.47980329394340515 -0.016428837552666664
v -0.013325357809662819 0.4811805486679077 -0.01754920370876789
v -0.01289064809679985 0.4940866529941559 0.015589052811264992
v -0.012395832687616348 0.49491599202156067 0.013873357325792313
v -0.013943366706371307 0.4935716986656189 0.012899854220449924
v -0.014077289029955864 0.4922923147678375 0.015486345626413822
v -0.010620525106787682 0.4950180649757385 0.015410296618938446
v -0.011973081156611443 0.4844408929347992 -0.021284690126776695
v -0.01194787211716175 0.4827904999256134 -0.02187228389084339
v -0.013800594955682755 0.4823383390903473 -0.021502435207366943
v -0.014590282924473286 0.4837765693664551 -0.021212369203567505
v -0.012670310214161873 0.4870968163013458 -0.01989850215613842
v -0.01421130821108818 0.4871236979961395 -0.01998930796980858
v -0.01300651952624321 0.4815232455730438 0.013759367167949677
v -0.01359601877629757 0.4813283681869507 0.014073273167014122
v -0.014783884398639202 0.479532927274704 0.01361725851893425
v -0.015328668057918549 0.47989770770072937 0.011712131090462208
v -0.01299242116510868 0.49413320422172546 -0.016576530411839485
v -0.014178112149238586 0.4937705397605896 -0.016754215583205223
v -0.013297418132424355 0.4952643811702728 -0.013998933136463165
v -0.011585723608732224 0.4953852593898773 -0.015052146278321743
v -0.010278332978487015 0.4948295056819916 -0.01646563410758972
v -0.012423992156982422 0.4938914477825165 -0.01741967536509037
v -0.013341827318072319 0.4934251308441162 -0.01798888109624386
v -0.010659532621502876 0.4963074326515198 0.010731221176683903
v -0.010389931499958038 0.49456629157066345 0.010150066576898098
v -0.01333804614841938 0.49286016821861267 0.011862833052873611
v -0.015824949368834496 0.49021831154823303 0.012364886701107025
v -0.016271820291876793 0.4903546869754791 0.013444682583212852
v -0.016280680894851685 0.4892016053199768 0.015708046033978462
v -0.015156703069806099 0.4941835403442383 -0.014026639051735401
v -0.016709933057427406 0.4911700189113617 -0.015376299619674683
v -0.016140282154083252 0.4910373389720917 -0.013930344954133034
v -0.013525843620300293 0.49356532096862793 -0.012572763487696648
v -0.014823108911514282 0.4800752103328705 -0.021757572889328003
v -0.015831097960472107 0.48072493076324463 -0.022257240489125252
v -0.017160285264253616 0.48064619302749634 -0.021509528160095215
v -0.0170014388859272 0.4837599992752075 -0.02039063163101673
v -0.014919955283403397 0.4885120987892151 -0.018983880057930946
v -0.016463663429021835 0.4881421625614166 -0.018513064831495285
v -0.019820360466837883 0.48697468638420105 -0.016985248774290085
v -0.019589081406593323 0.48839062452316284 -0.016089363023638725
v -0.014621304348111153 0.47989386320114136 0.01945493556559086
v -0.01353759877383709 0.481785386800766 0.019375180825591087
v -0.01480776071548462 0.4794730544090271 0.020563887432217598
v -0.016326256096363068 0.4769691824913025 0.017618441954255104
v -0.01534299273043871 0.47868162393569946 0.01713293045759201
v -0.013985814526677132 0.48070138692855835 0.01642337627708912
v -0.0174606554210186 0.48610129952430725 0.01743214763700962
v -0.01927880570292473 0.48767831921577454 0.013794710859656334
v -0.019640982151031494 0.48539790511131287 0.015034574083983898
v -0.018948756158351898 0.48861294984817505 0.012568682432174683
v -0.016132868826389313 0.4795757532119751 -0.013153420761227608
v -0.014751897193491459 0.483506441116333 -0.012683219276368618
v -0.017306584864854813 0.4820030927658081 -0.012301587499678135
v -0.01977868564426899 0.4811210036277771 -0.010728850960731506
v -0.018898826092481613 0.4789379835128784 -0.011448911391198635
v -0.0189829058945179 0.47751888632774353 -0.012503609992563725
v -0.01707177236676216 0.4762868583202362 -0.015001427382230759
v -0.01424671895802021 0.4788188636302948 -0.014691423624753952
v -0.015920937061309814 0.4765740931034088 -0.01702781394124031
v -0.01567426696419716 0.47796350717544556 0.014325442723929882
v -0.017343144863843918 0.4767249822616577 0.012395784258842468
v -0.017285043373703957 0.47919896245002747 0.01089401077479124
v -0.01849154755473137 0.4785442352294922 0.009103856049478054
v -0.018368341028690338 0.4804958999156952 0.008329801261425018
v -0.01557331345975399 0.4812369644641876 0.01033281534910202
v -0.0195454191416502 0.47669294476509094 0.010081930086016655
v -0.016631100326776505 0.4750937819480896 -0.01855531334877014
v -0.016100067645311356 0.47597259283065796 -0.019453492015600204
v -0.017983414232730865 0.4757366478443146 -0.01602444425225258
v -0.01730811409652233 0.47402670979499817 -0.01941685937345028
v -0.016468092799186707 0.47525009512901306 -0.021328337490558624
v -0.019562609493732452 0.4770055413246155 -0.013455681502819061
v -0.018334368243813515 0.4835778772830963 0.01832243613898754
v -0.019892748445272446 0.4825710356235504 0.01617184467613697
v -0.017697032541036606 0.48217642307281494 0.020535344257950783
v -0.01938529498875141 0.47952738404273987 0.01756826788187027
v -0.01722840406000614 0.47582998871803284 0.018266119062900543
v -0.018817877396941185 0.4761473834514618 0.013686933554708958
v -0.02068908140063286 0.4758242070674896 0.0108244763687253
v -0.01850193366408348 0.478378564119339 -0.02177458256483078
v -0.017670907080173492 0.47818759083747864 -0.022509070113301277
v -0.01831432618200779 0.47632867097854614 -0.02185017056763172
v -0.01924939453601837 0.4773564040660858 -0.02129439078271389
v -0.01877521350979805 0.4799843728542328 -0.020540019497275352
v -0.019728170707821846 0.4787393808364868 -0.019404930993914604
v -0.01930674910545349 0.4764641523361206 -0.02054336853325367
v -0.018819507211446762 0.4754617512226105 -0.020192915573716164
v -0.019916430115699768 0.47739580273628235 -0.01843886263668537
v -0.02004414051771164 0.48263368010520935 -0.018209073692560196
v -0.020917026326060295 0.4802858829498291 -0.017067043110728264
v -0.02349635399878025 0.48077547550201416 -0.014432115480303764
v -0.022997651249170303 0.48287755250930786 -0.014648697338998318
v -0.02570905163884163 0.47554871439933777 0.003970461431890726
v -0.024036847054958344 0.4761961102485657 0.002972680376842618
v -0.021890675649046898 0.47594165802001953 0.006709340028464794
v -0.023092802613973618 0.4748596251010895 0.007707265205681324
v -0.026395905762910843 0.47544386982917786 0.00019492993305902928
v -0.024937357753515244 0.47634556889533997 -0.0018099684966728091
v -0.023835904896259308 0.47785332798957825 -0.0015541615430265665
v -0.023111648857593536 0.4774484634399414 0.002716081915423274
v -0.027297819033265114 0.4752057194709778 -0.0018349216552451253
v -0.025698009878396988 0.47634753584861755 -0.004361581522971392
v -0.02683788537979126 0.47691822052001953 -0.006059698760509491
v -0.02448541298508644 0.47682979702949524 -0.009201569482684135
v -0.023787477985024452 0.47663867473602295 -0.007742490619421005
v -0.027257295325398445 0.4770806133747101 -0.00855505745857954
v -0.02513906918466091 0.4772648513317108 -0.010659904219210148
v -0.029035907238721848 0.47620889544487 -0.005314508453011513
v -0.029510604217648506 0.4767113924026489 -0.006795840337872505
v -0.02925088256597519 0.47616663575172424 -0.0037442578468471766
v -0.030578725039958954 0.4749259948730469 -0.0031426858622580767
v -0.0311289019882679 0.4753302037715912 -0.004182209260761738
v -0.02822297066450119 0.47653672099113464 -0.0025713646318763494
v -0.029618771746754646 0.4848173260688782 0.000637238787021488
v -0.027811698615550995 0.48523107171058655 0.00021405438019428402
v -0.028035830706357956 0.4854026138782501 -0.0027503808960318565
v -0.029931828379631042 0.48437753319740295 -0.0031228887382894754
v -0.03277688845992088 0.4816160202026367 -0.0015604926738888025
v -0.03320697695016861 0.4826362133026123 -0.00011254205310251564
v -0.03296681120991707 0.48239171504974365 0.0011688265949487686
v -0.029729409143328667 0.48408979177474976 0.00256746681407094
v -0.029573576524853706 0.4744828939437866 0.00006635976023972034
v -0.027992110699415207 0.4755450487136841 0.0009679106879048049
v -0.028280779719352722 0.47490552067756653 0.0027439419645816088
v -0.030894581228494644 0.47354400157928467 0.0020190489012748003
v -0.03013531118631363 0.474733829498291 -0.001712344354018569
v -0.03194582834839821 0.4783477187156677 0.003204571781679988
v -0.02865930274128914 0.47980132699012756 0.004814930260181427
v -0.029295451939105988 0.4829145073890686 0.0032987818121910095
v -0.03231414780020714 0.48113155364990234 0.0019366267370060086
v -0.034718871116638184 0.47852954268455505 0.0022384794428944588
v -0.036409642547369 0.4767230451107025 0.0026473819743841887
v -0.034434493631124496 0.47600921988487244 0.003336763009428978
v -0.033089037984609604 0.4742923378944397 0.004294164944440126
v -0.030389459803700447 0.4758364260196686 0.004936525598168373
v -0.027886079624295235 0.4767731726169586 0.006454142276197672
v -0.03578087314963341 0.48007774353027344 0.001974470680579543
v -0.03308814391493797 0.47296491265296936 -0.0014213575050234795
v -0.033033426851034164 0.47320711612701416 0.00021526822820305824
v -0.032671019434928894 0.47308972477912903 -0.002724030753597617
v -0.03455684334039688 0.47103917598724365 -0.0021235374733805656
v -0.0345771461725235 0.4712282419204712 -0.003046941477805376
v -0.03375227376818657 0.47735971212387085 -0.003577187657356262
v -0.03231266513466835 0.47904741764068604 -0.0037362186703830957
v -0.032292675226926804 0.478524386882782 -0.004499151837080717
v -0.03345870226621628 0.4771443009376526 -0.004165444057434797
v -0.037975747138261795 0.47727659344673157 0.0021916725672781467
v -0.03395824879407883 0.471725732088089 0.0013617456424981356
v -0.031559057533741 0.4723320007324219 0.0034682955592870712
v -0.034177426248788834 0.47095853090286255 0.002710738917812705
v -0.03629429638385773 0.4697372019290924 0.0010692483047023416
v -0.03631655126810074 0.47083139419555664 0.0007727026240900159
v -0.03532472625374794 0.47167131304740906 0.0010116471676155925
v -0.036431264132261276 0.4688490331172943 0.0022336309775710106
v -0.035367924720048904 0.4725784361362457 0.00048482889542356133
v -0.03312314301729202 0.47634050250053406 -0.004694753792136908
v -0.033896833658218384 0.47497108578681946 -0.003726939670741558
v -0.03318457677960396 0.4771117866039276 -0.00461718300357461
v -0.035111427307128906 0.4751798212528229 -0.003229420864954591
v -0.03571555018424988 0.46970874071121216 -0.0017821191577240825
v -0.03579036146402359 0.46920621395111084 -0.0026191328652203083
v -0.0353023000061512 0.4710215628147125 -0.0013389146188274026
v -0.037021487951278687 0.4715808629989624 0.0006481994641944766
v -0.036318715661764145 0.4707951545715332 -0.0007393521373160183
v -0.03524564951658249 0.47241610288619995 -0.0007845379877835512
v -0.037074387073516846 0.4716470241546631 -0.00019607666763477027
v -0.03866181522607803 0.470863401889801 -0.00023133988725021482
v -0.03689353168010712 0.4697275459766388 -0.0009396987734362483
v -0.03785158693790436 0.4700368046760559 0.0005853702896274626
v -0.036268450319767 0.47416064143180847 0.0032881679944694042
v -0.03808387741446495 0.47389256954193115 0.0026581943966448307
v -0.03590348735451698 0.4725476801395416 0.003897637128829956
v -0.03813788294792175 0.47122690081596375 0.0031990555580705404
v -0.03824412077665329 0.4707856774330139 0.00027994229458272457
v -0.03862424194812775 0.46901896595954895 0.001314811990596354
v -0.03950152173638344 0.47087427973747253 0.0008316430612467229
v -0.039121970534324646 0.4736425578594208 0.0006264342810027301
v -0.03924153372645378 0.47343143820762634 -0.0007971219602040946
v -0.03915325179696083 0.47334301471710205 -0.0021817823871970177
v -0.039525214582681656 0.4703872799873352 -0.001734870602376759
v -0.03778859227895737 0.46897462010383606 -0.0022565345279872417
v -0.03869335725903511 0.4695960581302643 0.002538392087444663
v -0.03723270818591118 0.46971529722213745 0.0031670983880758286
v -0.039413467049598694 0.471032053232193 0.002258630935102701
v -0.008155381307005882 0.4957208037376404 0.015342023223638535
v -0.0091145820915699 0.49638375639915466 0.013485931791365147
v -0.008389703929424286 0.4948923885822296 0.017118273302912712
v -0.0056925322860479355 0.49731332063674927 0.012361548840999603
v -0.002319030463695526 0.4976901113986969 0.012097985483705997
v -0.010019896551966667 0.4966689646244049 0.012056568637490273
v 0.0008334331214427948 0.49761882424354553 0.011996896006166935
v 0.0016379617154598236 0.49861064553260803 0.008433341048657894
v 0.002820514142513275 0.49707528948783875 0.008234178647398949
v 0.0025475434958934784 0.4976179599761963 0.005382010713219643
v 0.0007075052708387375 0.49840912222862244 0.006007134448736906
v 0.0007047746330499649 0.4993278384208679 0.0039055361412465572
v 0.0031355395913124084 0.4962529242038727 0.004971249494701624
v 0.003138285130262375 0.4952213168144226 0.007954904809594154
v 0.002444811165332794 0.4929085671901703 0.007023759186267853
v 0.0027272552251815796 0.49397408962249756 0.004272592719644308
v 0.00199335440993309 0.490914523601532 0.009790833108127117
v 0.0009067542850971222 0.48897185921669006 0.008003517985343933
v 0.0016633421182632446 0.49136173725128174 0.006007680203765631
v 0.0008872412145137787 0.48766258358955383 0.006533633917570114
v 0.0021820291876792908 0.490830659866333 0.003974095918238163
v -0.03914087638258934 0.473876953125 0.0018993375124409795
v -0.03848819434642792 0.47725552320480347 0.0006023567984811962
v -0.03689991682767868 0.48076537251472473 0.0010714501840993762
v -0.036705195903778076 0.48037484288215637 -0.00034549908014014363
v -0.038535695523023605 0.47715237736701965 -0.00110398989636451
v -0.035757262259721756 0.4795690178871155 -0.0015684907557442784
v -0.03770802542567253 0.476803719997406 -0.0023859464563429356
v -0.034358296543359756 0.4780040681362152 -0.002685394138097763
v -0.03604525327682495 0.4757559299468994 -0.002858986845239997
v -0.03779779002070427 0.47299206256866455 -0.0027864445000886917
v -0.03667711466550827 0.4726225435733795 -0.0031223727855831385
v -0.037249431014060974 0.4717217981815338 -0.003194754244759679
v -0.038501519709825516 0.4711117744445801 -0.003014750313013792
v -0.03502602130174637 0.4718986451625824 -0.003288782201707363
v -0.033298444002866745 0.4737490713596344 -0.003377023618668318
v -0.035870298743247986 0.47232678532600403 -0.003311817068606615
v -0.035887859761714935 0.4698857069015503 -0.0036375680938363075
v -0.03185591474175453 0.47602134943008423 -0.004960015881806612
v -0.032504767179489136 0.48004788160324097 -0.003081339644268155
v -0.03500122204422951 0.4713413417339325 0.0037270523607730865
v -0.032424572855234146 0.4726729989051819 0.004620399326086044
v -0.028756750747561455 0.47322261333465576 0.0043820664286613464
v -0.0296662338078022 0.4736902713775635 0.005545188672840595
v -0.02620740607380867 0.4739827513694763 0.005971228703856468
v -0.02725856751203537 0.47471556067466736 0.007077214773744345
v -0.024106048047542572 0.47472041845321655 0.008884435519576073
v -0.025065582245588303 0.4757969379425049 0.009410056285560131
v -0.02585746720433235 0.47771695256233215 0.008741285651922226
v -0.022736864164471626 0.47682899236679077 0.011534243822097778
v -0.023830818012356758 0.47867050766944885 0.011367970146238804
v -0.02412327565252781 0.4815288484096527 0.010139623656868935
v -0.02636081352829933 0.48087912797927856 0.00726483715698123
v -0.024147937074303627 0.48440253734588623 0.008942602202296257
v -0.02651938982307911 0.4838464856147766 0.005837173201143742
v -0.024126794189214706 0.48614025115966797 0.008236466906964779
v -0.026641329750418663 0.48547273874282837 0.005111139267683029
v -0.023802142590284348 0.4869696795940399 0.007619121577590704
v -0.026516543701291084 0.48643970489501953 0.004288811702281237
v -0.023161210119724274 0.4870700538158417 0.006888441741466522
v -0.025621095672249794 0.48662957549095154 0.003426914568990469
v -0.022688377648591995 0.4862910509109497 0.006433241534978151
v -0.024879498407244682 0.48593637347221375 0.0030244803056120872
v -0.026444589719176292 0.4850407838821411 -0.00016376803978346288
v -0.026523439213633537 0.4851561486721039 -0.002937973476946354
v -0.024091627448797226 0.4846350848674774 0.002919989638030529
v -0.02531713992357254 0.4839901328086853 -0.00038313743425533175
v -0.025277160108089447 0.48429396748542786 -0.003387687262147665
v -0.02411942556500435 0.4849291741847992 -0.0067733838222920895
v -0.025075579062104225 0.48632025718688965 -0.006405299995094538
v -0.024363327771425247 0.48179420828819275 -0.0007497749757021666
v -0.024119848385453224 0.4823598861694336 -0.004108385182917118
v -0.023013675585389137 0.48313677310943604 -0.007312021218240261
v -0.021178700029850006 0.4837570786476135 -0.010125070810317993
v -0.02227235957980156 0.48566940426826477 -0.009806567803025246
v -0.022966846823692322 0.48005861043930054 -0.004983552265912294
v -0.02163584902882576 0.4805595874786377 -0.00814281776547432
v -0.022903457283973694 0.47817742824554443 -0.005855457857251167
v -0.021162986755371094 0.4784533977508545 -0.00906295981258154
v -0.023235701024532318 0.4769878387451172 -0.006539329420775175
v -0.021219808608293533 0.4772358536720276 -0.009831512346863747
v -0.021687760949134827 0.4766576886177063 -0.010750708170235157
v -0.02226707711815834 0.4768373370170593 -0.011797846294939518
v -0.02008822187781334 0.4769827127456665 -0.014310896396636963
v -0.018779538571834564 0.4758947193622589 -0.0168036799877882
v -0.022766854614019394 0.4775867760181427 -0.012843566946685314
v -0.020608164370059967 0.47753679752349854 -0.015093458816409111
v -0.019483596086502075 0.4763478934764862 -0.017582139000296593
v -0.01842435449361801 0.47465619444847107 -0.019763657823204994
v -0.02080366760492325 0.47877877950668335 -0.01596803404390812
v -0.023189784958958626 0.4790472388267517 -0.01361031923443079
v -0.025449557229876518 0.4787285029888153 -0.011230500414967537
v -0.025521153584122658 0.4809204339981079 -0.011472048237919807
v -0.02750953659415245 0.4785694181919098 -0.00910323765128851
v -0.027892589569091797 0.4804016053676605 -0.009262450970709324
v -0.02805297076702118 0.4820108413696289 -0.008718864060938358
v -0.025584138929843903 0.48275965452194214 -0.011624783277511597
v -0.025081638246774673 0.4853568375110626 -0.010799858719110489
v -0.025394059717655182 0.48401984572410583 -0.011237739585340023
v -0.02781101129949093 0.4830368161201477 -0.00805563386529684
v -0.027669887989759445 0.4841814935207367 -0.007444216404110193
v -0.027137301862239838 0.4857870638370514 -0.006877267267554998
v -0.024695169180631638 0.4863331615924835 -0.010470774956047535
v -0.022381052374839783 0.4872347116470337 -0.013606551103293896
v -0.02263656072318554 0.48613274097442627 -0.014023893512785435
v -0.023973427712917328 0.4871777296066284 -0.010102424770593643
v -0.02178371325135231 0.4880114197731018 -0.012898781336843967
v -0.01927284151315689 0.4892336130142212 -0.014842206612229347
v -0.020912636071443558 0.4877222776412964 -0.01223023235797882
v -0.018604103475809097 0.48902323842048645 -0.013756233267486095
v -0.020067544654011726 0.4867568612098694 -0.011882724240422249
v -0.01767519675195217 0.488031804561615 -0.012983070686459541
v -0.015130408108234406 0.48990291357040405 -0.012894773855805397
v -0.012241266667842865 0.4914517402648926 -0.011843818239867687
v -0.016300905495882034 0.4859396815299988 -0.012641701847314835
v -0.013692116364836693 0.48760366439819336 -0.012430232018232346
v -0.011060304939746857 0.48910588026046753 -0.011486213654279709
v -0.008983243256807327 0.4897005558013916 -0.009818531572818756
v -0.00936669297516346 0.4926008880138397 -0.009822078049182892
v -0.012480325996875763 0.4853394031524658 -0.01227379310876131
v -0.010074755176901817 0.48683637380599976 -0.011368782259523869
v -0.008328856900334358 0.4873802959918976 -0.009963731281459332
v -0.00818503275513649 0.48662203550338745 -0.007949725724756718
v -0.008232863619923592 0.4895319640636444 -0.007366527337580919
v -0.008098199963569641 0.4871842563152313 -0.004868261516094208
v -0.008496377617120743 0.48467257618904114 -0.00493061076849699
v -0.008626926690340042 0.4831392467021942 -0.005094723775982857
v -0.008122347295284271 0.4835108518600464 -0.0018079199362546206
v -0.008381353691220284 0.48396000266075134 0.001100340043194592
v -0.007408523932099342 0.4824995994567871 -0.0019024158827960491
v -0.007532032206654549 0.4828411638736725 0.0010783288162201643
v -0.006063789129257202 0.48218703269958496 -0.0021271677687764168
v -0.0060592107474803925 0.4826611280441284 0.0009241552324965596
v -0.0038179587572813034 0.48264601826667786 -0.0024569071829319
v -0.0036900602281093597 0.482875257730484 0.0006351776537485421
v -0.0006182678043842316 0.48251771926879883 -0.0023653293028473854
v 0.0025311745703220367 0.4816754460334778 -0.0019801692105829716
v 0.004514638334512711 0.4810478389263153 -0.001884839148260653
v 0.005452822893857956 0.4810180962085724 -0.005333120469003916
v 0.005761012434959412 0.4810605049133301 -0.001890769461169839
v 0.005282815545797348 0.4806688725948334 0.001640155678614974
v 0.006599895656108856 0.4818604588508606 -0.00186950305942446
v 0.006225802004337311 0.4817138910293579 0.0019313156371936202
v 0.003922086209058762 0.4826642572879791 0.0049445414915680885
v 0.006731156259775162 0.4833877682685852 -0.0017139808041974902
v 0.006177537143230438 0.4822715222835541 -0.005490295588970184
v 0.006449751555919647 0.48619091510772705 -0.0015135762514546514
v 0.005626115947961807 0.4900297522544861 -0.0016809211811050773
v 0.002846658229827881 0.4924873411655426 -0.004769384395331144
v 0.0041272081434726715 0.4933212399482727 -0.0021651899442076683
v 0.0038298889994621277 0.4929320514202118 0.0006275801570154727
v 0.0016059055924415588 0.4908827245235443 -0.007343728095293045
v 0.0016834624111652374 0.49342525005340576 -0.009730077348649502
v 0.0008770525455474854 0.4886551797389984 -0.009580756537616253
v 0.0013152919709682465 0.49123361706733704 -0.012159161269664764
v 0.0019854605197906494 0.49558699131011963 -0.010774805210530758
v 0.001042742282152176 0.4846936762332916 -0.009206251241266727
v 0.0040809884667396545 0.4831268787384033 -0.007624985184520483
v 0.0034865662455558777 0.48189109563827515 -0.008035844191908836
v -0.009483512490987778 0.49513548612594604 -0.00999603234231472
v -0.01888222247362137 0.48464441299438477 -0.012051371857523918
v -0.02305559068918228 0.4867900609970093 -0.009669272229075432
v -0.02635672315955162 0.48706600069999695 -0.006556428503245115
v -0.02995319664478302 0.48232370615005493 -0.0044246031902730465
v -0.030081847682595253 0.48114579916000366 -0.005340285133570433
v -0.03018978051841259 0.48024263978004456 -0.006054986733943224
v -0.030540918931365013 0.47915902733802795 -0.007188546936959028
v -0.03244253993034363 0.4779773950576782 -0.0053886789828538895
v -0.030019311234354973 0.47790172696113586 -0.007300334516912699
v -0.03217114880681038 0.47694331407546997 -0.005598992574959993
v -0.017401179298758507 0.47543591260910034 -0.022033005952835083
v -0.016494471579790115 0.4777125120162964 -0.022893836721777916
v -0.01544172316789627 0.47733867168426514 -0.02214759588241577
v -0.015262235887348652 0.4775674343109131 -0.020224522799253464
v -0.014202265068888664 0.4796167314052582 -0.020625926554203033
v -0.014130011200904846 0.4797946810722351 -0.019203273579478264
v -0.0151708098128438 0.4778166115283966 -0.01828182302415371
v -0.013312455266714096 0.4815485179424286 -0.02087104134261608
v -0.012986809015274048 0.481463223695755 -0.01988709531724453
v -0.012408984825015068 0.4821256995201111 -0.01848984882235527
v -0.011906053870916367 0.48198825120925903 -0.02144698053598404
v -0.011639809235930443 0.48173508048057556 -0.020510278642177582
v -0.009614257141947746 0.48190250992774963 -0.023049356415867805
v -0.008276248350739479 0.48072564601898193 -0.024861210957169533
v -0.02349298819899559 0.47959011793136597 -0.0012222619261592627
v -0.023104220628738403 0.48205918073654175 0.002704973565414548
v -0.022535456344485283 0.47958722710609436 0.0025073233991861343
v -0.021378168836236 0.48224106431007385 0.0058329468593001366
v -0.02077055722475052 0.4796786606311798 0.005662927404046059
v -0.02124016359448433 0.47736191749572754 0.006213242653757334
v -0.018925532698631287 0.48260965943336487 0.008258669637143612
v -0.022218411788344383 0.48498767614364624 0.006110804621130228
v -0.01976427063345909 0.4854103624820709 0.008484052494168282
v -0.016992906108498573 0.4861396551132202 0.009997054934501648
v -0.015948154032230377 0.4833998382091522 0.009944711811840534
v -0.014005722478032112 0.48740002512931824 0.010541184805333614
v -0.012842321768403053 0.48499515652656555 0.010669290088117123
v -0.011257637292146683 0.4888577163219452 0.00998192559927702
v -0.010140173137187958 0.4863714575767517 0.010063603520393372
v -0.009251454845070839 0.4897051453590393 0.008845224976539612
v -0.008419657126069069 0.48702356219291687 0.009045258164405823
v -0.006843503564596176 0.4854576885700226 0.009630667977035046
v -0.008111011236906052 0.489763468503952 0.007434482220560312
v -0.009824024513363838 0.49293944239616394 0.009532296098768711
v -0.008214274421334267 0.4932411015033722 0.0073759048245847225
v -0.007982274517416954 0.489492267370224 0.005664903204888105
v -0.012418936938047409 0.49148499965667725 0.010659987106919289
v -0.015074820257723331 0.4893532991409302 0.011263716965913773
v -0.017807487398386 0.4877963662147522 0.010670316405594349
v -0.018425825983285904 0.4885897636413574 0.011504387483000755
v -0.020810052752494812 0.4876779615879059 0.009523589164018631
v -0.02138388156890869 0.4876197576522827 0.010406489484012127
v -0.020283248275518417 0.4868828058242798 0.008917185477912426
v -0.021741222590208054 0.48680341243743896 0.011265331879258156
v -0.02191566675901413 0.4849683940410614 0.012137222103774548
v -0.021833188831806183 0.481964111328125 0.013192585669457912
v -0.021473180502653122 0.47905051708221436 0.014274075627326965
v -0.02075428143143654 0.4772300124168396 0.014320299960672855
v -0.01916322112083435 0.4774538278579712 0.01818818226456642
v -0.01997584104537964 0.47631412744522095 0.014101182110607624
v -0.018512114882469177 0.47623634338378906 0.018442751839756966
v -0.01623932644724846 0.4796266555786133 0.022588681429624557
v -0.017217377200722694 0.4807906746864319 0.022078365087509155
v -0.01346844807267189 0.483948290348053 0.022298995405435562
v -0.014558938331902027 0.48410916328430176 0.02175486460328102
v -0.015078418888151646 0.479120671749115 0.02168470062315464
v -0.021782739087939262 0.47592484951019287 0.011348898522555828
v -0.012615146115422249 0.49314644932746887 -0.018928907811641693
v -0.00914347730576992 0.4929249584674835 -0.020086757838726044
v -0.011877918615937233 0.4936942756175995 -0.018049700185656548
v -0.008827285841107368 0.49369561672210693 -0.018935825675725937
v -0.005571942776441574 0.4939415156841278 -0.018975963816046715
v -0.005654769018292427 0.49313002824783325 -0.020493583753705025
v -0.008291797712445259 0.4945802390575409 -0.017506999894976616
v -0.005435343831777573 0.49520882964134216 -0.016601555049419403
v -0.008229685947299004 0.49576178193092346 -0.015141232870519161
v -0.005380792543292046 0.4970083236694336 -0.013786667957901955
v -0.0024290289729833603 0.497922420501709 -0.012919114902615547
v -0.00016459450125694275 0.49810391664505005 -0.012175814248621464
v -0.0030145812779664993 0.49925166368484497 -0.01072718482464552
v -0.009904179722070694 0.4945310354232788 -0.017205005511641502
v -0.011505069211125374 0.4891085922718048 -0.018301960080862045
v -0.00934651866555214 0.4895557165145874 -0.017972486093640327
v -0.00939849577844143 0.4893215298652649 -0.016660602763295174
v -0.011307315900921822 0.4893341660499573 -0.016577431932091713
v -0.007012063637375832 0.4891168773174286 -0.017507145181298256
v -0.005508445203304291 0.48775097727775574 -0.017800522968173027
v -0.004880134016275406 0.48572221398353577 -0.01895001344382763
v -0.005615361034870148 0.484171599149704 -0.01990327052772045
v -0.005906876176595688 0.483595073223114 -0.01915024220943451
v -0.007469877600669861 0.48390650749206543 -0.020215241238474846
v -0.007569015026092529 0.48347219824790955 -0.01908208429813385
v -0.009572779759764671 0.490975946187973 0.017408257350325584
v -0.007906990125775337 0.4920889735221863 0.018019339069724083
v -0.00960678979754448 0.4884102940559387 0.016678547486662865
v -0.008824774995446205 0.4903748035430908 0.01605931669473648
v -0.007646314799785614 0.49178311228752136 0.01596200466156006
v -0.008454781025648117 0.48925596475601196 0.013946003280580044
v -0.006965711712837219 0.49046069383621216 0.013581089675426483
v -0.005285618826746941 0.49063798785209656 0.014555641449987888
v -0.0039024055004119873 0.4892085790634155 0.01605101302266121
v -0.003164248540997505 0.4869149923324585 0.017888206988573074
v -0.002887668088078499 0.4861047565937042 0.017002074047923088
v -0.003714984282851219 0.48431167006492615 0.018753238022327423
v -0.0025543086230754852 0.4852088987827301 0.016316376626491547
v -0.0016045905649662018 0.4847915768623352 0.01617622934281826
v -0.0008575655519962311 0.4854457378387451 0.01698058471083641
v -0.002002991735935211 0.4829234480857849 0.0190404262393713
v -0.00042907334864139557 0.4862658679485321 0.01808694377541542
v -0.0013789106160402298 0.48346495628356934 0.020142974331974983
v -0.0005618464201688766 0.4870028495788574 0.019274210557341576
v -0.001775173470377922 0.48433077335357666 0.020960982888936996
v -0.005437962710857391 0.48373061418533325 0.019216209650039673
v -0.007332595065236092 0.4844328761100769 0.01853211224079132
v -0.008721470832824707 0.4858090877532959 0.017011843621730804
v -0.009085945785045624 0.4865821301937103 0.01793655939400196
v -0.008386582136154175 0.4848100244998932 0.016353731974959373
v -0.00852084532380104 0.4859828054904938 0.014697900973260403
v -0.009156296029686928 0.48735785484313965 0.015394840389490128
v -0.007675137370824814 0.48728373646736145 0.01323509868234396
v -0.004827961325645447 0.49349892139434814 0.020770147442817688
v -0.0002768617123365402 0.4936566948890686 0.019835375249385834
v -0.0029309112578630447 0.4842802882194519 -0.021297188475728035
v -0.004534099251031876 0.4825078248977661 -0.02310515195131302
v -0.0016393959522247314 0.48670971393585205 -0.02029304765164852
v -0.0011607781052589417 0.48605912923812866 -0.018874354660511017
v -0.0023958981037139893 0.483592689037323 -0.020297881215810776
v -0.00392339751124382 0.4815541207790375 -0.02221643179655075
v -0.008556736633181572 0.5082085132598877 -0.0037075290456414223
v -0.007575005292892456 0.505364716053009 -0.00487138144671917
v -0.005966603755950928 0.501916766166687 -0.005047888960689306
v -0.005682913586497307 0.5057113170623779 -0.005835955496877432
v -0.004738230258226395 0.5021651983261108 -0.005537127144634724
v -0.003476187586784363 0.5056308507919312 -0.005638407077640295
v -0.0035147834569215775 0.5087236166000366 -0.0051266769878566265
v -0.006406070664525032 0.5086848139762878 -0.005086160730570555
v -0.007870012894272804 0.5105797052383423 -0.0018179555190727115
v -0.008832879364490509 0.5086097121238708 0.00004747034108731896
v -0.006988208740949631 0.5094403028488159 0.0020026136189699173
v -0.008055582642555237 0.5059092044830322 0.0018772846087813377
v -0.006360903382301331 0.50660240650177 0.003368113189935684
v -0.004286900162696838 0.5068711638450623 0.0036038958933204412
v -0.006337027996778488 0.5026643872261047 0.0023652776144444942
v -0.005076233297586441 0.5031399130821228 0.0031997410114854574
v -0.0035694222897291183 0.5031817555427551 0.0032147997990250587
v -0.005501348525285721 0.49977290630340576 0.002586960792541504
v 0.0008940994739532471 0.5004311203956604 -0.004992963280528784
v 0.002398628741502762 0.5045318603515625 -0.0012965378118678927
v 0.002879168838262558 0.5019261837005615 -0.0017916481010615826
v -0.037269022315740585 0.47044166922569275 -0.0035076059866696596
v -0.03575178235769272 0.4711119830608368 -0.0033915573731064796
v -0.03652104735374451 0.4714513421058655 -0.0033929271157830954
v -0.016708245500922203 0.4861546456813812 -0.01945926807820797
v -0.0199643075466156 0.48493829369544983 -0.017657050862908363
v -0.022842207923531532 0.4844790995121002 -0.014400353655219078
v -0.004949253052473068 0.4483634829521179 -0.012018208391964436
v -0.00886470451951027 0.4507341682910919 -0.012557759881019592
v -0.008448300883173943 0.4500247836112976 -0.010240805335342884
v -0.006627190858125687 0.44908860325813293 -0.009957228787243366
v -0.007622821256518364 0.4470022916793823 -0.008367704227566719
v -0.005065714940428734 0.44553712010383606 -0.008743717335164547
v -0.0065992604941129684 0.4436773359775543 -0.00977613590657711
v -0.0064104776829481125 0.4456712007522583 -0.011694285087287426
v -0.0075498297810554504 0.4450913071632385 -0.0133631881326437
v -0.006600880995392799 0.4471833109855652 -0.014686301350593567
v -0.006336728110909462 0.4408322274684906 -0.00668073957785964
v -0.007509779185056686 0.4375421702861786 -0.005468824412673712
v -0.009721159934997559 0.43780744075775146 -0.008526484481990337
v -0.009585641324520111 0.44053423404693604 -0.00959851872175932
v -0.005735661834478378 0.44352060556411743 -0.005750004202127457
v -0.008862916380167007 0.4423038363456726 -0.011985939927399158
v -0.010352838784456253 0.4485780596733093 -0.008878296241164207
v -0.010029613971710205 0.4423207938671112 0.012632831931114197
v -0.0073606837540864944 0.4428827166557312 0.009473753161728382
v -0.006678307428956032 0.4456784725189209 0.010836918838322163
v -0.0075943004339933395 0.44664934277534485 0.01318078488111496
v -0.008592076599597931 0.43692588806152344 0.00948320608586073
v -0.008937641978263855 0.4394879639148712 0.009220357052981853
v -0.01069311611354351 0.439032644033432 0.011227933689951897
v -0.009581286460161209 0.43563312292099 0.011020580306649208
v -0.007833180949091911 0.4355473518371582 0.00723568769171834
v -0.0075979456305503845 0.43860000371932983 0.006192786153405905
v -0.009013248607516289 0.43334075808525085 0.008120140060782433
v -0.00664159283041954 0.445343554019928 0.007935128174722195
v -0.006469931453466415 0.4474230706691742 0.009826743975281715
v -0.008743982762098312 0.43511494994163513 -0.008557470515370369
v -0.0108515415340662 0.4342209994792938 -0.007736365310847759
v -0.013258233666419983 0.4363711476325989 -0.009618008509278297
v -0.007518775761127472 0.43434008955955505 -0.005404595751315355
v -0.009263910353183746 0.43253952264785767 -0.004761958494782448
v -0.012627646327018738 0.44112661480903625 -0.011505733244121075
v -0.010534314438700676 0.44180426001548767 -0.013550803996622562
v -0.009825650602579117 0.44834810495376587 0.014347095973789692
v -0.008417589589953423 0.4505019187927246 0.013024605810642242
v -0.010043524205684662 0.4514647126197815 0.012652751989662647
v -0.01083090528845787 0.4495536684989929 0.013202306814491749
v -0.006684798747301102 0.4503466486930847 0.011380204930901527
v -0.009402923285961151 0.45219886302948 0.010670853778719902
v -0.01194976456463337 0.4350028336048126 -0.0059118387289345264
v -0.01131254993379116 0.43435561656951904 -0.00351982144638896
v -0.013928405940532684 0.4359745979309082 -0.0031173585448414087
v -0.014052389189600945 0.43591973185539246 -0.006323895417153835
v -0.010891236364841461 0.44137510657310486 0.016086239367723465
v -0.012494741007685661 0.4415542483329773 0.016209276393055916
v -0.013578664511442184 0.4414951503276825 0.013689043000340462
v -0.00913739949464798 0.4434097111225128 0.017232319340109825
v -0.013972403481602669 0.437813937664032 0.011247259564697742
v -0.011787036433815956 0.4356495141983032 0.010179220698773861
v -0.01155114360153675 0.4346301555633545 0.007484532427042723
v -0.01437705010175705 0.43637990951538086 0.007469675969332457
v -0.008429953828454018 0.4499034285545349 0.010108322836458683
v -0.009722420945763588 0.45049139857292175 0.010144691914319992
v -0.008442247286438942 0.4485340714454651 0.009081199765205383
v -0.010537955909967422 0.44942545890808105 0.00935343187302351
v -0.013291988521814346 0.44963714480400085 -0.010946451686322689
v -0.01164218969643116 0.4512445032596588 0.009923857636749744
v -0.012446224689483643 0.4512903392314911 0.011913541704416275
v -0.018836986273527145 0.43904218077659607 0.009919749572873116
v -0.01719466596841812 0.437360554933548 0.007299803663045168
v -0.012597423046827316 0.4488063454627991 0.012805713340640068
v -0.012259779497981071 0.4456145167350769 0.01357361301779747
v -0.015403388068079948 0.43924179673194885 -0.019077381119132042
v -0.012553820386528969 0.43919169902801514 -0.017495783045887947
v -0.012809522449970245 0.43988457322120667 -0.01887292042374611
v -0.016478680074214935 0.4389761984348297 -0.018905969336628914
v -0.020158275961875916 0.4381283223628998 -0.018942512571811676
v -0.018842788413167 0.4351988136768341 -0.020545944571495056
v -0.014284387230873108 0.43669021129608154 -0.01887444593012333
v -0.011216368526220322 0.4383518397808075 -0.016978302970528603
v -0.012477772310376167 0.4388009309768677 -0.02008027397096157
v -0.016303427517414093 0.437411367893219 -0.020574813708662987
v -0.01663881167769432 0.44338732957839966 -0.016748344525694847
v -0.017595425248146057 0.44127941131591797 -0.016344167292118073
v -0.016645602881908417 0.43989458680152893 -0.022795822471380234
v -0.01692318730056286 0.43880796432495117 -0.02546026185154915
v -0.018287193030118942 0.44271495938301086 -0.023598015308380127
v -0.016847703605890274 0.44241705536842346 -0.021339187398552895
v -0.016880538314580917 0.4394964873790741 0.020295346155762672
v -0.01307598315179348 0.4414755403995514 0.01941574364900589
v -0.013507058843970299 0.4404088258743286 0.01856057159602642
v -0.016741354018449783 0.4401263892650604 0.01999765634536743
v -0.01622645929455757 0.4378495216369629 0.021336792036890984
v -0.011788735166192055 0.4409874677658081 0.020624889060854912
v -0.018193747848272324 0.44211336970329285 0.018838748335838318
v -0.01675388589501381 0.4434022009372711 0.020108705386519432
v -0.014431257732212543 0.4494713246822357 -0.007010053843259811
v -0.01132948324084282 0.44773733615875244 -0.006017415318638086
v -0.013760192319750786 0.4459668695926666 -0.012845928780734539
v -0.01637948863208294 0.44614073634147644 -0.014415247365832329
v -0.016316808760166168 0.4472818970680237 -0.011990995146334171
v -0.009924434125423431 0.4459806978702545 -0.012936629354953766
v -0.016761071979999542 0.4462416470050812 -0.008683906868100166
v -0.012609846889972687 0.43851983547210693 0.018337184563279152
v -0.017324674874544144 0.4350634217262268 0.020481910556554794
v -0.017365576699376106 0.4391006529331207 0.023725688457489014
v -0.017434101551771164 0.4411811828613281 0.022905699908733368
v -0.01924761012196541 0.4411120116710663 0.023950988426804543
v -0.017744554206728935 0.43839770555496216 0.026125719770789146
v -0.015239125117659569 0.4495421051979065 0.009671434760093689
v -0.013241671025753021 0.4501175284385681 0.007833468727767467
v -0.019216379150748253 0.4454100430011749 -0.021661175414919853
v -0.016943426802754402 0.446444034576416 -0.021337123587727547
v -0.014021119102835655 0.4497014880180359 -0.020337233319878578
v -0.016228720545768738 0.44651931524276733 -0.01948278769850731
v -0.016940610483288765 0.44831764698028564 -0.01651858352124691
v -0.01872211880981922 0.44274187088012695 0.013447676785290241
v -0.02090197429060936 0.4449732303619385 0.010813274420797825
v -0.0188133642077446 0.44301119446754456 0.009010828100144863
v -0.016288485378026962 0.44931554794311523 -0.02333432249724865
v -0.012755787000060081 0.45307520031929016 -0.02139863930642605
v -0.01981380395591259 0.44796356558799744 -0.02272469364106655
v -0.019260011613368988 0.4379752278327942 -0.02318677492439747
v -0.016504332423210144 0.435447633266449 -0.021556217223405838
v -0.017162514850497246 0.45016518235206604 -0.02187829650938511
v -0.015512807294726372 0.452705442905426 -0.020952802151441574
v -0.019450774416327477 0.4497331976890564 -0.021449781954288483
v -0.01870027370750904 0.45061376690864563 -0.02011347934603691
v -0.017756398767232895 0.44846341013908386 -0.013517213985323906
v -0.019093457609415054 0.4467940926551819 -0.011428190395236015
v -0.020369980484247208 0.44281595945358276 -0.011852645315229893
v -0.018271714448928833 0.44217053055763245 -0.008291991427540779
v -0.016984468325972557 0.4449796974658966 0.019290568307042122
v -0.018420351669192314 0.4433227479457855 0.016895640641450882
v -0.016368933022022247 0.4478471875190735 0.0211977269500494
v -0.017568789422512054 0.4434669613838196 0.021643618121743202
v -0.017425445839762688 0.44780755043029785 0.016767436638474464
v -0.019419703632593155 0.4374352991580963 0.024064328521490097
v -0.020108332857489586 0.4395168125629425 0.022163748741149902
v -0.015495255589485168 0.45212841033935547 0.017995478585362434
v -0.015453264117240906 0.4516200125217438 0.021812643855810165
v -0.017568951472640038 0.4489190876483917 0.013286653906106949
v -0.017510227859020233 0.4519699513912201 0.014113178476691246
v -0.017261672765016556 0.4395325183868408 -0.010386927053332329
v -0.019348837435245514 0.43851304054260254 -0.008733583614230156
v -0.019597060978412628 0.43935340642929077 -0.006712727714329958
v -0.02050493285059929 0.440468430519104 -0.021852843463420868
v -0.019305339083075523 0.4370580315589905 -0.008311238139867783
v -0.019734235480427742 0.4369168281555176 -0.006316572427749634
v -0.01702934131026268 0.43684956431388855 -0.008979994803667068
v -0.01700112223625183 0.4367328882217407 -0.006300420965999365
v -0.019508983939886093 0.45249128341674805 -0.019464440643787384
v -0.01693720556795597 0.4536486268043518 -0.018393030390143394
v -0.02247169241309166 0.44969505071640015 -0.02038048580288887
v -0.019221780821681023 0.44949886202812195 0.022532513365149498
v -0.01618175581097603 0.45431530475616455 0.021781235933303833
v -0.020153336226940155 0.4513513445854187 0.022067319601774216
v -0.021708514541387558 0.44650140404701233 0.022381514310836792
v -0.023859625682234764 0.44952207803726196 0.021971281617879868
v -0.01599644124507904 0.4551294147968292 0.01857881061732769
v -0.01918979361653328 0.4532914161682129 0.01920733042061329
v -0.022538844496011734 0.4434225857257843 -0.020710375159978867
v -0.023154042661190033 0.4469738006591797 -0.02100958675146103
v -0.02214646339416504 0.445834219455719 0.01701989211142063
v -0.023081663995981216 0.44468188285827637 0.013610967434942722
v -0.02392011508345604 0.4457409977912903 0.011024939827620983
v -0.02121225744485855 0.44287654757499695 0.01980086788535118
v -0.02100667729973793 0.44325000047683716 0.021782325580716133
v -0.019114864990115166 0.45396888256073 -0.016514720395207405
v -0.023261159658432007 0.45141056180000305 -0.017024343833327293
v -0.023256173357367516 0.45263612270355225 -0.015367881394922733
v -0.019569460302591324 0.45397210121154785 -0.014333661645650864
v -0.014412125572562218 0.4547729194164276 -0.017150599509477615
v -0.020639151334762573 0.44272667169570923 -0.01693420670926571
v -0.023762110620737076 0.4441972076892853 -0.011785532347857952
v -0.02566227689385414 0.44188129901885986 -0.01611996628344059
v -0.027034400030970573 0.44488561153411865 0.022855469956994057
v -0.025738544762134552 0.4417482316493988 0.02209373563528061
v -0.02581799402832985 0.4426198899745941 0.01985967718064785
v -0.027617197483778 0.44835686683654785 0.020146837458014488
v -0.02174711413681507 0.44956040382385254 -0.010910575278103352
v -0.017991449683904648 0.45144665241241455 -0.013535216450691223
v -0.024447033181786537 0.45124122500419617 -0.011290539056062698
v -0.020415809005498886 0.44942784309387207 0.011084935627877712
v -0.01814132183790207 0.4471619129180908 0.009577833116054535
v -0.023621991276741028 0.449194997549057 0.009512481279671192
v -0.023326441645622253 0.4525841176509857 0.008582890965044498
v -0.020519573241472244 0.453813374042511 0.010717945173382759
v -0.026832260191440582 0.44317537546157837 -0.021178925409913063
v -0.026392312720417976 0.44699975848197937 -0.020099684596061707
v -0.02527538314461708 0.45036575198173523 -0.006985247600823641
v -0.026175687089562416 0.44645625352859497 -0.008220689371228218
v -0.029237480834126472 0.4413020610809326 -0.009251197800040245
v -0.027752745896577835 0.43954068422317505 -0.01256589125841856
v -0.02528628706932068 0.44949018955230713 -0.0187571682035923
v -0.028004085645079613 0.450320839881897 -0.018160000443458557
v -0.026218315586447716 0.4523767828941345 -0.017294125631451607
v -0.026688270270824432 0.45254069566726685 -0.0158137995749712
v -0.027109645307064056 0.44974151253700256 -0.013461288064718246
v -0.028949767351150513 0.4489351511001587 -0.007578393444418907
v -0.03056979365646839 0.4439225494861603 -0.01983531005680561
v -0.029436144977808 0.4471607804298401 -0.019167248159646988
v -0.02895967662334442 0.4407111704349518 -0.01985553652048111
v -0.03185155242681503 0.4401171803474426 -0.02061062678694725
v -0.02904285490512848 0.45055288076400757 -0.015768490731716156
v -0.02870817668735981 0.4406321942806244 -0.016297990456223488
v -0.032323502004146576 0.43830129504203796 -0.017087245360016823
v -0.02869703806936741 0.4407876431941986 0.019711550325155258
v -0.03065825067460537 0.43927571177482605 0.02160097472369671
v -0.03193764016032219 0.44031089544296265 0.01728389970958233
v -0.029697544872760773 0.4406522214412689 0.016987763345241547
v -0.026736736297607422 0.44270315766334534 0.01692180335521698
v -0.03085065260529518 0.43822699785232544 -0.013620760291814804
v -0.03162071481347084 0.4410293698310852 -0.012121315114200115
v -0.03233712166547775 0.4423471987247467 -0.016441216692328453
v -0.026113299652934074 0.4490591585636139 0.018806641921401024
v -0.023587115108966827 0.44988009333610535 0.019114026799798012
v -0.023000143468379974 0.45195260643959045 0.01682676188647747
v -0.026909833773970604 0.4498083293437958 0.017230959609150887
v -0.028798578307032585 0.45019060373306274 0.017901873216032982
v -0.02807040885090828 0.44825780391693115 0.012571246363222599
v -0.02484634891152382 0.4518957734107971 0.014610582031309605
v -0.022508379071950912 0.4532206654548645 0.012794053182005882
v -0.02489374205470085 0.45239967107772827 0.010293973609805107
v -0.02708606794476509 0.451619029045105 0.00765402615070343
v -0.02952318824827671 0.4475541114807129 0.008969541639089584
v -0.02979138493537903 0.4485473930835724 0.016188401728868484
v -0.027743371203541756 0.45000991225242615 0.0157785527408123
v -0.030285807326436043 0.4476912319660187 0.01890472136437893
v -0.03050784021615982 0.4440951347351074 0.02050507627427578
v -0.02877536229789257 0.44295355677604675 0.008998935110867023
v -0.02746574580669403 0.4417876899242401 0.013219012878835201
v -0.03015786223113537 0.439782977104187 0.013261262327432632
v -0.03104175254702568 0.44014835357666016 0.009238386526703835
v -0.033191364258527756 0.4414176642894745 0.005601553246378899
v -0.03186788782477379 0.44463226199150085 0.004248075187206268
v -0.03130965307354927 0.4439762234687805 0.016875524073839188
v -0.030656585469841957 0.4439469277858734 0.013178395107388496
v -0.03154697269201279 0.4433325529098511 -0.005138454493135214
v -0.029883595183491707 0.44674786925315857 -0.004223037511110306
v -0.031314119696617126 0.4478367269039154 -0.00014958491374272853
v -0.03259870409965515 0.44575780630111694 -0.0001593869528733194
v -0.03438442945480347 0.4424213767051697 -0.0035799837205559015
v -0.03438020497560501 0.4413321614265442 -0.006706489250063896
v -0.031934954226017 0.4420168697834015 -0.008765666745603085
v -0.03467053547501564 0.4440557360649109 -0.00013622762344311923
v -0.03254690021276474 0.44918787479400635 0.0028167683631181717
v -0.03070472925901413 0.45000675320625305 0.005089977290481329
v -0.027942094951868057 0.45131033658981323 0.003568932879716158
v -0.03165711089968681 0.4499542713165283 -0.00020665410556830466
v -0.03546842187643051 0.447602242231369 0.0032374695874750614
v -0.03209121152758598 0.44749021530151367 0.006277803331613541
v -0.03660754859447479 0.4486615061759949 -0.0007123594405129552
v -0.034401193261146545 0.4436265230178833 0.002544786548241973
v -0.03623287007212639 0.4414246678352356 0.0027852875646203756
v -0.03700681030750275 0.4426881670951843 -0.00023146752209868282
v -0.03403151407837868 0.4484207034111023 -0.003074113978073001
v -0.03194565698504448 0.4483729600906372 -0.00487882923334837
v -0.03484161198139191 0.44491755962371826 -0.005137540865689516
v -0.038038354367017746 0.4454847276210785 -0.0034508744720369577
v -0.028036676347255707 0.45086830854415894 -0.003763471031561494
v -0.03664412349462509 0.44176629185676575 -0.0026088415179401636
v -0.03940057381987572 0.44091174006462097 -0.0019021815387532115
v -0.0371641144156456 0.44096845388412476 -0.004829421639442444
v -0.03998567909002304 0.44064420461654663 0.0017093013739213347
v -0.04322265833616257 0.44103553891181946 0.001292538596317172
v -0.04273254796862602 0.44095200300216675 -0.0013371347449719906
v -0.0489623099565506 0.44059741497039795 -0.0009522432228550315
v -0.045766644179821014 0.44138145446777344 -0.0010341251036152244
v -0.04635045677423477 0.44133901596069336 0.0010694145457819104
v -0.04964593052864075 0.4408378303050995 0.001008245861157775
v -0.0486106351017952 0.4411061704158783 -0.0028922748751938343
v -0.045216090977191925 0.44318100810050964 -0.002758188871666789
v -0.05164884403347969 0.4398145079612732 -0.0008876724750734866
v -0.05217473581433296 0.4389173984527588 -0.0026336766313761473
v -0.05296306684613228 0.44057607650756836 0.0006812462233938277
v -0.05476217716932297 0.4393860697746277 -0.0007027769461274147
v -0.05749547481536865 0.44036176800727844 0.0013401488540694118
v -0.056565433740615845 0.43828701972961426 0.0011865744600072503
v -0.053835008293390274 0.43916016817092896 0.002712305635213852
v -0.05485799163579941 0.4417337477207184 0.0019361252197995782
v -0.05552670359611511 0.44216421246528625 -0.0004738306161016226
v -0.05798044428229332 0.44036826491355896 -0.00031104008667171
v -0.058228932321071625 0.4382847845554352 -0.0009090313105843961
v -0.05573369562625885 0.4400617182254791 -0.002141979057341814
v -0.05206368863582611 0.4438866376876831 -0.000016167577996384352
v -0.05230382829904556 0.4420623779296875 -0.0022149563301354647
v -0.048514313995838165 0.4454030692577362 0.0005844700499437749
v -0.048717547208070755 0.44401708245277405 -0.0018819293472915888
v -0.044756583869457245 0.4472597539424896 0.001274562207981944
v -0.04500865936279297 0.44640442728996277 -0.001717527862638235
v -0.04027663543820381 0.4476776421070099 0.0019306581234559417
v -0.04083598405122757 0.44803234934806824 -0.0013541796943172812
v -0.0417129211127758 0.4443744122982025 -0.002269132761284709
v -0.04026355966925621 0.44444236159324646 0.0033419739920645952
v -0.03676624223589897 0.4442746043205261 0.004994231276214123
v -0.043983522802591324 0.4447484314441681 0.0029494990594685078
v -0.04374271631240845 0.4417935013771057 0.0030697863548994064
v -0.04063316434621811 0.44116076827049255 0.0039344048127532005
v -0.04777376353740692 0.4442767798900604 0.0030448990873992443
v -0.04696287959814072 0.4419109523296356 0.0026713008992373943
v -0.05133875459432602 0.4429895579814911 0.0025609794538468122
v -0.050284676253795624 0.4406660795211792 0.0030585036147385836
v -0.03738917037844658 0.4412144124507904 0.00523024657741189
v -0.034319110214710236 0.4416540861129761 0.0071831634268164635
v -0.03334387391805649 0.44425442814826965 0.007048575673252344
v -0.0320044606924057 0.44120872020721436 0.00987576600164175
v -0.03095841221511364 0.4439490735530853 0.009717108681797981
v -0.031854141503572464 0.4407462477684021 0.01336639653891325
v -0.03174644708633423 0.44509828090667725 -0.00735013373196125
v -0.029421644285321236 0.44534966349601746 -0.010132971219718456
v -0.029679514467716217 0.4456494152545929 -0.012996973469853401
v -0.030669555068016052 0.44647660851478577 -0.016073036938905716
v -0.029815735295414925 0.4476467967033386 0.003755429293960333
v -0.025864193215966225 0.45154720544815063 0.006420579273253679
v -0.026246203109622 0.44844913482666016 0.007048961706459522
v -0.02012091875076294 0.4537203311920166 0.015695815905928612
v -0.017475267872214317 0.4554714560508728 0.01405048742890358
v -0.015029523521661758 0.4513438045978546 -0.016776766628026962
v -0.017036989331245422 0.436889111995697 -0.00309075228869915
v -0.019946761429309845 0.4368954300880432 -0.0031207851134240627
v -0.017149291932582855 0.4371336102485657 0.0004643083084374666
v -0.020214347168803215 0.43709683418273926 0.0005845151608809829
v -0.019330080598592758 0.43997490406036377 0.000637848221231252
v -0.019327841699123383 0.43968066573143005 -0.003230239497497678
v -0.017436467111110687 0.44326481223106384 0.0006244395044632256
v -0.01763957366347313 0.44276246428489685 -0.003591942135244608
v -0.01598406955599785 0.4467107951641083 0.0005423630937002599
v -0.016336742788553238 0.4462442696094513 -0.0036570706870406866
v -0.013977780938148499 0.44866743683815 0.0005404120311141014
v -0.014262771233916283 0.448712021112442 -0.0030807710718363523
v -0.011098895221948624 0.4474375545978546 0.0007638530805706978
v -0.011207671836018562 0.44736239314079285 -0.0026214485988020897
v -0.007848478853702545 0.44576022028923035 0.0011076513910666108
v -0.007876049727201462 0.44553759694099426 -0.0022576525807380676
v -0.008192002773284912 0.445566862821579 -0.0055651068687438965
v -0.005137359723448753 0.4433921277523041 -0.0020853213500231504
v -0.005051981657743454 0.4436100125312805 0.0016462699277326465
v -0.004666540771722794 0.4405234158039093 0.002211289945989847
v -0.004598930478096008 0.44018250703811646 -0.0019222921691834927
v -0.006154213100671768 0.43729883432388306 0.0027711032889783382
v -0.006133353337645531 0.43694716691970825 -0.0013410483952611685
v -0.006997512653470039 0.43409693241119385 0.003540727309882641
v -0.0068415384739637375 0.43372854590415955 -0.0009425724274478853
v -0.008523928001523018 0.4318132698535919 0.004074865020811558
v -0.008562587201595306 0.4318506121635437 -0.0005233463016338646
v -0.010911637917160988 0.43398982286453247 0.0037886924110352993
v -0.01080235093832016 0.4339756965637207 -0.000011534484656294808
v -0.014025505632162094 0.4359097480773926 0.003828307380899787
v -0.01389741338789463 0.43580931425094604 0.00030926792533136904
v -0.01732921227812767 0.4371701776981354 0.004163839854300022
v -0.005677521228790283 0.44148826599121094 0.005878842901438475
v -0.005847888067364693 0.4442361891269684 0.005017814692109823
v -0.008422864601016045 0.445973664522171 0.004315633326768875
v -0.008646421134471893 0.4469764530658722 0.007096314337104559
v -0.011255001649260521 0.447704553604126 0.0041056470945477486
v -0.011063991114497185 0.44859248399734497 0.007104501128196716
v -0.013762839138507843 0.44926023483276367 0.004183375742286444
v -0.015956927090883255 0.4480346739292145 0.0046770814806222916
v -0.017532074823975563 0.44454044103622437 0.004912886768579483
v -0.0193171426653862 0.4408959150314331 0.00485708424821496
v -0.020449500530958176 0.43751969933509827 0.004921523854136467
v -0.016040269285440445 0.4371671974658966 0.021641870960593224
v -0.010697657242417336 0.43934011459350586 0.020386992022395134
v -0.009746558964252472 0.4451180398464203 0.018315883353352547
v -0.011524436995387077 0.4437254071235657 0.016981039196252823
v -0.015697814524173737 0.4460228979587555 0.013931924477219582
v -0.015463322401046753 0.44832438230514526 0.012184682302176952
v -0.013027431443333626 0.4350493550300598 -0.019518708810210228
v -0.009633930400013924 0.44141441583633423 -0.01938948966562748
v -0.009533572942018509 0.4394998848438263 -0.018521437421441078
v -0.007351858541369438 0.44512662291526794 -0.01810203120112419
v -0.008245725184679031 0.4428418278694153 -0.016182977706193924
v -0.009732687845826149 0.4409427344799042 -0.015104923397302628
v -0.011009231209754944 0.440768837928772 -0.015602657571434975
v -0.010731497779488564 0.44176802039146423 -0.017517369240522385
v -0.009314944967627525 0.4439411461353302 -0.015509678050875664
v -0.01532291341573 0.4427143633365631 -0.013206861913204193
v -0.017646975815296173 0.44051072001457214 -0.013235279358923435
v -0.004551637917757034 0.4486538767814636 0.005185808055102825
v -0.006532875820994377 0.45004233717918396 0.006128348410129547
v -0.007033238187432289 0.44969719648361206 0.0027882345020771027
v -0.004377629607915878 0.448186457157135 0.002443344797939062
v -0.00240333192050457 0.4495617747306824 0.006137296557426453
v -0.004591315984725952 0.4516264498233795 0.00835644081234932
v -0.0018518492579460144 0.44893747568130493 0.0023553536739200354
v -0.0034822840243577957 0.4539027512073517 0.007325697224587202
v -0.0018713846802711487 0.45304960012435913 0.005281046498566866
v -0.0015321094542741776 0.45640096068382263 0.004928355570882559
v -0.003920145332813263 0.45693227648735046 0.008047499693930149
v -0.007418772205710411 0.45485401153564453 0.010202442295849323
v -0.004560036584734917 0.45902732014656067 0.010071163065731525
v -0.005895918235182762 0.45806145668029785 0.012298070825636387
v -0.003465646877884865 0.4620211720466614 0.010244205594062805
v -0.004997197538614273 0.4607923626899719 0.012742661871016026
v -0.0022214800119400024 0.4602246880531311 0.007905720733106136
v -0.004112541675567627 0.45424747467041016 -0.008104001171886921
v -0.001977473497390747 0.45332932472229004 -0.005809319205582142
v -0.0025076959282159805 0.449865460395813 -0.006275185849517584
v -0.0053141433745622635 0.451839804649353 -0.009044413454830647
v -0.004564289003610611 0.45705705881118774 -0.008901013061404228
v -0.0016496013849973679 0.45666149258613586 -0.005770024843513966
v -0.008430026471614838 0.45403626561164856 -0.010846317745745182
v -0.00675741583108902 0.4497407376766205 -0.0032786200754344463
v -0.005172614008188248 0.44927141070365906 -0.004659960977733135
v -0.0042574722319841385 0.44836390018463135 -0.0012151689734309912
v -0.006924517452716827 0.4493548274040222 -0.0006747799925506115
v -0.009833753108978271 0.4504876434803009 -0.0007168135489337146
v -0.008981848135590553 0.4502512216567993 -0.004176244139671326
v -0.007557716220617294 0.45042142271995544 -0.0070213680155575275
v -0.0025786571204662323 0.4605043828487396 -0.009014979004859924
v -0.0009250566363334656 0.4595668315887451 -0.0059627965092659
v -0.0038278046995401382 0.46425390243530273 -0.009135598316788673
v -0.0032025985419750214 0.4632050096988678 -0.011037124320864677
v -0.0058857761323452 0.46489131450653076 -0.011592430993914604
v -0.006009981036186218 0.465562641620636 -0.009229139424860477
v -0.003976574167609215 0.46227574348449707 -0.00782773643732071
v -0.006714655086398125 0.4634532034397125 -0.007673559244722128
v -0.003502119332551956 0.4640388786792755 0.008140891790390015
v -0.0037906263023614883 0.46205392479896545 0.006704636849462986
v -0.006641203537583351 0.46320295333862305 0.006245759781450033
v -0.0059275198727846146 0.46533796191215515 0.008365064859390259
v -0.005772573873400688 0.4649336040019989 0.011507513001561165
v -0.005655933171510696 0.45963168144226074 -0.013243012130260468
v -0.006969224661588669 0.4606769382953644 -0.014218786731362343
v -0.006550628691911697 0.4623842239379883 -0.01267210766673088
v -0.004775905981659889 0.46108147501945496 -0.011988604441285133
v -0.007599083706736565 0.4584013819694519 0.013487637974321842
v -0.009430944919586182 0.4581791162490845 0.012574790976941586
v -0.005903720855712891 0.4589191675186157 -0.017164453864097595
v -0.006796823814511299 0.45932283997535706 -0.01717550866305828
v -0.00734017975628376 0.4577682912349701 -0.0165244247764349
v -0.007450904697179794 0.45816493034362793 -0.014226242899894714
v -0.009841203689575195 0.4675167202949524 0.01018360536545515
v -0.011774938553571701 0.46473923325538635 0.011008924804627895
v -0.009272778406739235 0.462115079164505 0.012554081156849861
v -0.007016042247414589 0.4608161747455597 0.013577835634350777
v -0.0054090991616249084 0.4625401198863983 0.013721609488129616
v -0.006524417549371719 0.4602854251861572 0.015902504324913025
v -0.005098750814795494 0.4618898928165436 0.016707152128219604
v -0.008810074999928474 0.4562793970108032 -0.018503468483686447
v -0.00823640450835228 0.45744001865386963 -0.019359668716788292
v -0.010950582101941109 0.45755815505981445 -0.020564604550600052
v -0.010558953508734703 0.45770469307899475 -0.0187718253582716
v -0.011503921821713448 0.45569777488708496 -0.01862301491200924
v -0.010407676920294762 0.45318540930747986 -0.01978006586432457
v -0.0097173061221838 0.45393693447113037 0.019978847354650497
v -0.010672543197870255 0.4566761255264282 0.01879948005080223
v -0.007724713534116745 0.45762336254119873 0.01768041029572487
v -0.0070792678743600845 0.4557923972606659 0.017200445756316185
v -0.011339124292135239 0.454446017742157 0.02268134616315365
v -0.012301579117774963 0.456836998462677 0.021325143054127693
v -0.013304049149155617 0.4552381634712219 -0.020813042297959328
v -0.012115508317947388 0.45293453335762024 -0.022503938525915146
v -0.008155832067131996 0.4529275596141815 -0.021862903609871864
v -0.007189566269516945 0.45529553294181824 -0.01891128532588482
v -0.009811364114284515 0.4588039517402649 0.019902929663658142
v -0.007839269936084747 0.45930707454681396 0.018223149701952934
v -0.00990309938788414 0.45686808228492737 0.022360162809491158
v -0.010966997593641281 0.45910096168518066 0.022234907373785973
v -0.012360064312815666 0.45805585384368896 0.02333568036556244
v -0.009827574715018272 0.45585522055625916 0.024143874645233154
v -0.00843556597828865 0.45697021484375 0.02093352936208248
v -0.01213967613875866 0.4621123969554901 0.014777191914618015
v -0.01316080428659916 0.4571710526943207 0.01401426363736391
v -0.010851085186004639 0.4555763006210327 -0.02381410263478756
v -0.012219961732625961 0.45811954140663147 -0.02324545383453369
v -0.00946212187409401 0.4552927613258362 -0.021441029384732246
v -0.012470746412873268 0.4515708088874817 -0.02470667101442814
v -0.013458659872412682 0.45608586072921753 -0.023239746689796448
v -0.011902069672942162 0.4545202851295471 0.010405903682112694
v -0.014273935928940773 0.45536601543426514 0.008779717609286308
v -0.015470284968614578 0.45276346802711487 0.007200755178928375
v -0.013117363676428795 0.4512673020362854 0.007693547289818525
v -0.00946049951016903 0.4511282444000244 0.007217587437480688
v -0.01517482940107584 0.45729440450668335 0.011036081239581108
v -0.006608670577406883 0.45689675211906433 -0.020273257046937943
v -0.015416148118674755 0.4608859419822693 -0.022199099883437157
v -0.013288801535964012 0.4607526957988739 -0.0204353928565979
v -0.012359512969851494 0.46004074811935425 -0.018415119498968124
v -0.010303100571036339 0.46144843101501465 -0.013262292370200157
v -0.010514132678508759 0.4562021493911743 -0.012523771263659
v -0.012688159942626953 0.45658594369888306 -0.014298045076429844
v -0.011730184778571129 0.46032577753067017 -0.014970758929848671
v -0.013880981132388115 0.46198582649230957 -0.01197846233844757
v -0.012909313663840294 0.46356236934661865 -0.010535755194723606
v -0.01176154799759388 0.4605301320552826 0.019248947501182556
v -0.012833479791879654 0.4609580934047699 0.021397849544882774
v -0.012424681335687637 0.45276084542274475 -0.01073773205280304
v -0.014345962554216385 0.451180100440979 -0.008586013689637184
v -0.015258803963661194 0.45309704542160034 -0.008342037908732891
v -0.013890579342842102 0.45443516969680786 -0.010672326199710369
v -0.010857608169317245 0.4508311152458191 -0.00818181037902832
v -0.0084315724670887 0.466733455657959 0.008254659362137318
v -0.009376820176839828 0.4646880030632019 0.006157300900667906
v -0.011954311281442642 0.465572327375412 0.00645462516695261
v -0.008504943922162056 0.466748982667923 -0.009335939772427082
v -0.009558940306305885 0.4649195373058319 -0.007882509380578995
v -0.009215634316205978 0.46552780270576477 -0.011694886721670628
v -0.012044930830597878 0.46626925468444824 -0.008813795633614063
v -0.015397845767438412 0.45309096574783325 0.0036013757344335318
v -0.013567347079515457 0.4510535001754761 0.003450805088505149
v -0.010151980444788933 0.45080408453941345 0.0032350406982004642
v -0.012179924175143242 0.4579868018627167 -0.017209019511938095
v -0.013268537819385529 0.4642372131347656 -0.020748242735862732
v -0.013829641044139862 0.4634205102920532 -0.017009099945425987
v -0.014240430667996407 0.45625168085098267 -0.017292411997914314
v -0.01494645792990923 0.4560542702674866 -0.01264960877597332
v -0.018042519688606262 0.4569060206413269 -0.01465680729597807
v -0.013889290392398834 0.4632236361503601 0.01171786431223154
v -0.016791030764579773 0.46397727727890015 0.01204661838710308
v -0.014166703447699547 0.46523457765579224 0.015427840873599052
v -0.013106836006045341 0.46398109197616577 0.017749568447470665
v -0.012065306305885315 0.46115410327911377 0.017154861241579056
v -0.013578247278928757 0.4576716423034668 -0.004148842301219702
v -0.013895325362682343 0.45867353677749634 -0.00618648761883378
v -0.014641962014138699 0.45626765489578247 -0.008304783143103123
v -0.014888145960867405 0.4546560049057007 -0.005518777761608362
v -0.013122746720910072 0.4599913954734802 -0.0009151161648333073
v -0.013365518301725388 0.4612613320350647 -0.004221654962748289
v -0.014116119593381882 0.4561532735824585 -0.0007401034235954285
v -0.012319410219788551 0.4660855531692505 0.018300192430615425
v -0.012897701933979988 0.4678380489349365 0.017320672050118446
v -0.012395026162266731 0.4691758155822754 0.01996118575334549
v -0.012084506452083588 0.4662577509880066 0.02011765167117119
v -0.012965675443410873 0.46360114216804504 0.01959824562072754
v -0.013882456347346306 0.4572971761226654 0.004741218406707048
v -0.0131132323294878 0.46118345856666565 0.0034827180206775665
v -0.014570092782378197 0.46029725670814514 0.009281986393034458
v -0.013408776372671127 0.4632999300956726 0.007382566574960947
v -0.015205169096589088 0.4526820778846741 -0.0008388599380850792
v -0.014880400151014328 0.4572829008102417 0.020505273714661598
v -0.015545539557933807 0.4592219293117523 0.022278865799307823
v -0.019705016165971756 0.4537372887134552 0.023776013404130936
v -0.019053105264902115 0.4556279182434082 0.020845118910074234
v -0.012149402871727943 0.4574809670448303 0.018305033445358276
v -0.01527321431785822 0.45565861463546753 -0.02148500643670559
v -0.016915621235966682 0.4562907814979553 -0.0218566432595253
v -0.01693887636065483 0.45488619804382324 -0.020748449489474297
v -0.018430769443511963 0.4543985426425934 -0.023116810247302055
v -0.01537876483052969 0.4514189064502716 -0.0048715402372181416
v -0.017595920711755753 0.45761948823928833 0.011885062791407108
v -0.01734265312552452 0.4603889286518097 0.011035810224711895
v -0.014511809684336185 0.4599153995513916 -0.009652581065893173
v -0.017566127702593803 0.459588885307312 -0.011504982598125935
v -0.018189730122685432 0.45744234323501587 -0.011940144002437592
v -0.01543443650007248 0.4574469327926636 -0.010760168544948101
v -0.013760901987552643 0.46337825059890747 0.02129758521914482
v -0.015270084142684937 0.46292537450790405 0.022526700049638748
v -0.018227551132440567 0.46210962533950806 0.023205529898405075
v -0.019740350544452667 0.45889243483543396 0.022279871627688408
v -0.014261487871408463 0.4649253189563751 0.023422429338097572
v -0.012864094227552414 0.46580952405929565 0.022337252274155617
v -0.013101771473884583 0.46864381432533264 0.023181555792689323
v -0.01627068966627121 0.4647958278656006 0.024303292855620384
v -0.021152369678020477 0.4560719132423401 0.023093948140740395
v -0.014718646183609962 0.4639377295970917 -0.023005791008472443
v -0.016418159008026123 0.46457639336586 -0.023605313152074814
v -0.013439182192087173 0.46766147017478943 -0.020971067249774933
v -0.01848369464278221 0.4614417850971222 -0.02318652719259262
v -0.01651991531252861 0.4666847884654999 0.02304649166762829
v -0.015501512214541435 0.46778595447540283 0.021606437861919403
v -0.01986972615122795 0.463723361492157 0.02218330092728138
v -0.017711523920297623 0.4663737714290619 0.020228857174515724
v -0.021761490032076836 0.456330806016922 -0.011102101765573025
v -0.023418065160512924 0.4555131196975708 -0.01325297448784113
v -0.024638740345835686 0.4535157382488251 -0.01606941409409046
v -0.02001318335533142 0.45524290204048157 -0.01780811883509159
v -0.01475462131202221 0.46839016675949097 0.019861187785863876
v -0.01580694504082203 0.4675268530845642 0.018244193866848946
v -0.016862206161022186 0.4659613370895386 -0.02248774655163288
v -0.016254335641860962 0.4664687514305115 -0.02033473365008831
v -0.019801247864961624 0.4631302058696747 -0.02200082503259182
v -0.01814354956150055 0.4651890695095062 -0.0205394197255373
v -0.022118370980024338 0.4508281648159027 -0.022168820723891258
v -0.020185675472021103 0.4520210325717926 -0.02151700295507908
v -0.02250346913933754 0.4524783194065094 -0.019539283588528633
v -0.02332601696252823 0.4511067867279053 -0.021048974245786667
v -0.02380191907286644 0.45238468050956726 -0.022986477240920067
v -0.020638983696699142 0.4529714286327362 -0.023649368435144424
v -0.01944565773010254 0.4643499255180359 -0.01911802403628826
v -0.0167005006223917 0.46571800112724304 -0.01754879392683506
v -0.022173482924699783 0.46129903197288513 -0.021176839247345924
v -0.02256309986114502 0.4600331783294678 0.020879754796624184
v -0.02399827539920807 0.4553409218788147 0.022530723363161087
v -0.02304929867386818 0.4522186517715454 0.02284557931125164
v -0.022096354514360428 0.45506247878074646 -0.022487375885248184
v -0.02093534916639328 0.4564243257045746 -0.022076644003391266
v -0.025058776140213013 0.45581310987472534 -0.020134294405579567
v -0.023560162633657455 0.45867887139320374 -0.019380323588848114
v -0.02594466507434845 0.45467400550842285 0.019596200436353683
v -0.023676354438066483 0.45292365550994873 0.019847501069307327
v -0.02538793534040451 0.4550754129886627 -0.008997807279229164
v -0.02813841961324215 0.45251670479774475 -0.010201690718531609
v -0.02556649222970009 0.4523197412490845 -0.018898911774158478
v -0.02571841888129711 0.45045414566993713 -0.021593544632196426
v -0.023819752037525177 0.4545455276966095 0.01202696468681097
v -0.02036762610077858 0.45600005984306335 0.01390060968697071
v -0.019976112991571426 0.4559095799922943 0.01735607348382473
v -0.02344679832458496 0.45436862111091614 0.01660427451133728
v -0.02282101660966873 0.4559653103351593 0.009221566841006279
v -0.020203903317451477 0.4569346308708191 0.011169997043907642
v -0.026838917285203934 0.4545608162879944 0.01577739045023918
v -0.025767609477043152 0.45586785674095154 0.011890774592757225
v -0.01987089216709137 0.46477073431015015 0.01841050200164318
v -0.02149254083633423 0.4632469117641449 0.016081394627690315
v -0.02472461573779583 0.4586496353149414 0.018037421628832817
v -0.025441084057092667 0.4583313763141632 -0.015512784011662006
v -0.023266585543751717 0.4614958167076111 -0.014648874290287495
v -0.02128913253545761 0.46287015080451965 -0.01718718931078911
v -0.02608945034444332 0.4562516510486603 -0.01603657193481922
v -0.034851860255002975 0.45139479637145996 0.0023587692994624376
v -0.03322359174489975 0.4541744887828827 0.0017014900222420692
v -0.030366256833076477 0.4544042944908142 0.004194954875856638
v -0.0310345645993948 0.45171818137168884 0.005165607202798128
v -0.035557955503463745 0.452719509601593 0.0045728785917162895
v -0.0393872931599617 0.4518935978412628 0.003261277452111244
v -0.039174094796180725 0.4505281448364258 0.001589762163348496
v -0.03923643380403519 0.45134928822517395 -0.0009055592236109078
v -0.035969506949186325 0.45168617367744446 -0.0007566300337202847
v -0.03447074443101883 0.4540172517299652 -0.0009332391200587153
v -0.03470097482204437 0.4602099359035492 0.0019459198229014874
v -0.03188987076282501 0.46306490898132324 0.001173399738036096
v -0.032328151166439056 0.46320512890815735 -0.0017492027254775167
v -0.035262398421764374 0.4609980285167694 -0.0026656384579837322
v -0.030953820794820786 0.4602116346359253 0.004572370555251837
v -0.02967054396867752 0.46234405040740967 0.003512759692966938
v -0.03527402505278587 0.45616579055786133 0.0038005411624908447
v -0.03170403465628624 0.45693525671958923 0.005612966604530811
v -0.03596238046884537 0.4514380097389221 -0.0024498961865901947
v -0.03884259983897209 0.45058897137641907 -0.003434300422668457
v -0.03325869143009186 0.45310893654823303 -0.0034890470560640097
v -0.034826476126909256 0.4514439105987549 -0.005221392028033733
v -0.03210284560918808 0.46164247393608093 -0.005830081179738045
v -0.032789453864097595 0.45894137024879456 -0.007293039001524448
v -0.03615511953830719 0.45811763405799866 -0.005186961963772774
v -0.03960767015814781 0.45695725083351135 -0.003259566379711032
v -0.03936818614602089 0.4590332806110382 -0.0013549544382840395
v -0.030667390674352646 0.46304866671562195 -0.004134703427553177
v -0.04592210054397583 0.45633700489997864 0.0013813941041007638
v -0.04308411106467247 0.45709705352783203 0.0014159177662804723
v -0.04332561045885086 0.45826297998428345 -0.0005349162383936346
v -0.04706738889217377 0.45777586102485657 0.0002396683703409508
v -0.04660056531429291 0.45412296056747437 0.001951101003214717
v -0.0431799478828907 0.4542711079120636 0.002376331714913249
v -0.049027055501937866 0.45533376932144165 0.001332046464085579
v -0.04688752070069313 0.4566382169723511 -0.001572181237861514
v -0.04354532063007355 0.45649445056915283 -0.0021792587358504534
v -0.0439956858754158 0.454709529876709 -0.0028164463583379984
v -0.04857948049902916 0.4545578956604004 -0.0017622375162318349
v -0.04400935396552086 0.45288336277008057 -0.0029320348985493183
v -0.04358794167637825 0.45053401589393616 -0.003058641217648983
v -0.04729186370968819 0.45080578327178955 -0.0026988964527845383
v -0.047825805842876434 0.4525114893913269 -0.002518685767427087
v -0.04978308826684952 0.45059841871261597 -0.002313824137672782
v -0.046856701374053955 0.4507870674133301 -0.0007322893361561
v -0.04914676398038864 0.4501408040523529 -0.000583857879973948
v -0.05156954377889633 0.45017361640930176 -0.0009097707225009799
v -0.05013887956738472 0.44941163063049316 0.0013528235722333193
v -0.050359923392534256 0.4522317945957184 0.0023269650992006063
v -0.05116293579339981 0.45240455865859985 -0.0010956339538097382
v -0.04681747406721115 0.4498519003391266 0.0013994610635563731
v -0.04691583663225174 0.45158272981643677 0.0023023721296340227
v -0.0430745929479599 0.4500582218170166 0.001259486423805356
v -0.04324950650334358 0.4514887034893036 0.0026267031207680702
v -0.03922906890511513 0.45502960681915283 0.002866359194740653
v -0.039159443229436874 0.4582033157348633 0.0014199643628671765
v -0.04316769540309906 0.4512966275215149 -0.0008914767531678081
v -0.03966764733195305 0.4531049132347107 -0.004179203417152166
v -0.039791539311409 0.45516088604927063 -0.004048510454595089
v -0.036070436239242554 0.45592135190963745 -0.005734526552259922
v -0.035779163241386414 0.4537595212459564 -0.0058030057698488235
v -0.032785091549158096 0.456699937582016 -0.00782779324799776
v -0.03243625909090042 0.45456662774086 -0.007932313717901707
v -0.03140981122851372 0.4521690011024475 -0.007520738057792187
v -0.029291046783328056 0.4554382562637329 -0.010132445953786373
v -0.029903316870331764 0.4534715414047241 -0.006289376877248287
v -0.0246571097522974 0.45807406306266785 -0.008280296809971333
v -0.029120227321982384 0.45686063170433044 -0.006029397249221802
v -0.03213929384946823 0.4570253789424896 -0.0037498963065445423
v -0.033882662653923035 0.45738446712493896 -0.001196178374812007
v -0.027361800894141197 0.4612056314945221 -0.006267279386520386
v -0.031101806089282036 0.460356742143631 -0.0038453873712569475
v -0.03291362524032593 0.4605911672115326 -0.00142577919177711
v -0.03209748491644859 0.46057572960853577 0.0011611694935709238
v -0.032626133412122726 0.457434743642807 0.0013277515536174178
v -0.029779143631458282 0.4575132429599762 0.003461129730567336
v -0.028210874646902084 0.46152180433273315 0.00310802785679698
v -0.025386055931448936 0.4618169069290161 0.005494804121553898
v -0.025632601231336594 0.45878729224205017 0.005874042399227619
v -0.025971338152885437 0.46355170011520386 0.006022206507623196
v -0.02350645512342453 0.4640405476093292 0.00871176365762949
v -0.022614067420363426 0.46235498785972595 0.007823729887604713
v -0.026911066845059395 0.4614730775356293 0.007163942791521549
v -0.024574413895606995 0.461808979511261 0.010098417289555073
v -0.022935425862669945 0.46231138706207275 0.013279326260089874
v -0.02132614701986313 0.4643339216709137 0.011357207782566547
v -0.027570268139243126 0.4585106670856476 0.008090971037745476
v -0.025332704186439514 0.45881223678588867 0.011127621866762638
v -0.02456476166844368 0.4593174159526825 0.014901258051395416
v -0.0276049692183733 0.4554935395717621 0.008488561026751995
v -0.0318116657435894 0.4537326395511627 0.0060759177431464195
v -0.02671705186367035 0.45316940546035767 0.00794054102152586
v -0.025918902829289436 0.4556756019592285 0.006668481510132551
v -0.022817853838205338 0.4592520296573639 0.008216838352382183
v -0.020258689299225807 0.4599236845970154 0.01030810084193945
v -0.020044155418872833 0.46295249462127686 0.010045724920928478
v -0.019277941435575485 0.46515092253685 0.013831870630383492
v -0.017195453867316246 0.4662807881832123 0.01615677960216999
v -0.026868542656302452 0.4639502465724945 -0.006444796919822693
v -0.024286925792694092 0.46126556396484375 -0.008546004071831703
v -0.023896511644124985 0.46388906240463257 -0.008797510527074337
v -0.02486914023756981 0.4631396234035492 -0.010517624206840992
v -0.029054807499051094 0.4616696536540985 -0.00799105316400528
v -0.025782354176044464 0.46098029613494873 -0.011889330111443996
v -0.029595976695418358 0.45927876234054565 -0.00922192819416523
v -0.027383774518966675 0.4577536880970001 -0.01236810628324747
v -0.02961895614862442 0.45736822485923767 -0.009781033731997013
v -0.02740093320608139 0.45576903223991394 -0.012952938675880432
v -0.021856363862752914 0.4633180797100067 -0.012882488779723644
v -0.020813506096601486 0.4638636112213135 -0.011121721006929874
v -0.01725858449935913 0.465378075838089 -0.013149802573025227
v -0.0189448744058609 0.4643300771713257 -0.015020313672721386
v -0.014008702710270882 0.4672444462776184 -0.01661244034767151
v -0.016276726499199867 0.4627745747566223 -0.012429536320269108
v -0.020710531622171402 0.46170198917388916 -0.010623122565448284
v -0.021263236179947853 0.4588513672351837 -0.01051782164722681
v -0.017187029123306274 0.4570971429347992 0.014482964761555195
v -0.016436729580163956 0.45737865567207336 0.017470182850956917
v -0.019799385219812393 0.45870059728622437 -0.022129954770207405
v -0.013668905943632126 0.46255964040756226 -0.007316835690289736
v -0.012119250372052193 0.46337804198265076 -0.0032096148934215307
v -0.012569762766361237 0.4645944833755493 -0.005969696212559938
v -0.009524315595626831 0.46328651905059814 -0.0028868468943983316
v -0.01001167856156826 0.46342897415161133 -0.0057244193740189075
v -0.006248803809285164 0.46161627769470215 -0.0025223861448466778
v -0.006825586780905724 0.4617558717727661 -0.0054194009862840176
v -0.0024141017347574234 0.46075573563575745 -0.0023966801818460226
v -0.003432217985391617 0.46078401803970337 -0.00540944654494524
v 0.0006349142640829086 0.45950135588645935 -0.0025219805538654327
v -0.0021949652582406998 0.46090102195739746 0.000881277781445533
v 0.0006886906921863556 0.45947596430778503 0.001371352351270616
v -0.0003319885581731796 0.4560358226299286 0.0015339984092861414
v -0.00007444247603416443 0.45607200264930725 -0.002186964266002178
v -0.0011872407048940659 0.4523257315158844 0.0018904989119619131
v -0.0009713098406791687 0.45237499475479126 -0.0019491619896143675
v -0.0017488040030002594 0.4490891993045807 -0.0018215194577351213
v -0.0005736872553825378 0.4595453441143036 0.0049497950822114944
v -0.002902749925851822 0.46114033460617065 0.004043486434966326
v -0.005895083770155907 0.46195727586746216 0.0004667908069677651
v -0.006394609808921814 0.46196654438972473 0.003485914319753647
v -0.00920666754245758 0.4633696377277374 0.00011965928570134565
v -0.009561216458678246 0.4634662866592407 0.0031905074138194323
v -0.011765243485569954 0.4629158675670624 -0.00021984826889820397
v -0.012078046798706055 0.46375101804733276 0.002929604146629572
v -0.012271720916032791 0.45061978697776794 -0.004702239762991667
v -0.013041350990533829 0.45099881291389465 -0.0008344725356437266
v -0.013216404244303703 0.4579940140247345 0.01688816025853157
v -0.00678534060716629 0.45745182037353516 -0.01648813858628273
v -0.0064423903822898865 0.45745915174484253 -0.013919949531555176
v -0.006185745820403099 0.4593442678451538 0.019544195383787155
v -0.007380582392215729 0.4547198712825775 0.021542752161622047
v -0.005644414573907852 0.45709264278411865 0.018571821972727776
v -0.005432488396763802 0.45958223938941956 0.015670793130993843
v -0.006000613793730736 0.4576379060745239 0.015060199424624443
v -0.0067975688725709915 0.4585114121437073 0.015411702916026115
v -0.008432067930698395 0.45748135447502136 -0.013065817765891552
v -0.007113855332136154 0.456767201423645 -0.011828955262899399
v -0.008426737040281296 0.460718035697937 -0.012940102256834507
v -0.00808318704366684 0.4627987742424011 -0.012709029018878937
v -0.004290115088224411 0.4599207937717438 -0.010575542226433754
v -0.00544324517250061 0.45844972133636475 -0.010701647959649563
v -0.04984445124864578 0.4519827365875244 -0.002384558552876115
v -0.022701537236571312 0.4084646701812744 0.01217587199062109
v -0.022349437698721886 0.40661993622779846 0.009196562692523003
v -0.021629182621836662 0.4097999334335327 0.008085505105555058
v -0.023768864572048187 0.41205182671546936 0.011808063834905624
v -0.02500239945948124 0.4074607491493225 0.013238330371677876
v -0.024547819048166275 0.40481412410736084 0.009789545089006424
v -0.02341318689286709 0.4109441041946411 -0.009534203447401524
v -0.021238509565591812 0.4139598309993744 -0.00853780284523964
v -0.01908193528652191 0.4119757115840912 -0.004933101125061512
v -0.021015489473938942 0.40903520584106445 -0.004815991967916489
v -0.022136995568871498 0.40547892451286316 -0.004838226828724146
v -0.023386642336845398 0.4058974087238312 -0.009462551213800907
v -0.02766084112226963 0.40705081820487976 -0.010704044252634048
v -0.027334600687026978 0.4107276201248169 -0.010965872555971146
v -0.026119520887732506 0.41489630937576294 -0.012112180702388287
v -0.023875223472714424 0.41686582565307617 -0.010590540245175362
v -0.028095217421650887 0.41368675231933594 -0.01247607171535492
v -0.02536199241876602 0.4050361216068268 -0.00732519431039691
v -0.02433777041733265 0.4042356014251709 -0.004209557082504034
v -0.026821985840797424 0.40600258111953735 -0.003537948941811919
v -0.027464987710118294 0.4065845310688019 -0.007255466189235449
v -0.02376013621687889 0.4211156368255615 0.013698616996407509
v -0.023856766521930695 0.4226838946342468 0.013431701809167862
v -0.02602420561015606 0.4229583144187927 0.012808553874492645
v -0.025926416739821434 0.42037540674209595 0.014525540173053741
v -0.02136228233575821 0.4208822548389435 0.012754976749420166
v -0.022023316472768784 0.4241045117378235 0.012572847306728363
v -0.02343784272670746 0.4177704155445099 0.013383479788899422
v -0.023140519857406616 0.42297855019569397 0.011759702116250992
v -0.02301419898867607 0.4208868741989136 0.01109349261969328
v -0.024910103529691696 0.4217575788497925 0.0102089773863554
v -0.024209018796682358 0.4233873784542084 0.011240351013839245
v -0.02431914210319519 0.425311416387558 0.011333337984979153
v -0.023930897936224937 0.4222826659679413 -0.0099369827657938
v -0.024151965975761414 0.42184728384017944 -0.01127198152244091
v -0.0276061799377203 0.4226738214492798 -0.009948641993105412
v -0.02554863505065441 0.42292729020118713 -0.008738058619201183
v -0.02314722165465355 0.42025893926620483 -0.009057541377842426
v -0.021604381501674652 0.4196769595146179 -0.010827410034835339
v -0.024566570296883583 0.42107880115509033 -0.008047573268413544
v -0.026478257030248642 0.41562753915786743 0.017962416633963585
v -0.025657355785369873 0.4141819179058075 0.015618760138750076
v -0.024809466674923897 0.41550955176353455 0.014321849681437016
v -0.026441523805260658 0.4175996780395508 0.016132602468132973
v -0.026974570006132126 0.41744351387023926 -0.013528515584766865
v -0.025947971269488335 0.41947001218795776 -0.012119583785533905
v -0.028292180970311165 0.41514089703559875 -0.014973772689700127
v -0.027174703776836395 0.414864182472229 -0.015560785308480263
v -0.02753046154975891 0.4160059988498688 -0.015689365565776825
v -0.026898257434368134 0.42348483204841614 0.009664969518780708
v -0.024727944284677505 0.42014265060424805 -0.006354522425681353
v -0.022253859788179398 0.4181866943836212 -0.0070389010943472385
v -0.02675478160381317 0.42254191637039185 -0.0065345983020961285
v -0.028075778856873512 0.4144088625907898 0.01639990694820881
v -0.029429318383336067 0.4174485206604004 0.01546043436974287
v -0.029483167454600334 0.4174954891204834 -0.013043942861258984
v -0.031137581914663315 0.4150439202785492 -0.011524739675223827
v -0.029391895979642868 0.4204196333885193 -0.01148573774844408
v -0.03170550987124443 0.41902223229408264 -0.01406867429614067
v -0.0315089114010334 0.4211024045944214 -0.012745232321321964
v -0.03437449783086777 0.41738685965538025 -0.013765336014330387
v -0.030037732794880867 0.42051342129707336 0.013515409082174301
v -0.028786618262529373 0.42139896750450134 0.011351189576089382
v -0.03224783390760422 0.42430663108825684 0.015043835155665874
v -0.03145524486899376 0.42153605818748474 0.01807461678981781
v -0.03222230076789856 0.41781511902809143 0.01732749678194523
v -0.030752921476960182 0.41412869095802307 0.01385430432856083
v -0.028015507385134697 0.4119246006011963 0.013840998522937298
v -0.029050901532173157 0.42196187376976013 0.028023654595017433
v -0.030438292771577835 0.4227219223976135 0.030781328678131104
v -0.030702807009220123 0.4179708659648895 0.02942708134651184
v -0.029764877632260323 0.419376015663147 0.026773760095238686
v -0.02911503240466118 0.42384448647499084 0.02592899650335312
v -0.030850086361169815 0.42675554752349854 0.027151014655828476
v -0.030088920146226883 0.42086875438690186 0.02425607107579708
v -0.030055122449994087 0.42138341069221497 0.008822918869554996
v -0.02998702973127365 0.4211920499801636 0.007039439398795366
v -0.031612347811460495 0.4182469844818115 0.007396835833787918
v -0.031900957226753235 0.41951805353164673 0.010114473290741444
v -0.02695075049996376 0.4226358234882355 0.007314444985240698
v -0.02981804683804512 0.4171644449234009 0.024969235062599182
v -0.030414754524827003 0.41588014364242554 0.026402300223708153
v -0.030682997778058052 0.41765862703323364 0.02265436388552189
v -0.03308575227856636 0.41509827971458435 0.012464480474591255
v -0.034258440136909485 0.4122277796268463 0.00987139344215393
v -0.031428948044776917 0.41015011072158813 0.012074238620698452
v -0.02834133990108967 0.4083905518054962 0.012885495088994503
v -0.03188296779990196 0.42085784673690796 -0.010138359852135181
v -0.03051050566136837 0.4215517044067383 -0.007643101271241903
v -0.033590056002140045 0.42229706048965454 -0.011087489314377308
v -0.030629046261310577 0.4118562936782837 -0.009358846582472324
v -0.03409658744931221 0.41320180892944336 -0.006614089943468571
v -0.03347853198647499 0.41574448347091675 -0.009314273484051228
v -0.034971125423908234 0.41735905408859253 -0.010874411091208458
v -0.02971845678985119 0.4234827756881714 -0.024975955486297607
v -0.03000791370868683 0.42520827054977417 -0.02287500537931919
v -0.030659707263112068 0.4225333631038666 -0.02123984880745411
v -0.030140113085508347 0.42078226804733276 -0.02416224591434002
v -0.031041478738188744 0.42411544919013977 -0.02732512168586254
v -0.03199322521686554 0.4263889789581299 -0.024055588990449905
v -0.030631717294454575 0.4194625914096832 -0.027571262791752815
v -0.0336577333509922 0.41905611753463745 -0.00983359757810831
v -0.03231651335954666 0.418113112449646 -0.007887342944741249
v -0.03173904865980148 0.41699841618537903 -0.004840895999222994
v -0.03000311180949211 0.420654296875 -0.003921251744031906
v -0.03200334683060646 0.41708841919898987 0.025514544919133186
v -0.030805328860878944 0.41628164052963257 0.023798495531082153
v -0.029622819274663925 0.41445645689964294 0.02485029771924019
v -0.029451606795191765 0.4279540181159973 -0.020306793972849846
v -0.031120821833610535 0.42998120188713074 -0.018916403874754906
v -0.03140418231487274 0.42935532331466675 -0.015832027420401573
v -0.0295508224517107 0.42730697989463806 -0.01593613810837269
v -0.03071621060371399 0.4249579906463623 -0.016475096344947815
v -0.030655061826109886 0.4240906238555908 -0.018660392612218857
v -0.03270542994141579 0.4294598400592804 -0.02257430925965309
v -0.033436574041843414 0.42958223819732666 -0.020244164392352104
v -0.030894527211785316 0.41798996925354004 -0.022101638838648796
v -0.031644824892282486 0.4198698103427887 -0.01962323673069477
v -0.03281087800860405 0.4176218509674072 -0.02081558294594288
v -0.031032739207148552 0.4155992865562439 -0.02134791575372219
v -0.029677199199795723 0.41598331928253174 -0.021088335663080215
v -0.03460787981748581 0.4193577170372009 -0.019046932458877563
v -0.03287156671285629 0.40986061096191406 0.008418088778853416
v -0.030626162886619568 0.4087603688240051 0.009022184647619724
v -0.032675601541996 0.4094712734222412 0.005011111497879028
v -0.02961733005940914 0.4077770709991455 0.004729695618152618
v -0.034700386226177216 0.4115387499332428 0.005077133886516094
v -0.03229411691427231 0.4098355174064636 -0.005727879237383604
v -0.02994999662041664 0.4087471663951874 -0.006539448630064726
v -0.029502423480153084 0.4077858328819275 -0.00304887886159122
v -0.032275449484586716 0.40949735045433044 -0.002871074713766575
v -0.03439804166555405 0.41083574295043945 -0.002602647989988327
v -0.033956144005060196 0.41042327880859375 -0.006419291254132986
v -0.031084978953003883 0.409201979637146 -0.008965575136244297
v -0.030051518231630325 0.4282364249229431 0.02297675982117653
v -0.027877366170287132 0.42913269996643066 0.024270424619317055
v -0.028152674436569214 0.4293629825115204 0.019742216914892197
v -0.030528297647833824 0.42868566513061523 0.020205168053507805
v -0.03144950047135353 0.42734867334365845 0.023813506588339806
v -0.03362478315830231 0.4270879030227661 0.02126002497971058
v -0.03006421960890293 0.426540732383728 0.01638639159500599
v -0.029885705560445786 0.43000879883766174 0.015763457864522934
v -0.029178224503993988 0.4258675277233124 0.019301438704133034
v -0.03290041908621788 0.4283984303474426 0.014209485612809658
v -0.032317936420440674 0.42529991269111633 -0.013480172492563725
v -0.0319681279361248 0.4231055974960327 -0.01475545298308134
v -0.03225697949528694 0.4208812117576599 -0.016746850684285164
v -0.032591622322797775 0.4173324704170227 -0.024230338633060455
v -0.03056631237268448 0.41628003120422363 -0.02513093873858452
v -0.028919730335474014 0.41399285197257996 -0.022831665351986885
v -0.03321078419685364 0.4202521741390228 -0.022657690569758415
v -0.03082091361284256 0.4219173192977905 0.021597998216748238
v -0.032105352729558945 0.41903969645500183 0.020597638562321663
v -0.02888275682926178 0.42524483799934387 0.022958306595683098
v -0.034450896084308624 0.4187474846839905 -0.016305774450302124
v -0.03346068412065506 0.4166996479034424 0.010828615166246891
v -0.033034227788448334 0.41518425941467285 0.008227407932281494
v -0.034466151148080826 0.42074212431907654 0.012237406335771084
v -0.034995514899492264 0.4240152835845947 0.012313319370150566
v -0.03559798002243042 0.4269413650035858 0.012591390870511532
v -0.03586849942803383 0.4199945628643036 -0.010582800954580307
v -0.03316516801714897 0.41344940662384033 -0.002267516450956464
v -0.03119806945323944 0.41672754287719727 -0.0015913909301161766
v -0.03143122419714928 0.4286646544933319 0.017505507916212082
v -0.03342122957110405 0.42738473415374756 0.016835620626807213
v -0.0343237966299057 0.42439794540405273 0.02548603154718876
v -0.03300372511148453 0.42213112115859985 0.028557615354657173
v -0.03281068056821823 0.4193766117095947 -0.026252271607518196
v -0.0331859216094017 0.4224485456943512 -0.025251032784581184
v -0.03424356132745743 0.4207426607608795 0.025150137022137642
v -0.03330525755882263 0.4190171957015991 0.02797749452292919
v -0.03501737117767334 0.41810715198516846 0.015779325738549232
v -0.03867035359144211 0.418949156999588 0.01571665145456791
v -0.038509976118803024 0.4186410903930664 0.01282533723860979
v -0.03567053750157356 0.418331116437912 0.012541727162897587
v -0.0345529243350029 0.4197785258293152 0.02057461626827717
v -0.03882260248064995 0.42017051577568054 0.018958033993840218
v -0.0376536101102829 0.4184616208076477 -0.013604993931949139
v -0.038006849586963654 0.4196697473526001 -0.01600130833685398
v -0.037157390266656876 0.41857895255088806 -0.011536963284015656
v -0.036550432443618774 0.42596352100372314 0.01583494059741497
v -0.03695869818329811 0.42526835203170776 0.019573360681533813
v -0.03700510784983635 0.4238708019256592 0.02251165360212326
v -0.03300698474049568 0.4186452031135559 0.02373509854078293
v -0.035988446325063705 0.42130714654922485 0.022502979263663292
v -0.039218273013830185 0.4207269847393036 0.02141299471259117
v -0.038434941321611404 0.4199940860271454 -0.018453817814588547
v -0.03922305628657341 0.42189422249794006 -0.019120847806334496
v -0.03590298444032669 0.42261287569999695 -0.020762717351317406
v -0.03609977662563324 0.42831161618232727 -0.021993868052959442
v -0.03514448180794716 0.42866942286491394 -0.020196985453367233
v -0.033488355576992035 0.428081214427948 -0.01668257638812065
v -0.03535360470414162 0.4271743893623352 -0.017711879685521126
v -0.03805546462535858 0.42075806856155396 0.011354489251971245
v -0.037489186972379684 0.4235500395298004 0.010325156152248383
v -0.03447484225034714 0.4253982901573181 -0.02322206273674965
v -0.040000706911087036 0.42374688386917114 -0.017239045351743698
v -0.03721533343195915 0.4257720410823822 -0.01892305538058281
v -0.03791677579283714 0.4250171482563019 -0.015709389001131058
v -0.036452651023864746 0.42578503489494324 -0.014565379358828068
v -0.04077636078000069 0.42381539940834045 -0.013679662719368935
v -0.03860514983534813 0.4245602488517761 -0.01135692186653614
v -0.040218535810709 0.4245187044143677 0.014809424057602882
v -0.04018624499440193 0.42402899265289307 0.019123421981930733
v -0.0437171496450901 0.42193809151649475 0.01670512929558754
v -0.04326341673731804 0.4221734404563904 0.01995757408440113
v -0.038073278963565826 0.4260580539703369 0.011066040024161339
v -0.04239983856678009 0.42439234256744385 0.011165832169353962
v -0.044480398297309875 0.4215628504753113 0.013241727836430073
v -0.043752264231443405 0.4181763529777527 0.020952660590410233
v -0.04178938642144203 0.41953569650650024 0.021031027659773827
v -0.04256734624505043 0.42114976048469543 0.022346513345837593
v -0.04527902230620384 0.41848182678222656 0.02260756678879261
v -0.046782806515693665 0.4165431261062622 0.019225897267460823
v -0.04445891082286835 0.41695261001586914 0.018720945343375206
v -0.041919782757759094 0.41875311732292175 0.01846715435385704
v -0.04450588673353195 0.417552649974823 -0.017941657453775406
v -0.04189513251185417 0.41910016536712646 -0.01823383942246437
v -0.04160569608211517 0.4184071123600006 -0.015828542411327362
v -0.04489191621541977 0.41657379269599915 -0.01570304110646248
v -0.047807611525058746 0.41585084795951843 -0.016028257086873055
v -0.046146225184202194 0.41834020614624023 -0.01868218183517456
v -0.04277914762496948 0.420579195022583 -0.01972164213657379
v -0.04497620463371277 0.4154071509838104 -0.00860525481402874
v -0.04887624830007553 0.4170038104057312 -0.0037234274204820395
v -0.05077248439192772 0.4145559072494507 -0.006090938113629818
v -0.04855520278215408 0.41458797454833984 -0.009282093495130539
v -0.042611222714185715 0.41926294565200806 -0.006738394033163786
v -0.045230649411678314 0.4194789528846741 -0.0033855384681373835
v -0.04051799327135086 0.4178445041179657 -0.01068255677819252
v -0.03900939226150513 0.41995635628700256 -0.009211091324687004
v -0.04470121115446091 0.41540050506591797 -0.012676886282861233
v -0.041169747710227966 0.4175761938095093 -0.013197707943618298
v -0.04794323444366455 0.41441810131073 -0.012701520696282387
v -0.045249711722135544 0.41578447818756104 0.010413246229290962
v -0.041580963879823685 0.41744983196258545 0.012035180814564228
v -0.04195694252848625 0.4174036383628845 0.015417286194860935
v -0.04493509232997894 0.4153977036476135 0.015219285152852535
v -0.047347743064165115 0.4154769480228424 0.015272446908056736
v -0.04810132086277008 0.41544950008392334 0.011480428278446198
v -0.05007944256067276 0.4149428606033325 0.007860621437430382
v -0.047963421791791916 0.41723841428756714 0.0059949173592031
v -0.04518882930278778 0.4199967086315155 0.020651800557971
v -0.04591400921344757 0.4191257953643799 0.018063915893435478
v -0.04434844106435776 0.4254840314388275 0.0033293007872998714
v -0.0427413135766983 0.4249822497367859 0.0031360159628093243
v -0.04286472126841545 0.42507264018058777 -0.0001918335910886526
v -0.046128660440444946 0.4253899157047272 -0.0005638809525407851
v -0.04449274018406868 0.42519134283065796 0.0072990478947758675
v -0.0419335663318634 0.42512986063957214 0.006172416266053915
v -0.04740823805332184 0.4251677393913269 0.004789873491972685
v -0.04563162848353386 0.41945332288742065 -0.01706959493458271
v -0.04665745794773102 0.4183304011821747 -0.015066483058035374
v -0.04429702088236809 0.42129719257354736 -0.01437494345009327
v -0.04343947023153305 0.42169907689094543 -0.017227938398718834
v -0.0423419326543808 0.42469194531440735 -0.003476274898275733
v -0.0439331941306591 0.42576920986175537 -0.0049003418534994125
v -0.04562703147530556 0.42361894249916077 -0.006817332934588194
v -0.04858953505754471 0.42391034960746765 -0.004471651744097471
v -0.051208607852458954 0.4252236485481262 0.00021625528461299837
v -0.051589809358119965 0.42457330226898193 0.0038988052401691675
v -0.05214914306998253 0.42360228300094604 -0.002731575397774577
v -0.04578455537557602 0.41956162452697754 0.0005008124862797558
v -0.04899757355451584 0.4179144501686096 0.001553817419335246
v -0.052447859197854996 0.4159812033176422 0.0038479832001030445
v -0.052882298827171326 0.41631776094436646 -0.0010768213542178273
v -0.05364609509706497 0.41491973400115967 -0.0038294238038361073
v -0.05638500675559044 0.4154624342918396 0.00358560006134212
v -0.056275852024555206 0.4161132872104645 0.00012357679952401668
v -0.07302051037549973 0.4169893264770508 0.003139887470752001
v -0.07051539421081543 0.417670339345932 0.002981428289785981
v -0.07115533947944641 0.42006438970565796 0.002236884320154786
v -0.07473012804985046 0.41831618547439575 0.002474512904882431
v -0.0771852433681488 0.41503867506980896 0.002691684989258647
v -0.0735955685377121 0.4150674045085907 0.003548780921846628
v -0.07028104364871979 0.41538241505622864 0.0036849011667072773
v -0.07422009110450745 0.4119097590446472 -0.00037313520442694426
v -0.07693209499120712 0.41246238350868225 0.0012257066555321217
v -0.07781101763248444 0.4119287431240082 -0.0006964413914829493
v -0.07599197328090668 0.41151654720306396 -0.0012883483432233334
v -0.07379329204559326 0.4119390547275543 0.002293158555403352
v -0.07653284817934036 0.41171950101852417 0.002915134420618415
v -0.07567626982927322 0.4118475317955017 -0.003014256013557315
v -0.07318024337291718 0.41268888115882874 -0.002881433581933379
v -0.07539000362157822 0.4139932096004486 -0.0030093954410403967
v -0.0734327957034111 0.415227472782135 -0.002495113993063569
v -0.077776700258255 0.4118739366531372 -0.0027835178188979626
v -0.07693410664796829 0.4147685468196869 -0.002752607688307762
v -0.07450565695762634 0.417595773935318 -0.0022783507592976093
v -0.07376885414123535 0.41284704208374023 0.004311784170567989
v -0.07674410939216614 0.412844717502594 0.00421976950019598
v -0.0755925104022026 0.41898113489151 -0.0002728696563281119
v -0.07784538716077805 0.41512519121170044 -0.0006094357813708484
v -0.07145527005195618 0.4210510551929474 -0.000037121717468835413
v -0.07100825011730194 0.41931378841400146 -0.0018945620395243168
v -0.0674261748790741 0.42150118947029114 0.00020567425235640258
v -0.06726770102977753 0.4200459420681 -0.0015389231266453862
v -0.06693379580974579 0.4174448251724243 -0.0022293850779533386
v -0.07041414082050323 0.4165176749229431 -0.0023446667473763227
v -0.0665377676486969 0.4151587188243866 -0.0026672580279409885
v -0.06989715993404388 0.41394877433776855 -0.002987606218084693
v -0.06645579636096954 0.4141920804977417 -0.0009325685095973313
v -0.07000322639942169 0.41314730048179626 -0.0008157634874805808
v -0.06663234531879425 0.4147048890590668 0.001437640399672091
v -0.07011516392230988 0.41334983706474304 0.0017404459649696946
v -0.06667452305555344 0.4146309792995453 0.00363397179171443
v -0.07002981007099152 0.4133630394935608 0.004158682189881802
v -0.06700938940048218 0.41617685556411743 0.004153281915932894
v -0.06327491253614426 0.41529011726379395 0.003551619127392769
v -0.06360907107591629 0.4166765809059143 0.004818059969693422
v -0.06370668113231659 0.4189830720424652 0.0038646222092211246
v -0.06723739206790924 0.4182727634906769 0.0032952267210930586
v -0.06360034644603729 0.4211995303630829 0.0023579499684274197
v -0.06734652817249298 0.4205889105796814 0.0021586650982499123
v -0.06365892291069031 0.42258420586586 0.00040894123958423734
v -0.05984225124120712 0.42210662364959717 0.0027066092006862164
v -0.05976974591612816 0.4234335720539093 0.0006331884069368243
v -0.05974455177783966 0.4218708276748657 -0.0012868876801803708
v -0.06355689465999603 0.4210728108882904 -0.0013786781346425414
v -0.05987320840358734 0.4191940426826477 -0.0022238201927393675
v -0.06341470777988434 0.4184999167919159 -0.0021794720087200403
v -0.0600472167134285 0.41661158204078674 -0.0027860922273248434
v -0.06323234736919403 0.41604065895080566 -0.002535005332902074
v -0.05989542976021767 0.4152068793773651 -0.0014223366742953658
v -0.0630965530872345 0.41485315561294556 -0.0010141216916963458
v -0.059687674045562744 0.41561660170555115 0.0009012281079776585
v -0.06313110142946243 0.41530194878578186 0.0012953076511621475
v -0.05983687937259674 0.41552528738975525 0.0036432775668799877
v -0.05694743990898132 0.41715532541275024 0.006526031065732241
v -0.06018553301692009 0.41698306798934937 0.005518258549273014
v -0.0565049834549427 0.42057323455810547 0.00562586123123765
v -0.060107797384262085 0.4197166860103607 0.004681671969592571
v -0.055863186717033386 0.42331933975219727 0.0032960607204586267
v -0.0528428852558136 0.42143434286117554 0.006682743784040213
v -0.05565386638045311 0.42442387342453003 0.0006822991417720914
v -0.05595631152391434 0.4228041172027588 -0.001674041384831071
v -0.053203776478767395 0.4203345775604248 -0.004442225210368633
v -0.05648522078990936 0.419790118932724 -0.0031313824001699686
v -0.0537438690662384 0.41705769300460815 -0.0047810194082558155
v -0.0568777397274971 0.4168523848056793 -0.0035836801398545504
v -0.056741613894701004 0.4150403141975403 -0.002394152572378516
v -0.05016550421714783 0.42075780034065247 -0.006302633322775364
v -0.05086645483970642 0.41728222370147705 -0.0066630057990550995
v -0.04746342450380325 0.4208371043205261 -0.00851314514875412
v -0.04875975847244263 0.41742339730262756 -0.009301664307713509
v -0.045529961585998535 0.420890748500824 -0.011290390975773335
v -0.04743174463510513 0.41753509640693665 -0.01216235850006342
v -0.04324032738804817 0.4234970211982727 -0.009863710962235928
v -0.04143774136900902 0.4252651035785675 -0.008063189685344696
v -0.040078770369291306 0.4253748953342438 -0.006297342479228973
v -0.037431687116622925 0.4258151650428772 -0.00964977964758873
v -0.04036286100745201 0.4223247766494751 -0.005898372270166874
v -0.03675024211406708 0.4235144257545471 -0.009133903309702873
v -0.03273599594831467 0.42773890495300293 -0.011691114865243435
v -0.03475248068571091 0.4271419644355774 -0.013075889088213444
v -0.042548056691884995 0.4220938980579376 -0.002952017355710268
v -0.043449562042951584 0.42232197523117065 0.0001712339580990374
v -0.04300547391176224 0.4223167300224304 0.0033232655841857195
v -0.04532920941710472 0.41966232657432556 0.004329306539148092
v -0.04347201809287071 0.4195123612880707 0.007634796667844057
v -0.04166064411401749 0.422369122505188 0.0060682459734380245
v -0.03967778757214546 0.42291250824928284 0.00830317847430706
v -0.04077150672674179 0.4200350046157837 0.009758180007338524
v -0.04011599346995354 0.42584896087646484 0.008757705800235271
v -0.05383330583572388 0.41753315925598145 0.00780597236007452
v -0.05070717632770538 0.41798651218414307 0.009301641955971718
v -0.04924862086772919 0.4218863248825073 0.007926367223262787
v -0.04807695746421814 0.41830044984817505 0.011616772040724754
v -0.046459924429655075 0.4218839406967163 0.010235083289444447
v -0.04644361510872841 0.4183832108974457 0.01460886187851429
v -0.03982040286064148 0.4227784276008606 0.021542994305491447
v -0.03287418186664581 0.4137279987335205 0.001325930585153401
v -0.031088633462786674 0.4169461131095886 0.0015840580454096198
v -0.02875361032783985 0.42097264528274536 0.0017529921606183052
v -0.02877054549753666 0.4208258092403412 -0.001052736770361662
v -0.026493076235055923 0.42169129848480225 0.001933700405061245
v -0.026448722928762436 0.4216882288455963 -0.0007878014002926648
v -0.02661123126745224 0.4220525920391083 -0.0036001347471028566
v -0.024001767858862877 0.4192029535770416 -0.0007213798817247152
v -0.024293910712003708 0.4195053279399872 -0.0036223980132490396
v -0.020317308604717255 0.4168121814727783 -0.0007615372305735946
v -0.02097923308610916 0.4172857105731964 -0.004086154513061047
v -0.016763048246502876 0.41489002108573914 -0.0009182771318592131
v -0.01825975626707077 0.4151949882507324 -0.0050657871179282665
v -0.019909996539354324 0.41689154505729675 -0.008464950136840343
v -0.01763763651251793 0.4112904667854309 -0.0006315156351774931
v -0.0171922966837883 0.41503167152404785 0.0034633553586900234
v -0.018128175288438797 0.41146132349967957 0.0038505822885781527
v -0.020265299826860428 0.40847644209861755 0.004180613439530134
v -0.019570715725421906 0.4081806242465973 -0.00036986515624448657
v -0.02144560031592846 0.405209481716156 0.004891340155154467
v -0.020941872149705887 0.40492525696754456 -0.00006602719076909125
v -0.02376497909426689 0.4039139151573181 0.005125307943671942
v -0.02344425395131111 0.4040336608886719 0.00029546162113547325
v -0.02662637084722519 0.40590351819992065 0.004895317833870649
v -0.026168866083025932 0.4057956039905548 0.0006177161703817546
v -0.029281746596097946 0.4073690176010132 0.0007805127534084022
v -0.03232666850090027 0.4092029631137848 0.0009260249207727611
v -0.0343477800488472 0.41105538606643677 0.0010652784258127213
v -0.03285634145140648 0.4142407178878784 0.0048242490738630295
v -0.031111329793930054 0.4174287021160126 0.004621581174433231
v -0.028834857046604156 0.4214376211166382 0.00452739791944623
v -0.026694979518651962 0.4221431016921997 0.004653783980756998
v -0.0250709168612957 0.4201650619506836 0.007934486493468285
v -0.024570360779762268 0.41948944330215454 0.0051118480041623116
v -0.02410212717950344 0.41921278834342957 0.0021968893706798553
v -0.021376969292759895 0.41746824979782104 0.005892504006624222
v -0.020502816885709763 0.4169458746910095 0.0026361870113760233
v -0.0186587143689394 0.4158521294593811 0.007242101710289717
v -0.022501643747091293 0.4185199439525604 0.008909951895475388
v -0.020534086972475052 0.41746285557746887 0.01035002525895834
v -0.021703699603676796 0.4148145318031311 0.01081102341413498
v -0.01970011554658413 0.41255199909210205 0.007635853718966246
v -0.027473773807287216 0.40678369998931885 0.00925001036375761
v -0.028314393013715744 0.4154975414276123 -0.018594803288578987
v -0.02758224681019783 0.41418546438217163 -0.0190079715102911
v -0.02878843992948532 0.4148101806640625 -0.018505588173866272
v -0.02571709267795086 0.4111185371875763 0.014089930802583694
v -0.025583766400814056 0.4125214219093323 0.014699429273605347
v -0.026238001883029938 0.41342979669570923 0.01627693697810173
v -0.02713051065802574 0.4131163954734802 0.016432318836450577
v -0.027475766837596893 0.4140830338001251 0.018288753926753998
v -0.026588212698698044 0.41389018297195435 0.018255803734064102
v -0.026861701160669327 0.41388916969299316 0.020008178427815437
v -0.027886835858225822 0.41446828842163086 0.01995554193854332
v -0.026916971430182457 0.41544848680496216 0.01952298730611801
v -0.027725771069526672 0.4147941470146179 0.01862054318189621
v -0.029257377609610558 0.41589856147766113 0.023874100297689438
v -0.029487216845154762 0.41610005497932434 0.022981328889727592
v -0.027638960629701614 0.4140484035015106 0.021616144105792046
v -0.027463657781481743 0.415116548538208 0.02100442536175251
v -0.02845887839794159 0.41515761613845825 0.022517602890729904
v -0.028626855462789536 0.41418054699897766 0.023291734978556633
v -0.028569353744387627 0.4148571193218231 0.021492987871170044
v -0.02959642931818962 0.41540801525115967 0.022833822295069695
v -0.028114721179008484 0.41542816162109375 0.020239902660250664
v -0.02845064364373684 0.4153040051460266 0.021888261660933495
v -0.025126872584223747 0.4129191040992737 0.014055085368454456
v -0.013446364551782608 0.4328691363334656 -0.012406911700963974
v -0.014309313148260117 0.4331938624382019 -0.009789993055164814
v -0.014325181022286415 0.43070080876350403 -0.008113639429211617
v -0.01256672665476799 0.4299662709236145 -0.009544391185045242
v -0.014467443339526653 0.42773857712745667 -0.010763612575829029
v -0.01425166055560112 0.4301345944404602 -0.013290630653500557
v -0.01504930853843689 0.43617337942123413 -0.012089311145246029
v -0.014927721582353115 0.4355419874191284 -0.010217269882559776
v -0.01622150093317032 0.43054404854774475 -0.013702981173992157
v -0.017162512987852097 0.4329749345779419 -0.012559399008750916
v -0.01191733404994011 0.42828381061553955 -0.006547281052917242
v -0.01242339238524437 0.425947368144989 -0.007287300191819668
v -0.014284888282418251 0.423113077878952 -0.007480488624423742
v -0.01613037660717964 0.42440488934516907 -0.010518597438931465
v -0.015982579439878464 0.42394712567329407 -0.01397373341023922
v -0.014595923013985157 0.426435649394989 -0.01461395900696516
v -0.013830853626132011 0.42882487177848816 -0.015959907323122025
v -0.014632996171712875 0.426191508769989 0.012537382543087006
v -0.014299673959612846 0.4246600270271301 0.010407124646008015
v -0.012310808524489403 0.4272446632385254 0.010143362917006016
v -0.012634135782718658 0.42955899238586426 0.013101737946271896
v -0.015763869509100914 0.4240928292274475 0.014648511074483395
v -0.01525912992656231 0.4217161536216736 0.011760075576603413
v -0.014301175251603127 0.4277411103248596 0.0152892442420125
v -0.01596631109714508 0.4227134585380554 0.020503265783190727
v -0.01583922654390335 0.4239932596683502 0.021972468122839928
v -0.01913551427423954 0.42268943786621094 0.02266491949558258
v -0.018602702766656876 0.4209003150463104 0.021176418289542198
v -0.015277011319994926 0.4247261583805084 0.01772964745759964
v -0.014385076239705086 0.4269033670425415 0.019270654767751694
v -0.016901055350899696 0.422342985868454 0.01737486571073532
v -0.017533212900161743 0.4211035966873169 -0.01811901107430458
v -0.017816446721553802 0.4210735261440277 -0.02018851786851883
v -0.016529105603694916 0.4237394630908966 -0.016784487292170525
v -0.017142849043011665 0.4222651720046997 -0.015948744490742683
v -0.018460679799318314 0.4210318326950073 -0.01559043675661087
v -0.018843408674001694 0.4209345877170563 -0.01786978542804718
v -0.020505722612142563 0.42160922288894653 -0.01972261257469654
v -0.015132391825318336 0.43333226442337036 0.010832799598574638
v -0.013368561863899231 0.43290677666664124 0.011288703419268131
v -0.013062184676527977 0.4307147264480591 0.009184679947793484
v -0.01546644326299429 0.43211886286735535 0.009199918247759342
v -0.01713692769408226 0.43578672409057617 0.011677387170493603
v -0.01430927962064743 0.4357649087905884 0.012303889729082584
v -0.017837345600128174 0.4342859983444214 0.009591161273419857
v -0.018272433429956436 0.42349493503570557 -0.020398985594511032
v -0.01596025936305523 0.42565253376960754 -0.017802856862545013
v -0.018120165914297104 0.43574532866477966 -0.010961347259581089
v -0.017310213297605515 0.4354804754257202 -0.008646724745631218
v -0.016133498400449753 0.43328505754470825 -0.008545402437448502
v -0.013255314901471138 0.43648749589920044 0.01436885166913271
v -0.01147734560072422 0.4324943423271179 0.011898656375706196
v -0.017528891563415527 0.43540138006210327 0.013995504006743431
v -0.022125456482172012 0.42419683933258057 0.023996170610189438
v -0.02249239757657051 0.4229421019554138 0.023516027256846428
v -0.021631453186273575 0.4236157536506653 0.022062303498387337
v -0.019146090373396873 0.4228084981441498 0.02030944637954235
v -0.017734196037054062 0.42290157079696655 0.017381837591528893
v -0.018255557864904404 0.4203569293022156 0.012215745635330677
v -0.015653159469366074 0.41774097084999084 0.008333378471434116
v -0.013664891943335533 0.4195081293582916 0.008411484770476818
v -0.018346993252635002 0.4237736463546753 0.015287980437278748
v -0.01893656700849533 0.42011338472366333 0.009571589529514313
v -0.017438560724258423 0.4193248450756073 0.007100353483110666
v -0.021241309121251106 0.4233797490596771 0.011609161272644997
v -0.020802263170480728 0.421724796295166 0.009047617204487324
v -0.021277422085404396 0.4265957474708557 0.013808244839310646
v -0.019726146012544632 0.4212506413459778 0.006150881294161081
v -0.017074376344680786 0.4268113970756531 0.016094792634248734
v -0.01950898952782154 0.4282130300998688 0.015075000934302807
v -0.018616363406181335 0.4199650287628174 -0.0061082313768565655
v -0.017413493245840073 0.41954371333122253 -0.003634752007201314
v -0.02000959776341915 0.4212135970592499 -0.003467835020273924
v -0.020806584507226944 0.4216711223125458 -0.0064582438208162785
v -0.017718974500894547 0.4189504384994507 -0.007699922658503056
v -0.015519198030233383 0.4176151752471924 -0.004275294952094555
v -0.02163490280508995 0.4219427704811096 -0.009609310887753963
v -0.018311750143766403 0.43389010429382324 -0.006412855349481106
v -0.01654737815260887 0.4319297671318054 -0.006990811787545681
v -0.0184878371655941 0.42218858003616333 -0.011447940021753311
v -0.015493202023208141 0.41979312896728516 -0.008547465316951275
v -0.018629111349582672 0.42140084505081177 -0.01314102578908205
v -0.02073752135038376 0.4254949986934662 -0.012786918319761753
v -0.019541500136256218 0.4233895242214203 -0.013669903390109539
v -0.023324361070990562 0.425182580947876 -0.011256890371441841
v -0.017469342797994614 0.4315401017665863 0.014665490947663784
v -0.013656681403517723 0.4330136477947235 0.015561395324766636
v -0.01542559452354908 0.4294924736022949 0.01667117513716221
v -0.013126466423273087 0.43065327405929565 0.017259936779737473
v -0.020655594766139984 0.43297451734542847 0.013694439083337784
v -0.021084483712911606 0.431537926197052 0.015224998816847801
v -0.022522924467921257 0.42777466773986816 0.01590476557612419
v -0.01773788593709469 0.42987939715385437 -0.013131333515048027
v -0.015868406742811203 0.4286329746246338 -0.01563006080687046
v -0.0175318606197834 0.42728549242019653 -0.014446075074374676
v -0.019887756556272507 0.43166279792785645 -0.01205436885356903
v -0.01978626474738121 0.42862141132354736 -0.012893560342490673
v -0.0229203999042511 0.4227050542831421 -0.005934272427111864
v -0.024461252614855766 0.4227946698665619 -0.007331752218306065
v -0.024466004222631454 0.42588120698928833 -0.008303679525852203
v -0.019934063777327538 0.43527325987815857 -0.008124305866658688
v -0.020241335034370422 0.43501007556915283 -0.006237687077373266
v -0.02108118124306202 0.43363523483276367 -0.009484699927270412
v -0.02165522240102291 0.4331613779067993 -0.006575362291187048
v -0.020475514233112335 0.43478962779045105 0.010396713390946388
v -0.0181428249925375 0.4331863522529602 0.006949898786842823
v -0.020370490849018097 0.4349154531955719 0.007327917031943798
v -0.02017156034708023 0.43414244055747986 0.01252519991248846
v -0.02179567515850067 0.432284951210022 0.0076449718326330185
v -0.02283959835767746 0.43208009004592896 0.010953152552247047
v -0.024320010095834732 0.426832377910614 0.014668420888483524
v -0.025136182084679604 0.4288669228553772 0.0132774468511343
v -0.023845022544264793 0.42758604884147644 0.01221519336104393
v -0.02431211620569229 0.424312949180603 0.010262989439070225
v -0.022724958136677742 0.42553192377090454 0.022927524521946907
v -0.02308693528175354 0.4273275136947632 0.02414720691740513
v -0.022905860096216202 0.42686396837234497 0.0260054562240839
v -0.020102567970752716 0.42374303936958313 0.02204810455441475
v -0.020817389711737633 0.424104779958725 0.021684035658836365
v -0.022569917142391205 0.42535340785980225 0.02189117670059204
v -0.02353009209036827 0.4282628893852234 0.021860994398593903
v -0.023212900385260582 0.4293942153453827 0.02354290895164013
v -0.02339039370417595 0.42699676752090454 0.02049446478486061
v -0.02390705794095993 0.4257916808128357 0.023879794403910637
v -0.023486170917749405 0.42519640922546387 0.022289682179689407
v -0.022522039711475372 0.4227999746799469 0.008433129638433456
v -0.02226293459534645 0.42262786626815796 0.0057541863061487675
v -0.0248390045017004 0.4232334792613983 0.005928790662437677
v -0.024143541231751442 0.42924752831459045 0.02455086074769497
v -0.02460377663373947 0.4228629767894745 -0.02082294598221779
v -0.021070025861263275 0.4226871430873871 -0.019529951736330986
v -0.02387383207678795 0.4236542880535126 -0.018809223547577858
v -0.025905121117830276 0.42592453956604004 -0.022940902039408684
v -0.02378464862704277 0.4249342083930969 -0.02486608363687992
v -0.02229587733745575 0.42230379581451416 -0.022580541670322418
v -0.024055905640125275 0.42768609523773193 -0.02255524881184101
v -0.023498669266700745 0.42862027883529663 -0.02448497712612152
v -0.024346934631466866 0.430801123380661 -0.021905502304434776
v -0.025191962718963623 0.428705096244812 -0.01998479850590229
v -0.0238051675260067 0.4255741238594055 -0.02048765867948532
v -0.023473594337701797 0.425442636013031 -0.02259831503033638
v -0.024304799735546112 0.4293859899044037 0.011025202460587025
v -0.02486681006848812 0.4267300069332123 0.008683858439326286
v -0.022786298766732216 0.4224839508533478 -0.003450461896136403
v -0.025358933955430984 0.42292654514312744 -0.003860277123749256
v -0.02403426356613636 0.4283117651939392 -0.0073807379230856895
v -0.025485839694738388 0.42976289987564087 -0.009943017736077309
v -0.02631414122879505 0.4280959665775299 -0.011092317290604115
v -0.026666034013032913 0.4265051782131195 -0.0132166538387537
v -0.023819541558623314 0.43081778287887573 0.01957295835018158
v -0.023306023329496384 0.43189918994903564 0.02251368574798107
v -0.023917268961668015 0.43414565920829773 0.01832735911011696
v -0.023249443620443344 0.43464457988739014 0.021656429395079613
v -0.023911885917186737 0.4284091889858246 0.018644478172063828
v -0.02355620451271534 0.42932790517807007 0.009091323241591454
v -0.02283790148794651 0.42956483364105225 0.007323949597775936
v -0.02381976507604122 0.42750000953674316 0.006964711472392082
v -0.023040812462568283 0.43429654836654663 0.01507055014371872
v -0.023418594151735306 0.4306563138961792 0.016533171758055687
v -0.023664753884077072 0.43190330266952515 -0.00993505772203207
v -0.02297205850481987 0.4307589530944824 -0.006836844142526388
v -0.022975029423832893 0.43128669261932373 -0.012275215238332748
v -0.025296520441770554 0.431437611579895 -0.01327501330524683
v -0.025409316644072533 0.43363574147224426 -0.011127728968858719
v -0.02875424362719059 0.4299253225326538 -0.01064419373869896
v -0.02235061675310135 0.42963701486587524 0.0047354199923574924
v -0.023725874722003937 0.42702823877334595 0.004823871422559023
v -0.025481659919023514 0.4250447154045105 0.0053299469873309135
v -0.025239894166588783 0.4315095543861389 -0.017725253477692604
v -0.02537842094898224 0.4294039011001587 -0.015152777545154095
v -0.025404710322618484 0.4269483685493469 -0.016813525930047035
v -0.024746308103203773 0.43294215202331543 -0.020046571269631386
v -0.02358122728765011 0.4249286651611328 -0.01888279989361763
v -0.023511650040745735 0.4283260405063629 0.016905242577195168
v -0.025801479816436768 0.42835986614227295 0.015664882957935333
v -0.02591526135802269 0.4295637607574463 0.018747305497527122
v -0.029231613501906395 0.4303107261657715 0.018462548032402992
v -0.02940511889755726 0.4293580949306488 0.01584629900753498
v -0.030345700681209564 0.42960941791534424 0.01381689216941595
v -0.027237679809331894 0.4286603331565857 0.013554773293435574
v -0.023706231266260147 0.4279191792011261 -0.01292884349822998
v -0.02419334650039673 0.42596912384033203 -0.013763676397502422
v -0.025954589247703552 0.4255742132663727 -0.016670621931552887
v -0.02390609122812748 0.4414721429347992 0.023590631783008575
v -0.02284824848175049 0.44002681970596313 0.02326829731464386
v -0.022558242082595825 0.4401266574859619 0.020834192633628845
v -0.024042129516601562 0.44164764881134033 0.02102089114487171
v -0.02611096017062664 0.4397076666355133 0.024076120927929878
v -0.02433425560593605 0.4378862679004669 0.023456819355487823
v -0.02310178428888321 0.43753132224082947 0.02104763127863407
v -0.02314194105565548 0.43938687443733215 -0.014081453904509544
v -0.02388135716319084 0.4414064884185791 -0.012977676466107368
v -0.02529630810022354 0.4383099675178528 -0.011039874516427517
v -0.02461986429989338 0.4368795156478882 -0.013118129223585129
v -0.024793751537799835 0.4345441162586212 -0.015749696642160416
v -0.02340582385659218 0.4384706914424896 -0.015988672152161598
v -0.024944568052887917 0.4412444233894348 -0.015643080696463585
v -0.025354057550430298 0.4283163547515869 -0.023736145347356796
v -0.025947552174329758 0.43022847175598145 -0.0220449548214674
v -0.027047699317336082 0.42869773507118225 -0.020683791488409042
v -0.02449050545692444 0.43570229411125183 -0.019285736605525017
v -0.02418389543890953 0.43926018476486206 -0.01944607123732567
v -0.030045250430703163 0.4284777343273163 -0.01190006360411644
v -0.030878424644470215 0.42924731969833374 -0.013921098783612251
v -0.029324930161237717 0.43355461955070496 -0.009407250210642815
v -0.025747064501047134 0.43125414848327637 0.023596307262778282
v -0.02598855085670948 0.43455711007118225 0.024338824674487114
v -0.02921600267291069 0.4324789345264435 0.024545397609472275
v -0.02865888737142086 0.43053653836250305 0.023656204342842102
v -0.026706282049417496 0.42985838651657104 0.021614501252770424
v -0.025142330676317215 0.4279647767543793 0.022854307666420937
v -0.02921455167233944 0.43088406324386597 0.02124045602977276
v -0.028239458799362183 0.43009841442108154 -0.01665663905441761
v -0.02704007737338543 0.4268260896205902 -0.018558276817202568
v -0.03201400116086006 0.43087586760520935 -0.0164976604282856
v -0.028167085722088814 0.43662822246551514 0.023767638951539993
v -0.030680779367685318 0.43428170680999756 0.02381899580359459
v -0.02726779319345951 0.43828514218330383 0.015677817165851593
v -0.02650737762451172 0.4393063485622406 0.018056754022836685
v -0.024658720940351486 0.440723180770874 0.017314832657575607
v -0.025461019948124886 0.44012168049812317 0.01470084860920906
v -0.029657065868377686 0.43659043312072754 0.0130090257152915
v -0.029191194102168083 0.4366755485534668 0.015836944803595543
v -0.028516311198472977 0.437821626663208 -0.010733882896602154
v -0.029659856110811234 0.436390221118927 -0.007905477657914162
v -0.03198252618312836 0.4291503429412842 -0.009858334437012672
v -0.02808537892997265 0.4342527389526367 0.012713021598756313
v -0.027976781129837036 0.4311613142490387 0.013154716230928898
v -0.030901391059160233 0.431591272354126 0.012117731384932995
v -0.03075215592980385 0.43405675888061523 0.010475977323949337
v -0.028364909812808037 0.43695518374443054 0.01158968172967434
v -0.024369047954678535 0.4395919144153595 0.014048655517399311
v -0.024299312382936478 0.4371647834777832 0.014837952330708504
v -0.030855340883135796 0.4362490177154541 0.009502843953669071
v -0.029067430645227432 0.4316730797290802 -0.019446760416030884
v -0.026655154302716255 0.4327400326728821 -0.020874442532658577
v -0.03324805200099945 0.43137961626052856 -0.01909245364367962
v -0.03087240271270275 0.43523287773132324 -0.020419936627149582
v -0.026866799220442772 0.43553173542022705 -0.020951585844159126
v -0.035184524953365326 0.4336051344871521 -0.01835419237613678
v -0.02800113335251808 0.439763605594635 -0.017984624952077866
v -0.027966463938355446 0.4393202066421509 -0.016200529411435127
v -0.026258882135152817 0.4408472180366516 -0.0184350423514843
v -0.027855921536684036 0.44028884172439575 -0.020160505548119545
v -0.029688799753785133 0.43917426466941833 -0.01945488713681698
v -0.0314536951482296 0.43746477365493774 -0.017196254804730415
v -0.02701280638575554 0.4387006163597107 -0.021463019773364067
v -0.029547208920121193 0.4379524290561676 -0.02131057344377041
v -0.032356906682252884 0.43678030371665955 0.010364188812673092
v -0.032438378781080246 0.4348568022251129 0.013664716854691505
v -0.032101936638355255 0.4351455867290497 0.01635647751390934
v -0.034035585820674896 0.43489545583724976 0.01108520943671465
v -0.03222205862402916 0.4360949397087097 0.019180329516530037
v -0.02887994423508644 0.43745097517967224 0.01867186650633812
v -0.034916602075099945 0.4323170781135559 0.014189919456839561
v -0.03435664623975754 0.43247008323669434 0.01682966761291027
v -0.03252343088388443 0.4280949831008911 0.02369190752506256
v -0.030902408063411713 0.42929986119270325 0.023651262745261192
v -0.031377360224723816 0.43042898178100586 0.025399936363101006
v -0.033513352274894714 0.42793673276901245 0.02562129683792591
v -0.03604549169540405 0.4269142746925354 0.02341342158615589
v -0.033879365772008896 0.42798006534576416 0.022106589749455452
v -0.03176192194223404 0.42948269844055176 0.021401962265372276
v -0.033787619322538376 0.4351399838924408 -0.016204223036766052
v -0.03390643745660782 0.4348263442516327 -0.014142789877951145
v -0.03134632855653763 0.43692588806152344 -0.013938588090240955
v -0.0347658172249794 0.4329875707626343 0.019577769562602043
v -0.033924199640750885 0.43044930696487427 0.009862810373306274
v -0.033118464052677155 0.4284878075122833 0.013223973102867603
v -0.03546079620718956 0.4266999661922455 0.01320639904588461
v -0.036559976637363434 0.4279300272464752 0.010300086811184883
v -0.033061545342206955 0.4334797263145447 0.008060072548687458
v -0.036232274025678635 0.43121713399887085 0.0061547658406198025
v -0.03495226800441742 0.43375036120414734 0.0051610469818115234
v -0.038249798119068146 0.42873963713645935 0.007361415307968855
v -0.03431342914700508 0.43001145124435425 0.024534624069929123
v -0.03311251848936081 0.432138055562973 0.02441016584634781
v -0.034437112510204315 0.4327545762062073 0.022252708673477173
v -0.03543084114789963 0.4296991527080536 0.022692769765853882
v -0.03267576918005943 0.4282907247543335 0.01621711254119873
v -0.03520188853144646 0.4269163906574249 0.01644911803305149
v -0.037767231464385986 0.4263787269592285 0.013947708532214165
v -0.03852918744087219 0.42688292264938354 0.011362199671566486
v -0.037113673985004425 0.42664214968681335 0.01690213568508625
v -0.03591523692011833 0.4269298315048218 -0.008620277978479862
v -0.03338579833507538 0.43143555521965027 -0.006916983984410763
v -0.03605613112449646 0.431079626083374 -0.004366671666502953
v -0.03815755993127823 0.4277324378490448 -0.005570750683546066
v -0.03966430574655533 0.4288783371448517 -0.007678145542740822
v -0.03837006911635399 0.4280756115913391 -0.009841922670602798
v -0.036544375121593475 0.42558592557907104 -0.012497111223638058
v -0.033425167202949524 0.42795538902282715 -0.01222610380500555
v -0.037737395614385605 0.4279133677482605 -0.012588239274919033
v -0.036175504326820374 0.43225961923599243 -0.014813859015703201
v -0.03440658748149872 0.42970654368400574 -0.01684155873954296
v -0.03417555242776871 0.4287061095237732 -0.01474300678819418
v -0.03671709820628166 0.4269649088382721 -0.015868959948420525
v -0.03568331524729729 0.42931365966796875 -0.018221966922283173
v -0.037263039499521255 0.430477499961853 -0.018337734043598175
v -0.037417639046907425 0.42884790897369385 -0.01558166928589344
v -0.039084240794181824 0.4367653429508209 -0.0020302010234445333
v -0.03696904331445694 0.4371519386768341 -0.0013775273691862822
v -0.03656076639890671 0.43671512603759766 -0.0044042072258889675
v -0.03955648094415665 0.4342654347419739 -0.005302502308040857
v -0.04083865135908127 0.43643057346343994 0.0014145799214020371
v -0.03692089766263962 0.43752434849739075 0.0017977197421714664
v -0.04290856793522835 0.4343259334564209 -0.0035658322740346193
v -0.04053482413291931 0.42989298701286316 0.003671173471957445
v -0.04007770121097565 0.4270280599594116 0.009159199893474579
v -0.041934337466955185 0.42723649740219116 0.007104420568794012
v -0.044317446649074554 0.4271514415740967 0.005759138613939285
v -0.043609973043203354 0.4289518892765045 0.002604888752102852
v -0.03761643171310425 0.4319038391113281 0.002496265573427081
v -0.03834354877471924 0.43564701080322266 0.005720347166061401
v -0.03603343293070793 0.4366922080516815 0.004951003938913345
v -0.04278534650802612 0.4333104193210602 0.004888631869107485
v -0.04031170904636383 0.43303078413009644 0.00711972638964653
v -0.04042141139507294 0.4295203387737274 -0.0023466139100492
v -0.03766803443431854 0.4319171607494354 -0.001337741268798709
v -0.04351978749036789 0.4283885061740875 -0.0015783552080392838
v -0.0415620394051075 0.4298514425754547 -0.006074127741158009
v -0.04403194412589073 0.4298195540904999 -0.004758180119097233
v -0.06501354277133942 0.43097367882728577 0.0009724624105729163
v -0.06393613666296005 0.43003588914871216 0.0028813655953854322
v -0.06134292110800743 0.4308149814605713 0.002471093088388443
v -0.06170908361673355 0.43182867765426636 0.0006895351689308882
v -0.06770522892475128 0.42920970916748047 -0.0002155861584469676
v -0.06782539933919907 0.4285377860069275 0.002176205161958933
v -0.06646289676427841 0.42996206879615784 0.002349929651245475
v -0.06589196622371674 0.4295428693294525 0.003626750549301505
v -0.0652884691953659 0.428183913230896 0.0038916715420782566
v -0.06357434391975403 0.4281744956970215 0.003526256885379553
v -0.06721730530261993 0.4283750057220459 0.003833705559372902
v -0.06623934209346771 0.4267300069332123 0.00396098243072629
v -0.06372116506099701 0.4260956048965454 0.00345879839733243
v -0.06679768115282059 0.4295317530632019 -0.0022500893101096153
v -0.06437362730503082 0.4301818609237671 -0.001639280584640801
v -0.06427787244319916 0.42766597867012024 -0.0025880392640829086
v -0.06687422841787338 0.42747464776039124 -0.0029295135755091906
v -0.0675501823425293 0.42618247866630554 -0.00096187146846205
v -0.06713458895683289 0.4259963631629944 0.0019443987403064966
v -0.06445664167404175 0.42586246132850647 -0.001136791193857789
v -0.06421490013599396 0.4255481958389282 0.0013317714910954237
v -0.0611296147108078 0.4283864200115204 -0.001982244197279215
v -0.06104547902941704 0.42633897066116333 -0.001242202939465642
v -0.060982443392276764 0.42613837122917175 0.0008142562583088875
v -0.06080693006515503 0.42683154344558716 0.002671650378033519
v -0.05781657248735428 0.42731136083602905 -0.0012476678239181638
v -0.0578170120716095 0.42717599868774414 0.0007054960587993264
v -0.05784981697797775 0.4275694489479065 0.0025911740958690643
v -0.058048948645591736 0.42978671193122864 0.0029821053612977266
v -0.060917243361473083 0.4288419485092163 0.003274330170825124
v -0.054874129593372345 0.42823174595832825 0.0008035677019506693
v -0.05500982701778412 0.42818593978881836 0.002781397895887494
v -0.05513165518641472 0.43038463592529297 0.0029008141718804836
v -0.0553981252014637 0.4327620267868042 0.0022591217420995235
v -0.058471933007240295 0.4318680763244629 0.0022888246458023787
v -0.05235976725816727 0.42835867404937744 0.0031100697815418243
v -0.05221133679151535 0.43059054017066956 0.0030759829096496105
v -0.052047669887542725 0.4333863854408264 0.0022308791521936655
v -0.05218616500496864 0.4353417754173279 0.0005486784502863884
v -0.05570594221353531 0.4341646432876587 0.0005340985371731222
v -0.049408555030822754 0.4303184151649475 0.0038358753081411123
v -0.048709623515605927 0.43339821696281433 0.002562390873208642
v -0.048518404364585876 0.4358408451080322 0.0006138296448625624
v -0.04882082715630531 0.43377143144607544 -0.0016433242708444595
v -0.05211823433637619 0.4333522915840149 -0.0012566919904202223
v -0.045594003051519394 0.43322277069091797 0.0034198055509477854
v -0.045017778873443604 0.4358835816383362 0.0008785047684796154
v -0.04576867073774338 0.4340342581272125 -0.0023800660856068134
v -0.046507395803928375 0.4300346374511719 -0.003420931752771139
v -0.049213871359825134 0.43030020594596863 -0.0025456745643168688
v -0.04922449588775635 0.4282117784023285 -0.0012598796747624874
v -0.05204122141003609 0.4285553991794586 -0.0011971851345151663
v -0.05210895836353302 0.4304751455783844 -0.0019319511484354734
v -0.04633477330207825 0.42799699306488037 -0.001281301025301218
v -0.046274710446596146 0.4285050928592682 0.0020718059968203306
v -0.04913850501179695 0.42875662446022034 0.001499237841926515
v -0.049808502197265625 0.42787474393844604 0.003858576063066721
v -0.05201306939125061 0.4288683533668518 0.0010591386817395687
v -0.04710884392261505 0.4271634817123413 0.004867930896580219
v -0.046784739941358566 0.43000924587249756 0.005165464710444212
v -0.04426700994372368 0.4299876093864441 0.006609878037124872
v -0.041999321430921555 0.4299529194831848 0.008273140527307987
v -0.03987977281212807 0.42972102761268616 0.010057538747787476
v -0.038064904510974884 0.4326634705066681 0.009405570104718208
v -0.03618549183011055 0.43510696291923523 0.0085271205753088
v -0.03794362396001816 0.429454505443573 0.01196806039661169
v -0.0362192764878273 0.43247878551483154 0.011767202988266945
v -0.036678556352853775 0.42923009395599365 0.01427815854549408
v -0.03614598140120506 0.429327130317688 0.016988398507237434
v -0.03675518184900284 0.4268437922000885 0.019992858171463013
v -0.036042287945747375 0.4296703338623047 0.019874053075909615
v -0.03480736166238785 0.42762863636016846 0.019410574808716774
v -0.03270106762647629 0.4294060170650482 0.01893954537808895
v -0.03448723256587982 0.436722993850708 0.007794290315359831
v -0.033049654215574265 0.43568119406700134 0.007355302572250366
v -0.03428594768047333 0.43593037128448486 0.004636047873646021
v -0.036046214401721954 0.43431708216667175 0.0019870258402079344
v -0.035061150789260864 0.4365327060222626 0.001713475096039474
v -0.036047033965587616 0.43434596061706543 -0.0010173814371228218
v -0.0353059321641922 0.4365570843219757 -0.0009637678158469498
v -0.034632354974746704 0.4341434836387634 -0.0035467639099806547
v -0.034743692725896835 0.4363788068294525 -0.003468621289357543
v -0.03249093145132065 0.4348386228084564 -0.005816998891532421
v -0.03309304267168045 0.4373078942298889 -0.005797337740659714
v -0.035112570971250534 0.4356088936328888 -0.006779863964766264
v -0.03750976175069809 0.4325837194919586 -0.007500642444938421
v -0.0315711610019207 0.4363257884979248 -0.0086827352643013
v -0.03392079100012779 0.4346556067466736 -0.009222198277711868
v -0.0364665612578392 0.4317798614501953 -0.009729255922138691
v -0.033764034509658813 0.434522420167923 -0.0117740947753191
v -0.036139462143182755 0.4315252900123596 -0.012174221687018871
v -0.03106936439871788 0.43615585565567017 -0.011451587080955505
v -0.028083259239792824 0.4384695887565613 -0.013466470874845982
v -0.05484317988157272 0.42815038561820984 -0.0012293378822505474
v -0.058067113161087036 0.42938748002052307 -0.001761891646310687
v -0.055081017315387726 0.4301512837409973 -0.0017907674191519618
v -0.05849669128656387 0.43171238899230957 -0.001199450227431953
v -0.05540826544165611 0.4325767457485199 -0.0011783926747739315
v -0.05880816653370857 0.43291112780570984 0.0005683220224454999
v -0.06144069880247116 0.43071261048316956 -0.001279512420296669
v -0.03173772618174553 0.435432106256485 0.021751796826720238
v -0.02866731956601143 0.4373526871204376 0.021422186866402626
v -0.02639753185212612 0.4397735297679901 0.021323999390006065
v -0.023512236773967743 0.43964970111846924 0.01719006709754467
v -0.023664090782403946 0.43705540895462036 0.01771869882941246
v -0.025188885629177094 0.43098998069763184 0.012402433902025223
v -0.02460489422082901 0.4333275556564331 0.012799575924873352
v -0.024768589064478874 0.4270687997341156 0.021024510264396667
v -0.021355867385864258 0.42358994483947754 -0.019451944157481194
v -0.021532826125621796 0.42387259006500244 -0.02034555934369564
v -0.01938648521900177 0.4235858917236328 -0.01846652291715145
v -0.019046010449528694 0.42412060499191284 -0.019346674904227257
v -0.021742772310972214 0.4233458936214447 -0.021530039608478546
v -0.01853771135210991 0.42461228370666504 -0.01643216982483864
v -0.017529668286442757 0.42578211426734924 -0.017199203372001648
v -0.019091568887233734 0.4223932921886444 -0.018225383013486862
v -0.01899254322052002 0.4226897954940796 -0.015923384577035904
v -0.025476064532995224 0.4247259497642517 0.0022432799451053143
v -0.024912137538194656 0.4227781295776367 0.0024673135485500097
v -0.02396518550813198 0.42696040868759155 0.0020340937189757824
v -0.024112602695822716 0.42697685956954956 -0.0009163620416074991
v -0.02560814470052719 0.4247351288795471 -0.0007406732183881104
v -0.022499607875943184 0.4297301173210144 0.0018932184902951121
v -0.022594671696424484 0.42977964878082275 -0.0009772401535883546
v -0.02270088531076908 0.43002551794052124 -0.00385129707865417
v -0.02423960343003273 0.4272996783256531 -0.0040595680475234985
v -0.02124708518385887 0.4325389564037323 0.0017322329804301262
v -0.021373193711042404 0.432656466960907 -0.0010291485814377666
v -0.02145511656999588 0.4328519105911255 -0.0037827861960977316
v -0.019863177090883255 0.43460550904273987 -0.0011023059487342834
v -0.020116884261369705 0.43501633405685425 -0.0036328500136733055
v -0.01814439706504345 0.432725727558136 -0.0013915544841438532
v -0.018461115658283234 0.4330925941467285 -0.003966858144849539
v -0.015595962293446064 0.4308617115020752 -0.001865284750238061
v -0.01619046740233898 0.4311240613460541 -0.004542351700365543
v -0.012748068198561668 0.42902660369873047 -0.0025449092499911785
v -0.013802526518702507 0.42934390902519226 -0.0054736970923841
v -0.010160161182284355 0.42775458097457886 -0.0034367931075394154
v -0.012226205319166183 0.4290657043457031 0.0005599238211289048
v -0.00933157280087471 0.4276217520236969 0.00026691090897656977
v -0.009796511381864548 0.42478927969932556 0.00007833469135221094
v -0.010632550343871117 0.4250520169734955 -0.003828346496447921
v -0.011478886008262634 0.4217413663864136 -0.000034490833058953285
v -0.012382445856928825 0.42211416363716125 -0.003998946398496628
v -0.012608259916305542 0.418628066778183 -0.00019975956820417196
v -0.013400861993432045 0.4188842177391052 -0.004521571099758148
v -0.014496681280434132 0.41703033447265625 -0.00022282919962890446
v -0.012366076931357384 0.41857144236564636 0.004244029987603426
v -0.01435154303908348 0.4171326458454132 0.004065969958901405
v -0.01641697622835636 0.4190305471420288 0.0035853369627147913
v -0.016479503363370895 0.4191886782646179 -0.00016111058357637376
v -0.019117489457130432 0.4209718108177185 0.00302552105858922
v -0.019231252372264862 0.4210396111011505 -0.0002498609246686101
v -0.02212795987725258 0.4223538339138031 0.0026221151929348707
v -0.022319728508591652 0.42228198051452637 -0.00040742562850937247
v -0.025006426498293877 0.4228808283805847 -0.0005587748601101339
v -0.02591796964406967 0.42495763301849365 -0.004160871263593435
v -0.011416980996727943 0.4217734932899475 0.004041911568492651
v -0.013239825144410133 0.42291438579559326 0.0074304938316345215
v -0.010061612352728844 0.4247715175151825 0.00400300370529294
v -0.011442041024565697 0.4256332516670227 0.007358910515904427
v -0.009936202317476273 0.4274304509162903 0.003903238568454981
v -0.010781453922390938 0.4280293583869934 0.007011686451733112
v -0.011459574103355408 0.4293268918991089 0.009594635106623173
v -0.012823039665818214 0.4296892583370209 0.006505473516881466
v -0.012496894225478172 0.429080992937088 0.0036197786685079336
v -0.01541882660239935 0.4310113787651062 0.003731014207005501
v -0.015595589764416218 0.43134650588035583 0.006556094158440828
v -0.018030472099781036 0.43285033106803894 0.004050797782838345
v -0.017941242083907127 0.4327522814273834 0.0012692575110122561
v -0.019761361181735992 0.4346029460430145 0.0015308717265725136
v -0.01992662250995636 0.43458861112594604 0.004292612429708242
v -0.015301366336643696 0.4309057295322418 0.0009116971050389111
v -0.021261774003505707 0.43243640661239624 0.004605149384588003
v -0.017602242529392242 0.42458435893058777 0.021016143262386322
v -0.01866145431995392 0.4240278899669647 0.020235329866409302
v -0.016185350716114044 0.4265274405479431 0.018678605556488037
v -0.017102431505918503 0.4245714545249939 0.017739994451403618
v -0.02181430533528328 0.4332815408706665 0.013047808781266212
v -0.0021462980657815933 0.46473371982574463 0.0015378681709989905
v -0.0009997263550758362 0.4642801880836487 0.0025439118035137653
v -0.003353400155901909 0.46533045172691345 0.005067865829914808
v -0.004020176827907562 0.46527233719825745 0.002509556245058775
v -0.0019192248582839966 0.4646684527397156 -0.0008300166227854788
v -0.00008501298725605011 0.4635579586029053 -0.0008910012547858059
v -0.0042009856551885605 0.4654150903224945 -0.0006095268181525171
v -0.0022209398448467255 0.4646774232387543 -0.003080097958445549
v -0.001164112240076065 0.46416643261909485 -0.004055575467646122
v -0.0042774491012096405 0.4652869701385498 -0.003531405469402671
v -0.003814907744526863 0.46545031666755676 -0.005785644520074129
v -0.0008302275091409683 0.47745710611343384 0.006983044557273388
v 0.0008393451571464539 0.4769228398799896 0.008179026655852795
v 0.0017745830118656158 0.4751068651676178 0.005638954229652882
v -0.00032631680369377136 0.4765017032623291 0.005037431605160236
v -0.0033084992319345474 0.47776710987091064 0.004939319100230932
v -0.003193045035004616 0.47893887758255005 0.007693721912801266
v -0.0013705678284168243 0.478606641292572 0.009702122770249844
v -0.0025387872010469437 0.47476252913475037 0.018114659935235977
v -0.003172393888235092 0.472031831741333 0.016918284818530083
v -0.003036290407180786 0.47407034039497375 0.015367944724857807
v -0.0021115634590387344 0.47738778591156006 0.01567975990474224
v -0.005297612398862839 0.4722858667373657 0.017037928104400635
v -0.004613351076841354 0.4733504354953766 0.015858739614486694
v -0.003384338691830635 0.4755915701389313 0.013310961425304413
v -0.003358522430062294 0.47962695360183716 0.012683951295912266
v -0.0045760273933410645 0.47411271929740906 0.014117496088147163
v -0.00296860933303833 0.477744460105896 -0.007265966851264238
v -0.002488458529114723 0.47704511880874634 -0.005426878575235605
v 0.000023098662495613098 0.47621119022369385 -0.0061782170087099075
v -0.0013483334332704544 0.47787708044052124 -0.008509297855198383
v -0.004054456949234009 0.48010244965553284 -0.01008970383554697
v -0.004743443801999092 0.47900283336639404 -0.007500714156776667
v -0.0049567390233278275 0.4784115254878998 -0.0052415006794035435
v -0.006211182102560997 0.4804043173789978 0.0069876560010015965
v -0.005526818335056305 0.48145613074302673 0.008422593586146832
v -0.004002410918474197 0.48042935132980347 0.009434766136109829
v -0.0024505574256181717 0.4794323742389679 0.011027202941477299
v -0.005702614784240723 0.48068928718566895 0.010681130923330784
v -0.00010650977492332458 0.4766652584075928 -0.009867384098470211
v -0.0028351303189992905 0.477995902299881 -0.011633704416453838
v -0.0032941829413175583 0.4757361114025116 0.01191151887178421
v -0.00801832228899002 0.4782754182815552 0.011717954650521278
v -0.005619468167424202 0.4772205352783203 0.012874978594481945
v -0.005671638995409012 0.47329339385032654 0.012319887988269329
v -0.007071422412991524 0.47118228673934937 0.011129678227007389
v -0.005871450528502464 0.47054046392440796 0.010457952506840229
v -0.004475155845284462 0.472190260887146 0.010999479331076145
v -0.004009392112493515 0.46941518783569336 0.008744821883738041
v -0.002923591062426567 0.4713108241558075 0.008484547026455402
v -0.007279956713318825 0.46927258372306824 0.02443775162100792
v -0.006165327504277229 0.4666610658168793 0.02361605316400528
v -0.0051398128271102905 0.46848264336586 0.020928164944052696
v -0.005358325317502022 0.47094377875328064 0.021337803453207016
v -0.00878131203353405 0.4680696725845337 0.023255322128534317
v -0.00797344371676445 0.4665542244911194 0.022666191682219505
v -0.007897691801190376 0.468910813331604 0.019922371953725815
v -0.008064860478043556 0.4692344069480896 -0.010752062313258648
v -0.00494309701025486 0.46839427947998047 -0.00963626429438591
v -0.006426360458135605 0.46688103675842285 -0.008820672519505024
v -0.010412521660327911 0.4674846827983856 -0.009389116428792477
v -0.00648796372115612 0.4711208641529083 0.017894092947244644
v -0.01021711714565754 0.47125449776649475 0.017728671431541443
v -0.00888085924088955 0.4726034998893738 0.01744251511991024
v -0.004017535597085953 0.4703999161720276 0.01848190650343895
v -0.004454927518963814 0.4762832820415497 0.0151906106621027
v -0.0065779052674770355 0.46766409277915955 -0.024966919794678688
v -0.005187934264540672 0.46928533911705017 -0.022400109097361565
v -0.007713528349995613 0.46871501207351685 -0.02095404453575611
v -0.008245030418038368 0.46666234731674194 -0.023846805095672607
v -0.009629298001527786 0.4679546356201172 -0.024750657379627228
v -0.007940780371427536 0.47000589966773987 -0.025660043582320213
v -0.005940631031990051 0.4714881479740143 -0.02300111949443817
v -0.010363373905420303 0.4696262776851654 -0.023004477843642235
v -0.008955750614404678 0.47034573554992676 0.021369103342294693
v -0.010515647009015083 0.47222018241882324 0.01995309442281723
v -0.005078304558992386 0.47099569439888 -0.01829478144645691
v -0.005997026339173317 0.472333699464798 -0.018602266907691956
v -0.00956033542752266 0.47104212641716003 -0.019137758761644363
v -0.00357675738632679 0.4719044864177704 -0.0195930115878582
v -0.01307409442961216 0.47066882252693176 -0.02166302129626274
v -0.008127309381961823 0.473042368888855 -0.021479612216353416
v -0.005554238334298134 0.47436243295669556 -0.020118627697229385
v -0.003923188894987106 0.4738940894603729 -0.020772660151124
v -0.008355977013707161 0.4727538526058197 -0.019700314849615097
v -0.006034990772604942 0.47347378730773926 -0.019087987020611763
v -0.0112349484115839 0.4748634994029999 -0.01985219307243824
v -0.009905071929097176 0.4737086892127991 -0.01867344044148922
v -0.010167095810174942 0.47181829810142517 -0.02412417158484459
v -0.008970469236373901 0.4698382019996643 0.00944475457072258
v -0.010293262079358101 0.4708485007286072 0.008454377762973309
v -0.011891884729266167 0.4679245948791504 0.006836382672190666
v -0.009605005383491516 0.46675822138786316 0.0067056091502308846
v -0.006478462368249893 0.4661678969860077 0.006138947326689959
v -0.005701253190636635 0.4681801199913025 0.008465604856610298
v -0.008907360956072807 0.47196993231773376 0.02289295569062233
v -0.006720874458551407 0.48014482855796814 -0.007139952853322029
v -0.008003542199730873 0.48101386427879333 -0.008130166679620743
v -0.007412288337945938 0.47979551553726196 -0.0052108485251665115
v -0.009817168116569519 0.48028630018234253 -0.005388356279581785
v -0.008669910952448845 0.4731422960758209 0.018746476620435715
v -0.01029561273753643 0.4754287302494049 0.01743408292531967
v -0.010137265548110008 0.474884033203125 0.01925625652074814
v -0.008525285869836807 0.47699278593063354 -0.01324187871068716
v -0.011368684470653534 0.4761708080768585 -0.015964407473802567
v -0.012792857363820076 0.4766119122505188 -0.013220308348536491
v -0.011071190237998962 0.47731077671051025 -0.01126954611390829
v -0.010422367602586746 0.4794355034828186 -0.009086715057492256
v -0.006603989750146866 0.479765921831131 -0.012127900496125221
v -0.005419515073299408 0.47681790590286255 -0.014438980259001255
v -0.00564178079366684 0.47519010305404663 -0.014162169769406319
v -0.008456360548734665 0.4744737446308136 -0.013547675684094429
v -0.01034235954284668 0.4733218848705292 -0.016553962603211403
v -0.010481150820851326 0.47091665863990784 0.01403903029859066
v -0.00941082276403904 0.47350287437438965 0.014480538666248322
v -0.010379970073699951 0.47641152143478394 0.01410477515310049
v -0.006220700219273567 0.47946223616600037 0.0047344001941382885
v -0.005580252036452293 0.4787891209125519 0.0021423420403152704
v -0.008290965110063553 0.4798744022846222 0.0019149540457874537
v -0.008761970326304436 0.4807547330856323 0.004691066220402718
v -0.008480023592710495 0.48150917887687683 0.007195007521659136
v -0.013626473024487495 0.4710645079612732 0.02057349681854248
v -0.013540724292397499 0.4701605439186096 0.017381642013788223
v -0.013652361929416656 0.46938493847846985 0.014468783512711525
v -0.010139606893062592 0.47619539499282837 0.0017825778340920806
v -0.009954232722520828 0.4733715355396271 0.0016052582068368793
v -0.010468630120158195 0.473450630903244 0.0042950729839503765
v -0.010733142495155334 0.4768561124801636 0.004411676898598671
v -0.010289870202541351 0.47158899903297424 0.0013481898931786418
v -0.011022668331861496 0.4701441824436188 0.0029728710651397705
v -0.011516915634274483 0.4696735143661499 0.006061124615371227
v -0.0107212383300066 0.4719482958316803 0.006981271784752607
v -0.011618562042713165 0.47094491124153137 0.011451603844761848
v -0.008368149399757385 0.471320241689682 0.011825702153146267
v -0.014306021854281425 0.47011587023735046 0.011898739263415337
v -0.011307381093502045 0.47848352789878845 -0.005628179758787155
v -0.010763930156826973 0.47480547428131104 -0.005014357622712851
v -0.01000606082379818 0.4740743041038513 -0.002556771272793412
v -0.010366175323724747 0.4768689274787903 -0.0027828484307974577
v -0.010388258844614029 0.4721618890762329 -0.0021390076726675034
v -0.010721253231167793 0.47103026509284973 -0.003606900107115507
v -0.010813293978571892 0.47010716795921326 -0.0002993841771967709
v -0.010407894849777222 0.4716150164604187 -0.0003703890834003687
v -0.009880172088742256 0.4734249413013458 -0.00042596401181071997
v -0.01001657359302044 0.4760082960128784 -0.00044353120028972626
v -0.011112987995147705 0.4749281704425812 -0.007527635898441076
v -0.011337334290146828 0.47124576568603516 -0.006487695500254631
v -0.012049924582242966 0.4687258303165436 -0.008078907616436481
v -0.012067422270774841 0.46824273467063904 -0.0060343933291733265
v -0.011135341599583626 0.47100257873535156 -0.008448024280369282
v -0.010838234797120094 0.4658219516277313 -0.0064838482066988945
v -0.012692458927631378 0.47334250807762146 0.02279273420572281
v -0.010441245511174202 0.473132461309433 0.021409595385193825
v -0.009828153997659683 0.47433871030807495 0.020879216492176056
v -0.012200536206364632 0.47539421916007996 0.021608244627714157
v -0.01243988610804081 0.4776201546192169 0.015612105838954449
v -0.011788999661803246 0.4778052568435669 0.01839294284582138
v -0.010844826698303223 0.4768203794956207 0.011855881661176682
v -0.012865833938121796 0.47686973214149475 0.013447503559291363
v -0.009818997234106064 0.47916868329048157 -0.0025920423213392496
v -0.013251032680273056 0.4725653827190399 -0.02282000333070755
v -0.01610364206135273 0.4753929376602173 -0.022160885855555534
v -0.013617930933833122 0.477131187915802 -0.019963061437010765
v -0.013223264366388321 0.47823554277420044 -0.01707238145172596
v -0.01313423179090023 0.4706107974052429 -0.013419275172054768
v -0.015339823439717293 0.4696950614452362 -0.012986846268177032
v -0.015619241632521152 0.46788567304611206 -0.015108336694538593
v -0.012401740998029709 0.4707137942314148 -0.015543273650109768
v -0.011982612311840057 0.47151830792427063 -0.011286395601928234
v -0.014814615249633789 0.4720495939254761 -0.01149722095578909
v -0.009246136993169785 0.47134917974472046 -0.013281770050525665
v -0.014574289321899414 0.4779396057128906 -0.014153989963233471
v -0.011545764282345772 0.4739609956741333 0.008530215360224247
v -0.012509873136878014 0.472629576921463 0.009847590699791908
v -0.011223508045077324 0.47638028860092163 0.008854706771671772
v -0.01115703396499157 0.4755261540412903 0.0073777372017502785
v -0.011785654351115227 0.4757629334926605 0.009877292439341545
v -0.01695917174220085 0.4673176407814026 -0.023407820612192154
v -0.01763351634144783 0.46916231513023376 -0.024077223613858223
v -0.015162083320319653 0.4702565371990204 0.024614661931991577
v -0.01544282492250204 0.46979984641075134 0.02254461497068405
v -0.017776019871234894 0.46836143732070923 0.022006725892424583
v -0.017025254666805267 0.46904072165489197 0.01956341043114662
v -0.016644049435853958 0.46840614080429077 0.016770653426647186
v -0.015357865020632744 0.46909502148628235 -0.020821042358875275
v -0.01672130823135376 0.4684634208679199 -0.022485937923192978
v -0.013711774721741676 0.46995270252227783 -0.01842436194419861
v -0.013474786654114723 0.4802955090999603 -0.01604357175529003
v -0.01534639485180378 0.48116546869277954 -0.017089659348130226
v -0.015407565981149673 0.48068952560424805 -0.01504091639071703
v -0.014120228588581085 0.48001760244369507 -0.014852008782327175
v -0.01359621062874794 0.48047327995300293 -0.018569450825452805
v -0.014733843505382538 0.47962233424186707 -0.020427273586392403
v -0.01671537011861801 0.4795987606048584 -0.01950518786907196
v -0.019658595323562622 0.46624717116355896 0.023927653208374977
v -0.016448568552732468 0.479021817445755 -0.01425293367356062
v -0.01679336279630661 0.47536173462867737 -0.01160912774503231
v -0.01399000734090805 0.47479256987571716 -0.011311493813991547
v -0.019549895077943802 0.4705427289009094 -0.022362640127539635
v -0.01607641950249672 0.4784458577632904 -0.022093458101153374
v -0.017894411459565163 0.4675122797489166 -0.02016768418252468
v -0.019579164683818817 0.4655933380126953 -0.021770209074020386
v -0.019988559186458588 0.46499311923980713 -0.02372429147362709
v -0.014370327815413475 0.4817725419998169 0.019946487620472908
v -0.012049822136759758 0.4812544584274292 0.019704395905137062
v -0.012942049652338028 0.4806657135486603 0.015908289700746536
v -0.015155798755586147 0.48066404461860657 0.017251236364245415
v -0.01587895303964615 0.479814350605011 0.02182658389210701
v -0.013953346759080887 0.4785771071910858 0.022246353328227997
v -0.016851138323545456 0.4786756634712219 0.019247131422162056
v -0.01727268099784851 0.47824934124946594 -0.016216088086366653
v -0.018509330227971077 0.47742652893066406 -0.020982181653380394
v -0.02005387470126152 0.4751455783843994 -0.02093461900949478
v -0.015640275552868843 0.4764091670513153 0.01125519722700119
v -0.018101144582033157 0.47553691267967224 0.010055655613541603
v -0.018895091488957405 0.4773673117160797 0.011509358882904053
v -0.016622468829154968 0.47908109426498413 0.01373353973031044
v -0.015159388072788715 0.47255629301071167 0.010344944894313812
v -0.017598357051610947 0.4722387194633484 0.010058808140456676
v -0.018183477222919464 0.47717174887657166 -0.012686151079833508
v -0.019970349967479706 0.47415241599082947 -0.010236610658466816
v -0.020194362848997116 0.4712624251842499 -0.009807583875954151
v -0.017512815073132515 0.47175565361976624 -0.011092614382505417
v -0.020314721390604973 0.4760803282260895 -0.011003592051565647
v -0.019941844046115875 0.46657225489616394 0.011912040412425995
v -0.01647879183292389 0.4677495062351227 0.013656959868967533
v -0.01934516429901123 0.4669644236564636 0.016089532524347305
v -0.021414414048194885 0.4672020673751831 0.015867140144109726
v -0.022526193410158157 0.4672023057937622 0.012306678108870983
v -0.019583875313401222 0.4689198434352875 0.009481542743742466
v -0.01692654937505722 0.4694450795650482 0.011195679195225239
v -0.01957802101969719 0.46599799394607544 -0.013557660393416882
v -0.018188223242759705 0.46870651841163635 -0.011807429604232311
v -0.02083546295762062 0.4683021605014801 -0.010035865008831024
v -0.02208598330616951 0.4662090241909027 -0.010658519342541695
v -0.01974840834736824 0.4656071662902832 -0.01697118766605854
v -0.016665829345583916 0.4676053524017334 -0.017752138897776604
v -0.023399149999022484 0.46760278940200806 -0.011308752931654453
v -0.022593239322304726 0.4669956564903259 -0.014125837944447994
v -0.023128315806388855 0.4652555584907532 -0.016578707844018936
v -0.018402444198727608 0.47711753845214844 -0.01852843165397644
v -0.020563140511512756 0.4659738838672638 0.02072099782526493
v -0.02200191095471382 0.46481552720069885 0.021630093455314636
v -0.022365745157003403 0.46552562713623047 0.018665919080376625
v -0.019426891580224037 0.46754640340805054 0.018952393904328346
v -0.02119971439242363 0.4643123149871826 -0.021082213148474693
v -0.021245647221803665 0.46453410387039185 -0.01920158602297306
v -0.02264341339468956 0.4632420837879181 -0.022248322144150734
v -0.023510918021202087 0.46409162878990173 -0.01938852109014988
v -0.018261246383190155 0.47680482268333435 0.020612390711903572
v -0.019213156774640083 0.475748747587204 0.02267143875360489
v -0.018134359270334244 0.47698694467544556 0.016556737944483757
v -0.02136209048330784 0.47367534041404724 0.018767137080430984
v -0.02089911513030529 0.4725075662136078 0.02152891829609871
v -0.02137235552072525 0.4682714641094208 -0.02261463925242424
v -0.020875021815299988 0.46671822667121887 -0.023811090737581253
v -0.022880053147673607 0.46556389331817627 -0.022539203986525536
v -0.02301558293402195 0.46743911504745483 -0.020672813057899475
v -0.02188701741397381 0.4715946316719055 -0.020535819232463837
v -0.020342878997325897 0.4737628102302551 -0.017084630206227303
v -0.021885113790631294 0.4729527533054352 -0.013836045749485493
v -0.02077435329556465 0.474873811006546 -0.012491385452449322
v -0.018878642469644547 0.4760398864746094 -0.014644556678831577
v -0.022496994584798813 0.4676085412502289 0.021348806098103523
v -0.021170897409319878 0.4690060019493103 0.022404469549655914
v -0.02193816378712654 0.46993041038513184 0.02044960856437683
v -0.022680971771478653 0.46817952394485474 0.01930135302245617
v -0.022651340812444687 0.46646997332572937 0.021649423986673355
v -0.02050979807972908 0.46794962882995605 0.023432599380612373
v -0.022901510819792747 0.46680396795272827 0.018842142075300217
v -0.022296300157904625 0.47081825137138367 0.01855296455323696
v -0.02167070284485817 0.47071337699890137 0.016383403912186623
v -0.021283874288201332 0.4736185073852539 0.015445705503225327
v -0.029991280287504196 0.4759055972099304 0.00207278854213655
v -0.025940846651792526 0.4759014844894409 0.005361595656722784
v -0.024346858263015747 0.4769113063812256 0.0044167316518723965
v -0.026178160682320595 0.4772456884384155 0.0014352218713611364
v -0.034040942788124084 0.4746342599391937 0.0010715173557400703
v -0.03380154073238373 0.4723435938358307 0.002958701690658927
v -0.03076721914112568 0.47306159138679504 0.004392149858176708
v -0.03088674508035183 0.47561970353126526 -0.002849652199074626
v -0.034462571144104004 0.47400444746017456 -0.0018616709858179092
v -0.027784202247858047 0.47658324241638184 -0.001879621995612979
v -0.03079986944794655 0.4670501947402954 -0.00007696936518186703
v -0.02873636782169342 0.46706122159957886 0.002663930645212531
v -0.029804041609168053 0.4674747586250305 0.003998786676675081
v -0.03215121850371361 0.46675923466682434 0.0025663375854492188
v -0.033521004021167755 0.46554121375083923 -0.0017982147401198745
v -0.031190011650323868 0.46621018648147583 -0.004799694288522005
v -0.029610348865389824 0.4669656455516815 -0.003504213411360979
v -0.028556788340210915 0.46896737813949585 -0.0033270646817982197
v -0.029212772846221924 0.4693537950515747 -0.0005835252231918275
v -0.026927702128887177 0.46999868750572205 0.002044621855020523
v -0.025940001010894775 0.47679558396339417 -0.004844512324780226
v -0.02876497432589531 0.4749663472175598 -0.006031847558915615
v -0.045451223850250244 0.46608778834342957 -0.001582179218530655
v -0.043287068605422974 0.46693935990333557 -0.0018891154322773218
v -0.043363168835639954 0.4640175402164459 -0.0020314997527748346
v -0.04619595408439636 0.4638424515724182 -0.001537776319310069
v -0.04662514477968216 0.4675414264202118 -0.001119899796321988
v -0.04362421855330467 0.46942368149757385 -0.001087681157514453
v -0.04855124652385712 0.46451547741889954 -0.0011703440686687827
v -0.049221888184547424 0.4619957506656647 -0.0008857965585775673
v -0.046717286109924316 0.46172845363616943 -0.0007667617755942047
v -0.04719969630241394 0.4620288610458374 0.0011080139083787799
v -0.049904949963092804 0.4623225927352905 0.0004926645196974277
v -0.04915957152843475 0.46505123376846313 0.0005037834052927792
v -0.046836234629154205 0.46456384658813477 0.0012227329425513744
v -0.04393124207854271 0.4622150659561157 0.0010215190704911947
v -0.044334590435028076 0.46451336145401 0.0013983392855152488
v -0.04414337873458862 0.46605533361434937 0.0013992058811709285
v -0.04548060521483421 0.4668266177177429 0.0012496961280703545
v -0.047091711312532425 0.4683065712451935 0.0006694556213915348
v -0.04276750981807709 0.468433678150177 0.0014338504988700151
v -0.04362942650914192 0.4702272415161133 0.0005071833147667348
v -0.03976139426231384 0.4695471525192261 0.0016720904968678951
v -0.04042104631662369 0.4711726903915405 0.0005257775192148983
v -0.04058351367712021 0.47046467661857605 -0.0011132423533126712
v -0.0374179407954216 0.4727557301521301 0.00071638950612396
v -0.037625305354595184 0.4720141589641571 -0.0014006218407303095
v -0.03766270726919174 0.46947917342185974 -0.0027802318800240755
v -0.04048562049865723 0.468080997467041 -0.002309666248038411
v -0.03731756657361984 0.4662202000617981 -0.0030489792115986347
v -0.040284380316734314 0.46471667289733887 -0.0025183723773807287
v -0.03684189170598984 0.46371763944625854 -0.0013143084943294525
v -0.04005628079175949 0.4619305431842804 -0.001254927716217935
v -0.04356558993458748 0.46181702613830566 -0.000981439370661974
v -0.04054786637425423 0.46256086230278015 0.0010889472905546427
v -0.0374385267496109 0.46393558382987976 0.0013159709051251411
v -0.0384724959731102 0.4661725163459778 0.001958400709554553
v -0.041423119604587555 0.46506601572036743 0.0015379961114376783
v -0.042015064507722855 0.46684885025024414 0.001614051521755755
v -0.039165664464235306 0.4679374396800995 0.002128880238160491
v -0.036312930285930634 0.46902769804000854 0.0027468677144497633
v -0.03681344911456108 0.47087812423706055 0.002096624579280615
v -0.03344426304101944 0.46997830271720886 0.003468995215371251
v -0.03065204806625843 0.47054266929626465 0.004799048416316509
v -0.027970435097813606 0.4705272912979126 0.006601299624890089
v -0.02793504297733307 0.47286519408226013 0.006398483645170927
v -0.024806616827845573 0.4712049067020416 0.009296894073486328
v -0.02472756803035736 0.47360101342201233 0.009104414843022823
v -0.023742731660604477 0.4756416082382202 0.008181976154446602
v -0.023037392646074295 0.4735284149646759 0.01217750646173954
v -0.022014062851667404 0.4758412837982178 0.011021106503903866
v -0.020755652338266373 0.47683972120285034 0.009431043639779091
v -0.022481868043541908 0.47666266560554504 0.007081885822117329
v -0.02009555697441101 0.47492730617523193 0.00863825622946024
v -0.021984737366437912 0.47471779584884644 0.006588893476873636
v -0.023938344791531563 0.4748777449131012 0.004114511888474226
v -0.025910131633281708 0.4751894772052765 0.0015248025301843882
v -0.021973248571157455 0.4720233082771301 0.006517819128930569
v -0.02409437485039234 0.4722883105278015 0.004062887746840715
v -0.026239225640892982 0.47266924381256104 0.0016946583054959774
v -0.028377965092658997 0.4720608592033386 -0.0009599504992365837
v -0.02657976932823658 0.4752979874610901 -0.0013577116187661886
v -0.024669494479894638 0.4696749448776245 0.004373431671410799
v -0.022245090454816818 0.46930739283561707 0.006927737034857273
v -0.023052949458360672 0.4673231542110443 0.007807410787791014
v -0.02540780045092106 0.4678021967411041 0.004984922241419554
v -0.02423844113945961 0.46810322999954224 0.008715452626347542
v -0.026254506781697273 0.4686472713947296 0.005909743253141642
v -0.02436111308634281 0.4696269929409027 0.008982359431684017
v -0.022754371166229248 0.46908125281333923 0.012341070920228958
v -0.02295486070215702 0.47087180614471436 0.012426287867128849
v -0.02642878144979477 0.46997809410095215 0.0062239947728812695
v -0.02181350253522396 0.4687303900718689 0.01588950678706169
v -0.01977410912513733 0.47195547819137573 0.008585029281675816
v -0.026459671556949615 0.4724254012107849 -0.003624835517257452
v -0.02568603865802288 0.4748976230621338 -0.0040441593155264854
v -0.024711543694138527 0.47177398204803467 -0.005894656293094158
v -0.024177853018045425 0.4742739796638489 -0.006383119150996208
v -0.024409422650933266 0.4761042594909668 -0.007252159994095564
v -0.02233724854886532 0.4738764762878418 -0.008502556942403316
v -0.022489449009299278 0.47578638792037964 -0.00928557850420475
v -0.023383794352412224 0.47518736124038696 -0.01066613756120205
v -0.026610996574163437 0.4745354652404785 -0.008409551344811916
v -0.024117082357406616 0.47318777441978455 -0.011644850485026836
v -0.027474295347929 0.4723329544067383 -0.009414092637598515
v -0.029910238459706306 0.47242194414138794 -0.0073898546397686005
v -0.03232913836836815 0.4721475839614868 -0.00535243097692728
v -0.027072107419371605 0.46930500864982605 -0.009243658743798733
v -0.029587239027023315 0.4692505896091461 -0.0074025304056704044
v -0.032095689326524734 0.4686645269393921 -0.0056185973808169365
v -0.03464534506201744 0.4676159620285034 -0.004003731068223715
v -0.03492574393749237 0.4710133671760559 -0.0037556218449026346
v -0.028933962807059288 0.4667966961860657 -0.006856495980173349
v -0.025514118373394012 0.4678760766983032 -0.009048644453287125
v -0.02438003569841385 0.46671244502067566 -0.00821058452129364
v -0.026497123762965202 0.4672652781009674 -0.005920598283410072
v -0.023348096758127213 0.46865031123161316 -0.007927686907351017
v -0.025564193725585938 0.46922722458839417 -0.005710070487111807
v -0.02258382923901081 0.47127866744995117 -0.007945694029331207
v -0.02387172542512417 0.4702740013599396 -0.011540919542312622
v -0.022728536278009415 0.4699718952178955 -0.014270917512476444
v -0.023120811209082603 0.46841269731521606 -0.01701856218278408
v -0.01979115605354309 0.4756304621696472 0.013653228990733624
v -0.034627240151166916 0.46552467346191406 0.0016532944282516837
v -0.01892039179801941 0.47119051218032837 0.022984672337770462
v -0.01601528376340866 0.4754641056060791 0.0229436494410038
v -0.017526699230074883 0.4703141152858734 0.023779919371008873
v -0.014547611586749554 0.4744175672531128 0.023006727918982506
v -0.013683892786502838 0.47614410519599915 0.022202111780643463
v -0.013292239978909492 0.4754568338394165 0.010808014310896397
v -0.014361465349793434 0.4787245988845825 0.013584082014858723
v -0.011983910575509071 0.4768211543560028 0.02039286494255066
v -0.01038149744272232 0.4788520038127899 0.0017192430095747113
v -0.011397330090403557 0.47991621494293213 0.004627668298780918
v -0.00756385363638401 0.4791423976421356 -0.00043709937017410994
v -0.009445492178201675 0.4782582223415375 -0.0004443498619366437
v -0.007437415421009064 0.4793395400047302 -0.002754605608060956
v -0.004854530096054077 0.47835373878479004 -0.00036896145320497453
v -0.00474647618830204 0.47817376255989075 -0.002804845804348588
v -0.0017489083111286163 0.47677457332611084 -0.0003761725383810699
v -0.0018224436789751053 0.4766448438167572 -0.002980844583362341
v 0.001689266413450241 0.47567155957221985 -0.00044170310138724744
v 0.0012175533920526505 0.47551941871643066 -0.0034251732286065817
v 0.004307635128498077 0.4742007255554199 -0.00047721146256662905
v 0.0033673495054244995 0.4741525948047638 -0.003987530246376991
v 0.0017201416194438934 0.47490596771240234 -0.007094583939760923
v 0.002482965588569641 0.4711085855960846 -0.0040201107040047646
v 0.0005713365972042084 0.4722060561180115 -0.00708825932815671
v -0.0015691183507442474 0.4738164246082306 -0.00966025609523058
v -0.003730364143848419 0.4749907851219177 -0.011772922240197659
v -0.00072520412504673 0.46929916739463806 -0.00740607688203454
v -0.0034640897065401077 0.47050151228904724 -0.009756002575159073
v -0.005907241255044937 0.4711988568305969 -0.012350120581686497
v 0.00162477046251297 0.46825629472732544 -0.0043794503435492516
v -0.0013722088187932968 0.46716076135635376 -0.008153323084115982
v 0.0014086589217185974 0.4661908447742462 -0.005035002715885639
v 0.0009175408631563187 0.4639461636543274 -0.005516320466995239
v -0.0025915205478668213 0.465573787689209 -0.008043903857469559
v -0.007306655868887901 0.46588432788848877 -0.006446943152695894
v -0.007333774119615555 0.4655405282974243 -0.003548938548192382
v -0.010290756821632385 0.4655689597129822 -0.00323864514939487
v -0.006975097581744194 0.46556079387664795 -0.0003334381035529077
v -0.00952170416712761 0.46595245599746704 -0.00006321554974419996
v -0.010843468829989433 0.4676719009876251 -0.00012915534898638725
v -0.01147913932800293 0.4676917493343353 -0.0031430774834007025
v -0.009478114545345306 0.4663843810558319 0.0031850491650402546
v -0.011580491438508034 0.46745797991752625 0.003079762915149331
v -0.0067581236362457275 0.4659538269042969 0.0030174031853675842
v 0.0023796185851097107 0.46584394574165344 -0.0008271948317997158
v 0.0017699524760246277 0.46391916275024414 -0.0009126332006417215
v 0.0015145465731620789 0.46643900871276855 0.003403895767405629
v 0.0010100174695253372 0.4643491804599762 0.0037090007681399584
v -0.0011521093547344208 0.4678505063056946 0.0065451981499791145
v -0.0020278524607419968 0.4660292863845825 0.00681174173951149
v -0.0006008334457874298 0.46987012028694153 0.0059376247227191925
v 0.0016085579991340637 0.4685404300689697 0.00295032886788249
v 0.0024127215147018433 0.4712080657482147 0.0028197402134537697
v 0.0005530063062906265 0.4724218249320984 0.005694160237908363
v -0.0009129811078310013 0.47401461005210876 0.008438213728368282
v -0.002627110108733177 0.47531846165657043 0.010417911224067211
v 0.0031664296984672546 0.47432005405426025 0.0028813076205551624
v 0.0007630046457052231 0.47582876682281494 0.0024537642020732164
v 0.0036456286907196045 0.470750093460083 -0.0005616067792288959
v 0.0028158649802207947 0.467879980802536 -0.0006939517334103584
v -0.002540426328778267 0.4771043360233307 0.00229156413115561
v -0.00452398881316185 0.4755397439002991 -0.014240742661058903
v -0.004173580557107925 0.47815489768981934 -0.01433670986443758
v -0.004953140392899513 0.4733186364173889 -0.014336016960442066
v -0.0033506304025650024 0.4746546745300293 -0.01696511171758175
v -0.0026900675147771835 0.4770081341266632 -0.018059315159916878
v -0.004552915692329407 0.47328171133995056 -0.0164053812623024
v -0.005727857351303101 0.47388792037963867 -0.014103745110332966
v -0.005217000842094421 0.4734995663166046 -0.016434015706181526
v -0.005215175449848175 0.4748140573501587 -0.016869086772203445
v -0.004882087931036949 0.4762476980686188 -0.017633000388741493
v -0.011664526537060738 0.4743214249610901 -0.00942432414740324
v -0.009429635480046272 0.47913601994514465 0.009763061068952084
v -0.007121076807379723 0.47270992398262024 0.01967228576540947
v -0.007979299873113632 0.4739314317703247 0.012414914555847645
v -0.0054411012679338455 0.4736476540565491 0.018605533987283707
v -0.004592046141624451 0.47498995065689087 0.01736362837255001
v -0.0038082171231508255 0.4727238416671753 0.019627245143055916
v -0.0107598677277565 0.470147043466568 -0.010145465843379498
v -0.009660348296165466 0.46999844908714294 -0.011421156115829945
v -0.035637520253658295 0.4673362970352173 0.002523871138691902
v -0.03293637931346893 0.46823379397392273 0.0033532464876770973
v -0.030266255140304565 0.4688546061515808 0.004515453707426786
v -0.011406200006604195 0.4764510691165924 0.010967344045639038
v -0.013066209852695465 0.47640368342399597 0.012109119445085526
v -0.01448142807930708 0.47724100947380066 0.012381522916257381
v -0.010688567534089088 0.4774094521999359 0.009164196439087391
v -0.010291088372468948 0.4797625243663788 0.007445520255714655
v -0.010921450331807137 0.47759824991226196 0.0071934605948626995
v -0.0066036656498909 0.4698343873023987 0.009760248474776745
v -0.007509412243962288 0.4701750874519348 0.010197087191045284
v -0.007339607924222946 0.4816928505897522 0.009210632182657719
vn 0.05497513711452484 0.6030524969100952 0.7958049178123474
vn 0.22611086070537567 0.02239903435111046 0.973844051361084
vn 0.4861985445022583 0.8454943299293518 0.22079460322856903
vn 0.08012384176254272 0.9877203702926636 0.13412190973758698
vn -0.7900363206863403 -0.20491188764572144 0.5778007507324219
vn -0.47216135263442993 -0.6069929599761963 0.6392363905906677
vn -0.7822335362434387 0.513756513595581 0.35237056016921997
vn -0.8310553431510925 -0.5435948371887207 0.11769237369298935
vn 0.5259669423103333 -0.7959417104721069 0.2997259199619293
vn 0.4676955044269562 -0.010458474047482014 0.883827805519104
vn -0.39193955063819885 -0.7135766744613647 0.5806821584701538
vn -0.29464736580848694 -0.9254761338233948 -0.23806919157505035
vn 0.8502312898635864 -0.5248767137527466 0.04013814777135849
vn 0.8793189525604248 0.1636551469564438 0.44723057746887207
vn 0.22119832038879395 -0.8687586188316345 -0.44309112429618835
vn 0.8028811812400818 0.33405089378356934 0.4937528967857361
vn -0.02023194544017315 0.9643661975860596 0.263796329498291
vn -0.6503621935844421 0.6612509489059448 -0.3738666772842407
vn -0.01407606527209282 0.6412773728370667 -0.7671800255775452
vn 0.431649774312973 0.826483428478241 -0.36139100790023804
vn 0.004569997079670429 -0.28054502606391907 -0.9598299860954285
vn -0.2038436233997345 -0.8871123790740967 -0.41410064697265625
vn -0.06756062805652618 -0.8429892659187317 -0.5336709022521973
vn 0.6357371807098389 0.05819602310657501 -0.7697087526321411
vn -0.7488960027694702 0.022718582302331924 -0.6622980833053589
vn -0.16920502483844757 -0.8053491115570068 -0.5681396126747131
vn -0.7354066371917725 0.5040714144706726 0.4528677761554718
vn 0.5460386276245117 0.823487401008606 -0.15398144721984863
vn -0.4953782856464386 0.8398722410202026 0.22184479236602783
vn 0.9259185194969177 0.20711921155452728 -0.31587401032447815
vn 0.21372638642787933 -0.5665745139122009 0.7958105206489563
vn -0.15570446848869324 -0.9518372416496277 0.2641249895095825
vn -0.7685545682907104 -0.3343813121318817 0.545447587966919
vn -0.23701980710029602 -0.10307985544204712 0.9660208225250244
vn 0.4276886284351349 -0.5042387247085571 0.7502171397209167
vn 0.7261243462562561 -0.4668690264225006 0.5047541856765747
vn 0.9004486799240112 -0.3575902581214905 0.24763137102127075
vn 0.7437723875045776 -0.6286182999610901 0.22724804282188416
vn 0.19688680768013 0.8108358979225159 0.5511630773544312
vn 0.8693517446517944 0.20988577604293823 0.44740980863571167
vn 0.8560047149658203 0.4130406975746155 0.3108912408351898
vn 0.14528310298919678 0.9884236454963684 0.04372197389602661
vn 0.1762881875038147 0.1622045487165451 0.9708821773529053
vn -0.27522653341293335 0.10672527551651001 0.9554370641708374
vn -0.0657598227262497 0.6349111199378967 0.7697815299034119
vn 0.09401801228523254 0.5902373194694519 0.8017359972000122
vn 0.18212513625621796 0.03631201386451721 0.9826046824455261
vn 0.8589515686035156 0.17961615324020386 0.47952064871788025
vn 0.4741552770137787 -0.6889277100563049 0.5482292771339417
vn 0.01207702700048685 0.4396341145038605 0.8980957269668579
vn 0.5536496639251709 0.6959739923477173 0.45726609230041504
vn 0.1460944265127182 0.5039778351783752 0.8512712121009827
vn 0.4427677392959595 -0.7689409852027893 -0.4611794352531433
vn -0.5243368744850159 -0.8438697457313538 0.11381834745407104
vn -0.5797712206840515 -0.7762739658355713 0.24751593172550201
vn -0.4251329302787781 -0.8577969074249268 0.28887078166007996
vn -0.45578187704086304 -0.3870811462402344 0.8015179634094238
vn 0.031596969813108444 -0.19037885963916779 0.9812020659446716
vn -0.3071897029876709 -0.28709936141967773 0.9073083400726318
vn 0.0281009990721941 -0.3242560625076294 0.945551872253418
vn -0.7233598232269287 -0.6129148602485657 -0.31794020533561707
vn -0.7317931652069092 -0.6370984315872192 0.24204213917255402
vn -0.4704900085926056 0.36681610345840454 0.8025490641593933
vn -0.5077205896377563 0.49920445680618286 0.7021499872207642
vn -0.25678083300590515 0.8428808450698853 0.47287997603416443
vn -0.6139728426933289 0.24417059123516083 0.7506118416786194
vn -0.8805376291275024 -0.06590531021356583 0.4693717956542969
vn -0.7131661176681519 0.7007375359535217 -0.019004054367542267
vn -0.5422490239143372 0.8135128617286682 0.2101496458053589
vn -0.31218603253364563 0.8839333653450012 0.3481402099132538
vn -0.5516350269317627 0.1762768030166626 0.8152455687522888
vn -0.19469484686851501 -0.7879337072372437 0.5841697454452515
vn 0.11522425711154938 0.9933332800865173 0.0035277516581118107
vn -0.561678946018219 0.8267021775245667 -0.03286668285727501
vn -0.02710086479783058 0.9576907753944397 -0.28652045130729675
vn 0.008950870484113693 0.9634144902229309 -0.26786619424819946
vn -0.5642943978309631 0.7578626871109009 -0.32743868231773376
vn -0.5779963135719299 0.7950783371925354 -0.18376801908016205
vn 0.9513689875602722 0.1772409826517105 0.25195765495300293
vn 0.2785743176937103 0.9436119198799133 -0.1788654774427414
vn -0.33268219232559204 0.8764121532440186 -0.34817272424697876
vn -0.13942267000675201 0.9390496611595154 -0.31424030661582947
vn 0.04077881574630737 0.937153160572052 -0.3465270698070526
vn 0.13621285557746887 0.9889296293258667 -0.058857887983322144
vn -0.5077204704284668 -0.8024170994758606 -0.3136027455329895
vn -0.4252631962299347 -0.5992537140846252 -0.6782670021057129
vn -0.5821430683135986 -0.5161207914352417 -0.6282745003700256
vn -0.3550112247467041 -0.7947170734405518 -0.4923330843448639
vn -0.27728691697120667 -0.7409666776657104 -0.611621081829071
vn -0.17793402075767517 0.7975003719329834 -0.5764830112457275
vn -0.2465818226337433 0.77084881067276 -0.5873579978942871
vn -0.2088065892457962 0.8582038879394531 -0.4689199924468994
vn -0.4092857837677002 -0.8269891142845154 -0.3854530155658722
vn -0.35448333621025085 -0.017855452373623848 -0.9348918199539185
vn -0.4603514075279236 0.1817307025194168 -0.8689364790916443
vn 0.9275139570236206 0.3682565987110138 0.0640694797039032
vn 0.782177746295929 0.6230548620223999 -0.0007615566719323397
vn -0.0221603624522686 0.9491565227508545 -0.31402361392974854
vn -0.8203530311584473 0.4409838616847992 -0.364080011844635
vn -0.43566060066223145 0.36649614572525024 -0.822119414806366
vn -0.2028861790895462 0.4805738031864166 -0.8531623482704163
vn -0.6529969573020935 -0.7572861909866333 -0.010618179105222225
vn -0.4534415304660797 -0.8798059225082397 0.14259174466133118
vn -0.7834275960922241 -0.3861955404281616 0.48692330718040466
vn -0.9656029343605042 -0.10616737604141235 0.23735910654067993
vn -0.8291510343551636 -0.5003054738044739 -0.2494051307439804
vn -0.07594745606184006 -0.995637059211731 -0.05421261116862297
vn 0.3318336009979248 -0.9431873559951782 -0.016854487359523773
vn 0.27405551075935364 -0.954171359539032 -0.12021061033010483
vn -0.7685386538505554 0.4656476080417633 0.4387718141078949
vn -0.7152294516563416 0.6919061541557312 0.09855295717716217
vn -0.8805661797523499 0.37183940410614014 -0.2938344180583954
vn -0.4309859871864319 0.66249680519104 0.6126574277877808
vn -0.7531993985176086 0.5436115860939026 0.3703742027282715
vn 0.2256045788526535 0.9580902457237244 0.17653828859329224
vn 0.3637557029724121 0.8742071390151978 0.3216265141963959
vn -0.32866910099983215 0.2374722957611084 0.9141026139259338
vn -0.8834759593009949 0.2349666953086853 0.40529125928878784
vn -0.21056638658046722 0.8438059687614441 0.49361246824264526
vn -0.15179410576820374 0.45719587802886963 0.8763163685798645
vn -0.4324614107608795 0.7960121631622314 0.42348748445510864
vn -0.2722610831260681 0.8735304474830627 0.40350744128227234
vn 0.374081015586853 0.870394229888916 0.3201206922531128
vn -0.27074167132377625 -0.784201979637146 0.5583245158195496
vn -0.7317336797714233 -0.5926076173782349 0.33672237396240234
vn -0.8888072371482849 -0.030256949365139008 0.45728132128715515
vn -0.5125405788421631 0.02633698098361492 0.8582590818405151
vn -0.20126576721668243 -0.1571926325559616 0.9668415188789368
vn -0.3224314749240875 -0.7042294144630432 0.632533848285675
vn -0.29822760820388794 -0.8399444818496704 0.45338016748428345
vn -0.012470572255551815 -0.9496909976005554 0.31294015049934387
vn 0.5159897208213806 -0.8451225757598877 -0.13972251117229462
vn 0.30142563581466675 -0.9198160171508789 -0.25115931034088135
vn 0.6266664862632751 -0.7673824429512024 -0.13569602370262146
vn -0.3257046937942505 0.22522702813148499 0.9182533621788025
vn -0.04725050553679466 0.5243602395057678 0.850184440612793
vn -0.03426768630743027 0.6008321642875671 0.7986403703689575
vn -0.5498688220977783 0.17992424964904785 0.8156418204307556
vn -0.3353971242904663 -0.06578368693590164 0.9397773146629333
vn -0.14573600888252258 0.4937426745891571 0.8573091626167297
vn -0.4796585440635681 -0.1558307707309723 0.863507091999054
vn -0.4226004481315613 -0.1611449122428894 0.8918750882148743
vn -0.528270423412323 -0.6420666575431824 0.5555905699729919
vn -0.4976789951324463 0.5614402890205383 0.6611356139183044
vn 0.08586057275533676 0.679320216178894 0.7288017272949219
vn 0.2994639277458191 0.6993931531906128 0.6489766240119934
vn 0.2951016426086426 -0.4399920701980591 0.8481284976005554
vn 0.3197147846221924 0.9416865706443787 0.1049232929944992
vn -0.3586914539337158 0.9330724477767944 -0.026765525341033936
vn 0.978042721748352 0.1671479344367981 -0.12447457760572433
vn 0.9565867185592651 0.19615592062473297 -0.21555674076080322
vn 0.2599346339702606 0.8188243508338928 -0.511820912361145
vn 0.8322494029998779 0.15509246289730072 -0.5322661399841309
vn 0.9530602693557739 -0.21383745968341827 -0.21435895562171936
vn 0.8688225150108337 -0.4060722589492798 -0.2832888662815094
vn 0.695076584815979 0.3118152916431427 -0.647796094417572
vn 0.004780248738825321 0.7840736508369446 -0.6206494569778442
vn -0.2754144072532654 0.95607990026474 0.10028999298810959
vn 0.002923086052760482 0.8039096593856812 -0.5947442650794983
vn 0.049146924167871475 0.9846667647361755 -0.16737939417362213
vn -0.7380198836326599 -0.6727989315986633 0.05165543034672737
vn -0.5824005007743835 -0.8039466738700867 -0.12032945454120636
vn -0.3582119941711426 -0.49820804595947266 -0.7896029353141785
vn -0.2547816336154938 -0.9647872447967529 -0.06536053121089935
vn -0.2134561687707901 -0.8815262913703918 0.4211268126964569
vn 0.9122576117515564 -0.2908704876899719 -0.2884102165699005
vn 0.5089684724807739 -0.7606131434440613 -0.4030119776725769
vn 0.9361063241958618 -0.2284914255142212 -0.26738861203193665
vn 0.1364288181066513 -0.9021232724189758 -0.4093419015407562
vn 0.46740901470184326 -0.8364049792289734 -0.2862786054611206
vn 0.8477651476860046 -0.011103113181889057 -0.5302554965019226
vn -0.5300343036651611 -0.5850806832313538 -0.6137948632240295
vn -0.7732558846473694 -0.6135113835334778 0.16024696826934814
vn 0.6507976055145264 -0.7476108074188232 -0.13244034349918365
vn -0.06241201236844063 -0.4412684738636017 -0.8952021598815918
vn -0.04420191049575806 -0.9768587946891785 0.20926792919635773
vn -0.27320796251296997 -0.9473646879196167 0.166905477643013
vn -0.18395483493804932 -0.9461991190910339 0.2662104070186615
vn -0.5576378107070923 -0.805971086025238 -0.1986221820116043
vn -0.12566281855106354 -0.9891265034675598 -0.07640427350997925
vn 0.23196397721767426 -0.30756354331970215 -0.9228202700614929
vn -0.7249054908752441 0.6874741315841675 -0.04348936676979065
vn -0.4242919981479645 0.8932787179946899 0.14842301607131958
vn -0.5427656173706055 0.8395305275917053 -0.024371718987822533
vn -0.8353079557418823 0.45557811856269836 -0.3077484667301178
vn -0.6015093922615051 0.4175431728363037 -0.6810610890388489
vn -0.4620573818683624 0.8187652230262756 -0.3407733738422394
vn 0.05276942625641823 0.6537356376647949 -0.7548807263374329
vn -0.5542232990264893 0.37366726994514465 -0.7437803745269775
vn -0.08905207365751266 0.18175841867923737 -0.9793025851249695
vn 0.2028835415840149 0.2712603509426117 -0.9408804774284363
vn -0.5600602626800537 0.6869102120399475 -0.4631272554397583
vn 0.15642718970775604 0.6962174773216248 -0.7005795240402222
vn 0.17008502781391144 0.9799497723579407 -0.10377685725688934
vn 0.13926059007644653 0.9585998058319092 0.24838052690029144
vn -0.14741896092891693 0.6663739681243896 -0.7308989763259888
vn 0.8694801330566406 0.16690361499786377 -0.4649166166782379
vn 0.108057402074337 0.8437814712524414 -0.5256960988044739
vn -0.9234708547592163 0.38338974118232727 -0.01462598703801632
vn -0.8631716966629028 0.09036029875278473 -0.49675917625427246
vn -0.2895514965057373 0.01810150034725666 -0.9569911956787109
vn -0.05505115166306496 0.4270644187927246 -0.902543842792511
vn 0.03743037208914757 -0.996244490146637 0.07807675004005432
vn 0.9134093523025513 0.2923300564289093 -0.2832428812980652
vn 0.1482354700565338 0.32804325222969055 -0.932959794998169
vn 0.14986157417297363 0.9381266832351685 -0.312185674905777
vn 0.48323264718055725 0.4230474531650543 -0.7664967179298401
vn -0.8083764314651489 0.196569561958313 -0.5548763871192932
vn -0.7798882722854614 -0.5881055593490601 -0.2142573893070221
vn -0.16962295770645142 -0.9436947107315063 -0.28402185440063477
vn -0.66890949010849 -0.23028096556663513 -0.7067749500274658
vn -0.4189380705356598 0.7638903260231018 -0.49087923765182495
vn -0.31770768761634827 -0.3884018361568451 0.8649888634681702
vn -0.5368069410324097 -0.6097955107688904 0.5830846428871155
vn -0.7838205099105835 0.28497907519340515 0.5517356991767883
vn 0.28846439719200134 0.6235682368278503 0.7266024351119995
vn 0.15606772899627686 -0.985322117805481 0.0691608116030693
vn 0.4538413882255554 -0.8898272514343262 0.04727892205119133
vn -0.1017032042145729 -0.7503586411476135 0.6531602740287781
vn 0.07581765949726105 0.988523006439209 -0.13066688179969788
vn 0.5000921487808228 0.8165313601493835 -0.28841692209243774
vn 0.30511823296546936 0.8441600799560547 -0.4407907724380493
vn -0.2033572643995285 0.9266870021820068 -0.3160648047924042
vn 0.19395802915096283 0.9711214303970337 0.13893666863441467
vn 0.7611157298088074 0.39882978796958923 0.5115051865577698
vn 0.3277952969074249 -0.7082245945930481 0.6252744793891907
vn -0.7485177516937256 0.2657516896724701 -0.6075336933135986
vn -0.8950096368789673 0.2808091342449188 -0.34656020998954773
vn -0.45009517669677734 -0.7129186987876892 -0.5377373099327087
vn -0.7491928339004517 -0.6523374319076538 -0.11474352329969406
vn -0.2895768880844116 -0.9419100284576416 0.17014911770820618
vn 0.9146662950515747 -0.3321520984172821 0.23034895956516266
vn 0.9527467489242554 -0.2231840342283249 0.20606455206871033
vn -0.3374963104724884 -0.7901561856269836 -0.5116145014762878
vn -0.29106980562210083 -0.7774173021316528 -0.5575847029685974
vn 0.15403561294078827 -0.7224252820014954 -0.6740732789039612
vn 0.07647379487752914 -0.1583338975906372 -0.9844196438789368
vn -0.23154638707637787 0.7090103626251221 -0.6661010384559631
vn -0.5271693468093872 0.5207449793815613 -0.6715037226676941
vn -0.202647864818573 0.7427157759666443 -0.6382062435150146
vn 0.39500266313552856 0.8710252046585083 -0.2920410633087158
vn 0.08252405375242233 0.6651809215545654 -0.7421079277992249
vn -0.2145664244890213 -0.8934596180915833 -0.3945770263671875
vn -0.39138996601104736 -0.8322262167930603 -0.3927001357078552
vn -0.3122444450855255 -0.5350647568702698 -0.7849898338317871
vn -0.4020872414112091 -0.16228914260864258 -0.9011038541793823
vn -0.05223117768764496 -0.9746659398078918 -0.2174813449382782
vn -0.3510582447052002 -0.8788347244262695 -0.3231217563152313
vn 0.6660181879997253 -0.7284343242645264 0.16063392162322998
vn 0.5976743698120117 -0.8016173243522644 0.013966700062155724
vn -0.8915795683860779 -0.035753510892391205 -0.45145073533058167
vn -0.6828967332839966 -0.7267125248908997 -0.07443737983703613
vn 0.5284497737884521 -0.7942377328872681 0.2998788058757782
vn 0.21025429666042328 0.9178741574287415 0.33660072088241577
vn 0.378415048122406 0.8467890620231628 0.3738318979740143
vn 0.44120076298713684 0.8520320653915405 0.28175053000450134
vn -0.5548024773597717 0.6754413843154907 0.4857705533504486
vn 0.3420649468898773 0.643714427947998 -0.6845606565475464
vn -0.3433810770511627 -0.7137342095375061 0.6104695200920105
vn -0.28666138648986816 -0.8375419974327087 0.46513301134109497
vn -0.2665655314922333 -0.8344386219978333 0.48234325647354126
vn -0.28096893429756165 -0.7556472420692444 0.5916532874107361
vn -0.36165010929107666 -0.8037218451499939 -0.4724830985069275
vn -0.38505733013153076 -0.8313512206077576 -0.4007316827774048
vn -0.38362008333206177 -0.8373334407806396 -0.38949763774871826
vn -0.32953348755836487 -0.8208326101303101 -0.46652060747146606
vn -0.20479270815849304 -0.9069662690162659 -0.3680652976036072
vn -0.39880359172821045 -0.8581141829490662 -0.32341256737709045
vn -0.4169771075248718 -0.8255181908607483 -0.38032838702201843
vn -0.4757533669471741 -0.3044143617153168 -0.8252214789390564
vn -0.34506893157958984 0.26182836294174194 -0.9013175368309021
vn -0.17799857258796692 0.17431099712848663 -0.9684690833091736
vn -0.20927086472511292 0.591859757900238 -0.778400719165802
vn -0.6113395094871521 0.18343910574913025 -0.7698143124580383
vn -0.9507806897163391 0.14301486313343048 -0.2748868763446808
vn -0.8780261874198914 0.47537344694137573 -0.055590566247701645
vn -0.9913326501846313 0.12481853365898132 -0.04098515585064888
vn -0.9987354874610901 0.03634535148739815 -0.03473367169499397
vn -0.7408854961395264 -0.6663769483566284 0.08384740352630615
vn -0.9802585244178772 0.15274479985237122 0.12554775178432465
vn -0.9860681295394897 0.07321305572986603 0.14936357736587524
vn -0.7856135964393616 -0.614596426486969 0.07129249721765518
vn 0.23931896686553955 -0.9658039212226868 -0.0997462272644043
vn 0.3139483332633972 -0.9158009886741638 0.2504895329475403
vn 0.8795309066772461 -0.3604528605937958 0.31064286828041077
vn 0.8047142624855042 -0.3671953082084656 0.46647873520851135
vn 0.8765352368354797 -0.39940962195396423 -0.2686222195625305
vn 0.9614803194999695 0.03779645636677742 -0.27226269245147705
vn 0.9972284436225891 0.044367458671331406 0.05972231552004814
vn 0.8036181330680847 -0.3218887150287628 -0.5005851984024048
vn 0.8986719250679016 -0.11484970897436142 -0.4233182966709137
vn 0.9404851794242859 0.22917383909225464 -0.2509320378303528
vn 0.8910287618637085 0.41780808568000793 -0.17749366164207458
vn 0.8642123937606812 -0.3249930143356323 -0.3840786814689636
vn 0.8996279239654541 -0.24222099781036377 -0.36331602931022644
vn 0.9646807312965393 0.14951877295970917 -0.21687619388103485
vn 0.18048906326293945 0.9826972484588623 0.041592054069042206
vn -0.07082486897706985 0.9910725951194763 -0.11295519769191742
vn 0.8463650941848755 0.5324249267578125 0.013774680905044079
vn 0.9218732714653015 -0.10440404713153839 0.37316131591796875
vn 0.9328391551971436 -0.2069069892168045 0.29495885968208313
vn 0.90272456407547 -0.29574885964393616 0.3124435245990753
vn -0.8098682165145874 0.5790159106254578 0.09409530460834503
vn -0.13237439095973969 0.4785967171192169 -0.8679989576339722
vn 0.1502995789051056 0.8856422305107117 -0.43937212228775024
vn 0.30901339650154114 0.8926129937171936 -0.32825711369514465
vn 0.25639528036117554 0.9499818682670593 0.17831377685070038
vn 0.5974388718605042 -0.7904950976371765 0.13484947383403778
vn 0.11101141571998596 -0.9777532815933228 0.17797468602657318
vn 0.34645387530326843 0.9242315292358398 -0.1605171263217926
vn 0.5254703760147095 0.8455241918563843 -0.09470827877521515
vn 0.26824769377708435 0.9108830690383911 0.31358444690704346
vn 0.26266899704933167 0.8278804421424866 0.4955996870994568
vn 0.021076006814837456 0.8394979238510132 0.5429539680480957
vn -0.07912421971559525 0.928297758102417 0.36332187056541443
vn -0.0016644836869090796 0.9221600294113159 -0.38680484890937805
vn -0.22923040390014648 0.9733641147613525 0.00397369684651494
vn 0.3953397572040558 -0.03306034579873085 -0.9179398417472839
vn 0.603859007358551 0.15402500331401825 -0.782068133354187
vn 0.3318442702293396 0.8281122446060181 -0.45178455114364624
vn 0.40933388471603394 -0.7748066782951355 -0.481788694858551
vn 0.5986608862876892 -0.6180972456932068 -0.5094712972640991
vn 0.7792937755584717 -0.382146954536438 -0.49665364623069763
vn 0.7700203657150269 -0.01785670407116413 -0.6377692818641663
vn 0.4024970233440399 -0.863487184047699 -0.3039504885673523
vn 0.37954193353652954 -0.9114283919334412 -0.15889032185077667
vn 0.32592323422431946 -0.9336331486701965 -0.14867162704467773
vn 0.8154323101043701 -0.4582202434539795 -0.35370102524757385
vn -0.4221172630786896 -0.8161093592643738 0.39469292759895325
vn -0.6342342495918274 -0.6645579934120178 0.3951070010662079
vn -0.7765930891036987 -0.04848894476890564 0.6281338334083557
vn -0.817611813545227 -0.026620831340551376 0.5751540660858154
vn -0.5685848593711853 0.5856308341026306 0.5777090787887573
vn -0.6248619556427002 0.6525430083274841 0.42864346504211426
vn -0.06228620558977127 0.9681828022003174 0.24236857891082764
vn -0.06995280832052231 0.9800607562065125 0.18597696721553802
vn -0.2552824318408966 0.9568869471549988 0.13855792582035065
vn -0.26939478516578674 0.9630261659622192 0.002681243233382702
vn 0.5602782964706421 0.8190767168998718 -0.12329467386007309
vn 0.7702389359474182 0.6032238602638245 -0.2070094645023346
vn 0.7016185522079468 0.712235689163208 0.02125094085931778
vn 0.5747956037521362 0.8163788318634033 0.0559953898191452
vn -0.2709389925003052 0.9516236186027527 -0.14492954313755035
vn 0.9882862567901611 -0.02309168316423893 -0.15085391700267792
vn 0.9934431910514832 -0.046539556235075 0.10442553460597992
vn 0.9332119822502136 -0.06875748187303543 0.3526863753795624
vn 0.8006131052970886 -0.026727208867669106 0.5985851883888245
vn 0.7747721076011658 0.5687450766563416 0.2761472761631012
vn 0.850041389465332 -0.5113344192504883 0.12635943293571472
vn 0.7155309915542603 -0.6066796779632568 0.34634554386138916
vn 0.5766118764877319 -0.7473680377006531 0.3300907611846924
vn 0.24654623866081238 -0.94394850730896 0.21949073672294617
vn 0.6087782979011536 -0.4345833957195282 0.6637216806411743
vn 0.1186765804886818 -0.9928711652755737 0.011077607981860638
vn -0.2575097382068634 -0.9114708304405212 -0.32079535722732544
vn -0.7186363339424133 -0.4885815680027008 -0.4948229491710663
vn -0.7438510656356812 -0.044952910393476486 -0.6668319702148438
vn -0.6838914752006531 0.5364783406257629 -0.4944525957107544
vn -0.41177091002464294 0.7970430254936218 -0.44177743792533875
vn -0.08303448557853699 0.9872159957885742 -0.13605064153671265
vn 0.04168018326163292 0.9991273880004883 -0.0026651062071323395
vn -0.2102648913860321 0.9769744277000427 -0.03618982806801796
vn 0.5358075499534607 0.7010373473167419 0.4705921411514282
vn -0.1932419091463089 0.9441883563995361 -0.2667693495750427
vn -0.8623746037483215 0.28863969445228577 -0.41592922806739807
vn 0.8902125954627991 -0.41485440731048584 -0.1881946474313736
vn 0.91423499584198 -0.0019415838178247213 -0.4051799178123474
vn 0.5830366015434265 0.7595435380935669 -0.28837794065475464
vn -0.01837852969765663 0.990662693977356 0.1350906491279602
vn -0.5156592726707458 0.6477158069610596 0.560856282711029
vn -0.6781242489814758 -0.13232386112213135 0.7229369282722473
vn 0.0030725838150829077 -0.9828311204910278 0.18448197841644287
vn 0.17746227979660034 -0.9317073822021484 -0.31690457463264465
vn 0.4020054042339325 0.004875051788985729 -0.9156243205070496
vn 0.8805548548698425 0.02162349596619606 -0.47345080971717834
vn 0.8984506130218506 0.07165049016475677 -0.43318915367126465
vn -0.6719739437103271 -0.736312210559845 -0.07934309542179108
vn -0.8106403350830078 0.31123754382133484 -0.49597713351249695
vn -0.6854085326194763 0.20308825373649597 0.6992641687393188
vn -0.998045802116394 -0.06116857752203941 -0.012764674611389637
vn -0.9585870504379272 0.2834613025188446 -0.02757708914577961
vn -0.07081703096628189 0.8017081022262573 0.5935057401657104
vn 0.8732143640518188 0.06079034507274628 0.4835300147533417
vn 0.8038500547409058 -0.5147043466567993 0.29816871881484985
vn 0.8205663561820984 -0.5402964353561401 0.18641561269760132
vn -0.3035333454608917 -0.9457604289054871 -0.11577910929918289
vn -0.8866521120071411 -0.21630163490772247 0.408731609582901
vn -0.6439045071601868 -0.7438350319862366 0.17915482819080353
vn -0.8579099774360657 -0.4001944661140442 0.3222340941429138
vn -0.6816779971122742 -0.7202460169792175 0.1286887526512146
vn 0.6353928446769714 0.3437218964099884 -0.6914703845977783
vn 0.9034095406532288 0.2859189510345459 -0.3195333778858185
vn 0.8366819024085999 0.20139773190021515 -0.5093156099319458
vn 0.6268305778503418 0.3478899300098419 -0.6971771717071533
vn 0.7320894598960876 0.20715965330600739 -0.6489452123641968
vn 0.7658930420875549 0.22136373817920685 -0.603660523891449
vn 0.796154797077179 0.3313133418560028 -0.5063287615776062
vn 0.7038411498069763 0.2870583236217499 0.6497731804847717
vn 0.7134047746658325 0.20218780636787415 0.6709499359130859
vn 0.87989342212677 0.06481190025806427 0.47073012590408325
vn 0.9339922070503235 0.2174198031425476 0.28352609276771545
vn 0.7208915948867798 0.28733864426612854 0.6306757926940918
vn 0.6683185696601868 0.2177097052335739 0.7113035917282104
vn 0.8525570631027222 0.3360607624053955 0.40026187896728516
vn 0.9566118717193604 0.2847130596637726 0.06190400570631027
vn 0.9900189638137817 0.06966105848550797 0.12251454591751099
vn 0.9678377509117126 0.22086746990680695 -0.12044787406921387
vn 0.9443823099136353 0.27204325795173645 -0.1847551465034485
vn 0.9729860424995422 0.07779514789581299 -0.21736161410808563
vn 0.9678438901901245 0.012060091830790043 0.2512623965740204
vn 0.8401802778244019 0.31735697388648987 0.43975192308425903
vn 0.6866805553436279 0.6644615530967712 0.2948911190032959
vn 0.7069421410560608 -0.11066118627786636 -0.6985606551170349
vn 0.9157109260559082 0.24417488276958466 -0.3191429376602173
vn 0.8874633312225342 -0.09152215719223022 -0.4516995847225189
vn 0.5871791243553162 -0.05731488764286041 -0.8074252605438232
vn 0.8018301129341125 -0.023086847737431526 0.5971059203147888
vn 0.9378526210784912 0.030016964301466942 0.34573298692703247
vn 0.8620079755783081 0.22404780983924866 0.45469215512275696
vn 0.5915509462356567 0.1530216485261917 0.7916135191917419
vn 0.6847444176673889 0.22465065121650696 0.6932944655418396
vn 0.9886317849159241 0.05146409571170807 -0.14127489924430847
vn 0.8928733468055725 0.44600069522857666 -0.06213437765836716
vn 0.7804871201515198 0.5431594252586365 -0.3095442056655884
vn 0.9680628776550293 0.03556021675467491 -0.24817299842834473
vn 0.9176399111747742 0.08571722358465195 -0.388058602809906
vn 0.9195297956466675 -0.1535615622997284 0.3617788851261139
vn 0.9661978483200073 0.240472674369812 0.092923104763031
vn 0.7447769045829773 0.6107813119888306 0.26880043745040894
vn 0.6726472973823547 0.5693973898887634 0.4725804328918457
vn 0.9041266441345215 -0.42574238777160645 0.03603332117199898
vn 0.9727119207382202 -0.2316311150789261 -0.013361819088459015
vn 0.6844955086708069 -0.1193903386592865 0.7191743850708008
vn 0.9092528223991394 -0.37674736976623535 0.1769765466451645
vn 0.4998123347759247 0.09787645190954208 -0.8605857491493225
vn 0.41092735528945923 0.11267801374197006 -0.9046780467033386
vn 0.8541189432144165 0.3499051034450531 -0.3847690224647522
vn -0.011504078283905983 0.12110335379838943 -0.9925732016563416
vn 0.18264946341514587 0.13249504566192627 -0.9742094874382019
vn 0.685072124004364 0.7047362923622131 0.18445268273353577
vn 0.4188869297504425 0.9014463424682617 -0.10921646654605865
vn 0.42951810359954834 0.9027713537216187 0.022763866931200027
vn 0.6616309881210327 0.7443428039550781 -0.09054360538721085
vn 0.9053741097450256 0.40489858388900757 -0.1278858333826065
vn 0.5482932925224304 0.7767394781112671 -0.30991971492767334
vn 0.6821926832199097 0.5719709992408752 -0.45548027753829956
vn 0.8210254311561584 0.415244996547699 0.3917764723300934
vn 0.6480913162231445 0.5734041333198547 0.5011839270591736
vn 0.6254374980926514 0.2880275547504425 0.7251676321029663
vn 0.8153778314590454 0.317134827375412 0.48433917760849
vn 0.9290874600410461 0.3661600947380066 0.052185703068971634
vn 0.8305891752243042 0.5556133389472961 0.037620432674884796
vn 0.6711629033088684 0.7272188067436218 0.1438508927822113
vn 0.6085556149482727 0.3721197545528412 -0.700847327709198
vn 0.8318315744400024 0.44881606101989746 -0.3265276551246643
vn 0.2984912395477295 0.3622101843357086 -0.8830100893974304
vn 0.5531335473060608 0.7160577178001404 -0.42579880356788635
vn 0.28176558017730713 0.13204310834407806 0.9503540396690369
vn 0.1768905222415924 0.15439945459365845 0.9720444679260254
vn 0.17383939027786255 0.36163049936294556 0.9159712195396423
vn -0.34197497367858887 -0.935158371925354 0.09236914664506912
vn -0.3208945393562317 -0.9470906853675842 0.0067764632403850555
vn -0.1737729161977768 -0.98456871509552 0.020673194900155067
vn -0.15524044632911682 -0.9877263307571411 -0.01723335310816765
vn -0.07070519030094147 -0.8723393678665161 -0.4837610721588135
vn -0.1625024527311325 -0.9789194464683533 -0.12373221665620804
vn -0.2070765644311905 -0.9779245257377625 -0.027981335297226906
vn 0.763889491558075 -0.016647933050990105 -0.6451323628425598
vn 0.9386937618255615 -0.32436466217041016 -0.11679770797491074
vn 0.8917192220687866 -0.3963091969490051 -0.2185768336057663
vn 0.6056650876998901 -0.04605942219495773 -0.7943854331970215
vn 0.976789116859436 0.1245238408446312 -0.17428939044475555
vn 0.9785439372062683 -0.2054244428873062 -0.015889232978224754
vn 0.39327067136764526 0.5743738412857056 -0.7179365158081055
vn 0.5069287419319153 0.714648962020874 -0.4819752275943756
vn -0.10970867425203323 -0.18362587690353394 -0.9768549799919128
vn 0.2723730206489563 0.09618810564279556 -0.9573718905448914
vn 0.1771526038646698 0.5930562615394592 -0.7854306101799011
vn -0.3794248104095459 -0.9251746535301208 -0.009413285180926323
vn -0.3713275194168091 -0.9284248352050781 0.011971957050263882
vn -0.312827467918396 -0.949661135673523 -0.016813671216368675
vn -0.3112204372882843 -0.9482910633087158 0.06233615055680275
vn -0.2131357640028 -0.965165913105011 0.15174919366836548
vn -0.19883979856967926 -0.9795309901237488 0.031332287937402725
vn -0.22067172825336456 -0.974433183670044 0.04223690927028656
vn 0.3016336262226105 0.930402934551239 0.20824868977069855
vn -0.049997247755527496 0.9975983500480652 0.047933921217918396
vn -0.03176497668027878 0.9994810819625854 -0.005332135129719973
vn -0.045050133019685745 0.8808786869049072 0.4711935818195343
vn 0.33446067571640015 0.47299838066101074 0.8151125907897949
vn 0.018806692212820053 0.525477945804596 0.8505993485450745
vn -0.11666132509708405 0.9901685118675232 0.07717777788639069
vn -0.4860222339630127 0.809459924697876 -0.3294799029827118
vn 0.2849828600883484 0.7994956374168396 -0.5287641286849976
vn 0.10057081282138824 0.9621900320053101 -0.25313177704811096
vn -0.38128426671028137 0.7109470367431641 0.5909116864204407
vn -0.22398921847343445 0.832328736782074 -0.5070086717605591
vn 0.4405561089515686 0.46131208539009094 -0.7701307535171509
vn -0.29052647948265076 0.5159736275672913 -0.8058322072029114
vn 0.061991095542907715 0.2465231567621231 -0.9671522974967957
vn 0.06583830714225769 0.27342525124549866 -0.9596374034881592
vn 0.005711419507861137 0.056417375802993774 -0.9983909726142883
vn -0.4908427298069 0.43311750888824463 -0.7559646964073181
vn 0.6896283626556396 -0.7081880569458008 0.1512691080570221
vn 0.26932692527770996 -0.9306280016899109 0.2477792650461197
vn 0.5611718893051147 -0.6624279022216797 0.496261328458786
vn 0.8437493443489075 -0.4984491765499115 0.19908635318279266
vn 0.7572380900382996 -0.6369872689247131 -0.14435265958309174
vn 0.10411512851715088 -0.9140675663948059 -0.3919700086116791
vn 0.8179284930229187 -0.5752593278884888 -0.008349770680069923
vn 0.16634532809257507 0.8229653239250183 -0.5431917309761047
vn 0.05603109300136566 0.9862748980522156 -0.1553139090538025
vn -0.21100343763828278 0.783993661403656 -0.583807647228241
vn -0.18053372204303741 0.9792066812515259 -0.09253034740686417
vn -0.21580711007118225 0.9723865389823914 0.08883475512266159
vn -0.013203129172325134 0.9157254695892334 0.4015873670578003
vn -0.06342785060405731 0.9204484224319458 0.3856833279132843
vn -0.06328893452882767 0.8921199440956116 0.44734400510787964
vn 0.07587981969118118 0.8580282926559448 0.5079662203788757
vn -0.03526639938354492 0.9073370695114136 0.41892218589782715
vn -0.04818243905901909 0.9167146682739258 0.3966265320777893
vn 0.13805218040943146 0.8822891712188721 0.4500083327293396
vn 0.3498067557811737 -0.6686856746673584 0.6561209559440613
vn 0.30885937809944153 -0.6115065813064575 0.7284678816795349
vn 0.6371460556983948 -0.01661614142358303 0.7705639600753784
vn 0.8189679980278015 -0.28069794178009033 0.5004997849464417
vn 0.6771019697189331 -0.73079514503479 -0.0864369124174118
vn 0.624903678894043 -0.5029640197753906 -0.5970950722694397
vn -0.03837672248482704 -0.7714597582817078 -0.6351198554039001
vn -0.20744772255420685 -0.9713417887687683 -0.11601918935775757
vn 0.8813806176185608 -0.4630439281463623 -0.09358720481395721
vn 0.9025570154190063 -0.28913936018943787 -0.3190443515777588
vn 0.17305603623390198 -0.7689851522445679 0.615397036075592
vn 0.6963751912117004 -0.6054070591926575 0.38541391491889954
vn 0.001458007493056357 0.8504570722579956 -0.5260424017906189
vn -0.06635525077581406 0.8700694441795349 -0.48844248056411743
vn 0.0019407534273341298 0.8634608387947083 -0.504412055015564
vn -0.08344592154026031 0.8563663959503174 -0.5095816850662231
vn -0.14007578790187836 0.9891767501831055 -0.04368388280272484
vn -0.25722718238830566 0.8851368427276611 -0.3877716362476349
vn -0.13840985298156738 0.8003347516059875 0.5833582878112793
vn -0.6577531695365906 0.6889522671699524 0.30447545647621155
vn -0.6960869431495667 0.56270432472229 -0.4459001123905182
vn -0.06688455492258072 0.4826047718524933 -0.8732806444168091
vn -0.20498758554458618 0.8259468674659729 -0.5251590013504028
vn -0.12776906788349152 0.981065571308136 0.1455519199371338
vn 0.11954669654369354 0.9819560647010803 0.14652936160564423
vn -0.2438778132200241 0.8586066961288452 0.4509081542491913
vn -0.12957778573036194 0.4607596695423126 0.878014862537384
vn 0.15112674236297607 0.7807919979095459 0.6062381267547607
vn 0.23903624713420868 0.970818042755127 -0.01934080943465233
vn -0.2584816515445709 0.8571395874023438 -0.44553226232528687
vn -0.3891729712486267 0.8913174867630005 0.23258846998214722
vn -0.21515895426273346 0.9008788466453552 0.3769931197166443
vn -0.35273557901382446 0.8983200192451477 0.2619136571884155
vn -0.019354386255145073 -0.9654630422592163 0.2598203420639038
vn 0.09967727214097977 -0.865755558013916 0.49044033885002136
vn -0.1668836921453476 -0.9712148904800415 0.1699753701686859
vn -0.07744325697422028 -0.989212155342102 0.12434560060501099
vn -0.2151147425174713 -0.9485220909118652 0.23244674503803253
vn -0.09226901084184647 0.9581065773963928 -0.27114245295524597
vn -0.34799423813819885 0.28073984384536743 0.8944748044013977
vn -0.2514215111732483 0.7374855279922485 0.6268193125724792
vn 0.2308816909790039 -0.839514970779419 0.4918418228626251
vn -0.037309397011995316 -0.9828991889953613 -0.1803249716758728
vn -0.11201393604278564 -0.8202430605888367 -0.5609405040740967
vn 0.5769092440605164 -0.2610941529273987 -0.773954451084137
vn -0.21057283878326416 -0.20938560366630554 0.95489102602005
vn 0.366670697927475 -0.4029858112335205 0.8385434150695801
vn -0.09731675684452057 -0.7465261816978455 0.6582006812095642
vn -0.2547442317008972 -0.9269294738769531 0.27551212906837463
vn -0.4741198420524597 -0.7777993083000183 0.4125998318195343
vn -0.8144049048423767 -0.30334722995758057 0.49469706416130066
vn -0.7907620668411255 0.2404848337173462 0.5629052519798279
vn 0.008160306140780449 0.41594254970550537 0.9093542695045471
vn 0.1063489019870758 0.5644253492355347 -0.8186048865318298
vn -0.17719605565071106 0.38012465834617615 -0.9078032374382019
vn -0.4244008958339691 0.9020817875862122 -0.07830952852964401
vn -0.5942979454994202 0.3792741596698761 -0.7091975808143616
vn -0.32591915130615234 -0.618827223777771 -0.7147234678268433
vn -0.16361366212368011 -0.7016967535018921 -0.6934350728988647
vn -0.04058750346302986 -0.11854878813028336 -0.9921183586120605
vn -0.189361110329628 0.29745790362358093 -0.9357677102088928
vn -0.7496717572212219 0.2482791692018509 -0.6134734749794006
vn -0.6438666582107544 -0.3218669593334198 -0.6941450834274292
vn -0.32064488530158997 -0.6566594243049622 -0.6826311945915222
vn 0.017134280875325203 -0.8207858204841614 0.570979118347168
vn -0.32126715779304504 -0.6991568207740784 0.6387230753898621
vn 0.5556584596633911 -0.6780385375022888 0.48115217685699463
vn 0.20756672322750092 -0.5063847303390503 0.8369531035423279
vn 0.07488391548395157 -0.9501970410346985 0.3025192320346832
vn -0.34104123711586 -0.9194490313529968 0.19571509957313538
vn -0.6279485821723938 0.67003333568573 -0.39589884877204895
vn -0.2911262512207031 0.9518595337867737 0.09596323221921921
vn -0.5684510469436646 0.7911273837089539 -0.22578930854797363
vn -0.5757334232330322 -0.54166579246521 0.6124778985977173
vn -0.011986244469881058 -0.37812989950180054 0.9256749749183655
vn -0.5750402212142944 -0.8147249221801758 -0.07451331615447998
vn -0.8693034648895264 -0.4695073664188385 0.15451323986053467
vn -0.6032495498657227 -0.796044111251831 -0.04902702942490578
vn -0.2384321242570877 -0.5473929643630981 -0.8021914958953857
vn -0.57969069480896 -0.8069668412208557 0.11297404021024704
vn 0.22033490240573883 -0.5242640376091003 -0.8225568532943726
vn 0.2605256736278534 -0.005183045752346516 -0.965453028678894
vn -0.313077449798584 -0.8623746633529663 -0.39785996079444885
vn -0.34068793058395386 -0.8593263030052185 0.381431519985199
vn -0.27667322754859924 -0.8498114943504333 0.44863376021385193
vn -0.04880692809820175 -0.9773575067520142 0.2058888077735901
vn -0.016408421099185944 -0.985084056854248 0.1712895631790161
vn -0.47142916917800903 0.870710551738739 0.1400638073682785
vn -0.6236346364021301 0.5068379044532776 0.5951430797576904
vn -0.7583722472190857 0.6477938890457153 0.07234984636306763
vn -0.5004335045814514 -0.6665382981300354 0.5525332689285278
vn -0.4533017575740814 -0.7103515267372131 0.5384405255317688
vn -0.5633147954940796 -0.8260559439659119 -0.01754986308515072
vn -0.8224756121635437 -0.5539527535438538 -0.12911313772201538
vn -0.9617279767990112 -0.18312445282936096 0.20382502675056458
vn -0.5100565552711487 -0.36699149012565613 0.7779200077056885
vn 0.13380704820156097 -0.9796718955039978 -0.14946073293685913
vn -0.21550855040550232 -0.927177906036377 -0.3064265549182892
vn -0.7607290744781494 -0.4473683834075928 -0.47026896476745605
vn -0.11591997742652893 0.9192517399787903 0.37621641159057617
vn -0.6639139652252197 0.6921155452728271 0.28318604826927185
vn -0.7760973572731018 0.5891614556312561 -0.22485928237438202
vn -0.07816693931818008 0.9257500767707825 -0.3699687123298645
vn 0.5283458232879639 0.8329972624778748 -0.1642133593559265
vn 0.23871855437755585 0.8168185949325562 0.5251863598823547
vn -0.5612815618515015 0.3303411602973938 0.7588397264480591
vn -0.21259675920009613 0.4357514977455139 0.8745988607406616
vn 0.08622146397829056 0.6538611650466919 0.7516857981681824
vn -0.09137739986181259 0.6878413558006287 0.720086395740509
vn -0.997223436832428 0.008292137645184994 -0.07400505244731903
vn -0.9595170617103577 -0.28165051341056824 -0.00013520997890736908
vn -0.9152057766914368 -0.2678970992565155 -0.30104735493659973
vn -0.8823512196540833 0.2976161241531372 -0.3645283281803131
vn -0.9759970903396606 0.08710948377847672 0.1996031254529953
vn -0.8951955437660217 -0.3194286525249481 0.3107898235321045
vn -0.9881378412246704 0.1514161378145218 0.025628533214330673
vn -0.17367811501026154 0.8958700895309448 -0.4089652895927429
vn -0.2115658074617386 0.872509777545929 -0.44041624665260315
vn -0.9231609106063843 0.3192853331565857 -0.2140815407037735
vn -0.8092728853225708 0.23940156400203705 -0.5364367365837097
vn -0.4077261984348297 -0.8783093690872192 0.24966368079185486
vn 0.4313349425792694 -0.8163582682609558 0.3840694725513458
vn -0.04094535484910011 -0.26800787448883057 0.9625462293624878
vn -0.4372667074203491 -0.7802122831344604 0.44728803634643555
vn -0.01029218826442957 -0.964184582233429 -0.265032559633255
vn 0.7769930958747864 -0.6160072088241577 0.12967953085899353
vn 0.6023043394088745 0.04593279957771301 0.7969439029693604
vn 0.42932894825935364 -0.8342902064323425 -0.3458850681781769
vn -0.9676496982574463 0.06438275426626205 0.2439446747303009
vn -0.9985426664352417 -0.032350823283195496 0.04319794476032257
vn -0.9467074871063232 -0.0573066771030426 0.31695556640625
vn -0.9552146196365356 -0.044315487146377563 0.2925765812397003
vn -0.9823614358901978 0.18630114197731018 0.016062773764133453
vn -0.9828371405601501 0.07801447063684464 -0.167167067527771
vn 0.1347746104001999 -0.6113333106040955 -0.7798123955726624
vn -0.033243563026189804 0.23043081164360046 -0.9725207090377808
vn -0.5982499718666077 -0.09605464339256287 -0.7955316305160522
vn -0.11401276290416718 -0.6779273152351379 -0.7262338995933533
vn -0.3489689826965332 -0.8649767637252808 -0.36060482263565063
vn -0.2688787281513214 -0.9071587324142456 -0.3236777186393738
vn 0.41665002703666687 -0.5798743367195129 -0.7001060247421265
vn 0.6119086146354675 0.1693044900894165 -0.7725955247879028
vn 0.11540254950523376 -0.7162700295448303 0.6882146596908569
vn 0.7055516839027405 -0.6854473352432251 0.1798853576183319
vn 0.6492717266082764 -0.6612657308578491 0.3757311701774597
vn 0.06283597648143768 -0.6639059782028198 0.7451714873313904
vn -0.16845166683197021 -0.08172780275344849 0.9823158979415894
vn 0.08084006607532501 -0.8536429405212402 0.5145469903945923
vn 0.5999051332473755 -0.7927723526954651 0.10782385617494583
vn 0.18243995308876038 -0.09776177257299423 0.978344738483429
vn -0.020932236686348915 -0.7620744705200195 0.6471509337425232
vn -0.0200846865773201 -0.8709073066711426 0.4910368323326111
vn 0.044955138117074966 -0.9983659982681274 -0.03527573123574257
vn 0.09930983185768127 -0.9937753677368164 -0.050476618111133575
vn -0.341463178396225 -0.9396657943725586 -0.020764349028468132
vn -0.9212213158607483 0.36539939045906067 0.13354574143886566
vn -0.989421546459198 0.09589012712240219 -0.10885823518037796
vn -0.9763760566711426 0.037143900990486145 -0.21286170184612274
vn -0.9920632839202881 0.1139446496963501 0.0531701035797596
vn -0.6208199262619019 0.7155033946037292 0.3203710615634918
vn -0.9849693775177002 0.1726755052804947 -0.004319464787840843
vn -0.9656211733818054 0.17537690699100494 0.1918817013502121
vn -0.9628286361694336 -0.13661643862724304 -0.23301738500595093
vn -0.7677748203277588 -0.6195430755615234 0.16336514055728912
vn -0.20339307188987732 -0.7077116966247559 0.6765909194946289
vn 0.3905760943889618 -0.9194796085357666 0.044804979115724564
vn 0.5279374122619629 -0.46258699893951416 -0.7122467160224915
vn 0.8277051448822021 -0.23360112309455872 -0.5102301239967346
vn 0.11785746365785599 -0.9812532067298889 0.1524852216243744
vn -0.48405054211616516 -0.7263293862342834 -0.48799657821655273
vn -0.0037846355699002743 -0.06616704910993576 -0.9978014230728149
vn 0.44734877347946167 0.24004369974136353 -0.8615440130233765
vn -0.8983423709869385 -0.4389396607875824 -0.01768782176077366
vn -0.9049681425094604 -0.2956556975841522 0.3059745132923126
vn -0.9935536980628967 -0.09232517331838608 -0.06578036397695541
vn -0.8719606399536133 -0.2881135940551758 -0.39582231640815735
vn -0.7384231686592102 -0.08668661117553711 0.6687426567077637
vn -0.8350046277046204 -0.18397562205791473 0.518575131893158
vn -0.7777981162071228 -0.6188780665397644 0.10963612049818039
vn -0.9771567583084106 -0.06574185937643051 0.20209543406963348
vn -0.9964872598648071 -0.028116829693317413 -0.07888393104076385
vn -0.14044824242591858 0.8754134774208069 -0.46252089738845825
vn 0.029381943866610527 0.7275604605674744 -0.6854140162467957
vn -0.07374519109725952 0.5640567541122437 -0.8224363923072815
vn -0.20456594228744507 0.70091313123703 -0.6832815408706665
vn -0.42928969860076904 0.8567375540733337 -0.28585168719291687
vn 0.012194488197565079 0.5347618460655212 -0.8449146747589111
vn -0.013063010759651661 0.9370771646499634 -0.3488776981830597
vn -0.9880488514900208 0.15371596813201904 0.01143588125705719
vn -0.9880235195159912 0.13667085766792297 -0.07162778824567795
vn -0.9980356097221375 0.02475723624229431 0.05754903703927994
vn -0.803554892539978 -0.4763246178627014 0.3569515347480774
vn -0.616545557975769 -0.7704586982727051 0.16206499934196472
vn -0.9575185775756836 -0.2877371609210968 -0.019117247313261032
vn -0.994534969329834 -0.09271235018968582 0.04800692945718765
vn -0.8881168365478516 -0.4088566303253174 0.20996351540088654
vn -0.28952354192733765 -0.9328349232673645 0.21446509659290314
vn 0.09493238478899002 -0.8085231781005859 -0.5807564854621887
vn 0.605293869972229 -0.7455080151557922 -0.2789933681488037
vn -0.17186149954795837 -0.8814836144447327 0.4398297071456909
vn 0.47736766934394836 -0.04349789023399353 -0.8776264190673828
vn 0.686263382434845 0.21241030097007751 -0.6956468820571899
vn 0.8127735257148743 0.06010635942220688 -0.5794707536697388
vn 0.5600014328956604 -0.18004727363586426 0.8086912035942078
vn 0.11691252142190933 -0.7931313514709473 0.5977240800857544
vn -0.01944543793797493 -0.9006019234657288 0.4342096745967865
vn -0.3916515111923218 -0.8740518689155579 0.2874760329723358
vn -0.37301144003868103 -0.8776920437812805 0.30086392164230347
vn -0.7083533406257629 -0.705854058265686 0.0023866428527981043
vn -0.6150060296058655 -0.7728620171546936 -0.1563710719347
vn -0.8468915224075317 -0.363131582736969 -0.38847166299819946
vn -0.7295317053794861 -0.5639656186103821 -0.38694456219673157
vn 0.5208720564842224 -0.8217774033546448 -0.2310285121202469
vn 0.9261438250541687 -0.3611745238304138 0.1086767315864563
vn 0.6141219139099121 -0.7030705213546753 -0.3585330545902252
vn 0.14463093876838684 -0.9894830584526062 0.002310024807229638
vn 0.3556941747665405 -0.9322542548179626 0.06620889157056808
vn 0.6076321005821228 -0.6091970205307007 0.5095705986022949
vn 0.3769036531448364 -0.5330893397331238 -0.757469117641449
vn 0.09957200288772583 -0.8549227714538574 -0.5091095566749573
vn 0.0648212805390358 0.5109262466430664 0.8571770191192627
vn -0.20966604351997375 0.3951570689678192 0.8943662643432617
vn 0.39764732122421265 0.6342412233352661 0.6630344390869141
vn 0.22657997906208038 -0.1714191734790802 0.9587893486022949
vn -0.5397943258285522 -0.4562792181968689 0.7074117064476013
vn 0.07778096199035645 0.5802132487297058 0.8107420802116394
vn -0.646166205406189 -0.7213507890701294 0.2492433786392212
vn 0.20928482711315155 -0.9491980075836182 0.23499561846256256
vn 0.8307197690010071 -0.5425477027893066 0.124686099588871
vn 0.7017867565155029 -0.29009485244750977 -0.6506460905075073
vn 0.6673867702484131 -0.7001665830612183 0.2536960244178772
vn 0.7899900078773499 -0.6122474670410156 -0.032691795378923416
vn 0.45200422406196594 -0.8136405348777771 0.36562439799308777
vn 0.8052507042884827 0.4830712378025055 0.3438217341899872
vn 0.8829639554023743 0.39483124017715454 -0.2539348602294922
vn -0.5949373245239258 0.1406996250152588 0.7913616895675659
vn -0.3892871141433716 -0.15188920497894287 0.9085071086883545
vn -0.27673935890197754 0.8160371780395508 0.5074431896209717
vn -0.4677574336528778 0.6775045394897461 0.5676183700561523
vn -0.15266205370426178 -0.34684327244758606 0.925415575504303
vn -0.03554252162575722 -0.7913959622383118 0.6102697253227234
vn -0.5679935812950134 0.2445809692144394 0.7858521342277527
vn 0.7407784461975098 0.6523650884628296 -0.16020998358726501
vn 0.5709089636802673 0.8170406222343445 0.08067073673009872
vn 0.4064302146434784 0.8631192445755005 -0.2997327446937561
vn 0.8289496898651123 0.3825606405735016 -0.40803173184394836
vn 0.9224563241004944 0.1764628291130066 -0.3434171676635742
vn 0.2545589804649353 -0.6038557887077332 0.7553528547286987
vn 0.4017588496208191 -0.38279178738594055 0.8319016098976135
vn 0.7410314083099365 -0.5066230893135071 0.440687358379364
vn 0.8547409772872925 -0.48054227232933044 -0.19620656967163086
vn 0.5750347375869751 0.3603225350379944 0.7345085144042969
vn 0.11918926984071732 0.29981669783592224 0.9465219378471375
vn -0.2845200002193451 0.4521894156932831 0.8453242182731628
vn -0.4761168956756592 0.580020546913147 0.6609758138656616
vn 0.7017562985420227 -0.47038015723228455 0.5350519418716431
vn 0.8001939058303833 -0.5977541208267212 -0.04878357797861099
vn 0.7295684218406677 -0.6836097836494446 0.02018931321799755
vn 0.5937764644622803 -0.7803524732589722 0.19616185128688812
vn -0.2319125533103943 -0.11587253957986832 -0.9658106565475464
vn -0.023948846384882927 -0.7593047022819519 -0.6502945423126221
vn 0.02949666976928711 -0.7255568504333496 -0.6875298619270325
vn 0.3215080797672272 -0.11197111010551453 -0.9402633309364319
vn -0.5155612230300903 0.14923855662345886 -0.8437561988830566
vn -0.20107826590538025 0.01738843135535717 -0.9794208407402039
vn -0.4918292462825775 0.26523357629776 -0.8293099999427795
vn -0.5829242467880249 0.5214927196502686 -0.623092770576477
vn -0.6766955852508545 0.46513631939888 -0.5707287788391113
vn -0.5775246024131775 0.2880527973175049 -0.7638657689094543
vn 0.8509150147438049 -0.5038369297981262 -0.1486341953277588
vn 0.8370798826217651 -0.5414911508560181 -0.07800298184156418
vn -0.6208233833312988 0.6544175148010254 0.4316432774066925
vn -0.5214526653289795 0.8307927846908569 0.19460341334342957
vn -0.7718597054481506 0.6117361783981323 -0.17323781549930573
vn -0.7222573161125183 0.499283105134964 0.4786030054092407
vn -0.29685452580451965 0.8767784833908081 0.378334105014801
vn -0.00006841053982498124 0.5176236629486084 -0.8556084036827087
vn -0.32604607939720154 -0.07056831568479538 -0.9427162408828735
vn 0.11763393133878708 -0.1865290105342865 -0.97538161277771
vn -0.15346425771713257 0.29928478598594666 -0.9417416453361511
vn 0.5571762323379517 0.2788802683353424 -0.7821639776229858
vn -0.1454213559627533 0.3767153024673462 -0.9148432612419128
vn 0.627884566783905 -0.7686308026313782 0.12234186381101608
vn 0.6463708281517029 -0.7094335556030273 0.2809068262577057
vn 0.8005614280700684 -0.5992333889007568 -0.00455103162676096
vn 0.6542418003082275 -0.6073880791664124 -0.4506078064441681
vn -0.2258007824420929 0.8781267404556274 -0.4217907786369324
vn -0.4233579933643341 0.8101814985275269 -0.40543049573898315
vn -0.36012130975723267 0.8903327584266663 -0.2786038815975189
vn -0.23787446320056915 0.879566490650177 -0.41204211115837097
vn -0.1668989658355713 0.8786141872406006 -0.4474166929721832
vn -0.19435453414916992 0.8852662444114685 -0.42252805829048157
vn -0.353727787733078 0.7866963744163513 -0.5059501528739929
vn -0.6766745448112488 0.5924915671348572 -0.43711015582084656
vn -0.6917880773544312 0.18663331866264343 -0.6975652575492859
vn -0.5711947679519653 0.33581575751304626 -0.748975396156311
vn -0.5383254885673523 0.5747196674346924 -0.6163626909255981
vn -0.6514641642570496 0.7566287517547607 -0.05574236437678337
vn -0.6325850486755371 0.570854127407074 0.5234134793281555
vn -0.7798650860786438 0.5775771737098694 0.24127811193466187
vn -0.7548617124557495 0.6461473703384399 -0.11259406059980392
vn -0.6208703517913818 0.472649484872818 0.6253978610038757
vn -0.550622820854187 0.12119852006435394 0.825908899307251
vn 0.5480607748031616 -0.03081372007727623 -0.8358708024024963
vn 0.13826106488704681 0.20770694315433502 -0.9683706760406494
vn -0.474497526884079 0.37560808658599854 -0.7960970997810364
vn -0.4736183285713196 0.3441944122314453 -0.8106884956359863
vn -0.3937806189060211 0.42687925696372986 -0.8140706419944763
vn -0.41227829456329346 0.4635973274707794 -0.7842857837677002
vn -0.6056692004203796 0.41308629512786865 -0.6800914406776428
vn -0.5846673250198364 0.6339587569236755 -0.5062215924263
vn 0.863177478313446 -0.5048269629478455 -0.008613266050815582
vn 0.871738612651825 -0.48996973037719727 0.0011860498925670981
vn 0.8605287075042725 -0.5094018578529358 -0.00029829656705260277
vn 0.8150336742401123 -0.5791071653366089 -0.018839534372091293
vn 0.8521081209182739 -0.5229376554489136 0.021166492253541946
vn 0.8566411137580872 -0.5153433084487915 0.024233926087617874
vn -0.6362541317939758 0.4967271089553833 0.5902905464172363
vn -0.6487278342247009 0.5980636477470398 0.4706082344055176
vn -0.740278422832489 0.3926156461238861 0.5457479357719421
vn -0.5349732041358948 0.8312665820121765 0.1509949266910553
vn 0.47541311383247375 -0.38962531089782715 0.7887803912162781
vn 0.10169123113155365 -0.1416967809200287 0.984673023223877
vn 0.3283711075782776 0.010937935672700405 0.9444853663444519
vn 0.6566041111946106 0.12725578248500824 0.7434224486351013
vn 0.6841803193092346 -0.21927998960018158 0.6955671310424805
vn 0.5140219330787659 -0.6507928371429443 0.5587934851646423
vn 0.4099612832069397 -0.7808823585510254 0.4713326096534729
vn 0.7466053366661072 -0.6408380270004272 0.17862537503242493
vn 0.7609422206878662 -0.6023151278495789 0.24121245741844177
vn 0.8060262799263 -0.579893171787262 -0.1185140460729599
vn 0.5975741744041443 -0.7252567410469055 -0.34191781282424927
vn 0.6609076261520386 -0.4563119411468506 -0.5958023071289062
vn 0.754734218120575 -0.4172225892543793 -0.5062624216079712
vn 0.7303465008735657 -0.20283342897891998 -0.6522672772407532
vn 0.5553535223007202 -0.35840731859207153 -0.7504177093505859
vn 0.5996360182762146 -0.7160658836364746 -0.35733214020729065
vn 0.7074055075645447 -0.6743281483650208 0.21179933845996857
vn 0.8815885782241821 -0.47162795066833496 0.019201330840587616
vn -0.1506328284740448 -0.9237373471260071 0.3521633446216583
vn 0.2032177597284317 -0.9771963953971863 0.06156117469072342
vn 0.5760002136230469 -0.7506465315818787 -0.323656290769577
vn 0.12361347675323486 -0.950258731842041 0.2858811318874359
vn -0.7676151990890503 0.3443440794944763 0.5405498147010803
vn -0.8275394439697266 0.18789167702198029 0.5290324687957764
vn -0.8085839748382568 0.3020051121711731 0.504960298538208
vn -0.863392174243927 0.09760820865631104 0.4950016736984253
vn 0.30158600211143494 -0.9259209036827087 0.22741255164146423
vn 0.005673869047313929 -0.9999823570251465 -0.001751657109707594
vn 0.20556287467479706 -0.9786348342895508 -0.00420951284468174
vn -0.6890634894371033 0.23763436079025269 -0.6846321821212769
vn -0.4456694722175598 0.08217336982488632 -0.8914181590080261
vn -0.6488009691238403 -0.3464599847793579 -0.6775121688842773
vn -0.8320240378379822 -0.037553977221250534 -0.5534669160842896
vn -0.7251778841018677 0.2848217189311981 -0.6268920302391052
vn -0.920289158821106 0.03581636771559715 -0.3895958364009857
vn -0.9003798961639404 -0.3358919024467468 -0.2765732407569885
vn -0.8037671446800232 -0.5201256275177002 -0.28883862495422363
vn -0.9501847624778748 -0.25443750619888306 -0.18002916872501373
vn -0.715512216091156 0.18299981951713562 -0.6742056608200073
vn -0.8258456587791443 -0.19020605087280273 -0.5308489203453064
vn -0.7606021165847778 -0.18664231896400452 -0.621811032295227
vn -0.7711437940597534 0.10319456458091736 -0.6282421350479126
vn 0.32405006885528564 -0.9175084829330444 -0.23058530688285828
vn 0.5868193507194519 -0.7610857486724854 -0.27639028429985046
vn 0.5616886615753174 -0.7460359930992126 -0.3576814532279968
vn 0.315895676612854 -0.9445591568946838 -0.08954377472400665
vn 0.21906200051307678 -0.975709080696106 0.0019276795210316777
vn 0.5497294068336487 -0.8318473100662231 -0.07633858919143677
vn 0.9185779690742493 -0.39325955510139465 0.039515551179647446
vn 0.8624810576438904 -0.42281457781791687 -0.27812644839286804
vn 0.0941573828458786 -0.9693339467048645 -0.22699369490146637
vn 0.019696271046996117 -0.9813453555107117 -0.19124135375022888
vn 0.015139664523303509 -0.9920685291290283 -0.12478338181972504
vn -0.19359034299850464 -0.9651308655738831 -0.17619678378105164
vn 0.11912257969379425 -0.9922424554824829 0.03556109219789505
vn -0.34667420387268066 -0.7593284249305725 -0.5506699085235596
vn -0.45206159353256226 -0.7348793148994446 -0.5055617094039917
vn 0.18428635597229004 -0.9444340467453003 -0.27218136191368103
vn -0.1377902776002884 -0.8570064306259155 -0.4965417981147766
vn 0.4564686119556427 -0.872511625289917 -0.17424070835113525
vn 0.5032942295074463 -0.7693778872489929 -0.3933861553668976
vn 0.2937871217727661 -0.8109471797943115 -0.5060176849365234
vn 0.08724353462457657 -0.9165075421333313 -0.39038756489753723
vn -0.5227659940719604 0.8510906100273132 0.04858417436480522
vn -0.13567592203617096 0.9816311597824097 -0.1341354101896286
vn -0.11557158827781677 0.9852597713470459 0.1261206716299057
vn -0.7057135105133057 0.6643034815788269 -0.2463114857673645
vn -0.5728247165679932 0.6157881617546082 -0.5409960150718689
vn -0.4940565228462219 0.8117271661758423 -0.31145963072776794
vn -0.5060397386550903 0.754870593547821 0.4172457754611969
vn -0.6254101991653442 0.4573659896850586 0.6322012543678284
vn 0.4082874655723572 -0.8817482590675354 -0.23626525700092316
vn 0.29046159982681274 -0.956771731376648 -0.014832843095064163
vn 0.495265930891037 -0.7912542819976807 -0.3586480915546417
vn 0.4985468089580536 -0.8060799241065979 -0.3188827931880951
vn 0.5431034564971924 -0.7927086353302002 -0.27686041593551636
vn -0.37993836402893066 0.2864505648612976 0.879541277885437
vn -0.6727789044380188 0.2140565663576126 0.7082006931304932
vn -0.6273488402366638 0.25002679228782654 0.7375093698501587
vn -0.35265663266181946 0.3983311057090759 0.8467382192611694
vn -0.20811806619167328 0.2184065878391266 0.9534072875976562
vn -0.29985448718070984 0.2694545388221741 0.9151401519775391
vn -0.25493714213371277 0.2753172516822815 0.926934540271759
vn -0.27814698219299316 0.17056280374526978 0.945273756980896
vn -0.43115416169166565 0.16714589297771454 0.8866613507270813
vn -0.6237487196922302 0.12827999889850616 0.7710264325141907
vn -0.3751860558986664 0.3474749028682709 0.8593583106994629
vn 0.5542241930961609 -0.8278834819793701 0.08628086000680923
vn 0.27118247747421265 -0.9328060746192932 -0.23734574019908905
vn 0.5682137608528137 -0.6122412085533142 -0.5498124957084656
vn 0.7800720930099487 -0.5661976337432861 0.26628535985946655
vn 0.6474788188934326 -0.4350968599319458 -0.6256691217422485
vn -0.63003009557724 0.41204074025154114 -0.6582435369491577
vn -0.6918771266937256 0.4562380611896515 -0.5596006512641907
vn -0.7447047233581543 0.5478836297988892 -0.3811015486717224
vn -0.7486785054206848 0.2260010838508606 -0.6232205629348755
vn -0.5057070851325989 0.3247924745082855 0.7992309927940369
vn 0.4398539066314697 -0.6395221948623657 -0.6305076479911804
vn 0.4043585956096649 -0.9141471982002258 0.028793109580874443
vn 0.5055676102638245 -0.8127338290214539 0.28959470987319946
vn 0.3149093687534332 -0.5494264960289001 -0.7739267945289612
vn 0.23391743004322052 -0.10303988307714462 -0.966780960559845
vn 0.23261968791484833 -0.24525010585784912 -0.9411378502845764
vn 0.30505767464637756 -0.9466328024864197 0.10404834896326065
vn 0.3360382616519928 -0.8344745635986328 -0.43672704696655273
vn -0.7521109580993652 -0.03996196389198303 -0.6578238010406494
vn -0.32714131474494934 -0.16766537725925446 -0.9299821257591248
vn -0.8046121597290039 0.211126908659935 -0.5549996495246887
vn -0.41006535291671753 0.13604040443897247 -0.9018532633781433
vn 0.5143318772315979 -0.6376658082008362 0.5734500885009766
vn 0.5422833561897278 -0.838881254196167 -0.04697796329855919
vn 0.6095184683799744 -0.36603298783302307 0.7032120227813721
vn 0.48356086015701294 -0.45128369331359863 -0.7500079870223999
vn 0.39819109439849854 -0.35425764322280884 0.8461356163024902
vn 0.47520142793655396 -0.674292266368866 0.5652551651000977
vn 0.5533989071846008 -0.8290589451789856 0.08006828278303146
vn -0.6059900522232056 -0.6961833834648132 0.38484370708465576
vn 0.1967838704586029 -0.6547618508338928 0.7297692894935608
vn 0.21110771596431732 -0.43367600440979004 -0.8759901523590088
vn -0.32726895809173584 0.23605424165725708 0.9149717688560486
vn -0.4907646179199219 0.21429665386676788 0.8445276021957397
vn -0.2190195471048355 -0.0015179648762568831 0.9757192730903625
vn -0.432851642370224 0.014241514727473259 0.9013526439666748
vn -0.0835343524813652 -0.6975090503692627 -0.711690366268158
vn -0.31542202830314636 -0.7771409749984741 -0.5445740818977356
vn -0.8646801114082336 -0.42861413955688477 -0.261950820684433
vn -0.9934872388839722 0.07682125270366669 -0.08415130525827408
vn -0.9996423125267029 0.02350400947034359 0.01276117842644453
vn -0.9015324115753174 0.08949757367372513 -0.42335519194602966
vn -0.9213752150535583 -0.21214039623737335 -0.3256748616695404
vn -0.2867647409439087 -0.9477091431617737 -0.14004762470722198
vn -0.6116586327552795 -0.5542173981666565 0.5645501613616943
vn -0.026805780827999115 -0.4839058816432953 0.87470942735672
vn -0.8796904683113098 -0.0006631565629504621 0.47554630041122437
vn -0.13530460000038147 0.9045553207397461 0.4043172001838684
vn -0.20892630517482758 0.9040474891662598 0.3728911578655243
vn -0.17939430475234985 0.8949915170669556 0.4084210991859436
vn -0.0947219580411911 0.8997723460197449 0.4259546399116516
vn -0.008102616295218468 0.8968362212181091 0.4422886371612549
vn -0.4066084623336792 0.8970340490341187 0.1732037216424942
vn 0.19434450566768646 0.9008085131645203 0.388296514749527
vn 0.509638249874115 0.8603344559669495 0.00967326108366251
vn 0.9155329465866089 0.4021983742713928 0.005987368989735842
vn 0.8117856383323669 0.5793197751045227 0.07343629002571106
vn 0.31261706352233887 0.9337674379348755 0.17420965433120728
vn 0.47680577635765076 0.676688551902771 0.5610246658325195
vn 0.9939723014831543 0.09433520585298538 0.0558554083108902
vn 0.9969937205314636 -0.05310514196753502 -0.056422021239995956
vn 0.9357932806015015 -0.3501650393009186 0.04093179106712341
vn 0.9800349473953247 -0.19788162410259247 0.01934838853776455
vn 0.9046037197113037 -0.4194779396057129 -0.0756990909576416
vn 0.9462549686431885 -0.29218652844429016 0.13866688311100006
vn 0.9206135869026184 -0.37917250394821167 0.09326664358377457
vn 0.8327217698097229 0.03720465302467346 0.5524404644966125
vn 0.9345465302467346 -0.09018641710281372 0.34422266483306885
vn -0.8259719610214233 0.2017907202243805 0.5263561606407166
vn -0.9298528432846069 0.33570072054862976 0.150594562292099
vn -0.5677453875541687 0.6604230999946594 0.4914330542087555
vn -0.6542071104049683 0.6882930994033813 -0.31347373127937317
vn -0.8518600463867188 0.3966621160507202 -0.3420431911945343
vn -0.4402335286140442 0.524152934551239 -0.7290118336677551
vn -0.41451704502105713 0.30008822679519653 -0.8591406941413879
vn -0.4286482632160187 0.3589026629924774 -0.8291257619857788
vn -0.312436044216156 0.1994025707244873 -0.9287746548652649
vn -0.3663684129714966 0.15272775292396545 -0.9178498983383179
vn -0.23078174889087677 0.15318797528743744 -0.9608711004257202
vn -0.21239230036735535 0.18976424634456635 -0.9585817456245422
vn -0.47889456152915955 0.020421527326107025 -0.8776348829269409
vn 0.17831848561763763 -0.12994588911533356 -0.9753546118736267
vn 0.1974506676197052 -0.5216726660728455 -0.8299824595451355
vn -0.09121280908584595 0.03594326227903366 -0.9951826333999634
vn 0.32663556933403015 -0.46334996819496155 -0.8237815499305725
vn -0.15615682303905487 -0.6691110134124756 -0.7265710830688477
vn -0.5618455410003662 0.3994636833667755 -0.7244020104408264
vn 0.08636070787906647 -0.5161770582199097 0.8521167635917664
vn -0.08040967583656311 -0.4923422336578369 0.8666794896125793
vn 0.34688034653663635 -0.9362166523933411 -0.05632404610514641
vn -0.26214271783828735 -0.4861278235912323 0.8336431980133057
vn 0.2941734790802002 -0.9557427167892456 -0.004220633301883936
vn -0.5039910674095154 -0.45974430441856384 0.7311827540397644
vn -0.0000825057941256091 -0.9605985879898071 0.2779392898082733
vn -0.5357781648635864 -0.412456214427948 0.7367643117904663
vn -0.754203736782074 0.023514151573181152 0.6562193632125854
vn -0.6452028155326843 -0.427376925945282 0.6332948803901672
vn -0.7790809273719788 -0.05112387612462044 0.6248354315757751
vn -0.8029769062995911 0.18292278051376343 0.5672454237937927
vn -0.7665708661079407 0.20326806604862213 0.6091398000717163
vn -0.79836505651474 0.2448282688856125 0.5501565337181091
vn -0.7428614497184753 0.23124386370182037 0.6282380819320679
vn -0.7470809817314148 0.43246743083000183 0.5048187375068665
vn -0.719920814037323 0.48334261775016785 0.49809035658836365
vn -0.533125102519989 0.797004759311676 0.28383275866508484
vn -0.4509613513946533 0.886324942111969 0.10517599433660507
vn 0.11663688719272614 0.9517566561698914 -0.2838224172592163
vn 0.18798300623893738 0.9179977178573608 -0.34920281171798706
vn 0.5957925915718079 0.5807311534881592 -0.554781436920166
vn 0.6495154500007629 0.5905415415763855 -0.47894707322120667
vn 0.4584144949913025 0.8644692897796631 -0.20627395808696747
vn 0.4111395478248596 0.860937774181366 0.29958346486091614
vn 0.7502920031547546 0.48312637209892273 -0.4512769281864166
vn 0.8143613934516907 0.5451788306236267 -0.1989859640598297
vn 0.7972622513771057 0.5529186725616455 0.24218563735485077
vn 0.7847230434417725 0.402378112077713 0.4714888036251068
vn 0.6237767338752747 0.6389237642288208 0.4501987397670746
vn 0.9059455990791321 0.41688430309295654 -0.07395941764116287
vn 0.8948349356651306 0.3751855492591858 0.24188050627708435
vn 0.8168797492980957 0.32015666365623474 0.47979894280433655
vn 0.6869969964027405 0.2432262897491455 0.6847453117370605
vn 0.6724249124526978 0.3138091266155243 0.670349657535553
vn 0.9376420974731445 0.17325004935264587 0.3013499975204468
vn 0.844163715839386 0.06612435728311539 0.5319916605949402
vn 0.9325822591781616 -0.20646724104881287 0.29607707262039185
vn 0.7895001769065857 -0.3019688129425049 0.5343261957168579
vn 0.6555763483047485 -0.7215700149536133 0.2226129025220871
vn 0.5636470317840576 -0.7479302287101746 0.35057440400123596
vn 0.12958316504955292 -0.9907536506652832 0.040191296488046646
vn -0.26667723059654236 -0.9286978840827942 -0.2576884627342224
vn -0.3702055811882019 -0.9271886348724365 -0.057176388800144196
vn -0.5306462049484253 -0.8256263732910156 0.19171744585037231
vn -0.4670865833759308 -0.742714524269104 -0.4797969460487366
vn -0.7054071426391602 -0.6331217885017395 -0.31868118047714233
vn -0.8315907716751099 -0.5541982650756836 -0.03634563460946083
vn -0.5746265649795532 -0.8016905188560486 -0.1646105945110321
vn -0.8154304623603821 -0.39032551646232605 -0.42745649814605713
vn -0.6712998747825623 -0.38669800758361816 -0.6323140859603882
vn -0.685877799987793 -0.24913889169692993 -0.6837407946586609
vn -0.7445892691612244 -0.08067657053470612 -0.6626296043395996
vn -0.6090345978736877 -0.25477731227874756 -0.7511093616485596
vn -0.7106978893280029 0.11617119610309601 -0.6938391327857971
vn -0.7933284044265747 0.2635459303855896 -0.548792839050293
vn -0.7766374945640564 0.18306533992290497 -0.602761447429657
vn -0.7837764024734497 0.37544193863868713 -0.49470993876457214
vn -0.7797948718070984 0.32026317715644836 -0.5379139184951782
vn -0.8022747039794922 0.3800794184207916 -0.4603204131126404
vn -0.8138325810432434 0.3811222016811371 -0.4386598467826843
vn -0.7837821841239929 0.45242491364479065 -0.4254375398159027
vn -0.7148508429527283 0.5735222697257996 -0.4000754952430725
vn -0.6960530877113342 0.5827958583831787 -0.4193555414676666
vn -0.7596452832221985 0.29631680250167847 -0.5789087414741516
vn -0.33962100744247437 0.9375229477882385 -0.07555300742387772
vn -0.24699442088603973 0.9570685625076294 0.1517024040222168
vn -0.5164541602134705 0.8563137650489807 -0.0013545193942263722
vn 0.08621487021446228 0.8244202136993408 0.5593732595443726
vn -0.21112917363643646 0.6436925530433655 0.7355843186378479
vn 0.3525220453739166 0.4041227698326111 0.8440456390380859
vn -0.036651838570833206 0.3713470995426178 0.9277704358100891
vn -0.3232699930667877 0.16527436673641205 0.9317622780799866
vn -0.454998642206192 -0.033306293189525604 0.8898691534996033
vn 0.041796863079071045 0.07298547774553299 0.9964567422866821
vn -0.21679961681365967 0.0050984593108296394 0.9762028455734253
vn -0.44941115379333496 -0.10782896727323532 0.8867933750152588
vn -0.8074198365211487 -0.18306025862693787 0.5608583092689514
vn -0.8007859587669373 -0.08202900737524033 0.5933068990707397
vn -0.06469603627920151 -0.2061387598514557 0.9763817191123962
vn -0.30353909730911255 -0.3732025921344757 0.876689076423645
vn -0.83845055103302 -0.33132582902908325 0.4326936900615692
vn -0.9966083765029907 -0.07036545127630234 0.042664725333452225
vn -0.9838534593582153 -0.07417834550142288 0.16288042068481445
vn -0.9890108108520508 0.093064084649086 0.11487667262554169
vn -0.9958714842796326 0.09026530385017395 -0.009601082652807236
vn -0.8391923904418945 -0.5394331812858582 -0.06905075907707214
vn -0.9528902769088745 -0.299314022064209 0.04910454899072647
vn -0.9754793643951416 -0.21727114915847778 0.035116832703351974
vn -0.5513632297515869 -0.8319753408432007 0.06177021190524101
vn -0.48421138525009155 -0.8623321652412415 0.1480628252029419
vn -0.025640418753027916 -0.998535692691803 0.0476326048374176
vn 0.04541676864027977 -0.9863051176071167 0.1585545539855957
vn 0.100075863301754 -0.9948835372924805 0.013836853206157684
vn -0.018752792850136757 -0.9958482980728149 0.08907520771026611
vn -0.16368672251701355 -0.9865107536315918 0.001782515668310225
vn -0.32622408866882324 -0.9445835947990417 -0.03660121560096741
vn -0.10761037468910217 -0.9932605624198914 -0.0430511049926281
vn 0.33578258752822876 -0.9173086285591125 -0.21399742364883423
vn 0.49553272128105164 -0.8658086061477661 -0.06944669038057327
vn 0.3208809494972229 -0.9285277128219604 0.1867402046918869
vn 0.873103141784668 -0.48673349618911743 -0.02795301377773285
vn 0.8764032125473022 -0.3701038360595703 0.30812445282936096
vn 0.6442375183105469 -0.1700877547264099 0.745672881603241
vn 0.9997010231018066 -0.011657161638140678 -0.021494058892130852
vn 0.8785641193389893 -0.2816726565361023 -0.3857272267341614
vn 0.9712899923324585 0.2308545857667923 -0.057462483644485474
vn 0.9283148050308228 0.3351101577281952 -0.1610364466905594
vn 0.8893905878067017 0.09152808040380478 -0.44789156317710876
vn 0.9600849151611328 0.23460239171981812 -0.1523108035326004
vn 0.8768701553344727 0.3021911680698395 0.3738705515861511
vn 0.9302176237106323 -0.018060574308037758 -0.3665635883808136
vn 0.9845003485679626 -0.15526705980300903 -0.08155479282140732
vn 0.9447911381721497 -0.06268016993999481 -0.3216226398944855
vn 0.953266441822052 -0.3019612431526184 -0.010120164602994919
vn 0.9998484253883362 -0.004710075445473194 0.01676333136856556
vn 0.7409720420837402 0.07836996018886566 -0.6669473052024841
vn 0.6464750170707703 0.17972500622272491 -0.7414640784263611
vn 0.44827279448509216 -0.5026170611381531 -0.7392074465751648
vn -0.7606001496315002 0.21138885617256165 0.6138421297073364
vn 0.45372065901756287 0.15027755498886108 0.8783815503120422
vn 0.46480295062065125 0.71865314245224 0.5172001123428345
vn -0.20278309285640717 0.9757372140884399 0.0825582891702652
vn -0.770397424697876 0.3856656551361084 -0.5076906681060791
vn -0.7975760698318481 0.4313437044620514 -0.4216812252998352
vn -0.7592373490333557 0.4980611503124237 -0.41891977190971375
vn -0.6760888695716858 0.1317903995513916 -0.7249380946159363
vn -0.7878496050834656 0.3709494173526764 -0.49161943793296814
vn -0.4773476719856262 -0.3932982385158539 -0.7857835292816162
vn -0.5587233901023865 -0.24496163427829742 -0.7923522591590881
vn -0.10037407279014587 -0.5677538514137268 -0.8170560598373413
vn -0.0016932326834648848 0.015903988853096962 -0.9998720288276672
vn 0.769091010093689 -0.34183114767074585 -0.5400466918945312
vn 0.8860946893692017 -0.46347883343696594 -0.004865480121225119
vn 0.863333523273468 -0.41508394479751587 -0.2869856059551239
vn 0.8590017557144165 -0.5117082595825195 0.01645110733807087
vn 0.8760629296302795 -0.48138973116874695 -0.027887387201189995
vn 0.4279666244983673 -0.6882175207138062 -0.5858338475227356
vn 0.5542537569999695 -0.8321375846862793 -0.018705837428569794
vn 0.4924757778644562 -0.8256219625473022 0.2753470242023468
vn -0.22501760721206665 -0.7593522667884827 -0.6105335354804993
vn -0.2975861430168152 -0.9542327523231506 -0.029706183820962906
vn -0.5763338804244995 0.1354362815618515 -0.8059133291244507
vn -0.41605743765830994 0.17535507678985596 -0.8922706246376038
vn 0.9945726990699768 0.09125325083732605 -0.0499810129404068
vn 0.855573832988739 0.3314385414123535 -0.39767080545425415
vn 0.9117361903190613 -0.021862873807549477 -0.41019394993782043
vn 0.7777024507522583 0.2516729533672333 -0.5760553479194641
vn 0.7935187220573425 0.006118891295045614 -0.6085150241851807
vn 0.7700884938240051 -0.4213577210903168 -0.47897955775260925
vn 0.5855797529220581 0.168816938996315 -0.7928412556648254
vn 0.7100223898887634 0.3611503839492798 -0.6045153141021729
vn 0.5170203447341919 0.3152269721031189 -0.7958152890205383
vn 0.2595728635787964 0.3039475083351135 -0.916644811630249
vn 0.3494664132595062 -0.03297511860728264 -0.9363685250282288
vn -0.06310051679611206 0.11146928369998932 -0.9917625188827515
vn 0.07589548081159592 -0.27740395069122314 -0.9577510356903076
vn -0.32579270005226135 -0.029326826333999634 -0.9449863433837891
vn -0.25843730568885803 -0.4064147174358368 -0.8763773441314697
vn -0.5957293510437012 -0.12511873245239258 -0.7933800220489502
vn -0.7295082211494446 -0.44600874185562134 -0.5185499787330627
vn -0.3811841607093811 -0.8963737487792969 -0.22630219161510468
vn -0.939849853515625 -0.0648224949836731 -0.3353808522224426
vn -0.6436049342155457 0.07398493587970734 -0.7617735266685486
vn -0.8735179901123047 0.0706997662782669 -0.48163026571273804
vn -0.9990955591201782 0.017276808619499207 0.03885379061102867
vn -0.44112837314605713 0.2486768364906311 -0.8623024821281433
vn -0.2192307561635971 0.4636106491088867 -0.8584888577461243
vn 0.08211835473775864 0.5923563241958618 -0.801480233669281
vn -0.18879729509353638 0.8607140779495239 -0.4727862775325775
vn 0.07190036028623581 0.9212436676025391 -0.38228315114974976
vn -0.46665921807289124 0.8699800372123718 0.1592605710029602
vn 0.42183369398117065 0.5769983530044556 -0.6993778347969055
vn -0.7408337593078613 0.4511551260948181 0.4976186752319336
vn -0.8022156357765198 0.25055423378944397 0.5419157147407532
vn -0.8194442391395569 0.13806115090847015 0.556282639503479
vn -0.8231006264686584 -0.11835050582885742 0.5554265975952148
vn -0.743598222732544 -0.48693135380744934 0.45821332931518555
vn -0.8518122434616089 -0.2311273068189621 0.4701024293899536
vn -0.4598509669303894 -0.8353476524353027 0.3012163043022156
vn -0.504235565662384 -0.7751176357269287 0.3807086944580078
vn -0.1656613051891327 -0.39504408836364746 0.9036019444465637
vn -0.6191113591194153 0.2685208022594452 0.7379686236381531
vn 0.08060243725776672 0.34404370188713074 0.9354876279830933
vn -0.3635273277759552 0.6129859685897827 0.7014955282211304
vn 0.7388574481010437 -0.6141535639762878 0.2773175835609436
vn -0.18150760233402252 -0.8775094151496887 0.4438830316066742
vn -0.3152696490287781 0.7039206624031067 -0.6364753842353821
vn -0.13528531789779663 0.7791107892990112 -0.6121146082878113
vn -0.16489170491695404 0.8803477883338928 -0.4447455406188965
vn -0.09958985447883606 0.8634642958641052 -0.4944807291030884
vn -0.08231145888566971 0.8809435367584229 -0.4660077691078186
vn -0.039530493319034576 0.7093883752822876 -0.7037084102630615
vn -0.0768178403377533 0.8766533136367798 -0.47495049238204956
vn -0.07597648352384567 0.8630673289299011 -0.49934202432632446
vn -0.1014234870672226 0.8630383014678955 -0.49485158920288086
vn -0.09101086109876633 0.815693199634552 -0.5712807178497314
vn -0.006037210114300251 0.8490421772003174 -0.5282906889915466
vn 0.17005503177642822 0.8845502138137817 -0.43434107303619385
vn -0.020223818719387054 0.9525771141052246 -0.30362468957901
vn -0.14607106149196625 0.8768810033798218 -0.4579770863056183
vn 0.6858051419258118 -0.5808898210525513 -0.4384499788284302
vn 0.08146172016859055 -0.9048354625701904 -0.4178955852985382
vn -0.1715679168701172 -0.9797333478927612 0.10337773710489273
vn 0.7236204147338867 -0.6900972723960876 0.011801966466009617
vn -0.3929683566093445 -0.7352229952812195 -0.5522888898849487
vn -0.8283817768096924 -0.2076086699962616 -0.5202713012695312
vn -0.9009248614311218 0.3456033170223236 -0.2624741792678833
vn -0.6002160310745239 0.7931185960769653 0.10345776379108429
vn -0.529051661491394 0.5628876090049744 0.6350289583206177
vn 0.09079954773187637 0.9864126443862915 0.13691462576389313
vn 0.36790451407432556 0.6857085227966309 0.6280527114868164
vn 0.5209957361221313 -0.45889097452163696 0.7197100520133972
vn 0.10863995552062988 -0.9495898485183716 0.294068843126297
vn 0.903348982334137 0.05177609995007515 0.42576974630355835
vn 0.8238546252250671 -0.32600051164627075 0.4636671543121338
vn 0.25367408990859985 -0.880902111530304 0.39957597851753235
vn 0.7567979097366333 -0.3026500344276428 0.5793616771697998
vn 0.18486656248569489 -0.5441888570785522 0.8183415532112122
vn -0.5590816736221313 -0.7044748663902283 0.43719878792762756
vn -0.9223263263702393 -0.353146493434906 0.15684925019741058
vn -0.9945114850997925 0.09138613194227219 0.05094446614384651
vn -0.9633177518844604 -0.14896853268146515 -0.22322003543376923
vn -0.6247740387916565 0.45594897866249084 -0.6338516473770142
vn -0.6273950338363647 -0.5283794403076172 -0.5720058083534241
vn 0.34849056601524353 -0.7684988379478455 -0.5366226434707642
vn 0.8455747961997986 -0.5166909694671631 -0.13428950309753418
vn 0.6464829444885254 -0.6993961334228516 -0.30480271577835083
vn 0.918587327003479 -0.39463531970977783 0.02145412378013134
vn 0.936417818069458 -0.27678951621055603 0.21566034853458405
vn 0.7629035711288452 0.041139569133520126 0.645202100276947
vn 0.6024015545845032 0.31028103828430176 0.7354169487953186
vn 0.20222137868404388 0.6827171444892883 -0.7021423578262329
vn 0.7258889675140381 0.5321436524391174 -0.4357847571372986
vn 0.8931503295898438 0.4387614130973816 -0.09884799271821976
vn 0.8056143522262573 0.5758429169654846 0.1392495334148407
vn 0.9647524952888489 0.12014847993850708 -0.23413017392158508
vn 0.9470775127410889 0.11475766450166702 0.2997914254665375
vn 0.9458888173103333 0.15291033685207367 0.286204069852829
vn 0.6374005675315857 -0.0580814927816391 0.7683404088020325
vn -0.029500605538487434 0.1928350031375885 0.9807876944541931
vn 0.5115624666213989 0.2595890164375305 0.8190954327583313
vn 0.6677238345146179 0.03925761580467224 -0.7433732151985168
vn 0.6134983897209167 0.20508520305156708 -0.7626006603240967
vn 0.6482735872268677 -0.01728573814034462 -0.7612113952636719
vn 0.9095548391342163 -0.40844833850860596 -0.07668090611696243
vn 0.9003008604049683 -0.3341844379901886 -0.2788892686367035
vn 0.874529242515564 -0.2404983788728714 -0.4211404323577881
vn -0.8370007276535034 0.25967100262641907 -0.48166462779045105
vn -0.635801374912262 -0.06296031177043915 -0.7692804932594299
vn -0.584247887134552 -0.12173578143119812 -0.8023931980133057
vn -0.21956557035446167 -0.0017906251596286893 -0.9755960702896118
vn -0.08844423294067383 0.0022950947750359774 -0.9960784912109375
vn 0.06700378656387329 0.07329012453556061 -0.9950572848320007
vn 0.1142992153763771 0.45818352699279785 -0.8814780116081238
vn -0.28244704008102417 0.3979947865009308 -0.8728252053260803
vn -0.582387387752533 0.7918347120285034 -0.1839093267917633
vn -0.8825989961624146 0.3208003044128418 0.34366580843925476
vn -0.4872627556324005 0.508532702922821 0.7099080085754395
vn -0.7846695184707642 -0.07682769000530243 0.6151351928710938
vn -0.41061046719551086 0.06333045661449432 0.9096089005470276
vn 0.1169087216258049 0.1475723683834076 0.9821174740791321
vn -0.6921888589859009 -0.24913044273853302 0.6773540377616882
vn -0.354289710521698 -0.06266520917415619 0.9330337643623352
vn -0.0010577619541436434 0.075853131711483 0.9971184730529785
vn -0.7704930305480957 0.17355820536613464 0.6133660674095154
vn 0.7687108516693115 0.2844111919403076 -0.5728820562362671
vn 0.9727982878684998 0.2306249439716339 -0.02181154489517212
vn 0.9867209196090698 -0.07483339309692383 -0.14415958523750305
vn -0.224870502948761 -0.09572474658489227 -0.9696752429008484
vn 0.12661448121070862 0.07911649346351624 -0.988791823387146
vn -0.0925624668598175 0.15093882381916046 -0.9841999411582947
vn -0.4581521451473236 0.3546014428138733 -0.8150792717933655
vn -0.667923092842102 0.23900091648101807 -0.7048100829124451
vn -0.7617309093475342 0.23376762866973877 -0.6042505502700806
vn 0.9746930003166199 0.20119674503803253 -0.09743436425924301
vn -0.009201955050230026 0.8318471312522888 -0.5549284815788269
vn 0.18246285617351532 0.8835294246673584 0.4313734769821167
vn 0.4490918219089508 0.6003912687301636 0.6616999506950378
vn 0.48473435640335083 0.6023410558700562 0.6342063546180725
vn 0.9565763473510742 0.2127968966960907 0.1991967111825943
vn 0.7752418518066406 -0.4606403410434723 -0.4322158098220825
vn 0.7726402878761292 -0.496364027261734 -0.3957899212837219
vn 0.8593999743461609 -0.4948291480541229 -0.12874720990657806
vn 0.472637802362442 0.28229522705078125 -0.8348190188407898
vn 0.8389062881469727 -0.3659628927707672 -0.40287405252456665
vn 0.8813651204109192 -0.18605545163154602 -0.43425649404525757
vn 0.5835066437721252 -0.19563408195972443 -0.7881923913955688
vn 0.46145302057266235 -0.5920751094818115 -0.6606876850128174
vn 0.9475422501564026 0.3003970980644226 0.10920337587594986
vn 0.5710345506668091 -0.7742683291435242 -0.2728147506713867
vn 0.19995936751365662 0.7717056274414062 0.6037273406982422
vn 0.5912638306617737 -0.712209165096283 0.3783718943595886
vn 0.8329198360443115 -0.319695383310318 0.4517070949077606
vn 0.929784893989563 -0.23273448646068573 0.2851922810077667
vn 0.8584609627723694 -0.004850313998758793 0.5128560662269592
vn 0.875607967376709 0.007119851652532816 0.48296988010406494
vn 0.8203397989273071 -0.1898728311061859 0.5394358038902283
vn 0.4733751118183136 -0.21745584905147552 0.8535975813865662
vn 0.3638031482696533 -0.34483596682548523 0.8652949929237366
vn 0.919129490852356 -0.22076289355754852 0.32628923654556274
vn 0.9083638191223145 -0.14553236961364746 0.3920400142669678
vn 0.16586162149906158 -0.8708739280700684 0.46267539262771606
vn 0.9814805388450623 0.19155727326869965 0.0013522895751520991
vn 0.8047139048576355 0.3730141818523407 -0.46183985471725464
vn 0.5578573346138 -0.37690967321395874 -0.7394148111343384
vn -0.33075186610221863 -0.8533914685249329 -0.4028972387313843
vn -0.142629474401474 -0.7367395162582397 -0.660962700843811
vn 0.8784524202346802 -0.3604854643344879 -0.3136425316333771
vn 0.01627056673169136 -0.9615780115127563 -0.27404913306236267
vn 0.13845407962799072 -0.5009835362434387 -0.854310154914856
vn -0.78738933801651 -0.6133245825767517 -0.06205744668841362
vn -0.11720018088817596 0.4734944701194763 0.8729645609855652
vn 0.4741164743900299 0.4502049684524536 0.7566564679145813
vn -0.049641888588666916 0.8065823912620544 0.5890336632728577
vn -0.3607838749885559 0.3947940170764923 0.8449690937995911
vn 0.8565813302993774 0.5071659088134766 0.09513714909553528
vn 0.22625552117824554 0.7614282369613647 -0.6074828505516052
vn -0.5508734583854675 -0.8316075801849365 -0.07047830522060394
vn -0.6197769641876221 -0.7844529747962952 -0.02258353680372238
vn -0.40477442741394043 -0.914344847202301 -0.01145834568887949
vn -0.32493340969085693 -0.9417179226875305 -0.0870954692363739
vn 0.4595243036746979 -0.7900592088699341 -0.405763179063797
vn -0.7153523564338684 -0.5738940834999084 -0.3986433446407318
vn -0.3702687919139862 -0.3789563775062561 0.8481115102767944
vn 0.9302730560302734 -0.34736186265945435 0.11803306639194489
vn -0.15048104524612427 -0.6836385726928711 0.7141385674476624
vn -0.37726640701293945 -0.6885677576065063 0.6193096041679382
vn -0.5054092407226562 -0.8505104184150696 0.14557981491088867
vn -0.4596574306488037 -0.8582674860954285 0.22823680937290192
vn 0.3257024884223938 0.4597640335559845 -0.8261566758155823
vn 0.1943279206752777 0.36410510540008545 -0.9108589887619019
vn 0.3808146119117737 0.6331265568733215 -0.6738923788070679
vn 0.3675956130027771 0.6294326782226562 -0.6846078038215637
vn -0.21163733303546906 0.9508572220802307 -0.2260090857744217
vn 0.03009207546710968 0.8811113238334656 -0.471950501203537
vn -0.4064951241016388 0.7329688668251038 0.5454524755477905
vn -0.8359296917915344 -0.47754645347595215 0.27050113677978516
vn -0.29346951842308044 -0.9294795989990234 0.22347983717918396
vn -0.3365224599838257 0.30235975980758667 0.8918133974075317
vn -0.4187573790550232 0.30907705426216125 0.8538814783096313
vn -0.3455154299736023 -0.3095162510871887 0.8858999609947205
vn -0.5756627321243286 0.009521707892417908 0.8176318407058716
vn -0.6373971700668335 0.7639520764350891 -0.10050885379314423
vn 0.7895451188087463 0.3373892903327942 -0.5126276612281799
vn -0.7736335396766663 -0.519411027431488 0.3629096746444702
vn -0.3846765458583832 -0.8256957530975342 0.4126140773296356
vn -0.288200706243515 -0.5123496651649475 0.808973491191864
vn -0.05471755564212799 -0.5211461186408997 0.8517116904258728
vn -0.04182880371809006 0.4893868863582611 -0.8710630536079407
vn 0.7762529850006104 0.3817298114299774 -0.5017105937004089
vn 0.9969278573989868 -0.07253708690404892 -0.0295528806746006
vn 0.41155746579170227 -0.8818880915641785 -0.22998632490634918
vn 0.9600868821144104 0.17647787928581238 -0.21699956059455872
vn 0.06469511240720749 -0.06901495903730392 -0.9955157041549683
vn 0.31870323419570923 0.5163522362709045 -0.7948638796806335
vn 0.9325214624404907 0.14696915447711945 -0.3298541307449341
vn 0.5795589089393616 0.6358807682991028 0.5096733570098877
vn -0.6419888138771057 0.7455988526344299 0.17869728803634644
vn -0.8305026888847351 0.4047747552394867 -0.3826519250869751
vn -0.6032042503356934 -0.21431373059749603 -0.7682541012763977
vn 0.6433102488517761 0.45323726534843445 0.6170313954353333
vn -0.048351965844631195 0.4460911452770233 0.8936803936958313
vn 0.5150806903839111 -0.5592642426490784 -0.649550199508667
vn 0.9793622493743896 -0.11357222497463226 -0.16718514263629913
vn -0.3766498565673828 0.9219971895217896 0.0897558256983757
vn 0.4139065146446228 0.8877925276756287 0.2012610137462616
vn 0.3104313313961029 0.056671082973480225 -0.9489049911499023
vn 0.7653152942657471 0.42212599515914917 -0.4859032928943634
vn 0.003500162623822689 0.9983238577842712 -0.05776878073811531
vn -0.49266499280929565 0.241660937666893 -0.8359912037849426
vn -0.7227380871772766 0.6323269605636597 0.27894845604896545
vn -0.005241143982857466 -0.7265056371688843 -0.6871404051780701
vn -0.33780184388160706 -0.8434489369392395 -0.4177124798297882
vn 0.8226026296615601 0.3903047740459442 0.4135056436061859
vn 0.7147262692451477 0.4498445689678192 0.5355430841445923
vn -0.4884722828865051 0.3358795940876007 0.8053445816040039
vn 0.5528082847595215 0.059951189905405045 0.831149160861969
vn -0.5915636420249939 0.8027955293655396 -0.07464516907930374
vn -0.006264176219701767 0.9408193826675415 -0.3388504683971405
vn -0.07636313885450363 0.004789786878973246 -0.9970685839653015
vn 0.5896435379981995 -0.3881199359893799 -0.7082962393760681
vn 0.8796284198760986 -0.47537603974342346 -0.016476759687066078
vn 0.9554778337478638 -0.2836814522743225 0.08115976303815842
vn 0.9570481777191162 -0.03478711470961571 0.2878342270851135
vn -0.18894585967063904 -0.7895188331604004 0.5839174389839172
vn -0.6563381552696228 -0.3091012239456177 -0.6882417798042297
vn -0.8541993498802185 0.07739414274692535 -0.5141533613204956
vn 0.034120213240385056 0.12076494097709656 -0.9920945763587952
vn 0.7330026030540466 0.22003835439682007 -0.643653929233551
vn -0.22775645554065704 0.11234729737043381 -0.9672151803970337
vn -0.7013455033302307 -0.46962669491767883 -0.5362511277198792
vn 0.4085046052932739 -0.6865634322166443 -0.601460337638855
vn -0.340364545583725 0.6585938930511475 -0.6711229085922241
vn -0.34913524985313416 0.7166039347648621 -0.6038074493408203
vn -0.3149384558200836 0.6687631607055664 -0.6734758615493774
vn -0.24182634055614471 0.6628643274307251 -0.7086120247840881
vn 0.6780297756195068 0.5830482840538025 0.4475826323032379
vn -0.13838867843151093 0.41397103667259216 0.8997092247009277
vn -0.5989251732826233 -0.44013896584510803 0.669003963470459
vn -0.987662136554718 0.15651650726795197 -0.005101684480905533
vn 0.9107147455215454 -0.16741031408309937 -0.37758782505989075
vn 0.3735887408256531 -0.8234407305717468 -0.42705613374710083
vn 0.8589197993278503 -0.17160482704639435 0.482502281665802
vn 0.6077340841293335 0.0586056187748909 0.7919751405715942
vn 0.9953749179840088 -0.09515933692455292 -0.013170096091926098
vn -0.6062747240066528 -0.5816567540168762 0.5423157215118408
vn -0.9317984580993652 -0.2705654799938202 -0.24196305871009827
vn 0.9636582136154175 -0.062042590230703354 -0.25983378291130066
vn 0.9226639270782471 -0.07214709371328354 0.3787955939769745
vn 0.6325824856758118 0.6890272498130798 -0.3536679446697235
vn 0.8643287420272827 -0.023423485457897186 -0.5023815631866455
vn -0.30163541436195374 -0.5086005926132202 -0.8064374923706055
vn -0.7697152495384216 -0.0471682995557785 -0.6366425156593323
vn -0.982238233089447 0.16465258598327637 -0.08998671919107437
vn -0.7693010568618774 -0.06428149342536926 -0.635644257068634
vn -0.6744351983070374 -0.6368421316146851 -0.37358951568603516
vn -0.7322274446487427 -0.668788731098175 -0.1287035346031189
vn -0.266178160905838 -0.740088939666748 -0.617590069770813
vn -0.14892202615737915 -0.988332211971283 -0.03196648135781288
vn -0.22615908086299896 0.6928110718727112 -0.6847371459007263
vn -0.2093553990125656 0.7920003533363342 -0.5735028982162476
vn -0.3334457278251648 0.5903132557868958 -0.735081136226654
vn 0.07178511470556259 -0.0007447554380632937 0.9974198341369629
vn 0.007540220860391855 0.6356706023216248 0.7719235420227051
vn -0.4176752269268036 0.6578394770622253 0.6267334222793579
vn 0.006076747551560402 -0.009029603563249111 0.9999407529830933
vn -0.3778785765171051 0.6226421594619751 0.6852186918258667
vn 0.6363188028335571 0.7671167254447937 0.08142668753862381
vn -0.5167591571807861 0.8170628547668457 0.2556721568107605
vn -0.4154990315437317 -0.466897577047348 -0.780619740486145
vn -0.3594965934753418 0.16028665006160736 -0.9192770719528198
vn 0.024174220860004425 -0.9939828515052795 -0.10683438926935196
vn 0.21421872079372406 -0.9676722884178162 -0.13311895728111267
vn 0.26911699771881104 -0.6123653650283813 -0.7433604001998901
vn -0.4062269926071167 -0.8457581400871277 -0.3459376394748688
vn 0.015446019358932972 -0.34845101833343506 0.9371997714042664
vn -0.30447423458099365 0.9010519981384277 -0.30887025594711304
vn -0.15905991196632385 0.7973411679267883 -0.5821915864944458
vn -0.3325258791446686 0.9426865577697754 -0.02772330306470394
vn 0.006883572321385145 0.8625027537345886 0.5060054063796997
vn 0.29982760548591614 0.9434869289398193 0.1411946713924408
vn -0.34591084718704224 -0.9069753289222717 0.24029424786567688
vn 0.4534069895744324 -0.7092645168304443 0.5397830605506897
vn 0.31415843963623047 -0.9488837122917175 -0.03040045127272606
vn -0.2026877999305725 0.07434407621622086 0.9764171838760376
vn 0.19901543855667114 -0.828762948513031 0.523015022277832
vn 0.29909664392471313 -0.9414447546005249 -0.15563692152500153
vn -0.35493341088294983 0.5746508240699768 0.7374271154403687
vn 0.4112708866596222 0.242239311337471 0.8787356615066528
vn 0.6665034890174866 0.11747373640537262 0.7361881136894226
vn -0.4273239076137543 0.8948171734809875 0.12921510636806488
vn 0.3640623092651367 0.06664812564849854 -0.9289868474006653
vn -0.5454614162445068 0.7256641983985901 -0.41938456892967224
vn 0.5735103487968445 -0.31712600588798523 -0.7553256154060364
vn 0.475200355052948 0.27786558866500854 -0.8348504900932312
vn 0.1190154105424881 0.8370757102966309 -0.5339846611022949
vn 0.0574311763048172 -0.23302413523197174 -0.9707736372947693
vn -0.18593329191207886 0.3128211796283722 -0.9314353466033936
vn 0.5849252939224243 0.5036635994911194 0.6357557773590088
vn 0.6380585432052612 -0.41157296299934387 0.6507604122161865
vn 0.22609390318393707 -0.7602101564407349 0.6090665459632874
vn 0.5679442286491394 -0.8156459331512451 0.11027707904577255
vn -0.23322784900665283 0.5513246655464172 -0.8010280132293701
vn -0.48002371191978455 0.5842500925064087 -0.6543923020362854
vn -0.07880350202322006 0.8335340023040771 -0.5468189716339111
vn -0.324847936630249 0.9451733827590942 0.033481378108263016
vn -0.5827460885047913 0.6592230200767517 0.4752177894115448
vn -0.5251557230949402 0.7625200748443604 -0.37785524129867554
vn -0.7112650275230408 0.3712187707424164 -0.5969076156616211
vn -0.48525354266166687 0.42600196599960327 -0.763577938079834
vn 0.45036330819129944 -0.8330067992210388 -0.32136040925979614
vn -0.514335036277771 -0.28390955924987793 -0.8092309832572937
vn -0.7935782074928284 0.569841206073761 0.21334140002727509
vn 0.5297711491584778 -0.8379512429237366 -0.13107310235500336
vn -0.19557072222232819 -0.9651105403900146 -0.17410854995250702
vn 0.43870869278907776 -0.8742937445640564 -0.20771397650241852
vn -0.6352717876434326 -0.6131404042243958 0.46956199407577515
vn -0.45180490612983704 -0.8912152647972107 -0.04009619355201721
vn 0.20809632539749146 -0.9778723120689392 0.021489260718226433
vn 0.4979419708251953 -0.8578224182128906 -0.12725719809532166
vn -0.3589141070842743 -0.8965885043144226 0.2594413161277771
vn -0.9679083228111267 -0.08542212098836899 0.23633995652198792
vn -0.9828494191169739 0.17415259778499603 0.06064533442258835
vn -0.1605052798986435 0.9062492251396179 0.39108866453170776
vn -0.4285111725330353 0.838949978351593 0.3354714810848236
vn -0.36334189772605896 0.8301553130149841 0.4228770136833191
vn -0.07799279689788818 0.9420310854911804 0.32633495330810547
vn -0.26418986916542053 0.930010199546814 0.25550857186317444
vn -0.7633280158042908 0.6458951234817505 -0.012233085930347443
vn -0.5258914232254028 0.8504657745361328 -0.012087926268577576
vn -0.4686334431171417 0.8783053159713745 0.09466978162527084
vn -0.39960116147994995 0.9160106182098389 0.03526148200035095
vn -0.5645924806594849 0.7957606911659241 0.2190898209810257
vn -0.7412143349647522 0.47340768575668335 0.47590604424476624
vn -0.8222221732139587 0.5185444951057434 -0.23465369641780853
vn -0.4464056193828583 0.8928256034851074 -0.05987108498811722
vn -0.8280629515647888 0.4262580871582031 0.3641646206378937
vn -0.6941829323768616 0.17138247191905975 0.6990980505943298
vn 0.6197388768196106 -0.6063899993896484 -0.49821165204048157
vn 0.5718600153923035 -0.8152357339859009 -0.09147058427333832
vn 0.3046780526638031 -0.952178418636322 -0.022969722747802734
vn -0.15937671065330505 -0.9697508215904236 -0.18488509953022003
vn 0.25727179646492004 -0.9081892967224121 -0.33015674352645874
vn 0.6441294550895691 -0.5951160788536072 -0.4805559813976288
vn -0.9738070964813232 0.2222844362258911 0.04784676432609558
vn -0.9113345146179199 0.39322081208229065 -0.12184762209653854
vn 0.5275328755378723 -0.7368543148040771 0.4227939248085022
vn 0.7131053805351257 -0.45141905546188354 0.5363781452178955
vn 0.9204911589622498 -0.3089979290962219 0.23919957876205444
vn 0.7295750975608826 -0.6826748847961426 -0.040929075330495834
vn 0.40494945645332336 -0.8502126932144165 0.336384117603302
vn -0.001349629950709641 -0.9593632221221924 -0.2821705937385559
vn -0.7936009168624878 -0.5638949275016785 -0.2285173237323761
vn 0.576363742351532 -0.8064243793487549 0.13222864270210266
vn -0.40255433320999146 0.9048798084259033 0.13835608959197998
vn -0.4671964943408966 0.8619306087493896 0.19698476791381836
vn 0.13462035357952118 0.9155786037445068 -0.3789368271827698
vn 0.15827974677085876 0.9713503122329712 -0.17727398872375488
vn -0.3887890577316284 0.7749073505401611 0.4983588457107544
vn -0.6120237112045288 0.5083534717559814 0.6058081984519958
vn -0.31188714504241943 0.9069468379020691 -0.28314968943595886
vn 0.6320317983627319 -0.6712303757667542 -0.3872797191143036
vn 0.40438735485076904 -0.8889067769050598 -0.2152106910943985
vn 0.555537223815918 -0.8310813307762146 -0.02611936442553997
vn -0.370253324508667 0.7500039935112 -0.5480933785438538
vn -0.5020135045051575 0.707167387008667 -0.4978923201560974
vn -0.48873916268348694 0.40740737318992615 -0.7714618444442749
vn -0.48294633626937866 0.34673142433166504 -0.8040772080421448
vn 0.6138577461242676 0.5767034888267517 0.5390657782554626
vn 0.3895687460899353 -0.857871949672699 0.3350997865200043
vn 0.05294465646147728 -0.9209268093109131 -0.3861226439476013
vn -0.40667209029197693 -0.5975791215896606 -0.691025972366333
vn 0.02288217283785343 -0.9964896440505981 0.08052821457386017
vn -0.11885393410921097 -0.9796381592750549 0.16181141138076782
vn -0.13705962896347046 -0.8610050678253174 -0.48978036642074585
vn 0.2926987111568451 -0.9548749923706055 0.050407908856868744
vn 0.10463312268257141 -0.8378086090087891 -0.5358438491821289
vn 0.02735023759305477 -0.9891988635063171 0.14400522410869598
vn 0.15852931141853333 -0.9780133366584778 0.13549336791038513
vn 0.19281360507011414 -0.27972954511642456 -0.9405180811882019
vn 0.15823820233345032 -0.2915419638156891 -0.9433789849281311
vn 0.201978400349617 -0.8549214601516724 0.4778220057487488
vn 0.0983099713921547 -0.9040851593017578 -0.41589072346687317
vn 0.29140186309814453 -0.9509595036506653 0.10373490303754807
vn 0.2561150789260864 -0.9638558626174927 -0.07339633256196976
vn -0.7180227041244507 0.24967283010482788 0.6496975421905518
vn -0.16630202531814575 -0.906378448009491 0.38835781812667847
vn 0.1711052656173706 -0.7505471706390381 0.63828045129776
vn -0.35673418641090393 0.5074456334114075 0.7843721508979797
vn -0.4922494888305664 0.8684641718864441 -0.058825381100177765
vn -0.7964307069778442 0.5241839289665222 -0.3015448749065399
vn -0.6653062105178833 -0.6930442452430725 -0.27759215235710144
vn -0.37354251742362976 0.12835784256458282 -0.9186894297599792
vn -0.4072737693786621 0.8752104640007019 -0.2610265612602234
vn -0.2521446943283081 0.5208117961883545 -0.8155845403671265
vn -0.3766316771507263 0.9192989468574524 0.11418450623750687
vn -0.30660441517829895 0.6312816143035889 -0.7123744487762451
vn -0.3677530586719513 0.9095039963722229 0.19380421936511993
vn -0.22259323298931122 0.729929506778717 -0.6462624669075012
vn -0.21396344900131226 0.7869156002998352 0.5787776708602905
vn -0.12940169870853424 0.9165594577789307 -0.3783835470676422
vn -0.06598515063524246 0.009684537537395954 -0.9977735877037048
vn -0.24051864445209503 0.29552504420280457 0.924562394618988
vn -0.3930862843990326 0.3324477970600128 0.8572990298271179
vn -0.1528339982032776 0.3144453763961792 0.9368916749954224
vn -0.22545231878757477 -0.5468538999557495 0.8063014149665833
vn -0.2420128732919693 -0.5770763754844666 0.78000807762146
vn -0.14892928302288055 0.4261479675769806 0.8923104405403137
vn 0.02797309309244156 -0.603011965751648 0.7972415089607239
vn -0.30897119641304016 0.5829955339431763 0.7514339089393616
vn 0.13791105151176453 -0.659515380859375 0.7389316558837891
vn -0.3413015305995941 -0.638911247253418 0.6894241571426392
vn -0.5456132888793945 -0.5514355897903442 0.6310507655143738
vn -0.6088612079620361 0.34966424107551575 0.712055504322052
vn -0.8884350061416626 -0.3119037449359894 0.3367482125759125
vn -0.8582324981689453 0.4059041440486908 0.31413179636001587
vn -0.9284486770629883 -0.3708345592021942 0.021559981629252434
vn -0.6432137489318848 0.3886834979057312 -0.6596978306770325
vn -0.8417159914970398 0.5238640308380127 -0.13069303333759308
vn -0.8465721607208252 0.41886258125305176 0.3284352421760559
vn -0.9171337485313416 0.39030465483665466 -0.08079571276903152
vn 0.7708741426467896 -0.3872489333152771 -0.5057582855224609
vn 0.2975567579269409 0.7472475171089172 -0.5942063331604004
vn 0.6677393317222595 -0.3412376940250397 -0.66157466173172
vn -0.43758076429367065 0.8428845405578613 0.3131590485572815
vn 0.36889928579330444 0.8558217287063599 -0.3626052141189575
vn 0.816551148891449 -0.28335118293762207 0.5029478073120117
vn -0.1913575679063797 -0.9809238910675049 0.03421330451965332
vn -0.775840163230896 -0.6308585405349731 0.009466192685067654
vn -0.14849092066287994 -0.9882556796073914 0.03606921806931496
vn -0.8128788471221924 -0.582101583480835 -0.019638212397694588
vn -0.9298218488693237 0.3627626895904541 -0.06192402541637421
vn -0.9194938540458679 0.39293235540390015 0.011630135588347912
vn -0.8908751606941223 0.448130339384079 -0.07429962605237961
vn -0.9146332144737244 0.4023122191429138 0.03988651931285858
vn -0.826056718826294 0.5571835041046143 -0.08471569418907166
vn -0.8355166912078857 0.5455449223518372 0.06551818549633026
vn -0.3330745995044708 0.9414264559745789 -0.0527016818523407
vn 0.01904810592532158 0.9963719844818115 0.08294621109962463
vn 0.44273683428764343 0.8947396278381348 -0.05852535739541054
vn 0.46659544110298157 0.8844693899154663 -0.0016574477776885033
vn 0.5421872138977051 0.8399329781532288 -0.02335740625858307
vn 0.5527348518371582 0.8317046165466309 -0.052456293255090714
vn 0.5460253953933716 0.8043919801712036 0.23411476612091064
vn 0.8781958818435669 0.46670010685920715 -0.10470382124185562
vn 0.8999614715576172 0.4298413097858429 0.07284028828144073
vn 0.9904842972755432 -0.06563344597816467 0.12096767872571945
vn 0.9542952179908752 -0.2492273449897766 -0.1649436354637146
vn 0.9093798995018005 -0.34417977929115295 0.2335987538099289
vn 0.9552125930786133 -0.26929157972335815 -0.12268276512622833
vn 0.9407482743263245 -0.27372682094573975 0.20016594231128693
vn 0.8432186245918274 -0.5308363437652588 -0.0848248153924942
vn 0.47109532356262207 -0.8565171360969543 0.2108255922794342
vn -0.2866998314857483 -0.9564678072929382 -0.05451994016766548
vn -0.5973848700523376 -0.8004938364028931 0.048382718116045
vn -0.578050434589386 -0.8159506320953369 -0.009065036661922932
vn -0.44806864857673645 -0.8930665850639343 0.04082190990447998
vn -0.4037272334098816 -0.9148744940757751 -0.0030187126249074936
vn -0.21183118224143982 -0.9764435887336731 0.04105498269200325
vn 0.9125560522079468 -0.16087126731872559 0.37598133087158203
vn 0.7868162989616394 0.6167893409729004 0.022155268117785454
vn 0.5496655702590942 0.8290505409240723 -0.10267855226993561
vn 0.5461745858192444 0.7421583533287048 -0.38845112919807434
vn 0.5145222544670105 0.8453297019004822 -0.14382147789001465
vn 0.521742582321167 0.7656131386756897 -0.37632593512535095
vn -0.030290760099887848 0.9776116013526917 -0.2082255780696869
vn -0.7469173669815063 0.6487832069396973 -0.14558425545692444
vn -0.8585716485977173 0.4693310558795929 -0.2063567042350769
vn -0.9477629661560059 0.3149726986885071 -0.05037587881088257
vn -0.7139602303504944 -0.672654390335083 0.19441424310207367
vn 0.6335353851318359 -0.3635995090007782 0.6829556226730347
vn 0.8097570538520813 -0.4398690462112427 0.3883410394191742
vn 0.07973557710647583 0.6301931142807007 0.7723333835601807
vn -0.8644177317619324 0.4661715030670166 0.18832476437091827
vn 0.49637728929519653 0.009310797788202763 0.8680568933486938
vn -0.05337100103497505 0.7949793338775635 0.6042842268943787
vn 0.5080905556678772 -0.8276973962783813 -0.238245889544487
vn 0.1646474301815033 0.16479817032814026 -0.9724879264831543
vn 0.8579622507095337 -0.5055428147315979 -0.09125309437513351
vn 0.2817544937133789 0.4937279522418976 -0.8227071762084961
vn 0.8969410061836243 -0.4275675117969513 0.11261799931526184
vn 0.38003039360046387 -0.7766135334968567 0.502442479133606
vn -0.8844263553619385 0.1030823364853859 0.45515286922454834
vn -0.6742386221885681 0.6853371858596802 -0.27516382932662964
vn -0.8109323978424072 0.5350919961929321 -0.23678062856197357
vn 0.6754159927368164 -0.43102145195007324 -0.598359227180481
vn -0.26919683814048767 -0.9571143388748169 -0.10707640647888184
vn -0.10620473325252533 -0.9231932759284973 0.36937087774276733
vn -0.2881835699081421 -0.8868981003761292 0.3610566556453705
vn -0.4249498248100281 -0.8976892828941345 0.11649735271930695
vn -0.08708150684833527 -0.9952295422554016 0.043989285826683044
vn 0.7584144473075867 -0.38731932640075684 0.5242052674293518
vn 0.17948347330093384 -0.5327931046485901 0.8269928097724915
vn 0.7392277717590332 -0.6637178063392639 0.11410949379205704
vn 0.7126688361167908 -0.013248122297227383 0.7013754844665527
vn 0.9034712314605713 -0.03996426984667778 0.4267817437648773
vn 0.8722120523452759 -0.1379699558019638 0.46926575899124146
vn 0.7213834524154663 -0.25822192430496216 0.6425942778587341
vn 0.3858147859573364 -0.48615241050720215 0.7840936779975891
vn 0.7673406004905701 -0.3977831304073334 0.5029483437538147
vn 0.5880277156829834 -0.7308678030967712 0.3464905023574829
vn 0.8950151801109314 0.023485751822590828 0.4454168379306793
vn 0.9575105905532837 -0.185693621635437 0.22066092491149902
vn 0.9402902126312256 0.0559677891433239 0.3357410728931427
vn 0.6587393283843994 -0.050496477633714676 -0.7506749033927917
vn 0.8677142858505249 -0.10631079971790314 -0.4855616092681885
vn 0.6107363104820251 -0.5653810501098633 -0.5543873906135559
vn 0.2959362268447876 -0.5311219096183777 -0.7939339876174927
vn 0.6749706864356995 -0.3125210702419281 -0.6683899760246277
vn 0.8148731589317322 -0.15481092035770416 -0.5585834383964539
vn 0.38601768016815186 -0.5028829574584961 -0.7733685970306396
vn -0.3130773603916168 -0.9428710341453552 -0.11391556262969971
vn -0.10049914568662643 -0.9674583673477173 -0.23221591114997864
vn -0.13727083802223206 -0.9798397421836853 -0.14515803754329681
vn -0.37895143032073975 -0.9249425530433655 -0.029614536091685295
vn -0.25492244958877563 -0.9669598340988159 -0.0018253583693876863
vn -0.15451058745384216 -0.9876106381416321 -0.027418103069067
vn -0.09965886920690536 -0.9533611536026001 -0.2849046587944031
vn 0.9665442109107971 0.0795515850186348 -0.24385230243206024
vn 0.8495596051216125 0.24093449115753174 -0.4692537188529968
vn 0.6674466729164124 0.6502878665924072 0.36282312870025635
vn 0.79448401927948 0.31737545132637024 -0.5177527666091919
vn 0.41206449270248413 0.6650339961051941 -0.6228423714637756
vn 0.4287465512752533 0.828368604183197 0.3605301082134247
vn 0.5399155616760254 0.6377487778663635 0.549333930015564
vn 0.2891177535057068 0.6251442432403564 0.7249865531921387
vn 0.7314459085464478 0.6271616220474243 -0.2676847279071808
vn 0.6159470081329346 0.7231155633926392 -0.31259098649024963
vn 0.36204108595848083 0.7362186312675476 -0.571759045124054
vn 0.44200369715690613 0.8249107599258423 -0.3523563742637634
vn 0.30491265654563904 0.7346670031547546 0.6060468554496765
vn 0.9385015368461609 -0.0047088745050132275 -0.3452432453632355
vn -0.4126773476600647 0.6331795454025269 -0.6548137664794922
vn 0.24505749344825745 0.3863425850868225 -0.8892055153846741
vn 0.6829869747161865 -0.12025123834609985 -0.7204639315605164
vn -0.6270791292190552 -0.6340383887290955 0.4525120258331299
vn 0.10543912649154663 -0.3476458489894867 0.9316785931587219
vn 0.8883427977561951 0.37237653136253357 -0.26866859197616577
vn -0.46651023626327515 0.8318887948989868 -0.3005481958389282
vn -0.9601960778236389 -0.14882957935333252 0.23637515306472778
vn -0.8071122765541077 -0.5169713497161865 -0.2851496636867523
vn -0.3463689982891083 0.9091195464134216 0.23136603832244873
vn -0.5444612503051758 0.6353987455368042 0.5475677251815796
vn 0.027023186907172203 0.4547870457172394 0.8901902437210083
vn -0.696336567401886 0.36108919978141785 0.6202660202980042
vn 0.694854199886322 0.4752458333969116 0.539739727973938
vn -0.8274983167648315 0.5444191694259644 0.13731056451797485
vn 0.30687978863716125 0.8169673085212708 0.48825135827064514
vn -0.361664354801178 0.06810362637042999 0.9298176765441895
vn -0.34263479709625244 0.9391950964927673 -0.022671066224575043
vn 0.5884196758270264 0.7527511119842529 -0.29517439007759094
vn 0.5772010087966919 0.5567830801010132 0.5973538756370544
vn 0.15054555237293243 -0.3909114897251129 0.9080331921577454
vn -0.21701720356941223 -0.7040591239929199 0.6761687397956848
vn -0.23993751406669617 -0.831940770149231 -0.5003043413162231
vn -0.4117104709148407 -0.3405071198940277 -0.8453102111816406
vn -0.6943765878677368 -0.15025755763053894 -0.7037497162818909
vn -0.07240084558725357 -0.7673051357269287 -0.6371819376945496
vn -0.4228437542915344 -0.8058464527130127 0.4145053029060364
vn -0.7057400941848755 -0.6947809457778931 0.13860103487968445
vn -0.48719537258148193 -0.8477061986923218 0.2098446935415268
vn -0.8059554696083069 -0.5078561305999756 0.30416738986968994
vn 0.8373706340789795 -0.3775038719177246 -0.39534953236579895
vn 0.5207295417785645 -0.6454800367355347 0.5587450861930847
vn 0.6046268939971924 0.793972909450531 -0.06350857019424438
vn -0.6674705147743225 0.7270934581756592 -0.1606806516647339
vn 0.5657446980476379 0.6159219741821289 0.5482454299926758
vn 0.44638538360595703 0.577311098575592 0.6837046146392822
vn -0.11640704423189163 -0.12088840454816818 0.9858170747756958
vn 0.14535240828990936 0.22384586930274963 0.9637249112129211
vn 0.4492899179458618 0.592104434967041 0.6689924001693726
vn 0.893394410610199 0.3912909924983978 0.22076645493507385
vn 0.20282086730003357 -0.857883870601654 0.4721217751502991
vn 0.5098479390144348 0.3953022360801697 -0.7640623450279236
vn 0.3474537134170532 0.5060296654701233 -0.789436399936676
vn 0.5038241147994995 0.49929624795913696 -0.7048861384391785
vn -0.5010043978691101 -0.7907034158706665 -0.35182759165763855
vn -0.5391387939453125 -0.3449360728263855 -0.7683414220809937
vn -0.29971879720687866 -0.6602191925048828 0.6886793971061707
vn -0.9693069458007812 -0.15126726031303406 0.19381015002727509
vn -0.8922736048698425 -0.20724710822105408 0.4011192321777344
vn -0.33211973309516907 -0.886640727519989 0.321814626455307
vn -0.06553077697753906 -0.8242196440696716 0.5624657869338989
vn -0.6498816609382629 -0.7531986236572266 -0.10171433538198471
vn 0.686172604560852 0.4058303236961365 -0.6037125587463379
vn 0.3094140291213989 0.10887668281793594 -0.9446739554405212
vn 0.8186923861503601 0.13583672046661377 -0.5579348802566528
vn 0.9327937960624695 0.32804006338119507 0.14928361773490906
vn 0.11317671090364456 0.36237961053848267 -0.9251335859298706
vn 0.10411293804645538 -0.48736846446990967 -0.8669673800468445
vn 0.6122524738311768 -0.6386948823928833 -0.4660641551017761
vn 0.9493713974952698 0.1340293288230896 -0.2841305136680603
vn -0.12061038613319397 0.9749006032943726 0.18714158236980438
vn -0.7421659231185913 0.5718207955360413 -0.3495863974094391
vn 0.9279575943946838 0.37226390838623047 -0.017733227461576462
vn 0.5561744570732117 0.5632849335670471 0.6110484004020691
vn -0.26802322268486023 -0.5394462943077087 -0.7982238531112671
vn -0.33764103055000305 -0.7833932638168335 -0.5218174457550049
vn -0.9263793230056763 -0.10749039798974991 -0.36092549562454224
vn -0.7327268123626709 -0.46345582604408264 -0.498317152261734
vn -0.060338493436574936 -0.9120033979415894 -0.4057205319404602
vn 0.32893088459968567 0.8269662261009216 -0.4559948444366455
vn 0.3372277617454529 0.7836960554122925 -0.5216302275657654
vn -0.23865863680839539 0.8800202012062073 -0.41061732172966003
vn 0.19401615858078003 0.9386927485466003 0.28498008847236633
vn 0.22831124067306519 0.7032777070999146 0.6732564568519592
vn -0.08027830719947815 0.5398105382919312 -0.837949812412262
vn -0.536022424697876 0.836749792098999 -0.11193579435348511
vn -0.8916926980018616 -0.45239904522895813 -0.01480840053409338
vn -0.438161700963974 -0.8985663652420044 0.02434839867055416
vn -0.205484077334404 -0.9755822420120239 0.07756071537733078
vn 0.9238367080688477 -0.08950406312942505 0.37217578291893005
vn 0.981978178024292 0.05623467266559601 -0.1804341822862625
vn 0.8997370600700378 0.3948841094970703 0.1858488917350769
vn 0.24796558916568756 -0.9412444829940796 0.22928541898727417
vn -0.2538244426250458 -0.9631675481796265 -0.0887765884399414
vn 0.10082043707370758 -0.9601612687110901 0.26062527298927307
vn -0.15633638203144073 0.9648926854133606 -0.21104715764522552
vn 0.2794440984725952 0.7348713874816895 -0.6179603934288025
vn 0.5814727544784546 0.5435567498207092 -0.6053391695022583
vn 0.9788233637809753 0.15668559074401855 -0.13173671066761017
vn 0.9842592477798462 0.07604660093784332 -0.15953266620635986
vn -0.9706103801727295 0.22160065174102783 0.09385380893945694
vn -0.9812909960746765 0.07741013169288635 0.1762831211090088
vn -0.9908555746078491 0.10100723057985306 0.08945866674184799
vn -0.9654646515846252 0.2525409162044525 0.06403910368680954
vn -0.9683482050895691 0.24942851066589355 0.009337862022221088
vn -0.9473375678062439 0.25981441140174866 0.18721134960651398
vn -0.9608497619628906 0.2770688235759735 0.0007769042858853936
vn 0.9531463384628296 -0.09676806628704071 -0.28661471605300903
vn 0.24296927452087402 0.7562527060508728 -0.607492983341217
vn 0.715926468372345 0.6823671460151672 -0.1477309614419937
vn 0.9883837699890137 -0.0937582477927208 0.11961082369089127
vn 0.990924060344696 -0.06404080241918564 0.11818721145391464
vn -0.9698172211647034 0.23446233570575714 -0.06694850325584412
vn -0.9586378931999207 0.25075897574424744 -0.13466055691242218
vn -0.8412387371063232 0.17923620343208313 -0.5100899934768677
vn -0.9115175604820251 0.40715304017066956 -0.05798535421490669
vn -0.9886170029640198 -0.14516666531562805 0.03953661769628525
vn 0.06557588279247284 -0.9978463649749756 -0.0015585689106956124
vn 0.16430652141571045 0.0383562333881855 0.9856632351875305
vn 0.43836256861686707 -0.6219549179077148 0.648853063583374
vn 0.4385963976383209 -0.8435459733009338 -0.3099408447742462
vn 0.5201497673988342 -0.3822360634803772 -0.7637668251991272
vn -0.04969247058033943 -0.9532643556594849 -0.2980232238769531
vn 0.0606624037027359 -0.26901504397392273 -0.9612237811088562
vn 0.4760156273841858 -0.8794273734092712 0.004077760968357325
vn 0.3612387180328369 0.044323455542325974 -0.9314193725585938
vn -0.8228622674942017 -0.5681522488594055 0.010036547668278217
vn -0.07653355598449707 -0.7895911335945129 -0.6088418960571289
vn 0.060733068734407425 0.035056911408901215 -0.9975382089614868
vn -0.8818009495735168 0.2237265557050705 0.41517892479896545
vn 0.03337743133306503 0.09636589139699936 0.994786262512207
vn -0.08736243098974228 -0.6245027780532837 0.776121199131012
vn -0.7285319566726685 -0.546662449836731 0.4127970039844513
vn 0.7644227147102356 -0.13316483795642853 0.6308130025863647
vn 0.48388373851776123 -0.3322873115539551 0.8095934987068176
vn -0.1641414314508438 -0.1406487077474594 0.9763583540916443
vn -0.19458656013011932 0.09347803890705109 0.9764209389686584
vn 0.5362070202827454 -0.40943482518196106 0.7381362915039062
vn 0.8419266939163208 -0.30270442366600037 0.44668710231781006
vn 0.29809075593948364 0.6236403584480286 0.7226441502571106
vn -0.09605962783098221 0.052623458206653595 0.9939835071563721
vn -0.18569006025791168 0.24948813021183014 0.9504076838493347
vn 0.5697993636131287 -0.11339481920003891 -0.8139228224754333
vn 0.006791515275835991 0.2999577820301056 -0.9539282917976379
vn 0.3882606029510498 0.743074357509613 -0.5450634956359863
vn -0.19810618460178375 -0.039737578481435776 -0.9793747067451477
vn -0.5874273180961609 0.5995386838912964 0.5435830354690552
vn -0.5183731913566589 0.83976149559021 0.16152355074882507
vn -0.6927341818809509 0.4930415749549866 0.5263358950614929
vn -0.6097858548164368 0.7907485961914062 0.05364376679062843
vn 0.44354912638664246 -0.6477167010307312 0.6194573044776917
vn 0.2873893082141876 -0.9488011598587036 0.13108663260936737
vn -0.33050262928009033 -0.9104761481285095 0.24859857559204102
vn 0.34484153985977173 -0.8351138830184937 0.4285663962364197
vn -0.4032546579837799 0.9103103876113892 -0.09338457882404327
vn -0.4066992998123169 0.8836804628372192 -0.2317425161600113
vn -0.5120418667793274 0.6984001398086548 -0.5000503659248352
vn -0.49171051383018494 0.8700659275054932 0.034725967794656754
vn -0.6100277304649353 0.5243335962295532 -0.5940878987312317
vn -0.6119532585144043 0.7867961525917053 -0.08040615916252136
vn 0.1623813956975937 -0.9739825129508972 -0.15808354318141937
vn 0.5751782655715942 -0.8123721480369568 0.09602830559015274
vn 0.30758124589920044 -0.7321604490280151 0.6077291965484619
vn 0.09834716469049454 -0.9766076803207397 0.19122041761875153
vn -0.37998756766319275 -0.21952904760837555 -0.8985636234283447
vn 0.31835484504699707 -0.4305993616580963 -0.8445319533348083
vn -0.5863521695137024 0.8098235726356506 -0.01941956952214241
vn -0.509835958480835 0.8557454943656921 0.08813174813985825
vn -0.7432136535644531 0.4210755527019501 -0.5199315547943115
vn -0.6748446822166443 0.4115232527256012 0.6125628352165222
vn -0.5773096680641174 0.1791713386774063 0.7966248393058777
vn -0.2921890616416931 -0.778169572353363 0.555947482585907
vn -0.29377007484436035 0.43514859676361084 -0.8510844707489014
vn -0.1892332136631012 0.3441764712333679 -0.9196376800537109
vn -0.8823599219322205 0.2563249170780182 -0.39463701844215393
vn -0.7274379730224609 0.4017638862133026 -0.5562551617622375
vn -0.9521535038948059 -0.0326240174472332 0.30387401580810547
vn -0.027589766308665276 -0.9755198955535889 -0.21817348897457123
vn 0.5466575026512146 -0.69746994972229 0.46335873007774353
vn -0.12950445711612701 -0.8756925463676453 -0.46517863869667053
vn -0.28405702114105225 -0.7315477132797241 0.6197980046272278
vn -0.6878058910369873 -0.62753826379776 -0.3648543953895569
vn 0.09301650524139404 -0.9950237274169922 -0.03571537882089615
vn 0.40417343378067017 -0.8988426923751831 -0.1694863736629486
vn 0.3898892402648926 -0.9139031767845154 -0.11299258470535278
vn 0.2866995930671692 -0.9347966313362122 -0.20966292917728424
vn 0.6318796277046204 -0.5510416626930237 -0.5450515151023865
vn 0.4941554665565491 -0.6258354783058167 -0.6034404635429382
vn -0.7357881665229797 -0.6604090332984924 -0.14991900324821472
vn -0.9762740731239319 -0.17756198346614838 0.12393850088119507
vn -0.6833034753799438 0.7262844443321228 0.07488183677196503
vn -0.7305208444595337 0.6660037040710449 0.15092526376247406
vn -0.8455381393432617 0.49581578373908997 0.19807076454162598
vn -0.8188381195068359 0.4467429220676422 -0.3604508936405182
vn -0.6986042261123657 0.6274840831756592 -0.34382525086402893
vn -0.7024248242378235 0.6983125805854797 -0.13769149780273438
vn -0.9371839761734009 0.0735812783241272 -0.3409866690635681
vn 0.3609333634376526 -0.932532548904419 -0.0104948366060853
vn 0.7516335248947144 -0.37289804220199585 -0.5440534353256226
vn 0.5799311995506287 -0.37312424182891846 -0.7241947054862976
vn -0.009801706299185753 -0.9135595560073853 0.4065868854522705
vn -0.2504362165927887 -0.2742161154747009 0.9284865856170654
vn -0.11505410075187683 -0.4984017312526703 0.8592777252197266
vn 0.09684023261070251 -0.9440049529075623 0.3153991103172302
vn 0.11661569774150848 -0.9902281761169434 -0.07647817581892014
vn 0.5176109075546265 -0.8526410460472107 0.07128968834877014
vn 0.9332735538482666 -0.359078586101532 0.007935061119496822
vn -0.507839024066925 0.6163050532341003 0.6018868088722229
vn 0.6383408904075623 0.7163535356521606 -0.28170663118362427
vn -0.009913942776620388 0.9810922145843506 0.1932872086763382
vn -0.5464639663696289 0.7910639047622681 -0.27494579553604126
vn -0.5531044006347656 0.4855765104293823 0.6769718527793884
vn -0.22376711666584015 0.9352207183837891 0.2743910253047943
vn -0.4000703692436218 0.2948305010795593 0.8677664995193481
vn -0.5291936993598938 0.2602011561393738 0.8076196312904358
vn 0.33796143531799316 -0.9224238991737366 0.1868591159582138
vn 0.01890183612704277 -0.9840220212936401 -0.17704086005687714
vn 0.6478519439697266 -0.6209842562675476 0.4412103295326233
vn 0.04349098354578018 -0.8927159905433655 -0.448516309261322
vn -0.5023956298828125 0.7008960247039795 -0.5063037276268005
vn -0.5561974048614502 0.39324843883514404 -0.7321202754974365
vn -0.5310585498809814 0.42582353949546814 -0.7325647473335266
vn -0.4325113892555237 0.5568969249725342 -0.7090837955474854
vn -0.34544509649276733 0.8800569176673889 -0.325833797454834
vn 0.29399219155311584 0.8763337135314941 0.3815859854221344
vn -0.11616221070289612 0.4993530213832855 0.8585760593414307
vn -0.17924164235591888 0.569071888923645 0.8025144934654236
vn -0.19952456653118134 0.9795553088188171 0.025715619325637817
vn -0.4030780792236328 0.8822571635246277 0.24320845305919647
vn -0.08145861327648163 0.23717762529850006 0.9680451154708862
vn -0.1273176521062851 0.21204453706741333 0.9689309597015381
vn -0.6641660928726196 0.6022015810012817 0.44298598170280457
vn -0.4105262756347656 0.5950868129730225 -0.6908978819847107
vn -0.23389071226119995 0.5408574342727661 -0.8079407811164856
vn -0.24681785702705383 0.20092043280601501 -0.9480041861534119
vn -0.5594221353530884 0.44134634733200073 -0.7016125917434692
vn -0.18813511729240417 0.08981785923242569 -0.9780275821685791
vn -0.1405981034040451 -0.6853702664375305 -0.7144925594329834
vn -0.04840169474482536 -0.7147459387779236 -0.6977072358131409
vn -0.1944981813430786 0.24489739537239075 -0.9498398303985596
vn -0.23393668234348297 -0.5617979764938354 -0.7935090065002441
vn 0.13771437108516693 -0.9476811289787292 -0.2879847288131714
vn 0.13015487790107727 -0.9367847442626953 -0.3247986435890198
vn -0.763719916343689 -0.6071940064430237 -0.21919642388820648
vn -0.2507060766220093 -0.9218892455101013 0.295409232378006
vn -0.6069173812866211 0.13245771825313568 0.7836493253707886
vn -0.7438517808914185 0.41308462619781494 -0.5254002809524536
vn 0.09170365333557129 -0.9225021004676819 0.3749404847621918
vn -0.05105455592274666 -0.22197943925857544 0.9737138748168945
vn 0.05147057771682739 -0.9923692345619202 0.11204486340284348
vn -0.08955514430999756 -0.34308895468711853 0.9350240230560303
vn -0.2342069447040558 0.2737290859222412 0.9328556060791016
vn -0.2726343274116516 0.7860952615737915 0.5547294616699219
vn 0.04609692469239235 -0.9988200068473816 -0.015285993926227093
vn -0.2982315719127655 -0.1146809533238411 -0.9475791454315186
vn -0.38591083884239197 0.24779881536960602 -0.8886330723762512
vn -0.48428845405578613 0.09082009643316269 -0.8701819181442261
vn -0.4500320553779602 -0.2007550448179245 -0.8701542615890503
vn -0.5443429350852966 0.07938513904809952 -0.8350980877876282
vn -0.509090781211853 -0.19542080163955688 -0.8382346630096436
vn -0.04027198627591133 -0.9374116063117981 -0.3458869755268097
vn -0.6473734378814697 -0.1513066589832306 -0.7470033168792725
vn 0.5683292150497437 -0.4473813772201538 0.6905445456504822
vn 0.5357750058174133 -0.1821081042289734 0.8244888186454773
vn 0.539823591709137 -0.14842110872268677 0.8285902738571167
vn 0.7110908627510071 -0.1782839298248291 0.6801210045814514
vn 0.9709488153457642 -0.22456005215644836 0.08265184611082077
vn 0.5769264698028564 -0.1281580924987793 0.8066792488098145
vn 0.6502525806427002 -0.09655291587114334 0.7535576820373535
vn 0.967341423034668 -0.19292540848255157 0.16440936923027039
vn 0.7609418630599976 -0.11103223264217377 -0.6392490863800049
vn 0.7591345310211182 -0.2301076501607895 -0.608905017375946
vn 0.5550713539123535 -0.2817550003528595 -0.7826300859451294
vn 0.5664476752281189 0.16150358319282532 -0.8081172704696655
vn 0.6345545053482056 0.08004093170166016 -0.7687224745750427
vn 0.6075180172920227 -0.21555893123149872 -0.7644973993301392
vn -0.12916235625743866 0.9819979667663574 -0.1378299593925476
vn -0.07029476016759872 0.9940264821052551 -0.08348623663187027
vn 0.5923308730125427 0.38350674510002136 -0.7085666656494141
vn -0.6513338088989258 0.4676670730113983 0.5975382328033447
vn -0.7483675479888916 0.5232834219932556 0.40757888555526733
vn -0.734096348285675 0.6419124007225037 0.2214745730161667
vn -0.22446049749851227 0.9564477801322937 -0.18661466240882874
vn -0.6839264631271362 0.2790188491344452 0.6740867495536804
vn -0.890781819820404 0.24206773936748505 0.38459187746047974
vn -0.8930069804191589 0.4303278923034668 0.13174360990524292
vn -0.6440397500991821 -0.1956421583890915 0.739551842212677
vn -0.4075145125389099 -0.2519185543060303 0.8777636289596558
vn 0.36759766936302185 -0.9016655683517456 -0.22775249183177948
vn 0.5804529190063477 -0.34266045689582825 -0.7386868596076965
vn 0.647389829158783 -0.17881859838962555 -0.7408849000930786
vn 0.46871793270111084 -0.17296616733074188 -0.8662483096122742
vn 0.46834903955459595 0.25561022758483887 -0.8457615375518799
vn -0.23844072222709656 0.9443310499191284 -0.2266821414232254
vn -0.30666157603263855 0.8848732113838196 -0.35065364837646484
vn 0.20723481476306915 0.8630260229110718 0.46069493889808655
vn 0.551621675491333 -0.012339212000370026 0.834003210067749
vn 0.20254920423030853 0.9394073486328125 0.2765641510486603
vn -0.42336785793304443 0.7915439009666443 -0.44070154428482056
vn -0.5227209329605103 0.6024754643440247 -0.6031469106674194
vn -0.6080026030540466 0.5538550615310669 -0.5688385963439941
vn -0.6076860427856445 0.336801141500473 -0.7192235589027405
vn -0.7555688619613647 0.3366299271583557 -0.5619572997093201
vn -0.6973496675491333 0.13215860724449158 -0.7044411897659302
vn -0.8201048374176025 -0.245568186044693 -0.5168407559394836
vn -0.4404986798763275 0.8628088235855103 -0.24803581833839417
vn 0.27242207527160645 0.6830857396125793 0.6776282787322998
vn -0.023388264700770378 0.8442229628562927 0.5354816913604736
vn -0.4853622019290924 0.8740220069885254 -0.02255932055413723
vn 0.3249523341655731 0.8708022236824036 0.36893025040626526
vn 0.4259515702724457 0.40421825647354126 0.8094274997711182
vn 0.38481947779655457 0.1427120566368103 0.9118920564651489
vn 0.446184903383255 -0.1300320029258728 0.8854438066482544
vn 0.2385471910238266 -0.9687175750732422 -0.06842106580734253
vn 0.2842952609062195 -0.9556283950805664 -0.0771401971578598
vn -0.3632315397262573 -0.08892445266246796 -0.9274455904960632
vn -0.9332603216171265 0.34536659717559814 0.09872674942016602
vn -0.6305282711982727 0.7166923880577087 0.2979700565338135
vn -0.189906507730484 0.8952844738960266 0.4029903709888458
vn 0.2029143124818802 0.9764909148216248 0.07274099439382553
vn 0.4062124490737915 0.867301881313324 0.2877134084701538
vn 0.3740326464176178 0.9244496822357178 -0.07411018013954163
vn 0.3324486315250397 0.9059681296348572 0.2621062099933624
vn 0.2919475734233856 0.9533132314682007 -0.07720319926738739
vn 0.4496011435985565 0.8917630910873413 0.051160577684640884
vn 0.8757690191268921 0.4453761577606201 -0.18619561195373535
vn 0.3940366804599762 0.9190530776977539 0.008744454942643642
vn 0.8992158770561218 0.41263845562934875 0.1453969031572342
vn 0.9522319436073303 -0.2379014939069748 0.19146040081977844
vn 0.9650100469589233 -0.20511431992053986 -0.16335156559944153
vn 0.9730504155158997 -0.1659301370382309 0.16012465953826904
vn 0.9717550873756409 -0.20810702443122864 -0.11128111928701401
vn 0.5377597212791443 -0.830878734588623 -0.1430211067199707
vn 0.8802059292793274 0.3347422480583191 0.33643007278442383
vn 0.3915514647960663 0.915332555770874 -0.09409385174512863
vn 0.30005139112472534 0.9528965353965759 -0.044241681694984436
vn 0.3747137486934662 0.9127022624015808 -0.16298504173755646
vn 0.23189185559749603 0.9721116423606873 -0.03500054404139519
vn 0.21234939992427826 0.9430264234542847 -0.2561424970626831
vn -0.48178163170814514 0.876281201839447 0.0042104837484657764
vn -0.6628602743148804 0.6894335150718689 -0.292057603597641
vn -0.16003787517547607 -0.9859246611595154 -0.04837876930832863
vn -0.3548271954059601 -0.9331391453742981 0.05787157639861107
vn 0.5288051962852478 -0.8374864459037781 -0.13777293264865875
vn 0.37042149901390076 -0.8691092729568481 0.327775776386261
vn 0.36897748708724976 -0.8793480396270752 -0.3010023534297943
vn 0.0348140113055706 0.7008213996887207 0.7124866843223572
vn 0.6810495257377625 -0.5144877433776855 0.5210314989089966
vn 0.9187741875648499 -0.34672778844833374 0.18876951932907104
vn 0.9918702840805054 -0.1263345330953598 -0.015261417254805565
vn 0.27465271949768066 -0.917365550994873 -0.2881079912185669
vn -0.9910426139831543 -0.11522091925144196 -0.06751791387796402
vn -0.39433977007865906 -0.4274022877216339 -0.813525378704071
vn 0.41597408056259155 -0.7449827194213867 -0.5215038061141968
vn -0.21976666152477264 0.17694944143295288 -0.9593703746795654
vn -0.07774510979652405 0.22844867408275604 -0.970446765422821
vn 0.6630368828773499 -0.4359126091003418 -0.6085740923881531
vn 0.7843473553657532 -0.46970364451408386 -0.4051884412765503
vn -0.39778798818588257 0.274264395236969 -0.8755248188972473
vn 0.7868918180465698 -0.1792553812265396 0.5904818177223206
vn 0.7918860912322998 -0.5166655778884888 0.3255350589752197
vn 0.9024735689163208 -0.18588785827159882 0.3885706067085266
vn 0.7848843932151794 -0.14931659400463104 0.6013826727867126
vn -0.0042348080314695835 -0.6329456567764282 0.7741845846176147
vn 0.028298771008849144 -0.9189338684082031 0.3933953046798706
vn 0.6036797761917114 -0.21757180988788605 -0.7669636607170105
vn 0.6242610216140747 -0.2375403344631195 -0.7442262768745422
vn 0.7873130440711975 -0.3578225374221802 -0.5020967125892639
vn 0.8032205104827881 -0.41578295826911926 -0.42656922340393066
vn 0.741866946220398 -0.5798100233078003 -0.3368290364742279
vn 0.46962952613830566 -0.6276971101760864 -0.6208416819572449
vn -0.24794472754001617 -0.5956712961196899 -0.7640020847320557
vn -0.22296881675720215 -0.29126858711242676 -0.9302942752838135
vn 0.7184244990348816 -0.28040480613708496 -0.6365841031074524
vn 0.4916446805000305 -0.19220677018165588 -0.8493186235427856
vn 0.0680554136633873 -0.6206715106964111 -0.7811117172241211
vn -0.23099467158317566 -0.9523230791091919 -0.19930456578731537
vn -0.0017817675834521651 -0.9902923703193665 -0.13898871839046478
vn -0.5647493004798889 -0.8251307010650635 0.014754199422895908
vn -0.6027284860610962 -0.7973853349685669 -0.029913777485489845
vn 0.20735837519168854 0.16391944885253906 0.964434027671814
vn 0.04424739629030228 0.35445117950439453 0.9340270161628723
vn -0.2944311797618866 0.6316022872924805 0.7172091603279114
vn 0.1662483811378479 0.4044627547264099 0.8993170857429504
vn 0.8987679481506348 0.1300935596227646 0.4186786115169525
vn 0.8209694623947144 0.5706535577774048 0.01907099224627018
vn 0.5838289260864258 -0.059444159269332886 0.8096975088119507
vn 0.5417492389678955 0.18171226978302002 -0.820663332939148
vn 0.611738383769989 0.4724767506122589 -0.6344618201255798
vn 0.5651264786720276 0.4726203382015228 -0.6762116551399231
vn 0.4935157299041748 0.18650586903095245 -0.8495043516159058
vn -0.008274308405816555 0.9889006614685059 -0.1483478993177414
vn 0.5725839734077454 0.8122813105583191 0.11111582070589066
vn 0.18640609085559845 0.6324814558029175 -0.751811146736145
vn -0.1638747602701187 0.917579710483551 -0.36220523715019226
vn 0.2256166785955429 0.9509750604629517 0.2115268111228943
vn 0.6694627404212952 0.602747917175293 0.434182733297348
vn 0.7675703763961792 0.32272469997406006 -0.5537911057472229
vn 0.6633855104446411 0.5857872366905212 0.4655889570713043
vn 0.6820634603500366 0.503447413444519 0.5304056406021118
vn 0.8420200347900391 -0.23453839123249054 0.4857921004295349
vn 0.8128646612167358 -0.07863372564315796 0.577120304107666
vn 0.14118140935897827 0.3998967409133911 0.9056215286254883
vn 0.20592723786830902 0.5646935105323792 -0.7991966605186462
vn 0.27922704815864563 0.1984851360321045 -0.9394871592521667
vn -0.7187261581420898 -0.38434094190597534 -0.5794090032577515
vn 0.43181267380714417 -0.9018197655677795 -0.016089152544736862
vn 0.3610197901725769 0.8763648271560669 -0.3188249170780182
vn 0.057171713560819626 0.8983529806137085 -0.4355381429195404
vn 0.7016583681106567 0.6820891499519348 0.20598487555980682
vn 0.6125684976577759 0.7560352087020874 0.23058763146400452
vn 0.37661582231521606 0.8851815462112427 0.27315589785575867
vn -0.8759668469429016 -0.18777504563331604 0.4443226754665375
vn 0.05204429104924202 -0.09108060598373413 0.9944826364517212
vn 0.05395689979195595 0.24459628760814667 -0.9681225419044495
vn -0.546146035194397 -0.5923866629600525 -0.5922859311103821
vn 0.08526363223791122 0.8169047832489014 -0.5704355835914612
vn 0.6459488868713379 -0.21788787841796875 -0.7316248416900635
vn 0.8321145176887512 0.46209821105003357 -0.30667704343795776
vn -0.07841221243143082 -0.8801889419555664 -0.46810147166252136
vn 0.17304401099681854 0.8678749203681946 0.46567025780677795
vn -0.4940289855003357 0.857419490814209 0.1441081464290619
vn 0.7107513546943665 0.1167713850736618 -0.6936836242675781
vn 0.9824064373970032 -0.1860082596540451 0.01668906770646572
vn 0.32069334387779236 -0.6802671551704407 0.6590844392776489
vn -0.3633497953414917 -0.47764500975608826 0.7998950481414795
vn -0.40690910816192627 -0.39750179648399353 0.8224459886550903
vn 0.9876406192779541 -0.019375700503587723 0.1555335968732834
vn 0.20368793606758118 0.2170814424753189 0.9546658396720886
vn 0.4808284044265747 -0.45800960063934326 0.7476838827133179
vn 0.9860503077507019 -0.1655942052602768 0.016831841319799423
vn 0.9926391839981079 0.08563549816608429 0.08563968539237976
vn 0.03575052320957184 0.8127615451812744 0.5814985036849976
vn 0.9498313069343567 -0.1415809988975525 -0.2788819968700409
vn -0.7032027840614319 0.710929274559021 0.009237874299287796
vn -0.682464063167572 0.6988540887832642 -0.21411582827568054
vn -0.8668332099914551 0.44005826115608215 -0.23441193997859955
vn -0.7220457196235657 0.4986249804496765 -0.4796072244644165
vn 0.1254439353942871 0.9681537747383118 -0.21666133403778076
vn 0.9941954016685486 0.04324149712920189 0.0985172763466835
vn -0.23770980536937714 -0.8855652809143066 0.3990841507911682
vn 0.44414022564888 -0.4155549705028534 -0.7937590479850769
vn -0.843758225440979 -0.4097561836242676 0.3466584086418152
vn -0.9602051377296448 -0.08622223883867264 0.265653520822525
vn -0.6004444360733032 -0.6475242376327515 0.46923214197158813
vn -0.32733389735221863 -0.5130741000175476 0.7934781908988953
vn -0.1522499918937683 0.8978766202926636 0.4130827486515045
vn -0.5513712763786316 0.8204825520515442 0.15099063515663147
vn 0.5584194660186768 0.3047124445438385 0.7715684771537781
vn -0.5825994610786438 -0.2855951488018036 -0.7609291672706604
vn -0.9570176005363464 0.09208258241415024 -0.27502405643463135
vn -0.9866470694541931 -0.14608633518218994 0.07201607525348663
vn -0.7447633147239685 -0.5627188086509705 0.3587132394313812
vn 0.9707347750663757 0.19162534177303314 -0.14475415647029877
vn 0.9449406266212463 0.2241390347480774 -0.23843026161193848
vn 0.9617636799812317 -0.1744108945131302 0.2111671268939972
vn 0.9896903038024902 -0.11196058988571167 0.0893184244632721
vn -0.09135236591100693 0.48938432335853577 -0.8672703504562378
vn 0.35817751288414 0.6391003727912903 -0.6806317567825317
vn 0.38393089175224304 -0.1594848334789276 -0.9094842672348022
vn -0.5323696136474609 0.23842771351337433 0.8122406601905823
vn -0.817821741104126 0.24634215235710144 0.5200798511505127
vn -0.8889849781990051 0.39478734135627747 0.2320535033941269
vn -0.7295949459075928 0.6419281363487244 0.23583783209323883
vn -0.7150342464447021 -0.6990731358528137 -0.004780029412358999
vn -0.7097303867340088 -0.5545832514762878 -0.43441933393478394
vn 0.2334751933813095 -0.8760660886764526 0.4218975901603699
vn 0.9296177625656128 0.3289724588394165 -0.16609640419483185
vn 0.3508168160915375 0.9264439940452576 -0.1364888995885849
vn 0.08164922147989273 0.9593724012374878 0.2700701951980591
vn 0.9250298738479614 0.007819559425115585 0.3798138499259949
vn 0.9052636623382568 -0.34464961290359497 0.24842382967472076
vn 0.941775918006897 -0.2959188222885132 0.15965647995471954
vn 0.005166173912584782 0.7547499537467957 -0.6559922695159912
vn -0.2817276418209076 0.9562601447105408 0.07871613651514053
vn 0.8423458933830261 0.024617895483970642 0.5383746027946472
vn 0.6786889433860779 -0.56199049949646 0.4728085994720459
vn -0.6302947998046875 -0.7625341415405273 0.14584292471408844
vn -0.8028454780578613 -0.4340192675590515 0.40873733162879944
vn 0.12036015838384628 0.8762471675872803 0.46658799052238464
vn -0.0027742960955947638 -0.9925395846366882 -0.12189120054244995
vn -0.6227006316184998 -0.765550434589386 0.16179166734218597
vn -0.5087265968322754 -0.8487670421600342 0.14419354498386383
vn -0.5862823128700256 -0.8094757795333862 0.03196892514824867
vn -0.4885428845882416 -0.8710638880729675 0.050731122493743896
vn -0.9439431428909302 -0.3298231065273285 0.013715303502976894
vn -0.445497989654541 -0.8943997025489807 -0.03975991532206535
vn -0.5527054071426392 -0.8327876329421997 -0.031330715864896774
vn -0.5383507609367371 -0.8394957780838013 -0.07365758717060089
vn -0.529975414276123 -0.8442431092262268 -0.07987258583307266
vn -0.8853077292442322 -0.465004026889801 -0.0012213850859552622
vn -0.7440536022186279 -0.6285581588745117 -0.2264924943447113
vn -0.6571115255355835 -0.5683830380439758 -0.49512144923210144
vn -0.3921656310558319 0.8985499739646912 0.19701288640499115
vn 0.5337221622467041 0.7206677794456482 0.4424688220024109
vn 0.6493568420410156 0.7568656802177429 -0.07409539818763733
vn -0.32692018151283264 0.9321647882461548 0.15553757548332214
vn -0.39951592683792114 0.8853174448013306 0.23790743947029114
vn -0.4917488396167755 0.8453460931777954 0.20874124765396118
vn 0.786501944065094 -0.234154611825943 -0.5714773535728455
vn 0.2989843785762787 0.8371952772140503 -0.45794352889060974
vn 0.9114131331443787 -0.3512788712978363 -0.21431080996990204
vn -0.12677079439163208 0.8526878356933594 -0.5068063139915466
vn 0.8569638133049011 -0.22568079829216003 0.46333685517311096
vn 0.952877402305603 0.011498777195811272 0.3031376004219055
vn 0.8712446689605713 -0.48985329270362854 -0.031246153637766838
vn -0.8258523941040039 -0.5422272682189941 -0.15478196740150452
vn 0.21170873939990997 -0.7858989834785461 -0.5809837579727173
vn 0.8890181183815002 -0.21981845796108246 -0.4016547203063965
vn -0.9011680483818054 -0.36345431208610535 -0.23621411621570587
vn 0.8974114060401917 -0.3793475925922394 -0.22527363896369934
vn 0.6289379596710205 -0.7626039981842041 -0.15123538672924042
vn 0.9714432954788208 -0.23726671934127808 -0.0015655005117878318
vn 0.209898442029953 -0.9128025770187378 -0.35033419728279114
vn -0.9629785418510437 -0.08153107017278671 -0.25695347785949707
vn -0.9122212529182434 0.33193373680114746 -0.24015094339847565
vn 0.2087564766407013 0.3438561260700226 -0.9155237674713135
vn 0.6029665470123291 0.19811242818832397 -0.7727760076522827
vn 0.10204172134399414 0.8229851126670837 -0.5588228106498718
vn 0.10536646097898483 -0.34070396423339844 0.9342477321624756
vn -0.8833304047584534 0.4625907242298126 0.07574512809515
vn -0.8726521134376526 0.47636401653289795 0.10749709606170654
vn -0.4602394700050354 0.8741928935050964 0.15481071174144745
vn -0.5063520669937134 0.8530145287513733 0.12638753652572632
vn -0.7940647006034851 0.280936062335968 0.5390139818191528
vn -0.7654112577438354 0.11530854552984238 0.6331267356872559
vn -0.802757978439331 -0.28398552536964417 -0.5243394374847412
vn -0.8107971549034119 -0.05307475104928017 -0.5829160213470459
vn -0.889569878578186 -0.35503703355789185 0.2874267101287842
vn -0.811796247959137 -0.47709575295448303 0.3366992771625519
vn -0.3992314040660858 -0.8847862482070923 0.24034874141216278
vn 0.09155905246734619 -0.9676228165626526 0.23520821332931519
vn 0.20501571893692017 -0.9268795251846313 -0.31442466378211975
vn -0.3877318501472473 -0.5196864008903503 -0.7613080739974976
vn -0.37272658944129944 -0.9103052020072937 0.18005388975143433
vn 0.08431226015090942 -0.9429842829704285 0.3219814598560333
vn -0.05299026146531105 -0.9790638089179993 -0.19653485715389252
vn -0.03319499269127846 -0.9483372569084167 -0.3155224025249481
vn -0.13960833847522736 -0.8862068057060242 0.4417545199394226
vn -0.4543485939502716 0.8815869688987732 0.12795230746269226
vn -0.4530927240848541 0.8530830144882202 0.25875940918922424
vn -0.6105387806892395 0.4531293213367462 0.6495508551597595
vn -0.7387993335723877 -0.6581246852874756 -0.14507757127285004
vn -0.5200849771499634 -0.41947200894355774 0.744012713432312
vn 0.11073571443557739 -0.7238288521766663 0.681035578250885
vn 0.10074114799499512 -0.791922390460968 -0.602254331111908
vn -0.27250105142593384 0.17067833244800568 -0.946895956993103
vn -0.7557387948036194 -0.19212478399276733 -0.6260566711425781
vn -0.7520008087158203 0.5274704098701477 -0.39530953764915466
vn -0.5902596116065979 0.7559648156166077 0.28303876519203186
vn -0.5390386581420898 0.8220399618148804 0.18354150652885437
vn -0.5771557688713074 0.788571298122406 0.21224145591259003
vn 0.2883612811565399 -0.4397652745246887 -0.8505611419677734
vn 0.60301274061203 -0.04034741595387459 -0.7967106699943542
vn -0.6248341798782349 0.21236521005630493 -0.7513210773468018
vn -0.5437746644020081 0.7153170704841614 -0.4388970732688904
vn -0.8075836300849915 0.5818573832511902 -0.09618024528026581
vn -0.5270793437957764 0.8495407700538635 0.021631140261888504
vn -0.5464481115341187 0.837478756904602 0.00487099913880229
vn -0.47916415333747864 0.8716568350791931 -0.1030341237783432
vn -0.39386966824531555 0.8943386077880859 -0.21219120919704437
vn -0.45897963643074036 0.8766425251960754 0.14434556663036346
vn -0.3963150084018707 0.8578763604164124 0.3270820081233978
vn -0.7243516445159912 0.6882582902908325 0.04019039124250412
vn -0.5719783902168274 0.7887870669364929 0.22506806254386902
vn 0.28041496872901917 0.7817132472991943 -0.5570383667945862
vn -0.473149836063385 0.8069620728492737 0.35347071290016174
vn -0.6553848385810852 0.6967304944992065 0.2916116714477539
vn 0.4392462372779846 -0.7649298906326294 0.4711102545261383
vn 0.37211793661117554 -0.7438130974769592 0.5552210211753845
vn -0.11004235595464706 0.25673454999923706 0.9601969122886658
vn -0.3608887493610382 -0.22381433844566345 0.905354380607605
vn -0.8303015232086182 -0.37428051233291626 0.412932813167572
vn 0.3289552330970764 -0.8883545398712158 0.32033538818359375
vn 0.47335195541381836 -0.8342978954315186 0.2826390862464905
vn 0.2688872814178467 -0.7806861996650696 -0.5641176104545593
vn 0.2816419005393982 -0.7907676696777344 -0.5434743165969849
vn 0.37029582262039185 -0.8826032876968384 -0.28964200615882874
vn 0.3616885542869568 -0.8663761019706726 -0.34434565901756287
vn -0.8432961106300354 -0.25180619955062866 -0.474810928106308
vn -0.583484947681427 -0.012038067914545536 -0.8120347261428833
vn -0.1627974808216095 0.03634456545114517 -0.9859898686408997
vn 0.4385262429714203 -0.8467324376106262 0.301229327917099
vn 0.41426125168800354 -0.8593887090682983 0.29973113536834717
vn -0.3072096109390259 -0.9153294563293457 -0.2603735327720642
vn -0.65436190366745 -0.6719151735305786 -0.3469012975692749
vn 0.5710189342498779 -0.5975964665412903 0.5628639459609985
vn 0.5958012342453003 -0.709343433380127 0.37663352489471436
vn 0.40092089772224426 -0.8390370011329651 0.36780354380607605
vn 0.5085904002189636 -0.5156928896903992 0.6894900798797607
vn 0.39656877517700195 -0.9026579260826111 -0.1671580970287323
vn 0.36482059955596924 -0.9127806425094604 -0.18367743492126465
vn -0.4515661299228668 -0.8434004783630371 -0.29114168882369995
vn 0.3978114128112793 -0.8751382231712341 -0.27546200156211853
vn 0.4541890025138855 -0.8417224287986755 -0.29191744327545166
vn 0.42986688017845154 -0.8875114917755127 0.1659456044435501
vn 0.34141862392425537 -0.9225953817367554 0.17958612740039825
vn -0.43644386529922485 -0.8746768236160278 0.21084904670715332
vn -0.7625961303710938 -0.5282686352729797 0.37333521246910095
vn -0.3556366562843323 -0.915661096572876 0.18731622397899628
vn 0.43592774868011475 -0.8112510442733765 -0.3896651268005371
vn -0.7859552502632141 0.572554886341095 0.23335641622543335
vn -0.8685982823371887 0.49282515048980713 0.05157759413123131
vn 0.1112961545586586 0.9935178160667419 0.023139938712120056
vn 0.8536466956138611 0.495606005191803 -0.1601935178041458
vn 0.8042334318161011 0.5913916230201721 0.05885979160666466
vn -0.0764230489730835 0.9921468496322632 -0.09901552647352219
vn -0.20400580763816833 0.9518845677375793 0.22868633270263672
vn 0.5678520202636719 0.7320464253425598 -0.3763670027256012
vn -0.22941750288009644 0.9143180847167969 0.3337514102458954
vn -0.759528398513794 0.6186637282371521 -0.20092734694480896
vn -0.8310180902481079 0.5483336448669434 -0.09348297864198685
vn -0.7122856974601746 0.6938284039497375 -0.1060708612203598
vn -0.5344886779785156 0.7747524976730347 -0.33775806427001953
vn 0.6160329580307007 0.7082760334014893 0.3447440564632416
vn -0.16995319724082947 0.9733922481536865 -0.15369927883148193
vn -0.48595237731933594 0.767483651638031 -0.4181137681007385
vn -0.3462349474430084 0.7878955006599426 -0.5092564225196838
vn -0.15600883960723877 0.9869264960289001 -0.04046417400240898
vn -0.2084709256887436 0.9138361811637878 0.3484872877597809
vn -0.30140283703804016 0.7678759098052979 -0.5652635097503662
vn 0.6267381310462952 -0.7740636467933655 0.0895809605717659
vn 0.4942781329154968 -0.8684373497962952 -0.0388040617108345
vn 0.11242818832397461 -0.9929302334785461 0.03807227313518524
vn 0.1779346615076065 -0.9639818072319031 0.1976822167634964
vn -0.10842698812484741 -0.9581990838050842 -0.26476043462753296
vn 0.023980749770998955 -0.9765819311141968 0.2138049155473709
vn 0.11798636615276337 -0.9921157956123352 0.04225441813468933
vn -0.10573703050613403 0.27279412746429443 0.9562442898750305
vn -0.10668756067752838 0.29569920897483826 0.9493048191070557
vn -0.1949141025543213 0.6111193299293518 0.7671647071838379
vn -0.4027443528175354 0.5561381578445435 0.7269850373268127
vn -0.811194658279419 0.18178096413612366 0.5558046102523804
vn -0.09843337535858154 0.3196302354335785 0.942415714263916
vn -0.10599154978990555 0.24271884560585022 0.9642890691757202
vn 0.13063837587833405 -0.9905945658683777 -0.04069380462169647
vn -0.6648312211036682 -0.7245050668716431 0.18191157281398773
vn -0.6621167063713074 -0.6846774816513062 0.304660826921463
vn -0.00414348766207695 -0.9990310668945312 0.043815743178129196
vn 0.2608063519001007 -0.9501476883888245 0.1708781123161316
vn -0.46139922738075256 -0.8643055558204651 0.20021650195121765
vn 0.13489311933517456 -0.7486407160758972 -0.649107813835144
vn 0.16710925102233887 -0.2962791323661804 -0.94036865234375
vn 0.010018466040492058 0.10066327452659607 -0.994870126247406
vn 0.06608633697032928 0.1488959938287735 -0.986642062664032
vn -0.6117726564407349 -0.4239274263381958 -0.667847216129303
vn -0.5001925826072693 0.33424195647239685 -0.7988051176071167
vn -0.2679501473903656 0.42417821288108826 -0.8650292754173279
vn 0.14171823859214783 -0.643749475479126 0.7519990801811218
vn -0.4523408114910126 -0.03371472284197807 0.8912076950073242
vn -0.6205353140830994 0.7753680348396301 -0.117218978703022
vn -0.923374354839325 0.3282073438167572 -0.19914740324020386
vn -0.24276548624038696 0.9695034623146057 -0.03358544409275055
vn -0.08408965170383453 0.4721824526786804 -0.8774809241294861
vn -0.16739286482334137 0.9487413167953491 -0.26808473467826843
vn -0.0911981537938118 0.580920398235321 -0.8088350892066956
vn -0.021414604038000107 0.22216035425662994 -0.9747748970985413
vn -0.028085967525839806 0.18520477414131165 -0.9822984933853149
vn 0.10652638226747513 -0.18125291168689728 -0.9776499271392822
vn 0.23340465128421783 -0.6769320368766785 -0.6980581879615784
vn 0.25857624411582947 -0.93100905418396 -0.25760507583618164
vn 0.3053642213344574 -0.9510170221328735 -0.0481598898768425
vn 0.2597651779651642 -0.9590755105018616 0.11267796158790588
vn 0.3324413597583771 -0.9389679431915283 0.0884418860077858
vn 0.28136390447616577 -0.886013388633728 0.3685300946235657
vn 0.11709188669919968 -0.35102224349975586 0.929017186164856
vn -0.09674328565597534 0.041487086564302444 0.9944443106651306
vn 0.07373298704624176 -0.8288305997848511 0.5546199679374695
vn -0.1242249608039856 -0.33929771184921265 0.9324405193328857
vn -0.24548260867595673 0.414276659488678 0.8764206171035767
vn -0.15294598042964935 0.4020847976207733 0.9027376174926758
vn -0.21613840758800507 0.637835681438446 0.739222526550293
vn -0.14623413980007172 0.7603848576545715 0.6327956318855286
vn -0.23387980461120605 0.9695473313331604 -0.07265116274356842
vn -0.2610034644603729 0.7432937622070312 0.6159476637840271
vn -0.2520833909511566 0.9671366810798645 0.03317522630095482
vn -0.16041693091392517 0.6507089734077454 -0.7421888113021851
vn -0.09328063577413559 0.4615567922592163 -0.8821927309036255
vn -0.15830765664577484 0.3120381236076355 -0.936787486076355
vn -0.056649331003427505 0.21070599555969238 -0.9759066700935364
vn -0.14091159403324127 -0.1186981201171875 -0.9828808307647705
vn 0.06800378113985062 -0.537306010723114 -0.8406413197517395
vn -0.03615666180849075 -0.8815315961837769 -0.47073861956596375
vn 0.13641150295734406 -0.9869856834411621 -0.08515390753746033
vn 0.1145537719130516 -0.9837220907211304 0.13844910264015198
vn 0.13359546661376953 -0.9894968867301941 0.055212538689374924
vn 0.013092152774333954 -0.9551296830177307 0.2958986759185791
vn -0.26727908849716187 -0.34531813859939575 0.8996205925941467
vn -0.25580495595932007 -0.07320059090852737 0.9639530777931213
vn -0.33023619651794434 0.4407508969306946 0.8346751928329468
vn -0.29122260212898254 0.5157331228256226 0.8057348728179932
vn -0.28826212882995605 0.7984468340873718 0.5285712480545044
vn -0.34502163529396057 0.5359978079795837 0.7704976201057434
vn -0.2384745478630066 0.9391008019447327 -0.2474261224269867
vn -0.3040948212146759 0.5812624096870422 -0.7547584772109985
vn -0.4362941086292267 0.37279194593429565 -0.8189467191696167
vn -0.33544814586639404 0.280083566904068 -0.899459719657898
vn -0.48592856526374817 -0.03303419426083565 -0.8733740448951721
vn -0.30360570549964905 -0.3230338990688324 -0.8963663578033447
vn -0.019982948899269104 -0.9982771873474121 -0.055167410522699356
vn -0.5306633710861206 0.3937377631664276 -0.7505777478218079
vn -0.693930983543396 0.06984981894493103 -0.7166454792022705
vn -0.6266012191772461 0.5040591359138489 -0.5943863987922668
vn -0.854895830154419 0.2477915734052658 -0.4557986557483673
vn -0.6820752024650574 0.6394063830375671 -0.35487017035484314
vn -0.8814429640769958 0.4313197135925293 -0.19240939617156982
vn -0.44266998767852783 0.8169310688972473 -0.3696848154067993
vn -0.16144947707653046 0.9696614742279053 -0.18355050683021545
vn 0.46040594577789307 0.7316940426826477 0.5026431083679199
vn -0.05834324285387993 0.9428460597991943 0.3280811309814453
vn 0.7253085970878601 -0.2541860342025757 0.639778733253479
vn 0.5281528830528259 -0.019697530195116997 0.8489208221435547
vn 0.5002813339233398 0.477897584438324 0.7220336198806763
vn -0.5017805695533752 0.8625383377075195 0.06514494866132736
vn 0.8605359792709351 -0.3904353678226471 0.327166885137558
vn 0.9046784043312073 -0.42480647563934326 0.03311443328857422
vn 0.8670501708984375 -0.42374634742736816 -0.2620362639427185
vn 0.6253865361213684 -0.7339670658111572 -0.2649228870868683
vn 0.6072314977645874 -0.6408689022064209 -0.4696349501609802
vn 0.8089726567268372 -0.2990058958530426 -0.5061213374137878
vn 0.726974368095398 -0.16765715181827545 -0.665882408618927
vn 0.563751220703125 -0.5805169939994812 -0.5875242352485657
vn 0.3360016345977783 0.8521824479103088 -0.40110835433006287
vn -0.23854228854179382 -0.5550898909568787 0.7968518137931824
vn -0.5997541546821594 -0.10827528685331345 0.792824923992157
vn -0.4588666558265686 0.6120154857635498 0.6441105604171753
vn -0.7710322141647339 0.17891080677509308 0.6111465096473694
vn -0.5872471928596497 0.636806070804596 0.49961867928504944
vn -0.875615656375885 0.4233398735523224 0.23255248367786407
vn -0.29698646068573 0.4416733682155609 0.8465953469276428
vn -0.8712965846061707 0.4905366003513336 -0.014698026701807976
vn -0.8698843121528625 0.4908457398414612 -0.04870079085230827
vn -0.7168127298355103 0.6929818391799927 -0.07717280834913254
vn -0.5471604466438293 0.8321976661682129 0.08979196101427078
vn 0.04030672460794449 0.9954161047935486 -0.08673017472028732
vn 0.34055885672569275 0.9388211369514465 0.05132751911878586
vn 0.23020057380199432 0.9646539092063904 0.12825961410999298
vn 0.6546223163604736 0.7555951476097107 0.023358235135674477
vn 0.6323531866073608 0.7741732001304626 0.028023244813084602
vn 0.5222795605659485 0.8526867032051086 0.012220483273267746
vn 0.5508491396903992 0.8345867395401001 0.005488457158207893
vn 0.7939000129699707 0.6039263606071472 -0.07068143784999847
vn 0.9285994172096252 0.20826086401939392 -0.3071326017379761
vn 0.8774563670158386 0.33242204785346985 -0.345782995223999
vn 0.9080924987792969 -0.4021131992340088 -0.11693128198385239
vn 0.9508506655693054 0.26656368374824524 0.15756535530090332
vn 0.8838924169540405 -0.35248255729675293 0.30739277601242065
vn 0.8508120775222778 -0.43817853927612305 0.29003170132637024
vn 0.9071730971336365 -0.4109402894973755 -0.09036019444465637
vn 0.8387953639030457 -0.4854787588119507 0.2464398741722107
vn 0.608452320098877 -0.7908140420913696 -0.06632557511329651
vn 0.1624344289302826 -0.9766902923583984 0.14032509922981262
vn -0.2870626747608185 -0.9577866792678833 -0.015481089241802692
vn -0.5502291917800903 -0.8348300457000732 0.017511002719402313
vn -0.5116701126098633 -0.8591819405555725 -0.000284812442259863
vn -0.4912846088409424 -0.8708705306053162 -0.014967096038162708
vn -0.6095215082168579 -0.7926938533782959 -0.010947846807539463
vn -0.9950978755950928 0.09663159400224686 -0.021035028621554375
vn -0.8768865466117859 0.4661160111427307 -0.11749833077192307
vn -0.8598218560218811 0.4709879457950592 -0.19717149436473846
vn -0.5293835401535034 0.8261352181434631 -0.1930120885372162
vn 0.4882980287075043 0.8687404990196228 -0.08279541879892349
vn 0.718265175819397 0.6581894755363464 -0.22556999325752258
vn 0.6484936475753784 0.7608083486557007 -0.025035513564944267
vn 0.6395958065986633 0.7686731219291687 0.0076719229109585285
vn 0.5339275598526001 0.8448964357376099 -0.03273157402873039
vn 0.5082172155380249 0.861222505569458 0.0033311117440462112
vn 0.8638865947723389 0.41103580594062805 0.29111796617507935
vn 0.5858126282691956 0.7606925964355469 -0.2795897126197815
vn 0.9112144708633423 0.41191691160202026 0.0035646583419293165
vn 0.7247633337974548 -0.23523777723312378 0.6475965976715088
vn 0.7697951197624207 -0.34162160754203796 0.5391755104064941
vn -0.5071068406105042 -0.829496443271637 0.2340475469827652
vn 0.29113128781318665 0.9503473043441772 -0.10992162674665451
vn 0.9483513832092285 -0.24586445093154907 -0.20045052468776703
vn -0.8881893754005432 -0.22361311316490173 0.4013935327529907
vn 0.32661792635917664 -0.40606260299682617 0.8534834384918213
vn 0.8421337604522705 -0.25548186898231506 0.4749104082584381
vn 0.7677032351493835 -0.42420804500579834 0.48029083013534546
vn -0.2683030962944031 -0.8793507814407349 0.39338985085487366
vn -0.6582912802696228 -0.7425329089164734 0.12368287146091461
vn 0.6950228214263916 -0.6514339447021484 0.30426472425460815
vn 0.5381548404693604 -0.7939165830612183 0.28299441933631897
vn -0.8164679408073425 -0.5543299317359924 -0.1615498960018158
vn 0.5970011949539185 0.7859102487564087 0.16104251146316528
vn -0.9208909869194031 0.36279794573783875 -0.14260950684547424
vn 0.8935953378677368 0.4042271077632904 0.19516097009181976
vn 0.1961991935968399 0.6626352667808533 -0.722786545753479
vn 0.37660619616508484 -0.8330477476119995 0.4052150249481201
vn 0.6753557324409485 0.6310086250305176 0.3817364573478699
vn 0.7809605598449707 0.530267059803009 0.3300262689590454
vn 0.346553236246109 -0.8840716481208801 0.31355735659599304
vn -0.8884569406509399 -0.2567005455493927 -0.38045915961265564
vn -0.7494532465934753 -0.16200461983680725 -0.6419301629066467
vn -0.6628652811050415 0.7270140647888184 -0.1790536344051361
vn -0.14653167128562927 0.9567379951477051 -0.25135794281959534
vn 0.802051305770874 -0.29546716809272766 0.519049882888794
vn 0.874485433101654 0.2828477919101715 -0.39404621720314026
vn 0.772588849067688 0.32869455218315125 0.5432000756263733
vn 0.6633554100990295 0.6206595301628113 0.4180208146572113
vn 0.9228812456130981 0.384899765253067 0.011925041675567627
vn 0.9111541509628296 -0.3179800808429718 -0.26208168268203735
vn 0.663048505783081 0.4647267162799835 -0.586852490901947
vn 0.2331199049949646 0.7685655951499939 -0.5957869291305542
vn 0.5862586498260498 0.656896710395813 0.4741177558898926
vn -0.11184855550527573 0.4240682125091553 -0.8986968398094177
vn -0.27492237091064453 0.36591577529907227 -0.8891137838363647
vn 0.9033790826797485 0.2912245988845825 -0.31479260325431824
vn 0.8225976824760437 -0.20353007316589355 -0.5309505462646484
vn 0.7365152835845947 -0.33178097009658813 -0.5894630551338196
vn 0.7908469438552856 -0.5528349280357361 -0.2625540494918823
vn 0.7982728481292725 -0.5911178588867188 0.1154995858669281
vn 0.8974853157997131 -0.42829230427742004 -0.10528840869665146
vn 0.663916289806366 0.41169843077659607 -0.6242752075195312
vn 0.8425106406211853 -0.43571823835372925 0.31674182415008545
vn 0.8607922196388245 -0.3028499484062195 0.40904590487480164
vn 0.7828792929649353 -0.42075300216674805 0.4583306312561035
vn 0.9040932655334473 -0.2863982021808624 0.31716153025627136
vn 0.7617325782775879 -0.5808610916137695 0.28699105978012085
vn 0.7780929803848267 -0.35334154963493347 0.5193468332290649
vn 0.8916677832603455 -0.4495963454246521 0.05283769965171814
vn 0.7722808122634888 -0.5938071608543396 0.22577716410160065
vn 0.25985920429229736 0.40140384435653687 0.878264307975769
vn 0.42214235663414 0.17982108891010284 0.8885157108306885
vn -0.25103336572647095 -0.9674092531204224 0.03318847715854645
vn 0.897619366645813 -0.4225158989429474 -0.12553736567497253
vn 0.8176294565200806 0.09826664626598358 0.5672968626022339
vn 0.38168400526046753 -0.8711734414100647 -0.3088272511959076
vn 0.5170422196388245 -0.8552179932594299 -0.03563009575009346
vn 0.5558125972747803 -0.6083886623382568 -0.5665117502212524
vn 0.9169492721557617 -0.3766123354434967 -0.13178446888923645
vn 0.812664806842804 -0.5802143216133118 0.05410446226596832
vn -0.1231941282749176 -0.9748085737228394 0.18593411147594452
vn -0.7255825996398926 -0.6692923307418823 0.15992997586727142
vn -0.44911137223243713 -0.8048079609870911 0.388050377368927
vn 0.38085079193115234 0.5946152210235596 -0.7080856561660767
vn 0.4100040793418884 0.5369642972946167 -0.7372692823410034
vn 0.5186335444450378 0.7184239029884338 -0.4635581374168396
vn 0.5098902583122253 0.7612642049789429 -0.40061062574386597
vn -0.04049234092235565 0.949948787689209 -0.3097700774669647
vn 0.2430790811777115 0.7490811944007874 -0.6162710189819336
vn 0.3775262236595154 0.7876492142677307 -0.48691126704216003
vn 0.26046261191368103 0.6282937526702881 -0.7330799102783203
vn 0.6467887163162231 0.25907212495803833 -0.7173186540603638
vn -0.3387197256088257 0.8947817087173462 -0.2909204959869385
vn 0.2899633049964905 0.8081793785095215 0.5126082897186279
vn 0.5988450050354004 0.41206884384155273 0.6867195963859558
vn 0.2822684049606323 0.7634084820747375 0.5809749960899353
vn 0.9357250332832336 0.3030906319618225 -0.1804288625717163
vn -0.3394300639629364 0.7979781031608582 0.49801430106163025
vn 0.627633273601532 -0.1319819539785385 0.767240047454834
vn -0.5678138136863708 -0.7832045555114746 0.253334105014801
vn -0.5539096593856812 -0.32746413350105286 -0.7654746174812317
vn -0.7316972613334656 -0.039974480867385864 -0.6804565191268921
vn -0.9245315790176392 -0.2051766812801361 -0.32116028666496277
vn -0.2558225691318512 -0.7919353246688843 0.5544305443763733
vn -0.23039166629314423 -0.9483455419540405 0.21808326244354248
vn 0.7116335034370422 -0.5022996068000793 0.4911952018737793
vn -0.7006703019142151 -0.44640910625457764 0.5565789341926575
vn -0.5590237975120544 -0.8281018733978271 0.04171086102724075
vn -0.5685135722160339 -0.8220383524894714 -0.03232944756746292
vn -0.5714491605758667 -0.6588608026504517 0.48923248052597046
vn -0.6375817656517029 -0.7554394006729126 0.15099915862083435
vn -0.4572269320487976 -0.6767848134040833 0.57697993516922
vn -0.5415179133415222 -0.8398017883300781 -0.03861677274107933
vn -0.6251770853996277 0.22255519032478333 0.7480794787406921
vn -0.14586634933948517 -0.16278743743896484 0.9758193492889404
vn -0.6216006278991699 -0.7745678424835205 0.11686509847640991
vn -0.6368964910507202 -0.7621701955795288 0.11601473391056061
vn -0.5152643918991089 -0.8552196621894836 0.05569647252559662
vn -0.5112602710723877 -0.8592190146446228 0.01885674148797989
vn -0.18038848042488098 -0.9135124683380127 -0.364629864692688
vn -0.288387656211853 -0.9524915814399719 -0.0979410782456398
vn -0.5701640844345093 -0.7787869572639465 -0.26154088973999023
vn 0.6069769859313965 0.7018712759017944 0.3727673590183258
vn 0.6721272468566895 0.6448875665664673 0.36382004618644714
vn -0.006267807446420193 -0.8516377806663513 -0.5240933299064636
vn 0.6175823211669922 -0.47212231159210205 -0.6290410757064819
vn -0.19364739954471588 -0.9573791027069092 0.21430347859859467
vn -0.4449736177921295 -0.5623318552970886 -0.6969801783561707
vn -0.9723930358886719 -0.12604832649230957 -0.19637630879878998
vn -0.46450111269950867 -0.7674134969711304 -0.4419446885585785
vn -0.1877337396144867 0.296617329120636 0.9363622069358826
vn 0.5570350289344788 0.2923434376716614 0.7773334980010986
vn -0.6700801253318787 0.3996809124946594 0.6254980564117432
vn 0.5210657715797424 0.2660847306251526 0.810980498790741
vn 0.12263679504394531 0.5637533068656921 0.8167877793312073
vn 0.33170533180236816 0.3384547829627991 0.88057941198349
vn 0.29150062799453735 -0.4790278673171997 0.8279852867126465
vn -0.45153144001960754 0.3284204304218292 -0.829613983631134
vn -0.3637841045856476 0.6612223386764526 -0.6560839414596558
vn -0.6925527453422546 0.37810206413269043 -0.6143367290496826
vn -0.24430768191814423 0.45186853408813477 -0.8579793572425842
vn -0.16889074444770813 0.23426386713981628 -0.9573904275894165
vn -0.26316770911216736 -0.964677095413208 0.01186506636440754
vn -0.69761061668396 -0.6556088924407959 -0.28899192810058594
vn -0.9612845778465271 -0.27537989616394043 -0.009893476963043213
vn -0.22996886074543 0.9627053737640381 0.14252234995365143
vn -0.4840390980243683 0.8735871911048889 0.050514522939920425
vn -0.6394599080085754 0.6644121408462524 -0.38684314489364624
vn -0.7925381660461426 0.5993045568466187 0.11277137696743011
vn -0.3798465430736542 0.9219021201133728 -0.07624287158250809
vn 0.4915405511856079 0.8522896766662598 -0.17885804176330566
vn 0.044744450598955154 0.9974164366722107 -0.05619964003562927
vn -0.3479604423046112 0.903013288974762 0.25197333097457886
vn -0.869113564491272 0.4702107310295105 -0.1534387767314911
vn -0.6559020280838013 0.6102907061576843 -0.4442273676395416
vn -0.23899602890014648 -0.9670639634132385 0.08756854385137558
vn -0.38748225569725037 -0.5583773255348206 -0.733534038066864
vn -0.8910844326019287 -0.4316607415676117 0.1401338279247284
vn -0.8029009699821472 -0.42040008306503296 0.42262738943099976
vn 0.8647575378417969 0.5015415549278259 0.02550315484404564
vn 0.9365944266319275 0.2761511504650116 0.21571148931980133
vn 0.36576852202415466 -0.05610372871160507 0.9290133118629456
vn 0.3602428138256073 0.8162350654602051 0.4516475796699524
vn -0.16725188493728638 0.6714797019958496 -0.721901535987854
vn 0.2593260407447815 -0.15228772163391113 -0.9537078142166138
vn 0.9819819927215576 0.12105660140514374 -0.14510945975780487
vn 0.9250248670578003 0.2541382610797882 0.2823874354362488
vn 0.8951579332351685 -0.17042773962020874 -0.4118819236755371
vn -0.8713093400001526 -0.42228230834007263 0.2499956637620926
vn -0.6631646752357483 -0.5324468016624451 -0.5260351300239563
vn -0.45241591334342957 -0.8769071698188782 0.16233810782432556
vn -0.35615605115890503 -0.9332981109619141 0.0459074042737484
vn -0.5533838868141174 -0.8206012845039368 0.14275790750980377
vn 0.19329406321048737 0.3744199573993683 0.9068887233734131
vn -0.5544562339782715 -0.829142153263092 0.07142507284879684
vn -0.21826303005218506 -0.3598203957080841 0.9071331024169922
vn -0.17143306136131287 -0.6671807169914246 0.7249004244804382
vn -0.8628467917442322 -0.28154802322387695 -0.4197927713394165
vn 0.3695741593837738 -0.14395074546337128 -0.9179831147193909
vn 0.2746453881263733 -0.5387685894966125 -0.7964285612106323
vn 0.9715832471847534 0.13499005138874054 0.19443155825138092
vn 0.6752446889877319 0.406022846698761 -0.6157840490341187
vn 0.6261873245239258 0.5793880820274353 -0.521726667881012
vn 0.9720043540000916 0.12358608841896057 0.1998348981142044
vn 0.8267648220062256 0.5428541302680969 0.1475444883108139
vn 0.8638086915016174 0.48804542422294617 -0.12508437037467957
vn -0.9700000286102295 0.14851605892181396 -0.19246554374694824
vn -0.9467846155166626 0.3145449161529541 -0.06826657801866531
vn -0.3319573700428009 -0.9429298639297485 -0.02622205577790737
vn -0.4873310327529907 -0.8721563220024109 -0.043033286929130554
vn -0.9004340171813965 0.3623831272125244 0.24061791598796844
vn -0.5615250468254089 -0.06479248404502869 0.8249191045761108
vn -0.6076159477233887 -0.4232293665409088 0.6720712780952454
vn -0.428043931722641 -0.903593122959137 -0.017257042229175568
vn 0.9967538714408875 -0.0028185152914375067 -0.08045940846204758
vn 0.8404609560966492 0.07826822251081467 0.5361896753311157
vn 0.9992182850837708 -0.0335998609662056 0.020833902060985565
vn 0.9789437055587769 0.027698859572410583 0.20224255323410034
vn 0.4529262185096741 -0.87669837474823 -0.16204239428043365
vn -0.8381655812263489 0.44996726512908936 -0.3082335293292999
vn -0.889208197593689 0.4030854403972626 -0.21640431880950928
vn -0.8310523629188538 0.5168836116790771 -0.20538590848445892
vn 0.6887770891189575 0.6988514065742493 -0.19285447895526886
vn 0.8398829102516174 0.17657725512981415 0.5132417678833008
vn -0.43807244300842285 0.8658446073532104 0.24167269468307495
vn -0.8880988359451294 0.4124985933303833 0.20279347896575928
vn 0.15372510254383087 0.668673038482666 -0.7274922132492065
vn 0.8600969314575195 0.3520272672176361 -0.3692020773887634
vn 0.8315558433532715 0.05541468784213066 0.552669882774353
vn 0.05740961804986 -0.35604503750801086 0.9327036738395691
vn -0.9021411538124084 0.4290485680103302 -0.045374128967523575
vn -0.8253130912780762 0.5624139904975891 -0.050485845655202866
vn -0.975991427898407 0.21704910695552826 0.01817713864147663
vn 0.9923757910728455 -0.10895684361457825 0.05760744586586952
vn 0.9897400736808777 0.06175810471177101 -0.1288430094718933
vn 0.9838907122612 -0.16576100885868073 0.06695035845041275
vn 0.9382634162902832 0.06224513053894043 -0.34027546644210815
vn 0.7058837413787842 0.3273567855358124 0.6281445622444153
vn 0.41230347752571106 -0.5899178385734558 0.6942642331123352
vn -0.31665676832199097 -0.91257244348526 0.2587277889251709
vn -0.5290907621383667 -0.8481417894363403 0.026806078851222992
vn -0.0306664127856493 -0.9568366408348083 0.2890034317970276
vn 0.08160284906625748 -0.9825212359428406 0.16731081902980804
vn 0.15009430050849915 -0.9200954437255859 -0.3617958128452301
vn -0.2131999284029007 -0.7043230533599854 -0.6771076917648315
vn 0.4923269748687744 0.25135093927383423 -0.8333287239074707
vn 0.2328311800956726 -0.5738644003868103 -0.7851555943489075
vn 0.2700592875480652 -0.7252812385559082 0.6332734227180481
vn 0.21774892508983612 0.7527835965156555 0.6212102770805359
vn 0.8553009629249573 -0.05252119526267052 0.5154626369476318
vn 0.9352038502693176 0.3495936095714569 -0.05637403950095177
vn 0.20811952650547028 0.967481255531311 -0.1437571942806244
vn -0.39939749240875244 0.4696999490261078 0.7873141765594482
vn 0.5329426527023315 -0.1841912716627121 0.8258606195449829
vn 0.9724751114845276 -0.18541303277015686 0.14111755788326263
vn 0.9909342527389526 -0.014633247628808022 0.13354851305484772
vn 0.24654284119606018 0.8515141010284424 0.462753027677536
vn 0.4856979250907898 0.30144089460372925 0.8205066323280334
vn 0.9234960079193115 -0.2323685586452484 0.3052212595939636
vn 0.979512095451355 -0.19536779820919037 0.04886099696159363
vn 0.9398820996284485 0.2527844309806824 -0.22961187362670898
vn 0.039003655314445496 0.9958446025848389 -0.08229433745145798
vn -0.6107704043388367 0.27938592433929443 -0.7408798933029175
vn -0.5106931328773499 0.27796074748039246 -0.813590943813324
vn -0.8725540637969971 -0.12342298030853271 -0.4726693034172058
vn 0.8472029566764832 -0.04751191288232803 -0.5291405320167542
vn 0.8020875453948975 0.3740156590938568 -0.465583473443985
vn -0.12916402518749237 -0.9125706553459167 0.3879838287830353
vn -0.02132563106715679 -0.9066531658172607 -0.4213376045227051
vn 0.5347223877906799 -0.22957547008991241 0.8132447004318237
vn -0.01711362414062023 -0.30644601583480835 0.951734185218811
vn 0.34313175082206726 0.02399972826242447 0.9389806389808655
vn 0.10602413862943649 0.04534173384308815 0.9933291673660278
vn 0.45445898175239563 -0.8240656852722168 0.3382052183151245
vn -0.6307947635650635 -0.7145295739173889 0.30256494879722595
vn -0.8686318397521973 -0.3994126617908478 0.2931693196296692
vn 0.07295466214418411 -0.9945908188819885 0.07393842190504074
vn -0.6591822504997253 -0.691243588924408 -0.2960759699344635
vn -0.8642878532409668 -0.5025607347488403 -0.0209567379206419
vn 0.010658882558345795 -0.8818772435188293 -0.4713585674762726
vn -0.4851226210594177 0.4749193787574768 0.7342394590377808
vn -0.3273455500602722 0.4759116768836975 0.8163044452667236
vn -0.6564041972160339 0.7541407942771912 -0.020128870382905006
vn -0.647942841053009 0.7586466073989868 -0.06800985336303711
vn -0.18322254717350006 0.9657443165779114 -0.18375913798809052
vn -0.38317564129829407 0.8841137886047363 -0.26743075251579285
vn -0.4354141056537628 0.9002082347869873 -0.006310313940048218
vn -0.5612596273422241 0.8262896537780762 -0.04725503548979759
vn -0.0835692286491394 0.8405049443244934 0.5353200435638428
vn 0.2834951877593994 0.7998096346855164 0.5290888547897339
vn 0.4359234571456909 -0.6718744039535522 0.5987950563430786
vn 0.5019196271896362 -0.09848250448703766 -0.8592891693115234
vn 0.0024986667558550835 -0.11544252932071686 -0.9933110475540161
vn 0.4083675742149353 -0.3937595784664154 -0.8235225081443787
vn 0.668212354183197 -0.3695286810398102 -0.6457095146179199
vn 0.25126609206199646 0.6149601340293884 -0.7474551796913147
vn 0.6308664679527283 0.45284581184387207 -0.6300302743911743
vn 0.8136110305786133 0.061756595969200134 -0.5781204104423523
vn 0.5228338837623596 0.5815175175666809 -0.623283326625824
vn -0.5135058760643005 -0.38784900307655334 -0.7654311656951904
vn -0.10977374762296677 0.2775784432888031 -0.95441073179245
vn 0.13734662532806396 -0.5404950380325317 -0.8300607800483704
vn -0.45201605558395386 0.0030003366991877556 -0.892004668712616
vn 0.1281949281692505 -0.11256686598062515 -0.9853399395942688
vn -0.6262353658676147 0.46848973631858826 -0.6231746077537537
vn -0.5020764470100403 0.8437698483467102 0.18966250121593475
vn -0.5300083756446838 0.818229615688324 0.22269122302532196
vn 0.18554620444774628 0.9682390093803406 -0.16758839786052704
vn -0.21938809752464294 0.8787965774536133 -0.423775315284729
vn -0.6473921537399292 0.754435658454895 -0.10821396112442017
vn -0.6670857071876526 0.7445859313011169 -0.024258898571133614
vn 0.2911142408847809 0.20656684041023254 -0.9341213703155518
vn -0.5292271971702576 0.3038197159767151 -0.7922197580337524
vn -0.25825706124305725 0.9308220744132996 0.25859904289245605
vn -0.6034629344940186 0.7672670483589172 0.21710306406021118
vn -0.6259943842887878 0.7731687426567078 -0.1016911193728447
vn -0.5470169186592102 0.6942911148071289 0.46768853068351746
vn -0.6136126518249512 0.7884316444396973 0.04307101294398308
vn -0.5278224945068359 0.8481146097183228 -0.04588039219379425
vn -0.7590166926383972 0.6099720001220703 0.22765709459781647
vn -0.8320429921150208 0.5546970367431641 -0.003952302038669586
vn 0.5245314836502075 -0.8510271310806274 0.024892093613743782
vn 0.534412145614624 -0.8285323977470398 0.1671457141637802
vn 0.2773951292037964 -0.221429243683815 0.9348909258842468
vn 0.023331832140684128 -0.47261011600494385 0.8809627294540405
vn -0.7156959772109985 -0.5599886775016785 0.41736307740211487
vn 0.4310298562049866 -0.890863835811615 -0.1434393674135208
vn 0.5157688856124878 -0.827727198600769 -0.2210208922624588
vn -0.7309877872467041 0.681705117225647 0.030577505007386208
vn -0.7131624817848206 0.6906388998031616 0.12007194012403488
vn -0.5388954281806946 0.8149381875991821 0.2132306694984436
vn -0.8522592186927795 0.5187938809394836 -0.06713509559631348
vn 0.5981837511062622 -0.5890291333198547 -0.5433422923088074
vn 0.49573588371276855 -0.800579309463501 -0.3366284966468811
vn 0.3647543489933014 -0.9039206504821777 -0.2233421504497528
vn 0.4079954922199249 -0.799923300743103 -0.4400708079338074
vn 0.7680622339248657 -0.35024598240852356 -0.5361045598983765
vn 0.6219316720962524 -0.6471939086914062 -0.4408411383628845
vn 0.7590364217758179 -0.4604915976524353 -0.4602295458316803
vn 0.4622017443180084 -0.7424851655960083 -0.4848560392856598
vn -0.6432823538780212 0.30821964144706726 0.7008484601974487
vn -0.35088109970092773 0.4569690227508545 0.8173505067825317
vn -0.7531089186668396 0.5379188060760498 0.37877458333969116
vn -0.8922274708747864 0.309613436460495 0.32873982191085815
vn 0.4753052294254303 -0.8785904049873352 0.04651530832052231
vn 0.3407936990261078 -0.9361690282821655 0.08629720658063889
vn -0.7601019740104675 -0.6291391253471375 0.16256950795650482
vn -0.6433355808258057 -0.7521191239356995 0.14295484125614166
vn -0.7512887120246887 -0.6323078274726868 0.1890823096036911
vn 0.15788468718528748 -0.9042863845825195 0.39665937423706055
vn 0.6339300274848938 -0.47265708446502686 0.6121503114700317
vn 0.6170607805252075 -0.5424332618713379 0.57008957862854
vn -0.0031117210164666176 -0.927593469619751 0.37357810139656067
vn -0.7982496619224548 -0.4644921123981476 -0.38346388936042786
vn -0.8913571834564209 -0.3532677888870239 -0.2840495705604553
vn -0.47473642230033875 -0.8780901432037354 -0.05985742807388306
vn 0.4515143930912018 -0.8912113308906555 0.04332705959677696
vn -0.9915392398834229 -0.10835634171962738 -0.07147559523582458
vn -0.8459087610244751 0.5269913673400879 0.08196598291397095
vn 0.49768853187561035 -0.7573218941688538 -0.4228116273880005
vn 0.3987588584423065 -0.8219290375709534 -0.406723290681839
vn 0.05380183830857277 -0.8391163349151611 -0.5412846207618713
vn 0.2068878561258316 -0.6776599287986755 -0.705673098564148
vn -0.7732732892036438 -0.031410906463861465 -0.6332943439483643
vn -0.9985293745994568 -0.010707574896514416 -0.05314560607075691
vn -0.31714367866516113 0.9041752219200134 -0.28615906834602356
vn 0.10340730100870132 0.9910469651222229 -0.08445553481578827
vn -0.025966711342334747 0.95663982629776 -0.2901136577129364
vn -0.4317021071910858 0.55570387840271 -0.7105112671852112
vn -0.31438761949539185 0.9408982992172241 0.1259794384241104
vn 0.17573635280132294 0.9825971722602844 0.0601620115339756
vn -0.39178386330604553 0.7029496431350708 -0.5936051607131958
vn 0.4196668863296509 -0.8469143509864807 -0.32652074098587036
vn -0.34000155329704285 -0.9117628931999207 0.23040692508220673
vn -0.3484819531440735 -0.8323332071304321 0.4310242235660553
vn 0.026829438284039497 -0.9905847907066345 0.13424623012542725
vn 0.2512914538383484 -0.9615499377250671 -0.11078968644142151
vn 0.7052985429763794 -0.6992420554161072 -0.1166815459728241
vn -0.44375643134117126 0.7643703818321228 0.46778005361557007
vn -0.1211918443441391 0.9653481245040894 0.23111805319786072
vn -0.36756840348243713 0.6832430958747864 0.6309298276901245
vn -0.5021911859512329 0.6334759593009949 0.5886528491973877
vn 0.23434235155582428 -0.9662805795669556 0.1067032516002655
vn 0.7117398381233215 -0.6392666101455688 0.2911439836025238
vn 0.2135879248380661 -0.9649257063865662 -0.1526387333869934
vn -0.5990675687789917 -0.2657724618911743 -0.7553033232688904
vn -0.3213261663913727 -0.3799819052219391 -0.8673887252807617
vn -0.3321894407272339 0.9407476186752319 0.06814786046743393
vn 0.051428306847810745 0.5516109466552734 0.8325145840644836
vn -0.1625671237707138 0.7069321274757385 0.6883450150489807
vn -0.30001023411750793 0.9538992047309875 0.00836625974625349
vn -0.944664478302002 0.320779025554657 -0.06862813234329224
vn -0.9197965860366821 0.3756120502948761 0.11353372037410736
vn -0.5791980028152466 0.7734246253967285 0.2575734853744507
vn -0.12829306721687317 0.6696767210960388 0.731487512588501
vn 0.1396988332271576 0.13404034078121185 0.9810797572135925
vn 0.1319761425256729 0.15281599760055542 0.9794026017189026
vn -0.6262820959091187 0.18832150101661682 0.7565089464187622
vn -0.21592503786087036 -0.5780704617500305 0.7868995666503906
vn 0.19731420278549194 -0.5567033290863037 0.8069377541542053
vn -0.5077207684516907 0.5725136995315552 -0.6437761187553406
vn -0.03082057274878025 0.7177355289459229 -0.6956333518028259
vn 0.15671639144420624 0.013319959864020348 -0.9875537753105164
vn -0.2904684543609619 -0.35514941811561584 -0.8885365128517151
vn -0.831543505191803 -0.463156133890152 -0.3066297471523285
vn -0.6990318298339844 -0.6918695569038391 0.18075138330459595
vn 0.047743331640958786 -0.8796876668930054 -0.47314906120300293
vn -0.011625741608440876 -0.9921090602874756 0.12483777105808258
vn 0.12266969680786133 -0.1520022600889206 -0.9807382225990295
vn 0.16179808974266052 -0.6732850670814514 -0.7214628458023071
vn 0.2489391267299652 -0.9653195738792419 0.07866016775369644
vn 0.2682856321334839 -0.661142885684967 0.7006517648696899
vn 0.24555383622646332 -0.8113400936126709 -0.5305002331733704
vn 0.3128680884838104 -0.947760820388794 0.062152761965990067
vn 0.2055331915616989 -0.6758608222007751 0.7077912092208862
vn 0.04377201944589615 0.07678213715553284 0.996086597442627
vn 0.08131153136491776 0.08538159728050232 0.9930248856544495
vn 0.2622600495815277 -0.9634935855865479 0.05384846031665802
vn 0.09885558485984802 -0.86286860704422 0.4956665337085724
vn -0.04979284480214119 0.10752258449792862 0.9929549098014832
vn -0.1592833697795868 0.5909213423728943 0.7908481955528259
vn -0.11844158172607422 0.5020812153816223 0.8566715121269226
vn -0.1206166073679924 -0.7995805740356445 0.5883216857910156
vn -0.18122775852680206 0.1397394835948944 0.9734626412391663
vn -0.1234462633728981 0.4998636543750763 0.8572614192962646
vn -0.23018182814121246 0.9547830820083618 -0.18816383183002472
vn -0.3074164092540741 0.9348105788230896 0.17783263325691223
vn -0.29575544595718384 0.20348984003067017 0.9333384037017822
vn -0.1847967505455017 0.5249812602996826 0.8308097720146179
vn -0.1509605497121811 0.9849622845649719 0.08402509987354279
vn -0.20363400876522064 0.5221856236457825 -0.8281638026237488
vn -0.1339522898197174 0.4463927149772644 -0.8847543597221375
vn -0.270331472158432 0.6127811074256897 0.7425766587257385
vn -0.1526997685432434 0.9590854644775391 0.23840664327144623
vn -0.24445348978042603 0.6219504475593567 -0.7439220547676086
vn -0.40095245838165283 -0.2329135537147522 -0.8859957456588745
vn -0.20318540930747986 -0.14637596905231476 -0.9681373238563538
vn -0.09541577100753784 -0.9123350381851196 -0.39817163348197937
vn -0.05669443681836128 -0.88129061460495 -0.4691616892814636
vn -0.08963184058666229 -0.11106649041175842 -0.9897627830505371
vn -0.07665790617465973 -0.9591940641403198 -0.2721584141254425
vn 0.06571894139051437 -0.9891551733016968 -0.13135050237178802
vn -0.06847668439149857 -0.9931061267852783 -0.09513711929321289
vn -0.35636699199676514 -0.5839981436729431 0.7293481230735779
vn 0.10218492150306702 -0.9943946599960327 -0.02715582214295864
vn -0.2876721918582916 -0.8534537553787231 0.43458184599876404
vn -0.4040389060974121 0.29726240038871765 0.8650939464569092
vn -0.5000783801078796 0.1795787662267685 0.8471558690071106
vn -0.6415058374404907 0.13311593234539032 0.7554803490638733
vn -0.6540036797523499 0.16086329519748688 0.7391902208328247
vn -0.5696333050727844 0.5700764656066895 0.5920564532279968
vn -0.5142142176628113 0.7270347476005554 0.4549773335456848
vn -0.7671031951904297 0.23461656272411346 0.597082793712616
vn -0.6805177927017212 0.5670381188392639 0.4640725553035736
vn -0.8757367730140686 0.37706300616264343 0.3015103340148926
vn -0.9253161549568176 0.3778599202632904 0.03180659934878349
vn -0.45966237783432007 -0.8789145946502686 0.1273556500673294
vn -0.9451141357421875 0.30279868841171265 0.12276927381753922
vn 0.525145411491394 -0.8494853377342224 0.05096030235290527
vn 0.4530966877937317 -0.880539059638977 0.13911981880664825
vn 0.07659198343753815 0.9934368133544922 -0.08495217561721802
vn 0.7753955125808716 0.22777478396892548 -0.5889655351638794
vn 0.8726460933685303 0.3787679672241211 -0.30825912952423096
vn 0.844680666923523 -0.47739648818969727 -0.24208901822566986
vn 0.9255024194717407 0.36182355880737305 -0.11193321645259857
vn 0.8776099681854248 -0.4580571949481964 0.14136552810668945
vn 0.8411992192268372 0.5293825268745422 0.11017228662967682
vn 0.8131999969482422 -0.29830166697502136 0.4997217357158661
vn 0.6004691123962402 0.7458239793777466 0.28841549158096313
vn 0.7218241691589355 -0.03271244466304779 0.6913029551506042
vn 0.30388227105140686 0.9318154454231262 0.19843252003192902
vn -0.42233359813690186 0.7579164505004883 -0.4971889555454254
vn -0.5670448541641235 0.46194639801979065 -0.6819572448730469
vn -0.22191305458545685 0.971329927444458 -0.08528086543083191
vn -0.5990551114082336 0.739643394947052 -0.3066929578781128
vn -0.761479914188385 0.5430389046669006 -0.3539164960384369
vn -0.6597141027450562 0.7513809204101562 0.014284291304647923
vn -0.8606055974960327 0.5089384317398071 0.01842932216823101
vn -0.45116502046585083 0.8844610452651978 0.1190747320652008
vn -0.47577962279319763 0.8397040367126465 0.2617841958999634
vn 0.18059463798999786 -0.7913655638694763 -0.5840600728988647
vn 0.03415628522634506 -0.047480788081884384 -0.9982879161834717
vn -0.040057118982076645 0.0663330927491188 -0.9969931840896606
vn -0.13707365095615387 0.48095208406448364 -0.8659652471542358
vn -0.18043574690818787 0.5718667507171631 -0.80025714635849
vn -0.3242919147014618 0.9458381533622742 -0.01499643549323082
vn -0.11864707618951797 0.6164366602897644 -0.7784143090248108
vn -0.51451176404953 0.7680063247680664 0.38137125968933105
vn -0.6583490371704102 0.7388390898704529 0.14385156333446503
vn -0.659645676612854 0.7515749931335449 0.001593061606399715
vn 0.9111292958259583 0.32133468985557556 -0.2580454349517822
vn 0.9926067590713501 -0.0008216651040129364 -0.12137125432491302
vn -0.6340726613998413 -0.03537005931138992 -0.7724640369415283
vn -0.11430400609970093 0.4861029386520386 -0.8663938641548157
vn -0.549755334854126 -0.7060616612434387 -0.44636979699134827
vn -0.10882344841957092 0.44678306579589844 0.8879990577697754
vn 0.33228516578674316 0.9431589841842651 -0.006152750924229622
vn -0.6316535472869873 0.5718503594398499 0.5234509706497192
vn -0.38421013951301575 0.8992063999176025 -0.20930953323841095
vn 0.6468126773834229 0.4605174660682678 -0.607912003993988
vn -0.9272741675376892 0.37337422370910645 -0.027466945350170135
vn -0.524002194404602 0.691604495048523 -0.49709635972976685
vn -0.8148913383483887 -0.09554800391197205 0.5716841220855713
vn -0.9904749393463135 -0.13564926385879517 -0.02363726869225502
vn -0.9982216954231262 0.05770321935415268 0.014959403313696384
vn -0.6644400358200073 -0.7457687854766846 0.04846081882715225
vn -0.8471302390098572 0.5302135944366455 0.03527048975229263
vn -0.8447754979133606 0.5297298431396484 0.07576718181371689
vn -0.9692933559417725 0.23669759929180145 0.06666960567235947
vn -0.9045879244804382 0.4242739975452423 0.04137911647558212
vn -0.8971793055534363 0.43788522481918335 0.057670462876558304
vn -0.8891897797584534 0.43900352716445923 0.12890873849391937
vn -0.8613011837005615 0.4970509111881256 0.10535997897386551
vn -0.8733430504798889 0.48656874895095825 0.022867297753691673
vn -0.8506442308425903 0.5228440165519714 0.055123668164014816
vn -0.8664044737815857 0.4887838065624237 0.10214550793170929
vn -0.29193735122680664 0.9527267217636108 0.08416794240474701
vn 0.26465487480163574 0.9574747681617737 0.11489059776067734
vn 0.6733114719390869 0.7390888929367065 -0.0199827179312706
vn 0.7045345902442932 0.7023155689239502 0.1019008606672287
vn 0.5777135491371155 0.8151840567588806 -0.041496433317661285
vn 0.606972336769104 0.7923994660377502 0.060724712908267975
vn 0.4967576563358307 0.8645926713943481 -0.07557288557291031
vn 0.5494774580001831 0.8300132155418396 0.09566916525363922
vn 0.8301998376846313 0.49158984422683716 -0.2628835439682007
vn 0.4663431644439697 0.8839735388755798 -0.033388640731573105
vn 0.823006808757782 0.5679749846458435 0.008013875223696232
vn 0.9666005969047546 -0.248066708445549 -0.06439077109098434
vn 0.8603839874267578 -0.34910914301872253 -0.3712981343269348
vn 0.9093651175498962 -0.4030577838420868 -0.1029544398188591
vn 0.875304102897644 -0.31000879406929016 -0.3711298406124115
vn 0.8496497869491577 -0.5074307322502136 -0.14355945587158203
vn 0.6429117918014526 -0.6789728999137878 -0.35448604822158813
vn -0.08300447463989258 -0.9958435893058777 -0.03749403357505798
vn 0.8494317531585693 -0.5017088651657104 0.16356578469276428
vn 0.10514708608388901 -0.9830086827278137 0.15045955777168274
vn -0.6431201100349426 -0.7640511989593506 -0.051207348704338074
vn -0.6212464570999146 -0.7826014757156372 0.03984665498137474
vn -0.5311069488525391 -0.8467851281166077 -0.029670406132936478
vn -0.4514060318470001 -0.8918048739433289 0.0302768275141716
vn -0.32087546586990356 -0.9458699226379395 0.048671428114175797
vn -0.25082719326019287 -0.9680275321006775 0.0029037920758128166
vn -0.809326171875 -0.5859905481338501 0.04007886350154877
vn -0.988766610622406 0.14130230247974396 -0.0487246960401535
vn 0.9062515497207642 -0.32700008153915405 0.2679162621498108
vn 0.8409726619720459 -0.27379992604255676 0.46668893098831177
vn 0.913949728012085 -0.31454795598983765 0.25642845034599304
vn 0.8710358142852783 -0.28038081526756287 0.40334007143974304
vn 0.9289929866790771 0.33459606766700745 0.15816901624202728
vn 0.9346283078193665 0.32808980345726013 0.13721176981925964
vn 0.9640283584594727 0.2620517611503601 -0.04447555914521217
vn 0.5699766874313354 0.8069378137588501 -0.15484823286533356
vn 0.5249502062797546 0.8511214256286621 -0.004432401154190302
vn 0.5508965849876404 0.8329498171806335 -0.05203425511717796
vn 0.552209198474884 0.8130304217338562 -0.18451668322086334
vn 0.6228420734405518 0.7820996046066284 -0.019699325785040855
vn 0.642927348613739 0.7652836441993713 -0.03138818219304085
vn 0.09191422164440155 0.9957668781280518 0.00023005220282357186
vn -0.4966214895248413 0.8654999136924744 -0.06539899855852127
vn 0.5500282645225525 0.8344366550445557 -0.03441200405359268
vn -0.9034629464149475 0.42472022771835327 -0.058029428124427795
vn -0.16029797494411469 0.8473449945449829 0.5062717795372009
vn -0.7127903699874878 0.5793045163154602 -0.3953937888145447
vn -0.5717360973358154 0.691324770450592 0.4418008625507355
vn -0.9121919870376587 0.39462992548942566 0.11033117026090622
vn -0.4751450717449188 0.8520562052726746 -0.21963004767894745
vn -0.36290881037712097 -0.931580662727356 0.021322984248399734
vn -0.15872438251972198 -0.9761306643486023 0.1482415348291397
vn -0.19960902631282806 -0.9584184288978577 0.20393705368041992
vn -0.2498220056295395 -0.9679186940193176 0.026876922696828842
vn -0.4160844683647156 -0.909138560295105 0.01845976524055004
vn -0.25875499844551086 -0.9655469059944153 0.027655988931655884
vn -0.22121809422969818 -0.9748397469520569 0.027388231828808784
vn -0.37916100025177 -0.9253288507461548 0.0019008052768185735
vn -0.3324577212333679 -0.93543940782547 -0.12010383605957031
vn -0.14585699141025543 -0.9885921478271484 -0.03756757080554962
vn -0.24423153698444366 -0.9634892344474792 -0.10972457379102707
vn 0.4681703448295593 0.8286738991737366 -0.3067833185195923
vn 0.8564684987068176 0.4104044735431671 0.31309735774993896
vn 0.9166088700294495 0.3102565109729767 0.2521290183067322
vn 0.49303990602493286 0.8616553544998169 -0.12025660276412964
vn 0.4277016222476959 0.875838577747345 -0.22355802357196808
vn 0.5046032667160034 0.7722421884536743 -0.38602808117866516
vn 0.7858736515045166 0.5628386735916138 0.2561546564102173
vn 0.6820523738861084 0.36987540125846863 0.6308698654174805
vn 0.75053471326828 -0.5767691135406494 -0.3225446939468384
vn 0.6831103563308716 -0.5381414294242859 -0.4937247335910797
vn 0.342560350894928 0.7619680762290955 0.5495970845222473
vn -0.3844824731349945 -0.42598065733909607 -0.8189711570739746
vn -0.7742522954940796 -0.3556158244609833 -0.5235177874565125
vn 0.8643473982810974 -0.46349653601646423 -0.19512709975242615
vn 0.5033442378044128 0.6745773553848267 0.5399907231330872
vn -0.4707915782928467 -0.8595672845840454 -0.19874444603919983
vn 0.41883721947669983 0.8344494700431824 0.35814735293388367
vn 0.43059396743774414 0.895314633846283 0.11401978135108948
vn 0.44015803933143616 0.8837666511535645 0.1588001251220703
vn 0.5488727688789368 0.806563138961792 0.21953223645687103
vn 0.40209370851516724 0.9154935479164124 -0.013863388448953629
vn 0.5118921399116516 0.7815904021263123 0.35648688673973083
vn 0.5007712841033936 0.8448443412780762 0.1883247047662735
vn 0.4046045243740082 0.7578627467155457 -0.5117999315261841
vn 0.39706602692604065 0.8692206144332886 -0.2946085035800934
vn 0.4693519175052643 0.8819971680641174 0.04230688884854317
vn 0.8485873341560364 0.3379879891872406 0.4070180058479309
vn -0.005935530178248882 0.8522234559059143 0.5231442451477051
vn 0.7693271040916443 0.3757184147834778 -0.5166927576065063
vn 0.6823498606681824 0.3152022957801819 -0.6595803499221802
vn 0.8981762528419495 -0.3153323233127594 0.3063412606716156
vn -0.2758990526199341 0.5676472187042236 0.7756650447845459
vn -0.4851699471473694 0.20088599622249603 0.8510316610336304
vn 0.20937201380729675 -0.5878975987434387 0.7813704609870911
vn 0.07723988592624664 -0.6168034672737122 0.7833182215690613
vn 0.2760159373283386 -0.5850892066955566 0.7625522017478943
vn 0.5757145285606384 -0.4376327693462372 0.6906737089157104
vn 0.4984038174152374 -0.27613168954849243 0.8217936754226685
vn 0.6034606099128723 -0.40802258253097534 0.6850934028625488
vn 0.34067946672439575 0.1375226229429245 0.9300671219825745
vn 0.2252279669046402 -0.8972888588905334 0.37966448068618774
vn 0.8853036165237427 -0.4558250606060028 0.09198417514562607
vn 0.60198575258255 0.44290095567703247 0.6644183397293091
vn -0.7973024249076843 -0.3033829629421234 0.5217926502227783
vn -0.6752128005027771 -0.7159241437911987 -0.17759576439857483
vn -0.2970210015773773 -0.8081072568893433 -0.5086661577224731
vn -0.07350274175405502 -0.6629949808120728 -0.7450067400932312
vn 0.3315783441066742 -0.4418709874153137 -0.8335501551628113
vn 0.0252667348831892 -0.6608458161354065 -0.7500962615013123
vn -0.45576080679893494 -0.5711506009101868 -0.6826925277709961
vn -0.17240892350673676 -0.11922670155763626 -0.9777833223342896
vn 0.22801877558231354 -0.9691319465637207 -0.09375882148742676
vn 0.8890435695648193 0.23553232848644257 -0.39258885383605957
vn 0.5852660536766052 -0.7154812812805176 -0.38151031732559204
vn -0.7955957055091858 0.3402954638004303 0.5012249946594238
vn 0.6094458699226379 -0.5559177994728088 -0.565270721912384
vn 0.8802173137664795 -0.4134089946746826 -0.23304618895053864
vn 0.03377268463373184 -0.8375757932662964 0.5452761054039001
vn -0.3079548478126526 -0.9392352104187012 0.15166088938713074
vn -0.6244176030158997 -0.41292423009872437 -0.6630204319953918
vn 0.12997962534427643 0.3914875388145447 -0.9109570980072021
vn 0.544005274772644 0.4281080663204193 -0.721652090549469
vn -0.7753512263298035 -0.628070592880249 -0.06601367145776749
vn -0.9192460775375366 -0.39107546210289 0.04523863643407822
vn -0.4101181924343109 -0.8382529020309448 0.3593538701534271
vn 0.00004758367140311748 -0.6993986368179321 0.7147318720817566
vn -0.5440752506256104 -0.29564622044563293 0.785223126411438
vn 0.27968940138816833 -0.5097053647041321 0.813618004322052
vn 0.8656701445579529 -0.48259177803993225 0.13311776518821716
vn 0.023689409717917442 -0.964148223400116 -0.26430466771125793
vn 0.09141256660223007 0.9405705332756042 -0.3270638883113861
vn -0.6157612800598145 0.7620261311531067 -0.20038555562496185
vn 0.38952744007110596 0.5241473913192749 -0.7573229670524597
vn 0.14966823160648346 0.7313907146453857 0.6653323173522949
vn -0.7105638384819031 0.5364660620689392 0.45530572533607483
vn 0.6178413033485413 0.710893988609314 -0.33600860834121704
vn 0.7303465604782104 0.5598524808883667 0.3913557231426239
vn -0.4935232102870941 0.1885462999343872 -0.8490495085716248
vn -0.22635027766227722 -0.8070179224014282 0.5454241633415222
vn -0.9659011363983154 -0.20713208615779877 0.1553424894809723
vn -0.8395635485649109 -0.28244808316230774 0.4640648066997528
vn -0.2902168333530426 -0.8784762620925903 0.3795439302921295
vn -0.13843144476413727 -0.8965314030647278 0.4207947254180908
vn -0.002276843646541238 -0.641723096370697 0.766933023929596
vn -0.29411283135414124 0.5002719163894653 0.8143866062164307
vn 0.3885906934738159 0.8582584857940674 0.33524566888809204
vn -0.019416064023971558 0.9994956254959106 -0.02513204701244831
vn 0.348213791847229 0.9173924922943115 0.19271278381347656
vn -0.2369554489850998 0.9478857517242432 0.212989941239357
vn 0.6888439655303955 0.7049027681350708 -0.16913369297981262
vn 0.8618510365486145 0.5066264867782593 0.02329092100262642
vn 0.7549512386322021 0.6113640666007996 0.2372395545244217
vn -0.07607711851596832 0.5990986824035645 -0.7970527410507202
vn 0.6503639817237854 0.7475982308387756 -0.13462375104427338
vn -0.032228779047727585 0.9857625961303711 0.1650255024433136
vn -0.6223882436752319 0.7810150384902954 0.05146203562617302
vn -0.7636837959289551 0.6022945642471313 -0.232439786195755
vn -0.09725149720907211 0.8056904077529907 -0.5842987895011902
vn -0.7203707695007324 0.34202128648757935 -0.6033965945243835
vn -0.7397215366363525 0.01656353287398815 -0.6727092862129211
vn 0.3158069849014282 -0.1539050042629242 -0.9362579584121704
vn 0.9935616850852966 -0.04489735886454582 -0.10401641577482224
vn 0.5815666317939758 -0.8046189546585083 0.11986935138702393
vn 0.9784959554672241 -0.030571434646844864 0.20398768782615662
vn 0.7077622413635254 0.6611583828926086 0.24888218939304352
vn 0.45320871472358704 0.8593233227729797 -0.23699228465557098
vn 0.4036623239517212 0.9091086983680725 -0.10284943133592606
vn 0.09550023823976517 0.9587526917457581 -0.2677179276943207
vn -0.14598515629768372 0.9620988965034485 -0.23033463954925537
vn -0.1479780077934265 0.9774661660194397 -0.150540292263031
vn 0.4939243197441101 -0.8314403891563416 0.25445154309272766
vn 0.37880828976631165 -0.8944417834281921 0.2376513034105301
vn 0.420071005821228 -0.8987017273902893 -0.12599816918373108
vn -0.9877970814704895 -0.07404235750436783 -0.13702061772346497
vn -0.9939600229263306 0.08352533727884293 -0.07118149101734161
vn -0.9836262464523315 0.06810815632343292 -0.16685527563095093
vn -0.9834777116775513 -0.08863657712936401 -0.1578449308872223
vn -0.9548181891441345 0.2894810438156128 -0.06725277751684189
vn -0.9664086699485779 0.23428840935230255 -0.10565678775310516
vn -0.970032811164856 0.23253312706947327 0.07046213001012802
vn -0.9973019957542419 -0.035908471792936325 0.06402529031038284
vn -0.16303446888923645 -0.8801658153533936 -0.445789098739624
vn 0.5023149251937866 -0.5833281874656677 0.6382851004600525
vn 0.2852255702018738 -0.7918441295623779 -0.5400270223617554
vn -0.96944659948349 0.1891051083803177 0.15624502301216125
vn -0.9872119426727295 0.05822195112705231 0.14840133488178253
vn -0.9824544787406921 0.05457177385687828 0.17833943665027618
vn -0.9639720916748047 0.08200041949748993 0.25304877758026123
vn -0.968479573726654 0.20561745762825012 0.140601247549057
vn -0.9760940670967102 0.1673946976661682 0.13863399624824524
vn -0.9845921397209167 0.17078891396522522 0.03754236176609993
vn -0.9578888416290283 0.28365659713745117 0.04458479583263397
vn -0.9928280711174011 0.1156400814652443 0.030329952016472816
vn -0.9995072484016418 0.012135164812207222 -0.028948256745934486
vn -0.9697108864784241 0.16101498901844025 0.18367065489292145
vn -0.9813113808631897 0.15549132227897644 0.11335916072130203
vn -0.9426084160804749 -0.06357778608798981 -0.32779136300086975
vn -0.9784241318702698 -0.19023339450359344 0.08060616254806519
vn -0.983752429485321 -0.10720083117485046 -0.14401085674762726
vn -0.5826223492622375 -0.7786298394203186 -0.23299504816532135
vn 0.5362793803215027 -0.012747043743729591 0.8439441919326782
vn -0.18480516970157623 -0.44108879566192627 0.8782298564910889
vn 0.4937417805194855 0.7027814984321594 0.5121691226959229
vn 0.5488550066947937 0.3956499993801117 0.7363554239273071
vn 0.6226741075515747 0.7164698839187622 -0.3145599365234375
vn 0.8922592401504517 0.4398350119590759 0.10207194089889526
vn -0.2681438624858856 0.9582101106643677 0.0996607095003128
vn 0.20154058933258057 0.8872448205947876 -0.41494321823120117
vn -0.6014381051063538 0.7226502895355225 0.3406592905521393
vn 0.21613289415836334 0.26862582564353943 -0.9386835098266602
vn 0.09556620568037033 0.28209468722343445 -0.9546148777008057
vn 0.6927061080932617 0.41782647371292114 -0.5878598690032959
vn 0.927552342414856 0.36402687430381775 -0.08444517105817795
vn 0.38103291392326355 -0.887628436088562 0.2587074041366577
vn 0.34264352917671204 -0.7220615148544312 0.6010180711746216
vn 0.5491855144500732 -0.7851410508155823 0.28626716136932373
vn 0.6466912627220154 -0.7405553460121155 -0.18266956508159637
vn -0.4298768639564514 -0.8593035340309143 0.27713409066200256
vn -0.04113306105136871 -0.25857770442962646 0.9651142954826355
vn 0.04946369677782059 -0.7135011553764343 -0.698905885219574
vn 0.5148653388023376 0.5312502384185791 0.672819972038269
vn -0.9113025069236755 -0.0030032400973141193 -0.4117266535758972
vn -0.5951468348503113 -0.44080811738967896 -0.6719290018081665
vn -0.9374161958694458 0.3291068375110626 -0.1137520968914032
vn -0.9861405491828918 0.0681295394897461 -0.15127871930599213
vn -0.7154885530471802 0.5539014339447021 -0.425757497549057
vn 0.535881519317627 -0.5925117135047913 -0.6014657020568848
vn -0.13040204346179962 0.1983731985092163 -0.9714130163192749
vn 0.474061518907547 -0.3119381368160248 0.8233835101127625
vn 0.6013409495353699 -0.7973210215568542 -0.05165461450815201
vn 0.5934702754020691 -0.7963488101959229 -0.11671148985624313
vn 0.5427714586257935 -0.8395957946777344 0.021862635388970375
vn 0.4166298806667328 -0.8866398334503174 0.2007218450307846
vn 0.47580307722091675 -0.8680147528648376 -0.14199264347553253
vn 0.5637679696083069 -0.7894736528396606 0.24268703162670135
vn 0.5448423027992249 -0.8324030637741089 0.10125139355659485
vn 0.7815073728561401 0.5438103079795837 0.30580487847328186
vn -0.38034600019454956 0.9247303605079651 0.014516064897179604
vn -0.22902598977088928 0.8571694493293762 0.46131083369255066
vn 0.4217683672904968 0.4322798252105713 0.7970229387283325
vn 0.5601631999015808 0.7469877004623413 -0.3580872416496277
vn 0.6108582615852356 0.4680216312408447 -0.6385985016822815
vn -0.47401919960975647 0.8344618678092957 -0.28103241324424744
vn 0.3336608409881592 -0.7464008331298828 0.5758092999458313
vn -0.3295564353466034 0.6726908087730408 0.6624798774719238
vn 0.20487260818481445 0.3584772050380707 0.9107806086540222
vn -0.3086145520210266 0.5111413598060608 0.8021792769432068
vn -0.4432730972766876 0.39555853605270386 -0.804389476776123
vn -0.1930721551179886 0.5023845434188843 -0.8428125381469727
vn 0.6177046298980713 -0.7855934500694275 -0.03583347797393799
vn 0.6839871406555176 -0.7216548919677734 0.10665719956159592
vn 0.39264628291130066 -0.7979633212089539 -0.45725634694099426
vn -0.24887292087078094 0.9420896172523499 0.22478757798671722
vn 0.7762938737869263 0.5574035048484802 0.2943962514400482
vn 0.5219051241874695 0.71341872215271 -0.4675987958908081
vn -0.5013846158981323 0.8323705792427063 -0.23616239428520203
vn -0.48848092555999756 0.6414611339569092 0.5915352702140808
vn 0.4905502200126648 0.3097682297229767 0.8144962191581726
vn -0.7842914462089539 0.6203883290290833 -0.002303557237610221
vn -0.8135809302330017 0.5747110843658447 0.08828013390302658
vn -0.7350568771362305 0.613095760345459 -0.2894909977912903
vn -0.7633283138275146 0.411063551902771 -0.49835383892059326
vn 0.17506732046604156 0.5855345129966736 -0.791517972946167
vn 0.3531648516654968 0.3103087246417999 -0.8826001882553101
vn -0.033248964697122574 0.868779718875885 -0.4940813481807709
vn -0.3918575644493103 0.8682711720466614 -0.3042249083518982
vn 0.0802018791437149 -0.17200526595115662 -0.9818258285522461
vn 0.3612882196903229 -0.1121905967593193 -0.92568039894104
vn -0.32106074690818787 0.8599700927734375 0.39670076966285706
vn 0.48446980118751526 0.2459312230348587 0.8395277857780457
vn 0.49757522344589233 -0.026761174201965332 0.8670079708099365
vn 0.3597438633441925 -0.11801803112030029 0.9255572557449341
vn -0.181681290268898 0.9568625092506409 0.22672903537750244
vn 0.15268921852111816 -0.9764471054077148 -0.1524372547864914
vn 0.4694896936416626 -0.8771811723709106 -0.10066050291061401
vn 0.16619932651519775 -0.9769005179405212 0.13432534039020538
vn -0.49320054054260254 -0.8638401627540588 -0.10263191908597946
vn -0.7861708402633667 -0.580286979675293 0.21260833740234375
vn 0.5826388001441956 -0.45086002349853516 -0.6762080192565918
vn 0.45861369371414185 -0.5323108434677124 -0.7115607261657715
vn 0.2004716992378235 -0.9368805885314941 0.2864713668823242
vn 0.4642762839794159 -0.5316353440284729 0.7083863615989685
vn 0.5641961693763733 -0.36902788281440735 0.7385804653167725
vn 0.19426578283309937 -0.9160812497138977 0.3507932424545288
vn 0.31239157915115356 -0.9309576153755188 0.18902234733104706
vn 0.559421181678772 -0.8224146962165833 -0.10335350036621094
vn -0.6698704361915588 -0.6472548842430115 -0.36377835273742676
vn -0.8730581998825073 -0.4810698330402374 0.07963290065526962
vn -0.7072110772132874 -0.6085529923439026 0.35988298058509827
vn -0.8182632327079773 0.563391387462616 0.11417268216609955
vn 0.5947487950325012 -0.7807005047798157 -0.191782608628273
vn -0.36536672711372375 -0.8226154446601868 0.4356730282306671
vn -0.28203892707824707 -0.9006508588790894 -0.33057859539985657
vn 0.43586328625679016 -0.8986374139785767 -0.0497390478849411
vn 0.5262727737426758 -0.8356773853302002 0.15710008144378662
vn 0.4532797336578369 -0.8887365460395813 0.06844771653413773
vn -0.2057478427886963 -0.9154210686683655 -0.3459363579750061
vn -0.6441076397895813 -0.7446279525756836 0.17508438229560852
vn -0.794101893901825 0.6066796779632568 0.03663264960050583
vn -0.6209650039672852 0.3837139904499054 0.6834954619407654
vn -0.7507727742195129 0.6597616076469421 0.03247889503836632
vn -0.8349406123161316 0.5390965342521667 0.11067543178796768
vn -0.8566896319389343 0.27754130959510803 0.4348030984401703
vn -0.5907195806503296 0.3940214216709137 -0.7041289210319519
vn -0.27204036712646484 0.05767885223031044 -0.9605556726455688
vn -0.7766234278678894 0.05582493171095848 -0.6274868249893188
vn -0.930950403213501 0.23246349394321442 -0.2815883457660675
vn -0.7802990674972534 0.3757489323616028 -0.49994611740112305
vn -0.8493756055831909 0.524871826171875 -0.05541365593671799
vn -0.7920918464660645 0.3822840452194214 -0.4758669137954712
vn -0.5877050161361694 0.6748602390289307 -0.4462805688381195
vn -0.7358222007751465 0.6630390882492065 -0.13764029741287231
vn -0.892572820186615 0.24380144476890564 0.3793080747127533
vn -0.6942006349563599 0.378078430891037 0.6124883890151978
vn -0.9215461015701294 0.1821606457233429 0.3428851068019867
vn -0.9668053984642029 0.2528548240661621 0.03676613047719002
vn -0.9216427206993103 -0.12328218668699265 0.36793509125709534
vn -0.5612808465957642 0.14122341573238373 0.8154873251914978
vn -0.9857882857322693 -0.042044781148433685 -0.16264596581459045
vn -0.998702347278595 0.04753857105970383 0.018267279490828514
vn -0.9981188178062439 0.04814447835087776 -0.03796019405126572
vn -0.9294085502624512 0.3429540693759918 0.13631710410118103
vn -0.3909428119659424 0.8558652400970459 0.33861225843429565
vn -0.4606611132621765 0.7393683791160583 0.4910455644130707
vn 0.07938327640295029 0.9933716058731079 0.08313321322202682
vn 0.6503247618675232 0.6681955456733704 -0.3613756597042084
vn -0.4686872363090515 0.8178430795669556 0.3338637053966522
vn -0.4252789318561554 0.41596540808677673 0.8038100004196167
vn -0.4851953089237213 0.3395122289657593 0.8058019876480103
vn -0.4698706567287445 0.7983676195144653 -0.37660425901412964
vn -0.4507233202457428 0.8131207823753357 -0.36835208535194397
vn 0.10084395110607147 0.9940159916877747 -0.041984014213085175
vn 0.5220618844032288 -0.8523012399673462 0.03215732425451279
vn 0.41158536076545715 -0.8439673781394958 -0.3439716100692749
vn -0.16758908331394196 -0.7798299193382263 0.6031410694122314
vn 0.004659341648221016 -0.7854920625686646 0.6188541054725647
vn 0.16845819354057312 -0.929802656173706 -0.3272444009780884
vn -0.02551584132015705 -0.9676421284675598 -0.2510334551334381
vn 0.49932363629341125 -0.8133938908576965 0.29843977093696594
vn 0.7397403120994568 -0.43078726530075073 0.5169203281402588
vn 0.8918130397796631 -0.4421488344669342 -0.09578117728233337
vn 0.686164140701294 -0.4321664571762085 -0.5851588249206543
vn 0.334989070892334 0.9413563013076782 0.04038318619132042
vn -0.45404720306396484 0.7359617352485657 -0.5021965503692627
vn -0.1745566874742508 0.12450464069843292 -0.9767438173294067
vn -0.1976415067911148 0.2197052538394928 -0.9553362727165222
vn -0.14512702822685242 -0.11131549626588821 -0.9831311702728271
vn -0.11397696286439896 -0.18541935086250305 -0.9760270714759827
vn -0.4354657530784607 0.44884273409843445 -0.7803266644477844
vn -0.30897822976112366 0.5795397162437439 -0.7540996074676514
vn -0.5577400326728821 0.24637944996356964 -0.7926053404808044
vn -0.5649791359901428 -0.5066298246383667 -0.6512486934661865
vn -0.03864293172955513 -0.8572704195976257 -0.5134140849113464
vn -0.07253948599100113 -0.8318250179290771 0.5502772927284241
vn -0.6483547687530518 -0.295991450548172 0.7014451026916504
vn -0.9219998717308044 0.33974623680114746 0.18571141362190247
vn -0.15223735570907593 0.017178837209939957 0.9881946444511414
vn 0.02675521746277809 -0.5678402185440063 0.8227039575576782
vn -0.04161864519119263 -0.10108055174350739 0.9940072894096375
vn -0.07736580818891525 -0.0003445206966716796 0.9970027208328247
vn -0.1413876861333847 0.08611030131578445 0.9862021207809448
vn -0.6387951970100403 0.6528763771057129 0.40705403685569763
vn -0.1544567197561264 0.2161765843629837 0.964059591293335
vn -0.3555738925933838 0.8733299374580383 0.33295947313308716
vn -0.2136361449956894 0.3022114932537079 0.9289928674697876
vn -0.37378180027008057 0.8100405931472778 0.4517977237701416
vn -0.33986401557922363 0.6762977242469788 -0.6535394787788391
vn -0.485812783241272 0.853107213973999 0.19024713337421417
vn -0.4848538935184479 0.7026731967926025 -0.5207371115684509
vn -0.3521840572357178 0.28427308797836304 -0.8917146921157837
vn -0.2331104576587677 0.17677195370197296 -0.9562484622001648
vn -0.17181211709976196 -0.16493912041187286 -0.9712238311767578
vn -0.024255674332380295 -0.292453408241272 -0.9559720754623413
vn 0.3643985688686371 -0.8526909947395325 -0.374341756105423
vn 0.22462373971939087 -0.8822469115257263 -0.41374459862709045
vn -0.0067392257042229176 -0.890762209892273 -0.454419881105423
vn 0.1441882997751236 -0.6682466268539429 0.7298328280448914
vn 0.27767202258110046 -0.6823444366455078 0.6762427687644958
vn -0.05137312784790993 -0.23230242729187012 0.971285879611969
vn -0.07313120365142822 -0.11065474897623062 0.9911646842956543
vn -0.12946370244026184 0.027266573160886765 0.9912091493606567
vn -0.19424903392791748 0.04067355766892433 0.9801086187362671
vn -0.21660086512565613 -0.009256159886717796 0.9762163162231445
vn -0.3323996365070343 0.3537500202655792 0.8742833733558655
vn -0.3443445563316345 0.01834123395383358 0.9386642575263977
vn -0.48379260301589966 -0.06035398691892624 0.873099148273468
vn -0.5228738188743591 -0.3997107446193695 0.7528839707374573
vn -0.5980792045593262 0.349211186170578 0.7213549613952637
vn -0.7390486598014832 -0.08518217504024506 0.6682448387145996
vn -0.7776413559913635 0.2634386122226715 0.570853590965271
vn -0.5555695295333862 0.7291272878646851 0.3996446430683136
vn -0.7801605463027954 0.41872644424438477 0.4647768437862396
vn -0.5431487560272217 0.7429713606834412 0.39113038778305054
vn -0.11415698379278183 0.9933828115463257 -0.012597694993019104
vn 0.5095618367195129 0.754237949848175 -0.4140916168689728
vn 0.6124901175498962 0.3663223683834076 -0.7004740834236145
vn 0.7339329719543457 0.1636294722557068 -0.6592176556587219
vn 0.792526125907898 0.09012973308563232 -0.6031409502029419
vn 0.9038764834403992 -0.023065956309437752 -0.4271712601184845
vn 0.7250450253486633 -0.09686270356178284 -0.6818558573722839
vn 0.7332168817520142 -0.13423657417297363 -0.6666135191917419
vn 0.7821701765060425 -0.23894335329532623 -0.5754266977310181
vn 0.9193383455276489 -0.39335304498672485 0.009507520124316216
vn 0.9983124732971191 0.054177504032850266 0.020900161936879158
vn 0.6556293964385986 -0.35697653889656067 -0.665370523929596
vn 0.6462554335594177 -0.3158155679702759 -0.6947044134140015
vn 0.31627747416496277 -0.8387948870658875 -0.4431609511375427
vn 0.03964563459157944 -0.9990788102149963 0.016423404216766357
vn -0.7246156334877014 -0.5965304374694824 0.34508514404296875
vn -0.5102096796035767 -0.5772344470024109 0.6375628709793091
vn -0.7870588302612305 -0.3669010400772095 0.49590522050857544
vn -0.9308660626411438 -0.12507264316082 0.34328582882881165
vn -0.9131429195404053 -0.031290482729673386 0.40643686056137085
vn -0.5034196376800537 -0.517936646938324 0.6915997862815857
vn -0.9927245378494263 -0.10220859944820404 0.0636514201760292
vn 0.6316341757774353 -0.05918014422059059 -0.7730045914649963
vn 0.79746013879776 -0.27710410952568054 0.5359762907028198
vn 0.882339596748352 0.07434780150651932 0.46470338106155396
vn 0.7445452213287354 -0.11726408451795578 0.6571921706199646
vn 0.7868955135345459 0.13780422508716583 0.6015027165412903
vn 0.36483076214790344 0.9252160787582397 0.10427672415971756
vn 0.6735167503356934 0.24828800559043884 0.6962243318557739
vn 0.3651637136936188 0.8139132261276245 0.4518856108188629
vn -0.37671929597854614 0.7892918586730957 -0.4848721921443939
vn -0.504899263381958 0.6439712047576904 -0.5747849941253662
vn -0.5798748135566711 0.3648601174354553 -0.7284382581710815
vn -0.5964568257331848 0.14929813146591187 -0.788637638092041
vn -0.623783528804779 0.27324536442756653 -0.732278048992157
vn -0.6123581528663635 0.3423120677471161 -0.7126287817955017
vn -0.524681568145752 -0.2800189256668091 -0.8039270043373108
vn -0.5589695572853088 -0.1875341534614563 -0.8077028393745422
vn -0.540855884552002 -0.2567281723022461 -0.8009779453277588
vn -0.16756241023540497 -0.4256332516670227 -0.8892463445663452
vn -0.49071723222732544 0.2900419533252716 -0.8216278553009033
vn -0.2525344789028168 -0.8156511783599854 -0.5205184817314148
vn -0.4600827395915985 -0.561660885810852 -0.6876487731933594
vn 0.00007584622653666884 -0.9990449547767639 0.04369383677840233
vn 0.4898323714733124 -0.642349123954773 0.589450478553772
vn 0.6116079092025757 -0.35139572620391846 0.7088418006896973
vn 0.6529241800308228 -0.2674480974674225 0.7086336016654968
vn 0.6566764712333679 -0.06024791672825813 0.7517621517181396
vn -0.756594717502594 -0.12534338235855103 -0.641758143901825
vn -0.9721984267234802 0.17391127347946167 -0.156795933842659
vn -0.9732717871665955 0.22933807969093323 0.012091671116650105
vn -0.6556212306022644 0.7138196229934692 0.2462160736322403
vn 0.23897035419940948 -0.7574024200439453 0.6076467633247375
vn -0.41760921478271484 0.21392442286014557 0.8830848932266235
vn 0.04791460931301117 0.15912194550037384 0.9860954880714417
vn -0.29481378197669983 0.28106236457824707 0.9132845997810364
vn 0.09921682626008987 0.30191752314567566 0.948157012462616
vn 0.3351975679397583 0.14155767858028412 0.9314526319503784
vn -0.3546939194202423 0.538027286529541 -0.7646691203117371
vn 0.3523617386817932 0.6783450245857239 -0.6447397470474243
vn 0.7771632671356201 0.444343626499176 0.445618599653244
vn -0.7869871854782104 0.4914078712463379 -0.3730541467666626
vn -0.9008126854896545 0.4324473440647125 -0.039061106741428375
vn 0.0159890279173851 0.9975916743278503 -0.06749272346496582
vn -0.83631831407547 0.5480474829673767 0.014685381203889847
vn 0.1783481240272522 0.9662854671478271 0.18569979071617126
vn 0.3925151228904724 0.9190654158592224 -0.03536617010831833
vn 0.4305592179298401 0.9021615982055664 0.026893150061368942
vn 0.3907782733440399 0.9203431010246277 -0.016149068251252174
vn 0.37647441029548645 0.9263864159584045 -0.008676204830408096
vn 0.4087076783180237 0.9126580953598022 0.0036465097218751907
vn 0.4686006009578705 0.8806847929954529 -0.06933858245611191
vn 0.8339685797691345 0.5515896677970886 -0.015661142766475677
vn 0.9132398366928101 0.25273987650871277 -0.31955525279045105
vn 0.8651182651519775 0.3089357018470764 -0.39513182640075684
vn 0.8303000926971436 -0.24877667427062988 -0.49871039390563965
vn 0.7120851874351501 -0.2760510742664337 -0.6455466747283936
vn 0.6074326634407043 -0.27512362599372864 -0.7452064156532288
vn 0.8459556102752686 -0.24698878824710846 -0.4726051688194275
vn 0.6744405627250671 -0.13484659790992737 -0.7259107828140259
vn 0.5683475136756897 -0.3702143132686615 -0.7347941398620605
vn 0.42189115285873413 -0.598284900188446 -0.6812217235565186
vn 0.9019548296928406 -0.1253979504108429 -0.41322243213653564
vn 0.46929731965065 -0.1718137413263321 -0.866163969039917
vn 0.8708837032318115 -0.020579073578119278 -0.49105820059776306
vn 0.5375034809112549 -0.717876672744751 -0.44242849946022034
vn -0.0632081851363182 -0.8343720436096191 -0.5475654602050781
vn -0.07111285626888275 -0.968693196773529 -0.23785828053951263
vn -0.04887006804347038 -0.9973723292350769 -0.05348019674420357
vn -0.5044345259666443 -0.8593164086341858 0.08438710123300552
vn -0.08581665903329849 -0.9926612377166748 0.08520038425922394
vn -0.49587422609329224 -0.8514442443847656 0.17073805630207062
vn -0.9266899228096008 -0.3727576434612274 0.04793194681406021
vn -0.984561562538147 -0.03821788355708122 0.17081566154956818
vn -0.3411790430545807 -0.9376693367958069 0.06612935662269592
vn -0.892633855342865 -0.441059410572052 -0.09312090277671814
vn -0.17433780431747437 -0.9816361665725708 0.07743922621011734
vn 0.9754856824874878 -0.20260772109031677 -0.08589475601911545
vn 0.6463010311126709 -0.7554325461387634 0.10778071731328964
vn 0.915561854839325 -0.11840439587831497 0.38435277342796326
vn 0.4609902799129486 -0.7241759896278381 0.5128908753395081
vn 0.6993902325630188 -0.05135851353406906 0.7128924131393433
vn 0.2015082687139511 -0.6253282427787781 0.7538958191871643
vn 0.7078798413276672 -0.20368078351020813 0.6763285994529724
vn 0.8643269538879395 -0.10818367451429367 0.4911569654941559
vn 0.8242108225822449 -0.2333383709192276 0.5159746408462524
vn 0.7671146392822266 -0.2901635766029358 0.5721365213394165
vn 0.6690236926078796 -0.31175732612609863 0.6746959686279297
vn 0.7310351729393005 -0.2403712421655655 0.6385995745658875
vn 0.864185631275177 0.3837146759033203 0.3254939317703247
vn 0.4138598144054413 0.9103150963783264 -0.006809791550040245
vn 0.9689680933952332 -0.24633657932281494 0.020470477640628815
vn 0.9805482625961304 -0.1894826889038086 0.05119990184903145
vn 0.44378840923309326 0.8947703242301941 -0.04937592148780823
vn 0.968437671661377 -0.20299310982227325 0.14464549720287323
vn 0.4745016098022461 0.6755521297454834 -0.5643381476402283
vn 0.5589452385902405 -0.6258062720298767 -0.5440098643302917
vn 0.871634304523468 -0.31397464871406555 0.37639567255973816
vn 0.9298620223999023 0.34016045928001404 -0.14016985893249512
vn 0.23297780752182007 -0.8376067876815796 0.49410152435302734
vn -0.581940233707428 -0.38447463512420654 -0.7166064381599426
vn -0.930546224117279 -0.322316974401474 0.17376874387264252
vn -0.9838013648986816 0.17795221507549286 -0.021632587537169456
vn -0.652658224105835 0.6526327729225159 -0.3848477303981781
vn -0.892862856388092 0.0662827268242836 0.44542402029037476
vn -0.7134316563606262 0.6055708527565002 0.35256078839302063
vn 0.3423577547073364 0.9391420483589172 -0.028340110555291176
vn 0.4238729774951935 -0.1338152289390564 0.8957818746566772
vn -0.6259669065475464 0.7526130676269531 0.20430096983909607
vn -0.7816745638847351 0.541210412979126 0.3099614977836609
vn 0.7041637301445007 0.13758666813373566 0.6965798139572144
vn -0.6877616047859192 -0.6396994590759277 -0.34317442774772644
vn -0.2576758563518524 -0.8093864321708679 -0.5277278423309326
vn -0.13355451822280884 -0.28902387619018555 0.9479601383209229
vn -0.23650908470153809 -0.3525148630142212 0.9054262638092041
vn -0.3138897716999054 -0.4469374120235443 0.8376873135566711
vn -0.5958695411682129 0.7794902920722961 -0.19322068989276886
vn 0.058156948536634445 0.8470988869667053 -0.5282434821128845
vn 0.3939986228942871 0.657643735408783 -0.6420822739601135
vn -0.8561176657676697 0.5143842697143555 0.04971388354897499
vn -0.7486580610275269 0.6077812910079956 0.2647886872291565
vn -0.969518780708313 0.2098197191953659 0.12652705609798431
vn -0.035186391323804855 -0.7170120477676392 0.6961721777915955
vn -0.08297352492809296 -0.7295856475830078 0.6788372993469238
vn -0.15947508811950684 0.8850535750389099 0.4373188614845276
f 1//1 2//2 3//3
f 1//1 3//3 4//4
f 1//1 5//5 6//6
f 1//1 6//6 2//2
f 1//1 4//4 7//7
f 1//1 7//7 5//5
f 5//5 7//7 8//8
f 5//5 8//8 6//6
f 9//9 10//10 11//11
f 9//9 11//11 12//12
f 9//9 13//13 14//14
f 9//9 14//14 10//10
f 9//9 12//12 15//15
f 9//9 15//15 13//13
f 3//3 14//14 16//16
f 3//3 16//16 17//17
f 3//3 17//17 18//18
f 3//3 18//18 19//19
f 3//3 2//2 10//10
f 3//3 10//10 14//14
f 3//3 19//19 20//20
f 3//3 20//20 4//4
f 21//21 22//22 23//23
f 21//21 23//23 24//24
f 21//21 15//15 12//12
f 21//21 12//12 22//22
f 21//21 25//25 26//26
f 21//21 26//26 15//15
f 20//20 27//27 7//7
f 20//20 7//7 4//4
f 20//20 28//28 29//29
f 20//20 29//29 27//27
f 20//20 19//19 21//21
f 20//20 21//21 24//24
f 20//20 24//24 30//30
f 20//20 30//30 28//28
f 31//31 32//32 33//33
f 31//31 33//33 34//34
f 31//31 35//35 36//36
f 31//31 36//36 37//37
f 31//31 37//37 38//38
f 31//31 38//38 32//32
f 39//39 40//40 41//41
f 39//39 41//41 42//42
f 43//43 44//44 45//45
f 43//43 45//45 46//46
f 43//43 47//47 34//34
f 43//43 34//34 44//44
f 43//43 48//48 49//49
f 43//43 49//49 47//47
f 43//43 50//50 51//51
f 43//43 51//51 48//48
f 43//43 46//46 52//52
f 43//43 52//52 50//50
f 49//49 48//48 30//30
f 49//49 30//30 53//53
f 49//49 53//53 54//54
f 49//49 54//54 55//55
f 49//49 55//55 56//56
f 49//49 56//56 57//57
f 49//49 57//57 58//58
f 49//49 58//58 47//47
f 57//57 59//59 60//60
f 57//57 60//60 58//58
f 57//57 61//61 62//62
f 57//57 62//62 59//59
f 50//50 52//52 63//63
f 50//50 63//63 64//64
f 50//50 64//64 65//65
f 50//50 65//65 51//51
f 66//66 67//67 65//65
f 66//66 65//65 64//64
f 66//66 64//64 68//68
f 66//66 68//68 69//69
f 66//66 56//56 55//55
f 66//66 55//55 67//67
f 66//66 69//69 70//70
f 66//66 70//70 71//71
f 66//66 71//71 72//72
f 66//66 72//72 56//56
f 63//63 52//52 73//73
f 63//63 73//73 74//74
f 63//63 74//74 68//68
f 63//63 68//68 64//64
f 68//68 74//74 73//73
f 68//68 73//73 75//75
f 68//68 75//75 76//76
f 68//68 76//76 77//77
f 68//68 77//77 78//78
f 68//68 78//78 69//69
f 42//42 41//41 79//79
f 42//42 79//79 80//80
f 42//42 80//80 81//81
f 42//42 81//81 82//82
f 42//42 82//82 83//83
f 42//42 83//83 84//84
f 61//61 57//57 56//56
f 61//61 56//56 85//85
f 61//61 85//85 86//86
f 61//61 86//86 87//87
f 61//61 88//88 89//89
f 61//61 89//89 62//62
f 81//81 80//80 90//90
f 81//81 90//90 91//91
f 81//81 91//91 92//92
f 81//81 92//92 82//82
f 87//87 93//93 88//88
f 87//87 88//88 61//61
f 87//87 86//86 94//94
f 87//87 94//94 95//95
f 90//90 96//96 97//97
f 90//90 97//97 98//98
f 90//90 98//98 99//99
f 90//90 99//99 100//100
f 90//90 100//100 101//101
f 90//90 101//101 91//91
f 102//102 103//103 104//104
f 102//102 104//104 105//105
f 102//102 106//106 107//107
f 102//102 107//107 108//108
f 102//102 108//108 109//109
f 102//102 109//109 103//103
f 105//105 104//104 110//110
f 105//105 110//110 111//111
f 105//105 111//111 112//112
f 105//105 112//112 102//102
f 113//113 114//114 115//115
f 113//113 115//115 116//116
f 113//113 117//117 118//118
f 113//113 118//118 114//114
f 113//113 119//119 120//120
f 113//113 120//120 117//117
f 113//113 121//121 122//122
f 113//113 122//122 119//119
f 113//113 116//116 123//123
f 113//113 123//123 121//121
f 124//124 125//125 126//126
f 124//124 126//126 127//127
f 124//124 127//127 128//128
f 124//124 128//128 129//129
f 124//124 129//129 130//130
f 124//124 130//130 131//131
f 124//124 132//132 133//133
f 124//124 133//133 125//125
f 124//124 131//131 134//134
f 124//124 134//134 132//132
f 135//135 136//136 137//137
f 135//135 137//137 138//138
f 139//139 140//140 136//136
f 139//139 136//136 135//135
f 135//135 138//138 141//141
f 135//135 141//141 139//139
f 142//142 143//143 141//141
f 142//142 141//141 138//138
f 142//142 138//138 144//144
f 142//142 144//144 145//145
f 142//142 145//145 146//146
f 142//142 146//146 147//147
f 148//148 149//149 121//121
f 148//148 121//121 123//123
f 148//148 123//123 150//150
f 148//148 150//150 151//151
f 148//148 151//151 152//152
f 148//148 152//152 149//149
f 153//153 154//154 155//155
f 153//153 155//155 156//156
f 153//153 156//156 157//157
f 153//153 157//157 152//152
f 153//153 152//152 151//151
f 153//153 151//151 154//154
f 157//157 158//158 149//149
f 157//157 149//149 152//152
f 157//157 159//159 160//160
f 157//157 160//160 158//158
f 161//161 143//143 142//142
f 161//161 142//142 162//162
f 161//161 162//162 163//163
f 161//161 163//163 164//164
f 161//161 164//164 165//165
f 161//161 165//165 143//143
f 155//155 166//166 134//134
f 155//155 134//134 167//167
f 155//155 154//154 168//168
f 155//155 168//168 166//166
f 155//155 167//167 169//169
f 155//155 169//169 170//170
f 155//155 170//170 171//171
f 155//155 171//171 156//156
f 170//170 172//172 173//173
f 170//170 173//173 174//174
f 170//170 169//169 175//175
f 170//170 175//175 172//172
f 169//169 167//167 176//176
f 169//169 176//176 177//177
f 169//169 164//164 163//163
f 169//169 163//163 175//175
f 162//162 142//142 147//147
f 162//162 147//147 178//178
f 162//162 178//178 179//179
f 162//162 179//179 180//180
f 162//162 180//180 181//181
f 162//162 181//181 163//163
f 182//182 183//183 184//184
f 182//182 184//184 185//185
f 186//186 187//187 182//182
f 186//186 182//182 185//185
f 186//186 188//188 189//189
f 186//186 189//189 187//187
f 186//186 190//190 191//191
f 186//186 191//191 188//188
f 186//186 192//192 193//193
f 186//186 193//193 190//190
f 186//186 185//185 184//184
f 186//186 184//184 192//192
f 184//184 194//194 193//193
f 184//184 193//193 192//192
f 184//184 183//183 195//195
f 184//184 195//195 194//194
f 196//196 171//171 197//197
f 196//196 197//197 198//198
f 196//196 198//198 199//199
f 196//196 199//199 200//200
f 196//196 200//200 201//201
f 196//196 201//201 202//202
f 196//196 202//202 159//159
f 196//196 159//159 157//157
f 196//196 157//157 156//156
f 196//196 156//156 171//171
f 181//181 201//201 175//175
f 181//181 175//175 163//163
f 181//181 180//180 203//203
f 181//181 203//203 204//204
f 181//181 205//205 202//202
f 181//181 202//202 201//201
f 181//181 204//204 191//191
f 181//181 191//191 205//205
f 204//204 206//206 188//188
f 204//204 188//188 191//191
f 190//190 193//193 207//207
f 190//190 207//207 191//191
f 179//179 189//189 208//208
f 179//179 208//208 209//209
f 179//179 209//209 203//203
f 179//179 203//203 180//180
f 189//189 179//179 210//210
f 189//189 210//210 211//211
f 189//189 211//211 212//212
f 189//189 212//212 187//187
f 189//189 188//188 206//206
f 189//189 206//206 208//208
f 213//213 214//214 215//215
f 213//213 215//215 216//216
f 217//217 218//218 214//214
f 217//217 214//214 213//213
f 213//213 216//216 219//219
f 213//213 219//219 217//217
f 216//216 215//215 220//220
f 216//216 220//220 221//221
f 216//216 221//221 222//222
f 216//216 222//222 223//223
f 216//216 223//223 224//224
f 216//216 224//224 225//225
f 216//216 225//225 226//226
f 216//216 226//226 219//219
f 227//227 228//228 223//223
f 227//227 223//223 222//222
f 227//227 229//229 230//230
f 227//227 230//230 228//228
f 59//59 62//62 231//231
f 59//59 231//231 60//60
f 37//37 36//36 232//232
f 37//37 232//232 233//233
f 37//37 41//41 40//40
f 37//37 40//40 38//38
f 37//37 233//233 79//79
f 37//37 79//79 41//41
f 89//89 88//88 234//234
f 89//89 234//234 235//235
f 89//89 235//235 231//231
f 89//89 231//231 62//62
f 94//94 86//86 236//236
f 94//94 236//236 237//237
f 94//94 237//237 238//238
f 94//94 238//238 239//239
f 240//240 76//76 241//241
f 240//240 241//241 242//242
f 240//240 242//242 94//94
f 240//240 94//94 239//239
f 240//240 239//239 77//77
f 240//240 77//77 76//76
f 243//243 244//244 245//245
f 243//243 245//245 246//246
f 243//243 247//247 248//248
f 243//243 248//248 244//244
f 243//243 249//249 250//250
f 243//243 250//250 247//247
f 243//243 246//246 251//251
f 243//243 251//251 252//252
f 243//243 252//252 253//253
f 243//243 253//253 249//249
f 254//254 255//255 256//256
f 254//254 256//256 195//195
f 254//254 195//195 183//183
f 254//254 183//183 257//257
f 254//254 257//257 137//137
f 254//254 137//137 255//255
f 191//191 207//207 258//258
f 191//191 258//258 205//205
f 130//130 129//129 259//259
f 130//130 259//259 260//260
f 130//130 260//260 176//176
f 130//130 176//176 131//131
f 261//261 177//177 176//176
f 261//261 176//176 260//260
f 261//261 260//260 259//259
f 261//261 259//259 262//262
f 261//261 262//262 165//165
f 261//261 165//165 177//177
f 263//263 234//234 264//264
f 263//263 264//264 265//265
f 263//263 266//266 235//235
f 263//263 235//235 234//234
f 263//263 265//265 267//267
f 263//263 267//267 266//266
f 268//268 264//264 93//93
f 268//268 93//93 269//269
f 268//268 269//269 244//244
f 268//268 244//244 248//248
f 268//268 248//248 265//265
f 268//268 265//265 264//264
f 269//269 93//93 87//87
f 269//269 87//87 270//270
f 269//269 270//270 245//245
f 269//269 245//245 244//244
f 270//270 87//87 95//95
f 270//270 95//95 271//271
f 270//270 271//271 272//272
f 270//270 272//272 245//245
f 272//272 271//271 273//273
f 272//272 273//273 101//101
f 272//272 101//101 100//100
f 272//272 100//100 274//274
f 272//272 274//274 246//246
f 272//272 246//246 245//245
f 274//274 100//100 99//99
f 274//274 99//99 275//275
f 274//274 275//275 251//251
f 274//274 251//251 246//246
f 275//275 99//99 276//276
f 275//275 276//276 277//277
f 275//275 277//277 278//278
f 275//275 278//278 251//251
f 278//278 279//279 252//252
f 278//278 252//252 251//251
f 278//278 277//277 280//280
f 278//278 280//280 281//281
f 278//278 281//281 282//282
f 278//278 282//282 279//279
f 282//282 283//283 284//284
f 282//282 284//284 279//279
f 282//282 281//281 126//126
f 282//282 126//126 125//125
f 282//282 125//125 133//133
f 282//282 133//133 283//283
f 284//284 285//285 286//286
f 284//284 286//286 253//253
f 284//284 253//253 252//252
f 284//284 252//252 279//279
f 284//284 283//283 287//287
f 284//284 287//287 285//285
f 287//287 288//288 289//289
f 287//287 289//289 285//285
f 287//287 283//283 133//133
f 287//287 133//133 290//290
f 287//287 290//290 291//291
f 287//287 291//291 288//288
f 291//291 292//292 293//293
f 291//291 293//293 288//288
f 291//291 290//290 294//294
f 291//291 294//294 295//295
f 291//291 295//295 296//296
f 291//291 296//296 292//292
f 296//296 116//116 115//115
f 296//296 115//115 292//292
f 296//296 295//295 168//168
f 296//296 168//168 150//150
f 296//296 150//150 123//123
f 296//296 123//123 116//116
f 295//295 294//294 166//166
f 295//295 166//166 168//168
f 294//294 290//290 133//133
f 294//294 133//133 132//132
f 294//294 132//132 134//134
f 294//294 134//134 166//166
f 293//293 297//297 298//298
f 293//293 298//298 299//299
f 293//293 299//299 289//289
f 293//293 289//289 288//288
f 293//293 292//292 115//115
f 293//293 115//115 297//297
f 299//299 298//298 98//98
f 299//299 98//98 97//97
f 299//299 97//97 300//300
f 299//299 300//300 289//289
f 300//300 97//97 96//96
f 300//300 96//96 301//301
f 300//300 301//301 302//302
f 300//300 302//302 286//286
f 300//300 286//286 285//285
f 300//300 285//285 289//289
f 302//302 301//301 233//233
f 302//302 233//233 232//232
f 302//302 232//232 250//250
f 302//302 250//250 249//249
f 302//302 249//249 253//253
f 302//302 253//253 286//286
f 301//301 96//96 79//79
f 301//301 79//79 233//233
f 298//298 276//276 99//99
f 298//298 99//99 98//98
f 298//298 297//297 303//303
f 298//298 303//303 276//276
f 303//303 280//280 277//277
f 303//303 277//277 276//276
f 303//303 297//297 115//115
f 303//303 115//115 114//114
f 303//303 114//114 118//118
f 303//303 118//118 280//280
f 281//281 280//280 118//118
f 281//281 118//118 126//126
f 273//273 271//271 95//95
f 273//273 95//95 304//304
f 273//273 304//304 305//305
f 273//273 305//305 92//92
f 273//273 92//92 91//91
f 273//273 91//91 101//101
f 305//305 304//304 242//242
f 305//305 242//242 241//241
f 305//305 241//241 306//306
f 305//305 306//306 83//83
f 305//305 83//83 82//82
f 305//305 82//82 92//92
f 306//306 241//241 76//76
f 306//306 76//76 75//75
f 306//306 75//75 73//73
f 306//306 73//73 307//307
f 306//306 307//307 84//84
f 306//306 84//84 83//83
f 307//307 73//73 52//52
f 307//307 52//52 46//46
f 307//307 46//46 45//45
f 307//307 45//45 84//84
f 304//304 95//95 94//94
f 304//304 94//94 242//242
f 267//267 308//308 309//309
f 267//267 309//309 266//266
f 267//267 265//265 248//248
f 267//267 248//248 247//247
f 267//267 247//247 250//250
f 267//267 250//250 308//308
f 309//309 35//35 60//60
f 309//309 60//60 231//231
f 309//309 231//231 235//235
f 309//309 235//235 266//266
f 309//309 308//308 36//36
f 309//309 36//36 35//35
f 308//308 250//250 232//232
f 308//308 232//232 36//36
f 264//264 234//234 88//88
f 264//264 88//88 93//93
f 262//262 259//259 139//139
f 262//262 139//139 141//141
f 262//262 141//141 143//143
f 262//262 143//143 165//165
f 259//259 129//129 128//128
f 259//259 128//128 139//139
f 258//258 310//310 160//160
f 258//258 160//160 159//159
f 258//258 159//159 202//202
f 258//258 202//202 205//205
f 258//258 207//207 311//311
f 258//258 311//311 310//310
f 311//311 256//256 312//312
f 311//311 312//312 310//310
f 311//311 207//207 193//193
f 311//311 193//193 194//194
f 311//311 194//194 195//195
f 311//311 195//195 256//256
f 312//312 313//313 314//314
f 312//312 314//314 315//315
f 312//312 315//315 160//160
f 312//312 160//160 310//310
f 312//312 256//256 255//255
f 312//312 255//255 313//313
f 315//315 314//314 119//119
f 315//315 119//119 122//122
f 315//315 122//122 158//158
f 315//315 158//158 160//160
f 314//314 140//140 120//120
f 314//314 120//120 119//119
f 314//314 313//313 136//136
f 314//314 136//136 140//140
f 313//313 255//255 137//137
f 313//313 137//137 136//136
f 257//257 183//183 182//182
f 257//257 182//182 144//144
f 257//257 144//144 138//138
f 257//257 138//138 137//137
f 239//239 238//238 78//78
f 239//239 78//78 77//77
f 238//238 316//316 317//317
f 238//238 317//317 78//78
f 238//238 237//237 318//318
f 238//238 318//318 316//316
f 318//318 319//319 320//320
f 318//318 320//320 316//316
f 318//318 237//237 236//236
f 318//318 236//236 321//321
f 318//318 321//321 322//322
f 318//318 322//322 319//319
f 322//322 323//323 324//324
f 322//322 324//324 319//319
f 322//322 321//321 325//325
f 322//322 325//325 326//326
f 322//322 326//326 327//327
f 322//322 327//327 323//323
f 327//327 109//109 328//328
f 327//327 328//328 323//323
f 327//327 326//326 329//329
f 327//327 329//329 330//330
f 327//327 330//330 103//103
f 327//327 103//103 109//109
f 330//330 329//329 331//331
f 330//330 331//331 332//332
f 330//330 332//332 104//104
f 330//330 104//104 103//103
f 332//332 331//331 333//333
f 332//332 333//333 334//334
f 332//332 334//334 110//110
f 332//332 110//110 104//104
f 334//334 333//333 335//335
f 334//334 335//335 336//336
f 334//334 336//336 337//337
f 334//334 337//337 110//110
f 337//337 338//338 111//111
f 337//337 111//111 110//110
f 337//337 336//336 339//339
f 337//337 339//339 340//340
f 337//337 340//340 341//341
f 337//337 341//341 338//338
f 341//341 342//342 343//343
f 341//341 343//343 338//338
f 341//341 340//340 344//344
f 341//341 344//344 345//345
f 341//341 345//345 346//346
f 341//341 346//346 342//342
f 346//346 347//347 348//348
f 346//346 348//348 342//342
f 346//346 345//345 349//349
f 346//346 349//349 350//350
f 346//346 350//350 351//351
f 346//346 351//351 347//347
f 351//351 352//352 353//353
f 351//351 353//353 347//347
f 351//351 350//350 354//354
f 351//351 354//354 355//355
f 351//351 355//355 210//210
f 351//351 210//210 352//352
f 355//355 354//354 356//356
f 355//355 356//356 357//357
f 355//355 357//357 211//211
f 355//355 211//211 210//210
f 357//357 356//356 358//358
f 357//357 358//358 359//359
f 357//357 359//359 212//212
f 357//357 212//212 211//211
f 359//359 358//358 360//360
f 359//359 360//360 361//361
f 359//359 361//361 362//362
f 359//359 362//362 212//212
f 362//362 182//182 187//187
f 362//362 187//187 212//212
f 362//362 361//361 146//146
f 362//362 146//146 145//145
f 362//362 145//145 144//144
f 362//362 144//144 182//182
f 361//361 360//360 363//363
f 361//361 363//363 146//146
f 363//363 360//360 364//364
f 363//363 364//364 348//348
f 363//363 348//348 347//347
f 363//363 347//347 353//353
f 363//363 353//353 147//147
f 363//363 147//147 146//146
f 364//364 360//360 358//358
f 364//364 358//358 365//365
f 364//364 365//365 112//112
f 364//364 112//112 343//343
f 364//364 343//343 342//342
f 364//364 342//342 348//348
f 365//365 358//358 356//356
f 365//365 356//356 106//106
f 365//365 106//106 102//102
f 365//365 102//102 112//112
f 356//356 354//354 107//107
f 356//356 107//107 106//106
f 354//354 350//350 349//349
f 354//354 349//349 107//107
f 353//353 352//352 178//178
f 353//353 178//178 147//147
f 352//352 210//210 179//179
f 352//352 179//179 178//178
f 349//349 345//345 344//344
f 349//349 344//344 366//366
f 349//349 366//366 108//108
f 349//349 108//108 107//107
f 366//366 344//344 367//367
f 366//366 367//367 328//328
f 366//366 328//328 109//109
f 366//366 109//109 108//108
f 367//367 344//344 340//340
f 367//367 340//340 339//339
f 367//367 339//339 368//368
f 367//367 368//368 324//324
f 367//367 324//324 323//323
f 367//367 323//323 328//328
f 368//368 339//339 336//336
f 368//368 336//336 335//335
f 368//368 335//335 369//369
f 368//368 369//369 320//320
f 368//368 320//320 319//319
f 368//368 319//319 324//324
f 369//369 335//335 333//333
f 369//369 333//333 370//370
f 369//369 370//370 70//70
f 369//369 70//70 317//317
f 369//369 317//317 316//316
f 369//369 316//316 320//320
f 370//370 333//333 331//331
f 370//370 331//331 371//371
f 370//370 371//371 71//71
f 370//370 71//71 70//70
f 371//371 331//331 329//329
f 371//371 329//329 372//372
f 371//371 372//372 72//72
f 371//371 72//72 71//71
f 372//372 329//329 326//326
f 372//372 326//326 325//325
f 372//372 325//325 373//373
f 372//372 373//373 72//72
f 373//373 325//325 321//321
f 373//373 321//321 236//236
f 373//373 236//236 86//86
f 373//373 86//86 85//85
f 373//373 85//85 56//56
f 373//373 56//56 72//72
f 343//343 112//112 111//111
f 343//343 111//111 338//338
f 317//317 70//70 69//69
f 317//317 69//69 78//78
f 374//374 229//229 227//227
f 374//374 227//227 222//222
f 374//374 222//222 221//221
f 374//374 221//221 375//375
f 374//374 375//375 217//217
f 374//374 217//217 229//229
f 375//375 221//221 220//220
f 375//375 220//220 376//376
f 375//375 376//376 218//218
f 375//375 218//218 217//217
f 376//376 220//220 198//198
f 376//376 198//198 197//197
f 376//376 197//197 174//174
f 376//376 174//174 218//218
f 230//230 377//377 378//378
f 230//230 378//378 228//228
f 230//230 229//229 217//217
f 230//230 217//217 219//219
f 230//230 219//219 226//226
f 230//230 226//226 377//377
f 378//378 208//208 206//206
f 378//378 206//206 224//224
f 378//378 224//224 223//223
f 378//378 223//223 228//228
f 378//378 377//377 209//209
f 378//378 209//209 208//208
f 377//377 226//226 203//203
f 377//377 203//203 209//209
f 226//226 225//225 204//204
f 226//226 204//204 203//203
f 225//225 224//224 206//206
f 225//225 206//206 204//204
f 220//220 215//215 199//199
f 220//220 199//199 198//198
f 218//218 174//174 173//173
f 218//218 173//173 214//214
f 215//215 214//214 173//173
f 215//215 173//173 199//199
f 201//201 200//200 172//172
f 201//201 172//172 175//175
f 200//200 199//199 173//173
f 200//200 173//173 172//172
f 197//197 171//171 170//170
f 197//197 170//170 174//174
f 169//169 177//177 165//165
f 169//169 165//165 164//164
f 176//176 167//167 134//134
f 176//176 134//134 131//131
f 168//168 154//154 151//151
f 168//168 151//151 150//150
f 158//158 122//122 121//121
f 158//158 121//121 149//149
f 140//140 139//139 128//128
f 140//140 128//128 120//120
f 128//128 127//127 117//117
f 128//128 117//117 120//120
f 127//127 126//126 118//118
f 127//127 118//118 117//117
f 96//96 90//90 80//80
f 96//96 80//80 79//79
f 379//379 44//44 34//34
f 379//379 34//34 33//33
f 379//379 33//33 380//380
f 379//379 380//380 381//381
f 379//379 381//381 382//382
f 379//379 382//382 39//39
f 382//382 383//383 40//40
f 382//382 40//40 39//39
f 382//382 381//381 18//18
f 382//382 18//18 17//17
f 382//382 17//17 16//16
f 382//382 16//16 383//383
f 383//383 384//384 38//38
f 383//383 38//38 40//40
f 383//383 16//16 385//385
f 383//383 385//385 384//384
f 385//385 26//26 386//386
f 385//385 386//386 384//384
f 385//385 16//16 14//14
f 385//385 14//14 13//13
f 385//385 13//13 15//15
f 385//385 15//15 26//26
f 386//386 380//380 33//33
f 386//386 33//33 32//32
f 386//386 32//32 38//38
f 386//386 38//38 384//384
f 386//386 26//26 25//25
f 386//386 25//25 380//380
f 381//381 380//380 25//25
f 381//381 25//25 18//18
f 67//67 55//55 54//54
f 67//67 54//54 387//387
f 67//67 387//387 29//29
f 67//67 29//29 65//65
f 387//387 54//54 388//388
f 387//387 388//388 389//389
f 387//387 389//389 27//27
f 387//387 27//27 29//29
f 389//389 388//388 390//390
f 389//389 390//390 8//8
f 389//389 8//8 7//7
f 389//389 7//7 27//27
f 390//390 22//22 12//12
f 390//390 12//12 11//11
f 390//390 11//11 6//6
f 390//390 6//6 8//8
f 390//390 388//388 23//23
f 390//390 23//23 22//22
f 388//388 54//54 53//53
f 388//388 53//53 23//23
f 65//65 29//29 28//28
f 65//65 28//28 51//51
f 60//60 35//35 31//31
f 60//60 31//31 58//58
f 58//58 31//31 34//34
f 58//58 34//34 47//47
f 53//53 30//30 24//24
f 53//53 24//24 23//23
f 51//51 28//28 30//30
f 51//51 30//30 48//48
f 25//25 21//21 19//19
f 25//25 19//19 18//18
f 11//11 10//10 2//2
f 11//11 2//2 6//6
f 45//45 44//44 379//379
f 45//45 379//379 39//39
f 84//84 45//45 39//39
f 84//84 39//39 42//42
f 391//391 392//392 393//393
f 391//391 393//393 394//394
f 391//391 394//394 395//395
f 391//391 395//395 396//396
f 391//391 396//396 397//397
f 391//391 397//397 392//392
f 398//398 399//399 400//400
f 398//398 400//400 401//401
f 398//398 402//402 403//403
f 398//398 403//403 399//399
f 398//398 401//401 404//404
f 398//398 404//404 402//402
f 405//405 406//406 407//407
f 405//405 407//407 408//408
f 405//405 408//408 409//409
f 405//405 409//409 410//410
f 405//405 410//410 411//411
f 405//405 411//411 412//412
f 413//413 414//414 415//415
f 413//413 415//415 416//416
f 417//417 418//418 419//419
f 417//417 419//419 420//420
f 417//417 420//420 421//421
f 417//417 421//421 411//411
f 417//417 411//411 410//410
f 417//417 410//410 418//418
f 408//408 422//422 423//423
f 408//408 423//423 424//424
f 408//408 407//407 425//425
f 408//408 425//425 422//422
f 408//408 424//424 426//426
f 408//408 426//426 409//409
f 427//427 428//428 429//429
f 427//427 429//429 430//430
f 427//427 431//431 432//432
f 427//427 432//432 428//428
f 427//427 433//433 434//434
f 427//427 434//434 431//431
f 435//435 413//413 416//416
f 435//435 416//416 436//436
f 435//435 437//437 414//414
f 435//435 414//414 413//413
f 435//435 436//436 438//438
f 435//435 438//438 439//439
f 440//440 441//441 442//442
f 440//440 442//442 443//443
f 444//444 445//445 441//441
f 444//444 441//441 440//440
f 440//440 443//443 423//423
f 440//440 423//423 444//444
f 443//443 446//446 424//424
f 443//443 424//424 423//423
f 447//447 448//448 449//449
f 447//447 449//449 450//450
f 447//447 450//450 451//451
f 447//447 451//451 452//452
f 447//447 452//452 453//453
f 447//447 453//453 448//448
f 454//454 455//455 437//437
f 454//454 437//437 435//435
f 454//454 456//456 457//457
f 454//454 457//457 455//455
f 454//454 435//435 439//439
f 454//454 439//439 456//456
f 420//420 449//449 458//458
f 420//420 458//458 459//459
f 420//420 459//459 460//460
f 420//420 460//460 421//421
f 420//420 419//419 450//450
f 420//420 450//450 449//449
f 461//461 462//462 463//463
f 461//461 463//463 464//464
f 461//461 464//464 465//465
f 461//461 465//465 466//466
f 461//461 466//466 467//467
f 461//461 467//467 462//462
f 468//468 469//469 470//470
f 468//468 470//470 471//471
f 468//468 472//472 473//473
f 468//468 473//473 469//469
f 468//468 474//474 475//475
f 468//468 475//475 472//472
f 468//468 471//471 476//476
f 468//468 476//476 477//477
f 468//468 477//477 478//478
f 468//468 478//478 474//474
f 479//479 480//480 481//481
f 479//479 481//481 482//482
f 479//479 482//482 483//483
f 479//479 483//483 484//484
f 479//479 484//484 485//485
f 479//479 485//485 480//480
f 486//486 487//487 488//488
f 486//486 488//488 489//489
f 486//486 490//490 448//448
f 486//486 448//448 453//453
f 486//486 489//489 491//491
f 486//486 491//491 490//490
f 492//492 493//493 494//494
f 492//492 494//494 442//442
f 492//492 442//442 441//441
f 492//492 441//441 495//495
f 492//492 496//496 497//497
f 492//492 497//497 493//493
f 438//438 436//436 498//498
f 438//438 498//498 499//499
f 438//438 500//500 501//501
f 438//438 501//501 502//502
f 438//438 499//499 503//503
f 438//438 503//503 500//500
f 504//504 505//505 506//506
f 504//504 506//506 507//507
f 508//508 509//509 505//505
f 508//508 505//505 504//504
f 504//504 507//507 510//510
f 504//504 510//510 508//508
f 500//500 503//503 497//497
f 500//500 497//497 501//501
f 503//503 499//499 493//493
f 503//503 493//493 497//497
f 486//486 453//453 457//457
f 486//486 457//457 511//511
f 512//512 511//511 513//513
f 512//512 513//513 514//514
f 487//487 512//512 514//514
f 487//487 514//514 515//515
f 516//516 517//517 518//518
f 516//516 518//518 519//519
f 516//516 520//520 521//521
f 516//516 521//521 517//517
f 516//516 519//519 522//522
f 516//516 522//522 520//520
f 523//523 524//524 525//525
f 523//523 525//525 526//526
f 527//527 528//528 529//529
f 527//527 529//529 530//530
f 527//527 531//531 532//532
f 527//527 532//532 528//528
f 527//527 530//530 533//533
f 527//527 533//533 534//534
f 535//535 474//474 478//478
f 535//535 478//478 536//536
f 535//535 537//537 475//475
f 535//535 475//475 474//474
f 535//535 536//536 538//538
f 535//535 538//538 537//537
f 487//487 515//515 539//539
f 487//487 539//539 488//488
f 540//540 541//541 542//542
f 540//540 542//542 543//543
f 540//540 543//543 544//544
f 540//540 544//544 545//545
f 540//540 545//545 546//546
f 540//540 546//546 547//547
f 548//548 542//542 549//549
f 548//548 549//549 550//550
f 548//548 550//550 551//551
f 548//548 551//551 552//552
f 548//548 552//552 543//543
f 548//548 543//543 542//542
f 488//488 539//539 553//553
f 488//488 553//553 489//489
f 554//554 555//555 496//496
f 554//554 496//496 492//492
f 483//483 524//524 523//523
f 483//483 523//523 556//556
f 483//483 482//482 557//557
f 483//483 557//557 524//524
f 483//483 558//558 559//559
f 483//483 559//559 484//484
f 483//483 556//556 560//560
f 483//483 560//560 558//558
f 544//544 543//543 552//552
f 544//544 552//552 551//551
f 544//544 551//551 561//561
f 544//544 561//561 545//545
f 549//549 562//562 563//563
f 549//549 563//563 550//550
f 549//549 542//542 541//541
f 549//549 541//541 460//460
f 556//556 523//523 564//564
f 556//556 564//564 560//560
f 465//465 464//464 565//565
f 465//465 565//565 566//566
f 465//465 529//529 528//528
f 465//465 528//528 567//567
f 568//568 569//569 570//570
f 568//568 570//570 571//571
f 568//568 571//571 572//572
f 568//568 572//572 573//573
f 568//568 573//573 574//574
f 568//568 574//574 575//575
f 576//576 577//577 501//501
f 576//576 501//501 497//497
f 578//578 579//579 577//577
f 578//578 577//577 576//576
f 465//465 566//566 580//580
f 465//465 580//580 529//529
f 476//476 581//581 582//582
f 476//476 582//582 477//477
f 476//476 583//583 584//584
f 476//476 584//584 585//585
f 476//476 585//585 586//586
f 476//476 586//586 581//581
f 587//587 506//506 505//505
f 587//587 505//505 588//588
f 587//587 564//564 589//589
f 587//587 589//589 506//506
f 587//587 588//588 590//590
f 587//587 590//590 591//591
f 587//587 592//592 560//560
f 587//587 560//560 564//564
f 545//545 593//593 594//594
f 545//545 594//594 546//546
f 545//545 561//561 595//595
f 545//545 595//595 593//593
f 588//588 596//596 597//597
f 588//588 597//597 590//590
f 588//588 598//598 599//599
f 588//588 599//599 596//596
f 580//580 600//600 530//530
f 580//580 530//530 529//529
f 580//580 601//601 602//602
f 580//580 602//602 600//600
f 580//580 603//603 604//604
f 580//580 604//604 601//601
f 580//580 566//566 605//605
f 580//580 605//605 603//603
f 558//558 606//606 607//607
f 558//558 607//607 608//608
f 558//558 608//608 609//609
f 558//558 609//609 559//559
f 558//558 560//560 592//592
f 558//558 592//592 606//606
f 578//578 496//496 555//555
f 578//578 555//555 610//610
f 578//578 610//610 611//611
f 578//578 611//611 612//612
f 613//613 614//614 615//615
f 613//613 615//615 616//616
f 613//613 600//600 602//602
f 613//613 602//602 614//614
f 613//613 533//533 530//530
f 613//613 530//530 600//600
f 613//613 616//616 617//617
f 613//613 617//617 618//618
f 566//566 565//565 619//619
f 566//566 619//619 620//620
f 566//566 620//620 621//621
f 566//566 621//621 605//605
f 622//622 623//623 624//624
f 622//622 624//624 625//625
f 622//622 625//625 626//626
f 622//622 626//626 627//627
f 622//622 628//628 629//629
f 622//622 629//629 630//630
f 622//622 630//630 631//631
f 622//622 631//631 623//623
f 632//632 633//633 634//634
f 632//632 634//634 635//635
f 636//636 637//637 633//633
f 636//636 633//633 632//632
f 632//632 635//635 638//638
f 632//632 638//638 636//636
f 610//610 555//555 639//639
f 610//610 639//639 640//640
f 593//593 595//595 641//641
f 593//593 641//641 642//642
f 608//608 607//607 643//643
f 608//608 643//643 609//609
f 644//644 645//645 646//646
f 644//644 646//646 647//647
f 644//644 648//648 649//649
f 644//644 649//649 645//645
f 644//644 647//647 650//650
f 644//644 650//650 648//648
f 651//651 652//652 653//653
f 651//651 653//653 654//654
f 651//651 655//655 656//656
f 651//651 656//656 652//652
f 657//657 658//658 659//659
f 657//657 659//659 660//660
f 657//657 650//650 647//647
f 657//657 647//647 661//661
f 657//657 661//661 662//662
f 657//657 662//662 663//663
f 657//657 663//663 664//664
f 657//657 664//664 658//658
f 665//665 666//666 667//667
f 665//665 667//667 668//668
f 665//665 668//668 618//618
f 665//665 618//618 669//669
f 665//665 670//670 671//671
f 665//665 671//671 666//666
f 665//665 669//669 672//672
f 665//665 672//672 673//673
f 665//665 673//673 674//674
f 665//665 674//674 670//670
f 619//619 565//565 675//675
f 619//619 675//675 676//676
f 619//619 676//676 677//677
f 619//619 677//677 620//620
f 678//678 679//679 680//680
f 678//678 680//680 681//681
f 678//678 641//641 595//595
f 678//678 595//595 682//682
f 678//678 681//681 683//683
f 678//678 683//683 641//641
f 652//652 679//679 638//638
f 652//652 638//638 684//684
f 652//652 656//656 680//680
f 652//652 680//680 679//679
f 605//605 621//621 685//685
f 605//605 685//685 686//686
f 605//605 686//686 687//687
f 605//605 687//687 688//688
f 689//689 690//690 671//671
f 689//689 671//671 691//691
f 689//689 691//691 692//692
f 689//689 692//692 693//693
f 689//689 693//693 694//694
f 689//689 694//694 690//690
f 695//695 696//696 697//697
f 695//695 697//697 698//698
f 695//695 698//698 634//634
f 695//695 634//634 633//633
f 695//695 633//633 637//637
f 695//695 637//637 696//696
f 699//699 629//629 628//628
f 699//699 628//628 700//700
f 699//699 700//700 701//701
f 699//699 701//701 646//646
f 699//699 646//646 645//645
f 699//699 645//645 629//629
f 684//684 638//638 635//635
f 684//684 635//635 612//612
f 684//684 702//702 653//653
f 684//684 653//653 652//652
f 680//680 656//656 703//703
f 680//680 703//703 681//681
f 670//670 674//674 691//691
f 670//670 691//691 671//671
f 704//704 705//705 706//706
f 704//704 706//706 707//707
f 708//708 709//709 705//705
f 708//708 705//705 704//704
f 704//704 707//707 710//710
f 704//704 710//710 708//708
f 656//656 655//655 711//711
f 656//656 711//711 712//712
f 656//656 712//712 713//713
f 656//656 713//713 703//703
f 714//714 715//715 716//716
f 714//714 716//716 717//717
f 714//714 718//718 643//643
f 714//714 643//643 607//607
f 714//714 717//717 713//713
f 714//714 713//713 718//718
f 714//714 607//607 606//606
f 714//714 606//606 715//715
f 719//719 602//602 601//601
f 719//719 601//601 720//720
f 719//719 720//720 721//721
f 719//719 721//721 722//722
f 719//719 722//722 614//614
f 719//719 614//614 602//602
f 723//723 604//604 724//724
f 723//723 724//724 725//725
f 723//723 720//720 601//601
f 723//723 601//601 604//604
f 723//723 725//725 721//721
f 723//723 721//721 720//720
f 673//673 672//672 726//726
f 673//673 726//726 727//727
f 673//673 727//727 728//728
f 673//673 728//728 729//729
f 673//673 729//729 730//730
f 673//673 730//730 674//674
f 731//731 730//730 729//729
f 731//731 729//729 732//732
f 731//731 733//733 692//692
f 731//731 692//692 730//730
f 731//731 732//732 734//734
f 731//731 734//734 733//733
f 735//735 736//736 737//737
f 735//735 737//737 738//738
f 735//735 739//739 740//740
f 735//735 740//740 736//736
f 735//735 741//741 742//742
f 735//735 742//742 739//739
f 743//743 744//744 627//627
f 743//743 627//627 745//745
f 746//746 747//747 744//744
f 746//746 744//744 743//743
f 743//743 745//745 748//748
f 743//743 748//748 746//746
f 738//738 737//737 663//663
f 738//738 663//663 662//662
f 738//738 662//662 749//749
f 738//738 749//749 750//750
f 751//751 752//752 688//688
f 751//751 688//688 753//753
f 751//751 753//753 754//754
f 751//751 754//754 755//755
f 751//751 726//726 756//756
f 751//751 756//756 757//757
f 751//751 755//755 727//727
f 751//751 727//727 726//726
f 758//758 759//759 760//760
f 758//758 760//760 761//761
f 762//762 763//763 759//759
f 762//762 759//759 758//758
f 758//758 761//761 764//764
f 758//758 764//764 762//762
f 765//765 766//766 767//767
f 765//765 767//767 768//768
f 757//757 756//756 766//766
f 757//757 766//766 765//765
f 765//765 768//768 769//769
f 765//765 769//769 757//757
f 753//753 688//688 687//687
f 753//753 687//687 770//770
f 753//753 770//770 771//771
f 753//753 771//771 772//772
f 753//753 772//772 773//773
f 753//753 773//773 754//754
f 748//748 745//745 774//774
f 748//748 774//774 775//775
f 748//748 775//775 776//776
f 748//748 776//776 777//777
f 750//750 746//746 778//778
f 750//750 778//778 779//779
f 750//750 749//749 747//747
f 750//750 747//747 746//746
f 750//750 780//780 781//781
f 750//750 781//781 738//738
f 782//782 783//783 784//784
f 782//782 784//784 785//785
f 782//782 786//786 787//787
f 782//782 787//787 783//783
f 788//788 789//789 790//790
f 788//788 790//790 791//791
f 773//773 792//792 793//793
f 773//773 793//793 754//754
f 794//794 795//795 796//796
f 794//794 796//796 797//797
f 794//794 761//761 798//798
f 794//794 798//798 795//795
f 794//794 797//797 764//764
f 794//794 764//764 761//761
f 799//799 800//800 801//801
f 799//799 801//801 802//802
f 799//799 803//803 768//768
f 799//799 768//768 767//767
f 799//799 802//802 804//804
f 799//799 804//804 803//803
f 805//805 806//806 807//807
f 805//805 807//807 808//808
f 738//738 781//781 806//806
f 738//738 806//806 805//805
f 805//805 808//808 735//735
f 805//805 735//735 738//738
f 809//809 810//810 811//811
f 809//809 811//811 812//812
f 809//809 812//812 813//813
f 809//809 813//813 814//814
f 809//809 814//814 815//815
f 809//809 815//815 810//810
f 796//796 816//816 817//817
f 796//796 817//817 818//818
f 796//796 818//818 819//819
f 796//796 819//819 820//820
f 796//796 820//820 821//821
f 796//796 821//821 797//797
f 822//822 811//811 810//810
f 822//822 810//810 790//790
f 822//822 823//823 824//824
f 822//822 824//824 825//825
f 822//822 790//790 789//789
f 822//822 789//789 823//823
f 802//802 801//801 826//826
f 802//802 826//826 827//827
f 802//802 827//827 828//828
f 802//802 828//828 829//829
f 789//789 788//788 830//830
f 789//789 830//830 831//831
f 789//789 831//831 832//832
f 789//789 832//832 833//833
f 834//834 835//835 779//779
f 834//834 779//779 836//836
f 834//834 836//836 837//837
f 834//834 837//837 838//838
f 834//834 838//838 839//839
f 834//834 839//839 835//835
f 821//821 776//776 764//764
f 821//821 764//764 797//797
f 821//821 840//840 777//777
f 821//821 777//777 776//776
f 821//821 841//841 842//842
f 821//821 842//842 840//840
f 821//821 820//820 843//843
f 821//821 843//843 841//841
f 844//844 771//771 845//845
f 844//844 845//845 846//846
f 844//844 846//846 847//847
f 844//844 847//847 848//848
f 844//844 848//848 849//849
f 844//844 849//849 850//850
f 844//844 851//851 772//772
f 844//844 772//772 771//771
f 844//844 850//850 852//852
f 844//844 852//852 851//851
f 853//853 807//807 839//839
f 853//853 839//839 838//838
f 853//853 838//838 837//837
f 853//853 837//837 854//854
f 853//853 854//854 808//808
f 853//853 808//808 807//807
f 855//855 856//856 857//857
f 855//855 857//857 858//858
f 854//854 859//859 856//856
f 854//854 856//856 855//855
f 855//855 858//858 808//808
f 855//855 808//808 854//854
f 860//860 861//861 852//852
f 860//860 852//852 850//850
f 860//860 850//850 862//862
f 860//860 862//862 863//863
f 860//860 863//863 864//864
f 860//860 864//864 861//861
f 850//850 849//849 865//865
f 850//850 865//865 862//862
f 866//866 840//840 842//842
f 866//866 842//842 867//867
f 866//866 868//868 777//777
f 866//866 777//777 840//840
f 866//866 867//867 869//869
f 866//866 869//869 868//868
f 854//854 837//837 870//870
f 854//854 870//870 871//871
f 854//854 871//871 872//872
f 854//854 872//872 859//859
f 873//873 874//874 875//875
f 873//873 875//875 876//876
f 873//873 877//877 828//828
f 873//873 828//828 874//874
f 873//873 876//876 878//878
f 873//873 878//878 877//877
f 879//879 876//876 875//875
f 879//879 875//875 880//880
f 879//879 881//881 878//878
f 879//879 878//878 876//876
f 882//882 829//829 828//828
f 882//882 828//828 877//877
f 882//882 877//877 878//878
f 882//882 878//878 883//883
f 882//882 883//883 884//884
f 882//882 884//884 885//885
f 886//886 887//887 888//888
f 886//886 888//888 889//889
f 886//886 890//890 891//891
f 886//886 891//891 887//887
f 891//891 892//892 893//893
f 891//891 893//893 887//887
f 891//891 890//890 894//894
f 891//891 894//894 895//895
f 896//896 897//897 898//898
f 896//896 898//898 895//895
f 896//896 899//899 900//900
f 896//896 900//900 897//897
f 896//896 901//901 902//902
f 896//896 902//902 899//899
f 903//903 904//904 905//905
f 903//903 905//905 901//901
f 903//903 901//901 896//896
f 903//903 896//896 906//906
f 907//907 908//908 909//909
f 907//907 909//909 910//910
f 907//907 910//910 911//911
f 907//907 911//911 912//912
f 907//907 912//912 913//913
f 907//907 913//913 914//914
f 915//915 916//916 917//917
f 915//915 917//917 918//918
f 915//915 919//919 906//906
f 915//915 906//906 894//894
f 920//920 921//921 922//922
f 920//920 922//922 923//923
f 920//920 924//924 925//925
f 920//920 925//925 926//926
f 920//920 926//926 927//927
f 920//920 927//927 928//928
f 920//920 928//928 929//929
f 920//920 929//929 921//921
f 920//920 923//923 930//930
f 920//920 930//930 924//924
f 931//931 919//919 915//915
f 931//931 915//915 932//932
f 931//931 933//933 904//904
f 931//931 904//904 919//919
f 931//931 934//934 935//935
f 931//931 935//935 933//933
f 936//936 937//937 938//938
f 936//936 938//938 939//939
f 924//924 930//930 940//940
f 924//924 940//940 925//925
f 941//941 932//932 915//915
f 941//941 915//915 918//918
f 941//941 918//918 942//942
f 941//941 942//942 943//943
f 941//941 944//944 945//945
f 941//941 945//945 946//946
f 941//941 943//943 947//947
f 941//941 947//947 944//944
f 941//941 946//946 948//948
f 941//941 948//948 932//932
f 949//949 950//950 939//939
f 949//949 939//939 951//951
f 939//939 950//950 952//952
f 939//939 952//952 936//936
f 953//953 954//954 934//934
f 953//953 934//934 955//955
f 946//946 945//945 956//956
f 946//946 956//956 948//948
f 957//957 955//955 958//958
f 957//957 958//958 959//959
f 957//957 959//959 960//960
f 957//957 960//960 961//961
f 957//957 961//961 953//953
f 957//957 953//953 955//955
f 945//945 944//944 962//962
f 945//945 962//962 956//956
f 963//963 926//926 925//925
f 963//963 925//925 964//964
f 963//963 965//965 927//927
f 963//963 927//927 926//926
f 963//963 964//964 966//966
f 963//963 966//966 965//965
f 967//967 962//962 968//968
f 967//967 968//968 969//969
f 959//959 956//956 962//962
f 959//959 962//962 967//967
f 967//967 969//969 960//960
f 967//967 960//960 959//959
f 960//960 969//969 970//970
f 960//960 970//970 971//971
f 960//960 971//971 972//972
f 960//960 972//972 973//973
f 960//960 973//973 974//974
f 960//960 974//974 961//961
f 975//975 976//976 966//966
f 975//975 966//966 977//977
f 975//975 977//977 969//969
f 975//975 969//969 968//968
f 975//975 968//968 947//947
f 975//975 947//947 976//976
f 978//978 979//979 798//798
f 978//978 798//798 980//980
f 978//978 521//521 981//981
f 978//978 981//981 979//979
f 978//978 980//980 517//517
f 978//978 517//517 521//521
f 981//981 982//982 546//546
f 981//981 546//546 594//594
f 981//981 594//594 983//983
f 981//981 983//983 979//979
f 981//981 521//521 520//520
f 981//981 520//520 982//982
f 983//983 795//795 798//798
f 983//983 798//798 979//979
f 983//983 594//594 593//593
f 983//983 593//593 816//816
f 983//983 816//816 796//796
f 983//983 796//796 795//795
f 982//982 984//984 547//547
f 982//982 547//547 546//546
f 982//982 520//520 522//522
f 982//982 522//522 984//984
f 984//984 429//429 985//985
f 984//984 985//985 547//547
f 984//984 522//522 430//430
f 984//984 430//430 429//429
f 985//985 986//986 987//987
f 985//985 987//987 988//988
f 985//985 988//988 540//540
f 985//985 540//540 547//547
f 985//985 429//429 428//428
f 985//985 428//428 986//986
f 988//988 987//987 412//412
f 988//988 412//412 989//989
f 988//988 989//989 541//541
f 988//988 541//541 540//540
f 989//989 412//412 411//411
f 989//989 411//411 421//421
f 989//989 421//421 460//460
f 989//989 460//460 541//541
f 987//987 990//990 405//405
f 987//987 405//405 412//412
f 987//987 986//986 991//991
f 987//987 991//991 990//990
f 991//991 992//992 993//993
f 991//991 993//993 990//990
f 991//991 986//986 428//428
f 991//991 428//428 432//432
f 991//991 432//432 994//994
f 991//991 994//994 992//992
f 994//994 995//995 996//996
f 994//994 996//996 992//992
f 994//994 432//432 431//431
f 994//994 431//431 510//510
f 994//994 510//510 507//507
f 994//994 507//507 995//995
f 995//995 997//997 998//998
f 995//995 998//998 996//996
f 995//995 507//507 526//526
f 995//995 526//526 997//997
f 997//997 403//403 402//402
f 997//997 402//402 998//998
f 997//997 526//526 525//525
f 997//997 525//525 403//403
f 990//990 993//993 406//406
f 990//990 406//406 405//405
f 980//980 798//798 761//761
f 980//980 761//761 760//760
f 980//980 760//760 518//518
f 980//980 518//518 517//517
f 977//977 999//999 970//970
f 977//977 970//970 969//969
f 977//977 966//966 964//964
f 977//977 964//964 999//999
f 999//999 940//940 1000//1000
f 999//999 1000//1000 970//970
f 999//999 964//964 925//925
f 999//999 925//925 940//940
f 1000//1000 1001//1001 1002//1002
f 1000//1000 1002//1002 1003//1003
f 1000//1000 1003//1003 971//971
f 1000//1000 971//971 970//970
f 1000//1000 940//940 930//930
f 1000//1000 930//930 1001//1001
f 1003//1003 1002//1002 1004//1004
f 1003//1003 1004//1004 1005//1005
f 1003//1003 1005//1005 972//972
f 1003//1003 972//972 971//971
f 1005//1005 1004//1004 1006//1006
f 1005//1005 1006//1006 1007//1007
f 1005//1005 1007//1007 1008//1008
f 1005//1005 1008//1008 972//972
f 1008//1008 1007//1007 952//952
f 1008//1008 952//952 1009//1009
f 1008//1008 1009//1009 1010//1010
f 1008//1008 1010//1010 1011//1011
f 1008//1008 1011//1011 973//973
f 1008//1008 973//973 972//972
f 1012//1012 1013//1013 933//933
f 1012//1012 933//933 935//935
f 1012//1012 1014//1014 950//950
f 1012//1012 950//950 1013//1013
f 1015//1015 935//935 934//934
f 1015//1015 934//934 954//954
f 1013//1013 905//905 904//904
f 1013//1013 904//904 933//933
f 1013//1013 950//950 1016//1016
f 1013//1013 1016//1016 905//905
f 1004//1004 911//911 1017//1017
f 1004//1004 1017//1017 1006//1006
f 1004//1004 1002//1002 912//912
f 1004//1004 912//912 911//911
f 1002//1002 1001//1001 913//913
f 1002//1002 913//913 912//912
f 1001//1001 930//930 923//923
f 1001//1001 923//923 913//913
f 976//976 947//947 943//943
f 976//976 943//943 1018//1018
f 976//976 1018//1018 965//965
f 976//976 965//965 966//966
f 1018//1018 943//943 942//942
f 1018//1018 942//942 1019//1019
f 1018//1018 1019//1019 927//927
f 1018//1018 927//927 965//965
f 1019//1019 942//942 1020//1020
f 1019//1019 1020//1020 1021//1021
f 1019//1019 1021//1021 928//928
f 1019//1019 928//928 927//927
f 1021//1021 1020//1020 1022//1022
f 1021//1021 1022//1022 1023//1023
f 1021//1021 1023//1023 929//929
f 1021//1021 929//929 928//928
f 1023//1023 1022//1022 1024//1024
f 1023//1023 1024//1024 1025//1025
f 1023//1023 1025//1025 1026//1026
f 1023//1023 1026//1026 929//929
f 1026//1026 1025//1025 1027//1027
f 1026//1026 1027//1027 1028//1028
f 1026//1026 1028//1028 1029//1029
f 1026//1026 1029//1029 1030//1030
f 1026//1026 1030//1030 921//921
f 1026//1026 921//921 929//929
f 1030//1030 1029//1029 1031//1031
f 1030//1030 1031//1031 1032//1032
f 1030//1030 1032//1032 922//922
f 1030//1030 922//922 921//921
f 1032//1032 1031//1031 1033//1033
f 1032//1032 1033//1033 1034//1034
f 1032//1032 1034//1034 914//914
f 1032//1032 914//914 922//922
f 1034//1034 1033//1033 1035//1035
f 1034//1034 1035//1035 1036//1036
f 1034//1034 1036//1036 907//907
f 1034//1034 907//907 914//914
f 1036//1036 1035//1035 1037//1037
f 1036//1036 1037//1037 1038//1038
f 1036//1036 1038//1038 908//908
f 1036//1036 908//908 907//907
f 1038//1038 1037//1037 1039//1039
f 1038//1038 1039//1039 1040//1040
f 1038//1038 1040//1040 1041//1041
f 1038//1038 1041//1041 908//908
f 1041//1041 1042//1042 909//909
f 1041//1041 909//909 908//908
f 1041//1041 1040//1040 1043//1043
f 1041//1041 1043//1043 1044//1044
f 1041//1041 1044//1044 1045//1045
f 1041//1041 1045//1045 1042//1042
f 1045//1045 1046//1046 1047//1047
f 1045//1045 1047//1047 1042//1042
f 1045//1045 1044//1044 1048//1048
f 1045//1045 1048//1048 1049//1049
f 1045//1045 1049//1049 1050//1050
f 1045//1045 1050//1050 1046//1046
f 1050//1050 1051//1051 1052//1052
f 1050//1050 1052//1052 1046//1046
f 1050//1050 1049//1049 1053//1053
f 1050//1050 1053//1053 1054//1054
f 1050//1050 1054//1054 847//847
f 1050//1050 847//847 1051//1051
f 1054//1054 1053//1053 1055//1055
f 1054//1054 1055//1055 1056//1056
f 1054//1054 1056//1056 848//848
f 1054//1054 848//848 847//847
f 1056//1056 1055//1055 1057//1057
f 1056//1056 1057//1057 1058//1058
f 1056//1056 1058//1058 849//849
f 1056//1056 849//849 848//848
f 1058//1058 1057//1057 898//898
f 1058//1058 898//898 1059//1059
f 1058//1058 1059//1059 865//865
f 1058//1058 865//865 849//849
f 1059//1059 898//898 897//897
f 1059//1059 897//897 1060//1060
f 1059//1059 1060//1060 1061//1061
f 1059//1059 1061//1061 865//865
f 1061//1061 1062//1062 862//862
f 1061//1061 862//862 865//865
f 1061//1061 1060//1060 1063//1063
f 1061//1061 1063//1063 1064//1064
f 1061//1061 1064//1064 1065//1065
f 1061//1061 1065//1065 1062//1062
f 1065//1065 880//880 1066//1066
f 1065//1065 1066//1066 1062//1062
f 1065//1065 1064//1064 1067//1067
f 1065//1065 1067//1067 881//881
f 1065//1065 881//881 879//879
f 1065//1065 879//879 880//880
f 1067//1067 1064//1064 1063//1063
f 1067//1067 1063//1063 1068//1068
f 1067//1067 1068//1068 884//884
f 1067//1067 884//884 883//883
f 1067//1067 883//883 878//878
f 1067//1067 878//878 881//881
f 1068//1068 1063//1063 900//900
f 1068//1068 900//900 1069//1069
f 1068//1068 1069//1069 1070//1070
f 1068//1068 1070//1070 884//884
f 1070//1070 1069//1069 1071//1071
f 1070//1070 1071//1071 1072//1072
f 1070//1070 1072//1072 1073//1073
f 1070//1070 1073//1073 1074//1074
f 1070//1070 1074//1074 885//885
f 1070//1070 885//885 884//884
f 1075//1075 1076//1076 1077//1077
f 1075//1075 1077//1077 1078//1078
f 1075//1075 1078//1078 1079//1079
f 1075//1075 1079//1079 1080//1080
f 1075//1075 1080//1080 1081//1081
f 1075//1075 1081//1081 1082//1082
f 1081//1081 833//833 832//832
f 1081//1081 832//832 1082//1082
f 1081//1081 1080//1080 1083//1083
f 1081//1081 1083//1083 1084//1084
f 1081//1081 1084//1084 1085//1085
f 1081//1081 1085//1085 833//833
f 1085//1085 823//823 789//789
f 1085//1085 789//789 833//833
f 1085//1085 1084//1084 1086//1086
f 1085//1085 1086//1086 1087//1087
f 1085//1085 1087//1087 824//824
f 1085//1085 824//824 823//823
f 1087//1087 1086//1086 1088//1088
f 1087//1087 1088//1088 1089//1089
f 1087//1087 1089//1089 1090//1090
f 1087//1087 1090//1090 824//824
f 1090//1090 1091//1091 825//825
f 1090//1090 825//825 824//824
f 1090//1090 1089//1089 1092//1092
f 1090//1090 1092//1092 1093//1093
f 1090//1090 1093//1093 1094//1094
f 1090//1090 1094//1094 1091//1091
f 1094//1094 1095//1095 1096//1096
f 1094//1094 1096//1096 1091//1091
f 1094//1094 1093//1093 1097//1097
f 1094//1094 1097//1097 1098//1098
f 1094//1094 1098//1098 1099//1099
f 1094//1094 1099//1099 1095//1095
f 1099//1099 1100//1100 1101//1101
f 1099//1099 1101//1101 1095//1095
f 1099//1099 1098//1098 687//687
f 1099//1099 687//687 686//686
f 1099//1099 686//686 685//685
f 1099//1099 685//685 1100//1100
f 1101//1101 654//654 653//653
f 1101//1101 653//653 702//702
f 1101//1101 702//702 1096//1096
f 1101//1101 1096//1096 1095//1095
f 1101//1101 1100//1100 1102//1102
f 1101//1101 1102//1102 654//654
f 1102//1102 655//655 651//651
f 1102//1102 651//651 654//654
f 1102//1102 1100//1100 685//685
f 1102//1102 685//685 1103//1103
f 1102//1102 1103//1103 711//711
f 1102//1102 711//711 655//655
f 1103//1103 685//685 621//621
f 1103//1103 621//621 1104//1104
f 1103//1103 1104//1104 1105//1105
f 1103//1103 1105//1105 711//711
f 1105//1105 1106//1106 712//712
f 1105//1105 712//712 711//711
f 1105//1105 1104//1104 677//677
f 1105//1105 677//677 1107//1107
f 1105//1105 1107//1107 1108//1108
f 1105//1105 1108//1108 1106//1106
f 1108//1108 643//643 718//718
f 1108//1108 718//718 1106//1106
f 1108//1108 1107//1107 1109//1109
f 1108//1108 1109//1109 1110//1110
f 1108//1108 1110//1110 609//609
f 1108//1108 609//609 643//643
f 1110//1110 1109//1109 1111//1111
f 1110//1110 1111//1111 1112//1112
f 1110//1110 1112//1112 559//559
f 1110//1110 559//559 609//609
f 1112//1112 1111//1111 1113//1113
f 1112//1112 1113//1113 485//485
f 1112//1112 485//485 484//484
f 1112//1112 484//484 559//559
f 1113//1113 1111//1111 675//675
f 1113//1113 675//675 463//463
f 1113//1113 463//463 462//462
f 1113//1113 462//462 1114//1114
f 1113//1113 1114//1114 480//480
f 1113//1113 480//480 485//485
f 1114//1114 462//462 467//467
f 1114//1114 467//467 1115//1115
f 1114//1114 1115//1115 481//481
f 1114//1114 481//481 480//480
f 1115//1115 467//467 1116//1116
f 1115//1115 1116//1116 1117//1117
f 1115//1115 1117//1117 1118//1118
f 1115//1115 1118//1118 481//481
f 1118//1118 1117//1117 1119//1119
f 1118//1118 1119//1119 1120//1120
f 1118//1118 1120//1120 1121//1121
f 1118//1118 1121//1121 557//557
f 1118//1118 557//557 482//482
f 1118//1118 482//482 481//481
f 1121//1121 1120//1120 400//400
f 1121//1121 400//400 399//399
f 1121//1121 399//399 403//403
f 1121//1121 403//403 525//525
f 1121//1121 525//525 524//524
f 1121//1121 524//524 557//557
f 1120//1120 1119//1119 1122//1122
f 1120//1120 1122//1122 400//400
f 1122//1122 1119//1119 1123//1123
f 1122//1122 1123//1123 393//393
f 1122//1122 393//393 392//392
f 1122//1122 392//392 1124//1124
f 1122//1122 1124//1124 401//401
f 1122//1122 401//401 400//400
f 1124//1124 392//392 397//397
f 1124//1124 397//397 1125//1125
f 1124//1124 1125//1125 404//404
f 1124//1124 404//404 401//401
f 1125//1125 397//397 1126//1126
f 1125//1125 1126//1126 1127//1127
f 1125//1125 1127//1127 1128//1128
f 1125//1125 1128//1128 404//404
f 1127//1127 1126//1126 425//425
f 1127//1127 425//425 407//407
f 1127//1127 407//407 406//406
f 1127//1127 406//406 1128//1128
f 1126//1126 397//397 396//396
f 1126//1126 396//396 1129//1129
f 1126//1126 1129//1129 1130//1130
f 1126//1126 1130//1130 425//425
f 1130//1130 1129//1129 1131//1131
f 1130//1130 1131//1131 1132//1132
f 1130//1130 1132//1132 473//473
f 1130//1130 473//473 1133//1133
f 1130//1130 1133//1133 422//422
f 1130//1130 422//422 425//425
f 1133//1133 473//473 472//472
f 1133//1133 472//472 444//444
f 1133//1133 444//444 423//423
f 1133//1133 423//423 422//422
f 1132//1132 1131//1131 532//532
f 1132//1132 532//532 531//531
f 1132//1132 531//531 469//469
f 1132//1132 469//469 473//473
f 1131//1131 395//395 1134//1134
f 1131//1131 1134//1134 532//532
f 1131//1131 1129//1129 396//396
f 1131//1131 396//396 395//395
f 1134//1134 1135//1135 1136//1136
f 1134//1134 1136//1136 567//567
f 1134//1134 567//567 528//528
f 1134//1134 528//528 532//532
f 1134//1134 395//395 394//394
f 1134//1134 394//394 1135//1135
f 1136//1136 1116//1116 467//467
f 1136//1136 467//467 466//466
f 1136//1136 466//466 465//465
f 1136//1136 465//465 567//567
f 1136//1136 1135//1135 1123//1123
f 1136//1136 1123//1123 1116//1116
f 1135//1135 394//394 393//393
f 1135//1135 393//393 1123//1123
f 1123//1123 1119//1119 1117//1117
f 1123//1123 1117//1117 1116//1116
f 1111//1111 1109//1109 676//676
f 1111//1111 676//676 675//675
f 1109//1109 1107//1107 677//677
f 1109//1109 677//677 676//676
f 1106//1106 718//718 713//713
f 1106//1106 713//713 712//712
f 1104//1104 621//621 620//620
f 1104//1104 620//620 677//677
f 1098//1098 1097//1097 770//770
f 1098//1098 770//770 687//687
f 1097//1097 1093//1093 1092//1092
f 1097//1097 1092//1092 845//845
f 1097//1097 845//845 771//771
f 1097//1097 771//771 770//770
f 1096//1096 702//702 684//684
f 1096//1096 684//684 1137//1137
f 1096//1096 1137//1137 825//825
f 1096//1096 825//825 1091//1091
f 1137//1137 684//684 612//612
f 1137//1137 612//612 611//611
f 1137//1137 611//611 822//822
f 1137//1137 822//822 825//825
f 1092//1092 1089//1089 1088//1088
f 1092//1092 1088//1088 1138//1138
f 1092//1092 1138//1138 846//846
f 1092//1092 846//846 845//845
f 1138//1138 1088//1088 1052//1052
f 1138//1138 1052//1052 1051//1051
f 1138//1138 1051//1051 847//847
f 1138//1138 847//847 846//846
f 1088//1088 1086//1086 1139//1139
f 1088//1088 1139//1139 1052//1052
f 1139//1139 1086//1086 1084//1084
f 1139//1139 1084//1084 1083//1083
f 1139//1139 1083//1083 1140//1140
f 1139//1139 1140//1140 1047//1047
f 1139//1139 1047//1047 1046//1046
f 1139//1139 1046//1046 1052//1052
f 1140//1140 1083//1083 1080//1080
f 1140//1140 1080//1080 1079//1079
f 1140//1140 1079//1079 910//910
f 1140//1140 910//910 909//909
f 1140//1140 909//909 1042//1042
f 1140//1140 1042//1042 1047//1047
f 1079//1079 1078//1078 1141//1141
f 1079//1079 1141//1141 910//910
f 1141//1141 1078//1078 1077//1077
f 1141//1141 1077//1077 1142//1142
f 1141//1141 1142//1142 937//937
f 1141//1141 937//937 1017//1017
f 1141//1141 1017//1017 911//911
f 1141//1141 911//911 910//910
f 1143//1143 1073//1073 1072//1072
f 1143//1143 1072//1072 1144//1144
f 1143//1143 1144//1144 1145//1145
f 1143//1143 1145//1145 938//938
f 1144//1144 1072//1072 1071//1071
f 1144//1144 1071//1071 1146//1146
f 1144//1144 1146//1146 1147//1147
f 1144//1144 1147//1147 1145//1145
f 1146//1146 1071//1071 899//899
f 1146//1146 899//899 902//902
f 1146//1146 902//902 1016//1016
f 1146//1146 1016//1016 1147//1147
f 1071//1071 1069//1069 900//900
f 1071//1071 900//900 899//899
f 1066//1066 1148//1148 864//864
f 1066//1066 864//864 863//863
f 1066//1066 863//863 862//862
f 1066//1066 862//862 1062//1062
f 1066//1066 880//880 875//875
f 1066//1066 875//875 1148//1148
f 1148//1148 875//875 874//874
f 1148//1148 874//874 1149//1149
f 1148//1148 1149//1149 1150//1150
f 1148//1148 1150//1150 864//864
f 1150//1150 1151//1151 861//861
f 1150//1150 861//861 864//864
f 1150//1150 1149//1149 827//827
f 1150//1150 827//827 826//826
f 1150//1150 826//826 1152//1152
f 1150//1150 1152//1152 1151//1151
f 1152//1152 1153//1153 1154//1154
f 1152//1152 1154//1154 1151//1151
f 1152//1152 826//826 801//801
f 1152//1152 801//801 1155//1155
f 1152//1152 1155//1155 1156//1156
f 1152//1152 1156//1156 1153//1153
f 1156//1156 1157//1157 793//793
f 1156//1156 793//793 1153//1153
f 1156//1156 1155//1155 1158//1158
f 1156//1156 1158//1158 1159//1159
f 1156//1156 1159//1159 728//728
f 1156//1156 728//728 1157//1157
f 1159//1159 1158//1158 734//734
f 1159//1159 734//734 732//732
f 1159//1159 732//732 729//729
f 1159//1159 729//729 728//728
f 1158//1158 1155//1155 801//801
f 1158//1158 801//801 800//800
f 1158//1158 800//800 1160//1160
f 1158//1158 1160//1160 734//734
f 1160//1160 800//800 799//799
f 1160//1160 799//799 707//707
f 1160//1160 707//707 706//706
f 1160//1160 706//706 1161//1161
f 1160//1160 1161//1161 733//733
f 1160//1160 733//733 734//734
f 1161//1161 706//706 694//694
f 1161//1161 694//694 693//693
f 1161//1161 693//693 692//692
f 1161//1161 692//692 733//733
f 1157//1157 755//755 754//754
f 1157//1157 754//754 793//793
f 1157//1157 728//728 727//727
f 1157//1157 727//727 755//755
f 1154//1154 792//792 851//851
f 1154//1154 851//851 852//852
f 1154//1154 852//852 861//861
f 1154//1154 861//861 1151//1151
f 1154//1154 1153//1153 793//793
f 1154//1154 793//793 792//792
f 1149//1149 874//874 828//828
f 1149//1149 828//828 827//827
f 1063//1063 1060//1060 897//897
f 1063//1063 897//897 900//900
f 1057//1057 1055//1055 892//892
f 1057//1057 892//892 891//891
f 1057//1057 891//891 895//895
f 1057//1057 895//895 898//898
f 1055//1055 1053//1053 1162//1162
f 1055//1055 1162//1162 892//892
f 1162//1162 1053//1053 1049//1049
f 1162//1162 1049//1049 1048//1048
f 1162//1162 1048//1048 1163//1163
f 1162//1162 1163//1163 1164//1164
f 1162//1162 1164//1164 893//893
f 1162//1162 893//893 892//892
f 1164//1164 1163//1163 1165//1165
f 1164//1164 1165//1165 1166//1166
f 1164//1164 1166//1166 1167//1167
f 1164//1164 1167//1167 893//893
f 1167//1167 1166//1166 857//857
f 1167//1167 857//857 856//856
f 1167//1167 856//856 859//859
f 1167//1167 859//859 888//888
f 1167//1167 888//888 887//887
f 1167//1167 887//887 893//893
f 1166//1166 1165//1165 1168//1168
f 1166//1166 1168//1168 857//857
f 1168//1168 1165//1165 1169//1169
f 1168//1168 1169//1169 1170//1170
f 1168//1168 1170//1170 1171//1171
f 1168//1168 1171//1171 1172//1172
f 1168//1168 1172//1172 858//858
f 1168//1168 858//858 857//857
f 1172//1172 1171//1171 1173//1173
f 1172//1172 1173//1173 1174//1174
f 1172//1172 1174//1174 741//741
f 1172//1172 741//741 858//858
f 1174//1174 1173//1173 1175//1175
f 1174//1174 1175//1175 1176//1176
f 1174//1174 1176//1176 742//742
f 1174//1174 742//742 741//741
f 1176//1176 1175//1175 1177//1177
f 1176//1176 1177//1177 1178//1178
f 1176//1176 1178//1178 1179//1179
f 1176//1176 1179//1179 742//742
f 1178//1178 1177//1177 1180//1180
f 1178//1178 1180//1180 716//716
f 1178//1178 716//716 715//715
f 1178//1178 715//715 1179//1179
f 1180//1180 1177//1177 1181//1181
f 1180//1180 1181//1181 1182//1182
f 1180//1180 1182//1182 683//683
f 1180//1180 683//683 1183//1183
f 1180//1180 1183//1183 717//717
f 1180//1180 717//717 716//716
f 1183//1183 683//683 681//681
f 1183//1183 681//681 703//703
f 1183//1183 703//703 713//713
f 1183//1183 713//713 717//717
f 1182//1182 1181//1181 817//817
f 1182//1182 817//817 642//642
f 1182//1182 642//642 641//641
f 1182//1182 641//641 683//683
f 1181//1181 1184//1184 818//818
f 1181//1181 818//818 817//817
f 1181//1181 1177//1177 1175//1175
f 1181//1181 1175//1175 1184//1184
f 1184//1184 1185//1185 819//819
f 1184//1184 819//819 818//818
f 1184//1184 1175//1175 1173//1173
f 1184//1184 1173//1173 1185//1185
f 1185//1185 1186//1186 1187//1187
f 1185//1185 1187//1187 819//819
f 1185//1185 1173//1173 1171//1171
f 1185//1185 1171//1171 1186//1186
f 1187//1187 1188//1188 1189//1189
f 1187//1187 1189//1189 843//843
f 1187//1187 843//843 820//820
f 1187//1187 820//820 819//819
f 1187//1187 1186//1186 1190//1190
f 1187//1187 1190//1190 1188//1188
f 1190//1190 1039//1039 1037//1037
f 1190//1190 1037//1037 1188//1188
f 1190//1190 1186//1186 1171//1171
f 1190//1190 1171//1171 1170//1170
f 1190//1190 1170//1170 1169//1169
f 1190//1190 1169//1169 1039//1039
f 1189//1189 1035//1035 1033//1033
f 1189//1189 1033//1033 1191//1191
f 1189//1189 1191//1191 841//841
f 1189//1189 841//841 843//843
f 1189//1189 1188//1188 1037//1037
f 1189//1189 1037//1037 1035//1035
f 1191//1191 1033//1033 1031//1031
f 1191//1191 1031//1031 1192//1192
f 1191//1191 1192//1192 842//842
f 1191//1191 842//842 841//841
f 1192//1192 1031//1031 1029//1029
f 1192//1192 1029//1029 1193//1193
f 1192//1192 1193//1193 867//867
f 1192//1192 867//867 842//842
f 1193//1193 1029//1029 1028//1028
f 1193//1193 1028//1028 1194//1194
f 1193//1193 1194//1194 869//869
f 1193//1193 869//869 867//867
f 1194//1194 1028//1028 1027//1027
f 1194//1194 1027//1027 1195//1195
f 1194//1194 1195//1195 1196//1196
f 1194//1194 1196//1196 869//869
f 1196//1196 1195//1195 1197//1197
f 1196//1196 1197//1197 1198//1198
f 1196//1196 1198//1198 1199//1199
f 1196//1196 1199//1199 1200//1200
f 1196//1196 1200//1200 868//868
f 1196//1196 868//868 869//869
f 1200//1200 1199//1199 1201//1201
f 1200//1200 1201//1201 1202//1202
f 1200//1200 1202//1202 777//777
f 1200//1200 777//777 868//868
f 1199//1199 1198//1198 870//870
f 1199//1199 870//870 1203//1203
f 1199//1199 1203//1203 778//778
f 1199//1199 778//778 1201//1201
f 1203//1203 870//870 837//837
f 1203//1203 837//837 836//836
f 1203//1203 836//836 779//779
f 1203//1203 779//779 778//778
f 1198//1198 1197//1197 871//871
f 1198//1198 871//871 870//870
f 1197//1197 1204//1204 872//872
f 1197//1197 872//872 871//871
f 1197//1197 1195//1195 1027//1027
f 1197//1197 1027//1027 1204//1204
f 1204//1204 1024//1024 889//889
f 1204//1204 889//889 872//872
f 1204//1204 1027//1027 1025//1025
f 1204//1204 1025//1025 1024//1024
f 1169//1169 1043//1043 1040//1040
f 1169//1169 1040//1040 1039//1039
f 1169//1169 1165//1165 1163//1163
f 1169//1169 1163//1163 1043//1043
f 1163//1163 1048//1048 1044//1044
f 1163//1163 1044//1044 1043//1043
f 1024//1024 1022//1022 886//886
f 1024//1024 886//886 889//889
f 1022//1022 1020//1020 917//917
f 1022//1022 917//917 886//886
f 1020//1020 942//942 918//918
f 1020//1020 918//918 917//917
f 974//974 954//954 953//953
f 974//974 953//953 961//961
f 968//968 962//962 944//944
f 968//968 944//944 947//947
f 959//959 958//958 948//948
f 959//959 948//948 956//956
f 958//958 955//955 934//934
f 958//958 934//934 931//931
f 958//958 931//931 932//932
f 958//958 932//932 948//948
f 1016//1016 902//902 901//901
f 1016//1016 901//901 905//905
f 923//923 922//922 914//914
f 923//923 914//914 913//913
f 919//919 904//904 903//903
f 919//919 903//903 906//906
f 906//906 896//896 895//895
f 906//906 895//895 894//894
f 916//916 915//915 894//894
f 916//916 894//894 890//890
f 916//916 890//890 886//886
f 916//916 886//886 917//917
f 889//889 888//888 859//859
f 889//889 859//859 872//872
f 858//858 741//741 735//735
f 858//858 735//735 808//808
f 851//851 792//792 773//773
f 851//851 773//773 772//772
f 839//839 807//807 806//806
f 839//839 806//806 781//781
f 839//839 781//781 780//780
f 839//839 780//780 835//835
f 822//822 611//611 610//610
f 822//822 610//610 811//811
f 817//817 816//816 593//593
f 817//817 593//593 642//642
f 1205//1205 1206//1206 787//787
f 1205//1205 787//787 786//786
f 815//815 791//791 790//790
f 815//815 790//790 810//810
f 1205//1205 1207//1207 1208//1208
f 1205//1205 1208//1208 1206//1206
f 1208//1208 1209//1209 1210//1210
f 1208//1208 1210//1210 1206//1206
f 1208//1208 1211//1211 1212//1212
f 1208//1208 1212//1212 1209//1209
f 1212//1212 538//538 536//536
f 1212//1212 536//536 1209//1209
f 1212//1212 1211//1211 1213//1213
f 1212//1212 1213//1213 1214//1214
f 1212//1212 1214//1214 1215//1215
f 1212//1212 1215//1215 538//538
f 1215//1215 1216//1216 537//537
f 1215//1215 537//537 538//538
f 1215//1215 1214//1214 639//639
f 1215//1215 639//639 1217//1217
f 1215//1215 1217//1217 495//495
f 1215//1215 495//495 1216//1216
f 1217//1217 639//639 555//555
f 1217//1217 555//555 554//554
f 1217//1217 554//554 492//492
f 1217//1217 492//492 495//495
f 1216//1216 445//445 475//475
f 1216//1216 475//475 537//537
f 1216//1216 495//495 441//441
f 1216//1216 441//441 445//445
f 1214//1214 1213//1213 640//640
f 1214//1214 640//640 639//639
f 1213//1213 1211//1211 1218//1218
f 1213//1213 1218//1218 813//813
f 1213//1213 813//813 812//812
f 1213//1213 812//812 640//640
f 1210//1210 478//478 477//477
f 1210//1210 477//477 582//582
f 1210//1210 582//582 787//787
f 1210//1210 787//787 1206//1206
f 1210//1210 1209//1209 536//536
f 1210//1210 536//536 478//478
f 812//812 811//811 610//610
f 812//812 610//610 640//640
f 804//804 782//782 785//785
f 804//804 785//785 803//803
f 803//803 785//785 1219//1219
f 803//803 1219//1219 768//768
f 1219//1219 1220//1220 1221//1221
f 1219//1219 1221//1221 1222//1222
f 1219//1219 1222//1222 769//769
f 1219//1219 769//769 768//768
f 1219//1219 785//785 784//784
f 1219//1219 784//784 1220//1220
f 1222//1222 1221//1221 722//722
f 1222//1222 722//722 721//721
f 1222//1222 721//721 725//725
f 1222//1222 725//725 769//769
f 1221//1221 615//615 614//614
f 1221//1221 614//614 722//722
f 1221//1221 1220//1220 1223//1223
f 1221//1221 1223//1223 615//615
f 1223//1223 1224//1224 616//616
f 1223//1223 616//616 615//615
f 1223//1223 1220//1220 784//784
f 1223//1223 784//784 586//586
f 1223//1223 586//586 585//585
f 1223//1223 585//585 1224//1224
f 1224//1224 1225//1225 617//617
f 1224//1224 617//617 616//616
f 1224//1224 585//585 584//584
f 1224//1224 584//584 1225//1225
f 1225//1225 584//584 708//708
f 1225//1225 708//708 1226//1226
f 1225//1225 1226//1226 1227//1227
f 1225//1225 1227//1227 617//617
f 1227//1227 1226//1226 1228//1228
f 1227//1227 1228//1228 1229//1229
f 1227//1227 1229//1229 672//672
f 1227//1227 672//672 669//669
f 1227//1227 669//669 618//618
f 1227//1227 618//618 617//617
f 1229//1229 1228//1228 766//766
f 1229//1229 766//766 756//756
f 1229//1229 756//756 726//726
f 1229//1229 726//726 672//672
f 1228//1228 710//710 767//767
f 1228//1228 767//767 766//766
f 1228//1228 1226//1226 708//708
f 1228//1228 708//708 710//710
f 799//799 767//767 710//710
f 799//799 710//710 707//707
f 787//787 582//582 581//581
f 787//787 581//581 783//783
f 784//784 783//783 581//581
f 784//784 581//581 586//586
f 1201//1201 778//778 746//746
f 1201//1201 746//746 748//748
f 780//780 750//750 779//779
f 780//780 779//779 835//835
f 776//776 775//775 762//762
f 776//776 762//762 764//764
f 775//775 774//774 1230//1230
f 775//775 1230//1230 762//762
f 1230//1230 1231//1231 763//763
f 1230//1230 763//763 762//762
f 1230//1230 774//774 1232//1232
f 1230//1230 1232//1232 1233//1233
f 1230//1230 1233//1233 1234//1234
f 1230//1230 1234//1234 1231//1231
f 1234//1234 572//572 571//571
f 1234//1234 571//571 1231//1231
f 1234//1234 1233//1233 1235//1235
f 1234//1234 1235//1235 1236//1236
f 1234//1234 1236//1236 1237//1237
f 1234//1234 1237//1237 572//572
f 1237//1237 1238//1238 573//573
f 1237//1237 573//573 572//572
f 1237//1237 1236//1236 597//597
f 1237//1237 597//597 596//596
f 1237//1237 596//596 599//599
f 1237//1237 599//599 1238//1238
f 1238//1238 1239//1239 574//574
f 1238//1238 574//574 573//573
f 1238//1238 599//599 1240//1240
f 1238//1238 1240//1240 1239//1239
f 1240//1240 1241//1241 624//624
f 1240//1240 624//624 1239//1239
f 1240//1240 599//599 598//598
f 1240//1240 598//598 1242//1242
f 1240//1240 1242//1242 659//659
f 1240//1240 659//659 1241//1241
f 1242//1242 598//598 509//509
f 1242//1242 509//509 1243//1243
f 1242//1242 1243//1243 660//660
f 1242//1242 660//660 659//659
f 1243//1243 509//509 508//508
f 1243//1243 508//508 1244//1244
f 1243//1243 1244//1244 1245//1245
f 1243//1243 1245//1245 660//660
f 1245//1245 650//650 657//657
f 1245//1245 657//657 660//660
f 1245//1245 1244//1244 1246//1246
f 1245//1245 1246//1246 1247//1247
f 1245//1245 1247//1247 648//648
f 1245//1245 648//648 650//650
f 1247//1247 1246//1246 1248//1248
f 1247//1247 1248//1248 1249//1249
f 1247//1247 1249//1249 649//649
f 1247//1247 649//649 648//648
f 1249//1249 1248//1248 575//575
f 1249//1249 575//575 631//631
f 1249//1249 631//631 630//630
f 1249//1249 630//630 649//649
f 1248//1248 1246//1246 434//434
f 1248//1248 434//434 433//433
f 1248//1248 433//433 568//568
f 1248//1248 568//568 575//575
f 1246//1246 1244//1244 508//508
f 1246//1246 508//508 434//434
f 1241//1241 1250//1250 625//625
f 1241//1241 625//625 624//624
f 1241//1241 659//659 658//658
f 1241//1241 658//658 1250//1250
f 1250//1250 1251//1251 626//626
f 1250//1250 626//626 625//625
f 1250//1250 658//658 664//664
f 1250//1250 664//664 1251//1251
f 1251//1251 1252//1252 1253//1253
f 1251//1251 1253//1253 626//626
f 1251//1251 664//664 1254//1254
f 1251//1251 1254//1254 1252//1252
f 1254//1254 1255//1255 1256//1256
f 1254//1254 1256//1256 1252//1252
f 1254//1254 664//664 663//663
f 1254//1254 663//663 737//737
f 1254//1254 737//737 736//736
f 1254//1254 736//736 1255//1255
f 1256//1256 1235//1235 1233//1233
f 1256//1256 1233//1233 1232//1232
f 1256//1256 1232//1232 1253//1253
f 1256//1256 1253//1253 1252//1252
f 1256//1256 1255//1255 1257//1257
f 1256//1256 1257//1257 1235//1235
f 1257//1257 597//597 1236//1236
f 1257//1257 1236//1236 1235//1235
f 1257//1257 1255//1255 736//736
f 1257//1257 736//736 740//740
f 1257//1257 740//740 590//590
f 1257//1257 590//590 597//597
f 1253//1253 1232//1232 774//774
f 1253//1253 774//774 745//745
f 1253//1253 745//745 627//627
f 1253//1253 627//627 626//626
f 1239//1239 624//624 623//623
f 1239//1239 623//623 574//574
f 1231//1231 571//571 570//570
f 1231//1231 570//570 763//763
f 769//769 725//725 724//724
f 769//769 724//724 757//757
f 763//763 570//570 1258//1258
f 763//763 1258//1258 759//759
f 1258//1258 1259//1259 519//519
f 1258//1258 519//519 518//518
f 1258//1258 518//518 760//760
f 1258//1258 760//760 759//759
f 1258//1258 570//570 569//569
f 1258//1258 569//569 1259//1259
f 1259//1259 569//569 427//427
f 1259//1259 427//427 430//430
f 1259//1259 430//430 522//522
f 1259//1259 522//522 519//519
f 757//757 724//724 752//752
f 757//757 752//752 751//751
f 752//752 603//603 605//605
f 752//752 605//605 688//688
f 752//752 724//724 604//604
f 752//752 604//604 603//603
f 749//749 662//662 661//661
f 749//749 661//661 701//701
f 749//749 701//701 700//700
f 749//749 700//700 747//747
f 747//747 700//700 628//628
f 747//747 628//628 744//744
f 744//744 628//628 622//622
f 744//744 622//622 627//627
f 742//742 1179//1179 591//591
f 742//742 591//591 739//739
f 740//740 739//739 591//591
f 740//740 591//591 590//590
f 730//730 692//692 691//691
f 730//730 691//691 674//674
f 709//709 1260//1260 1261//1261
f 709//709 1261//1261 705//705
f 709//709 708//708 584//584
f 709//709 584//584 583//583
f 709//709 583//583 1262//1262
f 709//709 1262//1262 1260//1260
f 1262//1262 1263//1263 1264//1264
f 1262//1262 1264//1264 1260//1260
f 1262//1262 583//583 476//476
f 1262//1262 476//476 471//471
f 1262//1262 471//471 470//470
f 1262//1262 470//470 1263//1263
f 1264//1264 667//667 666//666
f 1264//1264 666//666 1265//1265
f 1264//1264 1265//1265 1261//1261
f 1264//1264 1261//1261 1260//1260
f 1264//1264 1263//1263 534//534
f 1264//1264 534//534 667//667
f 1265//1265 666//666 671//671
f 1265//1265 671//671 690//690
f 1265//1265 690//690 694//694
f 1265//1265 694//694 1261//1261
f 1263//1263 470//470 527//527
f 1263//1263 527//527 534//534
f 1261//1261 694//694 706//706
f 1261//1261 706//706 705//705
f 701//701 661//661 647//647
f 701//701 647//647 646//646
f 698//698 697//697 1266//1266
f 698//698 1266//1266 1267//1267
f 698//698 1267//1267 1268//1268
f 698//698 1268//1268 634//634
f 1268//1268 1267//1267 1269//1269
f 1268//1268 1269//1269 1270//1270
f 1268//1268 1270//1270 577//577
f 1268//1268 577//577 579//579
f 1268//1268 579//579 635//635
f 1268//1268 635//635 634//634
f 1270//1270 1269//1269 1271//1271
f 1270//1270 1271//1271 502//502
f 1270//1270 502//502 501//501
f 1270//1270 501//501 577//577
f 1271//1271 1272//1272 456//456
f 1271//1271 456//456 439//439
f 1271//1271 439//439 438//438
f 1271//1271 438//438 502//502
f 1271//1271 1269//1269 1273//1273
f 1271//1271 1273//1273 1272//1272
f 1273//1273 513//513 511//511
f 1273//1273 511//511 1272//1272
f 1273//1273 1269//1269 1267//1267
f 1273//1273 1267//1267 1266//1266
f 1273//1273 1266//1266 1274//1274
f 1273//1273 1274//1274 513//513
f 1272//1272 511//511 457//457
f 1272//1272 457//457 456//456
f 1266//1266 697//697 1275//1275
f 1266//1266 1275//1275 1274//1274
f 1275//1275 1276//1276 553//553
f 1275//1275 553//553 1274//1274
f 1275//1275 697//697 696//696
f 1275//1275 696//696 1277//1277
f 1275//1275 1277//1277 1278//1278
f 1275//1275 1278//1278 1276//1276
f 1278//1278 1279//1279 491//491
f 1278//1278 491//491 1276//1276
f 1278//1278 1277//1277 1280//1280
f 1278//1278 1280//1280 1281//1281
f 1278//1278 1281//1281 1282//1282
f 1278//1278 1282//1282 1279//1279
f 1282//1282 459//459 458//458
f 1282//1282 458//458 1279//1279
f 1282//1282 1281//1281 562//562
f 1282//1282 562//562 549//549
f 1282//1282 549//549 460//460
f 1282//1282 460//460 459//459
f 1281//1281 1280//1280 1283//1283
f 1281//1281 1283//1283 562//562
f 1283//1283 1280//1280 637//637
f 1283//1283 637//637 636//636
f 1283//1283 636//636 678//678
f 1283//1283 678//678 682//682
f 1283//1283 682//682 563//563
f 1283//1283 563//563 562//562
f 1280//1280 1277//1277 696//696
f 1280//1280 696//696 637//637
f 1279//1279 458//458 490//490
f 1279//1279 490//490 491//491
f 1276//1276 491//491 489//489
f 1276//1276 489//489 553//553
f 682//682 595//595 561//561
f 682//682 561//561 563//563
f 679//679 678//678 636//636
f 679//679 636//636 638//638
f 675//675 565//565 464//464
f 675//675 464//464 463//463
f 668//668 667//667 534//534
f 668//668 534//534 533//533
f 668//668 533//533 613//613
f 668//668 613//613 618//618
f 649//649 630//630 629//629
f 649//649 629//629 645//645
f 635//635 579//579 578//578
f 635//635 578//578 612//612
f 631//631 575//575 574//574
f 631//631 574//574 623//623
f 598//598 588//588 505//505
f 598//598 505//505 509//509
f 592//592 587//587 591//591
f 592//592 591//591 1179//1179
f 592//592 1179//1179 715//715
f 592//592 715//715 606//606
f 569//569 568//568 433//433
f 569//569 433//433 427//427
f 563//563 561//561 551//551
f 563//563 551//551 550//550
f 531//531 527//527 470//470
f 531//531 470//470 469//469
f 526//526 507//507 506//506
f 526//526 506//506 589//589
f 1274//1274 553//553 539//539
f 1274//1274 539//539 515//515
f 514//514 513//513 1274//1274
f 514//514 1274//1274 515//515
f 508//508 510//510 431//431
f 508//508 431//431 434//434
f 499//499 498//498 494//494
f 499//499 494//494 493//493
f 498//498 436//436 416//416
f 498//498 416//416 1284//1284
f 498//498 1284//1284 446//446
f 498//498 446//446 494//494
f 1284//1284 416//416 415//415
f 1284//1284 415//415 426//426
f 1284//1284 426//426 424//424
f 1284//1284 424//424 446//446
f 494//494 446//446 443//443
f 494//494 443//443 442//442
f 490//490 458//458 449//449
f 490//490 449//449 448//448
f 475//475 445//445 444//444
f 475//475 444//444 472//472
f 457//457 453//453 452//452
f 457//457 452//452 455//455
f 455//455 452//452 451//451
f 455//455 451//451 437//437
f 451//451 450//450 419//419
f 451//451 419//419 1285//1285
f 451//451 1285//1285 414//414
f 451//451 414//414 437//437
f 1285//1285 419//419 418//418
f 1285//1285 418//418 1286//1286
f 1285//1285 1286//1286 415//415
f 1285//1285 415//415 414//414
f 1286//1286 418//418 410//410
f 1286//1286 410//410 409//409
f 1286//1286 409//409 426//426
f 1286//1286 426//426 415//415
f 1128//1128 998//998 402//402
f 1128//1128 402//402 404//404
f 526//526 589//589 564//564
f 526//526 564//564 523//523
f 748//748 777//777 1202//1202
f 748//748 1202//1202 1201//1201
f 497//497 496//496 578//578
f 497//497 578//578 576//576
f 998//998 1128//1128 406//406
f 998//998 406//406 993//993
f 992//992 996//996 998//998
f 992//992 998//998 993//993
f 974//974 973//973 1011//1011
f 974//974 1011//1011 1287//1287
f 1015//1015 954//954 974//974
f 1015//1015 974//974 1287//1287
f 1288//1288 1015//1015 1287//1287
f 1288//1288 1287//1287 1289//1289
f 512//512 487//487 486//486
f 512//512 486//486 511//511
f 815//815 814//814 1207//1207
f 815//815 1207//1207 1205//1205
f 1205//1205 786//786 791//791
f 1205//1205 791//791 815//815
f 782//782 788//788 791//791
f 782//782 791//791 786//786
f 831//831 830//830 804//804
f 831//831 804//804 1290//1290
f 832//832 831//831 1290//1290
f 832//832 1290//1290 1291//1291
f 1082//1082 832//832 1291//1291
f 1082//1082 1291//1291 1292//1292
f 1075//1075 1082//1082 1292//1292
f 1075//1075 1292//1292 1076//1076
f 830//830 788//788 782//782
f 830//830 782//782 804//804
f 1208//1208 1207//1207 1218//1218
f 1208//1208 1218//1218 1211//1211
f 814//814 813//813 1218//1218
f 814//814 1218//1218 1207//1207
f 1009//1009 952//952 950//950
f 1009//1009 950//950 1014//1014
f 1289//1289 1010//1010 1009//1009
f 1289//1289 1009//1009 1014//1014
f 1012//1012 1288//1288 1289//1289
f 1012//1012 1289//1289 1014//1014
f 935//935 1015//1015 1288//1288
f 935//935 1288//1288 1012//1012
f 1011//1011 1010//1010 1289//1289
f 1011//1011 1289//1289 1287//1287
f 802//802 829//829 1290//1290
f 802//802 1290//1290 804//804
f 882//882 1291//1291 1290//1290
f 882//882 1290//1290 829//829
f 882//882 885//885 1292//1292
f 882//882 1292//1292 1291//1291
f 1074//1074 1076//1076 1292//1292
f 1074//1074 1292//1292 885//885
f 1074//1074 1073//1073 1077//1077
f 1074//1074 1077//1077 1076//1076
f 1142//1142 1077//1077 1073//1073
f 1142//1142 1073//1073 1143//1143
f 937//937 1142//1142 1143//1143
f 937//937 1143//1143 938//938
f 936//936 952//952 1007//1007
f 936//936 1007//1007 1006//1006
f 1006//1006 1017//1017 937//937
f 1006//1006 937//937 936//936
f 951//951 939//939 938//938
f 951//951 938//938 1145//1145
f 1147//1147 949//949 951//951
f 1147//1147 951//951 1145//1145
f 1147//1147 1016//1016 950//950
f 1147//1147 950//950 949//949
f 1293//1293 1294//1294 1295//1295
f 1293//1293 1295//1295 1296//1296
f 1293//1293 1296//1296 1297//1297
f 1293//1293 1297//1297 1298//1298
f 1293//1293 1298//1298 1299//1299
f 1293//1293 1299//1299 1300//1300
f 1293//1293 1300//1300 1301//1301
f 1293//1293 1301//1301 1302//1302
f 1303//1303 1304//1304 1305//1305
f 1303//1303 1305//1305 1306//1306
f 1303//1303 1299//1299 1298//1298
f 1303//1303 1298//1298 1307//1307
f 1303//1303 1306//1306 1308//1308
f 1303//1303 1308//1308 1299//1299
f 1300//1300 1299//1299 1308//1308
f 1300//1300 1308//1308 1301//1301
f 1296//1296 1295//1295 1309//1309
f 1296//1296 1309//1309 1297//1297
f 1310//1310 1311//1311 1312//1312
f 1310//1310 1312//1312 1313//1313
f 1314//1314 1315//1315 1316//1316
f 1314//1314 1316//1316 1317//1317
f 1314//1314 1318//1318 1319//1319
f 1314//1314 1319//1319 1315//1315
f 1314//1314 1317//1317 1320//1320
f 1314//1314 1320//1320 1318//1318
f 1312//1312 1311//1311 1321//1321
f 1312//1312 1321//1321 1322//1322
f 1311//1311 1310//1310 1316//1316
f 1311//1311 1316//1316 1315//1315
f 1323//1323 1324//1324 1325//1325
f 1323//1323 1325//1325 1305//1305
f 1323//1323 1326//1326 1327//1327
f 1323//1323 1327//1327 1324//1324
f 1323//1323 1305//1305 1304//1304
f 1323//1323 1304//1304 1326//1326
f 1308//1308 1306//1306 1328//1328
f 1308//1308 1328//1328 1329//1329
f 1330//1330 1331//1331 1332//1332
f 1330//1330 1332//1332 1333//1333
f 1334//1334 1335//1335 1332//1332
f 1334//1334 1332//1332 1331//1331
f 1331//1331 1330//1330 1313//1313
f 1331//1331 1313//1313 1334//1334
f 1336//1336 1337//1337 1338//1338
f 1336//1336 1338//1338 1339//1339
f 1336//1336 1324//1324 1327//1327
f 1336//1336 1327//1327 1337//1337
f 1336//1336 1339//1339 1325//1325
f 1336//1336 1325//1325 1324//1324
f 1310//1310 1340//1340 1341//1341
f 1310//1310 1341//1341 1342//1342
f 1310//1310 1313//1313 1343//1343
f 1310//1310 1343//1343 1340//1340
f 1310//1310 1342//1342 1344//1344
f 1310//1310 1344//1344 1316//1316
f 1345//1345 1317//1317 1316//1316
f 1345//1345 1316//1316 1344//1344
f 1345//1345 1346//1346 1320//1320
f 1345//1345 1320//1320 1317//1317
f 1345//1345 1344//1344 1347//1347
f 1345//1345 1347//1347 1346//1346
f 1348//1348 1349//1349 1335//1335
f 1348//1348 1335//1335 1334//1334
f 1348//1348 1334//1334 1322//1322
f 1348//1348 1322//1322 1350//1350
f 1348//1348 1350//1350 1351//1351
f 1348//1348 1351//1351 1349//1349
f 1295//1295 1294//1294 1352//1352
f 1295//1295 1352//1352 1309//1309
f 1332//1332 1335//1335 1353//1353
f 1332//1332 1353//1353 1354//1354
f 1349//1349 1351//1351 1353//1353
f 1349//1349 1353//1353 1335//1335
f 1344//1344 1355//1355 1356//1356
f 1344//1344 1356//1356 1347//1347
f 1357//1357 1358//1358 1330//1330
f 1357//1357 1330//1330 1333//1333
f 1359//1359 1360//1360 1361//1361
f 1359//1359 1361//1361 1362//1362
f 1359//1359 1363//1363 1364//1364
f 1359//1359 1364//1364 1365//1365
f 1359//1359 1365//1365 1366//1366
f 1359//1359 1366//1366 1360//1360
f 1362//1362 1361//1361 1367//1367
f 1362//1362 1367//1367 1368//1368
f 1362//1362 1369//1369 1370//1370
f 1362//1362 1370//1370 1359//1359
f 1371//1371 1372//1372 1373//1373
f 1371//1371 1373//1373 1374//1374
f 1375//1375 1376//1376 1377//1377
f 1375//1375 1377//1377 1378//1378
f 1375//1375 1379//1379 1380//1380
f 1375//1375 1380//1380 1376//1376
f 1375//1375 1378//1378 1381//1381
f 1375//1375 1381//1381 1382//1382
f 1352//1352 1383//1383 1384//1384
f 1352//1352 1384//1384 1309//1309
f 1352//1352 1385//1385 1386//1386
f 1352//1352 1386//1386 1387//1387
f 1352//1352 1294//1294 1388//1388
f 1352//1352 1388//1388 1385//1385
f 1352//1352 1387//1387 1389//1389
f 1352//1352 1389//1389 1383//1383
f 1378//1378 1377//1377 1390//1390
f 1378//1378 1390//1390 1391//1391
f 1392//1392 1393//1393 1394//1394
f 1392//1392 1394//1394 1395//1395
f 1396//1396 1354//1354 1353//1353
f 1396//1396 1353//1353 1397//1397
f 1374//1374 1373//1373 1398//1398
f 1374//1374 1398//1398 1399//1399
f 1399//1399 1400//1400 1401//1401
f 1399//1399 1401//1401 1374//1374
f 1369//1369 1401//1401 1402//1402
f 1369//1369 1402//1402 1386//1386
f 1369//1369 1362//1362 1374//1374
f 1369//1369 1374//1374 1401//1401
f 1355//1355 1403//1403 1404//1404
f 1355//1355 1404//1404 1405//1405
f 1399//1399 1406//1406 1407//1407
f 1399//1399 1407//1407 1400//1400
f 1399//1399 1398//1398 1408//1408
f 1399//1399 1408//1408 1406//1406
f 1409//1409 1372//1372 1410//1410
f 1409//1409 1410//1410 1364//1364
f 1411//1411 1412//1412 1407//1407
f 1411//1411 1407//1407 1406//1406
f 1411//1411 1406//1406 1408//1408
f 1411//1411 1408//1408 1413//1413
f 1411//1411 1413//1413 1414//1414
f 1411//1411 1414//1414 1412//1412
f 1389//1389 1387//1387 1415//1415
f 1389//1389 1415//1415 1416//1416
f 1389//1389 1416//1416 1417//1417
f 1389//1389 1417//1417 1418//1418
f 1419//1419 1382//1382 1381//1381
f 1419//1419 1381//1381 1420//1420
f 1421//1421 1422//1422 1382//1382
f 1421//1421 1382//1382 1419//1419
f 1419//1419 1420//1420 1423//1423
f 1419//1419 1423//1423 1421//1421
f 1424//1424 1395//1395 1394//1394
f 1424//1424 1394//1394 1425//1425
f 1423//1423 1426//1426 1427//1427
f 1423//1423 1427//1427 1421//1421
f 1423//1423 1428//1428 1429//1429
f 1423//1423 1429//1429 1426//1426
f 1418//1418 1430//1430 1431//1431
f 1418//1418 1431//1431 1432//1432
f 1409//1409 1364//1364 1363//1363
f 1409//1409 1363//1363 1433//1433
f 1434//1434 1435//1435 1432//1432
f 1434//1434 1432//1432 1431//1431
f 1434//1434 1436//1436 1437//1437
f 1434//1434 1437//1437 1435//1435
f 1414//1414 1438//1438 1439//1439
f 1414//1414 1439//1439 1412//1412
f 1414//1414 1413//1413 1440//1440
f 1414//1414 1440//1440 1438//1438
f 1441//1441 1427//1427 1442//1442
f 1441//1441 1442//1442 1443//1443
f 1441//1441 1444//1444 1421//1421
f 1441//1441 1421//1421 1427//1427
f 1441//1441 1443//1443 1445//1445
f 1441//1441 1445//1445 1444//1444
f 1442//1442 1446//1446 1447//1447
f 1442//1442 1447//1447 1443//1443
f 1398//1398 1448//1448 1449//1449
f 1398//1398 1449//1449 1408//1408
f 1398//1398 1373//1373 1433//1433
f 1398//1398 1433//1433 1448//1448
f 1403//1403 1420//1420 1450//1450
f 1403//1403 1450//1450 1451//1451
f 1403//1403 1451//1451 1452//1452
f 1403//1403 1452//1452 1404//1404
f 1453//1453 1425//1425 1394//1394
f 1453//1453 1394//1394 1454//1454
f 1453//1453 1381//1381 1378//1378
f 1453//1453 1378//1378 1425//1425
f 1453//1453 1450//1450 1420//1420
f 1453//1453 1420//1420 1381//1381
f 1455//1455 1456//1456 1457//1457
f 1455//1455 1457//1457 1458//1458
f 1455//1455 1458//1458 1459//1459
f 1455//1455 1459//1459 1439//1439
f 1455//1455 1439//1439 1438//1438
f 1455//1455 1438//1438 1456//1456
f 1460//1460 1417//1417 1461//1461
f 1460//1460 1461//1461 1462//1462
f 1460//1460 1363//1363 1359//1359
f 1460//1460 1359//1359 1370//1370
f 1454//1454 1444//1444 1463//1463
f 1454//1454 1463//1463 1464//1464
f 1454//1454 1464//1464 1465//1465
f 1454//1454 1465//1465 1453//1453
f 1444//1444 1445//1445 1466//1466
f 1444//1444 1466//1466 1463//1463
f 1444//1444 1454//1454 1422//1422
f 1444//1444 1422//1422 1421//1421
f 1467//1467 1461//1461 1417//1417
f 1467//1467 1417//1417 1416//1416
f 1467//1467 1468//1468 1458//1458
f 1467//1467 1458//1458 1469//1469
f 1467//1467 1416//1416 1415//1415
f 1467//1467 1415//1415 1468//1468
f 1470//1470 1429//1429 1428//1428
f 1470//1470 1428//1428 1471//1471
f 1470//1470 1471//1471 1405//1405
f 1470//1470 1405//1405 1404//1404
f 1470//1470 1472//1472 1473//1473
f 1470//1470 1473//1473 1474//1474
f 1470//1470 1404//1404 1452//1452
f 1470//1470 1452//1452 1472//1472
f 1448//1448 1460//1460 1462//1462
f 1448//1448 1462//1462 1475//1475
f 1448//1448 1433//1433 1363//1363
f 1448//1448 1363//1363 1460//1460
f 1448//1448 1475//1475 1476//1476
f 1448//1448 1476//1476 1449//1449
f 1461//1461 1467//1467 1477//1477
f 1461//1461 1477//1477 1478//1478
f 1461//1461 1478//1478 1479//1479
f 1461//1461 1479//1479 1480//1480
f 1456//1456 1438//1438 1440//1440
f 1456//1456 1440//1440 1481//1481
f 1456//1456 1481//1481 1482//1482
f 1456//1456 1482//1482 1483//1483
f 1456//1456 1483//1483 1484//1484
f 1456//1456 1484//1484 1457//1457
f 1469//1469 1458//1458 1457//1457
f 1469//1469 1457//1457 1485//1485
f 1469//1469 1486//1486 1477//1477
f 1469//1469 1477//1477 1467//1467
f 1475//1475 1487//1487 1488//1488
f 1475//1475 1488//1488 1476//1476
f 1475//1475 1489//1489 1490//1490
f 1475//1475 1490//1490 1487//1487
f 1484//1484 1491//1491 1485//1485
f 1484//1484 1485//1485 1457//1457
f 1484//1484 1483//1483 1482//1482
f 1484//1484 1482//1482 1491//1491
f 1489//1489 1475//1475 1462//1462
f 1489//1489 1462//1462 1492//1492
f 1489//1489 1492//1492 1493//1493
f 1489//1489 1493//1493 1490//1490
f 1494//1494 1465//1465 1464//1464
f 1494//1494 1464//1464 1495//1495
f 1494//1494 1495//1495 1496//1496
f 1494//1494 1496//1496 1497//1497
f 1494//1494 1497//1497 1498//1498
f 1494//1494 1498//1498 1465//1465
f 1499//1499 1480//1480 1479//1479
f 1499//1499 1479//1479 1500//1500
f 1499//1499 1500//1500 1501//1501
f 1499//1499 1501//1501 1493//1493
f 1499//1499 1493//1493 1492//1492
f 1499//1499 1492//1492 1480//1480
f 1502//1502 1503//1503 1504//1504
f 1502//1502 1504//1504 1505//1505
f 1502//1502 1505//1505 1506//1506
f 1502//1502 1506//1506 1466//1466
f 1502//1502 1466//1466 1445//1445
f 1502//1502 1445//1445 1503//1503
f 1507//1507 1508//1508 1509//1509
f 1507//1507 1509//1509 1510//1510
f 1507//1507 1510//1510 1511//1511
f 1507//1507 1511//1511 1512//1512
f 1507//1507 1513//1513 1514//1514
f 1507//1507 1514//1514 1508//1508
f 1466//1466 1515//1515 1516//1516
f 1466//1466 1516//1516 1463//1463
f 1517//1517 1518//1518 1519//1519
f 1517//1517 1519//1519 1520//1520
f 1517//1517 1520//1520 1521//1521
f 1517//1517 1521//1521 1522//1522
f 1517//1517 1452//1452 1451//1451
f 1517//1517 1451//1451 1518//1518
f 1506//1506 1513//1513 1515//1515
f 1506//1506 1515//1515 1466//1466
f 1490//1490 1493//1493 1501//1501
f 1490//1490 1501//1501 1487//1487
f 1515//1515 1513//1513 1523//1523
f 1515//1515 1523//1523 1516//1516
f 1513//1513 1507//1507 1524//1524
f 1513//1513 1524//1524 1523//1523
f 1525//1525 1526//1526 1527//1527
f 1525//1525 1527//1527 1528//1528
f 1525//1525 1529//1529 1530//1530
f 1525//1525 1530//1530 1531//1531
f 1525//1525 1528//1528 1532//1532
f 1525//1525 1532//1532 1529//1529
f 1533//1533 1534//1534 1535//1535
f 1533//1533 1535//1535 1536//1536
f 1537//1537 1538//1538 1534//1534
f 1537//1537 1534//1534 1533//1533
f 1533//1533 1536//1536 1539//1539
f 1533//1533 1539//1539 1537//1537
f 1540//1540 1532//1532 1528//1528
f 1540//1540 1528//1528 1522//1522
f 1541//1541 1542//1542 1532//1532
f 1541//1541 1532//1532 1540//1540
f 1540//1540 1522//1522 1521//1521
f 1540//1540 1521//1521 1541//1541
f 1543//1543 1544//1544 1545//1545
f 1543//1543 1545//1545 1546//1546
f 1536//1536 1547//1547 1544//1544
f 1536//1536 1544//1544 1543//1543
f 1543//1543 1546//1546 1539//1539
f 1543//1543 1539//1539 1536//1536
f 1548//1548 1542//1542 1549//1549
f 1548//1548 1549//1549 1550//1550
f 1549//1549 1542//1542 1541//1541
f 1549//1549 1541//1541 1551//1551
f 1549//1549 1551//1551 1552//1552
f 1549//1549 1552//1552 1553//1553
f 1554//1554 1555//1555 1556//1556
f 1554//1554 1556//1556 1557//1557
f 1554//1554 1558//1558 1559//1559
f 1554//1554 1559//1559 1555//1555
f 1554//1554 1560//1560 1561//1561
f 1554//1554 1561//1561 1558//1558
f 1554//1554 1557//1557 1562//1562
f 1554//1554 1562//1562 1560//1560
f 1560//1560 1562//1562 1563//1563
f 1560//1560 1563//1563 1561//1561
f 1564//1564 1565//1565 1566//1566
f 1564//1564 1566//1566 1567//1567
f 1564//1564 1567//1567 1568//1568
f 1564//1564 1568//1568 1569//1569
f 1564//1564 1569//1569 1570//1570
f 1564//1564 1570//1570 1565//1565
f 1570//1570 1571//1571 1563//1563
f 1570//1570 1563//1563 1565//1565
f 1569//1569 1568//1568 1571//1571
f 1569//1569 1571//1571 1570//1570
f 1571//1571 1568//1568 1572//1572
f 1571//1571 1572//1572 1573//1573
f 1571//1571 1573//1573 1561//1561
f 1571//1571 1561//1561 1563//1563
f 1573//1573 1572//1572 1574//1574
f 1573//1573 1574//1574 1575//1575
f 1573//1573 1575//1575 1558//1558
f 1573//1573 1558//1558 1561//1561
f 1575//1575 1574//1574 1576//1576
f 1575//1575 1576//1576 1577//1577
f 1575//1575 1577//1577 1559//1559
f 1575//1575 1559//1559 1558//1558
f 1577//1577 1576//1576 1578//1578
f 1577//1577 1578//1578 1579//1579
f 1577//1577 1579//1579 1580//1580
f 1577//1577 1580//1580 1559//1559
f 1580//1580 1579//1579 1539//1539
f 1580//1580 1539//1539 1546//1546
f 1580//1580 1546//1546 1549//1549
f 1580//1580 1549//1549 1553//1553
f 1580//1580 1553//1553 1555//1555
f 1580//1580 1555//1555 1559//1559
f 1579//1579 1578//1578 1537//1537
f 1579//1579 1537//1537 1539//1539
f 1578//1578 1581//1581 1582//1582
f 1578//1578 1582//1582 1537//1537
f 1578//1578 1576//1576 1583//1583
f 1578//1578 1583//1583 1581//1581
f 1583//1583 1584//1584 1585//1585
f 1583//1583 1585//1585 1581//1581
f 1583//1583 1576//1576 1574//1574
f 1583//1583 1574//1574 1586//1586
f 1583//1583 1586//1586 1587//1587
f 1583//1583 1587//1587 1584//1584
f 1587//1587 1556//1556 1552//1552
f 1587//1587 1552//1552 1584//1584
f 1587//1587 1586//1586 1588//1588
f 1587//1587 1588//1588 1589//1589
f 1587//1587 1589//1589 1557//1557
f 1587//1587 1557//1557 1556//1556
f 1589//1589 1588//1588 1567//1567
f 1589//1589 1567//1567 1566//1566
f 1589//1589 1566//1566 1562//1562
f 1589//1589 1562//1562 1557//1557
f 1588//1588 1586//1586 1574//1574
f 1588//1588 1574//1574 1572//1572
f 1588//1588 1572//1572 1568//1568
f 1588//1588 1568//1568 1567//1567
f 1585//1585 1551//1551 1541//1541
f 1585//1585 1541//1541 1590//1590
f 1585//1585 1590//1590 1582//1582
f 1585//1585 1582//1582 1581//1581
f 1585//1585 1584//1584 1552//1552
f 1585//1585 1552//1552 1551//1551
f 1590//1590 1541//1541 1521//1521
f 1590//1590 1521//1521 1591//1591
f 1590//1590 1591//1591 1592//1592
f 1590//1590 1592//1592 1582//1582
f 1592//1592 1591//1591 1593//1593
f 1592//1592 1593//1593 1594//1594
f 1592//1592 1594//1594 1512//1512
f 1592//1592 1512//1512 1538//1538
f 1592//1592 1538//1538 1537//1537
f 1592//1592 1537//1537 1582//1582
f 1594//1594 1593//1593 1595//1595
f 1594//1594 1595//1595 1524//1524
f 1594//1594 1524//1524 1507//1507
f 1594//1594 1507//1507 1512//1512
f 1595//1595 1519//1519 1497//1497
f 1595//1595 1497//1497 1496//1496
f 1595//1595 1496//1496 1523//1523
f 1595//1595 1523//1523 1524//1524
f 1595//1595 1593//1593 1520//1520
f 1595//1595 1520//1520 1519//1519
f 1593//1593 1591//1591 1521//1521
f 1593//1593 1521//1521 1520//1520
f 1566//1566 1565//1565 1563//1563
f 1566//1566 1563//1563 1562//1562
f 1556//1556 1555//1555 1553//1553
f 1556//1556 1553//1553 1552//1552
f 1550//1550 1545//1545 1596//1596
f 1550//1550 1596//1596 1530//1530
f 1550//1550 1530//1530 1529//1529
f 1550//1550 1529//1529 1548//1548
f 1550//1550 1549//1549 1546//1546
f 1550//1550 1546//1546 1545//1545
f 1596//1596 1486//1486 1469//1469
f 1596//1596 1469//1469 1597//1597
f 1596//1596 1597//1597 1531//1531
f 1596//1596 1531//1531 1530//1530
f 1596//1596 1545//1545 1544//1544
f 1596//1596 1544//1544 1486//1486
f 1597//1597 1469//1469 1485//1485
f 1597//1597 1485//1485 1598//1598
f 1597//1597 1598//1598 1500//1500
f 1597//1597 1500//1500 1531//1531
f 1598//1598 1485//1485 1491//1491
f 1598//1598 1491//1491 1599//1599
f 1598//1598 1599//1599 1501//1501
f 1598//1598 1501//1501 1500//1500
f 1599//1599 1491//1491 1482//1482
f 1599//1599 1482//1482 1488//1488
f 1599//1599 1488//1488 1487//1487
f 1599//1599 1487//1487 1501//1501
f 1548//1548 1529//1529 1532//1532
f 1548//1548 1532//1532 1542//1542
f 1547//1547 1526//1526 1478//1478
f 1547//1547 1478//1478 1477//1477
f 1547//1547 1477//1477 1486//1486
f 1547//1547 1486//1486 1544//1544
f 1547//1547 1536//1536 1527//1527
f 1547//1547 1527//1527 1526//1526
f 1538//1538 1512//1512 1511//1511
f 1538//1538 1511//1511 1534//1534
f 1536//1536 1535//1535 1600//1600
f 1536//1536 1600//1600 1527//1527
f 1600//1600 1535//1535 1601//1601
f 1600//1600 1601//1601 1602//1602
f 1600//1600 1602//1602 1517//1517
f 1600//1600 1517//1517 1522//1522
f 1600//1600 1522//1522 1528//1528
f 1600//1600 1528//1528 1527//1527
f 1602//1602 1601//1601 1473//1473
f 1602//1602 1473//1473 1472//1472
f 1602//1602 1472//1472 1452//1452
f 1602//1602 1452//1452 1517//1517
f 1601//1601 1511//1511 1510//1510
f 1601//1601 1510//1510 1473//1473
f 1601//1601 1535//1535 1534//1534
f 1601//1601 1534//1534 1511//1511
f 1531//1531 1500//1500 1479//1479
f 1531//1531 1479//1479 1525//1525
f 1526//1526 1525//1525 1479//1479
f 1526//1526 1479//1479 1478//1478
f 1523//1523 1496//1496 1495//1495
f 1523//1523 1495//1495 1516//1516
f 1519//1519 1518//1518 1498//1498
f 1519//1519 1498//1498 1497//1497
f 1518//1518 1451//1451 1450//1450
f 1518//1518 1450//1450 1498//1498
f 1516//1516 1495//1495 1464//1464
f 1516//1516 1464//1464 1463//1463
f 1514//1514 1505//1505 1504//1504
f 1514//1514 1504//1504 1508//1508
f 1514//1514 1513//1513 1506//1506
f 1514//1514 1506//1506 1505//1505
f 1510//1510 1509//1509 1474//1474
f 1510//1510 1474//1474 1473//1473
f 1509//1509 1508//1508 1504//1504
f 1509//1509 1504//1504 1603//1603
f 1509//1509 1603//1603 1604//1604
f 1509//1509 1604//1604 1474//1474
f 1604//1604 1603//1603 1447//1447
f 1604//1604 1447//1447 1446//1446
f 1604//1604 1446//1446 1426//1426
f 1604//1604 1426//1426 1429//1429
f 1604//1604 1429//1429 1470//1470
f 1604//1604 1470//1470 1474//1474
f 1603//1603 1504//1504 1503//1503
f 1603//1603 1503//1503 1447//1447
f 1503//1503 1445//1445 1443//1443
f 1503//1503 1443//1443 1447//1447
f 1498//1498 1450//1450 1453//1453
f 1498//1498 1453//1453 1465//1465
f 1492//1492 1462//1462 1461//1461
f 1492//1492 1461//1461 1480//1480
f 1488//1488 1482//1482 1481//1481
f 1488//1488 1481//1481 1476//1476
f 1481//1481 1440//1440 1449//1449
f 1481//1481 1449//1449 1476//1476
f 1468//1468 1415//1415 1402//1402
f 1468//1468 1402//1402 1605//1605
f 1468//1468 1605//1605 1459//1459
f 1468//1468 1459//1459 1458//1458
f 1605//1605 1402//1402 1401//1401
f 1605//1605 1401//1401 1400//1400
f 1605//1605 1400//1400 1407//1407
f 1605//1605 1407//1407 1459//1459
f 1459//1459 1407//1407 1412//1412
f 1459//1459 1412//1412 1439//1439
f 1454//1454 1394//1394 1393//1393
f 1454//1454 1393//1393 1422//1422
f 1449//1449 1440//1440 1413//1413
f 1449//1449 1413//1413 1408//1408
f 1446//1446 1442//1442 1427//1427
f 1446//1446 1427//1427 1426//1426
f 1437//1437 1436//1436 1325//1325
f 1437//1437 1325//1325 1339//1339
f 1437//1437 1339//1339 1338//1338
f 1437//1437 1338//1338 1606//1606
f 1437//1437 1606//1606 1607//1607
f 1437//1437 1607//1607 1435//1435
f 1607//1607 1606//1606 1608//1608
f 1607//1607 1608//1608 1609//1609
f 1607//1607 1609//1609 1610//1610
f 1607//1607 1610//1610 1611//1611
f 1607//1607 1611//1611 1432//1432
f 1607//1607 1432//1432 1435//1435
f 1611//1611 1610//1610 1612//1612
f 1611//1611 1612//1612 1613//1613
f 1611//1611 1613//1613 1418//1418
f 1611//1611 1418//1418 1432//1432
f 1613//1613 1612//1612 1614//1614
f 1613//1613 1614//1614 1615//1615
f 1613//1613 1615//1615 1389//1389
f 1613//1613 1389//1389 1418//1418
f 1615//1615 1614//1614 1616//1616
f 1615//1615 1616//1616 1617//1617
f 1615//1615 1617//1617 1383//1383
f 1615//1615 1383//1383 1389//1389
f 1617//1617 1616//1616 1618//1618
f 1617//1617 1618//1618 1619//1619
f 1617//1617 1619//1619 1384//1384
f 1617//1617 1384//1384 1383//1383
f 1619//1619 1618//1618 1620//1620
f 1619//1619 1620//1620 1621//1621
f 1619//1619 1621//1621 1622//1622
f 1619//1619 1622//1622 1384//1384
f 1622//1622 1297//1297 1309//1309
f 1622//1622 1309//1309 1384//1384
f 1622//1622 1621//1621 1623//1623
f 1622//1622 1623//1623 1307//1307
f 1622//1622 1307//1307 1298//1298
f 1622//1622 1298//1298 1297//1297
f 1623//1623 1621//1621 1620//1620
f 1623//1623 1620//1620 1624//1624
f 1623//1623 1624//1624 1625//1625
f 1623//1623 1625//1625 1626//1626
f 1623//1623 1626//1626 1303//1303
f 1623//1623 1303//1303 1307//1307
f 1626//1626 1625//1625 1627//1627
f 1626//1626 1627//1627 1628//1628
f 1626//1626 1628//1628 1304//1304
f 1626//1626 1304//1304 1303//1303
f 1628//1628 1627//1627 1629//1629
f 1628//1628 1629//1629 1630//1630
f 1628//1628 1630//1630 1326//1326
f 1628//1628 1326//1326 1304//1304
f 1630//1630 1629//1629 1631//1631
f 1630//1630 1631//1631 1632//1632
f 1630//1630 1632//1632 1327//1327
f 1630//1630 1327//1327 1326//1326
f 1632//1632 1631//1631 1633//1633
f 1632//1632 1633//1633 1634//1634
f 1632//1632 1634//1634 1337//1337
f 1632//1632 1337//1337 1327//1327
f 1634//1634 1633//1633 1635//1635
f 1634//1634 1635//1635 1636//1636
f 1634//1634 1636//1636 1338//1338
f 1634//1634 1338//1338 1337//1337
f 1636//1636 1635//1635 1637//1637
f 1636//1636 1637//1637 1608//1608
f 1636//1636 1608//1608 1606//1606
f 1636//1636 1606//1606 1338//1338
f 1635//1635 1633//1633 1346//1346
f 1635//1635 1346//1346 1347//1347
f 1635//1635 1347//1347 1356//1356
f 1635//1635 1356//1356 1637//1637
f 1633//1633 1631//1631 1320//1320
f 1633//1633 1320//1320 1346//1346
f 1631//1631 1629//1629 1318//1318
f 1631//1631 1318//1318 1320//1320
f 1629//1629 1627//1627 1319//1319
f 1629//1629 1319//1319 1318//1318
f 1627//1627 1625//1625 1638//1638
f 1627//1627 1638//1638 1319//1319
f 1638//1638 1625//1625 1624//1624
f 1638//1638 1624//1624 1639//1639
f 1638//1638 1639//1639 1321//1321
f 1638//1638 1321//1321 1311//1311
f 1638//1638 1311//1311 1315//1315
f 1638//1638 1315//1315 1319//1319
f 1639//1639 1624//1624 1620//1620
f 1639//1639 1620//1620 1640//1640
f 1639//1639 1640//1640 1641//1641
f 1639//1639 1641//1641 1321//1321
f 1641//1641 1640//1640 1642//1642
f 1641//1641 1642//1642 1643//1643
f 1641//1641 1643//1643 1351//1351
f 1641//1641 1351//1351 1350//1350
f 1641//1641 1350//1350 1322//1322
f 1641//1641 1322//1322 1321//1321
f 1643//1643 1642//1642 1644//1644
f 1643//1643 1644//1644 1397//1397
f 1643//1643 1397//1397 1353//1353
f 1643//1643 1353//1353 1351//1351
f 1644//1644 1616//1616 1614//1614
f 1644//1644 1614//1614 1645//1645
f 1644//1644 1645//1645 1396//1396
f 1644//1644 1396//1396 1397//1397
f 1644//1644 1642//1642 1618//1618
f 1644//1644 1618//1618 1616//1616
f 1642//1642 1640//1640 1620//1620
f 1642//1642 1620//1620 1618//1618
f 1614//1614 1612//1612 1646//1646
f 1614//1614 1646//1646 1645//1645
f 1612//1612 1610//1610 1647//1647
f 1612//1612 1647//1647 1646//1646
f 1647//1647 1610//1610 1609//1609
f 1647//1647 1609//1609 1648//1648
f 1647//1647 1648//1648 1355//1355
f 1647//1647 1355//1355 1405//1405
f 1647//1647 1405//1405 1471//1471
f 1647//1647 1471//1471 1646//1646
f 1609//1609 1608//1608 1637//1637
f 1609//1609 1637//1637 1648//1648
f 1425//1425 1378//1378 1391//1391
f 1425//1425 1391//1391 1424//1424
f 1424//1424 1391//1391 1649//1649
f 1424//1424 1649//1649 1395//1395
f 1649//1649 1650//1650 1380//1380
f 1649//1649 1380//1380 1379//1379
f 1649//1649 1379//1379 1392//1392
f 1649//1649 1392//1392 1395//1395
f 1649//1649 1391//1391 1390//1390
f 1649//1649 1390//1390 1650//1650
f 1650//1650 1343//1343 1651//1651
f 1650//1650 1651//1651 1380//1380
f 1650//1650 1390//1390 1340//1340
f 1650//1650 1340//1340 1343//1343
f 1651//1651 1330//1330 1358//1358
f 1651//1651 1358//1358 1652//1652
f 1651//1651 1652//1652 1376//1376
f 1651//1651 1376//1376 1380//1380
f 1651//1651 1343//1343 1313//1313
f 1651//1651 1313//1313 1330//1330
f 1652//1652 1358//1358 1342//1342
f 1652//1652 1342//1342 1341//1341
f 1652//1652 1341//1341 1377//1377
f 1652//1652 1377//1377 1376//1376
f 1422//1422 1393//1393 1375//1375
f 1422//1422 1375//1375 1382//1382
f 1423//1423 1420//1420 1403//1403
f 1423//1423 1403//1403 1653//1653
f 1423//1423 1653//1653 1654//1654
f 1423//1423 1654//1654 1428//1428
f 1415//1415 1387//1387 1386//1386
f 1415//1415 1386//1386 1402//1402
f 1410//1410 1372//1372 1371//1371
f 1410//1410 1371//1371 1368//1368
f 1410//1410 1368//1368 1367//1367
f 1410//1410 1367//1367 1655//1655
f 1410//1410 1655//1655 1365//1365
f 1410//1410 1365//1365 1364//1364
f 1655//1655 1367//1367 1656//1656
f 1655//1655 1656//1656 1657//1657
f 1655//1655 1657//1657 1366//1366
f 1655//1655 1366//1366 1365//1365
f 1657//1657 1656//1656 1658//1658
f 1657//1657 1658//1658 1659//1659
f 1657//1657 1659//1659 1660//1660
f 1657//1657 1660//1660 1366//1366
f 1660//1660 1661//1661 1360//1360
f 1660//1660 1360//1360 1366//1366
f 1660//1660 1659//1659 1301//1301
f 1660//1660 1301//1301 1308//1308
f 1660//1660 1308//1308 1329//1329
f 1660//1660 1329//1329 1661//1661
f 1661//1661 1662//1662 1361//1361
f 1661//1661 1361//1361 1360//1360
f 1661//1661 1329//1329 1663//1663
f 1661//1661 1663//1663 1662//1662
f 1662//1662 1656//1656 1367//1367
f 1662//1662 1367//1367 1361//1361
f 1662//1662 1663//1663 1658//1658
f 1662//1662 1658//1658 1656//1656
f 1659//1659 1658//1658 1302//1302
f 1659//1659 1302//1302 1301//1301
f 1393//1393 1392//1392 1379//1379
f 1393//1393 1379//1379 1375//1375
f 1390//1390 1377//1377 1341//1341
f 1390//1390 1341//1341 1340//1340
f 1386//1386 1385//1385 1664//1664
f 1386//1386 1664//1664 1369//1369
f 1385//1385 1388//1388 1328//1328
f 1385//1385 1328//1328 1664//1664
f 1664//1664 1665//1665 1370//1370
f 1664//1664 1370//1370 1369//1369
f 1665//1665 1430//1430 1418//1418
f 1665//1665 1418//1418 1417//1417
f 1665//1665 1417//1417 1460//1460
f 1665//1665 1460//1460 1370//1370
f 1374//1374 1362//1362 1368//1368
f 1374//1374 1368//1368 1371//1371
f 1396//1396 1645//1645 1646//1646
f 1396//1396 1646//1646 1471//1471
f 1654//1654 1396//1396 1471//1471
f 1654//1654 1471//1471 1428//1428
f 1356//1356 1355//1355 1648//1648
f 1356//1356 1648//1648 1637//1637
f 1403//1403 1355//1355 1344//1344
f 1403//1403 1344//1344 1342//1342
f 1358//1358 1653//1653 1403//1403
f 1358//1358 1403//1403 1342//1342
f 1329//1329 1328//1328 1388//1388
f 1329//1329 1388//1388 1663//1663
f 1302//1302 1658//1658 1663//1663
f 1302//1302 1663//1663 1388//1388
f 1302//1302 1388//1388 1294//1294
f 1302//1302 1294//1294 1293//1293
f 1436//1436 1434//1434 1431//1431
f 1436//1436 1431//1431 1430//1430
f 1328//1328 1306//1306 1305//1305
f 1328//1328 1305//1305 1325//1325
f 1430//1430 1665//1665 1664//1664
f 1430//1430 1664//1664 1328//1328
f 1325//1325 1436//1436 1430//1430
f 1325//1325 1430//1430 1328//1328
f 1433//1433 1373//1373 1372//1372
f 1433//1433 1372//1372 1409//1409
f 1654//1654 1357//1357 1354//1354
f 1654//1654 1354//1354 1396//1396
f 1654//1654 1653//1653 1358//1358
f 1654//1654 1358//1358 1357//1357
f 1334//1334 1313//1313 1312//1312
f 1334//1334 1312//1312 1322//1322
f 1333//1333 1332//1332 1354//1354
f 1333//1333 1354//1354 1357//1357
f 1666//1666 1667//1667 1668//1668
f 1666//1666 1668//1668 1669//1669
f 1666//1666 1670//1670 1671//1671
f 1666//1666 1671//1671 1667//1667
f 1666//1666 1669//1669 1672//1672
f 1666//1666 1672//1672 1670//1670
f 1673//1673 1674//1674 1675//1675
f 1673//1673 1675//1675 1676//1676
f 1673//1673 1676//1676 1677//1677
f 1673//1673 1677//1677 1671//1671
f 1673//1673 1671//1671 1670//1670
f 1673//1673 1670//1670 1674//1674
f 1678//1678 1679//1679 1677//1677
f 1678//1678 1677//1677 1676//1676
f 1680//1680 1681//1681 1679//1679
f 1680//1680 1679//1679 1678//1678
f 1678//1678 1676//1676 1682//1682
f 1678//1678 1682//1682 1680//1680
f 1683//1683 1684//1684 1685//1685
f 1683//1683 1685//1685 1686//1686
f 1683//1683 1687//1687 1688//1688
f 1683//1683 1688//1688 1684//1684
f 1683//1683 1686//1686 1689//1689
f 1683//1683 1689//1689 1687//1687
f 1690//1690 1691//1691 1692//1692
f 1690//1690 1692//1692 1693//1693
f 1690//1690 1693//1693 1694//1694
f 1690//1690 1694//1694 1695//1695
f 1690//1690 1695//1695 1696//1696
f 1690//1690 1696//1696 1691//1691
f 1687//1687 1697//1697 1698//1698
f 1687//1687 1698//1698 1688//1688
f 1699//1699 1700//1700 1701//1701
f 1699//1699 1701//1701 1702//1702
f 1699//1699 1703//1703 1697//1697
f 1699//1699 1697//1697 1700//1700
f 1699//1699 1702//1702 1704//1704
f 1699//1699 1704//1704 1703//1703
f 1705//1705 1680//1680 1682//1682
f 1705//1705 1682//1682 1706//1706
f 1705//1705 1706//1706 1707//1707
f 1705//1705 1707//1707 1708//1708
f 1705//1705 1708//1708 1709//1709
f 1705//1705 1709//1709 1680//1680
f 1710//1710 1711//1711 1712//1712
f 1710//1710 1712//1712 1713//1713
f 1679//1679 1714//1714 1715//1715
f 1679//1679 1715//1715 1677//1677
f 1711//1711 1710//1710 1716//1716
f 1711//1711 1716//1716 1717//1717
f 1711//1711 1717//1717 1718//1718
f 1711//1711 1718//1718 1719//1719
f 1709//1709 1720//1720 1721//1721
f 1709//1709 1721//1721 1722//1722
f 1723//1723 1724//1724 1709//1709
f 1723//1723 1709//1709 1722//1722
f 1723//1723 1725//1725 1726//1726
f 1723//1723 1726//1726 1724//1724
f 1727//1727 1728//1728 1729//1729
f 1727//1727 1729//1729 1730//1730
f 1727//1727 1718//1718 1717//1717
f 1727//1727 1717//1717 1728//1728
f 1727//1727 1730//1730 1731//1731
f 1727//1727 1731//1731 1732//1732
f 1733//1733 1734//1734 1735//1735
f 1733//1733 1735//1735 1736//1736
f 1733//1733 1737//1737 1738//1738
f 1733//1733 1738//1738 1734//1734
f 1732//1732 1731//1731 1739//1739
f 1732//1732 1739//1739 1740//1740
f 1732//1732 1741//1741 1742//1742
f 1732//1732 1742//1742 1727//1727
f 1734//1734 1743//1743 1744//1744
f 1734//1734 1744//1744 1735//1735
f 1745//1745 1746//1746 1747//1747
f 1745//1745 1747//1747 1748//1748
f 1745//1745 1749//1749 1743//1743
f 1745//1745 1743//1743 1746//1746
f 1715//1715 1722//1722 1750//1750
f 1715//1715 1750//1750 1751//1751
f 1715//1715 1714//1714 1723//1723
f 1715//1715 1723//1723 1722//1722
f 1752//1752 1753//1753 1729//1729
f 1752//1752 1729//1729 1754//1754
f 1752//1752 1754//1754 1741//1741
f 1752//1752 1741//1741 1755//1755
f 1752//1752 1755//1755 1756//1756
f 1752//1752 1756//1756 1753//1753
f 1757//1757 1758//1758 1759//1759
f 1757//1757 1759//1759 1760//1760
f 1757//1757 1760//1760 1761//1761
f 1757//1757 1761//1761 1677//1677
f 1757//1757 1751//1751 1762//1762
f 1757//1757 1762//1762 1758//1758
f 1729//1729 1728//1728 1763//1763
f 1729//1729 1763//1763 1754//1754
f 1729//1729 1753//1753 1764//1764
f 1729//1729 1764//1764 1765//1765
f 1729//1729 1765//1765 1766//1766
f 1729//1729 1766//1766 1730//1730
f 1767//1767 1768//1768 1769//1769
f 1767//1767 1769//1769 1770//1770
f 1767//1767 1770//1770 1771//1771
f 1767//1767 1771//1771 1772//1772
f 1743//1743 1773//1773 1774//1774
f 1743//1743 1774//1774 1746//1746
f 1775//1775 1776//1776 1777//1777
f 1775//1775 1777//1777 1778//1778
f 1689//1689 1779//1779 1776//1776
f 1689//1689 1776//1776 1775//1775
f 1775//1775 1778//1778 1768//1768
f 1775//1775 1768//1768 1689//1689
f 1780//1780 1720//1720 1709//1709
f 1780//1780 1709//1709 1708//1708
f 1780//1780 1781//1781 1782//1782
f 1780//1780 1782//1782 1720//1720
f 1780//1780 1708//1708 1707//1707
f 1780//1780 1707//1707 1781//1781
f 1740//1740 1739//1739 1756//1756
f 1740//1740 1756//1756 1755//1755
f 1783//1783 1784//1784 1704//1704
f 1783//1783 1704//1704 1702//1702
f 1783//1783 1702//1702 1701//1701
f 1783//1783 1701//1701 1785//1785
f 1783//1783 1785//1785 1786//1786
f 1783//1783 1786//1786 1784//1784
f 1760//1760 1759//1759 1787//1787
f 1760//1760 1787//1787 1788//1788
f 1760//1760 1788//1788 1789//1789
f 1760//1760 1789//1789 1761//1761
f 1766//1766 1790//1790 1731//1731
f 1766//1766 1731//1731 1730//1730
f 1766//1766 1765//1765 1791//1791
f 1766//1766 1791//1791 1792//1792
f 1793//1793 1790//1790 1770//1770
f 1793//1793 1770//1770 1769//1769
f 1793//1793 1769//1769 1794//1794
f 1793//1793 1794//1794 1795//1795
f 1793//1793 1739//1739 1731//1731
f 1793//1793 1731//1731 1790//1790
f 1750//1750 1796//1796 1797//1797
f 1750//1750 1797//1797 1798//1798
f 1750//1750 1798//1798 1799//1799
f 1750//1750 1799//1799 1800//1800
f 1801//1801 1802//1802 1803//1803
f 1801//1801 1803//1803 1804//1804
f 1805//1805 1806//1806 1802//1802
f 1805//1805 1802//1802 1801//1801
f 1801//1801 1804//1804 1807//1807
f 1801//1801 1807//1807 1805//1805
f 1808//1808 1809//1809 1810//1810
f 1808//1808 1810//1810 1811//1811
f 1808//1808 1811//1811 1812//1812
f 1808//1808 1812//1812 1799//1799
f 1808//1808 1799//1799 1798//1798
f 1808//1808 1798//1798 1809//1809
f 1813//1813 1814//1814 1805//1805
f 1813//1813 1805//1805 1807//1807
f 1813//1813 1815//1815 1816//1816
f 1813//1813 1816//1816 1814//1814
f 1813//1813 1787//1787 1759//1759
f 1813//1813 1759//1759 1758//1758
f 1813//1813 1807//1807 1817//1817
f 1813//1813 1817//1817 1787//1787
f 1818//1818 1819//1819 1820//1820
f 1818//1818 1820//1820 1821//1821
f 1818//1818 1822//1822 1734//1734
f 1818//1818 1734//1734 1738//1738
f 1823//1823 1824//1824 1756//1756
f 1823//1823 1756//1756 1739//1739
f 1825//1825 1826//1826 1824//1824
f 1825//1825 1824//1824 1823//1823
f 1823//1823 1739//1739 1793//1793
f 1823//1823 1793//1793 1825//1825
f 1777//1777 1804//1804 1803//1803
f 1777//1777 1803//1803 1778//1778
f 1777//1777 1776//1776 1827//1827
f 1777//1777 1827//1827 1804//1804
f 1815//1815 1796//1796 1721//1721
f 1815//1815 1721//1721 1816//1816
f 1815//1815 1813//1813 1758//1758
f 1815//1815 1758//1758 1762//1762
f 1815//1815 1762//1762 1828//1828
f 1815//1815 1828//1828 1829//1829
f 1830//1830 1831//1831 1832//1832
f 1830//1830 1832//1832 1833//1833
f 1830//1830 1833//1833 1803//1803
f 1830//1830 1803//1803 1802//1802
f 1819//1819 1774//1774 1834//1834
f 1819//1819 1834//1834 1835//1835
f 1819//1819 1747//1747 1746//1746
f 1819//1819 1746//1746 1774//1774
f 1819//1819 1835//1835 1836//1836
f 1819//1819 1836//1836 1837//1837
f 1838//1838 1839//1839 1840//1840
f 1838//1838 1840//1840 1841//1841
f 1838//1838 1835//1835 1834//1834
f 1838//1838 1834//1834 1839//1839
f 1838//1838 1841//1841 1836//1836
f 1838//1838 1836//1836 1835//1835
f 1819//1819 1837//1837 1842//1842
f 1819//1819 1842//1842 1820//1820
f 1843//1843 1844//1844 1845//1845
f 1843//1843 1845//1845 1791//1791
f 1843//1843 1791//1791 1765//1765
f 1843//1843 1765//1765 1764//1764
f 1843//1843 1764//1764 1846//1846
f 1843//1843 1846//1846 1844//1844
f 1847//1847 1841//1841 1840//1840
f 1847//1847 1840//1840 1848//1848
f 1847//1847 1849//1849 1836//1836
f 1847//1847 1836//1836 1841//1841
f 1847//1847 1848//1848 1850//1850
f 1847//1847 1850//1850 1849//1849
f 1795//1795 1794//1794 1833//1833
f 1795//1795 1833//1833 1832//1832
f 1795//1795 1832//1832 1851//1851
f 1795//1795 1851//1851 1852//1852
f 1795//1795 1852//1852 1853//1853
f 1795//1795 1853//1853 1854//1854
f 1795//1795 1854//1854 1825//1825
f 1795//1795 1825//1825 1793//1793
f 1855//1855 1810//1810 1809//1809
f 1855//1855 1809//1809 1856//1856
f 1855//1855 1856//1856 1850//1850
f 1855//1855 1850//1850 1848//1848
f 1857//1857 1858//1858 1845//1845
f 1857//1857 1845//1845 1844//1844
f 1857//1857 1859//1859 1860//1860
f 1857//1857 1860//1860 1858//1858
f 1857//1857 1844//1844 1846//1846
f 1857//1857 1846//1846 1859//1859
f 1861//1861 1862//1862 1863//1863
f 1861//1861 1863//1863 1864//1864
f 1861//1861 1865//1865 1866//1866
f 1861//1861 1866//1866 1862//1862
f 1860//1860 1867//1867 1868//1868
f 1860//1860 1868//1868 1858//1858
f 1860//1860 1859//1859 1869//1869
f 1860//1860 1869//1869 1867//1867
f 1842//1842 1837//1837 1870//1870
f 1842//1842 1870//1870 1871//1871
f 1842//1842 1871//1871 1872//1872
f 1842//1842 1872//1872 1820//1820
f 1873//1873 1874//1874 1826//1826
f 1873//1873 1826//1826 1866//1866
f 1873//1873 1875//1875 1876//1876
f 1873//1873 1876//1876 1874//1874
f 1873//1873 1866//1866 1865//1865
f 1873//1873 1865//1865 1875//1875
f 1872//1872 1871//1871 1877//1877
f 1872//1872 1877//1877 1878//1878
f 1872//1872 1878//1878 1821//1821
f 1872//1872 1821//1821 1820//1820
f 1852//1852 1851//1851 1879//1879
f 1852//1852 1879//1879 1880//1880
f 1864//1864 1863//1863 1881//1881
f 1864//1864 1881//1881 1882//1882
f 1864//1864 1882//1882 1865//1865
f 1864//1864 1865//1865 1861//1861
f 1883//1883 1884//1884 1885//1885
f 1883//1883 1885//1885 1886//1886
f 1883//1883 1887//1887 1888//1888
f 1883//1883 1888//1888 1884//1884
f 1883//1883 1886//1886 1889//1889
f 1883//1883 1889//1889 1890//1890
f 1870//1870 1891//1891 1892//1892
f 1870//1870 1892//1892 1893//1893
f 1870//1870 1837//1837 1836//1836
f 1870//1870 1836//1836 1849//1849
f 1870//1870 1893//1893 1877//1877
f 1870//1870 1877//1877 1871//1871
f 1882//1882 1881//1881 1875//1875
f 1882//1882 1875//1875 1865//1865
f 1894//1894 1895//1895 1896//1896
f 1894//1894 1896//1896 1876//1876
f 1875//1875 1881//1881 1853//1853
f 1875//1875 1853//1853 1897//1897
f 1898//1898 1899//1899 1900//1900
f 1898//1898 1900//1900 1901//1901
f 1898//1898 1902//1902 1903//1903
f 1898//1898 1903//1903 1904//1904
f 1898//1898 1904//1904 1905//1905
f 1898//1898 1905//1905 1906//1906
f 1898//1898 1906//1906 1907//1907
f 1898//1898 1907//1907 1899//1899
f 1908//1908 1909//1909 1910//1910
f 1908//1908 1910//1910 1911//1911
f 1908//1908 1912//1912 1913//1913
f 1908//1908 1913//1913 1909//1909
f 1908//1908 1914//1914 1915//1915
f 1908//1908 1915//1915 1912//1912
f 1916//1916 1906//1906 1905//1905
f 1916//1916 1905//1905 1917//1917
f 1918//1918 1907//1907 1906//1906
f 1918//1918 1906//1906 1916//1916
f 1916//1916 1917//1917 1919//1919
f 1916//1916 1919//1919 1918//1918
f 1911//1911 1920//1920 1921//1921
f 1911//1911 1921//1921 1922//1922
f 1911//1911 1922//1922 1923//1923
f 1911//1911 1923//1923 1924//1924
f 1911//1911 1910//1910 1925//1925
f 1911//1911 1925//1925 1920//1920
f 1926//1926 1927//1927 1928//1928
f 1926//1926 1928//1928 1929//1929
f 1926//1926 1930//1930 1931//1931
f 1926//1926 1931//1931 1927//1927
f 1926//1926 1929//1929 1932//1932
f 1926//1926 1932//1932 1930//1930
f 1933//1933 1929//1929 1928//1928
f 1933//1933 1928//1928 1934//1934
f 1933//1933 1934//1934 1935//1935
f 1933//1933 1935//1935 1936//1936
f 1933//1933 1936//1936 1932//1932
f 1933//1933 1932//1932 1929//1929
f 1937//1937 1938//1938 1939//1939
f 1937//1937 1939//1939 1940//1940
f 1941//1941 1939//1939 1942//1942
f 1941//1941 1942//1942 1943//1943
f 1944//1944 1945//1945 1946//1946
f 1944//1944 1946//1946 1947//1947
f 1946//1946 1945//1945 1948//1948
f 1946//1946 1948//1948 1949//1949
f 1946//1946 1949//1949 1930//1930
f 1946//1946 1930//1930 1932//1932
f 1946//1946 1932//1932 1936//1936
f 1946//1946 1936//1936 1947//1947
f 1949//1949 1948//1948 1950//1950
f 1949//1949 1950//1950 1951//1951
f 1949//1949 1951//1951 1931//1931
f 1949//1949 1931//1931 1930//1930
f 1951//1951 1950//1950 1904//1904
f 1951//1951 1904//1904 1903//1903
f 1951//1951 1903//1903 1952//1952
f 1951//1951 1952//1952 1931//1931
f 1952//1952 1903//1903 1902//1902
f 1952//1952 1902//1902 1914//1914
f 1952//1952 1914//1914 1908//1908
f 1952//1952 1908//1908 1953//1953
f 1952//1952 1953//1953 1927//1927
f 1952//1952 1927//1927 1931//1931
f 1953//1953 1908//1908 1911//1911
f 1953//1953 1911//1911 1924//1924
f 1953//1953 1924//1924 1928//1928
f 1953//1953 1928//1928 1927//1927
f 1950//1950 1948//1948 1942//1942
f 1950//1950 1942//1942 1954//1954
f 1950//1950 1954//1954 1905//1905
f 1950//1950 1905//1905 1904//1904
f 1954//1954 1942//1942 1939//1939
f 1954//1954 1939//1939 1938//1938
f 1954//1954 1938//1938 1917//1917
f 1954//1954 1917//1917 1905//1905
f 1948//1948 1945//1945 1943//1943
f 1948//1948 1943//1943 1942//1942
f 1938//1938 1937//1937 1955//1955
f 1938//1938 1955//1955 1917//1917
f 1956//1956 1935//1935 1934//1934
f 1956//1956 1934//1934 1923//1923
f 1956//1956 1923//1923 1922//1922
f 1956//1956 1922//1922 1957//1957
f 1955//1955 1958//1958 1919//1919
f 1955//1955 1919//1919 1917//1917
f 1957//1957 1922//1922 1921//1921
f 1957//1957 1921//1921 1959//1959
f 1958//1958 1960//1960 1961//1961
f 1958//1958 1961//1961 1919//1919
f 1961//1961 1960//1960 1962//1962
f 1961//1961 1962//1962 1880//1880
f 1961//1961 1880//1880 1879//1879
f 1961//1961 1879//1879 1963//1963
f 1961//1961 1963//1963 1918//1918
f 1961//1961 1918//1918 1919//1919
f 1963//1963 1879//1879 1964//1964
f 1963//1963 1964//1964 1965//1965
f 1963//1963 1965//1965 1966//1966
f 1963//1963 1966//1966 1918//1918
f 1966//1966 1967//1967 1907//1907
f 1966//1966 1907//1907 1918//1918
f 1966//1966 1965//1965 1968//1968
f 1966//1966 1968//1968 1969//1969
f 1966//1966 1969//1969 1970//1970
f 1966//1966 1970//1970 1967//1967
f 1970//1970 1971//1971 1972//1972
f 1970//1970 1972//1972 1967//1967
f 1970//1970 1969//1969 1925//1925
f 1970//1970 1925//1925 1910//1910
f 1970//1970 1910//1910 1909//1909
f 1970//1970 1909//1909 1971//1971
f 1972//1972 1973//1973 1900//1900
f 1972//1972 1900//1900 1899//1899
f 1972//1972 1899//1899 1907//1907
f 1972//1972 1907//1907 1967//1967
f 1972//1972 1971//1971 1974//1974
f 1972//1972 1974//1974 1973//1973
f 1974//1974 1975//1975 1976//1976
f 1974//1974 1976//1976 1973//1973
f 1974//1974 1971//1971 1909//1909
f 1974//1974 1909//1909 1913//1913
f 1974//1974 1913//1913 1977//1977
f 1974//1974 1977//1977 1975//1975
f 1977//1977 1978//1978 1979//1979
f 1977//1977 1979//1979 1975//1975
f 1977//1977 1913//1913 1912//1912
f 1977//1977 1912//1912 1980//1980
f 1977//1977 1980//1980 1981//1981
f 1977//1977 1981//1981 1978//1978
f 1981//1981 1982//1982 1983//1983
f 1981//1981 1983//1983 1978//1978
f 1981//1981 1980//1980 1984//1984
f 1981//1981 1984//1984 1985//1985
f 1981//1981 1985//1985 1986//1986
f 1981//1981 1986//1986 1982//1982
f 1986//1986 1893//1893 1892//1892
f 1986//1986 1892//1892 1982//1982
f 1986//1986 1985//1985 1890//1890
f 1986//1986 1890//1890 1889//1889
f 1986//1986 1889//1889 1877//1877
f 1986//1986 1877//1877 1893//1893
f 1985//1985 1984//1984 1987//1987
f 1985//1985 1987//1987 1890//1890
f 1987//1987 1984//1984 1915//1915
f 1987//1987 1915//1915 1988//1988
f 1987//1987 1988//1988 1901//1901
f 1987//1987 1901//1901 1989//1989
f 1987//1987 1989//1989 1883//1883
f 1987//1987 1883//1883 1890//1890
f 1989//1989 1901//1901 1900//1900
f 1989//1989 1900//1900 1990//1990
f 1989//1989 1990//1990 1887//1887
f 1989//1989 1887//1887 1883//1883
f 1990//1990 1900//1900 1973//1973
f 1990//1990 1973//1973 1976//1976
f 1990//1990 1976//1976 1991//1991
f 1990//1990 1991//1991 1887//1887
f 1991//1991 1992//1992 1888//1888
f 1991//1991 1888//1888 1887//1887
f 1991//1991 1976//1976 1975//1975
f 1991//1991 1975//1975 1979//1979
f 1991//1991 1979//1979 1993//1993
f 1991//1991 1993//1993 1992//1992
f 1988//1988 1915//1915 1914//1914
f 1988//1988 1914//1914 1902//1902
f 1988//1988 1902//1902 1898//1898
f 1988//1988 1898//1898 1901//1901
f 1984//1984 1980//1980 1912//1912
f 1984//1984 1912//1912 1915//1915
f 1983//1983 1994//1994 1797//1797
f 1983//1983 1797//1797 1993//1993
f 1983//1983 1993//1993 1979//1979
f 1983//1983 1979//1979 1978//1978
f 1983//1983 1982//1982 1892//1892
f 1983//1983 1892//1892 1994//1994
f 1994//1994 1995//1995 1798//1798
f 1994//1994 1798//1798 1797//1797
f 1994//1994 1892//1892 1891//1891
f 1994//1994 1891//1891 1995//1995
f 1995//1995 1856//1856 1809//1809
f 1995//1995 1809//1809 1798//1798
f 1995//1995 1891//1891 1850//1850
f 1995//1995 1850//1850 1856//1856
f 1969//1969 1968//1968 1996//1996
f 1969//1969 1996//1996 1925//1925
f 1996//1996 1968//1968 1997//1997
f 1996//1996 1997//1997 1998//1998
f 1996//1996 1998//1998 1999//1999
f 1996//1996 1999//1999 2000//2000
f 1996//1996 2000//2000 1920//1920
f 1996//1996 1920//1920 1925//1925
f 2000//2000 1999//1999 2001//2001
f 2000//2000 2001//2001 2002//2002
f 2000//2000 2002//2002 1921//1921
f 2000//2000 1921//1921 1920//1920
f 2002//2002 2001//2001 2003//2003
f 2002//2002 2003//2003 2004//2004
f 2002//2002 2004//2004 1959//1959
f 2002//2002 1959//1959 1921//1921
f 2003//2003 2001//2001 1895//1895
f 2003//2003 1895//1895 1894//1894
f 2005//2005 1897//1897 1853//1853
f 2005//2005 1853//1853 1852//1852
f 2005//2005 1852//1852 1880//1880
f 2005//2005 1880//1880 1962//1962
f 2001//2001 1999//1999 2006//2006
f 2001//2001 2006//2006 1895//1895
f 2006//2006 1999//1999 1998//1998
f 2006//2006 1998//1998 2007//2007
f 2006//2006 2007//2007 2008//2008
f 2006//2006 2008//2008 2009//2009
f 2006//2006 2009//2009 1896//1896
f 2006//2006 1896//1896 1895//1895
f 2009//2009 2008//2008 2010//2010
f 2009//2009 2010//2010 1868//1868
f 2009//2009 1868//1868 1867//1867
f 2009//2009 1867//1867 1896//1896
f 2010//2010 2008//2008 2011//2011
f 2010//2010 2011//2011 1792//1792
f 2010//2010 1792//1792 1791//1791
f 2010//2010 1791//1791 1845//1845
f 2010//2010 1845//1845 1858//1858
f 2010//2010 1858//1858 1868//1868
f 2008//2008 2007//2007 2012//2012
f 2008//2008 2012//2012 2011//2011
f 2007//2007 1998//1998 1997//1997
f 2007//2007 1997//1997 2012//2012
f 1997//1997 1968//1968 1965//1965
f 1997//1997 1965//1965 1964//1964
f 1997//1997 1964//1964 2013//2013
f 1997//1997 2013//2013 2012//2012
f 1964//1964 1879//1879 1851//1851
f 1964//1964 1851//1851 2013//2013
f 1934//1934 1928//1928 1924//1924
f 1934//1934 1924//1924 1923//1923
f 1896//1896 1867//1867 1869//1869
f 1896//1896 1869//1869 1876//1876
f 1891//1891 1870//1870 1849//1849
f 1891//1891 1849//1849 1850//1850
f 1889//1889 1886//1886 1878//1878
f 1889//1889 1878//1878 1877//1877
f 1888//1888 1828//1828 2014//2014
f 1888//1888 2014//2014 1884//1884
f 1888//1888 1992//1992 1829//1829
f 1888//1888 1829//1829 1828//1828
f 1886//1886 1885//1885 1821//1821
f 1886//1886 1821//1821 1878//1878
f 1885//1885 2015//2015 1818//1818
f 1885//1885 1818//1818 1821//1821
f 1885//1885 1884//1884 2014//2014
f 1885//1885 2014//2014 2015//2015
f 1881//1881 1863//1863 1854//1854
f 1881//1881 1854//1854 1853//1853
f 1876//1876 1869//1869 2016//2016
f 1876//1876 2016//2016 1874//1874
f 1869//1869 1859//1859 1846//1846
f 1869//1869 1846//1846 2016//2016
f 1866//1866 1826//1826 1825//1825
f 1866//1866 1825//1825 1862//1862
f 1863//1863 1862//1862 1825//1825
f 1863//1863 1825//1825 1854//1854
f 1855//1855 1848//1848 1840//1840
f 1855//1855 1840//1840 1810//1810
f 1851//1851 1832//1832 1831//1831
f 1851//1851 1831//1831 2013//2013
f 1840//1840 1839//1839 1811//1811
f 1840//1840 1811//1811 1810//1810
f 1839//1839 1834//1834 1812//1812
f 1839//1839 1812//1812 1811//1811
f 1834//1834 1774//1774 1773//1773
f 1834//1834 1773//1773 1812//1812
f 1833//1833 1794//1794 1778//1778
f 1833//1833 1778//1778 1803//1803
f 1831//1831 1830//1830 1771//1771
f 1831//1831 1771//1771 2011//2011
f 1831//1831 2011//2011 2012//2012
f 1831//1831 2012//2012 2013//2013
f 1830//1830 1802//1802 1806//1806
f 1830//1830 1806//1806 2017//2017
f 1830//1830 2017//2017 1772//1772
f 1830//1830 1772//1772 1771//1771
f 2017//2017 1806//1806 2018//2018
f 2017//2017 2018//2018 2019//2019
f 2017//2017 2019//2019 1786//1786
f 2017//2017 1786//1786 1772//1772
f 2019//2019 2018//2018 2020//2020
f 2019//2019 2020//2020 2021//2021
f 2019//2019 2021//2021 1784//1784
f 2019//2019 1784//1784 1786//1786
f 2021//2021 2020//2020 2022//2022
f 2021//2021 2022//2022 2023//2023
f 2021//2021 2023//2023 1704//1704
f 2021//2021 1704//1704 1784//1784
f 2023//2023 2022//2022 2024//2024
f 2023//2023 2024//2024 2025//2025
f 2023//2023 2025//2025 1703//1703
f 2023//2023 1703//1703 1704//1704
f 2025//2025 2024//2024 2026//2026
f 2025//2025 2026//2026 1698//1698
f 2025//2025 1698//1698 1697//1697
f 2025//2025 1697//1697 1703//1703
f 2026//2026 2024//2024 2027//2027
f 2026//2026 2027//2027 2028//2028
f 2026//2026 2028//2028 2029//2029
f 2026//2026 2029//2029 2030//2030
f 2026//2026 2030//2030 1688//1688
f 2026//2026 1688//1688 1698//1698
f 2030//2030 2029//2029 2031//2031
f 2030//2030 2031//2031 2032//2032
f 2030//2030 2032//2032 1684//1684
f 2030//2030 1684//1684 1688//1688
f 2032//2032 2031//2031 1672//1672
f 2032//2032 1672//1672 2033//2033
f 2032//2032 2033//2033 1685//1685
f 2032//2032 1685//1685 1684//1684
f 2033//2033 1672//1672 1669//1669
f 2033//2033 1669//1669 1692//1692
f 2033//2033 1692//1692 1691//1691
f 2033//2033 1691//1691 1685//1685
f 2031//2031 2029//2029 1675//1675
f 2031//2031 1675//1675 1674//1674
f 2031//2031 1674//1674 1670//1670
f 2031//2031 1670//1670 1672//1672
f 2029//2029 2028//2028 2034//2034
f 2029//2029 2034//2034 1675//1675
f 2034//2034 2028//2028 2027//2027
f 2034//2034 2027//2027 2035//2035
f 2034//2034 2035//2035 1706//1706
f 2034//2034 1706//1706 1682//1682
f 2034//2034 1682//1682 1676//1676
f 2034//2034 1676//1676 1675//1675
f 2035//2035 2027//2027 2036//2036
f 2035//2035 2036//2036 2037//2037
f 2035//2035 2037//2037 1707//1707
f 2035//2035 1707//1707 1706//1706
f 2037//2037 2036//2036 2038//2038
f 2037//2037 2038//2038 2039//2039
f 2037//2037 2039//2039 1781//1781
f 2037//2037 1781//1781 1707//1707
f 2039//2039 2038//2038 2040//2040
f 2039//2039 2040//2040 2041//2041
f 2039//2039 2041//2041 1782//1782
f 2039//2039 1782//1782 1781//1781
f 2041//2041 2040//2040 1805//1805
f 2041//2041 1805//1805 1814//1814
f 2041//2041 1814//1814 1816//1816
f 2041//2041 1816//1816 1782//1782
f 2040//2040 2018//2018 1806//1806
f 2040//2040 1806//1806 1805//1805
f 2040//2040 2038//2038 2020//2020
f 2040//2040 2020//2020 2018//2018
f 2038//2038 2036//2036 2022//2022
f 2038//2038 2022//2022 2020//2020
f 2036//2036 2027//2027 2024//2024
f 2036//2036 2024//2024 2022//2022
f 1828//1828 1762//1762 1751//1751
f 1828//1828 1751//1751 2014//2014
f 1829//1829 1992//1992 1993//1993
f 1829//1829 1993//1993 1797//1797
f 1829//1829 1797//1797 1796//1796
f 1829//1829 1796//1796 1815//1815
f 1827//1827 1776//1776 1779//1779
f 1827//1827 1779//1779 2042//2042
f 1827//1827 2042//2042 2043//2043
f 1827//1827 2043//2043 1817//1817
f 1827//1827 1817//1817 1807//1807
f 1827//1827 1807//1807 1804//1804
f 2043//2043 2042//2042 1695//1695
f 2043//2043 1695//1695 1694//1694
f 2043//2043 1694//1694 1789//1789
f 2043//2043 1789//1789 1788//1788
f 2043//2043 1788//1788 1787//1787
f 2043//2043 1787//1787 1817//1817
f 2042//2042 1779//1779 1696//1696
f 2042//2042 1696//1696 1695//1695
f 1818//1818 2015//2015 2044//2044
f 1818//1818 2044//2044 1822//1822
f 1816//1816 1721//1721 1720//1720
f 1816//1816 1720//1720 1782//1782
f 1812//1812 1773//1773 1800//1800
f 1812//1812 1800//1800 1799//1799
f 1796//1796 1750//1750 1722//1722
f 1796//1796 1722//1722 1721//1721
f 1794//1794 1769//1769 1768//1768
f 1794//1794 1768//1768 1778//1778
f 1792//1792 2011//2011 1771//1771
f 1792//1792 1771//1771 1770//1770
f 1792//1792 1770//1770 1790//1790
f 1792//1792 1790//1790 1766//1766
f 1789//1789 1694//1694 1693//1693
f 1789//1789 1693//1693 1668//1668
f 1789//1789 1668//1668 1667//1667
f 1789//1789 1667//1667 1761//1761
f 2044//2044 2015//2015 2014//2014
f 2044//2044 2014//2014 1751//1751
f 2044//2044 1751//1751 1750//1750
f 2044//2044 1750//1750 1800//1800
f 1786//1786 1785//1785 1767//1767
f 1786//1786 1767//1767 1772//1772
f 1779//1779 1689//1689 1686//1686
f 1779//1779 1686//1686 1696//1696
f 1763//1763 1728//1728 1717//1717
f 1763//1763 1717//1717 1716//1716
f 1763//1763 1716//1716 2045//2045
f 1763//1763 2045//2045 1742//1742
f 1763//1763 1742//1742 1741//1741
f 1763//1763 1741//1741 1754//1754
f 2045//2045 1716//1716 1710//1710
f 2045//2045 1710//1710 2046//2046
f 2045//2045 2046//2046 1719//1719
f 2045//2045 1719//1719 1718//1718
f 2045//2045 1718//1718 1727//1727
f 2045//2045 1727//1727 1742//1742
f 1761//1761 1667//1667 1671//1671
f 1761//1761 1671//1671 1677//1677
f 1749//1749 2047//2047 1744//1744
f 1749//1749 1744//1744 1743//1743
f 1749//1749 2048//2048 2049//2049
f 1749//1749 2049//2049 2047//2047
f 2049//2049 2050//2050 1726//1726
f 2049//2049 1726//1726 2047//2047
f 2049//2049 2048//2048 1733//1733
f 2049//2049 1733//1733 1736//1736
f 2049//2049 1736//1736 2051//2051
f 2049//2049 2051//2051 2050//2050
f 2051//2051 1679//1679 1681//1681
f 2051//2051 1681//1681 2050//2050
f 2051//2051 1736//1736 1735//1735
f 2051//2051 1735//1735 2052//2052
f 2051//2051 2052//2052 1714//1714
f 2051//2051 1714//1714 1679//1679
f 2052//2052 1735//1735 1744//1744
f 2052//2052 1744//1744 1725//1725
f 2052//2052 1725//1725 1723//1723
f 2052//2052 1723//1723 1714//1714
f 2050//2050 1681//1681 1724//1724
f 2050//2050 1724//1724 1726//1726
f 2047//2047 1726//1726 1725//1725
f 2047//2047 1725//1725 1744//1744
f 1748//1748 1747//1747 1738//1738
f 1748//1748 1738//1738 1737//1737
f 1822//1822 2044//2044 1800//1800
f 1822//1822 1800//1800 1773//1773
f 1822//1822 1773//1773 1743//1743
f 1822//1822 1743//1743 1734//1734
f 1724//1724 1681//1681 1680//1680
f 1724//1724 1680//1680 1709//1709
f 1696//1696 1686//1686 1685//1685
f 1696//1696 1685//1685 1691//1691
f 1693//1693 1692//1692 1669//1669
f 1693//1693 1669//1669 1668//1668
f 1751//1751 1757//1757 1677//1677
f 1751//1751 1677//1677 1715//1715
f 1764//1764 1753//1753 1756//1756
f 1764//1764 1756//1756 1824//1824
f 1824//1824 1826//1826 1874//1874
f 1824//1824 1874//1874 2016//2016
f 1824//1824 2016//2016 1846//1846
f 1824//1824 1846//1846 1764//1764
f 1732//1732 1740//1740 1755//1755
f 1732//1732 1755//1755 1741//1741
f 1818//1818 1738//1738 1747//1747
f 1818//1818 1747//1747 1819//1819
f 1768//1768 2053//2053 2054//2054
f 1768//1768 2054//2054 1689//1689
f 1768//1768 1767//1767 2055//2055
f 1768//1768 2055//2055 2053//2053
f 1785//1785 1701//1701 1712//1712
f 1785//1785 1712//1712 2056//2056
f 1713//1713 1712//1712 1701//1701
f 1713//1713 1701//1701 1700//1700
f 1697//1697 2057//2057 1713//1713
f 1697//1697 1713//1713 1700//1700
f 1689//1689 2054//2054 2058//2058
f 1689//1689 2058//2058 1687//1687
f 1687//1687 2058//2058 2057//2057
f 1687//1687 2057//2057 1697//1697
f 1785//1785 2056//2056 2055//2055
f 1785//1785 2055//2055 1767//1767
f 1711//1711 1719//1719 2053//2053
f 1711//1711 2053//2053 2055//2055
f 2046//2046 1710//1710 2058//2058
f 2046//2046 2058//2058 2054//2054
f 2046//2046 2054//2054 2053//2053
f 2046//2046 2053//2053 1719//1719
f 1713//1713 2057//2057 2058//2058
f 1713//1713 2058//2058 1710//1710
f 1712//1712 1711//1711 2055//2055
f 1712//1712 2055//2055 2056//2056
f 1737//1737 1733//1733 2048//2048
f 1737//1737 2048//2048 1748//1748
f 1748//1748 2048//2048 1749//1749
f 1748//1748 1749//1749 1745//1745
f 1897//1897 1894//1894 1876//1876
f 1897//1897 1876//1876 1875//1875
f 2005//2005 2003//2003 1894//1894
f 2005//2005 1894//1894 1897//1897
f 2004//2004 2003//2003 2005//2005
f 2004//2004 2005//2005 1962//1962
f 1959//1959 2004//2004 1962//1962
f 1959//1959 1962//1962 1960//1960
f 1958//1958 1957//1957 1959//1959
f 1958//1958 1959//1959 1960//1960
f 1955//1955 1956//1956 1957//1957
f 1955//1955 1957//1957 1958//1958
f 1955//1955 1937//1937 1935//1935
f 1955//1955 1935//1935 1956//1956
f 1947//1947 1936//1936 1940//1940
f 1947//1947 1940//1940 2059//2059
f 1936//1936 1935//1935 1937//1937
f 1936//1936 1937//1937 1940//1940
f 1944//1944 1941//1941 1943//1943
f 1944//1944 1943//1943 1945//1945
f 1941//1941 2059//2059 1940//1940
f 1941//1941 1940//1940 1939//1939
f 1947//1947 2059//2059 1941//1941
f 1947//1947 1941//1941 1944//1944
f 2060//2060 2061//2061 2062//2062
f 2060//2060 2062//2062 2063//2063
f 2060//2060 2064//2064 2065//2065
f 2060//2060 2065//2065 2061//2061
f 2066//2066 2067//2067 2068//2068
f 2066//2066 2068//2068 2069//2069
f 2066//2066 2069//2069 2070//2070
f 2066//2066 2070//2070 2071//2071
f 2066//2066 2071//2071 2072//2072
f 2066//2066 2072//2072 2073//2073
f 2066//2066 2074//2074 2075//2075
f 2066//2066 2075//2075 2067//2067
f 2066//2066 2073//2073 2076//2076
f 2066//2066 2076//2076 2074//2074
f 2077//2077 2078//2078 2079//2079
f 2077//2077 2079//2079 2080//2080
f 2077//2077 2071//2071 2070//2070
f 2077//2077 2070//2070 2078//2078
f 2077//2077 2080//2080 2072//2072
f 2077//2077 2072//2072 2071//2071
f 2081//2081 2082//2082 2083//2083
f 2081//2081 2083//2083 2084//2084
f 2085//2085 2086//2086 2082//2082
f 2085//2085 2082//2082 2081//2081
f 2081//2081 2084//2084 2087//2087
f 2081//2081 2087//2087 2085//2085
f 2088//2088 2086//2086 2085//2085
f 2088//2088 2085//2085 2089//2089
f 2088//2088 2089//2089 2090//2090
f 2088//2088 2090//2090 2091//2091
f 2088//2088 2091//2091 2092//2092
f 2088//2088 2092//2092 2086//2086
f 2082//2082 2086//2086 2092//2092
f 2082//2082 2092//2092 2083//2083
f 2093//2093 2094//2094 2095//2095
f 2093//2093 2095//2095 2096//2096
f 2093//2093 2097//2097 2098//2098
f 2093//2093 2098//2098 2094//2094
f 2093//2093 2096//2096 2099//2099
f 2093//2093 2099//2099 2097//2097
f 2100//2100 2101//2101 2102//2102
f 2100//2100 2102//2102 2103//2103
f 2074//2074 2104//2104 2105//2105
f 2074//2074 2105//2105 2075//2075
f 2074//2074 2076//2076 2106//2106
f 2074//2074 2106//2106 2107//2107
f 2074//2074 2107//2107 2108//2108
f 2074//2074 2108//2108 2104//2104
f 2091//2091 2090//2090 2109//2109
f 2091//2091 2109//2109 2092//2092
f 2099//2099 2110//2110 2111//2111
f 2099//2099 2111//2111 2097//2097
f 2099//2099 2096//2096 2112//2112
f 2099//2099 2112//2112 2110//2110
f 2113//2113 2100//2100 2103//2103
f 2113//2113 2103//2103 2114//2114
f 2106//2106 2115//2115 2104//2104
f 2106//2106 2104//2104 2108//2108
f 2106//2106 2076//2076 2116//2116
f 2106//2106 2116//2116 2115//2115
f 2115//2115 2117//2117 2105//2105
f 2115//2115 2105//2105 2104//2104
f 2115//2115 2118//2118 2119//2119
f 2115//2115 2119//2119 2117//2117
f 2115//2115 2116//2116 2120//2120
f 2115//2115 2120//2120 2118//2118
f 2121//2121 2084//2084 2083//2083
f 2121//2121 2083//2083 2122//2122
f 2121//2121 2114//2114 2103//2103
f 2121//2121 2103//2103 2084//2084
f 2121//2121 2123//2123 2124//2124
f 2121//2121 2124//2124 2114//2114
f 2114//2114 2124//2124 2125//2125
f 2114//2114 2125//2125 2126//2126
f 2114//2114 2126//2126 2127//2127
f 2114//2114 2127//2127 2113//2113
f 2128//2128 2129//2129 2130//2130
f 2128//2128 2130//2130 2131//2131
f 2128//2128 2132//2132 2133//2133
f 2128//2128 2133//2133 2129//2129
f 2128//2128 2131//2131 2134//2134
f 2128//2128 2134//2134 2132//2132
f 2135//2135 2136//2136 2137//2137
f 2135//2135 2137//2137 2138//2138
f 2109//2109 2139//2139 2136//2136
f 2109//2109 2136//2136 2135//2135
f 2135//2135 2138//2138 2122//2122
f 2135//2135 2122//2122 2109//2109
f 2140//2140 2131//2131 2130//2130
f 2140//2140 2130//2130 2141//2141
f 2140//2140 2142//2142 2134//2134
f 2140//2140 2134//2134 2131//2131
f 2126//2126 2143//2143 2144//2144
f 2126//2126 2144//2144 2145//2145
f 2126//2126 2145//2145 2146//2146
f 2126//2126 2146//2146 2127//2127
f 2117//2117 2147//2147 2148//2148
f 2117//2117 2148//2148 2095//2095
f 2117//2117 2119//2119 2149//2149
f 2117//2117 2149//2149 2147//2147
f 2116//2116 2150//2150 2151//2151
f 2116//2116 2151//2151 2152//2152
f 2116//2116 2076//2076 2073//2073
f 2116//2116 2073//2073 2150//2150
f 2116//2116 2152//2152 2153//2153
f 2116//2116 2153//2153 2120//2120
f 2154//2154 2155//2155 2156//2156
f 2154//2154 2156//2156 2157//2157
f 2154//2154 2158//2158 2159//2159
f 2154//2154 2159//2159 2155//2155
f 2154//2154 2157//2157 2160//2160
f 2154//2154 2160//2160 2158//2158
f 2148//2148 2112//2112 2096//2096
f 2148//2148 2096//2096 2095//2095
f 2148//2148 2147//2147 2161//2161
f 2148//2148 2161//2161 2162//2162
f 2148//2148 2162//2162 2163//2163
f 2148//2148 2163//2163 2164//2164
f 2141//2141 2165//2165 2166//2166
f 2141//2141 2166//2166 2167//2167
f 2168//2168 2169//2169 2170//2170
f 2168//2168 2170//2170 2171//2171
f 2168//2168 2171//2171 2172//2172
f 2168//2168 2172//2172 2173//2173
f 2168//2168 2173//2173 2156//2156
f 2168//2168 2156//2156 2155//2155
f 2168//2168 2174//2174 2175//2175
f 2168//2168 2175//2175 2169//2169
f 2168//2168 2155//2155 2159//2159
f 2168//2168 2159//2159 2174//2174
f 2176//2176 2157//2157 2156//2156
f 2176//2176 2156//2156 2177//2177
f 2176//2176 2178//2178 2179//2179
f 2176//2176 2179//2179 2180//2180
f 2176//2176 2177//2177 2181//2181
f 2176//2176 2181//2181 2178//2178
f 2182//2182 2183//2183 2145//2145
f 2182//2182 2145//2145 2144//2144
f 2182//2182 2184//2184 2185//2185
f 2182//2182 2185//2185 2183//2183
f 2182//2182 2144//2144 2186//2186
f 2182//2182 2186//2186 2184//2184
f 2187//2187 2188//2188 2189//2189
f 2187//2187 2189//2189 2190//2190
f 2187//2187 2190//2190 2191//2191
f 2187//2187 2191//2191 2192//2192
f 2187//2187 2192//2192 2193//2193
f 2187//2187 2193//2193 2188//2188
f 2194//2194 2195//2195 2196//2196
f 2194//2194 2196//2196 2197//2197
f 2194//2194 2198//2198 2133//2133
f 2194//2194 2133//2133 2195//2195
f 2194//2194 2197//2197 2199//2199
f 2194//2194 2199//2199 2198//2198
f 2200//2200 2201//2201 2196//2196
f 2200//2200 2196//2196 2202//2202
f 2200//2200 2123//2123 2203//2203
f 2200//2200 2203//2203 2201//2201
f 2200//2200 2202//2202 2124//2124
f 2200//2200 2124//2124 2123//2123
f 2172//2172 2171//2171 2204//2204
f 2172//2172 2204//2204 2205//2205
f 2172//2172 2205//2205 2206//2206
f 2172//2172 2206//2206 2173//2173
f 2179//2179 2207//2207 2208//2208
f 2179//2179 2208//2208 2209//2209
f 2179//2179 2178//2178 2210//2210
f 2179//2179 2210//2210 2207//2207
f 2124//2124 2211//2211 2212//2212
f 2124//2124 2212//2212 2125//2125
f 2202//2202 2213//2213 2211//2211
f 2202//2202 2211//2211 2124//2124
f 2206//2206 2214//2214 2181//2181
f 2206//2206 2181//2181 2177//2177
f 2206//2206 2177//2177 2156//2156
f 2206//2206 2156//2156 2173//2173
f 2144//2144 2143//2143 2215//2215
f 2144//2144 2215//2215 2216//2216
f 2123//2123 2121//2121 2217//2217
f 2123//2123 2217//2217 2218//2218
f 2123//2123 2218//2218 2219//2219
f 2123//2123 2219//2219 2203//2203
f 2149//2149 2119//2119 2205//2205
f 2149//2149 2205//2205 2204//2204
f 2149//2149 2220//2220 2161//2161
f 2149//2149 2161//2161 2147//2147
f 2151//2151 2221//2221 2222//2222
f 2151//2151 2222//2222 2163//2163
f 2151//2151 2150//2150 2193//2193
f 2151//2151 2193//2193 2192//2192
f 2151//2151 2192//2192 2191//2191
f 2151//2151 2191//2191 2221//2221
f 2223//2223 2201//2201 2203//2203
f 2223//2223 2203//2203 2224//2224
f 2223//2223 2197//2197 2196//2196
f 2223//2223 2196//2196 2201//2201
f 2223//2223 2224//2224 2199//2199
f 2223//2223 2199//2199 2197//2197
f 2133//2133 2132//2132 2213//2213
f 2133//2133 2213//2213 2195//2195
f 2133//2133 2225//2225 2226//2226
f 2133//2133 2226//2226 2129//2129
f 2133//2133 2198//2198 2199//2199
f 2133//2133 2199//2199 2225//2225
f 2227//2227 2207//2207 2210//2210
f 2227//2227 2210//2210 2228//2228
f 2227//2227 2160//2160 2208//2208
f 2227//2227 2208//2208 2207//2207
f 2226//2226 2225//2225 2229//2229
f 2226//2226 2229//2229 2230//2230
f 2226//2226 2230//2230 2130//2130
f 2226//2226 2130//2130 2129//2129
f 2231//2231 2143//2143 2126//2126
f 2231//2231 2126//2126 2125//2125
f 2231//2231 2232//2232 2233//2233
f 2231//2231 2233//2233 2234//2234
f 2231//2231 2125//2125 2212//2212
f 2231//2231 2212//2212 2235//2235
f 2231//2231 2235//2235 2236//2236
f 2231//2231 2236//2236 2232//2232
f 2231//2231 2234//2234 2215//2215
f 2231//2231 2215//2215 2143//2143
f 2120//2120 2237//2237 2238//2238
f 2120//2120 2238//2238 2214//2214
f 2120//2120 2153//2153 2239//2239
f 2120//2120 2239//2239 2237//2237
f 2120//2120 2214//2214 2206//2206
f 2120//2120 2206//2206 2118//2118
f 2199//2199 2224//2224 2240//2240
f 2199//2199 2240//2240 2241//2241
f 2199//2199 2241//2241 2242//2242
f 2199//2199 2242//2242 2225//2225
f 2235//2235 2243//2243 2229//2229
f 2235//2235 2229//2229 2244//2244
f 2235//2235 2244//2244 2245//2245
f 2235//2235 2245//2245 2236//2236
f 2235//2235 2212//2212 2142//2142
f 2235//2235 2142//2142 2243//2243
f 2181//2181 2214//2214 2238//2238
f 2181//2181 2238//2238 2246//2246
f 2181//2181 2246//2246 2247//2247
f 2181//2181 2247//2247 2248//2248
f 2175//2175 2174//2174 2249//2249
f 2175//2175 2249//2249 2250//2250
f 2175//2175 2251//2251 2170//2170
f 2175//2175 2170//2170 2169//2169
f 2175//2175 2250//2250 2252//2252
f 2175//2175 2252//2252 2251//2251
f 2225//2225 2242//2242 2244//2244
f 2225//2225 2244//2244 2229//2229
f 2217//2217 2253//2253 2254//2254
f 2217//2217 2254//2254 2218//2218
f 2234//2234 2233//2233 2253//2253
f 2234//2234 2253//2253 2217//2217
f 2248//2248 2255//2255 2228//2228
f 2248//2248 2228//2228 2210//2210
f 2248//2248 2247//2247 2256//2256
f 2248//2248 2256//2256 2257//2257
f 2248//2248 2257//2257 2249//2249
f 2248//2248 2249//2249 2255//2255
f 2258//2258 2259//2259 2252//2252
f 2258//2258 2252//2252 2257//2257
f 2260//2260 2261//2261 2259//2259
f 2260//2260 2259//2259 2258//2258
f 2258//2258 2257//2257 2256//2256
f 2258//2258 2256//2256 2260//2260
f 2262//2262 2263//2263 2241//2241
f 2262//2262 2241//2241 2240//2240
f 2262//2262 2264//2264 2265//2265
f 2262//2262 2265//2265 2263//2263
f 2262//2262 2240//2240 2219//2219
f 2262//2262 2219//2219 2266//2266
f 2262//2262 2267//2267 2268//2268
f 2262//2262 2268//2268 2264//2264
f 2269//2269 2270//2270 2271//2271
f 2269//2269 2271//2271 2272//2272
f 2269//2269 2272//2272 2273//2273
f 2269//2269 2273//2273 2274//2274
f 2269//2269 2274//2274 2275//2275
f 2269//2269 2275//2275 2270//2270
f 2276//2276 2277//2277 2278//2278
f 2276//2276 2278//2278 2279//2279
f 2276//2276 2279//2279 2280//2280
f 2276//2276 2280//2280 2281//2281
f 2276//2276 2281//2281 2282//2282
f 2276//2276 2282//2282 2277//2277
f 2283//2283 2284//2284 2285//2285
f 2283//2283 2285//2285 2286//2286
f 2283//2283 2287//2287 2288//2288
f 2283//2283 2288//2288 2284//2284
f 2283//2283 2289//2289 2290//2290
f 2283//2283 2290//2290 2287//2287
f 2283//2283 2291//2291 2292//2292
f 2283//2283 2292//2292 2289//2289
f 2283//2283 2286//2286 2293//2293
f 2283//2283 2293//2293 2291//2291
f 2294//2294 2295//2295 2296//2296
f 2294//2294 2296//2296 2297//2297
f 2294//2294 2297//2297 2298//2298
f 2294//2294 2298//2298 2299//2299
f 2294//2294 2299//2299 2300//2300
f 2294//2294 2300//2300 2301//2301
f 2302//2302 2265//2265 2264//2264
f 2302//2302 2264//2264 2303//2303
f 2302//2302 2303//2303 2273//2273
f 2302//2302 2273//2273 2272//2272
f 2302//2302 2272//2272 2271//2271
f 2302//2302 2271//2271 2265//2265
f 2304//2304 2305//2305 2306//2306
f 2304//2304 2306//2306 2307//2307
f 2308//2308 2309//2309 2305//2305
f 2308//2308 2305//2305 2304//2304
f 2304//2304 2307//2307 2310//2310
f 2304//2304 2310//2310 2308//2308
f 2311//2311 2312//2312 2313//2313
f 2311//2311 2313//2313 2314//2314
f 2311//2311 2281//2281 2280//2280
f 2311//2311 2280//2280 2312//2312
f 2311//2311 2314//2314 2282//2282
f 2311//2311 2282//2282 2281//2281
f 2307//2307 2306//2306 2315//2315
f 2307//2307 2315//2315 2316//2316
f 2307//2307 2316//2316 2317//2317
f 2307//2307 2317//2317 2318//2318
f 2307//2307 2319//2319 2320//2320
f 2307//2307 2320//2320 2310//2310
f 2307//2307 2318//2318 2321//2321
f 2307//2307 2321//2321 2319//2319
f 2284//2284 2288//2288 2322//2322
f 2284//2284 2322//2322 2323//2323
f 2284//2284 2323//2323 2324//2324
f 2284//2284 2324//2324 2325//2325
f 2284//2284 2325//2325 2326//2326
f 2284//2284 2326//2326 2285//2285
f 2324//2324 2323//2323 2301//2301
f 2324//2324 2301//2301 2300//2300
f 2324//2324 2327//2327 2328//2328
f 2324//2324 2328//2328 2325//2325
f 2329//2329 2330//2330 2331//2331
f 2329//2329 2331//2331 2332//2332
f 2329//2329 2332//2332 2333//2333
f 2329//2329 2333//2333 2334//2334
f 2329//2329 2334//2334 2335//2335
f 2329//2329 2335//2335 2330//2330
f 2336//2336 2337//2337 2338//2338
f 2336//2336 2338//2338 2339//2339
f 2336//2336 2340//2340 2341//2341
f 2336//2336 2341//2341 2337//2337
f 2336//2336 2339//2339 2342//2342
f 2336//2336 2342//2342 2343//2343
f 2344//2344 2345//2345 2343//2343
f 2344//2344 2343//2343 2342//2342
f 2344//2344 2342//2342 2346//2346
f 2344//2344 2346//2346 2347//2347
f 2344//2344 2347//2347 2348//2348
f 2344//2344 2348//2348 2345//2345
f 2339//2339 2338//2338 2346//2346
f 2339//2339 2346//2346 2342//2342
f 2341//2341 2340//2340 2349//2349
f 2341//2341 2349//2349 2350//2350
f 2341//2341 2350//2350 2333//2333
f 2341//2341 2333//2333 2337//2337
f 2350//2350 2349//2349 2334//2334
f 2350//2350 2334//2334 2333//2333
f 2333//2333 2332//2332 2351//2351
f 2333//2333 2351//2351 2352//2352
f 2333//2333 2352//2352 2338//2338
f 2333//2333 2338//2338 2337//2337
f 2346//2346 2338//2338 2352//2352
f 2346//2346 2352//2352 2347//2347
f 2352//2352 2351//2351 2348//2348
f 2352//2352 2348//2348 2347//2347
f 2351//2351 2332//2332 2331//2331
f 2351//2351 2331//2331 2353//2353
f 2351//2351 2353//2353 2354//2354
f 2351//2351 2354//2354 2348//2348
f 2354//2354 2353//2353 2355//2355
f 2354//2354 2355//2355 2356//2356
f 2354//2354 2356//2356 2357//2357
f 2354//2354 2357//2357 2358//2358
f 2354//2354 2358//2358 2345//2345
f 2354//2354 2345//2345 2348//2348
f 2358//2358 2357//2357 2359//2359
f 2358//2358 2359//2359 2360//2360
f 2358//2358 2360//2360 2343//2343
f 2358//2358 2343//2343 2345//2345
f 2360//2360 2359//2359 2361//2361
f 2360//2360 2361//2361 2362//2362
f 2360//2360 2362//2362 2336//2336
f 2360//2360 2336//2336 2343//2343
f 2362//2362 2361//2361 2363//2363
f 2362//2362 2363//2363 2364//2364
f 2362//2362 2364//2364 2340//2340
f 2362//2362 2340//2340 2336//2336
f 2364//2364 2363//2363 2365//2365
f 2364//2364 2365//2365 2366//2366
f 2364//2364 2366//2366 2349//2349
f 2364//2364 2349//2349 2340//2340
f 2366//2366 2365//2365 2367//2367
f 2366//2366 2367//2367 2335//2335
f 2366//2366 2335//2335 2334//2334
f 2366//2366 2334//2334 2349//2349
f 2367//2367 2365//2365 2368//2368
f 2367//2367 2368//2368 2369//2369
f 2367//2367 2369//2369 2370//2370
f 2367//2367 2370//2370 2371//2371
f 2367//2367 2371//2371 2330//2330
f 2367//2367 2330//2330 2335//2335
f 2371//2371 2370//2370 2372//2372
f 2371//2371 2372//2372 2373//2373
f 2371//2371 2373//2373 2331//2331
f 2371//2371 2331//2331 2330//2330
f 2373//2373 2372//2372 2374//2374
f 2373//2373 2374//2374 2355//2355
f 2373//2373 2355//2355 2353//2353
f 2373//2373 2353//2353 2331//2331
f 2374//2374 2372//2372 2375//2375
f 2374//2374 2375//2375 2376//2376
f 2374//2374 2376//2376 2377//2377
f 2374//2374 2377//2377 2378//2378
f 2374//2374 2378//2378 2356//2356
f 2374//2374 2356//2356 2355//2355
f 2378//2378 2377//2377 2379//2379
f 2378//2378 2379//2379 2380//2380
f 2378//2378 2380//2380 2357//2357
f 2378//2378 2357//2357 2356//2356
f 2380//2380 2379//2379 2381//2381
f 2380//2380 2381//2381 2382//2382
f 2380//2380 2382//2382 2359//2359
f 2380//2380 2359//2359 2357//2357
f 2382//2382 2381//2381 2383//2383
f 2382//2382 2383//2383 2384//2384
f 2382//2382 2384//2384 2361//2361
f 2382//2382 2361//2361 2359//2359
f 2384//2384 2383//2383 2385//2385
f 2384//2384 2385//2385 2386//2386
f 2384//2384 2386//2386 2363//2363
f 2384//2384 2363//2363 2361//2361
f 2386//2386 2385//2385 2387//2387
f 2386//2386 2387//2387 2368//2368
f 2386//2386 2368//2368 2365//2365
f 2386//2386 2365//2365 2363//2363
f 2387//2387 2385//2385 2328//2328
f 2387//2387 2328//2328 2327//2327
f 2387//2387 2327//2327 2388//2388
f 2387//2387 2388//2388 2389//2389
f 2387//2387 2389//2389 2369//2369
f 2387//2387 2369//2369 2368//2368
f 2389//2389 2388//2388 2390//2390
f 2389//2389 2390//2390 2391//2391
f 2389//2389 2391//2391 2370//2370
f 2389//2389 2370//2370 2369//2369
f 2391//2391 2390//2390 2392//2392
f 2391//2391 2392//2392 2375//2375
f 2391//2391 2375//2375 2372//2372
f 2391//2391 2372//2372 2370//2370
f 2392//2392 2390//2390 2393//2393
f 2392//2392 2393//2393 2320//2320
f 2392//2392 2320//2320 2319//2319
f 2392//2392 2319//2319 2394//2394
f 2392//2392 2394//2394 2376//2376
f 2392//2392 2376//2376 2375//2375
f 2394//2394 2319//2319 2321//2321
f 2394//2394 2321//2321 2395//2395
f 2394//2394 2395//2395 2377//2377
f 2394//2394 2377//2377 2376//2376
f 2395//2395 2321//2321 2396//2396
f 2395//2395 2396//2396 2397//2397
f 2395//2395 2397//2397 2379//2379
f 2395//2395 2379//2379 2377//2377
f 2397//2397 2396//2396 2398//2398
f 2397//2397 2398//2398 2399//2399
f 2397//2397 2399//2399 2381//2381
f 2397//2397 2381//2381 2379//2379
f 2399//2399 2398//2398 2326//2326
f 2399//2399 2326//2326 2400//2400
f 2399//2399 2400//2400 2383//2383
f 2399//2399 2383//2383 2381//2381
f 2400//2400 2326//2326 2325//2325
f 2400//2400 2325//2325 2328//2328
f 2400//2400 2328//2328 2385//2385
f 2400//2400 2385//2385 2383//2383
f 2398//2398 2396//2396 2401//2401
f 2398//2398 2401//2401 2402//2402
f 2398//2398 2402//2402 2285//2285
f 2398//2398 2285//2285 2326//2326
f 2402//2402 2401//2401 2403//2403
f 2402//2402 2403//2403 2404//2404
f 2402//2402 2404//2404 2286//2286
f 2402//2402 2286//2286 2285//2285
f 2404//2404 2403//2403 2405//2405
f 2404//2404 2405//2405 2406//2406
f 2404//2404 2406//2406 2293//2293
f 2404//2404 2293//2293 2286//2286
f 2406//2406 2405//2405 2313//2313
f 2406//2406 2313//2313 2312//2312
f 2406//2406 2312//2312 2280//2280
f 2406//2406 2280//2280 2293//2293
f 2405//2405 2403//2403 2317//2317
f 2405//2405 2317//2317 2407//2407
f 2405//2405 2407//2407 2260//2260
f 2405//2405 2260//2260 2313//2313
f 2407//2407 2317//2317 2316//2316
f 2407//2407 2316//2316 2408//2408
f 2407//2407 2408//2408 2261//2261
f 2407//2407 2261//2261 2260//2260
f 2408//2408 2316//2316 2315//2315
f 2408//2408 2315//2315 2409//2409
f 2408//2408 2409//2409 2410//2410
f 2408//2408 2410//2410 2261//2261
f 2410//2410 2409//2409 2411//2411
f 2410//2410 2411//2411 2412//2412
f 2410//2410 2412//2412 2413//2413
f 2410//2410 2413//2413 2414//2414
f 2410//2410 2414//2414 2259//2259
f 2410//2410 2259//2259 2261//2261
f 2414//2414 2413//2413 2170//2170
f 2414//2414 2170//2170 2251//2251
f 2414//2414 2251//2251 2252//2252
f 2414//2414 2252//2252 2259//2259
f 2411//2411 2415//2415 2288//2288
f 2411//2411 2288//2288 2287//2287
f 2411//2411 2287//2287 2290//2290
f 2411//2411 2290//2290 2412//2412
f 2411//2411 2409//2409 2315//2315
f 2411//2411 2315//2315 2415//2415
f 2415//2415 2416//2416 2322//2322
f 2415//2415 2322//2322 2288//2288
f 2415//2415 2315//2315 2306//2306
f 2415//2415 2306//2306 2416//2416
f 2416//2416 2417//2417 2418//2418
f 2416//2416 2418//2418 2322//2322
f 2416//2416 2306//2306 2305//2305
f 2416//2416 2305//2305 2417//2417
f 2418//2418 2419//2419 2294//2294
f 2418//2418 2294//2294 2301//2301
f 2418//2418 2301//2301 2323//2323
f 2418//2418 2323//2323 2322//2322
f 2418//2418 2417//2417 2420//2420
f 2418//2418 2420//2420 2419//2419
f 2420//2420 2421//2421 2422//2422
f 2420//2420 2422//2422 2419//2419
f 2420//2420 2417//2417 2305//2305
f 2420//2420 2305//2305 2309//2309
f 2420//2420 2309//2309 2423//2423
f 2420//2420 2423//2423 2421//2421
f 2423//2423 2266//2266 2254//2254
f 2423//2423 2254//2254 2421//2421
f 2423//2423 2309//2309 2308//2308
f 2423//2423 2308//2308 2267//2267
f 2423//2423 2267//2267 2262//2262
f 2423//2423 2262//2262 2266//2266
f 2422//2422 2253//2253 2233//2233
f 2422//2422 2233//2233 2295//2295
f 2422//2422 2295//2295 2294//2294
f 2422//2422 2294//2294 2419//2419
f 2422//2422 2421//2421 2254//2254
f 2422//2422 2254//2254 2253//2253
f 2403//2403 2401//2401 2318//2318
f 2403//2403 2318//2318 2317//2317
f 2401//2401 2396//2396 2321//2321
f 2401//2401 2321//2321 2318//2318
f 2393//2393 2390//2390 2388//2388
f 2393//2393 2388//2388 2424//2424
f 2393//2393 2424//2424 2425//2425
f 2393//2393 2425//2425 2426//2426
f 2393//2393 2426//2426 2310//2310
f 2393//2393 2310//2310 2320//2320
f 2426//2426 2425//2425 2427//2427
f 2426//2426 2427//2427 2428//2428
f 2426//2426 2428//2428 2308//2308
f 2426//2426 2308//2308 2310//2310
f 2428//2428 2427//2427 2429//2429
f 2428//2428 2429//2429 2268//2268
f 2428//2428 2268//2268 2267//2267
f 2428//2428 2267//2267 2308//2308
f 2429//2429 2427//2427 2299//2299
f 2429//2429 2299//2299 2298//2298
f 2429//2429 2298//2298 2273//2273
f 2429//2429 2273//2273 2303//2303
f 2429//2429 2303//2303 2264//2264
f 2429//2429 2264//2264 2268//2268
f 2427//2427 2425//2425 2300//2300
f 2427//2427 2300//2300 2299//2299
f 2425//2425 2424//2424 2324//2324
f 2425//2425 2324//2324 2300//2300
f 2424//2424 2388//2388 2327//2327
f 2424//2424 2327//2327 2324//2324
f 2314//2314 2313//2313 2260//2260
f 2314//2314 2260//2260 2256//2256
f 2314//2314 2256//2256 2247//2247
f 2314//2314 2247//2247 2282//2282
f 2298//2298 2297//2297 2274//2274
f 2298//2298 2274//2274 2273//2273
f 2297//2297 2296//2296 2275//2275
f 2297//2297 2275//2275 2274//2274
f 2296//2296 2232//2232 2236//2236
f 2296//2296 2236//2236 2275//2275
f 2296//2296 2295//2295 2233//2233
f 2296//2296 2233//2233 2232//2232
f 2293//2293 2280//2280 2279//2279
f 2293//2293 2279//2279 2291//2291
f 2292//2292 2291//2291 2279//2279
f 2292//2292 2279//2279 2278//2278
f 2292//2292 2278//2278 2238//2238
f 2292//2292 2238//2238 2237//2237
f 2292//2292 2237//2237 2239//2239
f 2292//2292 2239//2239 2289//2289
f 2289//2289 2239//2239 2220//2220
f 2289//2289 2220//2220 2290//2290
f 2282//2282 2247//2247 2246//2246
f 2282//2282 2246//2246 2277//2277
f 2278//2278 2277//2277 2246//2246
f 2278//2278 2246//2246 2238//2238
f 2275//2275 2236//2236 2245//2245
f 2275//2275 2245//2245 2270//2270
f 2271//2271 2270//2270 2245//2245
f 2271//2271 2245//2245 2430//2430
f 2271//2271 2430//2430 2263//2263
f 2271//2271 2263//2263 2265//2265
f 2430//2430 2245//2245 2244//2244
f 2430//2430 2244//2244 2242//2242
f 2430//2430 2242//2242 2241//2241
f 2430//2430 2241//2241 2263//2263
f 2266//2266 2219//2219 2218//2218
f 2266//2266 2218//2218 2254//2254
f 2257//2257 2252//2252 2250//2250
f 2257//2257 2250//2250 2249//2249
f 2255//2255 2249//2249 2174//2174
f 2255//2255 2174//2174 2159//2159
f 2255//2255 2159//2159 2158//2158
f 2255//2255 2158//2158 2228//2228
f 2248//2248 2210//2210 2178//2178
f 2248//2248 2178//2178 2181//2181
f 2240//2240 2224//2224 2203//2203
f 2240//2240 2203//2203 2219//2219
f 2239//2239 2153//2153 2161//2161
f 2239//2239 2161//2161 2220//2220
f 2234//2234 2217//2217 2138//2138
f 2234//2234 2138//2138 2215//2215
f 2230//2230 2229//2229 2243//2243
f 2230//2230 2243//2243 2165//2165
f 2230//2230 2165//2165 2141//2141
f 2230//2230 2141//2141 2130//2130
f 2228//2228 2158//2158 2160//2160
f 2228//2228 2160//2160 2227//2227
f 2222//2222 2221//2221 2431//2431
f 2222//2222 2431//2431 2432//2432
f 2222//2222 2432//2432 2433//2433
f 2222//2222 2433//2433 2434//2434
f 2222//2222 2434//2434 2164//2164
f 2222//2222 2164//2164 2163//2163
f 2434//2434 2433//2433 2435//2435
f 2434//2434 2435//2435 2436//2436
f 2434//2434 2436//2436 2437//2437
f 2434//2434 2437//2437 2164//2164
f 2437//2437 2112//2112 2148//2148
f 2437//2437 2148//2148 2164//2164
f 2437//2437 2436//2436 2438//2438
f 2437//2437 2438//2438 2439//2439
f 2437//2437 2439//2439 2110//2110
f 2437//2437 2110//2110 2112//2112
f 2439//2439 2438//2438 2440//2440
f 2439//2439 2440//2440 2441//2441
f 2439//2439 2441//2441 2111//2111
f 2439//2439 2111//2111 2110//2110
f 2441//2441 2440//2440 2442//2442
f 2441//2441 2442//2442 2443//2443
f 2441//2441 2443//2443 2444//2444
f 2441//2441 2444//2444 2111//2111
f 2444//2444 2098//2098 2097//2097
f 2444//2444 2097//2097 2111//2111
f 2444//2444 2443//2443 2068//2068
f 2444//2444 2068//2068 2067//2067
f 2444//2444 2067//2067 2075//2075
f 2444//2444 2075//2075 2098//2098
f 2443//2443 2442//2442 2445//2445
f 2443//2443 2445//2445 2068//2068
f 2445//2445 2442//2442 2446//2446
f 2445//2445 2446//2446 2447//2447
f 2445//2445 2447//2447 2448//2448
f 2445//2445 2448//2448 2449//2449
f 2445//2445 2449//2449 2069//2069
f 2445//2445 2069//2069 2068//2068
f 2449//2449 2448//2448 2450//2450
f 2449//2449 2450//2450 2451//2451
f 2449//2449 2451//2451 2070//2070
f 2449//2449 2070//2070 2069//2069
f 2451//2451 2450//2450 2452//2452
f 2451//2451 2452//2452 2453//2453
f 2451//2451 2453//2453 2078//2078
f 2451//2451 2078//2078 2070//2070
f 2453//2453 2452//2452 2454//2454
f 2453//2453 2454//2454 2455//2455
f 2453//2453 2455//2455 2079//2079
f 2453//2453 2079//2079 2078//2078
f 2455//2455 2454//2454 2185//2185
f 2455//2455 2185//2185 2456//2456
f 2455//2455 2456//2456 2189//2189
f 2455//2455 2189//2189 2079//2079
f 2456//2456 2185//2185 2184//2184
f 2456//2456 2184//2184 2457//2457
f 2456//2456 2457//2457 2190//2190
f 2456//2456 2190//2190 2189//2189
f 2457//2457 2184//2184 2186//2186
f 2457//2457 2186//2186 2458//2458
f 2457//2457 2458//2458 2191//2191
f 2457//2457 2191//2191 2190//2190
f 2458//2458 2186//2186 2459//2459
f 2458//2458 2459//2459 2431//2431
f 2458//2458 2431//2431 2221//2221
f 2458//2458 2221//2221 2191//2191
f 2459//2459 2186//2186 2144//2144
f 2459//2459 2144//2144 2216//2216
f 2459//2459 2216//2216 2137//2137
f 2459//2459 2137//2137 2460//2460
f 2459//2459 2460//2460 2432//2432
f 2459//2459 2432//2432 2431//2431
f 2460//2460 2137//2137 2136//2136
f 2460//2460 2136//2136 2461//2461
f 2460//2460 2461//2461 2433//2433
f 2460//2460 2433//2433 2432//2432
f 2461//2461 2136//2136 2139//2139
f 2461//2461 2139//2139 2462//2462
f 2461//2461 2462//2462 2435//2435
f 2461//2461 2435//2435 2433//2433
f 2462//2462 2139//2139 2463//2463
f 2462//2462 2463//2463 2464//2464
f 2462//2462 2464//2464 2465//2465
f 2462//2462 2465//2465 2435//2435
f 2465//2465 2438//2438 2436//2436
f 2465//2465 2436//2436 2435//2435
f 2465//2465 2464//2464 2466//2466
f 2465//2465 2466//2466 2467//2467
f 2465//2465 2467//2467 2440//2440
f 2465//2465 2440//2440 2438//2438
f 2467//2467 2466//2466 2468//2468
f 2467//2467 2468//2468 2446//2446
f 2467//2467 2446//2446 2442//2442
f 2467//2467 2442//2442 2440//2440
f 2468//2468 2466//2466 2469//2469
f 2468//2468 2469//2469 2470//2470
f 2468//2468 2470//2470 2471//2471
f 2468//2468 2471//2471 2472//2472
f 2468//2468 2472//2472 2447//2447
f 2468//2468 2447//2447 2446//2446
f 2472//2472 2471//2471 2063//2063
f 2472//2472 2063//2063 2062//2062
f 2472//2472 2062//2062 2448//2448
f 2472//2472 2448//2448 2447//2447
f 2471//2471 2470//2470 2085//2085
f 2471//2471 2085//2085 2087//2087
f 2471//2471 2087//2087 2102//2102
f 2471//2471 2102//2102 2063//2063
f 2470//2470 2469//2469 2089//2089
f 2470//2470 2089//2089 2085//2085
f 2469//2469 2466//2466 2464//2464
f 2469//2469 2464//2464 2463//2463
f 2469//2469 2463//2463 2090//2090
f 2469//2469 2090//2090 2089//2089
f 2463//2463 2139//2139 2109//2109
f 2463//2463 2109//2109 2090//2090
f 2454//2454 2452//2452 2065//2065
f 2454//2454 2065//2065 2473//2473
f 2454//2454 2473//2473 2183//2183
f 2454//2454 2183//2183 2185//2185
f 2473//2473 2065//2065 2064//2064
f 2473//2473 2064//2064 2146//2146
f 2473//2473 2146//2146 2145//2145
f 2473//2473 2145//2145 2183//2183
f 2452//2452 2450//2450 2061//2061
f 2452//2452 2061//2061 2065//2065
f 2450//2450 2448//2448 2062//2062
f 2450//2450 2062//2062 2061//2061
f 2149//2149 2204//2204 2413//2413
f 2149//2149 2413//2413 2412//2412
f 2149//2149 2412//2412 2290//2290
f 2149//2149 2290//2290 2220//2220
f 2413//2413 2204//2204 2171//2171
f 2413//2413 2171//2171 2170//2170
f 2217//2217 2121//2121 2122//2122
f 2217//2217 2122//2122 2138//2138
f 2216//2216 2215//2215 2138//2138
f 2216//2216 2138//2138 2137//2137
f 2213//2213 2202//2202 2196//2196
f 2213//2213 2196//2196 2195//2195
f 2213//2213 2132//2132 2134//2134
f 2213//2213 2134//2134 2211//2211
f 2212//2212 2211//2211 2134//2134
f 2212//2212 2134//2134 2142//2142
f 2209//2209 2208//2208 2176//2176
f 2209//2209 2176//2176 2180//2180
f 2209//2209 2180//2180 2474//2474
f 2209//2209 2474//2474 2475//2475
f 2209//2209 2475//2475 2476//2476
f 2209//2209 2476//2476 2179//2179
f 2476//2476 2475//2475 2107//2107
f 2476//2476 2107//2107 2106//2106
f 2476//2476 2106//2106 2108//2108
f 2476//2476 2108//2108 2474//2474
f 2476//2476 2474//2474 2180//2180
f 2476//2476 2180//2180 2179//2179
f 2475//2475 2474//2474 2108//2108
f 2475//2475 2108//2108 2107//2107
f 2208//2208 2160//2160 2157//2157
f 2208//2208 2157//2157 2176//2176
f 2206//2206 2205//2205 2119//2119
f 2206//2206 2119//2119 2118//2118
f 2193//2193 2150//2150 2073//2073
f 2193//2193 2073//2073 2072//2072
f 2193//2193 2072//2072 2080//2080
f 2193//2193 2080//2080 2188//2188
f 2189//2189 2188//2188 2080//2080
f 2189//2189 2080//2080 2079//2079
f 2163//2163 2162//2162 2152//2152
f 2163//2163 2152//2152 2151//2151
f 2162//2162 2161//2161 2153//2153
f 2162//2162 2153//2153 2152//2152
f 2146//2146 2064//2064 2477//2477
f 2146//2146 2477//2477 2127//2127
f 2122//2122 2083//2083 2092//2092
f 2122//2122 2092//2092 2109//2109
f 2117//2117 2095//2095 2094//2094
f 2117//2117 2094//2094 2105//2105
f 2105//2105 2094//2094 2098//2098
f 2105//2105 2098//2098 2075//2075
f 2103//2103 2102//2102 2087//2087
f 2103//2103 2087//2087 2084//2084
f 2477//2477 2064//2064 2060//2060
f 2477//2477 2060//2060 2063//2063
f 2477//2477 2478//2478 2479//2479
f 2477//2477 2479//2479 2480//2480
f 2481//2481 2482//2482 2483//2483
f 2481//2481 2483//2483 2484//2484
f 2482//2482 2100//2100 2485//2485
f 2482//2482 2485//2485 2483//2483
f 2100//2100 2113//2113 2486//2486
f 2100//2100 2486//2486 2485//2485
f 2167//2167 2487//2487 2140//2140
f 2167//2167 2140//2140 2141//2141
f 2487//2487 2488//2488 2142//2142
f 2487//2487 2142//2142 2140//2140
f 2489//2489 2490//2490 2491//2491
f 2489//2489 2491//2491 2492//2492
f 2493//2493 2489//2489 2492//2492
f 2493//2493 2492//2492 2494//2494
f 2490//2490 2495//2495 2496//2496
f 2490//2490 2496//2496 2491//2491
f 2166//2166 2165//2165 2243//2243
f 2166//2166 2243//2243 2142//2142
f 2488//2488 2494//2494 2166//2166
f 2488//2488 2166//2166 2142//2142
f 2496//2496 2493//2493 2494//2494
f 2496//2496 2494//2494 2488//2488
f 2486//2486 2481//2481 2484//2484
f 2486//2486 2484//2484 2495//2495
f 2494//2494 2492//2492 2167//2167
f 2494//2494 2167//2167 2166//2166
f 2492//2492 2491//2491 2487//2487
f 2492//2492 2487//2487 2167//2167
f 2491//2491 2496//2496 2488//2488
f 2491//2491 2488//2488 2487//2487
f 2495//2495 2484//2484 2493//2493
f 2495//2495 2493//2493 2496//2496
f 2484//2484 2483//2483 2489//2489
f 2484//2484 2489//2489 2493//2493
f 2483//2483 2485//2485 2490//2490
f 2483//2483 2490//2490 2489//2489
f 2485//2485 2486//2486 2495//2495
f 2485//2485 2495//2495 2490//2490
f 2113//2113 2480//2480 2481//2481
f 2113//2113 2481//2481 2486//2486
f 2480//2480 2479//2479 2482//2482
f 2480//2480 2482//2482 2481//2481
f 2113//2113 2127//2127 2477//2477
f 2113//2113 2477//2477 2480//2480
f 2479//2479 2101//2101 2100//2100
f 2479//2479 2100//2100 2482//2482
f 2101//2101 2497//2497 2063//2063
f 2101//2101 2063//2063 2102//2102
f 2477//2477 2063//2063 2497//2497
f 2477//2477 2497//2497 2478//2478
f 2478//2478 2497//2497 2101//2101
f 2478//2478 2101//2101 2479//2479
f 2498//2498 2499//2499 2500//2500
f 2498//2498 2500//2500 2501//2501
f 2498//2498 2501//2501 2502//2502
f 2498//2498 2502//2502 2503//2503
f 2498//2498 2504//2504 2505//2505
f 2498//2498 2505//2505 2499//2499
f 2498//2498 2503//2503 2506//2506
f 2498//2498 2506//2506 2507//2507
f 2502//2502 2501//2501 2508//2508
f 2502//2502 2508//2508 2509//2509
f 2502//2502 2509//2509 2510//2510
f 2502//2502 2510//2510 2511//2511
f 2502//2502 2511//2511 2512//2512
f 2502//2502 2512//2512 2513//2513
f 2502//2502 2513//2513 2514//2514
f 2502//2502 2514//2514 2503//2503
f 2515//2515 2516//2516 2517//2517
f 2515//2515 2517//2517 2518//2518
f 2519//2519 2520//2520 2516//2516
f 2519//2519 2516//2516 2515//2515
f 2515//2515 2518//2518 2521//2521
f 2515//2515 2521//2521 2519//2519
f 2522//2522 2523//2523 2524//2524
f 2522//2522 2524//2524 2525//2525
f 2522//2522 2526//2526 2527//2527
f 2522//2522 2527//2527 2523//2523
f 2522//2522 2525//2525 2528//2528
f 2522//2522 2528//2528 2526//2526
f 2529//2529 2530//2530 2531//2531
f 2529//2529 2531//2531 2532//2532
f 2529//2529 2532//2532 2533//2533
f 2529//2529 2533//2533 2534//2534
f 2529//2529 2534//2534 2535//2535
f 2529//2529 2535//2535 2530//2530
f 2536//2536 2537//2537 2538//2538
f 2536//2536 2538//2538 2539//2539
f 2536//2536 2540//2540 2541//2541
f 2536//2536 2541//2541 2537//2537
f 2536//2536 2539//2539 2542//2542
f 2536//2536 2542//2542 2540//2540
f 2530//2530 2543//2543 2544//2544
f 2530//2530 2544//2544 2531//2531
f 2505//2505 2504//2504 2545//2545
f 2505//2505 2545//2545 2546//2546
f 2505//2505 2546//2546 2547//2547
f 2505//2505 2547//2547 2499//2499
f 2541//2541 2548//2548 2549//2549
f 2541//2541 2549//2549 2537//2537
f 2541//2541 2540//2540 2550//2550
f 2541//2541 2550//2550 2548//2548
f 2525//2525 2524//2524 2551//2551
f 2525//2525 2551//2551 2552//2552
f 2525//2525 2552//2552 2553//2553
f 2525//2525 2553//2553 2554//2554
f 2525//2525 2554//2554 2555//2555
f 2525//2525 2555//2555 2528//2528
f 2556//2556 2557//2557 2558//2558
f 2556//2556 2558//2558 2520//2520
f 2556//2556 2520//2520 2519//2519
f 2556//2556 2519//2519 2559//2559
f 2556//2556 2560//2560 2561//2561
f 2556//2556 2561//2561 2557//2557
f 2556//2556 2562//2562 2563//2563
f 2556//2556 2563//2563 2560//2560
f 2556//2556 2559//2559 2564//2564
f 2556//2556 2564//2564 2562//2562
f 2504//2504 2498//2498 2507//2507
f 2504//2504 2507//2507 2545//2545
f 2560//2560 2563//2563 2565//2565
f 2560//2560 2565//2565 2561//2561
f 2559//2559 2519//2519 2528//2528
f 2559//2559 2528//2528 2555//2555
f 2559//2559 2566//2566 2567//2567
f 2559//2559 2567//2567 2564//2564
f 2568//2568 2569//2569 2570//2570
f 2568//2568 2570//2570 2571//2571
f 2568//2568 2572//2572 2573//2573
f 2568//2568 2573//2573 2569//2569
f 2568//2568 2571//2571 2574//2574
f 2568//2568 2574//2574 2572//2572
f 2547//2547 2546//2546 2575//2575
f 2547//2547 2575//2575 2576//2576
f 2547//2547 2576//2576 2500//2500
f 2547//2547 2500//2500 2499//2499
f 2577//2577 2578//2578 2572//2572
f 2577//2577 2572//2572 2574//2574
f 2577//2577 2511//2511 2510//2510
f 2577//2577 2510//2510 2578//2578
f 2577//2577 2579//2579 2512//2512
f 2577//2577 2512//2512 2511//2511
f 2577//2577 2580//2580 2581//2581
f 2577//2577 2581//2581 2579//2579
f 2577//2577 2574//2574 2582//2582
f 2577//2577 2582//2582 2580//2580
f 2583//2583 2584//2584 2548//2548
f 2583//2583 2548//2548 2550//2550
f 2583//2583 2585//2585 2586//2586
f 2583//2583 2586//2586 2584//2584
f 2583//2583 2550//2550 2587//2587
f 2583//2583 2587//2587 2588//2588
f 2583//2583 2588//2588 2589//2589
f 2583//2583 2589//2589 2567//2567
f 2583//2583 2567//2567 2566//2566
f 2583//2583 2566//2566 2585//2585
f 2590//2590 2506//2506 2591//2591
f 2590//2590 2591//2591 2592//2592
f 2593//2593 2507//2507 2506//2506
f 2593//2593 2506//2506 2590//2590
f 2590//2590 2592//2592 2594//2594
f 2590//2590 2594//2594 2593//2593
f 2580//2580 2594//2594 2592//2592
f 2580//2580 2592//2592 2581//2581
f 2574//2574 2571//2571 2595//2595
f 2574//2574 2595//2595 2596//2596
f 2574//2574 2596//2596 2597//2597
f 2574//2574 2597//2597 2582//2582
f 2598//2598 2599//2599 2575//2575
f 2598//2598 2575//2575 2546//2546
f 2600//2600 2601//2601 2599//2599
f 2600//2600 2599//2599 2598//2598
f 2598//2598 2546//2546 2545//2545
f 2598//2598 2545//2545 2600//2600
f 2602//2602 2542//2542 2603//2603
f 2602//2602 2603//2603 2604//2604
f 2550//2550 2540//2540 2605//2605
f 2550//2550 2605//2605 2587//2587
f 2602//2602 2604//2604 2606//2606
f 2602//2602 2606//2606 2607//2607
f 2564//2564 2567//2567 2589//2589
f 2564//2564 2589//2589 2608//2608
f 2564//2564 2608//2608 2609//2609
f 2564//2564 2609//2609 2610//2610
f 2564//2564 2610//2610 2611//2611
f 2564//2564 2611//2611 2562//2562
f 2612//2612 2613//2613 2614//2614
f 2612//2612 2614//2614 2551//2551
f 2612//2612 2551//2551 2524//2524
f 2612//2612 2524//2524 2615//2615
f 2612//2612 2615//2615 2616//2616
f 2612//2612 2616//2616 2617//2617
f 2612//2612 2618//2618 2619//2619
f 2612//2612 2619//2619 2613//2613
f 2612//2612 2617//2617 2620//2620
f 2612//2612 2620//2620 2618//2618
f 2552//2552 2551//2551 2614//2614
f 2552//2552 2614//2614 2621//2621
f 2552//2552 2621//2621 2622//2622
f 2552//2552 2622//2622 2553//2553
f 2623//2623 2563//2563 2562//2562
f 2623//2623 2562//2562 2611//2611
f 2623//2623 2624//2624 2565//2565
f 2623//2623 2565//2565 2563//2563
f 2623//2623 2611//2611 2625//2625
f 2623//2623 2625//2625 2624//2624
f 2613//2613 2619//2619 2626//2626
f 2613//2613 2626//2626 2614//2614
f 2627//2627 2535//2535 2628//2628
f 2627//2627 2628//2628 2629//2629
f 2627//2627 2630//2630 2631//2631
f 2627//2627 2631//2631 2632//2632
f 2627//2627 2632//2632 2530//2530
f 2627//2627 2530//2530 2535//2535
f 2633//2633 2634//2634 2635//2635
f 2633//2633 2635//2635 2636//2636
f 2633//2633 2636//2636 2637//2637
f 2633//2633 2637//2637 2638//2638
f 2633//2633 2638//2638 2631//2631
f 2633//2633 2631//2631 2634//2634
f 2611//2611 2610//2610 2639//2639
f 2611//2611 2639//2639 2640//2640
f 2595//2595 2641//2641 2642//2642
f 2595//2595 2642//2642 2596//2596
f 2597//2597 2643//2643 2644//2644
f 2597//2597 2644//2644 2645//2645
f 2597//2597 2645//2645 2646//2646
f 2597//2597 2646//2646 2582//2582
f 2647//2647 2648//2648 2619//2619
f 2647//2647 2619//2619 2618//2618
f 2647//2647 2649//2649 2650//2650
f 2647//2647 2650//2650 2648//2648
f 2647//2647 2618//2618 2620//2620
f 2647//2647 2620//2620 2651//2651
f 2652//2652 2653//2653 2654//2654
f 2652//2652 2654//2654 2640//2640
f 2607//2607 2606//2606 2653//2653
f 2607//2607 2653//2653 2652//2652
f 2652//2652 2640//2640 2639//2639
f 2652//2652 2639//2639 2607//2607
f 2587//2587 2655//2655 2656//2656
f 2587//2587 2656//2656 2588//2588
f 2657//2657 2658//2658 2601//2601
f 2657//2657 2601//2601 2600//2600
f 2657//2657 2600//2600 2593//2593
f 2657//2657 2593//2593 2659//2659
f 2657//2657 2644//2644 2643//2643
f 2657//2657 2643//2643 2658//2658
f 2657//2657 2659//2659 2660//2660
f 2657//2657 2660//2660 2661//2661
f 2657//2657 2661//2661 2662//2662
f 2657//2657 2662//2662 2644//2644
f 2654//2654 2653//2653 2663//2663
f 2654//2654 2663//2663 2664//2664
f 2654//2654 2664//2664 2665//2665
f 2654//2654 2665//2665 2640//2640
f 2636//2636 2666//2666 2667//2667
f 2636//2636 2667//2667 2668//2668
f 2636//2636 2635//2635 2669//2669
f 2636//2636 2669//2669 2666//2666
f 2636//2636 2668//2668 2670//2670
f 2636//2636 2670//2670 2637//2637
f 2608//2608 2589//2589 2671//2671
f 2608//2608 2671//2671 2672//2672
f 2672//2672 2673//2673 2674//2674
f 2672//2672 2674//2674 2675//2675
f 2672//2672 2675//2675 2676//2676
f 2672//2672 2676//2676 2677//2677
f 2668//2668 2667//2667 2678//2678
f 2668//2668 2678//2678 2679//2679
f 2668//2668 2679//2679 2646//2646
f 2668//2668 2646//2646 2680//2680
f 2681//2681 2682//2682 2683//2683
f 2681//2681 2683//2683 2684//2684
f 2681//2681 2685//2685 2686//2686
f 2681//2681 2686//2686 2682//2682
f 2682//2682 2686//2686 2687//2687
f 2682//2682 2687//2687 2683//2683
f 2688//2688 2689//2689 2690//2690
f 2688//2688 2690//2690 2691//2691
f 2688//2688 2691//2691 2692//2692
f 2688//2688 2692//2692 2693//2693
f 2688//2688 2693//2693 2694//2694
f 2688//2688 2694//2694 2689//2689
f 2695//2695 2696//2696 2635//2635
f 2695//2695 2635//2635 2634//2634
f 2695//2695 2634//2634 2631//2631
f 2695//2695 2631//2631 2630//2630
f 2695//2695 2630//2630 2697//2697
f 2695//2695 2697//2697 2696//2696
f 2692//2692 2691//2691 2661//2661
f 2692//2692 2661//2661 2660//2660
f 2692//2692 2698//2698 2699//2699
f 2692//2692 2699//2699 2693//2693
f 2692//2692 2660//2660 2667//2667
f 2692//2692 2667//2667 2666//2666
f 2692//2692 2666//2666 2669//2669
f 2692//2692 2669//2669 2698//2698
f 2646//2646 2679//2679 2580//2580
f 2646//2646 2580//2580 2582//2582
f 2646//2646 2645//2645 2700//2700
f 2646//2646 2700//2700 2701//2701
f 2661//2661 2691//2691 2690//2690
f 2661//2661 2690//2690 2702//2702
f 2703//2703 2704//2704 2705//2705
f 2703//2703 2705//2705 2706//2706
f 2703//2703 2707//2707 2708//2708
f 2703//2703 2708//2708 2626//2626
f 2703//2703 2706//2706 2709//2709
f 2703//2703 2709//2709 2707//2707
f 2646//2646 2710//2710 2711//2711
f 2646//2646 2711//2711 2680//2680
f 2646//2646 2701//2701 2712//2712
f 2646//2646 2712//2712 2710//2710
f 2704//2704 2686//2686 2685//2685
f 2704//2704 2685//2685 2713//2713
f 2704//2704 2703//2703 2648//2648
f 2704//2704 2648//2648 2650//2650
f 2704//2704 2713//2713 2714//2714
f 2704//2704 2714//2714 2705//2705
f 2715//2715 2716//2716 2717//2717
f 2715//2715 2717//2717 2718//2718
f 2715//2715 2718//2718 2719//2719
f 2715//2715 2719//2719 2720//2720
f 2702//2702 2690//2690 2721//2721
f 2702//2702 2721//2721 2722//2722
f 2702//2702 2723//2723 2662//2662
f 2702//2702 2662//2662 2661//2661
f 2724//2724 2725//2725 2726//2726
f 2724//2724 2726//2726 2727//2727
f 2724//2724 2728//2728 2729//2729
f 2724//2724 2729//2729 2730//2730
f 2724//2724 2727//2727 2731//2731
f 2724//2724 2731//2731 2728//2728
f 2732//2732 2733//2733 2696//2696
f 2732//2732 2696//2696 2697//2697
f 2732//2732 2710//2710 2712//2712
f 2732//2732 2712//2712 2734//2734
f 2732//2732 2697//2697 2711//2711
f 2732//2732 2711//2711 2710//2710
f 2732//2732 2735//2735 2736//2736
f 2732//2732 2736//2736 2733//2733
f 2732//2732 2734//2734 2737//2737
f 2732//2732 2737//2737 2735//2735
f 2738//2738 2739//2739 2694//2694
f 2738//2738 2694//2694 2740//2740
f 2738//2738 2740//2740 2741//2741
f 2738//2738 2741//2741 2742//2742
f 2738//2738 2742//2742 2743//2743
f 2738//2738 2743//2743 2739//2739
f 2741//2741 2740//2740 2699//2699
f 2741//2741 2699//2699 2744//2744
f 2741//2741 2744//2744 2745//2745
f 2741//2741 2745//2745 2742//2742
f 2745//2745 2744//2744 2736//2736
f 2745//2745 2736//2736 2735//2735
f 2745//2745 2735//2735 2743//2743
f 2745//2745 2743//2743 2742//2742
f 2719//2719 2728//2728 2731//2731
f 2719//2719 2731//2731 2746//2746
f 2719//2719 2718//2718 2729//2729
f 2719//2719 2729//2729 2728//2728
f 2719//2719 2747//2747 2748//2748
f 2719//2719 2748//2748 2720//2720
f 2719//2719 2746//2746 2749//2749
f 2719//2719 2749//2749 2747//2747
f 2748//2748 2750//2750 2751//2751
f 2748//2748 2751//2751 2720//2720
f 2748//2748 2747//2747 2752//2752
f 2748//2748 2752//2752 2753//2753
f 2754//2754 2755//2755 2756//2756
f 2754//2754 2756//2756 2757//2757
f 2754//2754 2757//2757 2758//2758
f 2754//2754 2758//2758 2759//2759
f 2754//2754 2759//2759 2760//2760
f 2754//2754 2760//2760 2755//2755
f 2743//2743 2735//2735 2737//2737
f 2743//2743 2737//2737 2761//2761
f 2743//2743 2761//2761 2762//2762
f 2743//2743 2762//2762 2763//2763
f 2748//2748 2753//2753 2764//2764
f 2748//2748 2764//2764 2750//2750
f 2765//2765 2726//2726 2676//2676
f 2765//2765 2676//2676 2766//2766
f 2765//2765 2766//2766 2767//2767
f 2765//2765 2767//2767 2768//2768
f 2765//2765 2769//2769 2727//2727
f 2765//2765 2727//2727 2726//2726
f 2765//2765 2770//2770 2771//2771
f 2765//2765 2771//2771 2769//2769
f 2765//2765 2768//2768 2772//2772
f 2765//2765 2772//2772 2770//2770
f 2773//2773 2774//2774 2775//2775
f 2773//2773 2775//2775 2776//2776
f 2773//2773 2757//2757 2756//2756
f 2773//2773 2756//2756 2774//2774
f 2773//2773 2776//2776 2758//2758
f 2773//2773 2758//2758 2757//2757
f 2767//2767 2766//2766 2777//2777
f 2767//2767 2777//2777 2778//2778
f 2767//2767 2779//2779 2780//2780
f 2767//2767 2780//2780 2768//2768
f 2767//2767 2778//2778 2781//2781
f 2767//2767 2781//2781 2779//2779
f 2782//2782 2783//2783 2784//2784
f 2782//2782 2784//2784 2785//2785
f 2782//2782 2723//2723 2702//2702
f 2782//2782 2702//2702 2783//2783
f 2782//2782 2785//2785 2786//2786
f 2782//2782 2786//2786 2787//2787
f 2782//2782 2788//2788 2789//2789
f 2782//2782 2789//2789 2723//2723
f 2782//2782 2787//2787 2790//2790
f 2782//2782 2790//2790 2788//2788
f 2761//2761 2737//2737 2791//2791
f 2761//2761 2791//2791 2762//2762
f 2792//2792 2712//2712 2701//2701
f 2792//2792 2701//2701 2793//2793
f 2792//2792 2793//2793 2794//2794
f 2792//2792 2794//2794 2795//2795
f 2792//2792 2795//2795 2734//2734
f 2792//2792 2734//2734 2712//2712
f 2796//2796 2737//2737 2734//2734
f 2796//2796 2734//2734 2795//2795
f 2796//2796 2795//2795 2794//2794
f 2796//2796 2794//2794 2797//2797
f 2796//2796 2797//2797 2791//2791
f 2796//2796 2791//2791 2737//2737
f 2798//2798 2799//2799 2800//2800
f 2798//2798 2800//2800 2801//2801
f 2802//2802 2803//2803 2799//2799
f 2802//2802 2799//2799 2798//2798
f 2798//2798 2801//2801 2804//2804
f 2798//2798 2804//2804 2802//2802
f 2805//2805 2772//2772 2806//2806
f 2805//2805 2806//2806 2807//2807
f 2805//2805 2807//2807 2808//2808
f 2805//2805 2808//2808 2809//2809
f 2805//2805 2810//2810 2770//2770
f 2805//2805 2770//2770 2772//2772
f 2802//2802 2811//2811 2812//2812
f 2802//2802 2812//2812 2803//2803
f 2802//2802 2813//2813 2814//2814
f 2802//2802 2814//2814 2811//2811
f 2815//2815 2816//2816 2810//2810
f 2815//2815 2810//2810 2805//2805
f 2815//2815 2805//2805 2809//2809
f 2815//2815 2809//2809 2817//2817
f 2815//2815 2785//2785 2784//2784
f 2815//2815 2784//2784 2816//2816
f 2815//2815 2818//2818 2786//2786
f 2815//2815 2786//2786 2785//2785
f 2815//2815 2817//2817 2819//2819
f 2815//2815 2819//2819 2818//2818
f 2820//2820 2821//2821 2822//2822
f 2820//2820 2822//2822 2823//2823
f 2820//2820 2824//2824 2825//2825
f 2820//2820 2825//2825 2826//2826
f 2820//2820 2826//2826 2827//2827
f 2820//2820 2827//2827 2821//2821
f 2828//2828 2829//2829 2821//2821
f 2828//2828 2821//2821 2827//2827
f 2828//2828 2827//2827 2830//2830
f 2828//2828 2830//2830 2831//2831
f 2828//2828 2831//2831 2832//2832
f 2828//2828 2832//2832 2829//2829
f 2833//2833 2834//2834 2835//2835
f 2833//2833 2835//2835 2836//2836
f 2833//2833 2836//2836 2837//2837
f 2833//2833 2837//2837 2824//2824
f 2833//2833 2824//2824 2820//2820
f 2833//2833 2820//2820 2834//2834
f 2826//2826 2825//2825 2830//2830
f 2826//2826 2830//2830 2827//2827
f 2830//2830 2825//2825 2838//2838
f 2830//2830 2838//2838 2831//2831
f 2836//2836 2835//2835 2839//2839
f 2836//2836 2839//2839 2837//2837
f 2839//2839 2840//2840 2838//2838
f 2839//2839 2838//2838 2837//2837
f 2839//2839 2835//2835 2841//2841
f 2839//2839 2841//2841 2842//2842
f 2839//2839 2842//2842 2843//2843
f 2839//2839 2843//2843 2840//2840
f 2843//2843 2844//2844 2832//2832
f 2843//2843 2832//2832 2840//2840
f 2843//2843 2842//2842 2845//2845
f 2843//2843 2845//2845 2846//2846
f 2843//2843 2846//2846 2847//2847
f 2843//2843 2847//2847 2844//2844
f 2847//2847 2848//2848 2849//2849
f 2847//2847 2849//2849 2844//2844
f 2847//2847 2846//2846 2850//2850
f 2847//2847 2850//2850 2851//2851
f 2847//2847 2851//2851 2852//2852
f 2847//2847 2852//2852 2848//2848
f 2852//2852 2853//2853 2854//2854
f 2852//2852 2854//2854 2848//2848
f 2852//2852 2851//2851 2855//2855
f 2852//2852 2855//2855 2856//2856
f 2852//2852 2856//2856 2857//2857
f 2852//2852 2857//2857 2853//2853
f 2857//2857 2858//2858 2859//2859
f 2857//2857 2859//2859 2853//2853
f 2857//2857 2856//2856 2860//2860
f 2857//2857 2860//2860 2861//2861
f 2857//2857 2861//2861 2862//2862
f 2857//2857 2862//2862 2858//2858
f 2862//2862 2863//2863 2864//2864
f 2862//2862 2864//2864 2858//2858
f 2862//2862 2861//2861 2865//2865
f 2862//2862 2865//2865 2866//2866
f 2862//2862 2866//2866 2867//2867
f 2862//2862 2867//2867 2863//2863
f 2867//2867 2868//2868 2869//2869
f 2867//2867 2869//2869 2863//2863
f 2867//2867 2866//2866 2802//2802
f 2867//2867 2802//2802 2804//2804
f 2867//2867 2804//2804 2819//2819
f 2867//2867 2819//2819 2868//2868
f 2869//2869 2870//2870 2871//2871
f 2869//2869 2871//2871 2872//2872
f 2869//2869 2872//2872 2864//2864
f 2869//2869 2864//2864 2863//2863
f 2869//2869 2868//2868 2873//2873
f 2869//2869 2873//2873 2870//2870
f 2873//2873 2874//2874 2875//2875
f 2873//2873 2875//2875 2870//2870
f 2873//2873 2868//2868 2819//2819
f 2873//2873 2819//2819 2817//2817
f 2873//2873 2817//2817 2809//2809
f 2873//2873 2809//2809 2874//2874
f 2875//2875 2876//2876 2855//2855
f 2875//2875 2855//2855 2877//2877
f 2875//2875 2877//2877 2871//2871
f 2875//2875 2871//2871 2870//2870
f 2875//2875 2874//2874 2878//2878
f 2875//2875 2878//2878 2876//2876
f 2878//2878 2879//2879 2860//2860
f 2878//2878 2860//2860 2876//2876
f 2878//2878 2874//2874 2809//2809
f 2878//2878 2809//2809 2808//2808
f 2878//2878 2808//2808 2880//2880
f 2878//2878 2880//2880 2879//2879
f 2880//2880 2813//2813 2865//2865
f 2880//2880 2865//2865 2879//2879
f 2880//2880 2808//2808 2807//2807
f 2880//2880 2807//2807 2881//2881
f 2880//2880 2881//2881 2814//2814
f 2880//2880 2814//2814 2813//2813
f 2881//2881 2807//2807 2806//2806
f 2881//2881 2806//2806 2882//2882
f 2881//2881 2882//2882 2883//2883
f 2881//2881 2883//2883 2814//2814
f 2883//2883 2884//2884 2811//2811
f 2883//2883 2811//2811 2814//2814
f 2883//2883 2882//2882 2885//2885
f 2883//2883 2885//2885 2886//2886
f 2883//2883 2886//2886 2749//2749
f 2883//2883 2749//2749 2884//2884
f 2886//2886 2885//2885 2887//2887
f 2886//2886 2887//2887 2752//2752
f 2886//2886 2752//2752 2747//2747
f 2886//2886 2747//2747 2749//2749
f 2887//2887 2885//2885 2780//2780
f 2887//2887 2780//2780 2779//2779
f 2887//2887 2779//2779 2781//2781
f 2887//2887 2781//2781 2888//2888
f 2887//2887 2888//2888 2753//2753
f 2887//2887 2753//2753 2752//2752
f 2888//2888 2781//2781 2889//2889
f 2888//2888 2889//2889 2890//2890
f 2888//2888 2890//2890 2764//2764
f 2888//2888 2764//2764 2753//2753
f 2890//2890 2889//2889 2758//2758
f 2890//2890 2758//2758 2776//2776
f 2890//2890 2776//2776 2775//2775
f 2890//2890 2775//2775 2764//2764
f 2889//2889 2781//2781 2778//2778
f 2889//2889 2778//2778 2891//2891
f 2889//2889 2891//2891 2759//2759
f 2889//2889 2759//2759 2758//2758
f 2891//2891 2778//2778 2777//2777
f 2891//2891 2777//2777 2892//2892
f 2891//2891 2892//2892 2760//2760
f 2891//2891 2760//2760 2759//2759
f 2892//2892 2777//2777 2675//2675
f 2892//2892 2675//2675 2674//2674
f 2892//2892 2674//2674 2709//2709
f 2892//2892 2709//2709 2760//2760
f 2885//2885 2882//2882 2806//2806
f 2885//2885 2806//2806 2780//2780
f 2884//2884 2893//2893 2812//2812
f 2884//2884 2812//2812 2811//2811
f 2884//2884 2749//2749 2746//2746
f 2884//2884 2746//2746 2893//2893
f 2893//2893 2894//2894 2895//2895
f 2893//2893 2895//2895 2812//2812
f 2893//2893 2746//2746 2731//2731
f 2893//2893 2731//2731 2894//2894
f 2895//2895 2771//2771 2896//2896
f 2895//2895 2896//2896 2897//2897
f 2895//2895 2897//2897 2803//2803
f 2895//2895 2803//2803 2812//2812
f 2895//2895 2894//2894 2769//2769
f 2895//2895 2769//2769 2771//2771
f 2897//2897 2896//2896 2898//2898
f 2897//2897 2898//2898 2899//2899
f 2897//2897 2899//2899 2799//2799
f 2897//2897 2799//2799 2803//2803
f 2899//2899 2898//2898 2900//2900
f 2899//2899 2900//2900 2901//2901
f 2899//2899 2901//2901 2800//2800
f 2899//2899 2800//2800 2799//2799
f 2901//2901 2900//2900 2902//2902
f 2901//2901 2902//2902 2903//2903
f 2901//2901 2903//2903 2904//2904
f 2901//2901 2904//2904 2800//2800
f 2904//2904 2905//2905 2801//2801
f 2904//2904 2801//2801 2800//2800
f 2904//2904 2903//2903 2906//2906
f 2904//2904 2906//2906 2907//2907
f 2904//2904 2907//2907 2908//2908
f 2904//2904 2908//2908 2905//2905
f 2908//2908 2787//2787 2786//2786
f 2908//2908 2786//2786 2905//2905
f 2908//2908 2907//2907 2909//2909
f 2908//2908 2909//2909 2910//2910
f 2908//2908 2910//2910 2790//2790
f 2908//2908 2790//2790 2787//2787
f 2910//2910 2909//2909 2762//2762
f 2910//2910 2762//2762 2791//2791
f 2910//2910 2791//2791 2797//2797
f 2910//2910 2797//2797 2790//2790
f 2909//2909 2907//2907 2906//2906
f 2909//2909 2906//2906 2911//2911
f 2909//2909 2911//2911 2763//2763
f 2909//2909 2763//2763 2762//2762
f 2911//2911 2906//2906 2722//2722
f 2911//2911 2722//2722 2721//2721
f 2911//2911 2721//2721 2912//2912
f 2911//2911 2912//2912 2763//2763
f 2912//2912 2721//2721 2690//2690
f 2912//2912 2690//2690 2689//2689
f 2912//2912 2689//2689 2694//2694
f 2912//2912 2694//2694 2739//2739
f 2912//2912 2739//2739 2743//2743
f 2912//2912 2743//2743 2763//2763
f 2906//2906 2903//2903 2902//2902
f 2906//2906 2902//2902 2722//2722
f 2905//2905 2786//2786 2818//2818
f 2905//2905 2818//2818 2801//2801
f 2902//2902 2900//2900 2784//2784
f 2902//2902 2784//2784 2783//2783
f 2902//2902 2783//2783 2702//2702
f 2902//2902 2702//2702 2722//2722
f 2900//2900 2898//2898 2816//2816
f 2900//2900 2816//2816 2784//2784
f 2898//2898 2896//2896 2810//2810
f 2898//2898 2810//2810 2816//2816
f 2896//2896 2771//2771 2770//2770
f 2896//2896 2770//2770 2810//2810
f 2894//2894 2731//2731 2727//2727
f 2894//2894 2727//2727 2769//2769
f 2879//2879 2865//2865 2861//2861
f 2879//2879 2861//2861 2860//2860
f 2877//2877 2855//2855 2851//2851
f 2877//2877 2851//2851 2850//2850
f 2877//2877 2850//2850 2913//2913
f 2877//2877 2913//2913 2871//2871
f 2913//2913 2850//2850 2846//2846
f 2913//2913 2846//2846 2845//2845
f 2913//2913 2845//2845 2914//2914
f 2913//2913 2914//2914 2915//2915
f 2913//2913 2915//2915 2872//2872
f 2913//2913 2872//2872 2871//2871
f 2915//2915 2914//2914 2916//2916
f 2915//2915 2916//2916 2917//2917
f 2915//2915 2917//2917 2864//2864
f 2915//2915 2864//2864 2872//2872
f 2917//2917 2916//2916 2918//2918
f 2917//2917 2918//2918 2859//2859
f 2917//2917 2859//2859 2858//2858
f 2917//2917 2858//2858 2864//2864
f 2918//2918 2916//2916 2919//2919
f 2918//2918 2919//2919 2823//2823
f 2918//2918 2823//2823 2822//2822
f 2918//2918 2822//2822 2854//2854
f 2918//2918 2854//2854 2853//2853
f 2918//2918 2853//2853 2859//2859
f 2919//2919 2841//2841 2835//2835
f 2919//2919 2835//2835 2834//2834
f 2919//2919 2834//2834 2820//2820
f 2919//2919 2820//2820 2823//2823
f 2919//2919 2916//2916 2914//2914
f 2919//2919 2914//2914 2841//2841
f 2914//2914 2845//2845 2842//2842
f 2914//2914 2842//2842 2841//2841
f 2876//2876 2860//2860 2856//2856
f 2876//2876 2856//2856 2855//2855
f 2866//2866 2865//2865 2813//2813
f 2866//2866 2813//2813 2802//2802
f 2854//2854 2822//2822 2849//2849
f 2854//2854 2849//2849 2848//2848
f 2849//2849 2822//2822 2821//2821
f 2849//2849 2821//2821 2829//2829
f 2849//2849 2829//2829 2832//2832
f 2849//2849 2832//2832 2844//2844
f 2840//2840 2832//2832 2831//2831
f 2840//2840 2831//2831 2838//2838
f 2838//2838 2825//2825 2824//2824
f 2838//2838 2824//2824 2837//2837
f 2819//2819 2804//2804 2801//2801
f 2819//2819 2801//2801 2818//2818
f 2806//2806 2772//2772 2768//2768
f 2806//2806 2768//2768 2780//2780
f 2797//2797 2794//2794 2788//2788
f 2797//2797 2788//2788 2790//2790
f 2794//2794 2793//2793 2789//2789
f 2794//2794 2789//2789 2788//2788
f 2793//2793 2701//2701 2700//2700
f 2793//2793 2700//2700 2789//2789
f 2789//2789 2700//2700 2662//2662
f 2789//2789 2662//2662 2723//2723
f 2777//2777 2766//2766 2676//2676
f 2777//2777 2676//2676 2675//2675
f 2775//2775 2920//2920 2750//2750
f 2775//2775 2750//2750 2764//2764
f 2775//2775 2774//2774 2714//2714
f 2775//2775 2714//2714 2920//2920
f 2920//2920 2921//2921 2751//2751
f 2920//2920 2751//2751 2750//2750
f 2920//2920 2714//2714 2713//2713
f 2920//2920 2713//2713 2921//2921
f 2921//2921 2922//2922 2716//2716
f 2921//2921 2716//2716 2751//2751
f 2921//2921 2713//2713 2685//2685
f 2921//2921 2685//2685 2922//2922
f 2922//2922 2684//2684 2717//2717
f 2922//2922 2717//2717 2716//2716
f 2922//2922 2685//2685 2681//2681
f 2922//2922 2681//2681 2684//2684
f 2774//2774 2756//2756 2705//2705
f 2774//2774 2705//2705 2714//2714
f 2760//2760 2709//2709 2706//2706
f 2760//2760 2706//2706 2755//2755
f 2756//2756 2755//2755 2706//2706
f 2756//2756 2706//2706 2705//2705
f 2751//2751 2716//2716 2715//2715
f 2751//2751 2715//2715 2720//2720
f 2744//2744 2699//2699 2698//2698
f 2744//2744 2698//2698 2736//2736
f 2740//2740 2694//2694 2693//2693
f 2740//2740 2693//2693 2699//2699
f 2736//2736 2698//2698 2669//2669
f 2736//2736 2669//2669 2733//2733
f 2733//2733 2669//2669 2635//2635
f 2733//2733 2635//2635 2696//2696
f 2729//2729 2718//2718 2717//2717
f 2729//2729 2717//2717 2923//2923
f 2729//2729 2923//2923 2924//2924
f 2729//2729 2924//2924 2730//2730
f 2923//2923 2717//2717 2684//2684
f 2923//2923 2684//2684 2683//2683
f 2923//2923 2683//2683 2687//2687
f 2923//2923 2687//2687 2924//2924
f 2726//2726 2725//2725 2677//2677
f 2726//2726 2677//2677 2676//2676
f 2925//2925 2926//2926 2607//2607
f 2925//2925 2607//2607 2639//2639
f 2925//2925 2639//2639 2610//2610
f 2925//2925 2610//2610 2609//2609
f 2704//2704 2650//2650 2687//2687
f 2704//2704 2687//2687 2686//2686
f 2711//2711 2697//2697 2630//2630
f 2711//2711 2630//2630 2627//2627
f 2711//2711 2627//2627 2629//2629
f 2711//2711 2629//2629 2680//2680
f 2709//2709 2674//2674 2673//2673
f 2709//2709 2673//2673 2707//2707
f 2708//2708 2707//2707 2673//2673
f 2708//2708 2673//2673 2927//2927
f 2708//2708 2927//2927 2622//2622
f 2708//2708 2622//2622 2621//2621
f 2708//2708 2621//2621 2614//2614
f 2708//2708 2614//2614 2626//2626
f 2927//2927 2673//2673 2651//2651
f 2927//2927 2651//2651 2620//2620
f 2927//2927 2620//2620 2617//2617
f 2927//2927 2617//2617 2622//2622
f 2703//2703 2626//2626 2619//2619
f 2703//2703 2619//2619 2648//2648
f 2700//2700 2645//2645 2644//2644
f 2700//2700 2644//2644 2662//2662
f 2687//2687 2650//2650 2649//2649
f 2687//2687 2649//2649 2924//2924
f 2680//2680 2629//2629 2670//2670
f 2680//2680 2670//2670 2668//2668
f 2679//2679 2678//2678 2594//2594
f 2679//2679 2594//2594 2580//2580
f 2678//2678 2659//2659 2593//2593
f 2678//2678 2593//2593 2594//2594
f 2678//2678 2667//2667 2660//2660
f 2678//2678 2660//2660 2659//2659
f 2670//2670 2629//2629 2628//2628
f 2670//2670 2628//2628 2928//2928
f 2670//2670 2928//2928 2929//2929
f 2670//2670 2929//2929 2637//2637
f 2929//2929 2928//2928 2930//2930
f 2929//2929 2930//2930 2931//2931
f 2929//2929 2931//2931 2543//2543
f 2929//2929 2543//2543 2932//2932
f 2929//2929 2932//2932 2638//2638
f 2929//2929 2638//2638 2637//2637
f 2932//2932 2543//2543 2530//2530
f 2932//2932 2530//2530 2632//2632
f 2932//2932 2632//2632 2631//2631
f 2932//2932 2631//2631 2638//2638
f 2931//2931 2930//2930 2933//2933
f 2931//2931 2933//2933 2934//2934
f 2931//2931 2934//2934 2544//2544
f 2931//2931 2544//2544 2543//2543
f 2934//2934 2933//2933 2592//2592
f 2934//2934 2592//2592 2591//2591
f 2934//2934 2591//2591 2514//2514
f 2934//2934 2514//2514 2544//2544
f 2933//2933 2930//2930 2935//2935
f 2933//2933 2935//2935 2936//2936
f 2933//2933 2936//2936 2581//2581
f 2933//2933 2581//2581 2592//2592
f 2936//2936 2935//2935 2534//2534
f 2936//2936 2534//2534 2533//2533
f 2936//2936 2533//2533 2579//2579
f 2936//2936 2579//2579 2581//2581
f 2935//2935 2628//2628 2535//2535
f 2935//2935 2535//2535 2534//2534
f 2935//2935 2930//2930 2928//2928
f 2935//2935 2928//2928 2628//2628
f 2665//2665 2937//2937 2938//2938
f 2665//2665 2938//2938 2625//2625
f 2665//2665 2625//2625 2611//2611
f 2665//2665 2611//2611 2640//2640
f 2665//2665 2664//2664 2939//2939
f 2665//2665 2939//2939 2937//2937
f 2939//2939 2940//2940 2941//2941
f 2939//2939 2941//2941 2937//2937
f 2939//2939 2664//2664 2663//2663
f 2939//2939 2663//2663 2942//2942
f 2939//2939 2942//2942 2943//2943
f 2939//2939 2943//2943 2940//2940
f 2943//2943 2944//2944 2945//2945
f 2943//2943 2945//2945 2940//2940
f 2943//2943 2942//2942 2946//2946
f 2943//2943 2946//2946 2947//2947
f 2943//2943 2947//2947 2948//2948
f 2943//2943 2948//2948 2944//2944
f 2948//2948 2601//2601 2658//2658
f 2948//2948 2658//2658 2944//2944
f 2948//2948 2947//2947 2949//2949
f 2948//2948 2949//2949 2950//2950
f 2948//2948 2950//2950 2599//2599
f 2948//2948 2599//2599 2601//2601
f 2950//2950 2949//2949 2951//2951
f 2950//2950 2951//2951 2952//2952
f 2950//2950 2952//2952 2575//2575
f 2950//2950 2575//2575 2599//2599
f 2952//2952 2951//2951 2953//2953
f 2952//2952 2953//2953 2954//2954
f 2952//2952 2954//2954 2576//2576
f 2952//2952 2576//2576 2575//2575
f 2954//2954 2953//2953 2955//2955
f 2954//2954 2955//2955 2956//2956
f 2954//2954 2956//2956 2500//2500
f 2954//2954 2500//2500 2576//2576
f 2956//2956 2955//2955 2957//2957
f 2956//2956 2957//2957 2508//2508
f 2956//2956 2508//2508 2501//2501
f 2956//2956 2501//2501 2500//2500
f 2957//2957 2955//2955 2958//2958
f 2957//2957 2958//2958 2959//2959
f 2957//2957 2959//2959 2960//2960
f 2957//2957 2960//2960 2961//2961
f 2957//2957 2961//2961 2509//2509
f 2957//2957 2509//2509 2508//2508
f 2961//2961 2960//2960 2962//2962
f 2961//2961 2962//2962 2963//2963
f 2961//2961 2963//2963 2510//2510
f 2961//2961 2510//2510 2509//2509
f 2963//2963 2962//2962 2964//2964
f 2963//2963 2964//2964 2965//2965
f 2963//2963 2965//2965 2578//2578
f 2963//2963 2578//2578 2510//2510
f 2965//2965 2964//2964 2966//2966
f 2965//2965 2966//2966 2573//2573
f 2965//2965 2573//2573 2572//2572
f 2965//2965 2572//2572 2578//2578
f 2966//2966 2964//2964 2967//2967
f 2966//2966 2967//2967 2968//2968
f 2966//2966 2968//2968 2969//2969
f 2966//2966 2969//2969 2970//2970
f 2966//2966 2970//2970 2569//2569
f 2966//2966 2569//2569 2573//2573
f 2970//2970 2969//2969 2971//2971
f 2970//2970 2971//2971 2972//2972
f 2970//2970 2972//2972 2570//2570
f 2970//2970 2570//2570 2569//2569
f 2972//2972 2971//2971 2973//2973
f 2972//2972 2973//2973 2974//2974
f 2972//2972 2974//2974 2641//2641
f 2972//2972 2641//2641 2570//2570
f 2974//2974 2973//2973 2938//2938
f 2974//2974 2938//2938 2975//2975
f 2974//2974 2975//2975 2642//2642
f 2974//2974 2642//2642 2641//2641
f 2975//2975 2938//2938 2937//2937
f 2975//2975 2937//2937 2941//2941
f 2975//2975 2941//2941 2976//2976
f 2975//2975 2976//2976 2642//2642
f 2976//2976 2597//2597 2596//2596
f 2976//2976 2596//2596 2642//2642
f 2976//2976 2941//2941 2940//2940
f 2976//2976 2940//2940 2945//2945
f 2976//2976 2945//2945 2643//2643
f 2976//2976 2643//2643 2597//2597
f 2973//2973 2971//2971 2565//2565
f 2973//2973 2565//2565 2624//2624
f 2973//2973 2624//2624 2625//2625
f 2973//2973 2625//2625 2938//2938
f 2971//2971 2969//2969 2561//2561
f 2971//2971 2561//2561 2565//2565
f 2969//2969 2968//2968 2557//2557
f 2969//2969 2557//2557 2561//2561
f 2968//2968 2967//2967 2558//2558
f 2968//2968 2558//2558 2557//2557
f 2967//2967 2964//2964 2962//2962
f 2967//2967 2962//2962 2977//2977
f 2967//2967 2977//2977 2978//2978
f 2967//2967 2978//2978 2558//2558
f 2978//2978 2977//2977 2979//2979
f 2978//2978 2979//2979 2980//2980
f 2978//2978 2980//2980 2517//2517
f 2978//2978 2517//2517 2516//2516
f 2978//2978 2516//2516 2520//2520
f 2978//2978 2520//2520 2558//2558
f 2980//2980 2979//2979 2981//2981
f 2980//2980 2981//2981 2982//2982
f 2980//2980 2982//2982 2983//2983
f 2980//2980 2983//2983 2517//2517
f 2983//2983 2982//2982 2984//2984
f 2983//2983 2984//2984 2538//2538
f 2983//2983 2538//2538 2537//2537
f 2983//2983 2537//2537 2549//2549
f 2983//2983 2549//2549 2518//2518
f 2983//2983 2518//2518 2517//2517
f 2984//2984 2985//2985 2986//2986
f 2984//2984 2986//2986 2987//2987
f 2984//2984 2987//2987 2539//2539
f 2984//2984 2539//2539 2538//2538
f 2984//2984 2982//2982 2981//2981
f 2984//2984 2981//2981 2985//2985
f 2987//2987 2986//2986 2988//2988
f 2987//2987 2988//2988 2603//2603
f 2987//2987 2603//2603 2542//2542
f 2987//2987 2542//2542 2539//2539
f 2988//2988 2989//2989 2990//2990
f 2988//2988 2990//2990 2991//2991
f 2988//2988 2991//2991 2604//2604
f 2988//2988 2604//2604 2603//2603
f 2988//2988 2986//2986 2992//2992
f 2988//2988 2992//2992 2989//2989
f 2992//2992 2953//2953 2951//2951
f 2992//2992 2951//2951 2989//2989
f 2992//2992 2986//2986 2985//2985
f 2992//2992 2985//2985 2958//2958
f 2992//2992 2958//2958 2955//2955
f 2992//2992 2955//2955 2953//2953
f 2991//2991 2990//2990 2946//2946
f 2991//2991 2946//2946 2993//2993
f 2991//2991 2993//2993 2606//2606
f 2991//2991 2606//2606 2604//2604
f 2993//2993 2946//2946 2942//2942
f 2993//2993 2942//2942 2663//2663
f 2993//2993 2663//2663 2653//2653
f 2993//2993 2653//2653 2606//2606
f 2990//2990 2949//2949 2947//2947
f 2990//2990 2947//2947 2946//2946
f 2990//2990 2989//2989 2951//2951
f 2990//2990 2951//2951 2949//2949
f 2985//2985 2981//2981 2959//2959
f 2985//2985 2959//2959 2958//2958
f 2981//2981 2979//2979 2960//2960
f 2981//2981 2960//2960 2959//2959
f 2979//2979 2977//2977 2962//2962
f 2979//2979 2962//2962 2960//2960
f 2945//2945 2944//2944 2658//2658
f 2945//2945 2658//2658 2643//2643
f 2671//2671 2589//2589 2588//2588
f 2671//2671 2588//2588 2656//2656
f 2641//2641 2595//2595 2571//2571
f 2641//2641 2571//2571 2570//2570
f 2622//2622 2617//2617 2616//2616
f 2622//2622 2616//2616 2553//2553
f 2616//2616 2615//2615 2994//2994
f 2616//2616 2994//2994 2995//2995
f 2616//2616 2995//2995 2554//2554
f 2616//2616 2554//2554 2553//2553
f 2995//2995 2994//2994 2996//2996
f 2995//2995 2996//2996 2997//2997
f 2995//2995 2997//2997 2555//2555
f 2995//2995 2555//2555 2554//2554
f 2997//2997 2996//2996 2585//2585
f 2997//2997 2585//2585 2566//2566
f 2997//2997 2566//2566 2559//2559
f 2997//2997 2559//2559 2555//2555
f 2996//2996 2527//2527 2586//2586
f 2996//2996 2586//2586 2585//2585
f 2996//2996 2994//2994 2523//2523
f 2996//2996 2523//2523 2527//2527
f 2994//2994 2615//2615 2524//2524
f 2994//2994 2524//2524 2523//2523
f 2600//2600 2545//2545 2507//2507
f 2600//2600 2507//2507 2593//2593
f 2591//2591 2506//2506 2503//2503
f 2591//2591 2503//2503 2514//2514
f 2586//2586 2521//2521 2518//2518
f 2586//2586 2518//2518 2584//2584
f 2586//2586 2527//2527 2526//2526
f 2586//2586 2526//2526 2521//2521
f 2584//2584 2518//2518 2549//2549
f 2584//2584 2549//2549 2548//2548
f 2579//2579 2533//2533 2532//2532
f 2579//2579 2532//2532 2512//2512
f 2544//2544 2514//2514 2513//2513
f 2544//2544 2513//2513 2531//2531
f 2532//2532 2531//2531 2513//2513
f 2532//2532 2513//2513 2512//2512
f 2528//2528 2519//2519 2521//2521
f 2528//2528 2521//2521 2526//2526
f 2608//2608 2672//2672 2677//2677
f 2608//2608 2677//2677 2609//2609
f 2725//2725 2925//2925 2609//2609
f 2725//2725 2609//2609 2677//2677
f 2725//2725 2724//2724 2926//2926
f 2725//2725 2926//2926 2925//2925
f 2655//2655 2926//2926 2724//2724
f 2655//2655 2724//2724 2730//2730
f 2655//2655 2730//2730 2924//2924
f 2655//2655 2924//2924 2649//2649
f 2656//2656 2655//2655 2649//2649
f 2656//2656 2649//2649 2647//2647
f 2651//2651 2671//2671 2656//2656
f 2651//2651 2656//2656 2647//2647
f 2672//2672 2671//2671 2651//2651
f 2672//2672 2651//2651 2673//2673
f 2655//2655 2587//2587 2605//2605
f 2655//2655 2605//2605 2998//2998
f 2540//2540 2542//2542 2602//2602
f 2540//2540 2602//2602 2605//2605
f 2655//2655 2998//2998 2607//2607
f 2655//2655 2607//2607 2926//2926
f 2998//2998 2605//2605 2602//2602
f 2998//2998 2602//2602 2607//2607
f 2999//2999 3000//3000 3001//3001
f 2999//2999 3001//3001 3002//3002
f 2999//2999 3003//3003 3004//3004
f 2999//2999 3004//3004 3000//3000
f 2999//2999 3002//3002 3005//3005
f 2999//2999 3005//3005 3003//3003
f 3006//3006 3007//3007 3004//3004
f 3006//3006 3004//3004 3003//3003
f 3006//3006 3008//3008 3009//3009
f 3006//3006 3009//3009 3007//3007
f 3006//3006 3003//3003 3005//3005
f 3006//3006 3005//3005 3008//3008
f 3010//3010 3011//3011 3012//3012
f 3010//3010 3012//3012 3013//3013
f 3010//3010 3013//3013 3014//3014
f 3010//3010 3014//3014 3015//3015
f 3010//3010 3015//3015 3016//3016
f 3010//3010 3016//3016 3011//3011
f 3017//3017 3018//3018 3019//3019
f 3017//3017 3019//3019 3020//3020
f 3019//3019 3018//3018 3021//3021
f 3019//3019 3021//3021 3022//3022
f 3019//3019 3023//3023 3024//3024
f 3019//3019 3024//3024 3020//3020
f 3019//3019 3022//3022 3025//3025
f 3019//3019 3025//3025 3023//3023
f 3026//3026 3027//3027 3028//3028
f 3026//3026 3028//3028 3029//3029
f 3026//3026 3029//3029 3030//3030
f 3026//3026 3030//3030 3031//3031
f 3026//3026 3031//3031 3032//3032
f 3026//3026 3032//3032 3027//3027
f 3015//3015 3033//3033 3034//3034
f 3015//3015 3034//3034 3035//3035
f 3024//3024 3036//3036 3035//3035
f 3024//3024 3035//3035 3037//3037
f 3030//3030 3029//3029 3038//3038
f 3030//3030 3038//3038 3039//3039
f 3024//3024 3023//3023 3040//3040
f 3024//3024 3040//3040 3036//3036
f 3024//3024 3037//3037 3041//3041
f 3024//3024 3041//3041 3042//3042
f 3043//3043 3044//3044 3045//3045
f 3043//3043 3045//3045 3046//3046
f 3045//3045 3047//3047 3048//3048
f 3045//3045 3048//3048 3046//3046
f 3049//3049 3050//3050 3051//3051
f 3049//3049 3051//3051 3052//3052
f 3050//3050 3049//3049 3053//3053
f 3050//3050 3053//3053 3054//3054
f 3050//3050 3054//3054 3055//3055
f 3050//3050 3055//3055 3051//3051
f 3056//3056 3057//3057 3058//3058
f 3056//3056 3058//3058 3059//3059
f 3060//3060 3055//3055 3061//3061
f 3060//3060 3061//3061 3062//3062
f 3063//3063 3051//3051 3055//3055
f 3063//3063 3055//3055 3060//3060
f 3043//3043 3025//3025 3064//3064
f 3043//3043 3064//3064 3042//3042
f 3065//3065 3066//3066 3067//3067
f 3065//3065 3067//3067 3068//3068
f 3065//3065 3068//3068 3069//3069
f 3065//3065 3069//3069 3070//3070
f 3065//3065 3070//3070 3071//3071
f 3065//3065 3071//3071 3066//3066
f 3068//3068 3067//3067 3072//3072
f 3068//3068 3072//3072 3069//3069
f 3054//3054 3053//3053 3073//3073
f 3054//3054 3073//3073 3055//3055
f 3055//3055 3073//3073 3074//3074
f 3055//3055 3074//3074 3061//3061
f 3067//3067 3075//3075 3076//3076
f 3067//3067 3076//3076 3077//3077
f 3067//3067 3066//3066 3078//3078
f 3067//3067 3078//3078 3075//3075
f 3067//3067 3077//3077 3079//3079
f 3067//3067 3079//3079 3072//3072
f 3080//3080 3081//3081 3082//3082
f 3080//3080 3082//3082 3071//3071
f 3080//3080 3083//3083 3084//3084
f 3080//3080 3084//3084 3081//3081
f 3080//3080 3085//3085 3086//3086
f 3080//3080 3086//3086 3083//3083
f 3080//3080 3071//3071 3070//3070
f 3080//3080 3070//3070 3087//3087
f 3088//3088 3089//3089 3090//3090
f 3088//3088 3090//3090 3091//3091
f 3088//3088 3091//3091 3092//3092
f 3088//3088 3092//3092 3093//3093
f 3053//3053 3049//3049 3094//3094
f 3053//3053 3094//3094 3073//3073
f 3095//3095 3031//3031 3030//3030
f 3095//3095 3030//3030 3096//3096
f 3095//3095 3097//3097 3032//3032
f 3095//3095 3032//3032 3031//3031
f 3095//3095 3096//3096 3098//3098
f 3095//3095 3098//3098 3097//3097
f 3099//3099 3062//3062 3100//3100
f 3099//3099 3100//3100 3101//3101
f 3077//3077 3076//3076 3084//3084
f 3077//3077 3084//3084 3083//3083
f 3102//3102 3103//3103 3104//3104
f 3102//3102 3104//3104 3105//3105
f 3102//3102 3105//3105 3106//3106
f 3102//3102 3106//3106 3107//3107
f 3102//3102 3108//3108 3109//3109
f 3102//3102 3109//3109 3110//3110
f 3102//3102 3110//3110 3111//3111
f 3102//3102 3111//3111 3103//3103
f 3062//3062 3061//3061 3112//3112
f 3062//3062 3112//3112 3113//3113
f 3062//3062 3113//3113 3114//3114
f 3062//3062 3114//3114 3100//3100
f 3069//3069 3072//3072 3087//3087
f 3069//3069 3087//3087 3070//3070
f 3115//3115 3116//3116 3117//3117
f 3115//3115 3117//3117 3118//3118
f 3115//3115 3118//3118 3119//3119
f 3115//3115 3119//3119 3033//3033
f 3061//3061 3074//3074 3120//3120
f 3061//3061 3120//3120 3121//3121
f 3061//3061 3121//3121 3122//3122
f 3061//3061 3122//3122 3112//3112
f 3123//3123 3124//3124 3125//3125
f 3123//3123 3125//3125 3126//3126
f 3125//3125 3124//3124 3127//3127
f 3125//3125 3127//3127 3128//3128
f 3125//3125 3128//3128 3129//3129
f 3125//3125 3129//3129 3130//3130
f 3112//3112 3131//3131 3088//3088
f 3112//3112 3088//3088 3132//3132
f 3112//3112 3122//3122 3133//3133
f 3112//3112 3133//3133 3131//3131
f 3129//3129 3090//3090 3089//3089
f 3129//3129 3089//3089 3130//3130
f 3134//3134 3135//3135 3136//3136
f 3134//3134 3136//3136 3137//3137
f 3138//3138 3139//3139 3140//3140
f 3138//3138 3140//3140 3141//3141
f 3136//3136 3142//3142 3143//3143
f 3136//3136 3143//3143 3137//3137
f 3135//3135 3144//3144 3145//3145
f 3135//3135 3145//3145 3139//3139
f 3146//3146 3147//3147 3145//3145
f 3146//3146 3145//3145 3148//3148
f 3146//3146 3059//3059 3149//3149
f 3146//3146 3149//3149 3147//3147
f 3106//3106 3096//3096 3030//3030
f 3106//3106 3030//3030 3107//3107
f 3106//3106 3134//3134 3098//3098
f 3106//3106 3098//3098 3096//3096
f 3150//3150 3151//3151 3152//3152
f 3150//3150 3152//3152 3153//3153
f 3120//3120 3074//3074 3151//3151
f 3120//3120 3151//3151 3150//3150
f 3114//3114 3154//3154 3155//3155
f 3114//3114 3155//3155 3100//3100
f 3156//3156 3157//3157 3154//3154
f 3156//3156 3154//3154 3114//3114
f 3158//3158 3098//3098 3134//3134
f 3158//3158 3134//3134 3137//3137
f 3085//3085 3159//3159 3160//3160
f 3085//3085 3160//3160 3161//3161
f 3085//3085 3103//3103 3111//3111
f 3085//3085 3111//3111 3086//3086
f 3085//3085 3161//3161 3162//3162
f 3085//3085 3162//3162 3103//3103
f 3163//3163 3164//3164 3165//3165
f 3163//3163 3165//3165 3166//3166
f 3167//3167 3168//3168 3164//3164
f 3167//3167 3164//3164 3163//3163
f 3163//3163 3166//3166 3169//3169
f 3163//3163 3169//3169 3167//3167
f 3103//3103 3162//3162 3170//3170
f 3103//3103 3170//3170 3104//3104
f 3171//3171 3130//3130 3089//3089
f 3171//3171 3089//3089 3172//3172
f 3173//3173 3174//3174 3171//3171
f 3173//3173 3171//3171 3175//3175
f 3159//3159 3079//3079 3176//3176
f 3159//3159 3176//3176 3177//3177
f 3087//3087 3072//3072 3079//3079
f 3087//3087 3079//3079 3159//3159
f 3120//3120 3150//3150 3178//3178
f 3120//3120 3178//3178 3179//3179
f 3120//3120 3179//3179 3180//3180
f 3120//3120 3180//3180 3181//3181
f 3120//3120 3181//3181 3182//3182
f 3120//3120 3182//3182 3121//3121
f 3079//3079 3183//3183 3184//3184
f 3079//3079 3184//3184 3176//3176
f 3077//3077 3185//3185 3183//3183
f 3077//3077 3183//3183 3079//3079
f 3186//3186 3187//3187 3188//3188
f 3186//3186 3188//3188 3189//3189
f 3186//3186 3189//3189 3170//3170
f 3186//3186 3170//3170 3162//3162
f 3190//3190 3191//3191 3192//3192
f 3190//3190 3192//3192 3187//3187
f 3162//3162 3161//3161 3191//3191
f 3162//3162 3191//3191 3190//3190
f 3190//3190 3187//3187 3186//3186
f 3190//3190 3186//3186 3162//3162
f 3179//3179 3178//3178 3193//3193
f 3179//3179 3193//3193 3180//3180
f 3189//3189 3188//3188 3194//3194
f 3189//3189 3194//3194 3170//3170
f 3170//3170 3195//3195 3196//3196
f 3170//3170 3196//3196 3104//3104
f 3160//3160 3159//3159 3177//3177
f 3160//3160 3177//3177 3197//3197
f 3160//3160 3198//3198 3191//3191
f 3160//3160 3191//3191 3161//3161
f 3184//3184 3183//3183 3199//3199
f 3184//3184 3199//3199 3200//3200
f 3184//3184 3200//3200 3201//3201
f 3184//3184 3201//3201 3176//3176
f 3202//3202 3203//3203 3204//3204
f 3202//3202 3204//3204 3205//3205
f 3202//3202 3206//3206 3207//3207
f 3202//3202 3207//3207 3203//3203
f 3202//3202 3205//3205 3208//3208
f 3202//3202 3208//3208 3206//3206
f 3188//3188 3187//3187 3209//3209
f 3188//3188 3209//3209 3194//3194
f 3198//3198 3210//3210 3192//3192
f 3198//3198 3192//3192 3191//3191
f 3198//3198 3160//3160 3211//3211
f 3198//3198 3211//3211 3210//3210
f 3212//3212 3213//3213 3214//3214
f 3212//3212 3214//3214 3215//3215
f 3216//3216 3217//3217 3213//3213
f 3216//3216 3213//3213 3212//3212
f 3195//3195 3170//3170 3194//3194
f 3195//3195 3194//3194 3218//3218
f 3195//3195 3219//3219 3220//3220
f 3195//3195 3220//3220 3221//3221
f 3195//3195 3221//3221 3168//3168
f 3195//3195 3168//3168 3196//3196
f 3195//3195 3218//3218 3222//3222
f 3195//3195 3222//3222 3219//3219
f 3223//3223 3224//3224 3182//3182
f 3223//3223 3182//3182 3225//3225
f 3223//3223 3225//3225 3226//3226
f 3223//3223 3226//3226 3227//3227
f 3223//3223 3228//3228 3229//3229
f 3223//3223 3229//3229 3224//3224
f 3230//3230 3231//3231 3232//3232
f 3230//3230 3232//3232 3233//3233
f 3230//3230 3234//3234 3235//3235
f 3230//3230 3235//3235 3165//3165
f 3230//3230 3233//3233 3236//3236
f 3230//3230 3236//3236 3237//3237
f 3230//3230 3237//3237 3238//3238
f 3230//3230 3238//3238 3234//3234
f 3210//3210 3211//3211 3239//3239
f 3210//3210 3239//3239 3192//3192
f 3240//3240 3180//3180 3193//3193
f 3240//3240 3193//3193 3241//3241
f 3240//3240 3241//3241 3242//3242
f 3240//3240 3242//3242 3243//3243
f 3240//3240 3243//3243 3181//3181
f 3240//3240 3181//3181 3180//3180
f 3244//3244 3200//3200 3199//3199
f 3244//3244 3199//3199 3245//3245
f 3244//3244 3246//3246 3201//3201
f 3244//3244 3201//3201 3200//3200
f 3244//3244 3245//3245 3247//3247
f 3244//3244 3247//3247 3246//3246
f 3248//3248 3249//3249 3206//3206
f 3248//3248 3206//3206 3208//3208
f 3248//3248 3208//3208 3250//3250
f 3248//3248 3250//3250 3251//3251
f 3248//3248 3251//3251 3252//3252
f 3248//3248 3252//3252 3249//3249
f 3253//3253 3197//3197 3177//3177
f 3253//3253 3177//3177 3254//3254
f 3253//3253 3254//3254 3255//3255
f 3253//3253 3255//3255 3256//3256
f 3253//3253 3256//3256 3257//3257
f 3253//3253 3257//3257 3197//3197
f 3258//3258 3239//3239 3211//3211
f 3258//3258 3211//3211 3257//3257
f 3258//3258 3259//3259 3260//3260
f 3258//3258 3260//3260 3261//3261
f 3258//3258 3261//3261 3209//3209
f 3258//3258 3209//3209 3239//3239
f 3262//3262 3263//3263 3264//3264
f 3262//3262 3264//3264 3265//3265
f 3262//3262 3266//3266 3267//3267
f 3262//3262 3267//3267 3263//3263
f 3262//3262 3265//3265 3268//3268
f 3262//3262 3268//3268 3266//3266
f 3269//3269 3264//3264 3252//3252
f 3269//3269 3252//3252 3251//3251
f 3270//3270 3265//3265 3264//3264
f 3270//3270 3264//3264 3269//3269
f 3269//3269 3251//3251 3271//3271
f 3269//3269 3271//3271 3270//3270
f 3272//3272 3273//3273 3274//3274
f 3272//3272 3274//3274 3275//3275
f 3272//3272 3276//3276 3277//3277
f 3272//3272 3277//3277 3278//3278
f 3272//3272 3279//3279 3280//3280
f 3272//3272 3280//3280 3276//3276
f 3272//3272 3275//3275 3281//3281
f 3272//3272 3281//3281 3279//3279
f 3282//3282 3283//3283 3284//3284
f 3282//3282 3284//3284 3285//3285
f 3282//3282 3286//3286 3287//3287
f 3282//3282 3287//3287 3288//3288
f 3282//3282 3288//3288 3289//3289
f 3282//3282 3289//3289 3290//3290
f 3282//3282 3290//3290 3291//3291
f 3282//3282 3291//3291 3283//3283
f 3279//3279 3281//3281 3292//3292
f 3279//3279 3292//3292 3293//3293
f 3294//3294 3295//3295 3296//3296
f 3294//3294 3296//3296 3297//3297
f 3294//3294 3298//3298 3299//3299
f 3294//3294 3299//3299 3295//3295
f 3294//3294 3297//3297 3300//3300
f 3294//3294 3300//3300 3298//3298
f 3301//3301 3302//3302 3303//3303
f 3301//3301 3303//3303 3304//3304
f 3301//3301 3300//3300 3297//3297
f 3301//3301 3297//3297 3302//3302
f 3301//3301 3304//3304 3305//3305
f 3301//3301 3305//3305 3300//3300
f 3304//3304 3303//3303 3306//3306
f 3304//3304 3306//3306 3305//3305
f 3306//3306 3303//3303 3307//3307
f 3306//3306 3307//3307 3308//3308
f 3306//3306 3308//3308 3309//3309
f 3306//3306 3309//3309 3310//3310
f 3306//3306 3310//3310 3311//3311
f 3306//3306 3311//3311 3305//3305
f 3311//3311 3310//3310 3312//3312
f 3311//3311 3312//3312 3313//3313
f 3311//3311 3313//3313 3299//3299
f 3311//3311 3299//3299 3298//3298
f 3311//3311 3298//3298 3300//3300
f 3311//3311 3300//3300 3305//3305
f 3313//3313 3312//3312 3314//3314
f 3313//3313 3314//3314 3315//3315
f 3313//3313 3315//3315 3316//3316
f 3313//3313 3316//3316 3299//3299
f 3316//3316 3315//3315 3317//3317
f 3316//3316 3317//3317 3318//3318
f 3316//3316 3318//3318 3319//3319
f 3316//3316 3319//3319 3320//3320
f 3316//3316 3320//3320 3295//3295
f 3316//3316 3295//3295 3299//3299
f 3320//3320 3319//3319 3321//3321
f 3320//3320 3321//3321 3322//3322
f 3320//3320 3322//3322 3296//3296
f 3320//3320 3296//3296 3295//3295
f 3322//3322 3321//3321 3323//3323
f 3322//3322 3323//3323 3324//3324
f 3322//3322 3324//3324 3325//3325
f 3322//3322 3325//3325 3296//3296
f 3325//3325 3302//3302 3297//3297
f 3325//3325 3297//3297 3296//3296
f 3325//3325 3324//3324 3326//3326
f 3325//3325 3326//3326 3307//3307
f 3325//3325 3307//3307 3303//3303
f 3325//3325 3303//3303 3302//3302
f 3326//3326 3324//3324 3323//3323
f 3326//3326 3323//3323 3327//3327
f 3326//3326 3327//3327 3328//3328
f 3326//3326 3328//3328 3329//3329
f 3326//3326 3329//3329 3308//3308
f 3326//3326 3308//3308 3307//3307
f 3330//3330 3331//3331 3314//3314
f 3330//3330 3314//3314 3312//3312
f 3330//3330 3312//3312 3310//3310
f 3330//3330 3310//3310 3309//3309
f 3331//3331 3332//3332 3333//3333
f 3331//3331 3333//3333 3314//3314
f 3333//3333 3332//3332 3334//3334
f 3333//3333 3334//3334 3277//3277
f 3333//3333 3277//3277 3276//3276
f 3333//3333 3276//3276 3317//3317
f 3333//3333 3317//3317 3315//3315
f 3333//3333 3315//3315 3314//3314
f 3334//3334 3335//3335 3278//3278
f 3334//3334 3278//3278 3277//3277
f 3335//3335 3336//3336 3337//3337
f 3335//3335 3337//3337 3278//3278
f 3337//3337 3336//3336 3338//3338
f 3337//3337 3338//3338 3339//3339
f 3337//3337 3339//3339 3340//3340
f 3337//3337 3340//3340 3273//3273
f 3337//3337 3273//3273 3272//3272
f 3337//3337 3272//3272 3278//3278
f 3340//3340 3339//3339 3341//3341
f 3340//3340 3341//3341 3342//3342
f 3340//3340 3342//3342 3343//3343
f 3340//3340 3343//3343 3344//3344
f 3340//3340 3344//3344 3274//3274
f 3340//3340 3274//3274 3273//3273
f 3344//3344 3343//3343 3345//3345
f 3344//3344 3345//3345 3346//3346
f 3344//3344 3346//3346 3347//3347
f 3344//3344 3347//3347 3274//3274
f 3347//3347 3348//3348 3275//3275
f 3347//3347 3275//3275 3274//3274
f 3347//3347 3346//3346 3349//3349
f 3347//3347 3349//3349 3350//3350
f 3347//3347 3350//3350 3351//3351
f 3347//3347 3351//3351 3348//3348
f 3351//3351 3352//3352 3353//3353
f 3351//3351 3353//3353 3348//3348
f 3351//3351 3350//3350 3354//3354
f 3351//3351 3354//3354 3291//3291
f 3351//3351 3291//3291 3290//3290
f 3351//3351 3290//3290 3352//3352
f 3354//3354 3350//3350 3349//3349
f 3354//3354 3349//3349 3355//3355
f 3354//3354 3355//3355 3356//3356
f 3354//3354 3356//3356 3357//3357
f 3354//3354 3357//3357 3283//3283
f 3354//3354 3283//3283 3291//3291
f 3357//3357 3356//3356 3358//3358
f 3357//3357 3358//3358 3359//3359
f 3357//3357 3359//3359 3284//3284
f 3357//3357 3284//3284 3283//3283
f 3358//3358 3356//3356 3223//3223
f 3358//3358 3223//3223 3227//3227
f 3360//3360 3361//3361 3362//3362
f 3360//3360 3362//3362 3338//3338
f 3360//3360 3338//3338 3336//3336
f 3360//3360 3336//3336 3363//3363
f 3362//3362 3361//3361 3364//3364
f 3362//3362 3364//3364 3270//3270
f 3362//3362 3270//3270 3271//3271
f 3362//3362 3271//3271 3341//3341
f 3362//3362 3341//3341 3339//3339
f 3362//3362 3339//3339 3338//3338
f 3356//3356 3355//3355 3228//3228
f 3356//3356 3228//3228 3223//3223
f 3355//3355 3349//3349 3365//3365
f 3355//3355 3365//3365 3228//3228
f 3365//3365 3349//3349 3346//3346
f 3365//3365 3346//3346 3345//3345
f 3365//3365 3345//3345 3213//3213
f 3365//3365 3213//3213 3217//3217
f 3365//3365 3217//3217 3229//3229
f 3365//3365 3229//3229 3228//3228
f 3353//3353 3352//3352 3366//3366
f 3353//3353 3366//3366 3367//3367
f 3353//3353 3367//3367 3292//3292
f 3353//3353 3292//3292 3281//3281
f 3353//3353 3281//3281 3275//3275
f 3353//3353 3275//3275 3348//3348
f 3367//3367 3366//3366 3368//3368
f 3367//3367 3368//3368 3369//3369
f 3367//3367 3369//3369 3370//3370
f 3367//3367 3370//3370 3292//3292
f 3370//3370 3369//3369 3371//3371
f 3370//3370 3371//3371 3372//3372
f 3370//3370 3372//3372 3373//3373
f 3370//3370 3373//3373 3374//3374
f 3370//3370 3374//3374 3293//3293
f 3370//3370 3293//3293 3292//3292
f 3374//3374 3373//3373 3375//3375
f 3374//3374 3375//3375 3376//3376
f 3374//3374 3376//3376 3377//3377
f 3374//3374 3377//3377 3293//3293
f 3377//3377 3378//3378 3279//3279
f 3377//3377 3279//3279 3293//3293
f 3377//3377 3376//3376 3379//3379
f 3377//3377 3379//3379 3380//3380
f 3377//3377 3380//3380 3381//3381
f 3377//3377 3381//3381 3378//3378
f 3381//3381 3382//3382 3383//3383
f 3381//3381 3383//3383 3378//3378
f 3381//3381 3380//3380 3384//3384
f 3381//3381 3384//3384 3287//3287
f 3381//3381 3287//3287 3286//3286
f 3381//3381 3286//3286 3382//3382
f 3384//3384 3380//3380 3379//3379
f 3384//3384 3379//3379 3385//3385
f 3384//3384 3385//3385 3386//3386
f 3384//3384 3386//3386 3387//3387
f 3384//3384 3387//3387 3288//3288
f 3384//3384 3288//3288 3287//3287
f 3387//3387 3386//3386 3388//3388
f 3387//3387 3388//3388 3389//3389
f 3387//3387 3389//3389 3289//3289
f 3387//3387 3289//3289 3288//3288
f 3389//3389 3388//3388 3390//3390
f 3389//3389 3390//3390 3368//3368
f 3389//3389 3368//3368 3366//3366
f 3389//3389 3366//3366 3289//3289
f 3390//3390 3388//3388 3232//3232
f 3390//3390 3232//3232 3220//3220
f 3390//3390 3220//3220 3219//3219
f 3390//3390 3219//3219 3371//3371
f 3390//3390 3371//3371 3369//3369
f 3390//3390 3369//3369 3368//3368
f 3388//3388 3386//3386 3233//3233
f 3388//3388 3233//3233 3232//3232
f 3386//3386 3385//3385 3236//3236
f 3386//3386 3236//3236 3233//3233
f 3385//3385 3379//3379 3391//3391
f 3385//3385 3391//3391 3236//3236
f 3391//3391 3379//3379 3376//3376
f 3391//3391 3376//3376 3375//3375
f 3391//3391 3375//3375 3259//3259
f 3391//3391 3259//3259 3392//3392
f 3391//3391 3392//3392 3237//3237
f 3391//3391 3237//3237 3236//3236
f 3392//3392 3259//3259 3258//3258
f 3392//3392 3258//3258 3393//3393
f 3392//3392 3393//3393 3238//3238
f 3392//3392 3238//3238 3237//3237
f 3393//3393 3258//3258 3257//3257
f 3393//3393 3257//3257 3256//3256
f 3393//3393 3256//3256 3247//3247
f 3393//3393 3247//3247 3238//3238
f 3383//3383 3319//3319 3318//3318
f 3383//3383 3318//3318 3280//3280
f 3383//3383 3280//3280 3279//3279
f 3383//3383 3279//3279 3378//3378
f 3383//3383 3382//3382 3321//3321
f 3383//3383 3321//3321 3319//3319
f 3382//3382 3286//3286 3323//3323
f 3382//3382 3323//3323 3321//3321
f 3375//3375 3373//3373 3260//3260
f 3375//3375 3260//3260 3259//3259
f 3373//3373 3372//3372 3222//3222
f 3373//3373 3222//3222 3260//3260
f 3372//3372 3371//3371 3219//3219
f 3372//3372 3219//3219 3222//3222
f 3366//3366 3352//3352 3290//3290
f 3366//3366 3290//3290 3289//3289
f 3345//3345 3343//3343 3214//3214
f 3345//3345 3214//3214 3213//3213
f 3343//3343 3342//3342 3394//3394
f 3343//3343 3394//3394 3214//3214
f 3394//3394 3342//3342 3341//3341
f 3394//3394 3341//3341 3271//3271
f 3394//3394 3271//3271 3251//3251
f 3394//3394 3251//3251 3250//3250
f 3394//3394 3250//3250 3215//3215
f 3394//3394 3215//3215 3214//3214
f 3318//3318 3317//3317 3276//3276
f 3318//3318 3276//3276 3280//3280
f 3395//3395 3327//3327 3323//3323
f 3395//3395 3323//3323 3286//3286
f 3395//3395 3286//3286 3282//3282
f 3395//3395 3282//3282 3285//3285
f 3270//3270 3364//3364 3268//3268
f 3270//3270 3268//3268 3265//3265
f 3264//3264 3263//3263 3396//3396
f 3264//3264 3396//3396 3252//3252
f 3396//3396 3397//3397 3249//3249
f 3396//3396 3249//3249 3252//3252
f 3396//3396 3263//3263 3267//3267
f 3396//3396 3267//3267 3398//3398
f 3399//3399 3398//3398 3178//3178
f 3399//3399 3178//3178 3150//3150
f 3397//3397 3207//3207 3206//3206
f 3397//3397 3206//3206 3249//3249
f 3399//3399 3150//3150 3153//3153
f 3399//3399 3153//3153 3400//3400
f 3261//3261 3260//3260 3222//3222
f 3261//3261 3222//3222 3218//3218
f 3261//3261 3218//3218 3194//3194
f 3261//3261 3194//3194 3209//3209
f 3257//3257 3211//3211 3160//3160
f 3257//3257 3160//3160 3197//3197
f 3255//3255 3254//3254 3201//3201
f 3255//3255 3201//3201 3246//3246
f 3255//3255 3246//3246 3247//3247
f 3255//3255 3247//3247 3256//3256
f 3254//3254 3177//3177 3176//3176
f 3254//3254 3176//3176 3201//3201
f 3250//3250 3208//3208 3205//3205
f 3250//3250 3205//3205 3215//3215
f 3247//3247 3245//3245 3234//3234
f 3247//3247 3234//3234 3238//3238
f 3245//3245 3199//3199 3235//3235
f 3245//3245 3235//3235 3234//3234
f 3243//3243 3242//3242 3226//3226
f 3243//3243 3226//3226 3225//3225
f 3243//3243 3225//3225 3182//3182
f 3243//3243 3182//3182 3181//3181
f 3239//3239 3209//3209 3187//3187
f 3239//3239 3187//3187 3192//3192
f 3235//3235 3199//3199 3183//3183
f 3235//3235 3183//3183 3185//3185
f 3235//3235 3185//3185 3166//3166
f 3235//3235 3166//3166 3165//3165
f 3232//3232 3231//3231 3221//3221
f 3232//3232 3221//3221 3220//3220
f 3231//3231 3230//3230 3165//3165
f 3231//3231 3165//3165 3164//3164
f 3231//3231 3164//3164 3168//3168
f 3231//3231 3168//3168 3221//3221
f 3229//3229 3217//3217 3216//3216
f 3229//3229 3216//3216 3133//3133
f 3229//3229 3133//3133 3122//3122
f 3229//3229 3122//3122 3224//3224
f 3224//3224 3122//3122 3121//3121
f 3224//3224 3121//3121 3182//3182
f 3216//3216 3212//3212 3401//3401
f 3216//3216 3401//3401 3172//3172
f 3216//3216 3172//3172 3131//3131
f 3216//3216 3131//3131 3133//3133
f 3402//3402 3215//3215 3205//3205
f 3402//3402 3205//3205 3204//3204
f 3402//3402 3204//3204 3154//3154
f 3402//3402 3154//3154 3157//3157
f 3207//3207 3403//3403 3155//3155
f 3207//3207 3155//3155 3203//3203
f 3204//3204 3203//3203 3155//3155
f 3204//3204 3155//3155 3154//3154
f 3172//3172 3089//3089 3088//3088
f 3172//3172 3088//3088 3131//3131
f 3404//3404 3123//3123 3126//3126
f 3404//3404 3126//3126 3405//3405
f 3404//3404 3117//3117 3406//3406
f 3404//3404 3406//3406 3407//3407
f 3406//3406 3408//3408 3158//3158
f 3406//3406 3158//3158 3407//3407
f 3406//3406 3117//3117 3116//3116
f 3406//3406 3116//3116 3409//3409
f 3406//3406 3409//3409 3410//3410
f 3406//3406 3410//3410 3408//3408
f 3410//3410 3032//3032 3097//3097
f 3410//3410 3097//3097 3408//3408
f 3410//3410 3409//3409 3411//3411
f 3410//3410 3411//3411 3412//3412
f 3410//3410 3412//3412 3027//3027
f 3410//3410 3027//3027 3032//3032
f 3412//3412 3411//3411 3413//3413
f 3412//3412 3413//3413 3414//3414
f 3412//3412 3414//3414 3028//3028
f 3412//3412 3028//3028 3027//3027
f 3414//3414 3413//3413 3415//3415
f 3414//3414 3415//3415 3416//3416
f 3414//3414 3416//3416 3417//3417
f 3414//3414 3417//3417 3028//3028
f 3417//3417 3038//3038 3029//3029
f 3417//3417 3029//3029 3028//3028
f 3417//3417 3416//3416 3418//3418
f 3417//3417 3418//3418 3419//3419
f 3417//3417 3419//3419 3420//3420
f 3417//3417 3420//3420 3038//3038
f 3420//3420 3421//3421 3039//3039
f 3420//3420 3039//3039 3038//3038
f 3420//3420 3419//3419 3422//3422
f 3420//3420 3422//3422 3423//3423
f 3420//3420 3423//3423 3424//3424
f 3420//3420 3424//3424 3421//3421
f 3422//3422 3419//3419 3418//3418
f 3422//3422 3418//3418 3425//3425
f 3426//3426 3427//3427 3428//3428
f 3426//3426 3428//3428 3429//3429
f 3426//3426 3429//3429 3058//3058
f 3426//3426 3058//3058 3057//3057
f 3429//3429 3428//3428 3007//3007
f 3429//3429 3007//3007 3009//3009
f 3429//3429 3009//3009 3430//3430
f 3429//3429 3430//3430 3058//3058
f 3430//3430 3009//3009 3008//3008
f 3430//3430 3008//3008 3431//3431
f 3430//3430 3431//3431 3432//3432
f 3430//3430 3432//3432 3149//3149
f 3430//3430 3149//3149 3059//3059
f 3430//3430 3059//3059 3058//3058
f 3432//3432 3431//3431 3433//3433
f 3432//3432 3433//3433 3434//3434
f 3432//3432 3434//3434 3435//3435
f 3432//3432 3435//3435 3436//3436
f 3432//3432 3436//3436 3147//3147
f 3432//3432 3147//3147 3149//3149
f 3436//3436 3435//3435 3140//3140
f 3436//3436 3140//3140 3139//3139
f 3436//3436 3139//3139 3145//3145
f 3436//3436 3145//3145 3147//3147
f 3435//3435 3434//3434 3437//3437
f 3435//3435 3437//3437 3438//3438
f 3435//3435 3438//3438 3128//3128
f 3435//3435 3128//3128 3140//3140
f 3438//3438 3437//3437 3091//3091
f 3438//3438 3091//3091 3090//3090
f 3438//3438 3090//3090 3129//3129
f 3438//3438 3129//3129 3128//3128
f 3437//3437 3439//3439 3092//3092
f 3437//3437 3092//3092 3091//3091
f 3437//3437 3434//3434 3433//3433
f 3437//3437 3433//3433 3439//3439
f 3439//3439 3002//3002 3001//3001
f 3439//3439 3001//3001 3092//3092
f 3439//3439 3433//3433 3005//3005
f 3439//3439 3005//3005 3002//3002
f 3433//3433 3431//3431 3008//3008
f 3433//3433 3008//3008 3005//3005
f 3428//3428 3427//3427 3440//3440
f 3428//3428 3440//3440 3441//3441
f 3428//3428 3441//3441 3004//3004
f 3428//3428 3004//3004 3007//3007
f 3441//3441 3440//3440 3442//3442
f 3441//3441 3442//3442 3443//3443
f 3441//3441 3443//3443 3000//3000
f 3441//3441 3000//3000 3004//3004
f 3443//3443 3442//3442 3444//3444
f 3443//3443 3444//3444 3445//3445
f 3443//3443 3445//3445 3001//3001
f 3443//3443 3001//3001 3000//3000
f 3445//3445 3444//3444 3047//3047
f 3445//3445 3047//3047 3093//3093
f 3445//3445 3093//3093 3092//3092
f 3445//3445 3092//3092 3001//3001
f 3446//3446 3447//3447 3448//3448
f 3446//3446 3448//3448 3449//3449
f 3446//3446 3449//3449 3450//3450
f 3446//3446 3450//3450 3048//3048
f 3450//3450 3449//3449 3012//3012
f 3450//3450 3012//3012 3011//3011
f 3450//3450 3011//3011 3016//3016
f 3450//3450 3016//3016 3451//3451
f 3450//3450 3451//3451 3046//3046
f 3450//3450 3046//3046 3048//3048
f 3449//3449 3448//3448 3452//3452
f 3449//3449 3452//3452 3012//3012
f 3452//3452 3415//3415 3413//3413
f 3452//3452 3413//3413 3453//3453
f 3452//3452 3453//3453 3013//3013
f 3452//3452 3013//3013 3012//3012
f 3452//3452 3448//3448 3454//3454
f 3452//3452 3454//3454 3415//3415
f 3454//3454 3418//3418 3416//3416
f 3454//3454 3416//3416 3415//3415
f 3454//3454 3448//3448 3447//3447
f 3454//3454 3447//3447 3455//3455
f 3454//3454 3455//3455 3425//3425
f 3454//3454 3425//3425 3418//3418
f 3453//3453 3413//3413 3411//3411
f 3453//3453 3411//3411 3456//3456
f 3453//3453 3456//3456 3014//3014
f 3453//3453 3014//3014 3013//3013
f 3456//3456 3411//3411 3409//3409
f 3456//3456 3409//3409 3116//3116
f 3456//3456 3116//3116 3115//3115
f 3456//3456 3115//3115 3014//3014
f 3421//3421 3457//3457 3458//3458
f 3421//3421 3458//3458 3039//3039
f 3421//3421 3424//3424 3459//3459
f 3421//3421 3459//3459 3457//3457
f 3457//3457 3460//3460 3461//3461
f 3457//3457 3461//3461 3458//3458
f 3457//3457 3459//3459 3462//3462
f 3457//3457 3462//3462 3460//3460
f 3462//3462 3075//3075 3078//3078
f 3462//3462 3078//3078 3460//3460
f 3462//3462 3459//3459 3463//3463
f 3462//3462 3463//3463 3464//3464
f 3462//3462 3464//3464 3076//3076
f 3462//3462 3076//3076 3075//3075
f 3464//3464 3463//3463 3109//3109
f 3464//3464 3109//3109 3465//3465
f 3464//3464 3465//3465 3084//3084
f 3464//3464 3084//3084 3076//3076
f 3465//3465 3109//3109 3108//3108
f 3465//3465 3108//3108 3466//3466
f 3465//3465 3466//3466 3081//3081
f 3465//3465 3081//3081 3084//3084
f 3466//3466 3108//3108 3458//3458
f 3466//3466 3458//3458 3461//3461
f 3466//3466 3461//3461 3082//3082
f 3466//3466 3082//3082 3081//3081
f 3461//3461 3460//3460 3078//3078
f 3461//3461 3078//3078 3082//3082
f 3408//3408 3097//3097 3098//3098
f 3408//3408 3098//3098 3158//3158
f 3407//3407 3158//3158 3137//3137
f 3407//3407 3137//3137 3143//3143
f 3168//3168 3167//3167 3467//3467
f 3168//3168 3467//3467 3196//3196
f 3159//3159 3085//3085 3080//3080
f 3159//3159 3080//3080 3087//3087
f 3156//3156 3114//3114 3041//3041
f 3156//3156 3041//3041 3468//3468
f 3155//3155 3403//3403 3101//3101
f 3155//3155 3101//3101 3100//3100
f 3151//3151 3074//3074 3073//3073
f 3151//3151 3073//3073 3094//3094
f 3152//3152 3469//3469 3099//3099
f 3152//3152 3099//3099 3101//3101
f 3166//3166 3111//3111 3110//3110
f 3166//3166 3110//3110 3169//3169
f 3115//3115 3033//3033 3015//3015
f 3115//3115 3015//3015 3014//3014
f 3112//3112 3132//3132 3470//3470
f 3112//3112 3470//3470 3113//3113
f 3105//3105 3104//3104 3196//3196
f 3105//3105 3196//3196 3467//3467
f 3106//3106 3144//3144 3135//3135
f 3106//3106 3135//3135 3134//3134
f 3471//3471 3472//3472 3022//3022
f 3471//3471 3022//3022 3021//3021
f 3471//3471 3469//3469 3052//3052
f 3471//3471 3052//3052 3473//3473
f 3471//3471 3473//3473 3017//3017
f 3471//3471 3017//3017 3472//3472
f 3472//3472 3064//3064 3025//3025
f 3472//3472 3025//3025 3022//3022
f 3472//3472 3017//3017 3020//3020
f 3472//3472 3020//3020 3064//3064
f 3094//3094 3049//3049 3052//3052
f 3094//3094 3052//3052 3469//3469
f 3111//3111 3166//3166 3185//3185
f 3111//3111 3185//3185 3077//3077
f 3086//3086 3111//3111 3077//3077
f 3086//3086 3077//3077 3083//3083
f 3082//3082 3078//3078 3066//3066
f 3082//3082 3066//3066 3071//3071
f 3064//3064 3020//3020 3024//3024
f 3064//3064 3024//3024 3042//3042
f 3463//3463 3169//3169 3110//3110
f 3463//3463 3110//3110 3109//3109
f 3474//3474 3475//3475 3056//3056
f 3474//3474 3056//3056 3059//3059
f 3148//3148 3474//3474 3059//3059
f 3148//3148 3059//3059 3146//3146
f 3052//3052 3051//3051 3063//3063
f 3052//3052 3063//3063 3473//3473
f 3042//3042 3041//3041 3470//3470
f 3042//3042 3470//3470 3043//3043
f 3470//3470 3041//3041 3114//3114
f 3470//3470 3114//3114 3113//3113
f 3043//3043 3040//3040 3023//3023
f 3043//3043 3023//3023 3025//3025
f 3107//3107 3030//3030 3039//3039
f 3107//3107 3039//3039 3458//3458
f 3107//3107 3458//3458 3108//3108
f 3107//3107 3108//3108 3102//3102
f 3018//3018 3017//3017 3473//3473
f 3018//3018 3473//3473 3063//3063
f 3021//3021 3018//3018 3063//3063
f 3021//3021 3063//3063 3060//3060
f 3471//3471 3021//3021 3060//3060
f 3471//3471 3060//3060 3469//3469
f 3469//3469 3060//3060 3062//3062
f 3469//3469 3062//3062 3099//3099
f 3329//3329 3330//3330 3309//3309
f 3329//3329 3309//3309 3308//3308
f 3329//3329 3328//3328 3331//3331
f 3329//3329 3331//3331 3330//3330
f 3332//3332 3331//3331 3328//3328
f 3332//3332 3328//3328 3476//3476
f 3334//3334 3332//3332 3476//3476
f 3334//3334 3476//3476 3477//3477
f 3335//3335 3334//3334 3477//3477
f 3335//3335 3477//3477 3478//3478
f 3336//3336 3335//3335 3478//3478
f 3336//3336 3478//3478 3363//3363
f 3328//3328 3327//3327 3395//3395
f 3328//3328 3395//3395 3476//3476
f 3477//3477 3476//3476 3395//3395
f 3477//3477 3395//3395 3285//3285
f 3478//3478 3477//3477 3285//3285
f 3478//3478 3285//3285 3284//3284
f 3363//3363 3478//3478 3284//3284
f 3363//3363 3284//3284 3359//3359
f 3358//3358 3360//3360 3363//3363
f 3358//3358 3363//3363 3359//3359
f 3358//3358 3227//3227 3361//3361
f 3358//3358 3361//3361 3360//3360
f 3364//3364 3361//3361 3227//3227
f 3364//3364 3227//3227 3226//3226
f 3268//3268 3364//3364 3226//3226
f 3268//3268 3226//3226 3242//3242
f 3266//3266 3268//3268 3242//3242
f 3266//3266 3242//3242 3241//3241
f 3267//3267 3266//3266 3241//3241
f 3267//3267 3241//3241 3193//3193
f 3398//3398 3267//3267 3193//3193
f 3398//3398 3193//3193 3178//3178
f 3153//3153 3152//3152 3101//3101
f 3153//3153 3101//3101 3403//3403
f 3397//3397 3399//3399 3400//3400
f 3397//3397 3400//3400 3207//3207
f 3396//3396 3398//3398 3399//3399
f 3396//3396 3399//3399 3397//3397
f 3207//3207 3400//3400 3153//3153
f 3207//3207 3153//3153 3403//3403
f 3152//3152 3151//3151 3094//3094
f 3152//3152 3094//3094 3469//3469
f 3157//3157 3156//3156 3479//3479
f 3157//3157 3479//3479 3480//3480
f 3481//3481 3402//3402 3157//3157
f 3481//3481 3157//3157 3480//3480
f 3212//3212 3215//3215 3402//3402
f 3212//3212 3402//3402 3481//3481
f 3479//3479 3482//3482 3173//3173
f 3479//3479 3173//3173 3175//3175
f 3212//3212 3481//3481 3480//3480
f 3212//3212 3480//3480 3401//3401
f 3459//3459 3424//3424 3169//3169
f 3459//3459 3169//3169 3463//3463
f 3467//3467 3144//3144 3106//3106
f 3467//3467 3106//3106 3105//3105
f 3145//3145 3144//3144 3467//3467
f 3145//3145 3467//3467 3148//3148
f 3167//3167 3474//3474 3148//3148
f 3167//3167 3148//3148 3467//3467
f 3404//3404 3405//3405 3118//3118
f 3404//3404 3118//3118 3117//3117
f 3404//3404 3407//3407 3143//3143
f 3404//3404 3143//3143 3123//3123
f 3124//3124 3123//3123 3143//3143
f 3124//3124 3143//3143 3142//3142
f 3141//3141 3127//3127 3124//3124
f 3141//3141 3124//3124 3142//3142
f 3136//3136 3138//3138 3141//3141
f 3136//3136 3141//3141 3142//3142
f 3135//3135 3139//3139 3138//3138
f 3135//3135 3138//3138 3136//3136
f 3128//3128 3127//3127 3141//3141
f 3128//3128 3141//3141 3140//3140
f 3118//3118 3405//3405 3483//3483
f 3118//3118 3483//3483 3119//3119
f 3484//3484 3483//3483 3405//3405
f 3484//3484 3405//3405 3126//3126
f 3174//3174 3484//3484 3126//3126
f 3174//3174 3126//3126 3125//3125
f 3171//3171 3174//3174 3125//3125
f 3171//3171 3125//3125 3130//3130
f 3171//3171 3172//3172 3401//3401
f 3171//3171 3401//3401 3175//3175
f 3479//3479 3175//3175 3401//3401
f 3479//3479 3401//3401 3480//3480
f 3484//3484 3482//3482 3468//3468
f 3484//3484 3468//3468 3483//3483
f 3173//3173 3482//3482 3484//3484
f 3173//3173 3484//3484 3174//3174
f 3167//3167 3169//3169 3475//3475
f 3167//3167 3475//3475 3474//3474
f 3424//3424 3423//3423 3057//3057
f 3424//3424 3057//3057 3056//3056
f 3422//3422 3426//3426 3057//3057
f 3422//3422 3057//3057 3423//3423
f 3422//3422 3425//3425 3427//3427
f 3422//3422 3427//3427 3426//3426
f 3440//3440 3427//3427 3425//3425
f 3440//3440 3425//3425 3455//3455
f 3442//3442 3440//3440 3455//3455
f 3442//3442 3455//3455 3447//3447
f 3444//3444 3442//3442 3447//3447
f 3444//3444 3447//3447 3446//3446
f 3047//3047 3444//3444 3446//3446
f 3047//3047 3446//3446 3048//3048
f 3475//3475 3169//3169 3424//3424
f 3475//3475 3424//3424 3056//3056
f 3045//3045 3485//3485 3093//3093
f 3045//3045 3093//3093 3047//3047
f 3088//3088 3486//3486 3044//3044
f 3088//3088 3044//3044 3132//3132
f 3485//3485 3486//3486 3088//3088
f 3485//3485 3088//3088 3093//3093
f 3485//3485 3045//3045 3044//3044
f 3485//3485 3044//3044 3486//3486
f 3451//3451 3040//3040 3043//3043
f 3451//3451 3043//3043 3046//3046
f 3036//3036 3040//3040 3451//3451
f 3036//3036 3451//3451 3016//3016
f 3044//3044 3043//3043 3470//3470
f 3044//3044 3470//3470 3132//3132
f 3035//3035 3036//3036 3016//3016
f 3035//3035 3016//3016 3015//3015
f 3487//3487 3037//3037 3035//3035
f 3487//3487 3035//3035 3034//3034
f 3041//3041 3037//3037 3487//3487
f 3041//3041 3487//3487 3468//3468
f 3034//3034 3033//3033 3119//3119
f 3034//3034 3119//3119 3487//3487
f 3119//3119 3483//3483 3468//3468
f 3119//3119 3468//3468 3487//3487
f 3479//3479 3156//3156 3468//3468
f 3479//3479 3468//3468 3482//3482
