# Generated by Visualization Toolkit
v 0.08310499787330627 0.10580199956893921 -0.0002229999954579398
v 0.08295699954032898 0.10721399635076523 -0.00014899999951012433
v 0.08286599814891815 0.10778699815273285 0.00046999999904073775
v 0.08283700048923492 0.10646100342273712 0.00046999999904073775
v 0.08345799893140793 0.10508999973535538 -0.000965000013820827
v 0.08384600281715393 0.1062380000948906 -0.001626000041142106
v 0.08190199732780457 0.10371600091457367 0.00046999999904073775
v 0.07875099778175354 0.1022460013628006 -0.00005500000042957254
v 0.08581700176000595 0.10975799709558487 -0.0005699999746866524
v 0.08414100110530853 0.11100000143051147 0.00046999999904073775
v 0.08591099828481674 0.11044500023126602 -0.0023350000847131014
v 0.08295699954032898 0.10721399635076523 0.0010489999549463391
v 0.08310499787330627 0.10580199956893921 0.0011230000527575612
v 0.08581700176000595 0.10975799709558487 0.0014700000174343586
v 0.07875099778175354 0.1022460013628006 0.0009549999958835542
v 0.08375799655914307 0.10574299842119217 -0.0027550000231713057
v 0.08340399712324142 0.10725799947977066 -0.0026569999754428864
v 0.08225400000810623 0.10246700048446655 -0.0020699999295175076
v 0.08224300295114517 0.10354900360107422 -0.0038109999150037766
v 0.07700099796056747 0.09708800166845322 -0.0006699999794363976
v 0.07670900225639343 0.09807900339365005 0.00046999999904073775
v 0.07700099796056747 0.09708800166845322 0.0015699999639764428
v 0.07689899951219559 0.09741800278425217 -0.0028780000284314156
v 0.08706799894571304 0.11626400053501129 -0.0001720000000204891
v 0.0869159996509552 0.11603900045156479 0.0004710000066552311
v 0.08706700056791306 0.11577499657869339 -0.0024300001095980406
v 0.08706799894571304 0.11626400053501129 0.0010720000136643648
v 0.08296900242567062 0.10881199687719345 -0.003438000101596117
v 0.08507700264453888 0.11325500160455704 -0.0034620000515133142
v 0.0852930024266243 0.11584299802780151 -0.003145999973639846
v 0.08384600281715393 0.1062380000948906 0.0025259999092668295
v 0.08345799893140793 0.10508999973535538 0.0018649999983608723
v 0.08591099828481674 0.11044500023126602 0.003234999952837825
v 0.08706700056791306 0.11577499657869339 0.003329999977722764
v 0.08225400000810623 0.10246700048446655 0.0029700000304728746
v 0.07689899951219559 0.09741800278425217 0.003777999896556139
v 0.08290500193834305 0.10642799735069275 -0.003978999797254801
v 0.0766490027308464 0.0986580029129982 -0.0036830001045018435
v 0.07837799936532974 0.10028699785470963 -0.004788000136613846
v 0.08200900256633759 0.102852001786232 -0.005382999777793884
v 0.08344600349664688 0.10563399642705917 -0.004964000079780817
v 0.07810100167989731 0.09206999838352203 0.00046999999904073775
v 0.07793799787759781 0.09272699803113937 -0.002369999885559082
v 0.07793799787759781 0.09272699803113937 0.003269999986514449
v 0.07728800177574158 0.09313300251960754 -0.006072999909520149
v 0.08578799664974213 0.116348996758461 -0.0009369999752379954
v 0.08572699874639511 0.11613699793815613 -0.002727000042796135
v 0.0862329974770546 0.11565999686717987 0.0004710000066552311
v 0.08578799664974213 0.116348996758461 0.0018370000179857016
v 0.08606100082397461 0.11566100269556046 0.0002859999949578196
v 0.08572699874639511 0.11613699793815613 0.0036269999109208584
v 0.08338700234889984 0.10780400037765503 -0.004639999940991402
v 0.0849509984254837 0.11063700169324875 -0.004914000164717436
v 0.08491899818181992 0.11698000133037567 -0.004393999930471182
v 0.08390600234270096 0.11281199753284454 -0.003364000003784895
v 0.08469799906015396 0.11375100165605545 -0.0020910000894218683
v 0.08333200216293335 0.11452800035476685 -0.00434499979019165
v 0.08340399712324142 0.10725799947977066 0.0035570000763982534
v 0.08375799655914307 0.10574299842119217 0.003654999891296029
v 0.08224300295114517 0.10354900360107422 0.0047109997831285
v 0.08507700264453888 0.11325500160455704 0.004362000152468681
v 0.08296900242567062 0.10881199687719345 0.0043379999697208405
v 0.0852930024266243 0.11584299802780151 0.004046000074595213
v 0.0766490027308464 0.0986580029129982 0.0045830002054572105
v 0.07728800177574158 0.09313300251960754 0.006972999777644873
v 0.07653500139713287 0.09765300154685974 -0.005504999775439501
v 0.08355599641799927 0.10584399849176407 -0.0067529999651014805
v 0.08174099773168564 0.10272099822759628 -0.007147999946027994
v 0.07643599808216095 0.09799200296401978 -0.007714000064879656
v 0.07659099996089935 0.0976170003414154 -0.006852000020444393
v 0.0835380032658577 0.10692799836397171 -0.006486999802291393
v 0.07843200117349625 0.08960100263357162 -0.003324999939650297
v 0.0788939967751503 0.08936899900436401 0.00046999999904073775
v 0.07843200117349625 0.08960100263357162 0.004224999807775021
v 0.07727299630641937 0.09010600298643112 -0.007153999991714954
v 0.07727299630641937 0.09010600298643112 0.008054000325500965
v 0.07590699940919876 0.0907519981265068 -0.010816999711096287
v 0.0762069970369339 0.09403199702501297 -0.00954699981957674
v 0.08514100313186646 0.11322599649429321 0.00046999999904073775
v 0.08500699698925018 0.11328600347042084 -0.00009999999747378752
v 0.08469799906015396 0.11375100165605545 0.0029909999575465918
v 0.08500699698925018 0.11328600347042084 0.0010000000474974513
v 0.08390600234270096 0.11281199753284454 0.004263999871909618
v 0.08490400016307831 0.11041799932718277 -0.0064860000275075436
v 0.08539500087499619 0.11409100145101547 -0.005919999908655882
v 0.08494500070810318 0.11745700240135193 -0.005942000076174736
v 0.08159899711608887 0.10922499746084213 -0.00395999988541007
v 0.081325002014637 0.11299300193786621 -0.005109999794512987
v 0.07929100096225739 0.10955300182104111 -0.005950000137090683
v 0.08255500346422195 0.11220099776983261 -0.002136999974027276
v 0.08107899874448776 0.10894399881362915 -0.0032420000061392784
v 0.08371099829673767 0.11314000189304352 -0.002211000071838498
v 0.08251000195741653 0.11514600366353989 -0.007368000224232674
v 0.08104199916124344 0.11337000131607056 -0.006850999779999256
v 0.08424700051546097 0.11728200316429138 -0.0069969999603927135
v 0.08290500193834305 0.10642799735069275 0.0048790001310408115
v 0.08200900256633759 0.102852001786232 0.006283000111579895
v 0.07837799936532974 0.10028699785470963 0.005688000004738569
v 0.08344600349664688 0.10563399642705917 0.0058639999479055405
v 0.0849509984254837 0.11063700169324875 0.005814000032842159
v 0.08338700234889984 0.10780400037765503 0.005539999809116125
v 0.08491899818181992 0.11698000133037567 0.005293999798595905
v 0.08333200216293335 0.11452800035476685 0.005245000123977661
v 0.0762069970369339 0.09403199702501297 0.010447000153362751
v 0.07590699940919876 0.0907519981265068 0.011717000044882298
v 0.07659099996089935 0.0976170003414154 0.007751999888569117
v 0.07653500139713287 0.09765300154685974 0.0064050001092255116
v 0.07643599808216095 0.09799200296401978 0.00861399993300438
v 0.08299700170755386 0.10558199882507324 -0.00849399995058775
v 0.08295899629592896 0.10774199664592743 -0.007952000014483929
v 0.08121100068092346 0.10324700176715851 -0.009308000095188618
v 0.07583600282669067 0.09837900102138519 -0.00940600037574768
v 0.08416900038719177 0.11025899648666382 -0.007977000437676907
v 0.07867799699306488 0.08731400221586227 -0.0033100000582635403
v 0.07921099662780762 0.08722800016403198 0.0004710000066552311
v 0.0775350034236908 0.08754900097846985 -0.007094999775290489
v 0.07867799699306488 0.08731400221586227 0.004209999926388264
v 0.0775350034236908 0.08754900097846985 0.0079950001090765
v 0.07604700326919556 0.08795200288295746 -0.010711999610066414
v 0.07604700326919556 0.08795200288295746 0.011611999943852425
v 0.07314199954271317 0.09132800251245499 -0.014516999945044518
v 0.07359100133180618 0.09441599994897842 -0.013003000058233738
v 0.0735509991645813 0.08883199840784073 -0.013999000191688538
v 0.07552500069141388 0.09777700155973434 -0.010727000422775745
v 0.07493799924850464 0.0976170003414154 -0.012443000450730324
v 0.08224400132894516 0.10836800187826157 0.00046999999904073775
v 0.08163200318813324 0.11090800166130066 -0.0009850000496953726
v 0.08002299815416336 0.1081250011920929 -0.0011620000004768372
v 0.08312200009822845 0.1124349981546402 -0.0003969999961555004
v 0.08002299815416336 0.1081250011920929 0.0020620001014322042
v 0.08163200318813324 0.11090800166130066 0.0018850000342354178
v 0.08312200009822845 0.1124349981546402 0.0012969999806955457
v 0.08371099829673767 0.11314000189304352 0.0031109999399632215
v 0.08255500346422195 0.11220099776983261 0.003037000074982643
v 0.07929100096225739 0.10955300182104111 0.006850000005215406
v 0.081325002014637 0.11299300193786621 0.006010000128298998
v 0.08159899711608887 0.10922499746084213 0.004860000219196081
v 0.08107899874448776 0.10894399881362915 0.004141999874264002
v 0.08470399677753448 0.11464100331068039 -0.007612000219523907
v 0.07930000126361847 0.10714299976825714 -0.0038139999378472567
v 0.07858700305223465 0.10775899887084961 -0.005723999813199043
v 0.07933399826288223 0.10953199863433838 -0.007513000164180994
v 0.07768599689006805 0.10794100165367126 -0.007641000207513571
v 0.07893399894237518 0.10678599774837494 -0.00356299988925457
v 0.07893600314855576 0.10678499937057495 -0.0015569999814033508
v 0.08081500232219696 0.11322300136089325 -0.008182000368833542
v 0.08303800225257874 0.11612699925899506 -0.008713999763131142
v 0.08366300165653229 0.11584699898958206 -0.008569999597966671
v 0.07960999757051468 0.11047100275754929 -0.008399000391364098
v 0.08174099773168564 0.10272099822759628 0.008047999814152718
v 0.08355599641799927 0.10584399849176407 0.007652999833226204
v 0.0835380032658577 0.10692799836397171 0.007387000136077404
v 0.08490400016307831 0.11041799932718277 0.007385999895632267
v 0.08539500087499619 0.11409100145101547 0.006819999776780605
v 0.08494500070810318 0.11745700240135193 0.0068419999442994595
v 0.08104199916124344 0.11337000131607056 0.007751000113785267
v 0.08251000195741653 0.11514600366353989 0.00826799962669611
v 0.08424700051546097 0.11728200316429138 0.007896999828517437
v 0.07503200322389603 0.09441599994897842 0.013903000392019749
v 0.07458300143480301 0.09132800251245499 0.015417000278830528
v 0.07583600282669067 0.09837900102138519 0.010305999778211117
v 0.07552500069141388 0.09777700155973434 0.011626999825239182
v 0.07493799924850464 0.0976170003414154 0.01334299985319376
v 0.07499299943447113 0.08883199840784073 0.014898999594151974
v 0.08121100068092346 0.10324700176715851 0.010208000428974628
v 0.08268500119447708 0.10627400130033493 -0.009332000277936459
v 0.08209700137376785 0.1095070019364357 -0.008910000324249268
v 0.08216799795627594 0.10572800040245056 -0.011757999658584595
v 0.08221600204706192 0.10596799850463867 -0.010185999795794487
v 0.07702899724245071 0.10232199728488922 -0.011048000305891037
v 0.08335600048303604 0.11354900151491165 -0.00864300038665533
v 0.07828199863433838 0.08398299664258957 -0.003930999897420406
v 0.07835099846124649 0.08501199632883072 0.0004710000066552311
v 0.07756000012159348 0.08415299654006958 -0.008210999891161919
v 0.07828199863433838 0.08398299664258957 0.004831000231206417
v 0.075873002409935 0.08368200063705444 -0.01183400023728609
v 0.07756000012159348 0.08415299654006958 0.00911100022494793
v 0.075873002409935 0.08368200063705444 0.012733999639749527
v 0.07380100339651108 0.0859690010547638 -0.014852000400424004
v 0.07380100339651108 0.0859690010547638 0.015752000734210014
v 0.07182800024747849 0.0935399979352951 -0.018302999436855316
v 0.07217799872159958 0.09472200274467468 -0.01650799997150898
v 0.07195600122213364 0.09024500101804733 -0.017333000898361206
v 0.0738070011138916 0.09834600239992142 -0.01494900044053793
v 0.07148399949073792 0.08735699951648712 -0.017757000401616096
v 0.07653900235891342 0.10204699635505676 -0.012346000410616398
v 0.07576499879360199 0.10217099636793137 -0.013376999646425247
v 0.07911500334739685 0.1066960021853447 0.0004689999914262444
v 0.07893600314855576 0.10678499937057495 0.002457000082358718
v 0.07893399894237518 0.10678599774837494 0.004463000223040581
v 0.07768599689006805 0.10794100165367126 0.008541000075638294
v 0.07933399826288223 0.10953199863433838 0.008413000032305717
v 0.07858700305223465 0.10775899887084961 0.006624000146985054
v 0.07930000126361847 0.10714299976825714 0.004714000038802624
v 0.07608699798583984 0.10559000074863434 -0.006415999960154295
v 0.07688000053167343 0.10449499636888504 -0.0032500000670552254
v 0.07724399864673615 0.10815899819135666 -0.008035999722778797
v 0.07703399658203125 0.10344099998474121 0.00046800001291558146
v 0.07927100360393524 0.11342699825763702 -0.009575000032782555
v 0.07763200253248215 0.11010900139808655 -0.009332999587059021
v 0.08143799751996994 0.11537899821996689 -0.00903599988669157
v 0.08313299715518951 0.11827100068330765 -0.009743999689817429
v 0.08419899642467499 0.11584600061178207 -0.010191000066697598
v 0.08353500068187714 0.11736200004816055 -0.011172999627888203
v 0.07713299989700317 0.10821399837732315 -0.009139999747276306
v 0.08299700170755386 0.10558199882507324 0.00939400028437376
v 0.08295899629592896 0.10774199664592743 0.00885200034826994
v 0.08416900038719177 0.11025899648666382 0.008876999840140343
v 0.08470399677753448 0.11464100331068039 0.008511999621987343
v 0.07960999757051468 0.11047100275754929 0.009298999793827534
v 0.08081500232219696 0.11322300136089325 0.009081999771296978
v 0.08303800225257874 0.11612699925899506 0.009614000096917152
v 0.08366300165653229 0.11584699898958206 0.009469999931752682
v 0.07361900061368942 0.09472200274467468 0.01740800030529499
v 0.07327000051736832 0.0935399979352951 0.019202999770641327
v 0.0738070011138916 0.09834600239992142 0.015848999843001366
v 0.07339800149202347 0.09024500101804733 0.018232999369502068
v 0.07702899724245071 0.10232199728488922 0.011947999708354473
v 0.07653900235891342 0.10204699635505676 0.013245999813079834
v 0.07576499879360199 0.10217099636793137 0.014276999980211258
v 0.07292599976062775 0.08735699951648712 0.018657000735402107
v 0.08221600204706192 0.10596799850463867 0.011086000129580498
v 0.08216799795627594 0.10572800040245056 0.012657999992370605
v 0.08268500119447708 0.10627400130033493 0.010231999680399895
v 0.08204399794340134 0.10792999714612961 -0.010088000446557999
v 0.08415599912405014 0.11197199672460556 -0.010362000204622746
v 0.08208700269460678 0.1073710024356842 -0.01191100012511015
v 0.08067300170660019 0.10646700114011765 -0.014480999670922756
v 0.08067400008440018 0.10753100365400314 -0.013996999710798264
v 0.07756199687719345 0.08168400079011917 -0.004106000065803528
v 0.07723099738359451 0.0816589966416359 0.00046999999904073775
v 0.07663799822330475 0.08105400204658508 -0.008735000155866146
v 0.07756199687719345 0.08168400079011917 0.005005999933928251
v 0.07474199682474136 0.08141499757766724 -0.012721999548375607
v 0.07663799822330475 0.08105400204658508 0.009634999558329582
v 0.07197300344705582 0.08236200362443924 -0.01581599935889244
v 0.07474199682474136 0.08141499757766724 0.013621999882161617
v 0.07197300344705582 0.08236200362443924 0.01671599969267845
v 0.06943099945783615 0.08375699818134308 -0.019000999629497528
v 0.06943099945783615 0.08375699818134308 0.01990099996328354
v 0.06997100263834 0.09230799973011017 -0.019957000389695168
v 0.06898599863052368 0.0944409966468811 -0.018804000690579414
v 0.07041700184345245 0.09599799662828445 -0.019303999841213226
v 0.07214199751615524 0.10215900093317032 -0.0181450005620718
v 0.06907399743795395 0.08850199729204178 -0.020586999133229256
v 0.07805000245571136 0.10374300181865692 -0.014778000302612782
v 0.07677599787712097 0.1051739975810051 -0.015937000513076782
v 0.06690900027751923 0.08601000159978867 -0.021841999143362045
v 0.07688000053167343 0.10449499636888504 0.004149999935179949
v 0.07608699798583984 0.10559000074863434 0.007315999828279018
v 0.07724399864673615 0.10815899819135666 0.008936000056564808
v 0.06662599742412567 0.09444200247526169 -0.007474999874830246
v 0.06707300245761871 0.09199599921703339 -0.004544000141322613
v 0.07469400018453598 0.10669100284576416 -0.009417999535799026
v 0.06616300344467163 0.09769800305366516 -0.009998000226914883
v 0.06685300171375275 0.09139800071716309 0.0004659999976865947
v 0.06707300245761871 0.09199599921703339 0.005444000009447336
v 0.07758399844169617 0.11345600336790085 -0.01141900010406971
v 0.07673899829387665 0.11028700321912766 -0.011250999756157398
v 0.07888299971818924 0.11603700369596481 -0.012330000288784504
v 0.0756480023264885 0.10867299884557724 -0.010758000425994396
v 0.08260100334882736 0.11899899691343307 -0.010774999856948853
v 0.08188000321388245 0.1188339963555336 -0.01205699983984232
v 0.08420100063085556 0.11292099952697754 -0.011442000046372414
v 0.08263800293207169 0.11800500005483627 -0.012839999981224537
v 0.08209700137376785 0.1095070019364357 0.009809999726712704
v 0.08335600048303604 0.11354900151491165 0.009542999789118767
v 0.07713299989700317 0.10821399837732315 0.010040000081062317
v 0.07763200253248215 0.11010900139808655 0.010232999920845032
v 0.07927100360393524 0.11342699825763702 0.010475000366568565
v 0.08143799751996994 0.11537899821996689 0.009936000220477581
v 0.08313299715518951 0.11827100068330765 0.01064400002360344
v 0.08419899642467499 0.11584600061178207 0.011091000400483608
v 0.08353500068187714 0.11736200004816055 0.012072999961674213
v 0.07041700184345245 0.09599799662828445 0.020204000174999237
v 0.06898599863052368 0.0944409966468811 0.019703999161720276
v 0.07214199751615524 0.10215900093317032 0.01904500089585781
v 0.07141199707984924 0.09230799973011017 0.02085700072348118
v 0.07677599787712097 0.1051739975810051 0.016837000846862793
v 0.07805000245571136 0.10374300181865692 0.015677999705076218
v 0.06907399743795395 0.08850199729204178 0.021486999467015266
v 0.08067300170660019 0.10646700114011765 0.015381000004708767
v 0.06690900027751923 0.08601000159978867 0.022741999477148056
v 0.08204399794340134 0.10792999714612961 0.010987999849021435
v 0.08208700269460678 0.1073710024356842 0.01281100045889616
v 0.08067400008440018 0.10753100365400314 0.014897000044584274
v 0.08360700309276581 0.11002299934625626 -0.011733000166714191
v 0.08174300193786621 0.11085999757051468 -0.01397200021892786
v 0.0787070021033287 0.10797599703073502 -0.015567000024020672
v 0.0781330019235611 0.11093799769878387 -0.014039999805390835
v 0.07777299731969833 0.11004000157117844 -0.0160559993237257
v 0.07549899816513062 0.07971800118684769 -0.004958000034093857
v 0.07563900202512741 0.07972399890422821 0.00046999999904073775
v 0.07415600121021271 0.07973500341176987 -0.009765000082552433
v 0.07549899816513062 0.07971800118684769 0.00585799990221858
v 0.07206100225448608 0.08016800135374069 -0.014054999686777592
v 0.07415600121021271 0.07973500341176987 0.010665000416338444
v 0.06948500126600266 0.08148500323295593 -0.017697999253869057
v 0.07206100225448608 0.08016800135374069 0.014955000020563602
v 0.06656599789857864 0.08296500146389008 -0.02085000090301037
v 0.06948500126600266 0.08148500323295593 0.018597999587655067
v 0.06656599789857864 0.08296500146389008 0.02174999937415123
v 0.06349200010299683 0.08467499911785126 -0.023509999737143517
v 0.06349200010299683 0.08467499911785126 0.024410000070929527
v 0.06792700290679932 0.09448599815368652 -0.022335000336170197
v 0.06753099709749222 0.09546100348234177 -0.020555999130010605
v 0.0666389986872673 0.08978299796581268 -0.02337699942290783
v 0.0699860006570816 0.09861999750137329 -0.020918000489473343
v 0.07253099977970123 0.10405399650335312 -0.020914999768137932
v 0.07548099756240845 0.10607700049877167 -0.017555000260472298
v 0.07263799756765366 0.10695400089025497 -0.01968800090253353
v 0.06428900361061096 0.08775100111961365 -0.024802999570965767
v 0.077565997838974 0.10853900015354156 -0.016766000539064407
v 0.060593001544475555 0.08673200011253357 -0.026381000876426697
v 0.06662599742412567 0.09444200247526169 0.008375000208616257
v 0.06616300344467163 0.09769800305366516 0.010897999629378319
v 0.07469400018453598 0.10669100284576416 0.010317999869585037
v 0.06625500321388245 0.08993399888277054 -0.0073460000567138195
v 0.06702999770641327 0.0885929986834526 -0.0036379999946802855
v 0.06536900252103806 0.09183699637651443 -0.010470000095665455
v 0.06713899970054626 0.08717600256204605 0.0004659999976865947
v 0.07276599854230881 0.10763700306415558 -0.012148999609053135
v 0.065481998026371 0.10133100301027298 -0.012120000086724758
v 0.07455699890851974 0.1089479997754097 -0.012644000351428986
v 0.06436699628829956 0.0949229970574379 -0.012791000306606293
v 0.06702999770641327 0.0885929986834526 0.0045380000956356525
v 0.06625500321388245 0.08993399888277054 0.008245999924838543
v 0.07809499651193619 0.11566200107336044 -0.013384999707341194
v 0.0758420005440712 0.11125700175762177 -0.013795999810099602
v 0.07797800004482269 0.11449699848890305 -0.014094999991357327
v 0.07950600236654282 0.11575700342655182 -0.014192000031471252
v 0.08304399996995926 0.11416900157928467 -0.013504000380635262
v 0.07947500050067902 0.11407399922609329 -0.014266000129282475
v 0.08415599912405014 0.11197199672460556 0.011261999607086182
v 0.0756480023264885 0.10867299884557724 0.011657999828457832
v 0.07673899829387665 0.11028700321912766 0.012151000089943409
v 0.07758399844169617 0.11345600336790085 0.01231900043785572
v 0.07888299971818924 0.11603700369596481 0.01322999969124794
v 0.08188000321388245 0.1188339963555336 0.01295700017362833
v 0.08260100334882736 0.11899899691343307 0.011675000190734863
v 0.08420100063085556 0.11292099952697754 0.012342000380158424
v 0.08263800293207169 0.11800500005483627 0.013740000315010548
v 0.0699860006570816 0.09861999750137329 0.021818000823259354
v 0.06753099709749222 0.09546100348234177 0.021455999463796616
v 0.07253099977970123 0.10405399650335312 0.021815000101923943
v 0.06792700290679932 0.09448599815368652 0.023235000669956207
v 0.07548099756240845 0.10607700049877167 0.01845500059425831
v 0.07263799756765366 0.10695400089025497 0.020587999373674393
v 0.0666389986872673 0.08978299796581268 0.02427699975669384
v 0.0787070021033287 0.10797599703073502 0.016466999426484108
v 0.077565997838974 0.10853900015354156 0.017666000872850418
v 0.06428900361061096 0.08775100111961365 0.025702999904751778
v 0.060593001544475555 0.08673200011253357 0.02728099934756756
v 0.08360700309276581 0.11002299934625626 0.012632999569177628
v 0.08174300193786621 0.11085999757051468 0.014871999621391296
v 0.0781330019235611 0.11093799769878387 0.014940000139176846
v 0.07777299731969833 0.11004000157117844 0.01695599965751171
v 0.07931400090456009 0.11316899955272675 -0.016296999529004097
v 0.07724899798631668 0.10815799981355667 -0.01809700019657612
v 0.07729899883270264 0.10947299748659134 -0.018046999350190163
v 0.07882499694824219 0.1131490021944046 -0.01826399937272072
v 0.07407800108194351 0.07918299734592438 -0.004734000191092491
v 0.07422299683094025 0.07929199934005737 0.0004689999914262444
v 0.07286400347948074 0.07936500012874603 -0.009569000452756882
v 0.07407800108194351 0.07918299734592438 0.005634000059217215
v 0.07056000083684921 0.07986599951982498 -0.013724000193178654
v 0.07286400347948074 0.07936500012874603 0.010468999855220318
v 0.06760600209236145 0.0807190015912056 -0.017077000811696053
v 0.07056000083684921 0.07986599951982498 0.01462399959564209
v 0.06450500339269638 0.08198899775743484 -0.020062999799847603
v 0.06760600209236145 0.0807190015912056 0.017976999282836914
v 0.0613659992814064 0.08401700109243393 -0.02255300059914589
v 0.06450500339269638 0.08198899775743484 0.020963000133633614
v 0.0613659992814064 0.08401700109243393 0.02345299907028675
v 0.05708099901676178 0.08668699860572815 -0.024956999346613884
v 0.05708099901676178 0.08668699860572815 0.025856999680399895
v 0.06557600200176239 0.09363800287246704 -0.02501700073480606
v 0.06660299748182297 0.09704399853944778 -0.024437999352812767
v 0.06417399644851685 0.09063000231981277 -0.026040999218821526
v 0.06790100038051605 0.09971199929714203 -0.023572999984025955
v 0.06154999881982803 0.0894709974527359 -0.027587000280618668
v 0.0690620020031929 0.10550399869680405 -0.024087000638246536
v 0.06932699680328369 0.10805200040340424 -0.02244199998676777
v 0.07520599663257599 0.1088929995894432 -0.01919800043106079
v 0.07413200289011002 0.10942299664020538 -0.0197369996458292
v 0.07291600108146667 0.10922200232744217 -0.020968999713659286
v 0.0563960000872612 0.08904799818992615 -0.02894200012087822
v 0.053119998425245285 0.08853200078010559 -0.027089999988675117
v 0.06536900252103806 0.09183699637651443 0.011370000429451466
v 0.06436699628829956 0.0949229970574379 0.013690999709069729
v 0.065481998026371 0.10133100301027298 0.013020000420510769
v 0.07276599854230881 0.10763700306415558 0.013048999942839146
v 0.07455699890851974 0.1089479997754097 0.013543999753892422
v 0.06927499920129776 0.08177399635314941 -0.00889500044286251
v 0.07035499811172485 0.08154500275850296 -0.004668000154197216
v 0.06704600155353546 0.08289399743080139 -0.012041999958455563
v 0.07066699862480164 0.08079099655151367 0.00046800001291558146
v 0.06447499990463257 0.0846169963479042 -0.014553000219166279
v 0.07035499811172485 0.08154500275850296 0.0055680000223219395
v 0.07031100243330002 0.10837099701166153 -0.014468999579548836
v 0.06565599888563156 0.10307200253009796 -0.014702999964356422
v 0.07368099689483643 0.10938099771738052 -0.013214999809861183
v 0.07155200093984604 0.11016900092363358 -0.015203000046312809
v 0.06252600252628326 0.09766999632120132 -0.01495600026100874
v 0.07458599656820297 0.11053799837827682 -0.013698999769985676
v 0.061841998249292374 0.0862869992852211 -0.01689000055193901
v 0.06927499920129776 0.08177399635314941 0.009794999845325947
v 0.06704600155353546 0.08289399743080139 0.012942000292241573
v 0.07598999887704849 0.11636699736118317 -0.013140999712049961
v 0.0764169991016388 0.11714400351047516 -0.014487000182271004
v 0.07675500214099884 0.1169930025935173 -0.015196000225841999
v 0.0747859999537468 0.11374299973249435 -0.013358999975025654
v 0.07935599982738495 0.11704300343990326 -0.01612599939107895
v 0.07709799706935883 0.1178169995546341 -0.015421999618411064
v 0.07971099764108658 0.11566600203514099 -0.016224000602960587
v 0.0758420005440712 0.11125700175762177 0.014696000143885612
v 0.07809499651193619 0.11566200107336044 0.014285000041127205
v 0.07797800004482269 0.11449699848890305 0.014995000325143337
v 0.07950600236654282 0.11575700342655182 0.015092000365257263
v 0.08304399996995926 0.11416900157928467 0.014403999783098698
v 0.07947500050067902 0.11407399922609329 0.015166000463068485
v 0.06790100038051605 0.09971199929714203 0.024473000317811966
v 0.06660299748182297 0.09704399853944778 0.025337999686598778
v 0.0690620020031929 0.10550399869680405 0.024986999109387398
v 0.06557600200176239 0.09363800287246704 0.025916999205946922
v 0.06932699680328369 0.10805200040340424 0.02334200032055378
v 0.06417399644851685 0.09063000231981277 0.026940999552607536
v 0.07724899798631668 0.10815799981355667 0.01899700053036213
v 0.07520599663257599 0.1088929995894432 0.020098000764846802
v 0.07413200289011002 0.10942299664020538 0.02063699997961521
v 0.07291600108146667 0.10922200232744217 0.021869000047445297
v 0.06154999881982803 0.0894709974527359 0.02848700061440468
v 0.07729899883270264 0.10947299748659134 0.018946999683976173
v 0.0563960000872612 0.08904799818992615 0.02984200045466423
v 0.053119998425245285 0.08853200078010559 0.027990000322461128
v 0.07931400090456009 0.11316899955272675 0.017196999862790108
v 0.07882499694824219 0.1131490021944046 0.01916399970650673
v 0.07957399636507034 0.11524800211191177 -0.017796000465750694
v 0.07539399713277817 0.11041299998760223 -0.01870499923825264
v 0.07721500098705292 0.11411099880933762 -0.018955999985337257
v 0.07714000344276428 0.11658000200986862 -0.01860699988901615
v 0.07297699898481369 0.07876899838447571 -0.004656999837607145
v 0.07274500280618668 0.07944300025701523 0.0004689999914262444
v 0.0722389966249466 0.07863400131464005 -0.009571000002324581
v 0.07297699898481369 0.07876899838447571 0.005557000171393156
v 0.06934300065040588 0.0795229971408844 -0.01285099983215332
v 0.0722389966249466 0.07863400131464005 0.010471000336110592
v 0.06640200316905975 0.08070000261068344 -0.01589599996805191
v 0.06934300065040588 0.0795229971408844 0.013751000165939331
v 0.06335800141096115 0.08210399746894836 -0.01875399984419346
v 0.06640200316905975 0.08070000261068344 0.01679600030183792
v 0.060718998312950134 0.08427099883556366 -0.021788999438285828
v 0.06335800141096115 0.08210399746894836 0.01965400017797947
v 0.056630998849868774 0.08643999695777893 -0.024447999894618988
v 0.060718998312950134 0.08427099883556366 0.02268899977207184
v 0.056630998849868774 0.08643999695777893 0.025348000228405
v 0.05279799923300743 0.08882500231266022 -0.026660999283194542
v 0.05279799923300743 0.08882500231266022 0.027560999616980553
v 0.06327500194311142 0.09482400119304657 -0.02775299921631813
v 0.06418099999427795 0.09764199703931808 -0.027218999341130257
v 0.06174800172448158 0.09242799878120422 -0.02860499918460846
v 0.0654510036110878 0.10039199888706207 -0.026366999372839928
v 0.05765099823474884 0.09121900051832199 -0.03003999963402748
v 0.052448999136686325 0.09153600037097931 -0.030949000269174576
v 0.06594300270080566 0.10596799850463867 -0.02710600011050701
v 0.06594099849462509 0.10892199724912643 -0.02496900036931038
v 0.06263399869203568 0.10151199996471405 -0.028610000386834145
v 0.06878100335597992 0.11126399785280228 -0.02359200082719326
v 0.06976400315761566 0.1110529974102974 -0.022810999304056168
v 0.07133399695158005 0.1097399964928627 -0.02167700044810772
v 0.07371799647808075 0.11204300075769424 -0.017799999564886093
v 0.07268600165843964 0.11095000058412552 -0.02064500004053116
v 0.07149600237607956 0.11126299947500229 -0.021409999579191208
v 0.049166999757289886 0.09109999984502792 -0.029109999537467957
v 0.04897399991750717 0.0913119986653328 -0.02874399907886982
v 0.06447499990463257 0.0846169963479042 0.015452999621629715
v 0.061841998249292374 0.0862869992852211 0.01779000088572502
v 0.06252600252628326 0.09766999632120132 0.015855999663472176
v 0.06565599888563156 0.10307200253009796 0.015603000298142433
v 0.07031100243330002 0.10837099701166153 0.015368999913334846
v 0.07155200093984604 0.11016900092363358 0.016102999448776245
v 0.07368099689483643 0.10938099771738052 0.014115000143647194
v 0.07458599656820297 0.11053799837827682 0.014599000103771687
v 0.06745199859142303 0.10906200110912323 -0.016248999163508415
v 0.06232000142335892 0.1025950014591217 -0.016505999490618706
v 0.07019300013780594 0.11110399663448334 -0.015468000434339046
v 0.06794100254774094 0.11061300337314606 -0.016157999634742737
v 0.07113300263881683 0.11037600040435791 -0.015371999703347683
v 0.05909400060772896 0.09805099666118622 -0.01683099940419197
v 0.07253099977970123 0.11209099739789963 -0.01566299982368946
v 0.05831500142812729 0.0884300023317337 -0.019253000617027283
v 0.07315400242805481 0.11495599895715714 -0.015154999680817127
v 0.07385800033807755 0.11707500368356705 -0.015128999948501587
v 0.07523199915885925 0.1169470027089119 -0.015494000166654587
v 0.07638400048017502 0.11837700009346008 -0.01733200065791607
v 0.07861900329589844 0.1173740029335022 -0.017382999882102013
v 0.0747859999537468 0.11374299973249435 0.014259000308811665
v 0.07598999887704849 0.11636699736118317 0.014041000045835972
v 0.0764169991016388 0.11714400351047516 0.01538699958473444
v 0.07675500214099884 0.1169930025935173 0.016095999628305435
v 0.07935599982738495 0.11704300343990326 0.01702599972486496
v 0.07709799706935883 0.1178169995546341 0.016321999952197075
v 0.07971099764108658 0.11566600203514099 0.017123999074101448
v 0.0654510036110878 0.10039199888706207 0.02726699970662594
v 0.06418099999427795 0.09764199703931808 0.028118999674916267
v 0.06327500194311142 0.09482400119304657 0.02865299955010414
v 0.06594099849462509 0.10892199724912643 0.02586900070309639
v 0.06594300270080566 0.10596799850463867 0.028006000444293022
v 0.06263399869203568 0.10151199996471405 0.029510000720620155
v 0.06174800172448158 0.09242799878120422 0.02950499951839447
v 0.06976400315761566 0.1110529974102974 0.02371099963784218
v 0.06878100335597992 0.11126399785280228 0.02449199929833412
v 0.07133399695158005 0.1097399964928627 0.02257700078189373
v 0.05765099823474884 0.09121900051832199 0.030939999967813492
v 0.07539399713277817 0.11041299998760223 0.01960499957203865
v 0.07371799647808075 0.11204300075769424 0.018699999898672104
v 0.07268600165843964 0.11095000058412552 0.02154500037431717
v 0.07149600237607956 0.11126299947500229 0.02230999991297722
v 0.052448999136686325 0.09153600037097931 0.03184900060296059
v 0.07721500098705292 0.11411099880933762 0.019856000319123268
v 0.049166999757289886 0.09109999984502792 0.030009999871253967
v 0.04897399991750717 0.0913119986653328 0.02964399941265583
v 0.07957399636507034 0.11524800211191177 0.018696000799536705
v 0.07714000344276428 0.11658000200986862 0.019507000222802162
v 0.07472400367259979 0.11546900123357773 -0.01819399930536747
v 0.07406199723482132 0.11698400229215622 -0.01716100051999092
v 0.055087000131607056 0.08931799978017807 -0.02180499956011772
v 0.05831500142812729 0.0884300023317337 0.020152999088168144
v 0.05186200141906738 0.09117399901151657 -0.024112999439239502
v 0.055087000131607056 0.08931799978017807 0.022704999893903732
v 0.05186200141906738 0.09117399901151657 0.025012999773025513
v 0.048615001142024994 0.09350000321865082 -0.026071999222040176
v 0.048615001142024994 0.09350000321865082 0.026971999555826187
v 0.06099100038409233 0.09653600305318832 -0.03018599934875965
v 0.061744000762701035 0.09979700297117233 -0.02973400056362152
v 0.05863599851727486 0.09486500173807144 -0.03141000121831894
v 0.053863998502492905 0.09323100000619888 -0.03204699978232384
v 0.0483659990131855 0.09396199882030487 -0.0327330008149147
v 0.04526200145483017 0.09373699873685837 -0.031175000593066216
v 0.062077999114990234 0.10761299729347229 -0.030222000554203987
v 0.06275700032711029 0.1102209985256195 -0.027278000488877296
v 0.062453001737594604 0.10329899936914444 -0.030616000294685364
v 0.0644339993596077 0.11207199841737747 -0.025803999975323677
v 0.06633199751377106 0.11113400012254715 -0.025136999785900116
v 0.06812699884176254 0.11104899644851685 -0.02420400083065033
v 0.058719001710414886 0.10175199806690216 -0.031769998371601105
v 0.06755299866199493 0.11294600367546082 -0.02116299979388714
v 0.0695519968867302 0.1124970018863678 -0.021383000537753105
v 0.07410100102424622 0.1152689978480339 -0.02059599943459034
v 0.07388799637556076 0.1173119992017746 -0.019812999293208122
v 0.07257899641990662 0.11546400189399719 -0.021779999136924744
v 0.07102999836206436 0.11591000109910965 -0.022043999284505844
v 0.04507900029420853 0.09382600337266922 -0.03064900077879429
v 0.045364998281002045 0.09558700025081635 -0.028119999915361404
v 0.05909400060772896 0.09805099666118622 0.01773099973797798
v 0.06232000142335892 0.1025950014591217 0.017405999824404716
v 0.06745199859142303 0.10906200110912323 0.017148999497294426
v 0.06794100254774094 0.11061300337314606 0.017057999968528748
v 0.07019300013780594 0.11110399663448334 0.016367999836802483
v 0.07113300263881683 0.11037600040435791 0.01627199910581112
v 0.07253099977970123 0.11209099739789963 0.01656300015747547
v 0.07315400242805481 0.11495599895715714 0.016054999083280563
v 0.06433600187301636 0.10974299907684326 -0.017568999901413918
v 0.05630800127983093 0.10100399702787399 -0.01744600012898445
v 0.06646300107240677 0.11080499738454819 -0.016899000853300095
v 0.06514599919319153 0.11145500093698502 -0.01785700023174286
v 0.05571899935603142 0.09716200083494186 -0.018689999356865883
v 0.07170599699020386 0.11330000311136246 -0.016426999121904373
v 0.07215599715709686 0.11307799816131592 -0.016032999381422997
v 0.06839600205421448 0.1117279976606369 -0.016157999634742737
v 0.06703399866819382 0.11240000277757645 -0.017559999600052834
v 0.07356700301170349 0.11672600358724594 -0.01623399928212166
v 0.07385800033807755 0.11707500368356705 0.016029000282287598
v 0.07523199915885925 0.1169470027089119 0.016394000500440598
v 0.07638400048017502 0.11837700009346008 0.01823199912905693
v 0.07861900329589844 0.1173740029335022 0.018283000215888023
v 0.061744000762701035 0.09979700297117233 0.030634000897407532
v 0.06099100038409233 0.09653600305318832 0.031085999682545662
v 0.05863599851727486 0.09486500173807144 0.03231000155210495
v 0.06275700032711029 0.1102209985256195 0.028178000822663307
v 0.062077999114990234 0.10761299729347229 0.031122000887989998
v 0.06633199751377106 0.11113400012254715 0.026037000119686127
v 0.0644339993596077 0.11207199841737747 0.026704000309109688
v 0.06812699884176254 0.11104899644851685 0.02510399930179119
v 0.062453001737594604 0.10329899936914444 0.031516000628471375
v 0.058719001710414886 0.10175199806690216 0.032669998705387115
v 0.053863998502492905 0.09323100000619888 0.03294700011610985
v 0.0695519968867302 0.1124970018863678 0.022283000871539116
v 0.06755299866199493 0.11294600367546082 0.02206300012767315
v 0.0483659990131855 0.09396199882030487 0.033633001148700714
v 0.07472400367259979 0.11546900123357773 0.01909399963915348
v 0.07410100102424622 0.1152689978480339 0.02149599976837635
v 0.07388799637556076 0.1173119992017746 0.020712999626994133
v 0.07257899641990662 0.11546400189399719 0.022679999470710754
v 0.07102999836206436 0.11591000109910965 0.022943999618291855
v 0.04526200145483017 0.09373699873685837 0.03207499906420708
v 0.04507900029420853 0.09382600337266922 0.03154899924993515
v 0.045364998281002045 0.09558700025081635 0.029020000249147415
v 0.07406199723482132 0.11698400229215622 0.018061000853776932
v 0.07318200170993805 0.11884599924087524 -0.01922300085425377
v 0.07182999700307846 0.11896400153636932 -0.01863200031220913
v 0.07173699885606766 0.11778800189495087 -0.017117999494075775
v 0.07153300195932388 0.1181190013885498 -0.015964999794960022
v 0.05256300047039986 0.0970349982380867 -0.021060999482870102
v 0.05571899935603142 0.09716200083494186 0.019589999690651894
v 0.049476999789476395 0.09801100194454193 -0.023391999304294586
v 0.05256300047039986 0.0970349982380867 0.021960999816656113
v 0.049476999789476395 0.09801100194454193 0.024291999638080597
v 0.04639200121164322 0.0999390035867691 -0.02509699948132038
v 0.04639200121164322 0.0999390035867691 0.025996999815106392
v 0.05766800045967102 0.09879200160503387 -0.03252499923110008
v 0.05556600168347359 0.09706000238656998 -0.033688001334667206
v 0.04994700103998184 0.09498299658298492 -0.03392399847507477
v 0.044266000390052795 0.09587600082159042 -0.03483999893069267
v 0.04148999974131584 0.09599500149488449 -0.03379499912261963
v 0.04114999994635582 0.0959789976477623 -0.03272499889135361
v 0.058076001703739166 0.1103919968008995 -0.032159000635147095
v 0.058306001126766205 0.1124190017580986 -0.028974000364542007
v 0.05962900072336197 0.10528899729251862 -0.03258499875664711
v 0.05692199990153313 0.10755400359630585 -0.03434799984097481
v 0.06216900050640106 0.1126519963145256 -0.026220999658107758
v 0.060485001653432846 0.11348400264978409 -0.026684999465942383
v 0.05808800086379051 0.10357300192117691 -0.033897001296281815
v 0.06426200270652771 0.1137700006365776 -0.02481899969279766
v 0.06640399992465973 0.11243800073862076 -0.024870000779628754
v 0.062373001128435135 0.11362700164318085 -0.025752000510692596
v 0.06752900034189224 0.11242000013589859 -0.023646999150514603
v 0.0544699989259243 0.10037299990653992 -0.03453800082206726
v 0.0689689964056015 0.11659500002861023 -0.0213639996945858
v 0.06878799945116043 0.11643700301647186 -0.024258000776171684
v 0.06859900057315826 0.1179800033569336 -0.023499999195337296
v 0.07254700362682343 0.11840300261974335 -0.020746000111103058
v 0.07120499759912491 0.1192450001835823 -0.01878499984741211
v 0.07039599865674973 0.11862999945878983 -0.02118699997663498
v 0.06888700276613235 0.11857900023460388 -0.021266000345349312
v 0.042121998965740204 0.0981070026755333 -0.029858000576496124
v 0.04536300152540207 0.10249300301074982 -0.02643599919974804
v 0.05630800127983093 0.10100399702787399 0.018346000462770462
v 0.06433600187301636 0.10974299907684326 0.01846900023519993
v 0.06514599919319153 0.11145500093698502 0.01875700056552887
v 0.06646300107240677 0.11080499738454819 0.017798999324440956
v 0.06703399866819382 0.11240000277757645 0.018459999933838844
v 0.06839600205421448 0.1117279976606369 0.017057999968528748
v 0.07170599699020386 0.11330000311136246 0.017326999455690384
v 0.07215599715709686 0.11307799816131592 0.016932999715209007
v 0.07356700301170349 0.11672600358724594 0.01713399961590767
v 0.06111299991607666 0.11035799980163574 -0.018623000010848045
v 0.05281800031661987 0.10021799802780151 -0.01891000010073185
v 0.062609001994133 0.11136800050735474 -0.01827399991452694
v 0.0611019991338253 0.11157499998807907 -0.019231000915169716
v 0.06584499776363373 0.11271300166845322 -0.018316000699996948
v 0.06375599652528763 0.11320699751377106 -0.018982000648975372
v 0.07184799760580063 0.1174980029463768 -0.015127000398933887
v 0.06958699971437454 0.1158280000090599 -0.015424000099301338
v 0.06771499663591385 0.11691799759864807 -0.016752000898122787
v 0.06830299645662308 0.1183520033955574 -0.01920199953019619
v 0.05766800045967102 0.09879200160503387 0.03342499956488609
v 0.05556600168347359 0.09706000238656998 0.03458800166845322
v 0.04994700103998184 0.09498299658298492 0.03482399880886078
v 0.058306001126766205 0.1124190017580986 0.029874000698328018
v 0.058076001703739166 0.1103919968008995 0.033059000968933105
v 0.06216900050640106 0.1126519963145256 0.02712099999189377
v 0.060485001653432846 0.11348400264978409 0.027584999799728394
v 0.05692199990153313 0.10755400359630585 0.03524800017476082
v 0.05962900072336197 0.10528899729251862 0.03348499909043312
v 0.06752900034189224 0.11242000013589859 0.024546999484300613
v 0.06640399992465973 0.11243800073862076 0.025769999250769615
v 0.06426200270652771 0.1137700006365776 0.02571900002658367
v 0.062373001128435135 0.11362700164318085 0.026652000844478607
v 0.05808800086379051 0.10357300192117691 0.034797001630067825
v 0.0544699989259243 0.10037299990653992 0.03543800115585327
v 0.044266000390052795 0.09587600082159042 0.035739999264478683
v 0.0689689964056015 0.11659500002861023 0.02226400002837181
v 0.06878799945116043 0.11643700301647186 0.025157999247312546
v 0.06859900057315826 0.1179800033569336 0.024399999529123306
v 0.04148999974131584 0.09599500149488449 0.03469499945640564
v 0.07182999700307846 0.11896400153636932 0.01953200064599514
v 0.07318200170993805 0.11884599924087524 0.02012299932539463
v 0.07254700362682343 0.11840300261974335 0.02164600044488907
v 0.07120499759912491 0.1192450001835823 0.01968500018119812
v 0.07039599865674973 0.11862999945878983 0.02208700031042099
v 0.06888700276613235 0.11857900023460388 0.022166000679135323
v 0.04114999994635582 0.0959789976477623 0.03362499922513962
v 0.042121998965740204 0.0981070026755333 0.030758000910282135
v 0.04536300152540207 0.10249300301074982 0.02733599953353405
v 0.07173699885606766 0.11778800189495087 0.018017999827861786
v 0.07153300195932388 0.1181190013885498 0.016865000128746033
v 0.07073000073432922 0.11847999691963196 -0.01787400059401989
v 0.07027599960565567 0.11868400126695633 -0.016253000125288963
v 0.04951100051403046 0.10113599896430969 -0.020100999623537064
v 0.05281800031661987 0.10021799802780151 0.01981000043451786
v 0.04889500141143799 0.10418500006198883 -0.020992999896407127
v 0.04951100051403046 0.10113599896430969 0.021000999957323074
v 0.04889500141143799 0.10418500006198883 0.021893000230193138
v 0.04589400067925453 0.10666000097990036 -0.022182999178767204
v 0.04589400067925453 0.10666000097990036 0.023082999512553215
v 0.051709000021219254 0.09798700362443924 -0.03526800125837326
v 0.046114999800920486 0.0974079966545105 -0.03541500121355057
v 0.040348999202251434 0.09839600324630737 -0.03689200058579445
v 0.037870001047849655 0.09865400195121765 -0.03647499904036522
v 0.03726800158619881 0.09856799989938736 -0.03459300100803375
v 0.03887199983000755 0.10059799998998642 -0.031596001237630844
v 0.05412299931049347 0.11502300202846527 -0.03380399942398071
v 0.05533900111913681 0.11495999991893768 -0.029687000438570976
v 0.0543770007789135 0.1104080006480217 -0.03556700050830841
v 0.05670800060033798 0.11482200026512146 -0.028044000267982483
v 0.057805001735687256 0.11428000032901764 -0.02727999910712242
v 0.05851899832487106 0.11419100314378738 -0.027134999632835388
v 0.05530200153589249 0.10616700351238251 -0.035819001495838165
v 0.05233699828386307 0.10918600112199783 -0.03678999841213226
v 0.060447998344898224 0.11484099924564362 -0.02550799958407879
v 0.05964700132608414 0.11523699760437012 -0.025411000475287437
v 0.05129000172019005 0.10231500118970871 -0.03625300154089928
v 0.06594199687242508 0.11649700254201889 -0.02575499936938286
v 0.06742099672555923 0.11583299934864044 -0.025265000760555267
v 0.06326600164175034 0.11671999841928482 -0.026372000575065613
v 0.06127399951219559 0.1176149994134903 -0.025901999324560165
v 0.048523999750614166 0.10070600360631943 -0.0365229994058609
v 0.06747899949550629 0.11897200345993042 -0.024230999872088432
v 0.06792400032281876 0.11852200329303741 -0.022957999259233475
v 0.06702599674463272 0.11892600357532501 -0.02373800054192543
v 0.06949999928474426 0.11903200298547745 -0.019960999488830566
v 0.06913399696350098 0.11797899752855301 -0.01908300071954727
v 0.06792499870061874 0.11828199774026871 -0.020065000280737877
v 0.04260699823498726 0.10544800013303757 -0.027688000351190567
v 0.04332299903035164 0.10953199863433838 -0.023507000878453255
v 0.06111299991607666 0.11035799980163574 0.019523000344634056
v 0.0611019991338253 0.11157499998807907 0.020130999386310577
v 0.062609001994133 0.11136800050735474 0.01917400024831295
v 0.06375599652528763 0.11320699751377106 0.019881999120116234
v 0.06584499776363373 0.11271300166845322 0.01921599917113781
v 0.06830299645662308 0.1183520033955574 0.0201019998639822
v 0.06771499663591385 0.11691799759864807 0.01765199936926365
v 0.06958699971437454 0.1158280000090599 0.01632400043308735
v 0.07184799760580063 0.1174980029463768 0.016026999801397324
v 0.057836998254060745 0.11095999926328659 -0.0194690003991127
v 0.05960100144147873 0.11231599748134613 -0.019937999546527863
v 0.061813000589609146 0.1139030009508133 -0.019206000491976738
v 0.06068800017237663 0.11392100155353546 -0.020430000498890877
v 0.06496000289916992 0.11546999961137772 -0.01787799969315529
v 0.06319399923086166 0.1160229966044426 -0.01834299974143505
v 0.06888499855995178 0.11857900023460388 -0.01723499968647957
v 0.06678400188684464 0.11977200210094452 -0.01876400038599968
v 0.06566700339317322 0.11978500336408615 -0.019989000633358955
v 0.051709000021219254 0.09798700362443924 0.03616800159215927
v 0.046114999800920486 0.0974079966545105 0.03631500154733658
v 0.040348999202251434 0.09839600324630737 0.03779200091958046
v 0.05533900111913681 0.11495999991893768 0.030587000772356987
v 0.05412299931049347 0.11502300202846527 0.034703999757766724
v 0.057805001735687256 0.11428000032901764 0.028179999440908432
v 0.05670800060033798 0.11482200026512146 0.028944000601768494
v 0.05851899832487106 0.11419100314378738 0.0280349999666214
v 0.0543770007789135 0.1104080006480217 0.03646700084209442
v 0.060447998344898224 0.11484099924564362 0.0264079999178648
v 0.05964700132608414 0.11523699760437012 0.026311000809073448
v 0.05530200153589249 0.10616700351238251 0.036719001829624176
v 0.05233699828386307 0.10918600112199783 0.037689998745918274
v 0.06742099672555923 0.11583299934864044 0.02616499923169613
v 0.06594199687242508 0.11649700254201889 0.02665499970316887
v 0.06326600164175034 0.11671999841928482 0.027272000908851624
v 0.06127399951219559 0.1176149994134903 0.026801999658346176
v 0.05129000172019005 0.10231500118970871 0.03715299814939499
v 0.048523999750614166 0.10070600360631943 0.03742299973964691
v 0.037870001047849655 0.09865400195121765 0.03737499937415123
v 0.06747899949550629 0.11897200345993042 0.025131000205874443
v 0.06792400032281876 0.11852200329303741 0.023857999593019485
v 0.06702599674463272 0.11892600357532501 0.02463800087571144
v 0.03726800158619881 0.09856799989938736 0.03549300134181976
v 0.07073000073432922 0.11847999691963196 0.0187740009278059
v 0.06949999928474426 0.11903200298547745 0.020860999822616577
v 0.06913399696350098 0.11797899752855301 0.019982999190688133
v 0.06792499870061874 0.11828199774026871 0.020965000614523888
v 0.03887199983000755 0.10059799998998642 0.032496001571416855
v 0.04260699823498726 0.10544800013303757 0.028588000684976578
v 0.04332299903035164 0.10953199863433838 0.024406999349594116
v 0.07027599960565567 0.11868400126695633 0.017153000459074974
v 0.0545319989323616 0.11161500215530396 -0.020152000710368156
v 0.057836998254060745 0.11095999926328659 0.020369000732898712
v 0.051242001354694366 0.11234799772500992 -0.020918000489473343
v 0.0545319989323616 0.11161500215530396 0.021051999181509018
v 0.051242001354694366 0.11234799772500992 0.021818000823259354
v 0.04806699976325035 0.11328399926424026 -0.021933000534772873
v 0.04806699976325035 0.11328399926424026 0.022833000868558884
v 0.04243199899792671 0.09995199739933014 -0.03711400181055069
v 0.03648100048303604 0.10046300292015076 -0.03938300162553787
v 0.03382200002670288 0.10078299790620804 -0.03863599896430969
v 0.03348499909043312 0.10067100077867508 -0.037036001682281494
v 0.03559200093150139 0.1030070036649704 -0.03339799866080284
v 0.03852799907326698 0.10886000096797943 -0.028690999373793602
v 0.05073799937963486 0.11963699758052826 -0.034839000552892685
v 0.05029100179672241 0.1193310022354126 -0.03145299851894379
v 0.052062999457120895 0.11373800039291382 -0.03627999871969223
v 0.05153699964284897 0.11817699670791626 -0.029391000047326088
v 0.05303100124001503 0.11690100282430649 -0.02892499975860119
v 0.05473899841308594 0.11605799943208694 -0.028234999626874924
v 0.04878599941730499 0.11131100356578827 -0.037647999823093414
v 0.05654799938201904 0.11596599966287613 -0.027083000168204308
v 0.057666998356580734 0.11541300266981125 -0.026101000607013702
v 0.05455400049686432 0.11588499695062637 -0.027104999870061874
v 0.05835000053048134 0.11615200340747833 -0.025022000074386597
v 0.04999399930238724 0.10454399883747101 -0.036942001432180405
v 0.04661399871110916 0.10677199810743332 -0.03827900066971779
v 0.060607001185417175 0.11815399676561356 -0.02536099962890148
v 0.05912800133228302 0.11833799630403519 -0.0240860003978014
v 0.0467660017311573 0.10255900025367737 -0.03774299845099449
v 0.06575199961662292 0.11852899938821793 -0.024745000526309013
v 0.06413500010967255 0.11900600045919418 -0.0256779994815588
v 0.06197899952530861 0.1190050020813942 -0.025241000577807426
v 0.03886000066995621 0.10229100286960602 -0.039267998188734055
v 0.06523700058460236 0.11948899924755096 -0.02442999929189682
v 0.06576400250196457 0.11827400326728821 -0.021633999422192574
v 0.06381399929523468 0.11841999739408493 -0.022098999470472336
v 0.062359001487493515 0.1185849979519844 -0.022614000365138054
v 0.04124300181865692 0.11268000304698944 -0.025196999311447144
v 0.04517799988389015 0.11468999832868576 -0.023221999406814575
v 0.05960100144147873 0.11231599748134613 0.020837999880313873
v 0.06068800017237663 0.11392100155353546 0.021330000832676888
v 0.061813000589609146 0.1139030009508133 0.02010600082576275
v 0.06319399923086166 0.1160229966044426 0.01924300007522106
v 0.06496000289916992 0.11546999961137772 0.0187780000269413
v 0.06678400188684464 0.11977200210094452 0.01966400071978569
v 0.06566700339317322 0.11978500336408615 0.020888999104499817
v 0.06888499855995178 0.11857900023460388 0.01813500002026558
v 0.05801999941468239 0.11389800161123276 -0.020161999389529228
v 0.05595400184392929 0.11438100039958954 -0.020602000877261162
v 0.059620000422000885 0.11498600244522095 -0.020726999267935753
v 0.06165499985218048 0.1172029972076416 -0.019252000376582146
v 0.05962599813938141 0.11908300220966339 -0.02074900083243847
v 0.06362300366163254 0.11948399990797043 -0.019576000049710274
v 0.06167000159621239 0.12011200189590454 -0.019790999591350555
v 0.04243199899792671 0.09995199739933014 0.0380139984190464
v 0.03648100048303604 0.10046300292015076 0.040282998234033585
v 0.03382200002670288 0.10078299790620804 0.0395359992980957
v 0.05029100179672241 0.1193310022354126 0.0323529988527298
v 0.05073799937963486 0.11963699758052826 0.035739000886678696
v 0.05303100124001503 0.11690100282430649 0.0298250000923872
v 0.05153699964284897 0.11817699670791626 0.0302910003811121
v 0.05473899841308594 0.11605799943208694 0.029134999960660934
v 0.052062999457120895 0.11373800039291382 0.03717999905347824
v 0.05835000053048134 0.11615200340747833 0.025922000408172607
v 0.057666998356580734 0.11541300266981125 0.027000999078154564
v 0.05654799938201904 0.11596599966287613 0.02798300050199032
v 0.05455400049686432 0.11588499695062637 0.028005000203847885
v 0.04878599941730499 0.11131100356578827 0.038548000156879425
v 0.060607001185417175 0.11815399676561356 0.026260999962687492
v 0.05912800133228302 0.11833799630403519 0.02498600073158741
v 0.04999399930238724 0.10454399883747101 0.037842001765966415
v 0.04661399871110916 0.10677199810743332 0.0391790010035038
v 0.06575199961662292 0.11852899938821793 0.025645000860095024
v 0.06413500010967255 0.11900600045919418 0.02657799981534481
v 0.06197899952530861 0.1190050020813942 0.026141000911593437
v 0.0467660017311573 0.10255900025367737 0.0386429987847805
v 0.03886000066995621 0.10229100286960602 0.040167998522520065
v 0.03348499909043312 0.10067100077867508 0.037935998290777206
v 0.06523700058460236 0.11948899924755096 0.02532999962568283
v 0.06576400250196457 0.11827400326728821 0.022533999755978584
v 0.06381399929523468 0.11841999739408493 0.022998999804258347
v 0.062359001487493515 0.1185849979519844 0.023514000698924065
v 0.03559200093150139 0.1030070036649704 0.03429799899458885
v 0.03852799907326698 0.10886000096797943 0.029590999707579613
v 0.04124300181865692 0.11268000304698944 0.026096999645233154
v 0.04517799988389015 0.11468999832868576 0.024121999740600586
v 0.05326300114393234 0.11490800231695175 -0.020308999344706535
v 0.05595400184392929 0.11438100039958954 0.021501999348402023
v 0.05801999941468239 0.11389800161123276 0.02106199972331524
v 0.05077400058507919 0.11507199704647064 -0.02116899937391281
v 0.048002999275922775 0.11696799844503403 -0.022158000618219376
v 0.05326300114393234 0.11490800231695175 0.021208999678492546
v 0.048002999275922775 0.11696799844503403 0.023057999089360237
v 0.05077400058507919 0.11507199704647064 0.022068999707698822
v 0.03264300152659416 0.10253900289535522 -0.04163200035691261
v 0.029690999537706375 0.10230199992656708 -0.04089700058102608
v 0.029562000185251236 0.10258899629116058 -0.039416998624801636
v 0.03229299932718277 0.10538999736309052 -0.03521899878978729
v 0.036316998302936554 0.11235000193119049 -0.030014000833034515
v 0.03736799955368042 0.11487399786710739 -0.027689000591635704
v 0.04831499978899956 0.12405099719762802 -0.03531000018119812
v 0.046091001480817795 0.12381000071763992 -0.03263099864125252
v 0.05011900141835213 0.11740099638700485 -0.03656600043177605
v 0.04870399832725525 0.12132299691438675 -0.03664400056004524
v 0.045281000435352325 0.1231440007686615 -0.031019000336527824
v 0.047690000385046005 0.12087900191545486 -0.029789000749588013
v 0.05023600161075592 0.11908300220966339 -0.029001999646425247
v 0.0450580008327961 0.11301899701356888 -0.03888100013136864
v 0.05048200115561485 0.11815900355577469 -0.02593199908733368
v 0.04976800084114075 0.11877600103616714 -0.02785000018775463
v 0.05242300033569336 0.11666300147771835 -0.027086999267339706
v 0.0432329997420311 0.10889899730682373 -0.03970099985599518
v 0.05724399909377098 0.11820600181818008 -0.027034999802708626
v 0.05863500013947487 0.11830999702215195 -0.02605300024151802
v 0.055427998304367065 0.11902199685573578 -0.026815000921487808
v 0.05322999879717827 0.11951900273561478 -0.026569999754428864
v 0.0429840013384819 0.10432600229978561 -0.039301998913288116
v 0.037696998566389084 0.1064239963889122 -0.04088199883699417
v 0.0604810006916523 0.11942800134420395 -0.02507000043988228
v 0.06198899820446968 0.11996900290250778 -0.024748999625444412
v 0.059585001319646835 0.11982999742031097 -0.023843999952077866
v 0.05815400183200836 0.12121099978685379 -0.024535000324249268
v 0.03516099974513054 0.1043199971318245 -0.04139000177383423
v 0.06329400092363358 0.12012200057506561 -0.024653999134898186
v 0.028528999537229538 0.10474299639463425 -0.04336800053715706
v 0.062077999114990234 0.12017799913883209 -0.020726000890135765
v 0.05976099893450737 0.11927200108766556 -0.02232000045478344
v 0.042385000735521317 0.11627300083637238 -0.02463500015437603
v 0.04555800184607506 0.11764799803495407 -0.022331999614834785
v 0.0440169982612133 0.11813399940729141 -0.022595999762415886
v 0.059620000422000885 0.11498600244522095 0.021626999601721764
v 0.05962599813938141 0.11908300220966339 0.02164899930357933
v 0.06165499985218048 0.1172029972076416 0.020152000710368156
v 0.06167000159621239 0.12011200189590454 0.020690999925136566
v 0.06362300366163254 0.11948399990797043 0.020476000383496284
v 0.05625399947166443 0.11610999703407288 -0.019891999661922455
v 0.053502000868320465 0.11720500141382217 -0.020018000155687332
v 0.05698800086975098 0.11816299706697464 -0.01876400038599968
v 0.05820700153708458 0.119718998670578 -0.018570000305771828
v 0.058058999478816986 0.12051499634981155 -0.020754000172019005
v 0.03264300152659416 0.10253900289535522 0.042532000690698624
v 0.029690999537706375 0.10230199992656708 0.04179700091481209
v 0.029562000185251236 0.10258899629116058 0.040316998958587646
v 0.046091001480817795 0.12381000071763992 0.03353099897503853
v 0.04831499978899956 0.12405099719762802 0.03621000051498413
v 0.047690000385046005 0.12087900191545486 0.030688999220728874
v 0.045281000435352325 0.1231440007686615 0.031918998807668686
v 0.05023600161075592 0.11908300220966339 0.029901999980211258
v 0.05011900141835213 0.11740099638700485 0.03746600076556206
v 0.04870399832725525 0.12132299691438675 0.03754400089383125
v 0.05242300033569336 0.11666300147771835 0.027986999601125717
v 0.05048200115561485 0.11815900355577469 0.02683199942111969
v 0.04976800084114075 0.11877600103616714 0.028750000521540642
v 0.0450580008327961 0.11301899701356888 0.03978100046515465
v 0.05863500013947487 0.11830999702215195 0.02695300057530403
v 0.05724399909377098 0.11820600181818008 0.027935000136494637
v 0.055427998304367065 0.11902199685573578 0.02771499939262867
v 0.05322999879717827 0.11951900273561478 0.027470000088214874
v 0.0432329997420311 0.10889899730682373 0.04060100018978119
v 0.06198899820446968 0.11996900290250778 0.025648999959230423
v 0.0604810006916523 0.11942800134420395 0.02597000077366829
v 0.059585001319646835 0.11982999742031097 0.024744000285863876
v 0.05815400183200836 0.12121099978685379 0.02543500065803528
v 0.0429840013384819 0.10432600229978561 0.04020199924707413
v 0.037696998566389084 0.1064239963889122 0.04178199917078018
v 0.06329400092363358 0.12012200057506561 0.025553999468684196
v 0.03516099974513054 0.1043199971318245 0.04228999838232994
v 0.028528999537229538 0.10474299639463425 0.04426800087094307
v 0.03229299932718277 0.10538999736309052 0.0361189991235733
v 0.062077999114990234 0.12017799913883209 0.021625999361276627
v 0.05976099893450737 0.11927200108766556 0.02322000078856945
v 0.036316998302936554 0.11235000193119049 0.030913999304175377
v 0.03736799955368042 0.11487399786710739 0.028589000925421715
v 0.042385000735521317 0.11627300083637238 0.02553500048816204
v 0.0440169982612133 0.11813399940729141 0.023496000096201897
v 0.04555800184607506 0.11764799803495407 0.023231999948620796
v 0.051281001418828964 0.11696299910545349 -0.02137099951505661
v 0.053502000868320465 0.11720500141382217 0.020918000489473343
v 0.05625399947166443 0.11610999703407288 0.020791999995708466
v 0.04612699896097183 0.11843200027942657 -0.022357000038027763
v 0.049536000937223434 0.11862599849700928 -0.02313300035893917
v 0.051281001418828964 0.11696299910545349 0.02227099984884262
v 0.04612699896097183 0.11843200027942657 0.023257000371813774
v 0.049536000937223434 0.11862599849700928 0.02403300069272518
v 0.025414999574422836 0.10459499806165695 -0.04233900085091591
v 0.025443000718951225 0.10506399720907211 -0.04079199954867363
v 0.029184000566601753 0.10840100049972534 -0.036407001316547394
v 0.033720001578330994 0.11356300115585327 -0.03274400159716606
v 0.03483299911022186 0.11659999936819077 -0.03029399923980236
v 0.03802900016307831 0.11759799718856812 -0.026409000158309937
v 0.046080999076366425 0.12944699823856354 -0.03553000092506409
v 0.042736999690532684 0.12975899875164032 -0.03384200111031532
v 0.04784199967980385 0.1254429966211319 -0.03672900050878525
v 0.04703500121831894 0.12958300113677979 -0.03703099861741066
v 0.043407000601291656 0.12567299604415894 -0.03072500042617321
v 0.04252199828624725 0.12825100123882294 -0.03253600001335144
v 0.04245400056242943 0.11621999740600586 -0.04003399983048439
v 0.03873699903488159 0.12004899978637695 -0.041106998920440674
v 0.04410700127482414 0.12238399684429169 -0.030034000054001808
v 0.04258599877357483 0.12339899688959122 -0.02983899973332882
v 0.04730900004506111 0.12052900344133377 -0.029765000566840172
v 0.03844299912452698 0.11163999885320663 -0.04093199968338013
v 0.05099400132894516 0.12028300017118454 -0.025640999898314476
v 0.050390999764204025 0.12152300029993057 -0.027089999988675117
v 0.04759500175714493 0.12277799844741821 -0.028537999838590622
v 0.03430899977684021 0.10902400314807892 -0.04202000051736832
v 0.05707399919629097 0.12071800231933594 -0.02556600049138069
v 0.05588399991393089 0.12076299637556076 -0.025443999096751213
v 0.05380399897694588 0.12242499738931656 -0.024481000378727913
v 0.05117899924516678 0.12141799926757812 -0.024261999875307083
v 0.03107300028204918 0.10576300323009491 -0.04335400089621544
v 0.02744000032544136 0.10817400366067886 -0.044592998921871185
v 0.05770700052380562 0.1214120015501976 -0.02291399985551834
v 0.05665599927306175 0.12139400094747543 -0.02347699925303459
v 0.024157000705599785 0.10688000172376633 -0.04451199993491173
v 0.02173200063407421 0.10810299962759018 -0.043331000953912735
v 0.056981999427080154 0.1200300008058548 -0.021786000579595566
v 0.04236000031232834 0.11868900060653687 -0.023972999304533005
v 0.04432599991559982 0.12146300077438354 -0.02115200087428093
v 0.046817000955343246 0.12130799889564514 -0.020292000845074654
v 0.05698800086975098 0.11816299706697464 0.01966400071978569
v 0.05820700153708458 0.119718998670578 0.01947000063955784
v 0.058058999478816986 0.12051499634981155 0.021654000505805016
v 0.05393600091338158 0.11847200244665146 -0.01886500045657158
v 0.055323000997304916 0.12004599720239639 -0.019381999969482422
v 0.05511799827218056 0.11988899856805801 -0.020486000925302505
v 0.025414999574422836 0.10459499806165695 0.04323900118470192
v 0.025443000718951225 0.10506399720907211 0.04169199988245964
v 0.029184000566601753 0.10840100049972534 0.037307001650333405
v 0.042736999690532684 0.12975899875164032 0.034742001444101334
v 0.046080999076366425 0.12944699823856354 0.0364300012588501
v 0.04252199828624725 0.12825100123882294 0.03343600034713745
v 0.043407000601291656 0.12567299604415894 0.03162499889731407
v 0.04703500121831894 0.12958300113677979 0.03793099895119667
v 0.04784199967980385 0.1254429966211319 0.03762900084257126
v 0.04730900004506111 0.12052900344133377 0.030665000900626183
v 0.04410700127482414 0.12238399684429169 0.03093400038778782
v 0.04258599877357483 0.12339899688959122 0.03073900006711483
v 0.04245400056242943 0.11621999740600586 0.0409340001642704
v 0.03873699903488159 0.12004899978637695 0.042006999254226685
v 0.05099400132894516 0.12028300017118454 0.026541000232100487
v 0.050390999764204025 0.12152300029993057 0.027990000322461128
v 0.04759500175714493 0.12277799844741821 0.029438000172376633
v 0.03844299912452698 0.11163999885320663 0.04183200001716614
v 0.05707399919629097 0.12071800231933594 0.026466000825166702
v 0.05588399991393089 0.12076299637556076 0.026343999430537224
v 0.05380399897694588 0.12242499738931656 0.025381000712513924
v 0.05117899924516678 0.12141799926757812 0.025162000209093094
v 0.03430899977684021 0.10902400314807892 0.04292000085115433
v 0.05770700052380562 0.1214120015501976 0.023814000189304352
v 0.05665599927306175 0.12139400094747543 0.024376999586820602
v 0.03107300028204918 0.10576300323009491 0.04425400123000145
v 0.02744000032544136 0.10817400366067886 0.045492999255657196
v 0.024157000705599785 0.10688000172376633 0.04541200026869774
v 0.02173200063407421 0.10810299962759018 0.044231001287698746
v 0.033720001578330994 0.11356300115585327 0.033643998205661774
v 0.056981999427080154 0.1200300008058548 0.022686000913381577
v 0.03483299911022186 0.11659999936819077 0.03119399957358837
v 0.03802900016307831 0.11759799718856812 0.027309000492095947
v 0.04236000031232834 0.11868900060653687 0.024872999638319016
v 0.04432599991559982 0.12146300077438354 0.02205199934542179
v 0.046817000955343246 0.12130799889564514 0.021191999316215515
v 0.0518449991941452 0.12038899958133698 -0.019014999270439148
v 0.05393600091338158 0.11847200244665146 0.01976500079035759
v 0.049931999295949936 0.12026999890804291 -0.02218100056052208
v 0.0518449991941452 0.12038899958133698 0.01991499960422516
v 0.049931999295949936 0.12026999890804291 0.02308100089430809
v 0.021973000839352608 0.10876300185918808 -0.041533999145030975
v 0.026328999549150467 0.11206399649381638 -0.036786999553442
v 0.031189000234007835 0.1158289983868599 -0.03477000072598457
v 0.032802000641822815 0.11913499981164932 -0.0324690006673336
v 0.036386001855134964 0.11928299814462662 -0.028960999101400375
v 0.03952199965715408 0.12517499923706055 -0.028787000104784966
v 0.045563001185655594 0.13746699690818787 -0.03648500144481659
v 0.043740998953580856 0.13648900389671326 -0.03612099960446358
v 0.04640600085258484 0.13371700048446655 -0.03745900094509125
v 0.041756000369787216 0.1307709962129593 -0.03325299918651581
v 0.04167800024151802 0.1332249939441681 -0.034033000469207764
v 0.03784500062465668 0.12443500012159348 -0.041958000510931015
v 0.04066599905490875 0.1287589967250824 -0.041544001549482346
v 0.03915899991989136 0.12209100276231766 -0.02726699970662594
v 0.039066001772880554 0.1283539980649948 -0.03106600046157837
v 0.03861499950289726 0.13125699758529663 -0.03246700018644333
v 0.03596699982881546 0.11500199884176254 -0.04202700033783913
v 0.03482099995017052 0.11918199807405472 -0.043216999620199203
v 0.04522399976849556 0.1240909993648529 -0.02868800051510334
v 0.0432250015437603 0.12449999898672104 -0.028467999771237373
v 0.031745001673698425 0.11259400099515915 -0.042840998619794846
v 0.050377000123262405 0.12274599820375443 -0.025686999782919884
v 0.0480710007250309 0.12403099983930588 -0.02718299999833107
v 0.04579000174999237 0.1250550001859665 -0.027583999559283257
v 0.025046000257134438 0.11282999813556671 -0.044645000249147415
v 0.05578099936246872 0.12178699672222137 -0.02404000051319599
v 0.053870998322963715 0.12239500135183334 -0.023819999769330025
v 0.05086300149559975 0.12155900150537491 -0.023334000259637833
v 0.049685001373291016 0.12403500080108643 -0.02399200014770031
v 0.049143001437187195 0.12330000102519989 -0.023750999942421913
v 0.021074999123811722 0.1112470030784607 -0.04436900094151497
v 0.019543999806046486 0.11653900146484375 -0.044054001569747925
v 0.055160000920295715 0.11986999958753586 -0.022058000788092613
v 0.019504999741911888 0.1131109967827797 -0.04345700144767761
v 0.019485000520944595 0.11353500187397003 -0.04202499985694885
v 0.042573001235723495 0.12072499841451645 -0.023020999506115913
v 0.04304200038313866 0.12336300313472748 -0.021794000640511513
v 0.045235998928546906 0.12261799722909927 -0.02115200087428093
v 0.04781699925661087 0.12267699837684631 -0.020292000845074654
v 0.055323000997304916 0.12004599720239639 0.020282000303268433
v 0.05511799827218056 0.11988899856805801 0.021385999396443367
v 0.05317600071430206 0.12197799980640411 -0.01996699906885624
v 0.053690001368522644 0.12174800038337708 -0.020927000790834427
v 0.05348299816250801 0.12111199647188187 -0.022272000089287758
v 0.021973000839352608 0.10876300185918808 0.042433999478816986
v 0.026328999549150467 0.11206399649381638 0.03768699988722801
v 0.031189000234007835 0.1158289983868599 0.035670001059770584
v 0.043740998953580856 0.13648900389671326 0.03702099993824959
v 0.045563001185655594 0.13746699690818787 0.0373850017786026
v 0.041756000369787216 0.1307709962129593 0.03415299952030182
v 0.04167800024151802 0.1332249939441681 0.034933000802993774
v 0.04640600085258484 0.13371700048446655 0.03835900127887726
v 0.03952199965715408 0.12517499923706055 0.029687000438570976
v 0.039066001772880554 0.1283539980649948 0.03196600079536438
v 0.03861499950289726 0.13125699758529663 0.03336700052022934
v 0.03915899991989136 0.12209100276231766 0.02816700004041195
v 0.03784500062465668 0.12443500012159348 0.042858000844717026
v 0.04066599905490875 0.1287589967250824 0.04244399815797806
v 0.04522399976849556 0.1240909993648529 0.02958800084888935
v 0.0432250015437603 0.12449999898672104 0.029368000105023384
v 0.03596699982881546 0.11500199884176254 0.04292700067162514
v 0.03482099995017052 0.11918199807405472 0.044116999953985214
v 0.050377000123262405 0.12274599820375443 0.026587000116705894
v 0.0480710007250309 0.12403099983930588 0.02808300033211708
v 0.04579000174999237 0.1250550001859665 0.028483999893069267
v 0.031745001673698425 0.11259400099515915 0.043740998953580856
v 0.05578099936246872 0.12178699672222137 0.024940000846982002
v 0.053870998322963715 0.12239500135183334 0.024720000103116035
v 0.05086300149559975 0.12155900150537491 0.024234000593423843
v 0.049685001373291016 0.12403500080108643 0.02489200048148632
v 0.049143001437187195 0.12330000102519989 0.024651000276207924
v 0.025046000257134438 0.11282999813556671 0.045545000582933426
v 0.055160000920295715 0.11986999958753586 0.022957999259233475
v 0.021074999123811722 0.1112470030784607 0.04526900127530098
v 0.019543999806046486 0.11653900146484375 0.04495399817824364
v 0.019504999741911888 0.1131109967827797 0.04435700178146362
v 0.019485000520944595 0.11353500187397003 0.04292500019073486
v 0.032802000641822815 0.11913499981164932 0.033369001001119614
v 0.036386001855134964 0.11928299814462662 0.029860999435186386
v 0.042573001235723495 0.12072499841451645 0.023920999839901924
v 0.04304200038313866 0.12336300313472748 0.022693999111652374
v 0.045235998928546906 0.12261799722909927 0.02205199934542179
v 0.04781699925661087 0.12267699837684631 0.021191999316215515
v 0.04743900150060654 0.12333600223064423 -0.021789999678730965
v 0.04785799980163574 0.12193000316619873 -0.02323400042951107
v 0.05317600071430206 0.12197799980640411 0.02086699940264225
v 0.04743900150060654 0.12333600223064423 0.022690000012516975
v 0.04785799980163574 0.12193000316619873 0.02413400076329708
v 0.053690001368522644 0.12174800038337708 0.02182699926197529
v 0.05348299816250801 0.12111199647188187 0.02317200042307377
v 0.024754000827670097 0.11646600067615509 -0.03735300153493881
v 0.029664000496268272 0.11987999826669693 -0.03528600186109543
v 0.03158700093626976 0.12290500104427338 -0.033879999071359634
v 0.03550799936056137 0.12234800308942795 -0.030747000128030777
v 0.03628600016236305 0.12577100098133087 -0.03200099989771843
v 0.04726700112223625 0.14493699371814728 -0.03746600076556206
v 0.04446899890899658 0.14336499571800232 -0.037029001861810684
v 0.04652399942278862 0.1379290074110031 -0.03769500181078911
v 0.04702400043606758 0.14214900135993958 -0.03785799816250801
v 0.04211900010704994 0.14050699770450592 -0.03669000044465065
v 0.04134399816393852 0.1376730054616928 -0.035610999912023544
v 0.04118200019001961 0.13588599860668182 -0.03499000146985054
v 0.042052000761032104 0.13304699957370758 -0.04117099940776825
v 0.03853800147771835 0.13317200541496277 -0.03349800035357475
v 0.03832300007343292 0.13541999459266663 -0.034720998257398605
v 0.03348900005221367 0.12335699796676636 -0.044103000313043594
v 0.03489699959754944 0.1279049962759018 -0.04468800127506256
v 0.04109099879860878 0.12375099956989288 -0.02515299990773201
v 0.03560800105333328 0.12904100120067596 -0.033521998673677444
v 0.035169001668691635 0.13228900730609894 -0.03524100035429001
v 0.030911000445485115 0.11721000075340271 -0.04413500055670738
v 0.03003999963402748 0.12185099720954895 -0.044870998710393906
v 0.04307999834418297 0.12578299641609192 -0.026379000395536423
v 0.023423999547958374 0.11807200312614441 -0.04450000077486038
v 0.04704299941658974 0.12449199706315994 -0.02527100034058094
v 0.04570300132036209 0.1255829930305481 -0.026203999295830727
v 0.01959500089287758 0.12215600162744522 -0.044210001826286316
v 0.04572400078177452 0.12215899676084518 -0.0234570000320673
v 0.018312999978661537 0.11859200149774551 -0.04361699894070625
v 0.017938999459147453 0.12424200028181076 -0.04352099820971489
v 0.01780400052666664 0.11870100349187851 -0.041933998465538025
v 0.02391500025987625 0.12128099799156189 -0.03756599873304367
v 0.04304099828004837 0.12409300357103348 -0.022430000826716423
v 0.04469500109553337 0.12286099791526794 -0.024438999593257904
v 0.024754000827670097 0.11646600067615509 0.038252998143434525
v 0.029664000496268272 0.11987999826669693 0.03618599846959114
v 0.03158700093626976 0.12290500104427338 0.034779999405145645
v 0.04446899890899658 0.14336499571800232 0.037928998470306396
v 0.04726700112223625 0.14493699371814728 0.03836600109934807
v 0.04134399816393852 0.1376730054616928 0.036511000245809555
v 0.04211900010704994 0.14050699770450592 0.03759000077843666
v 0.04118200019001961 0.13588599860668182 0.03589000180363655
v 0.04702400043606758 0.14214900135993958 0.03875799849629402
v 0.04652399942278862 0.1379290074110031 0.03859499841928482
v 0.03853800147771835 0.13317200541496277 0.034398000687360764
v 0.03832300007343292 0.13541999459266663 0.035620998591184616
v 0.042052000761032104 0.13304699957370758 0.04207099974155426
v 0.03550799936056137 0.12234800308942795 0.03164700046181679
v 0.03628600016236305 0.12577100098133087 0.03290100023150444
v 0.03560800105333328 0.12904100120067596 0.034421999007463455
v 0.035169001668691635 0.13228900730609894 0.03614100068807602
v 0.04109099879860878 0.12375099956989288 0.02605300024151802
v 0.03348900005221367 0.12335699796676636 0.045003000646829605
v 0.03489699959754944 0.1279049962759018 0.04558800160884857
v 0.04307999834418297 0.12578299641609192 0.027279000729322433
v 0.030911000445485115 0.11721000075340271 0.04503500089049339
v 0.03003999963402748 0.12185099720954895 0.045770999044179916
v 0.04704299941658974 0.12449199706315994 0.02617100067436695
v 0.04570300132036209 0.1255829930305481 0.027103999629616737
v 0.023423999547958374 0.11807200312614441 0.04540000110864639
v 0.04572400078177452 0.12215899676084518 0.02435700036585331
v 0.01959500089287758 0.12215600162744522 0.04510999843478203
v 0.018312999978661537 0.11859200149774551 0.044516999274492264
v 0.017938999459147453 0.12424200028181076 0.0444209985435009
v 0.01780400052666664 0.11870100349187851 0.042833998799324036
v 0.02391500025987625 0.12128099799156189 0.03846599906682968
v 0.04304099828004837 0.12409300357103348 0.023329999297857285
v 0.04469500109553337 0.12286099791526794 0.025338999927043915
v 0.02865700051188469 0.124160997569561 -0.0358630008995533
v 0.031160999089479446 0.12666399776935577 -0.03455499932169914
v 0.03052699938416481 0.1308480054140091 -0.03525400161743164
v 0.04898200184106827 0.1515900045633316 -0.03759299963712692
v 0.0460750013589859 0.14927099645137787 -0.037615999579429626
v 0.047672998160123825 0.14631099998950958 -0.03806599974632263
v 0.04858599975705147 0.15039999783039093 -0.038339000195264816
v 0.044523000717163086 0.1478949934244156 -0.037744998931884766
v 0.042837999761104584 0.14363299310207367 -0.03730199858546257
v 0.043375998735427856 0.13736200332641602 -0.04057199880480766
v 0.04394000023603439 0.14164899289608002 -0.040867000818252563
v 0.03834199905395508 0.13915500044822693 -0.037032999098300934
v 0.03815300017595291 0.1371069997549057 -0.03575199842453003
v 0.03858000040054321 0.14065200090408325 -0.038113001734018326
v 0.03475400060415268 0.13242299854755402 -0.04478999972343445
v 0.03483499959111214 0.13562799990177155 -0.03683000057935715
v 0.030652999877929688 0.12650999426841736 -0.04571299999952316
v 0.029735999181866646 0.13120399415493011 -0.04622900113463402
v 0.04159099981188774 0.1247439980506897 -0.024709999561309814
v 0.030460000038146973 0.1347140073776245 -0.036931999027729034
v 0.03014400042593479 0.13854099810123444 -0.03890400007367134
v 0.0238220002502203 0.12304899841547012 -0.04498299956321716
v 0.026606999337673187 0.1279429942369461 -0.04596399888396263
v 0.04287400096654892 0.12514600157737732 -0.02571900002658367
v 0.022267000749707222 0.1272979974746704 -0.04512299969792366
v 0.04486899822950363 0.12521900236606598 -0.02568800002336502
v 0.018556000664830208 0.12987500429153442 -0.04382000118494034
v 0.017562000080943108 0.12422700226306915 -0.04167399927973747
v 0.018029000610113144 0.1297679990530014 -0.041673000901937485
v 0.023516999557614326 0.12582600116729736 -0.03734000027179718
v 0.02974800020456314 0.12787899374961853 -0.03799999877810478
v 0.04339899867773056 0.12393199652433395 -0.024929000064730644
v 0.02865700051188469 0.124160997569561 0.03676300123333931
v 0.031160999089479446 0.12666399776935577 0.03545499965548515
v 0.0460750013589859 0.14927099645137787 0.03851599991321564
v 0.04898200184106827 0.1515900045633316 0.03849299997091293
v 0.042837999761104584 0.14363299310207367 0.03820199891924858
v 0.044523000717163086 0.1478949934244156 0.038644999265670776
v 0.04858599975705147 0.15039999783039093 0.03923900052905083
v 0.047672998160123825 0.14631099998950958 0.03896600008010864
v 0.03815300017595291 0.1371069997549057 0.03665199875831604
v 0.03834199905395508 0.13915500044822693 0.037932999432086945
v 0.03858000040054321 0.14065200090408325 0.03901299834251404
v 0.043375998735427856 0.13736200332641602 0.041471999138593674
v 0.04394000023603439 0.14164899289608002 0.041767001152038574
v 0.03483499959111214 0.13562799990177155 0.03773000091314316
v 0.03475400060415268 0.13242299854755402 0.04569000005722046
v 0.03052699938416481 0.1308480054140091 0.03615399822592735
v 0.030460000038146973 0.1347140073776245 0.037831999361515045
v 0.03014400042593479 0.13854099810123444 0.03980400040745735
v 0.04159099981188774 0.1247439980506897 0.025609999895095825
v 0.030652999877929688 0.12650999426841736 0.046613000333309174
v 0.029735999181866646 0.13120399415493011 0.04712900146842003
v 0.04287400096654892 0.12514600157737732 0.026619000360369682
v 0.0238220002502203 0.12304899841547012 0.045882999897003174
v 0.026606999337673187 0.1279429942369461 0.04686399921774864
v 0.04486899822950363 0.12521900236606598 0.02658800035715103
v 0.022267000749707222 0.1272979974746704 0.04602300003170967
v 0.018556000664830208 0.12987500429153442 0.04472000151872635
v 0.017562000080943108 0.12422700226306915 0.04257399961352348
v 0.018029000610113144 0.1297679990530014 0.042573001235723495
v 0.023516999557614326 0.12582600116729736 0.03824000060558319
v 0.02974800020456314 0.12787899374961853 0.03889999911189079
v 0.04339899867773056 0.12393199652433395 0.025829000398516655
v 0.02837900072336197 0.13161799311637878 -0.03899100050330162
v 0.04947900027036667 0.15536299347877502 -0.03815700113773346
v 0.047926999628543854 0.15532800555229187 -0.038669999688863754
v 0.04976499825716019 0.15442000329494476 -0.038672998547554016
v 0.045979999005794525 0.15601499378681183 -0.03889400139451027
v 0.04379900172352791 0.14611700177192688 -0.041822001338005066
v 0.04465100169181824 0.1505119949579239 -0.041443001478910446
v 0.038724999874830246 0.1424580067396164 -0.03894200176000595
v 0.03932499885559082 0.1448410004377365 -0.040022000670433044
v 0.034710999578237534 0.13691000640392303 -0.04456999897956848
v 0.03484899923205376 0.14146700501441956 -0.0447469986975193
v 0.034299999475479126 0.13875199854373932 -0.038630999624729156
v 0.033670999109745026 0.1416029930114746 -0.040796998888254166
v 0.02917799912393093 0.1359889954328537 -0.04631999880075455
v 0.028814999386668205 0.14198899269104004 -0.04073299840092659
v 0.026697000488638878 0.13317400217056274 -0.04657299816608429
v 0.025575999170541763 0.13826900720596313 -0.0469449982047081
v 0.0262449998408556 0.13536100089550018 -0.0396139994263649
v 0.02406499907374382 0.13895200192928314 -0.0406309999525547
v 0.022735999897122383 0.1327430009841919 -0.046195000410079956
v 0.021081000566482544 0.13802999258041382 -0.04656900092959404
v 0.01859699934720993 0.135453000664711 -0.044766999781131744
v 0.017340000718832016 0.13506600260734558 -0.042906999588012695
v 0.02157299965620041 0.1299940049648285 -0.03842400014400482
v 0.019502000883221626 0.13397899270057678 -0.040258001536130905
v 0.047926999628543854 0.15532800555229187 0.039570000022649765
v 0.04947900027036667 0.15536299347877502 0.03905700147151947
v 0.045979999005794525 0.15601499378681183 0.03979400172829628
v 0.04976499825716019 0.15442000329494476 0.03957299888134003
v 0.038724999874830246 0.1424580067396164 0.03984199836850166
v 0.03932499885559082 0.1448410004377365 0.040922001004219055
v 0.04379900172352791 0.14611700177192688 0.04272200167179108
v 0.04465100169181824 0.1505119949579239 0.04234300181269646
v 0.034299999475479126 0.13875199854373932 0.03953099995851517
v 0.033670999109745026 0.1416029930114746 0.041696999222040176
v 0.034710999578237534 0.13691000640392303 0.04546999931335449
v 0.03484899923205376 0.14146700501441956 0.04564699903130531
v 0.028814999386668205 0.14198899269104004 0.0416329987347126
v 0.02917799912393093 0.1359889954328537 0.04721999913454056
v 0.02837900072336197 0.13161799311637878 0.03989100083708763
v 0.0262449998408556 0.13536100089550018 0.04051399976015091
v 0.02406499907374382 0.13895200192928314 0.041531000286340714
v 0.026697000488638878 0.13317400217056274 0.0474729984998703
v 0.025575999170541763 0.13826900720596313 0.04784499853849411
v 0.022735999897122383 0.1327430009841919 0.04709500074386597
v 0.021081000566482544 0.13802999258041382 0.04746900126338005
v 0.01859699934720993 0.135453000664711 0.045667000114917755
v 0.017340000718832016 0.13506600260734558 0.043806999921798706
v 0.02157299965620041 0.1299940049648285 0.03932400047779083
v 0.019502000883221626 0.13397899270057678 0.04115799814462662
v 0.050446998327970505 0.1597059965133667 -0.0387439988553524
v 0.05038899928331375 0.15865899622440338 -0.03967899829149246
v 0.04898399859666824 0.15988999605178833 -0.03925799950957298
v 0.04723900184035301 0.16048799455165863 -0.03950599953532219
v 0.04705899953842163 0.15628400444984436 -0.04100799933075905
v 0.04330899938941002 0.1557309925556183 -0.039753999561071396
v 0.03483600169420242 0.14598199725151062 -0.04444200173020363
v 0.04032199829816818 0.15452800691127777 -0.04419400170445442
v 0.03339900076389313 0.14452199637889862 -0.04299100115895271
v 0.03652599826455116 0.14622299373149872 -0.04348500072956085
v 0.031679000705480576 0.14727699756622314 -0.04451899975538254
v 0.029702000319957733 0.14086200296878815 -0.04638899862766266
v 0.028528999537229538 0.14534200727939606 -0.045848000794649124
v 0.026283999904990196 0.1446560025215149 -0.04253600165247917
v 0.02442299947142601 0.14809100329875946 -0.04400999844074249
v 0.023670999333262444 0.14310899376869202 -0.047621000558137894
v 0.022492999210953712 0.14296799898147583 -0.04144100099802017
v 0.02001499943435192 0.14338800311088562 -0.04761499911546707
v 0.019158000126481056 0.1487410068511963 -0.04913000017404556
v 0.0177180003374815 0.1380240023136139 -0.04214100167155266
v 0.017148999497294426 0.14273400604724884 -0.04280000180006027
v 0.01782499998807907 0.1409749984741211 -0.0456710010766983
v 0.017534000799059868 0.1461469978094101 -0.04768799990415573
v 0.01658499985933304 0.14034999907016754 -0.04420100152492523
v 0.04723900184035301 0.16048799455165863 0.0404059998691082
v 0.04898399859666824 0.15988999605178833 0.040157999843358994
v 0.050446998327970505 0.1597059965133667 0.03964399918913841
v 0.05038899928331375 0.15865899622440338 0.04057899862527847
v 0.04330899938941002 0.1557309925556183 0.04065399989485741
v 0.04705899953842163 0.15628400444984436 0.04190799966454506
v 0.03339900076389313 0.14452199637889862 0.043891001492738724
v 0.03652599826455116 0.14622299373149872 0.04438500106334686
v 0.031679000705480576 0.14727699756622314 0.04541900008916855
v 0.03483600169420242 0.14598199725151062 0.04534199833869934
v 0.04032199829816818 0.15452800691127777 0.045093998312950134
v 0.026283999904990196 0.1446560025215149 0.043435998260974884
v 0.02442299947142601 0.14809100329875946 0.0449099987745285
v 0.029702000319957733 0.14086200296878815 0.04728899896144867
v 0.028528999537229538 0.14534200727939606 0.046748001128435135
v 0.022492999210953712 0.14296799898147583 0.04234100133180618
v 0.023670999333262444 0.14310899376869202 0.048521000891923904
v 0.0177180003374815 0.1380240023136139 0.04304099828004837
v 0.017148999497294426 0.14273400604724884 0.043699998408555984
v 0.02001499943435192 0.14338800311088562 0.04851499944925308
v 0.019158000126481056 0.1487410068511963 0.050030000507831573
v 0.01782499998807907 0.1409749984741211 0.046571001410484314
v 0.017534000799059868 0.1461469978094101 0.04858800023794174
v 0.01658499985933304 0.14034999907016754 0.04510100185871124
v 0.04992299899458885 0.16290700435638428 -0.03967700153589249
v 0.049966000020504 0.16208499670028687 -0.040612999349832535
v 0.04846400022506714 0.16310100257396698 -0.04019000008702278
v 0.046032000333070755 0.16134899854660034 -0.04225299879908562
v 0.04669399932026863 0.1631619930267334 -0.04090699926018715
v 0.03493500128388405 0.15075400471687317 -0.04560200124979019
v 0.038593001663684845 0.1545799970626831 -0.04446600005030632
v 0.042309001088142395 0.1615840047597885 -0.04343400150537491
v 0.028436999768018723 0.14940600097179413 -0.046119000762701035
v 0.031355999410152435 0.14930400252342224 -0.04596899822354317
v 0.0220979992300272 0.15147000551223755 -0.04471699893474579
v 0.023295000195503235 0.14820100367069244 -0.04810599982738495
v 0.025256000459194183 0.1504489928483963 -0.04754199832677841
v 0.020440999418497086 0.14679700136184692 -0.04188600182533264
v 0.019603999331593513 0.15082399547100067 -0.04091800004243851
v 0.020267000421881676 0.15317699313163757 -0.05139699950814247
v 0.01672700047492981 0.14754900336265564 -0.04213299974799156
v 0.01735600084066391 0.15154799818992615 -0.049219999462366104
v 0.017273999750614166 0.15625900030136108 -0.0520859993994236
v 0.015395999886095524 0.1457200050354004 -0.04462200030684471
v 0.013780999928712845 0.1508989930152893 -0.044217001646757126
v 0.04669399932026863 0.1631619930267334 0.04180699959397316
v 0.04846400022506714 0.16310100257396698 0.04109000042080879
v 0.04992299899458885 0.16290700435638428 0.0405769981443882
v 0.049966000020504 0.16208499670028687 0.041512999683618546
v 0.046032000333070755 0.16134899854660034 0.04315299913287163
v 0.03493500128388405 0.15075400471687317 0.0465020015835762
v 0.038593001663684845 0.1545799970626831 0.04536600038409233
v 0.042309001088142395 0.1615840047597885 0.04433400183916092
v 0.0220979992300272 0.15147000551223755 0.0456169992685318
v 0.031355999410152435 0.14930400252342224 0.04686899855732918
v 0.028436999768018723 0.14940600097179413 0.047019001096487045
v 0.020440999418497086 0.14679700136184692 0.042785998433828354
v 0.019603999331593513 0.15082399547100067 0.04181800037622452
v 0.023295000195503235 0.14820100367069244 0.04900600016117096
v 0.025256000459194183 0.1504489928483963 0.04844199866056442
v 0.01672700047492981 0.14754900336265564 0.04303300008177757
v 0.020267000421881676 0.15317699313163757 0.05229699984192848
v 0.015395999886095524 0.1457200050354004 0.04552200064063072
v 0.013780999928712845 0.1508989930152893 0.04511699825525284
v 0.01735600084066391 0.15154799818992615 0.050119999796152115
v 0.017273999750614166 0.15625900030136108 0.05298599973320961
v 0.04802199825644493 0.16438500583171844 -0.042107999324798584
v 0.04427700117230415 0.16463099420070648 -0.04350699856877327
v 0.025175999850034714 0.15128999948501587 -0.04704999923706055
v 0.020208999514579773 0.1591009944677353 -0.04555800184607506
v 0.021069999784231186 0.15626099705696106 -0.04911499843001366
v 0.021399000659585 0.1547590047121048 -0.05144599825143814
v 0.016214000061154366 0.15196000039577484 -0.04030999913811684
v 0.019221000373363495 0.15583300590515137 -0.03865699842572212
v 0.01549100037664175 0.15794900059700012 -0.03819400072097778
v 0.021425999701023102 0.15528400242328644 -0.052994001656770706
v 0.012918000109493732 0.1557289958000183 -0.04182799905538559
v 0.017443999648094177 0.16100600361824036 -0.05257600173354149
v 0.014825999736785889 0.16014599800109863 -0.048994001001119614
v 0.012690000236034393 0.1593330055475235 -0.043671999126672745
v 0.04802199825644493 0.16438500583171844 0.043007999658584595
v 0.04427700117230415 0.16463099420070648 0.04440699890255928
v 0.021069999784231186 0.15626099705696106 0.05001499876379967
v 0.020208999514579773 0.1591009944677353 0.04645799845457077
v 0.025175999850034714 0.15128999948501587 0.04794999957084656
v 0.016214000061154366 0.15196000039577484 0.04120999947190285
v 0.019221000373363495 0.15583300590515137 0.03955699875950813
v 0.01549100037664175 0.15794900059700012 0.039094001054763794
v 0.021399000659585 0.1547590047121048 0.05234599858522415
v 0.012918000109493732 0.1557289958000183 0.0427279993891716
v 0.021425999701023102 0.15528400242328644 0.05389399826526642
v 0.017443999648094177 0.16100600361824036 0.0534759983420372
v 0.014825999736785889 0.16014599800109863 0.049894001334905624
v 0.012690000236034393 0.1593330055475235 0.044571999460458755
v 0.020788000896573067 0.16149500012397766 -0.04685499891638756
v 0.019726000726222992 0.16148099303245544 -0.04339500144124031
v 0.018219999969005585 0.15686599910259247 -0.038293998688459396
v 0.02160700038075447 0.160289004445076 -0.0501209981739521
v 0.01218700036406517 0.15850499272346497 -0.040970999747514725
v 0.012744000181555748 0.16144700348377228 -0.04023599997162819
v 0.014960999600589275 0.16141700744628906 -0.03799699991941452
v 0.01767599955201149 0.16007700562477112 -0.03743699938058853
v 0.01964299939572811 0.1615229994058609 -0.052326999604701996
v 0.016057999804615974 0.16249099373817444 -0.0488010011613369
v 0.018660999834537506 0.1633470058441162 -0.04835100099444389
v 0.01430600043386221 0.16281799972057343 -0.04413999989628792
v 0.02160700038075447 0.160289004445076 0.05102099850773811
v 0.020788000896573067 0.16149500012397766 0.04775499925017357
v 0.019726000726222992 0.16148099303245544 0.04429500177502632
v 0.018219999969005585 0.15686599910259247 0.03919399902224541
v 0.01218700036406517 0.15850499272346497 0.041871000081300735
v 0.012744000181555748 0.16144700348377228 0.0411360003054142
v 0.014960999600589275 0.16141700744628906 0.03889700025320053
v 0.01767599955201149 0.16007700562477112 0.03833699971437454
v 0.01964299939572811 0.1615229994058609 0.05322699993848801
v 0.018660999834537506 0.1633470058441162 0.049251001328229904
v 0.016057999804615974 0.16249099373817444 0.04970100149512291
v 0.01430600043386221 0.16281799972057343 0.04504000023007393
v 0.01671000011265278 0.16350799798965454 -0.04278700053691864
v 0.01671000011265278 0.16350799798965454 0.04368700087070465
f 1 2 4
f 2 3 4
f 5 6 1
f 6 2 1
f 1 4 7
f 1 7 8
f 5 1 8
f 2 9 3
f 9 10 3
f 6 11 9
f 6 9 2
f 4 3 12
f 4 12 13
f 3 10 14
f 3 14 12
f 15 7 13
f 7 4 13
f 16 17 5
f 17 6 5
f 16 5 19
f 5 18 19
f 18 5 8
f 17 11 6
f 20 8 21
f 8 7 21
f 21 7 15
f 21 15 22
f 23 18 8
f 23 8 20
f 9 24 10
f 24 25 10
f 11 26 24
f 11 24 9
f 10 25 27
f 10 27 14
f 28 29 11
f 28 11 17
f 29 30 26
f 29 26 11
f 13 12 31
f 13 31 32
f 12 14 31
f 14 33 31
f 15 13 32
f 14 27 33
f 27 34 33
f 22 15 36
f 15 35 36
f 15 32 35
f 37 28 17
f 37 17 16
f 37 16 19
f 38 19 18
f 38 18 23
f 39 40 19
f 39 19 38
f 41 37 19
f 41 19 40
f 42 43 20
f 42 20 21
f 20 43 23
f 21 22 42
f 22 44 42
f 36 44 22
f 43 45 23
f 45 38 23
f 24 46 25
f 26 47 24
f 47 46 24
f 25 46 48
f 25 49 27
f 50 49 25
f 30 47 26
f 27 51 34
f 27 49 51
f 41 52 37
f 52 28 37
f 52 53 28
f 53 29 28
f 53 54 29
f 54 30 29
f 47 30 56
f 30 55 56
f 30 54 57
f 30 57 55
f 32 31 58
f 31 33 58
f 32 58 59
f 60 35 32
f 60 32 59
f 58 33 62
f 33 61 62
f 33 34 61
f 34 63 61
f 34 51 63
f 36 35 64
f 35 60 64
f 36 64 65
f 36 65 44
f 38 45 39
f 39 66 40
f 45 66 39
f 67 41 40
f 67 40 68
f 69 68 70
f 68 40 70
f 66 70 40
f 67 71 41
f 71 52 41
f 72 43 73
f 43 42 73
f 73 42 44
f 73 44 74
f 75 45 72
f 45 43 72
f 74 44 65
f 74 65 76
f 77 78 75
f 78 45 75
f 66 45 70
f 45 78 70
f 78 69 70
f 48 46 50
f 50 46 56
f 46 47 56
f 79 48 80
f 48 50 80
f 81 48 82
f 82 48 50
f 48 49 50
f 81 49 48
f 81 51 49
f 80 50 56
f 82 50 79
f 81 83 63
f 81 63 51
f 84 53 52
f 84 52 71
f 85 54 53
f 85 53 84
f 86 54 85
f 54 86 57
f 87 55 88
f 87 88 89
f 55 57 88
f 90 55 87
f 90 87 91
f 92 55 90
f 56 55 92
f 80 56 92
f 88 57 93
f 88 93 94
f 86 95 93
f 86 93 57
f 59 58 96
f 58 62 96
f 60 59 96
f 64 60 98
f 60 97 98
f 97 60 99
f 60 96 99
f 62 61 100
f 62 100 101
f 61 102 100
f 61 63 102
f 96 62 101
f 96 101 99
f 83 103 63
f 103 102 63
f 98 65 64
f 76 65 104
f 76 104 105
f 106 65 107
f 106 108 104
f 106 104 65
f 98 107 65
f 109 110 67
f 110 71 67
f 109 67 68
f 109 68 111
f 69 112 111
f 69 111 68
f 69 78 112
f 110 113 84
f 110 84 71
f 114 72 73
f 114 73 115
f 116 75 72
f 116 72 114
f 115 73 117
f 73 74 117
f 117 74 118
f 74 76 118
f 119 77 75
f 119 75 116
f 118 76 120
f 76 105 120
f 121 122 77
f 122 78 77
f 123 121 77
f 123 77 119
f 112 78 124
f 78 122 124
f 122 125 124
f 126 79 127
f 126 127 128
f 79 129 127
f 79 80 129
f 130 131 126
f 131 79 126
f 131 132 79
f 132 82 79
f 129 80 92
f 129 92 90
f 133 83 81
f 133 81 82
f 134 133 132
f 133 82 132
f 135 136 137
f 136 83 137
f 136 103 83
f 138 137 134
f 137 83 134
f 134 83 133
f 113 139 84
f 139 85 84
f 139 95 86
f 139 86 85
f 140 87 89
f 140 89 141
f 91 87 140
f 89 88 94
f 89 94 142
f 141 89 142
f 141 142 143
f 128 127 91
f 127 90 91
f 127 129 90
f 91 140 144
f 145 128 144
f 128 91 144
f 93 146 94
f 93 147 146
f 95 148 93
f 148 147 93
f 94 146 149
f 94 149 142
f 148 95 139
f 150 97 151
f 97 99 151
f 97 107 98
f 106 97 150
f 106 150 108
f 97 106 107
f 99 101 152
f 99 152 151
f 152 101 153
f 101 100 153
f 153 100 154
f 100 102 154
f 154 102 155
f 103 155 102
f 156 157 136
f 157 103 136
f 103 157 155
f 157 158 155
f 105 104 159
f 105 159 160
f 161 104 108
f 162 104 161
f 162 163 159
f 162 159 104
f 120 105 164
f 105 160 164
f 150 165 108
f 165 161 108
f 166 167 110
f 166 110 109
f 166 109 111
f 167 113 110
f 168 169 111
f 168 111 170
f 169 166 111
f 112 124 170
f 112 170 111
f 167 171 113
f 171 139 113
f 172 114 173
f 114 115 173
f 174 116 172
f 116 114 172
f 173 115 117
f 173 117 175
f 176 119 174
f 119 116 174
f 175 117 118
f 175 118 177
f 177 118 120
f 177 120 178
f 179 123 119
f 179 119 176
f 178 120 180
f 120 164 180
f 181 182 121
f 182 122 121
f 183 181 121
f 183 121 123
f 122 182 184
f 122 184 125
f 185 183 123
f 185 123 179
f 124 125 186
f 124 186 170
f 125 184 187
f 125 187 186
f 188 126 128
f 188 128 145
f 189 130 188
f 130 126 188
f 190 138 130
f 190 130 189
f 138 134 131
f 138 131 130
f 134 132 131
f 191 192 193
f 192 135 193
f 192 156 135
f 156 136 135
f 193 135 194
f 135 137 194
f 194 137 138
f 190 194 138
f 171 148 139
f 141 195 140
f 195 196 140
f 196 144 140
f 143 195 141
f 143 142 197
f 142 149 197
f 197 195 143
f 144 196 145
f 196 198 145
f 198 188 145
f 149 146 199
f 149 199 200
f 146 201 199
f 146 147 201
f 148 202 147
f 147 202 201
f 203 148 171
f 202 148 203
f 202 203 204
f 197 149 200
f 197 200 205
f 165 150 206
f 150 151 206
f 151 152 207
f 151 207 206
f 152 153 207
f 153 208 207
f 153 154 209
f 153 209 208
f 154 155 209
f 155 158 209
f 192 210 156
f 210 211 156
f 156 211 157
f 211 212 157
f 157 212 213
f 157 213 158
f 209 158 213
f 160 159 214
f 160 214 215
f 163 216 159
f 216 214 159
f 164 160 217
f 160 215 217
f 165 218 161
f 218 162 161
f 218 219 162
f 219 163 162
f 219 220 163
f 220 216 163
f 180 164 221
f 164 217 221
f 218 165 223
f 165 222 223
f 165 224 222
f 165 206 224
f 169 225 166
f 225 167 166
f 226 171 167
f 226 167 225
f 168 227 169
f 227 225 169
f 228 229 227
f 228 227 168
f 228 168 186
f 228 186 187
f 186 168 170
f 203 171 226
f 230 172 231
f 172 173 231
f 232 174 230
f 174 172 230
f 231 173 175
f 231 175 233
f 234 176 232
f 176 174 232
f 233 175 177
f 233 177 235
f 236 179 234
f 179 176 234
f 235 177 178
f 235 178 237
f 237 178 180
f 237 180 238
f 239 185 236
f 185 179 236
f 238 180 221
f 238 221 240
f 241 242 181
f 241 181 183
f 181 242 182
f 242 243 182
f 182 243 184
f 243 244 184
f 245 241 183
f 245 183 185
f 246 184 244
f 246 244 247
f 187 184 246
f 248 245 239
f 245 185 239
f 246 228 187
f 189 188 198
f 189 198 249
f 189 249 190
f 194 190 249
f 194 249 250
f 251 210 192
f 251 192 191
f 191 250 251
f 193 250 191
f 194 250 193
f 195 252 196
f 252 253 196
f 254 255 195
f 255 252 195
f 254 195 197
f 254 197 205
f 196 253 198
f 253 256 198
f 198 256 257
f 198 257 249
f 200 199 258
f 200 258 259
f 199 201 260
f 199 260 258
f 205 200 261
f 200 259 261
f 260 201 263
f 201 202 263
f 262 263 202
f 262 202 204
f 264 203 226
f 204 203 264
f 265 204 264
f 265 263 204
f 263 262 204
f 261 254 205
f 206 207 224
f 207 266 224
f 207 208 266
f 208 209 267
f 208 267 266
f 209 213 267
f 268 269 251
f 269 210 251
f 269 270 210
f 270 211 210
f 270 271 211
f 271 212 211
f 212 272 213
f 271 272 212
f 267 213 273
f 274 273 272
f 273 213 272
f 214 275 276
f 214 276 215
f 216 277 275
f 216 275 214
f 217 215 278
f 215 276 278
f 279 277 280
f 277 216 280
f 280 216 220
f 221 217 278
f 221 278 281
f 218 223 219
f 220 219 282
f 219 223 282
f 220 282 280
f 240 221 281
f 240 281 283
f 224 266 284
f 224 284 222
f 222 284 285
f 222 285 223
f 223 285 282
f 285 286 282
f 287 226 225
f 287 225 227
f 264 226 287
f 229 288 227
f 288 287 227
f 289 229 228
f 289 228 246
f 289 246 247
f 290 288 229
f 289 291 290
f 289 290 229
f 292 230 293
f 230 231 293
f 294 232 292
f 232 230 292
f 293 231 233
f 293 233 295
f 296 234 294
f 234 232 294
f 295 233 235
f 295 235 297
f 298 236 296
f 236 234 296
f 297 235 237
f 297 237 299
f 300 239 298
f 239 236 298
f 299 237 238
f 299 238 301
f 301 238 240
f 301 240 302
f 303 248 300
f 248 239 300
f 302 240 283
f 302 283 304
f 305 306 242
f 305 242 241
f 307 305 241
f 307 241 245
f 306 308 243
f 306 243 242
f 243 308 244
f 308 309 244
f 244 310 247
f 309 311 310
f 309 310 244
f 312 307 248
f 307 245 248
f 313 289 247
f 313 247 310
f 314 312 303
f 312 248 303
f 249 257 315
f 249 315 250
f 250 315 316
f 250 316 317
f 268 251 317
f 251 250 317
f 252 318 253
f 318 319 253
f 255 320 252
f 320 318 252
f 253 319 256
f 319 321 256
f 322 323 254
f 323 255 254
f 322 254 261
f 322 261 324
f 323 325 255
f 325 320 255
f 256 321 326
f 256 326 257
f 257 326 327
f 257 327 315
f 258 328 329
f 258 329 259
f 260 328 258
f 261 259 324
f 259 329 324
f 260 330 328
f 263 331 260
f 331 330 260
f 331 263 265
f 288 332 264
f 288 264 287
f 332 265 264
f 333 265 332
f 333 331 265
f 284 266 334
f 266 267 334
f 334 267 273
f 335 336 269
f 335 269 268
f 268 317 335
f 336 337 269
f 337 270 269
f 337 338 270
f 338 271 270
f 338 339 271
f 271 339 272
f 340 272 339
f 274 272 340
f 334 273 341
f 341 273 274
f 341 274 342
f 274 339 342
f 274 340 339
f 276 275 344
f 275 343 344
f 277 345 343
f 277 343 275
f 278 276 346
f 276 344 346
f 279 347 277
f 277 347 345
f 347 348 345
f 281 278 346
f 281 346 349
f 347 279 351
f 279 350 351
f 279 280 350
f 280 282 350
f 283 281 349
f 283 349 352
f 282 286 350
f 304 283 352
f 304 352 353
f 285 284 354
f 284 334 354
f 285 354 355
f 285 355 286
f 286 355 356
f 286 356 350
f 356 357 350
f 290 333 288
f 333 332 288
f 291 289 313
f 358 333 290
f 358 290 291
f 359 360 313
f 360 291 313
f 360 361 291
f 361 358 291
f 362 292 293
f 362 293 363
f 364 294 362
f 294 292 362
f 363 293 365
f 293 295 365
f 366 296 364
f 296 294 364
f 365 295 297
f 365 297 367
f 368 298 366
f 298 296 366
f 367 297 299
f 367 299 369
f 370 300 368
f 300 298 368
f 369 299 301
f 369 301 371
f 372 303 370
f 303 300 370
f 371 301 302
f 371 302 373
f 373 302 304
f 373 304 374
f 375 314 372
f 314 303 372
f 374 304 353
f 374 353 376
f 377 378 305
f 378 306 305
f 379 377 307
f 377 305 307
f 378 380 308
f 378 308 306
f 381 379 312
f 379 307 312
f 308 380 309
f 380 382 309
f 382 383 309
f 383 311 309
f 384 359 310
f 384 310 311
f 359 313 310
f 385 384 311
f 385 311 386
f 386 311 383
f 387 381 314
f 381 312 314
f 388 387 375
f 387 314 375
f 315 327 389
f 315 389 316
f 316 389 390
f 316 390 391
f 317 316 391
f 317 391 392
f 393 335 392
f 335 317 392
f 318 394 319
f 394 395 319
f 320 396 318
f 396 394 318
f 319 395 321
f 395 397 321
f 325 398 320
f 398 396 320
f 321 397 399
f 321 399 326
f 400 401 322
f 401 323 322
f 400 322 402
f 400 402 403
f 402 322 324
f 401 404 323
f 404 325 323
f 324 405 402
f 324 329 405
f 404 406 325
f 406 398 325
f 326 399 407
f 326 407 327
f 327 407 408
f 327 408 389
f 329 328 409
f 328 410 409
f 328 411 410
f 328 330 411
f 329 412 405
f 329 409 412
f 330 331 413
f 414 330 413
f 330 414 411
f 413 331 333
f 415 333 358
f 333 415 413
f 354 334 341
f 393 416 336
f 393 336 335
f 336 416 337
f 416 417 337
f 337 417 338
f 417 418 338
f 338 418 419
f 338 419 339
f 342 339 419
f 354 341 355
f 341 420 355
f 341 342 420
f 420 342 421
f 342 419 421
f 344 343 423
f 343 422 423
f 345 424 422
f 345 422 343
f 346 344 423
f 346 423 425
f 345 348 426
f 345 426 424
f 349 346 425
f 349 425 427
f 348 347 429
f 347 428 429
f 347 351 428
f 348 429 430
f 431 348 430
f 426 348 431
f 352 349 427
f 352 427 432
f 351 350 357
f 351 357 433
f 351 433 428
f 353 352 432
f 353 432 434
f 376 353 434
f 376 434 435
f 355 421 356
f 355 420 421
f 357 356 436
f 356 421 436
f 357 436 437
f 357 437 433
f 361 438 358
f 438 415 358
f 384 439 359
f 439 360 359
f 439 440 361
f 439 361 360
f 440 441 438
f 440 438 361
f 442 362 363
f 442 363 443
f 444 364 442
f 364 362 442
f 443 363 445
f 363 365 445
f 446 366 444
f 366 364 444
f 445 365 367
f 445 367 447
f 448 368 446
f 368 366 446
f 447 367 369
f 447 369 449
f 450 370 448
f 370 368 448
f 449 369 371
f 449 371 451
f 452 372 450
f 372 370 450
f 451 371 373
f 451 373 453
f 454 375 452
f 375 372 452
f 453 373 374
f 453 374 455
f 455 374 376
f 455 376 456
f 457 388 454
f 388 375 454
f 456 376 435
f 456 435 458
f 459 460 377
f 460 378 377
f 461 459 379
f 459 377 379
f 460 462 378
f 462 380 378
f 463 461 381
f 461 379 381
f 380 462 382
f 464 463 387
f 463 381 387
f 465 466 382
f 466 383 382
f 462 467 465
f 462 465 382
f 468 469 383
f 468 383 466
f 469 470 383
f 470 386 383
f 385 471 384
f 471 439 384
f 472 385 386
f 472 471 385
f 470 473 472
f 470 472 386
f 474 464 388
f 464 387 388
f 475 474 457
f 474 388 457
f 389 408 476
f 389 476 390
f 390 476 477
f 390 477 478
f 391 390 478
f 391 478 479
f 392 391 479
f 392 479 480
f 481 482 480
f 482 392 480
f 393 392 482
f 482 483 393
f 483 416 393
f 446 444 394
f 446 394 396
f 444 442 395
f 444 395 394
f 442 443 397
f 442 397 395
f 448 446 396
f 448 396 398
f 399 397 445
f 397 443 445
f 450 448 398
f 450 398 406
f 407 399 447
f 399 445 447
f 484 485 401
f 484 401 400
f 484 400 486
f 484 486 487
f 486 400 488
f 403 488 400
f 485 489 404
f 485 404 401
f 402 405 403
f 405 490 403
f 490 488 403
f 489 491 404
f 491 406 404
f 405 412 490
f 412 492 490
f 452 450 406
f 452 406 491
f 408 407 449
f 407 447 449
f 476 408 451
f 408 449 451
f 409 492 412
f 409 493 492
f 410 493 409
f 410 411 494
f 410 494 493
f 411 495 494
f 414 495 411
f 438 496 415
f 496 413 415
f 496 414 413
f 495 414 496
f 483 497 416
f 497 498 416
f 498 417 416
f 498 499 417
f 499 500 417
f 500 418 417
f 501 419 418
f 501 418 502
f 500 502 418
f 421 419 501
f 436 421 503
f 501 503 421
f 423 422 504
f 423 504 505
f 424 504 422
f 425 423 505
f 425 505 506
f 424 426 507
f 424 507 508
f 424 508 504
f 508 509 504
f 427 425 506
f 427 506 510
f 507 426 512
f 426 511 512
f 426 513 511
f 426 431 513
f 432 427 510
f 432 510 514
f 428 515 429
f 428 433 515
f 429 516 430
f 429 515 516
f 431 430 517
f 430 516 517
f 431 517 513
f 517 518 513
f 434 432 514
f 434 514 519
f 433 437 515
f 437 520 515
f 435 434 519
f 435 519 521
f 458 435 521
f 458 521 522
f 436 503 523
f 436 523 437
f 437 523 520
f 523 524 520
f 441 496 438
f 471 440 439
f 471 525 440
f 525 441 440
f 441 495 496
f 525 526 441
f 526 495 441
f 477 476 453
f 476 451 453
f 454 452 491
f 454 491 527
f 528 477 455
f 477 453 455
f 457 454 527
f 457 527 529
f 530 528 456
f 528 455 456
f 531 530 458
f 530 456 458
f 475 457 529
f 475 529 532
f 533 531 522
f 531 458 522
f 534 535 460
f 534 460 459
f 536 534 461
f 534 459 461
f 535 467 460
f 467 462 460
f 537 536 463
f 536 461 463
f 538 537 464
f 537 463 464
f 539 538 474
f 538 464 474
f 540 541 465
f 541 466 465
f 467 542 465
f 542 540 465
f 543 544 466
f 543 466 541
f 544 545 466
f 545 468 466
f 546 542 535
f 542 467 535
f 468 547 548
f 468 548 469
f 545 547 468
f 469 548 473
f 469 473 470
f 549 471 472
f 550 471 549
f 550 525 471
f 473 551 472
f 551 549 472
f 548 552 551
f 548 551 473
f 553 539 475
f 539 474 475
f 553 475 554
f 475 532 554
f 478 477 528
f 478 528 555
f 479 478 556
f 478 555 556
f 480 479 557
f 479 556 557
f 558 559 557
f 559 480 557
f 559 560 480
f 481 480 560
f 481 560 561
f 481 561 483
f 481 483 482
f 561 562 497
f 561 497 483
f 563 564 485
f 563 485 484
f 563 484 565
f 563 565 566
f 565 484 487
f 564 567 489
f 564 489 485
f 486 568 487
f 488 490 486
f 490 569 486
f 569 568 486
f 487 570 565
f 570 571 565
f 568 570 487
f 567 527 491
f 567 491 489
f 492 572 569
f 492 569 490
f 493 572 492
f 494 572 493
f 494 495 526
f 494 526 572
f 497 562 498
f 562 573 498
f 498 573 499
f 573 574 499
f 574 500 499
f 574 575 500
f 500 575 502
f 503 501 576
f 503 576 523
f 501 502 576
f 576 502 575
f 505 504 509
f 505 509 577
f 506 505 578
f 505 577 578
f 510 506 578
f 510 578 579
f 508 507 580
f 508 580 581
f 580 507 583
f 507 582 583
f 507 584 582
f 507 512 584
f 508 581 585
f 508 585 509
f 577 509 585
f 577 585 586
f 514 510 579
f 514 579 587
f 513 518 511
f 518 588 511
f 511 588 512
f 588 589 512
f 512 589 584
f 519 514 587
f 519 587 590
f 515 520 516
f 520 524 591
f 520 591 516
f 517 516 592
f 592 516 593
f 516 591 593
f 517 594 518
f 517 592 594
f 518 594 588
f 594 595 588
f 521 519 590
f 521 590 596
f 522 521 596
f 522 596 597
f 598 533 522
f 598 522 597
f 523 576 524
f 576 575 524
f 524 599 591
f 524 575 599
f 600 601 550
f 601 525 550
f 601 526 525
f 602 526 601
f 572 526 602
f 572 602 603
f 604 529 527
f 604 527 567
f 555 528 605
f 528 530 605
f 606 532 529
f 606 529 604
f 605 530 607
f 530 531 607
f 607 531 608
f 531 533 608
f 609 554 606
f 554 532 606
f 608 533 598
f 608 598 610
f 611 546 535
f 611 535 534
f 612 611 536
f 611 534 536
f 613 612 537
f 612 536 537
f 614 613 538
f 613 537 538
f 615 614 539
f 614 538 539
f 616 615 539
f 616 539 553
f 617 618 540
f 618 541 540
f 540 619 617
f 619 620 617
f 542 619 540
f 621 543 541
f 622 621 541
f 622 541 618
f 623 619 546
f 619 542 546
f 543 624 625
f 543 625 544
f 621 626 543
f 626 624 543
f 544 625 627
f 544 627 545
f 627 547 545
f 628 623 611
f 623 546 611
f 547 629 548
f 629 552 548
f 630 547 627
f 630 631 629
f 630 629 547
f 551 632 550
f 551 550 549
f 632 633 600
f 632 600 550
f 552 634 632
f 552 632 551
f 552 629 634
f 634 629 635
f 631 635 629
f 616 553 636
f 553 554 636
f 637 636 609
f 636 554 609
f 556 555 638
f 555 605 638
f 557 556 639
f 556 638 639
f 640 641 639
f 641 557 639
f 558 557 641
f 641 642 643
f 641 643 558
f 558 644 559
f 558 643 644
f 559 645 561
f 559 561 560
f 559 644 645
f 561 645 562
f 645 646 562
f 562 646 573
f 647 648 564
f 647 564 563
f 647 563 649
f 647 649 650
f 649 563 566
f 648 604 567
f 648 567 564
f 565 571 566
f 571 651 566
f 566 651 652
f 566 652 649
f 568 653 570
f 569 653 568
f 569 572 653
f 570 654 571
f 654 655 571
f 653 654 570
f 655 656 651
f 655 651 571
f 572 603 653
f 573 646 574
f 646 599 574
f 599 575 574
f 578 577 657
f 577 586 657
f 579 578 657
f 579 657 658
f 587 579 658
f 587 658 659
f 581 580 660
f 581 660 661
f 580 583 662
f 660 580 663
f 580 662 663
f 661 664 665
f 661 665 581
f 581 665 585
f 584 666 582
f 666 667 582
f 582 667 583
f 667 668 583
f 583 668 669
f 583 669 662
f 584 589 666
f 586 585 665
f 586 665 670
f 657 586 670
f 657 670 671
f 590 587 659
f 590 659 672
f 588 595 673
f 588 673 589
f 666 589 674
f 589 673 674
f 673 675 674
f 596 590 672
f 596 672 676
f 593 591 677
f 593 677 678
f 591 599 677
f 592 593 594
f 593 679 594
f 593 678 679
f 678 680 679
f 594 679 595
f 679 681 595
f 595 681 673
f 681 682 673
f 675 673 682
f 597 596 683
f 596 676 683
f 684 598 597
f 684 597 683
f 610 598 684
f 610 684 685
f 677 599 686
f 687 686 646
f 686 599 646
f 633 601 600
f 633 688 601
f 688 602 601
f 603 602 689
f 602 688 689
f 653 603 654
f 603 689 654
f 690 606 604
f 690 604 648
f 638 605 691
f 605 607 691
f 692 609 690
f 609 606 690
f 691 607 693
f 607 608 693
f 693 608 610
f 693 610 694
f 695 637 692
f 637 609 692
f 694 610 685
f 694 685 696
f 697 628 612
f 628 611 612
f 698 697 613
f 697 612 613
f 699 698 614
f 698 613 614
f 700 699 615
f 699 614 615
f 701 700 615
f 701 615 616
f 701 616 702
f 616 636 702
f 703 704 617
f 704 618 617
f 703 617 705
f 617 620 705
f 706 707 618
f 706 618 704
f 707 708 618
f 708 622 618
f 709 620 623
f 620 619 623
f 710 705 709
f 705 620 709
f 622 711 626
f 622 626 621
f 708 712 622
f 712 711 622
f 713 709 628
f 709 623 628
f 624 714 715
f 624 715 625
f 626 716 624
f 716 714 624
f 625 715 627
f 715 630 627
f 711 717 716
f 711 716 626
f 718 713 697
f 713 628 697
f 715 719 630
f 719 631 630
f 720 635 631
f 719 721 720
f 719 720 631
f 634 722 633
f 634 633 632
f 722 723 633
f 723 688 633
f 635 724 722
f 635 722 634
f 720 724 635
f 725 702 636
f 725 636 637
f 726 725 695
f 725 637 695
f 639 638 727
f 638 691 727
f 728 729 727
f 729 639 727
f 640 639 729
f 729 730 640
f 730 731 640
f 640 731 642
f 640 642 641
f 642 731 733
f 731 732 733
f 642 733 734
f 642 734 643
f 643 735 644
f 643 734 735
f 644 735 645
f 735 646 645
f 735 687 646
f 736 690 648
f 736 648 647
f 736 647 737
f 647 650 737
f 649 652 738
f 649 738 650
f 650 738 739
f 650 739 737
f 651 740 652
f 651 656 740
f 740 741 652
f 741 738 652
f 654 689 655
f 742 656 655
f 689 742 655
f 656 743 740
f 656 724 743
f 724 744 743
f 742 724 656
f 658 657 671
f 658 671 745
f 659 658 745
f 659 745 746
f 672 659 746
f 672 746 747
f 661 660 748
f 661 748 749
f 748 660 751
f 660 750 751
f 660 752 750
f 660 663 752
f 753 664 661
f 753 661 749
f 662 669 663
f 669 754 663
f 663 755 752
f 663 754 755
f 670 665 664
f 670 664 756
f 756 664 753
f 756 753 757
f 666 674 758
f 666 758 667
f 667 758 668
f 758 759 668
f 668 759 760
f 668 760 669
f 669 760 754
f 760 761 754
f 671 670 756
f 671 756 762
f 745 671 762
f 745 762 763
f 676 672 747
f 676 747 764
f 674 675 765
f 674 765 758
f 675 682 766
f 675 766 765
f 766 767 765
f 683 676 768
f 676 764 768
f 678 677 680
f 677 686 769
f 677 769 680
f 679 680 681
f 680 770 681
f 680 769 771
f 680 771 770
f 681 770 682
f 770 772 682
f 682 772 766
f 773 684 683
f 773 683 768
f 685 684 774
f 684 773 774
f 696 685 774
f 696 774 775
f 776 769 686
f 776 686 687
f 734 687 735
f 734 776 687
f 689 688 742
f 688 723 742
f 777 692 736
f 692 690 736
f 727 691 778
f 691 693 778
f 779 695 692
f 779 692 777
f 778 693 694
f 778 694 780
f 780 694 781
f 694 696 781
f 782 726 695
f 782 695 779
f 781 696 783
f 696 775 783
f 784 718 698
f 718 697 698
f 785 784 699
f 784 698 699
f 786 785 700
f 785 699 700
f 787 786 700
f 787 700 701
f 701 702 788
f 701 788 787
f 789 788 702
f 789 702 725
f 790 791 703
f 791 704 703
f 790 703 792
f 792 703 705
f 793 794 791
f 794 704 791
f 794 795 704
f 795 706 704
f 796 792 710
f 792 705 710
f 706 797 707
f 797 798 707
f 795 799 797
f 795 797 706
f 798 800 708
f 798 708 707
f 800 712 708
f 801 710 709
f 801 709 713
f 802 796 710
f 802 710 801
f 712 717 711
f 712 803 717
f 800 804 712
f 804 803 712
f 805 801 718
f 801 713 718
f 714 806 715
f 806 719 715
f 716 807 714
f 807 806 714
f 717 808 716
f 808 807 716
f 803 808 717
f 809 805 784
f 805 718 784
f 806 810 721
f 806 721 719
f 811 724 720
f 721 812 811
f 721 811 720
f 810 813 812
f 810 812 721
f 724 723 722
f 723 724 742
f 724 811 744
f 814 789 726
f 789 725 726
f 815 814 726
f 815 726 782
f 816 728 727
f 816 727 778
f 816 817 728
f 817 818 728
f 728 818 729
f 818 730 729
f 730 818 819
f 730 819 820
f 730 820 731
f 820 732 731
f 820 821 732
f 821 822 772
f 821 772 732
f 733 732 823
f 732 772 823
f 733 776 734
f 733 823 776
f 777 736 825
f 736 824 825
f 824 736 737
f 739 826 824
f 739 824 737
f 738 741 827
f 738 827 739
f 827 828 826
f 827 826 739
f 743 829 740
f 829 741 740
f 741 830 827
f 741 829 830
f 744 829 743
f 744 811 812
f 744 812 829
f 746 745 763
f 746 763 831
f 747 746 831
f 747 831 832
f 764 747 832
f 764 832 833
f 749 748 834
f 749 834 835
f 834 748 836
f 834 836 837
f 748 838 836
f 748 751 838
f 839 749 835
f 753 749 839
f 750 752 841
f 752 840 841
f 750 841 842
f 750 842 751
f 751 842 838
f 842 843 838
f 752 755 840
f 757 753 839
f 757 839 844
f 754 761 755
f 761 845 755
f 755 846 840
f 755 845 846
f 762 756 847
f 756 757 847
f 847 757 848
f 757 844 848
f 758 765 849
f 758 849 759
f 759 849 850
f 759 850 760
f 760 850 851
f 760 851 761
f 761 851 845
f 763 762 847
f 763 847 852
f 831 763 852
f 831 852 853
f 768 764 854
f 764 833 854
f 765 767 849
f 767 855 849
f 766 772 856
f 766 856 767
f 856 857 767
f 767 857 855
f 857 858 855
f 854 859 768
f 859 773 768
f 823 771 769
f 823 769 776
f 770 771 772
f 823 772 771
f 822 856 772
f 774 773 860
f 773 859 860
f 775 774 860
f 775 860 861
f 783 775 862
f 775 861 862
f 779 777 863
f 777 825 863
f 864 865 778
f 864 778 780
f 816 778 865
f 782 779 866
f 782 866 867
f 866 779 863
f 868 864 780
f 868 780 781
f 869 870 783
f 870 781 783
f 868 781 870
f 815 782 867
f 869 783 862
f 871 809 785
f 809 784 785
f 872 871 786
f 871 785 786
f 873 872 786
f 873 786 787
f 873 787 874
f 787 788 874
f 875 874 789
f 874 788 789
f 876 875 789
f 876 789 814
f 877 878 791
f 877 791 790
f 879 790 792
f 877 790 880
f 790 879 880
f 881 882 878
f 882 791 878
f 882 883 791
f 883 793 791
f 884 879 796
f 879 792 796
f 793 885 794
f 886 885 793
f 886 793 883
f 794 887 799
f 794 799 795
f 885 887 794
f 888 884 796
f 888 796 802
f 797 889 798
f 889 890 798
f 799 891 797
f 891 889 797
f 890 804 800
f 890 800 798
f 887 892 891
f 887 891 799
f 893 802 805
f 802 801 805
f 894 888 893
f 888 802 893
f 803 895 808
f 895 896 808
f 804 897 803
f 897 895 803
f 898 804 890
f 898 897 804
f 899 893 809
f 893 805 809
f 807 900 810
f 807 810 806
f 808 896 900
f 808 900 807
f 901 899 871
f 899 809 871
f 900 813 810
f 829 812 902
f 812 813 902
f 896 903 813
f 896 813 900
f 813 903 902
f 904 876 814
f 904 814 815
f 904 815 906
f 815 905 906
f 815 867 905
f 816 865 817
f 865 907 817
f 817 907 909
f 907 908 909
f 817 909 818
f 909 819 818
f 909 910 819
f 910 911 819
f 820 819 911
f 820 911 821
f 821 911 822
f 911 857 822
f 857 856 822
f 824 826 912
f 824 912 825
f 825 912 863
f 912 913 863
f 826 914 912
f 826 828 914
f 830 828 827
f 828 915 914
f 828 916 915
f 828 903 916
f 902 828 830
f 902 903 828
f 829 902 830
f 832 831 853
f 832 853 917
f 833 832 917
f 833 917 918
f 854 833 919
f 833 918 919
f 835 834 921
f 834 920 921
f 920 834 922
f 920 922 923
f 834 924 922
f 834 837 924
f 839 835 925
f 926 925 835
f 926 835 921
f 838 843 836
f 843 927 836
f 836 928 837
f 836 927 928
f 924 837 929
f 837 928 929
f 844 839 925
f 844 925 930
f 841 840 931
f 840 846 931
f 841 931 932
f 841 932 842
f 842 932 933
f 842 933 843
f 843 933 927
f 933 934 927
f 848 844 935
f 844 930 935
f 851 936 937
f 851 937 845
f 845 938 846
f 845 937 938
f 931 846 939
f 846 938 939
f 852 847 848
f 852 848 940
f 940 848 935
f 940 935 941
f 849 855 850
f 855 942 850
f 850 942 851
f 942 936 851
f 853 852 940
f 853 940 943
f 917 853 943
f 917 943 944
f 945 859 854
f 945 854 919
f 855 858 942
f 946 858 857
f 946 857 911
f 942 858 936
f 858 947 936
f 946 947 858
f 860 859 945
f 860 945 948
f 861 860 949
f 860 948 949
f 862 861 950
f 861 949 950
f 951 952 862
f 951 862 950
f 952 869 862
f 863 913 953
f 863 953 866
f 868 954 955
f 868 955 864
f 864 955 865
f 955 907 865
f 953 867 866
f 867 956 905
f 867 957 956
f 953 957 867
f 870 958 868
f 958 954 868
f 952 959 869
f 959 960 869
f 870 869 958
f 869 960 958
f 961 901 872
f 901 871 872
f 962 961 872
f 962 872 873
f 962 873 963
f 873 874 963
f 964 963 874
f 964 874 875
f 965 964 875
f 965 875 876
f 966 965 876
f 966 876 904
f 967 968 878
f 967 878 877
f 967 877 969
f 967 969 970
f 969 877 880
f 881 878 971
f 878 968 971
f 972 971 968
f 973 880 879
f 973 879 884
f 974 969 880
f 974 880 973
f 881 975 882
f 971 976 881
f 976 975 881
f 882 977 883
f 975 977 882
f 977 886 883
f 978 973 884
f 978 884 888
f 885 979 892
f 885 892 887
f 980 979 886
f 979 885 886
f 977 981 980
f 977 980 886
f 982 978 894
f 978 888 894
f 889 983 890
f 983 898 890
f 891 984 983
f 891 983 889
f 892 985 984
f 892 984 891
f 979 986 892
f 986 985 892
f 987 894 899
f 894 893 899
f 988 982 987
f 982 894 987
f 895 903 896
f 897 903 895
f 989 897 898
f 989 903 897
f 983 990 898
f 990 989 898
f 991 987 901
f 987 899 901
f 992 991 961
f 991 901 961
f 993 916 989
f 916 903 989
f 994 904 906
f 904 994 966
f 956 906 905
f 906 995 994
f 956 996 995
f 956 995 906
f 955 997 907
f 997 908 907
f 997 998 908
f 998 999 908
f 999 947 908
f 909 908 910
f 910 908 946
f 908 947 946
f 910 946 911
f 912 914 1000
f 912 1000 913
f 913 1000 953
f 914 915 1000
f 915 1001 1000
f 915 916 1001
f 916 993 1001
f 993 1002 1001
f 918 917 944
f 918 944 1003
f 919 918 1004
f 918 1003 1004
f 1005 945 919
f 1005 919 1004
f 921 920 1007
f 920 1006 1007
f 923 1009 920
f 920 1009 1006
f 1008 1006 1009
f 1010 1011 1007
f 1011 921 1007
f 926 921 1011
f 924 1012 922
f 922 1013 923
f 922 1012 1013
f 923 1014 1009
f 923 1013 1014
f 924 929 1012
f 930 925 1015
f 925 926 1015
f 1015 926 1016
f 926 1011 1016
f 927 934 928
f 934 1017 928
f 929 928 1017
f 929 1017 1018
f 929 1018 1012
f 1018 1019 1012
f 935 930 1020
f 930 1015 1020
f 931 939 1021
f 931 1021 932
f 932 1021 933
f 1021 1022 933
f 933 1022 934
f 1022 1023 934
f 934 1023 1024
f 934 1024 1017
f 941 935 1020
f 941 1020 1025
f 936 947 937
f 937 947 938
f 939 938 1026
f 938 947 1026
f 939 1026 1027
f 939 1027 1021
f 943 940 941
f 943 941 1028
f 1028 941 1025
f 1028 1025 1029
f 944 943 1028
f 944 1028 1030
f 1003 944 1030
f 1003 1030 1031
f 948 945 1032
f 945 1005 1032
f 1026 947 999
f 1026 999 1033
f 949 948 1034
f 948 1032 1034
f 950 949 1035
f 949 1034 1035
f 951 950 1036
f 1035 1036 950
f 1036 1037 951
f 952 951 959
f 951 1037 959
f 1037 1038 959
f 1039 957 953
f 1000 1039 953
f 958 1040 954
f 954 1040 955
f 1040 997 955
f 957 996 956
f 957 1041 996
f 1039 1041 957
f 958 960 1042
f 958 1042 1040
f 959 1038 960
f 1038 1043 960
f 960 1043 1042
f 1044 992 962
f 992 961 962
f 1044 962 1045
f 962 963 1045
f 1046 1045 963
f 1046 963 964
f 1047 1046 964
f 1047 964 965
f 1048 1047 965
f 1048 965 966
f 966 994 1048
f 994 1049 1048
f 1050 1051 967
f 1051 968 967
f 967 970 1052
f 967 1052 1050
f 1053 972 968
f 1053 968 1054
f 968 1051 1054
f 1055 970 969
f 1055 969 974
f 1056 1052 970
f 1056 970 1055
f 1049 1057 971
f 1057 976 971
f 972 1058 971
f 1058 1049 971
f 1053 1059 1058
f 1053 1058 972
f 1060 974 973
f 1060 973 978
f 1061 1055 974
f 1061 974 1060
f 975 1062 981
f 975 981 977
f 976 1063 975
f 1063 1062 975
f 1057 1063 976
f 1064 1060 982
f 1060 978 982
f 1065 986 979
f 1065 979 980
f 981 1066 980
f 1066 1065 980
f 1062 1067 981
f 1067 1066 981
f 1068 1064 988
f 1064 982 988
f 984 1069 990
f 984 990 983
f 985 1070 1069
f 985 1069 984
f 986 1071 1070
f 986 1070 985
f 1072 986 1065
f 1073 986 1072
f 1073 1071 986
f 1074 988 991
f 988 987 991
f 1075 1068 1074
f 1068 988 1074
f 990 1076 993
f 990 993 989
f 1069 1076 990
f 1077 1074 992
f 1074 991 992
f 1078 1077 1044
f 1077 992 1044
f 993 1076 1002
f 995 1079 994
f 994 1079 1049
f 995 1080 1079
f 995 1081 1080
f 996 1082 1081
f 996 1081 995
f 1041 1082 996
f 1040 998 997
f 1040 1083 998
f 1083 999 998
f 1083 1084 1033
f 1083 1033 999
f 1000 1001 1039
f 1001 1085 1039
f 1001 1002 1085
f 1002 1086 1085
f 1002 1076 1086
f 1076 1087 1086
f 1004 1003 1031
f 1004 1031 1088
f 1089 1005 1004
f 1089 1004 1088
f 1032 1005 1090
f 1005 1089 1090
f 1007 1006 1091
f 1007 1091 1092
f 1006 1008 1093
f 1094 1091 1006
f 1094 1006 1093
f 1092 1095 1007
f 1095 1010 1007
f 1009 1096 1097
f 1009 1097 1008
f 1008 1097 1093
f 1097 1098 1093
f 1009 1099 1096
f 1009 1014 1099
f 1016 1011 1100
f 1011 1010 1100
f 1100 1010 1101
f 1010 1095 1101
f 1012 1019 1013
f 1019 1102 1013
f 1013 1102 1103
f 1013 1103 1014
f 1014 1103 1099
f 1020 1015 1104
f 1015 1016 1104
f 1104 1016 1105
f 1016 1100 1105
f 1018 1017 1106
f 1017 1024 1106
f 1018 1106 1107
f 1018 1107 1019
f 1019 1107 1108
f 1019 1108 1102
f 1025 1020 1104
f 1025 1104 1109
f 1021 1027 1022
f 1027 1110 1022
f 1022 1110 1023
f 1110 1111 1023
f 1023 1111 1024
f 1111 1112 1024
f 1106 1024 1113
f 1113 1024 1114
f 1024 1112 1114
f 1029 1025 1109
f 1029 1109 1115
f 1026 1033 1027
f 1033 1116 1027
f 1027 1116 1110
f 1030 1028 1029
f 1030 1029 1117
f 1117 1029 1115
f 1117 1115 1118
f 1031 1030 1117
f 1031 1117 1119
f 1088 1031 1119
f 1088 1119 1120
f 1034 1032 1121
f 1032 1090 1121
f 1084 1116 1033
f 1035 1034 1122
f 1034 1121 1122
f 1122 1096 1036
f 1122 1036 1035
f 1036 1123 1037
f 1096 1123 1036
f 1123 1124 1037
f 1124 1125 1037
f 1037 1125 1038
f 1125 1126 1038
f 1038 1126 1043
f 1085 1041 1039
f 1042 1083 1040
f 1041 1127 1082
f 1041 1071 1128
f 1041 1128 1127
f 1086 1041 1085
f 1086 1087 1041
f 1087 1071 1041
f 1042 1043 1129
f 1042 1129 1083
f 1126 1130 1043
f 1130 1131 1043
f 1131 1112 1043
f 1129 1043 1132
f 1043 1112 1133
f 1043 1133 1132
f 1078 1044 1045
f 1078 1045 1134
f 1135 1134 1046
f 1134 1045 1046
f 1136 1135 1047
f 1135 1046 1047
f 1137 1136 1047
f 1137 1047 1048
f 1137 1048 1049
f 1079 1057 1049
f 1138 1137 1049
f 1138 1049 1058
f 1139 1140 1050
f 1140 1051 1050
f 1139 1050 1142
f 1050 1141 1142
f 1141 1050 1052
f 1143 1144 1051
f 1143 1051 1140
f 1144 1145 1051
f 1145 1054 1051
f 1146 1141 1052
f 1146 1052 1056
f 1054 1147 1059
f 1054 1059 1053
f 1145 1148 1054
f 1148 1147 1054
f 1149 1056 1055
f 1149 1055 1061
f 1150 1146 1056
f 1150 1056 1149
f 1057 1151 1063
f 1079 1080 1057
f 1080 1151 1057
f 1152 1138 1058
f 1152 1058 1059
f 1153 1152 1059
f 1153 1059 1147
f 1154 1061 1060
f 1154 1060 1064
f 1155 1149 1061
f 1155 1061 1154
f 1063 1156 1067
f 1063 1067 1062
f 1151 1156 1063
f 1157 1154 1068
f 1154 1064 1068
f 1066 1158 1072
f 1066 1072 1065
f 1067 1159 1158
f 1067 1158 1066
f 1156 1159 1067
f 1160 1157 1075
f 1157 1068 1075
f 1070 1087 1069
f 1087 1076 1069
f 1071 1087 1070
f 1128 1071 1073
f 1158 1161 1073
f 1158 1073 1072
f 1161 1128 1073
f 1162 1075 1077
f 1075 1074 1077
f 1163 1160 1162
f 1160 1075 1162
f 1164 1162 1078
f 1162 1077 1078
f 1164 1078 1134
f 1164 1134 1165
f 1080 1166 1151
f 1081 1166 1080
f 1081 1161 1167
f 1081 1167 1166
f 1127 1081 1082
f 1127 1161 1081
f 1129 1084 1083
f 1129 1132 1084
f 1132 1133 1116
f 1132 1116 1084
f 1168 1089 1120
f 1089 1088 1120
f 1090 1089 1168
f 1090 1168 1169
f 1121 1090 1169
f 1121 1169 1170
f 1092 1091 1171
f 1092 1171 1172
f 1171 1091 1174
f 1091 1173 1174
f 1091 1175 1173
f 1091 1094 1175
f 1176 1177 1092
f 1176 1092 1172
f 1095 1092 1177
f 1093 1098 1094
f 1098 1178 1094
f 1094 1178 1179
f 1094 1179 1175
f 1101 1095 1180
f 1095 1177 1180
f 1096 1099 1123
f 1097 1096 1182
f 1096 1181 1182
f 1096 1122 1181
f 1098 1097 1183
f 1097 1182 1183
f 1178 1098 1184
f 1098 1183 1184
f 1103 1185 1099
f 1099 1124 1123
f 1099 1185 1124
f 1105 1100 1186
f 1100 1101 1186
f 1186 1101 1187
f 1101 1180 1187
f 1102 1108 1103
f 1108 1188 1103
f 1103 1188 1185
f 1109 1104 1189
f 1104 1105 1189
f 1189 1105 1190
f 1105 1186 1190
f 1106 1113 1107
f 1113 1191 1107
f 1107 1191 1108
f 1191 1192 1108
f 1108 1192 1188
f 1115 1109 1189
f 1115 1189 1193
f 1110 1116 1133
f 1110 1133 1111
f 1111 1133 1112
f 1114 1112 1131
f 1113 1114 1191
f 1114 1194 1191
f 1114 1131 1194
f 1118 1115 1193
f 1118 1193 1195
f 1119 1117 1118
f 1119 1118 1196
f 1196 1118 1195
f 1196 1195 1197
f 1120 1119 1196
f 1120 1196 1198
f 1199 1168 1198
f 1168 1120 1198
f 1122 1121 1181
f 1121 1170 1181
f 1185 1200 1124
f 1124 1200 1125
f 1200 1201 1125
f 1201 1194 1125
f 1126 1125 1130
f 1125 1194 1130
f 1128 1161 1127
f 1130 1194 1131
f 1202 1165 1135
f 1165 1134 1135
f 1203 1202 1136
f 1202 1135 1136
f 1138 1203 1136
f 1138 1136 1137
f 1152 1204 1203
f 1152 1203 1138
f 1205 1206 1139
f 1206 1140 1139
f 1205 1139 1207
f 1205 1207 1208
f 1207 1139 1142
f 1209 1210 1140
f 1209 1140 1206
f 1210 1143 1140
f 1211 1142 1141
f 1211 1141 1146
f 1212 1207 1142
f 1212 1142 1211
f 1143 1213 1144
f 1213 1214 1144
f 1210 1215 1143
f 1215 1213 1143
f 1144 1214 1145
f 1214 1148 1145
f 1216 1211 1146
f 1216 1146 1150
f 1148 1153 1147
f 1217 1153 1148
f 1217 1148 1214
f 1218 1150 1149
f 1218 1149 1155
f 1219 1216 1150
f 1219 1150 1218
f 1151 1220 1156
f 1166 1220 1151
f 1153 1221 1204
f 1153 1204 1152
f 1217 1222 1221
f 1217 1221 1153
f 1223 1155 1157
f 1155 1154 1157
f 1224 1218 1155
f 1224 1155 1223
f 1156 1225 1159
f 1220 1225 1156
f 1226 1223 1160
f 1223 1157 1160
f 1159 1227 1158
f 1227 1167 1158
f 1167 1161 1158
f 1225 1227 1159
f 1228 1226 1163
f 1226 1160 1163
f 1229 1163 1164
f 1163 1162 1164
f 1230 1228 1163
f 1230 1163 1229
f 1229 1164 1165
f 1229 1165 1231
f 1232 1231 1202
f 1231 1165 1202
f 1166 1167 1220
f 1233 1167 1227
f 1167 1233 1220
f 1169 1168 1199
f 1169 1199 1234
f 1170 1169 1234
f 1170 1234 1235
f 1181 1170 1182
f 1170 1235 1182
f 1172 1171 1236
f 1172 1236 1237
f 1236 1171 1239
f 1171 1238 1239
f 1171 1174 1238
f 1240 1241 1237
f 1241 1172 1237
f 1176 1172 1241
f 1175 1179 1242
f 1175 1242 1173
f 1173 1242 1243
f 1173 1243 1174
f 1174 1243 1244
f 1174 1244 1238
f 1180 1177 1245
f 1177 1176 1245
f 1245 1176 1246
f 1176 1241 1246
f 1178 1184 1179
f 1242 1179 1247
f 1179 1184 1247
f 1187 1180 1248
f 1180 1245 1248
f 1182 1235 1183
f 1235 1249 1183
f 1183 1249 1184
f 1249 1250 1184
f 1184 1250 1247
f 1250 1251 1247
f 1188 1252 1185
f 1185 1252 1200
f 1190 1186 1253
f 1186 1187 1253
f 1253 1187 1254
f 1187 1248 1254
f 1192 1255 1188
f 1188 1255 1252
f 1193 1189 1190
f 1193 1190 1256
f 1256 1190 1257
f 1190 1253 1257
f 1191 1201 1258
f 1191 1258 1192
f 1191 1194 1201
f 1192 1258 1255
f 1195 1193 1256
f 1195 1256 1259
f 1197 1195 1259
f 1197 1259 1260
f 1198 1196 1197
f 1198 1197 1261
f 1261 1197 1262
f 1197 1260 1262
f 1263 1199 1261
f 1199 1198 1261
f 1234 1199 1263
f 1234 1263 1264
f 1252 1201 1200
f 1258 1201 1265
f 1252 1265 1201
f 1204 1232 1203
f 1232 1202 1203
f 1221 1266 1204
f 1266 1232 1204
f 1267 1268 1205
f 1268 1206 1205
f 1267 1205 1269
f 1205 1208 1269
f 1270 1209 1206
f 1270 1206 1268
f 1271 1208 1207
f 1271 1207 1212
f 1272 1269 1208
f 1272 1208 1271
f 1209 1273 1210
f 1273 1215 1210
f 1270 1274 1209
f 1274 1273 1209
f 1275 1212 1211
f 1275 1211 1216
f 1276 1271 1212
f 1276 1212 1275
f 1215 1277 1213
f 1277 1217 1213
f 1217 1214 1213
f 1278 1277 1215
f 1278 1215 1273
f 1279 1275 1216
f 1279 1216 1219
f 1277 1280 1222
f 1277 1222 1217
f 1281 1219 1224
f 1219 1218 1224
f 1282 1279 1281
f 1279 1219 1281
f 1220 1233 1225
f 1222 1283 1221
f 1283 1266 1221
f 1280 1284 1222
f 1284 1283 1222
f 1285 1224 1226
f 1224 1223 1226
f 1286 1281 1285
f 1281 1224 1285
f 1225 1233 1227
f 1287 1285 1228
f 1285 1226 1228
f 1288 1287 1228
f 1288 1228 1230
f 1230 1229 1289
f 1229 1231 1289
f 1288 1230 1290
f 1230 1289 1290
f 1266 1289 1231
f 1266 1231 1232
f 1235 1234 1264
f 1235 1264 1249
f 1237 1236 1291
f 1237 1291 1292
f 1291 1236 1293
f 1236 1239 1293
f 1294 1240 1237
f 1294 1237 1292
f 1238 1244 1295
f 1238 1295 1239
f 1239 1295 1296
f 1239 1296 1293
f 1246 1241 1297
f 1241 1240 1297
f 1297 1240 1298
f 1240 1294 1298
f 1243 1242 1247
f 1243 1247 1299
f 1243 1299 1244
f 1295 1244 1300
f 1244 1299 1300
f 1248 1245 1301
f 1245 1246 1301
f 1301 1246 1302
f 1246 1297 1302
f 1247 1251 1299
f 1251 1303 1299
f 1254 1248 1304
f 1248 1301 1304
f 1249 1264 1305
f 1249 1305 1250
f 1250 1305 1306
f 1250 1306 1251
f 1251 1306 1307
f 1251 1307 1303
f 1255 1265 1252
f 1257 1253 1254
f 1257 1254 1308
f 1308 1254 1304
f 1308 1304 1309
f 1258 1265 1255
f 1259 1256 1257
f 1259 1257 1310
f 1310 1257 1308
f 1310 1308 1311
f 1260 1259 1310
f 1260 1310 1312
f 1262 1260 1313
f 1260 1312 1313
f 1314 1263 1261
f 1314 1261 1262
f 1315 1314 1262
f 1315 1262 1313
f 1264 1263 1305
f 1263 1314 1305
f 1283 1290 1289
f 1283 1289 1266
f 1316 1267 1317
f 1267 1269 1317
f 1316 1318 1267
f 1318 1268 1267
f 1318 1319 1270
f 1318 1270 1268
f 1269 1272 1320
f 1269 1320 1317
f 1274 1270 1321
f 1270 1319 1321
f 1322 1272 1271
f 1322 1271 1276
f 1320 1272 1323
f 1272 1322 1323
f 1273 1274 1278
f 1274 1324 1278
f 1325 1274 1321
f 1325 1326 1324
f 1325 1324 1274
f 1327 1276 1275
f 1327 1275 1279
f 1328 1322 1276
f 1328 1276 1327
f 1278 1329 1280
f 1278 1280 1277
f 1324 1330 1329
f 1324 1329 1278
f 1331 1327 1282
f 1327 1279 1282
f 1329 1332 1284
f 1329 1284 1280
f 1333 1282 1286
f 1282 1281 1286
f 1334 1331 1333
f 1331 1282 1333
f 1284 1335 1290
f 1284 1290 1283
f 1332 1336 1335
f 1332 1335 1284
f 1337 1286 1287
f 1286 1285 1287
f 1338 1333 1337
f 1333 1286 1337
f 1339 1337 1287
f 1339 1287 1288
f 1339 1288 1335
f 1288 1290 1335
f 1291 1293 1341
f 1293 1340 1341
f 1292 1291 1341
f 1292 1341 1342
f 1343 1294 1292
f 1343 1292 1342
f 1344 1293 1296
f 1344 1340 1293
f 1343 1345 1294
f 1345 1298 1294
f 1300 1346 1296
f 1300 1296 1295
f 1344 1296 1347
f 1296 1346 1347
f 1346 1348 1347
f 1302 1297 1349
f 1297 1298 1349
f 1350 1298 1345
f 1350 1349 1298
f 1299 1303 1300
f 1303 1351 1300
f 1300 1351 1346
f 1351 1352 1346
f 1304 1301 1353
f 1301 1302 1353
f 1353 1302 1354
f 1302 1349 1354
f 1303 1307 1351
f 1307 1355 1351
f 1309 1304 1353
f 1309 1353 1356
f 1305 1314 1306
f 1314 1315 1306
f 1306 1315 1307
f 1315 1357 1307
f 1307 1357 1355
f 1357 1358 1355
f 1311 1308 1309
f 1311 1309 1359
f 1359 1309 1356
f 1359 1356 1360
f 1312 1310 1311
f 1312 1311 1361
f 1361 1311 1359
f 1361 1359 1362
f 1313 1312 1363
f 1312 1361 1363
f 1357 1315 1313
f 1357 1313 1363
f 1364 1316 1365
f 1316 1317 1365
f 1364 1366 1318
f 1364 1318 1316
f 1317 1320 1367
f 1317 1367 1365
f 1366 1368 1319
f 1366 1319 1318
f 1319 1368 1321
f 1367 1320 1323
f 1369 1326 1321
f 1326 1325 1321
f 1370 1369 1321
f 1371 1370 1321
f 1371 1321 1368
f 1370 1323 1369
f 1323 1322 1369
f 1322 1328 1373
f 1328 1372 1373
f 1322 1373 1369
f 1371 1367 1323
f 1371 1323 1370
f 1326 1374 1330
f 1326 1330 1324
f 1369 1373 1326
f 1373 1372 1326
f 1374 1326 1372
f 1375 1328 1331
f 1328 1327 1331
f 1328 1375 1372
f 1375 1376 1372
f 1330 1377 1332
f 1330 1332 1329
f 1374 1378 1377
f 1374 1377 1330
f 1379 1375 1334
f 1375 1331 1334
f 1377 1380 1336
f 1377 1336 1332
f 1381 1334 1338
f 1334 1333 1338
f 1382 1379 1381
f 1379 1334 1381
f 1383 1339 1336
f 1339 1335 1336
f 1336 1380 1383
f 1380 1384 1383
f 1383 1338 1337
f 1383 1337 1339
f 1384 1381 1338
f 1384 1338 1383
f 1344 1385 1340
f 1341 1340 1386
f 1340 1385 1386
f 1342 1341 1387
f 1341 1386 1387
f 1388 1343 1342
f 1388 1342 1387
f 1388 1389 1343
f 1389 1345 1343
f 1344 1348 1390
f 1344 1347 1348
f 1344 1390 1391
f 1385 1344 1392
f 1344 1391 1392
f 1350 1345 1389
f 1346 1352 1348
f 1352 1393 1348
f 1348 1394 1390
f 1348 1395 1394
f 1395 1348 1393
f 1390 1349 1350
f 1390 1350 1391
f 1394 1395 1354
f 1394 1354 1349
f 1390 1394 1349
f 1350 1389 1392
f 1391 1350 1392
f 1351 1355 1352
f 1355 1396 1352
f 1352 1396 1393
f 1396 1397 1393
f 1356 1353 1354
f 1356 1354 1398
f 1395 1399 1398
f 1395 1398 1354
f 1355 1358 1396
f 1358 1400 1396
f 1360 1356 1398
f 1360 1398 1401
f 1358 1357 1363
f 1358 1363 1402
f 1402 1403 1400
f 1402 1400 1358
f 1362 1359 1360
f 1362 1360 1404
f 1404 1360 1401
f 1404 1401 1405
f 1363 1361 1402
f 1361 1362 1402
f 1402 1362 1403
f 1362 1404 1403
f 1365 1406 1364
f 1406 1366 1364
f 1406 1365 1367
f 1366 1406 1368
f 1406 1367 1407
f 1367 1371 1407
f 1407 1371 1368
f 1407 1368 1406
f 1372 1376 1408
f 1372 1408 1374
f 1409 1374 1410
f 1374 1408 1410
f 1409 1378 1374
f 1375 1379 1411
f 1411 1376 1375
f 1408 1376 1410
f 1376 1411 1410
f 1378 1412 1380
f 1378 1380 1377
f 1409 1413 1378
f 1412 1378 1413
f 1412 1413 1414
f 1411 1379 1415
f 1415 1379 1382
f 1412 1416 1384
f 1412 1384 1380
f 1416 1382 1381
f 1416 1381 1384
f 1382 1417 1415
f 1417 1382 1418
f 1382 1416 1418
f 1416 1419 1418
f 1420 1385 1421
f 1385 1392 1421
f 1385 1420 1386
f 1387 1386 1420
f 1387 1420 1388
f 1389 1388 1420
f 1421 1392 1389
f 1421 1389 1420
f 1422 1393 1423
f 1422 1424 1393
f 1393 1424 1395
f 1393 1397 1423
f 1424 1399 1395
f 1396 1400 1397
f 1400 1425 1397
f 1397 1426 1423
f 1427 1426 1425
f 1426 1397 1425
f 1428 1401 1398
f 1398 1399 1428
f 1422 1399 1424
f 1422 1428 1399
f 1400 1403 1425
f 1403 1429 1425
f 1430 1401 1428
f 1405 1401 1430
f 1403 1404 1429
f 1404 1405 1429
f 1430 1431 1405
f 1432 1405 1431
f 1432 1433 1429
f 1432 1429 1405
f 1434 1409 1410
f 1434 1435 1409
f 1435 1436 1409
f 1436 1413 1409
f 1411 1415 1410
f 1415 1437 1410
f 1437 1434 1410
f 1416 1412 1414
f 1414 1413 1436
f 1416 1414 1438
f 1414 1439 1438
f 1439 1414 1440
f 1441 1440 1414
f 1441 1414 1436
f 1437 1415 1442
f 1442 1415 1417
f 1419 1416 1438
f 1417 1443 1444
f 1417 1444 1442
f 1443 1417 1418
f 1418 1419 1445
f 1418 1445 1443
f 1445 1419 1438
f 1422 1430 1428
f 1422 1446 1430
f 1422 1447 1446
f 1422 1423 1447
f 1423 1448 1447
f 1423 1449 1448
f 1423 1426 1449
f 1427 1425 1429
f 1449 1426 1427
f 1450 1427 1429
f 1450 1451 1427
f 1452 1427 1451
f 1427 1452 1453
f 1449 1427 1453
f 1450 1429 1433
f 1454 1430 1446
f 1431 1430 1454
f 1454 1455 1431
f 1455 1456 1431
f 1432 1431 1456
f 1456 1457 1432
f 1457 1433 1432
f 1450 1433 1457
f 1458 1435 1444
f 1435 1434 1444
f 1434 1437 1444
f 1437 1442 1444
f 1441 1436 1435
f 1440 1441 1458
f 1441 1435 1458
f 1439 1445 1438
f 1458 1445 1439
f 1458 1439 1440
f 1444 1443 1445
f 1444 1445 1458
f 1455 1454 1446
f 1455 1446 1447
f 1455 1447 1448
f 1455 1448 1459
f 1448 1449 1453
f 1459 1448 1453
f 1459 1453 1452
f 1450 1457 1451
f 1452 1451 1459
f 1451 1457 1459
f 1459 1457 1455
f 1457 1456 1455
