# Generated by Visualization Toolkit
v 0.07810500264167786 0.48430201411247253 -0.0002229999954579398
v 0.07795699685811996 0.48571398854255676 -0.00014899999951012433
v 0.07786600291728973 0.486286997795105 0.00046999999904073775
v 0.07783699780702591 0.48496100306510925 0.00046999999904073775
v 0.07845800369977951 0.4835900068283081 -0.000965000013820827
v 0.07884600013494492 0.48473799228668213 -0.001626000041142106
v 0.07690200209617615 0.4822160005569458 0.00046999999904073775
v 0.07375100255012512 0.48074600100517273 -0.00005500000042957254
v 0.08081699907779694 0.4882580041885376 -0.0005699999746866524
v 0.07914099842309952 0.4894999861717224 0.00046999999904073775
v 0.08091100305318832 0.48894500732421875 -0.0023350000847131014
v 0.07795699685811996 0.48571398854255676 0.0010489999549463391
v 0.07810500264167786 0.48430201411247253 0.0011230000527575612
v 0.08081699907779694 0.4882580041885376 0.0014700000174343586
v 0.07375100255012512 0.48074600100517273 0.0009549999958835542
v 0.07875800132751465 0.4842430055141449 -0.0027550000231713057
v 0.078404001891613 0.4857580065727234 -0.0026569999754428864
v 0.07725399732589722 0.4809669852256775 -0.0020699999295175076
v 0.07724300026893616 0.48204898834228516 -0.0038109999150037766
v 0.07200100272893906 0.47558799386024475 -0.0006699999794363976
v 0.07170899957418442 0.4765790104866028 0.00046999999904073775
v 0.07200100272893906 0.47558799386024475 0.0015699999639764428
v 0.07189899682998657 0.4759179949760437 -0.0028780000284314156
v 0.08206800371408463 0.4947640001773834 -0.0001720000000204891
v 0.08191599696874619 0.4945389926433563 0.0004710000066552311
v 0.08206699788570404 0.4942750036716461 -0.0024300001095980406
v 0.08206800371408463 0.4947640001773834 0.0010720000136643648
v 0.07796899974346161 0.487311989068985 -0.003438000101596117
v 0.08007699996232986 0.49175500869750977 -0.0034620000515133142
v 0.08029299974441528 0.49434301257133484 -0.003145999973639846
v 0.07884600013494492 0.48473799228668213 0.0025259999092668295
v 0.07845800369977951 0.4835900068283081 0.0018649999983608723
v 0.08091100305318832 0.48894500732421875 0.003234999952837825
v 0.08206699788570404 0.4942750036716461 0.003329999977722764
v 0.07725399732589722 0.4809669852256775 0.0029700000304728746
v 0.07189899682998657 0.4759179949760437 0.003777999896556139
v 0.07790499925613403 0.4849280118942261 -0.003978999797254801
v 0.07164900004863739 0.4771580100059509 -0.0036830001045018435
v 0.07337799668312073 0.47878700494766235 -0.004788000136613846
v 0.07700899988412857 0.4813520014286041 -0.005382999777793884
v 0.07844600081443787 0.4841339886188507 -0.004964000079780817
v 0.0731009989976883 0.47056999802589417 0.00046999999904073775
v 0.07293800264596939 0.4712269902229309 -0.002369999885559082
v 0.07293800264596939 0.4712269902229309 0.003269999986514449
v 0.07228799909353256 0.4716329872608185 -0.006072999909520149
v 0.08078800141811371 0.49484899640083313 -0.0009369999752379954
v 0.0807270035147667 0.49463701248168945 -0.002727000042796135
v 0.08123300224542618 0.494159996509552 0.0004710000066552311
v 0.08078800141811371 0.49484899640083313 0.0018370000179857016
v 0.0810609981417656 0.4941610097885132 0.0002859999949578196
v 0.0807270035147667 0.49463701248168945 0.0036269999109208584
v 0.07838699966669083 0.48630398511886597 -0.004639999940991402
v 0.07995100319385529 0.4891369938850403 -0.004914000164717436
v 0.0799190029501915 0.4954800009727478 -0.004393999930471182
v 0.07890599966049194 0.4913119971752167 -0.003364000003784895
v 0.07969799637794495 0.4922510087490082 -0.0020910000894218683
v 0.07833199948072433 0.49302801489830017 -0.00434499979019165
v 0.078404001891613 0.4857580065727234 0.0035570000763982534
v 0.07875800132751465 0.4842430055141449 0.003654999891296029
v 0.07724300026893616 0.48204898834228516 0.0047109997831285
v 0.08007699996232986 0.49175500869750977 0.004362000152468681
v 0.07796899974346161 0.487311989068985 0.0043379999697208405
v 0.08029299974441528 0.49434301257133484 0.004046000074595213
v 0.07164900004863739 0.4771580100059509 0.0045830002054572105
v 0.07228799909353256 0.4716329872608185 0.006972999777644873
v 0.07153499871492386 0.4761529862880707 -0.005504999775439501
v 0.07855600118637085 0.4843440055847168 -0.0067529999651014805
v 0.07674100250005722 0.4812209904193878 -0.007147999946027994
v 0.07143600285053253 0.4764919877052307 -0.007714000064879656
v 0.07159099727869034 0.47611701488494873 -0.006852000020444393
v 0.07853800058364868 0.48542800545692444 -0.006486999802291393
v 0.07343199849128723 0.46810099482536316 -0.003324999939650297
v 0.07389400154352188 0.46786901354789734 0.00046999999904073775
v 0.07343199849128723 0.46810099482536316 0.004224999807775021
v 0.07227300107479095 0.46860599517822266 -0.007153999991714954
v 0.07227300107479095 0.46860599517822266 0.008054000325500965
v 0.07090699672698975 0.46925199031829834 -0.010816999711096287
v 0.07120700180530548 0.4725320041179657 -0.00954699981957674
v 0.08014100044965744 0.49172601103782654 0.00046999999904073775
v 0.08000700175762177 0.49178600311279297 -0.00009999999747378752
v 0.07969799637794495 0.4922510087490082 0.0029909999575465918
v 0.08000700175762177 0.49178600311279297 0.0010000000474974513
v 0.07890599966049194 0.4913119971752167 0.004263999871909618
v 0.0799039974808693 0.4889180064201355 -0.0064860000275075436
v 0.08039499819278717 0.492590993642807 -0.005919999908655882
v 0.07994499802589417 0.49595698714256287 -0.005942000076174736
v 0.07659900188446045 0.48772498965263367 -0.00395999988541007
v 0.07632499933242798 0.49149298667907715 -0.005109999794512987
v 0.07429099828004837 0.48805299401283264 -0.005950000137090683
v 0.07755500078201294 0.49070098996162415 -0.002136999974027276
v 0.07607900351285934 0.4874440133571625 -0.0032420000061392784
v 0.07871100306510925 0.49164000153541565 -0.002211000071838498
v 0.07750999927520752 0.4936459958553314 -0.007368000224232674
v 0.07604199647903442 0.4918699860572815 -0.006850999779999256
v 0.07924699783325195 0.4957819879055023 -0.0069969999603927135
v 0.07790499925613403 0.4849280118942261 0.0048790001310408115
v 0.07700899988412857 0.4813520014286041 0.006283000111579895
v 0.07337799668312073 0.47878700494766235 0.005688000004738569
v 0.07844600081443787 0.4841339886188507 0.0058639999479055405
v 0.07995100319385529 0.4891369938850403 0.005814000032842159
v 0.07838699966669083 0.48630398511886597 0.005539999809116125
v 0.0799190029501915 0.4954800009727478 0.005293999798595905
v 0.07833199948072433 0.49302801489830017 0.005245000123977661
v 0.07120700180530548 0.4725320041179657 0.010447000153362751
v 0.07090699672698975 0.46925199031829834 0.011717000044882298
v 0.07159099727869034 0.47611701488494873 0.007751999888569117
v 0.07153499871492386 0.4761529862880707 0.0064050001092255116
v 0.07143600285053253 0.4764919877052307 0.00861399993300438
v 0.07799699902534485 0.48408201336860657 -0.00849399995058775
v 0.07795900106430054 0.48624199628829956 -0.007952000014483929
v 0.07621099799871445 0.48174700140953064 -0.009308000095188618
v 0.07083600014448166 0.4768790006637573 -0.00940600037574768
v 0.07916899770498276 0.48875901103019714 -0.007977000437676907
v 0.07367800176143646 0.4658139944076538 -0.0033100000582635403
v 0.0742110013961792 0.4657280147075653 0.0004710000066552311
v 0.07253500074148178 0.4660489857196808 -0.007094999775290489
v 0.07367800176143646 0.4658139944076538 0.004209999926388264
v 0.07253500074148178 0.4660489857196808 0.0079950001090765
v 0.07104700058698654 0.4664520025253296 -0.010711999610066414
v 0.07104700058698654 0.4664520025253296 0.011611999943852425
v 0.06814199686050415 0.4698280096054077 -0.014516999945044518
v 0.06859099864959717 0.47291600704193115 -0.013003000058233738
v 0.06855099648237228 0.46733200550079346 -0.013999000191688538
v 0.07052499800920486 0.4762769937515259 -0.010727000422775745
v 0.06993799656629562 0.47611701488494873 -0.012443000450730324
v 0.07724399864673615 0.4868679940700531 0.00046999999904073775
v 0.07663200050592422 0.4894079864025116 -0.0009850000496953726
v 0.07502300292253494 0.48662498593330383 -0.0011620000004768372
v 0.07812199741601944 0.49093499779701233 -0.0003969999961555004
v 0.07502300292253494 0.48662498593330383 0.0020620001014322042
v 0.07663200050592422 0.4894079864025116 0.0018850000342354178
v 0.07812199741601944 0.49093499779701233 0.0012969999806955457
v 0.07871100306510925 0.49164000153541565 0.0031109999399632215
v 0.07755500078201294 0.49070098996162415 0.003037000074982643
v 0.07429099828004837 0.48805299401283264 0.006850000005215406
v 0.07632499933242798 0.49149298667907715 0.006010000128298998
v 0.07659900188446045 0.48772498965263367 0.004860000219196081
v 0.07607900351285934 0.4874440133571625 0.004141999874264002
v 0.07970400154590607 0.4931409955024719 -0.007612000219523907
v 0.07429999858140945 0.4856429994106293 -0.0038139999378472567
v 0.07358700037002563 0.48625901341438293 -0.005723999813199043
v 0.07433400303125381 0.4880320131778717 -0.007513000164180994
v 0.07268600165843964 0.4864409863948822 -0.007641000207513571
v 0.07393400371074677 0.48528599739074707 -0.00356299988925457
v 0.07393600046634674 0.4852850139141083 -0.0015569999814033508
v 0.07581499963998795 0.4917230010032654 -0.008182000368833542
v 0.07803799957036972 0.4946269989013672 -0.008713999763131142
v 0.07866299897432327 0.4943470060825348 -0.008569999597966671
v 0.07461000233888626 0.4889709949493408 -0.008399000391364098
v 0.07674100250005722 0.4812209904193878 0.008047999814152718
v 0.07855600118637085 0.4843440055847168 0.007652999833226204
v 0.07853800058364868 0.48542800545692444 0.007387000136077404
v 0.0799039974808693 0.4889180064201355 0.007385999895632267
v 0.08039499819278717 0.492590993642807 0.006819999776780605
v 0.07994499802589417 0.49595698714256287 0.0068419999442994595
v 0.07604199647903442 0.4918699860572815 0.007751000113785267
v 0.07750999927520752 0.4936459958553314 0.00826799962669611
v 0.07924699783325195 0.4957819879055023 0.007896999828517437
v 0.07003200054168701 0.47291600704193115 0.013903000392019749
v 0.069582998752594 0.4698280096054077 0.015417000278830528
v 0.07083600014448166 0.4768790006637573 0.010305999778211117
v 0.07052499800920486 0.4762769937515259 0.011626999825239182
v 0.06993799656629562 0.47611701488494873 0.01334299985319376
v 0.06999299675226212 0.46733200550079346 0.014898999594151974
v 0.07621099799871445 0.48174700140953064 0.010208000428974628
v 0.07768499851226807 0.48477399349212646 -0.009332000277936459
v 0.07709699869155884 0.4880070090293884 -0.008910000324249268
v 0.07716800272464752 0.4842279851436615 -0.011757999658584595
v 0.0772159993648529 0.484468013048172 -0.010185999795794487
v 0.0720290020108223 0.48082199692726135 -0.011048000305891037
v 0.07835599780082703 0.4920490086078644 -0.00864300038665533
v 0.07328200340270996 0.4624829888343811 -0.003930999897420406
v 0.07335100322961807 0.46351200342178345 0.0004710000066552311
v 0.07255999743938446 0.4626530110836029 -0.008210999891161919
v 0.07328200340270996 0.4624829888343811 0.004831000231206417
v 0.07087299972772598 0.4621819853782654 -0.01183400023728609
v 0.07255999743938446 0.4626530110836029 0.00911100022494793
v 0.07087299972772598 0.4621819853782654 0.012733999639749527
v 0.06880100071430206 0.46446898579597473 -0.014852000400424004
v 0.06880100071430206 0.46446898579597473 0.015752000734210014
v 0.06682799756526947 0.47203999757766724 -0.018302999436855316
v 0.06717800348997116 0.4732219874858856 -0.01650799997150898
v 0.06695599853992462 0.46874499320983887 -0.017333000898361206
v 0.06880699843168259 0.47684600949287415 -0.01494900044053793
v 0.0664839968085289 0.46585699915885925 -0.017757000401616096
v 0.0715389996767044 0.4805470108985901 -0.012346000410616398
v 0.07076500356197357 0.4806709885597229 -0.013376999646425247
v 0.07411500066518784 0.48519599437713623 0.0004689999914262444
v 0.07393600046634674 0.4852850139141083 0.002457000082358718
v 0.07393400371074677 0.48528599739074707 0.004463000223040581
v 0.07268600165843964 0.4864409863948822 0.008541000075638294
v 0.07433400303125381 0.4880320131778717 0.008413000032305717
v 0.07358700037002563 0.48625901341438293 0.006624000146985054
v 0.07429999858140945 0.4856429994106293 0.004714000038802624
v 0.07108700275421143 0.48409000039100647 -0.006415999960154295
v 0.07187999784946442 0.48299500346183777 -0.0032500000670552254
v 0.07224400341510773 0.4866589903831482 -0.008035999722778797
v 0.07203400135040283 0.48194101452827454 0.00046800001291558146
v 0.07427100092172623 0.49192699790000916 -0.009575000032782555
v 0.07263199985027313 0.4886089861392975 -0.009332999587059021
v 0.07643800228834152 0.4938789904117584 -0.00903599988669157
v 0.0781330019235611 0.4967710077762604 -0.009743999689817429
v 0.07919900119304657 0.4943459928035736 -0.010191000066697598
v 0.07853499799966812 0.4958620071411133 -0.011172999627888203
v 0.07213299721479416 0.4867140054702759 -0.009139999747276306
v 0.07799699902534485 0.48408201336860657 0.00939400028437376
v 0.07795900106430054 0.48624199628829956 0.00885200034826994
v 0.07916899770498276 0.48875901103019714 0.008876999840140343
v 0.07970400154590607 0.4931409955024719 0.008511999621987343
v 0.07461000233888626 0.4889709949493408 0.009298999793827534
v 0.07581499963998795 0.4917230010032654 0.009081999771296978
v 0.07803799957036972 0.4946269989013672 0.009614000096917152
v 0.07866299897432327 0.4943470060825348 0.009469999931752682
v 0.06861899793148041 0.4732219874858856 0.01740800030529499
v 0.0682699978351593 0.47203999757766724 0.019202999770641327
v 0.06880699843168259 0.47684600949287415 0.015848999843001366
v 0.06839799880981445 0.46874499320983887 0.018232999369502068
v 0.0720290020108223 0.48082199692726135 0.011947999708354473
v 0.0715389996767044 0.4805470108985901 0.013245999813079834
v 0.07076500356197357 0.4806709885597229 0.014276999980211258
v 0.06792599707841873 0.46585699915885925 0.018657000735402107
v 0.0772159993648529 0.484468013048172 0.011086000129580498
v 0.07716800272464752 0.4842279851436615 0.012657999992370605
v 0.07768499851226807 0.48477399349212646 0.010231999680399895
v 0.07704400271177292 0.48642998933792114 -0.010088000446557999
v 0.07915599644184113 0.4904719889163971 -0.010362000204622746
v 0.07708700001239777 0.48587098717689514 -0.01191100012511015
v 0.07567299902439117 0.4849669933319092 -0.014480999670922756
v 0.07567399740219116 0.4860309958457947 -0.013996999710798264
v 0.07256200164556503 0.4601840078830719 -0.004106000065803528
v 0.0722310021519661 0.4601590037345886 0.00046999999904073775
v 0.07163800299167633 0.459553986787796 -0.008735000155866146
v 0.07256200164556503 0.4601840078830719 0.005005999933928251
v 0.06974200159311295 0.45991501212120056 -0.012721999548375607
v 0.07163800299167633 0.459553986787796 0.009634999558329582
v 0.0669730007648468 0.46086201071739197 -0.01581599935889244
v 0.06974200159311295 0.45991501212120056 0.013621999882161617
v 0.0669730007648468 0.46086201071739197 0.01671599969267845
v 0.06443099677562714 0.4622569978237152 -0.019000999629497528
v 0.06443099677562714 0.4622569978237152 0.01990099996328354
v 0.06497099995613098 0.4708079993724823 -0.019957000389695168
v 0.06398600339889526 0.47294101119041443 -0.018804000690579414
v 0.06541699916124344 0.4744980037212372 -0.019303999841213226
v 0.06714200228452682 0.48065900802612305 -0.0181450005620718
v 0.06407400220632553 0.4670020043849945 -0.020586999133229256
v 0.07304999977350235 0.48224300146102905 -0.014778000302612782
v 0.07177600264549255 0.48367398977279663 -0.015937000513076782
v 0.06190900132060051 0.4645099937915802 -0.021841999143362045
v 0.07187999784946442 0.48299500346183777 0.004149999935179949
v 0.07108700275421143 0.48409000039100647 0.007315999828279018
v 0.07224400341510773 0.4866589903831482 0.008936000056564808
v 0.061625998467206955 0.4729419946670532 -0.007474999874830246
v 0.0620729997754097 0.4704959988594055 -0.004544000141322613
v 0.06969399750232697 0.4851909875869751 -0.009417999535799026
v 0.061163000762462616 0.4761979877948761 -0.009998000226914883
v 0.06185299903154373 0.469897985458374 0.0004659999976865947
v 0.0620729997754097 0.4704959988594055 0.005444000009447336
v 0.07258400321006775 0.4919559955596924 -0.01141900010406971
v 0.07173900306224823 0.4887869954109192 -0.011250999756157398
v 0.07388299703598022 0.49453699588775635 -0.012330000288784504
v 0.07064799964427948 0.4871729910373688 -0.010758000425994396
v 0.07760100066661835 0.4974989891052246 -0.010774999856948853
v 0.07688000053167343 0.49733400344848633 -0.01205699983984232
v 0.07920099794864655 0.49142101407051086 -0.011442000046372414
v 0.07763800024986267 0.4965049922466278 -0.012839999981224537
v 0.07709699869155884 0.4880070090293884 0.009809999726712704
v 0.07835599780082703 0.4920490086078644 0.009542999789118767
v 0.07213299721479416 0.4867140054702759 0.010040000081062317
v 0.07263199985027313 0.4886089861392975 0.010232999920845032
v 0.07427100092172623 0.49192699790000916 0.010475000366568565
v 0.07643800228834152 0.4938789904117584 0.009936000220477581
v 0.0781330019235611 0.4967710077762604 0.01064400002360344
v 0.07919900119304657 0.4943459928035736 0.011091000400483608
v 0.07853499799966812 0.4958620071411133 0.012072999961674213
v 0.06541699916124344 0.4744980037212372 0.020204000174999237
v 0.06398600339889526 0.47294101119041443 0.019703999161720276
v 0.06714200228452682 0.48065900802612305 0.01904500089585781
v 0.06641200184822083 0.4708079993724823 0.02085700072348118
v 0.07177600264549255 0.48367398977279663 0.016837000846862793
v 0.07304999977350235 0.48224300146102905 0.015677999705076218
v 0.06407400220632553 0.4670020043849945 0.021486999467015266
v 0.07567299902439117 0.4849669933319092 0.015381000004708767
v 0.06190900132060051 0.4645099937915802 0.022741999477148056
v 0.07704400271177292 0.48642998933792114 0.010987999849021435
v 0.07708700001239777 0.48587098717689514 0.01281100045889616
v 0.07567399740219116 0.4860309958457947 0.014897000044584274
v 0.0786070004105568 0.488523006439209 -0.011733000166714191
v 0.0767429992556572 0.4893600046634674 -0.01397200021892786
v 0.07370699942111969 0.48647600412368774 -0.015567000024020672
v 0.07313299924135208 0.489437997341156 -0.014039999805390835
v 0.07277300208806992 0.48853999376296997 -0.0160559993237257
v 0.0704990029335022 0.4582180082798004 -0.004958000034093857
v 0.0706389993429184 0.45822399854660034 0.00046999999904073775
v 0.06915599852800369 0.4582349956035614 -0.009765000082552433
v 0.0704990029335022 0.4582180082798004 0.00585799990221858
v 0.06706099957227707 0.4586679935455322 -0.014054999686777592
v 0.06915599852800369 0.4582349956035614 0.010665000416338444
v 0.06448499858379364 0.45998498797416687 -0.017697999253869057
v 0.06706099957227707 0.4586679935455322 0.014955000020563602
v 0.06156599894165993 0.4614650011062622 -0.02085000090301037
v 0.06448499858379364 0.45998498797416687 0.018597999587655067
v 0.06156599894165993 0.4614650011062622 0.02174999937415123
v 0.05849200114607811 0.4631749987602234 -0.023509999737143517
v 0.05849200114607811 0.4631749987602234 0.024410000070929527
v 0.0629270002245903 0.47298601269721985 -0.022335000336170197
v 0.0625310018658638 0.4739609956741333 -0.020555999130010605
v 0.06163899973034859 0.4682829976081848 -0.02337699942290783
v 0.06498599797487259 0.4771200120449066 -0.020918000489473343
v 0.06753099709749222 0.48255398869514465 -0.020914999768137932
v 0.07048100233078003 0.4845770001411438 -0.017555000260472298
v 0.06763800233602524 0.4854539930820465 -0.01968800090253353
v 0.05928900092840195 0.4662509858608246 -0.024802999570965767
v 0.07256600260734558 0.4870389997959137 -0.016766000539064407
v 0.05559299886226654 0.4652320146560669 -0.026381000876426697
v 0.061625998467206955 0.4729419946670532 0.008375000208616257
v 0.061163000762462616 0.4761979877948761 0.010897999629378319
v 0.06969399750232697 0.4851909875869751 0.010317999869585037
v 0.06125500053167343 0.46843400597572327 -0.0073460000567138195
v 0.06202999874949455 0.46709299087524414 -0.0036379999946802855
v 0.06036899983882904 0.47033700346946716 -0.010470000095665455
v 0.06213900074362755 0.4656760096549988 0.0004659999976865947
v 0.06776600331068039 0.4861370027065277 -0.012148999609053135
v 0.060481999069452286 0.4798310101032257 -0.012120000086724758
v 0.06955700367689133 0.4874480068683624 -0.012644000351428986
v 0.05936700105667114 0.4734230041503906 -0.012791000306606293
v 0.06202999874949455 0.46709299087524414 0.0045380000956356525
v 0.06125500053167343 0.46843400597572327 0.008245999924838543
v 0.07309500128030777 0.494161993265152 -0.013384999707341194
v 0.07084199786186218 0.4897570013999939 -0.013795999810099602
v 0.07297799736261368 0.4929969906806946 -0.014094999991357327
v 0.0745059996843338 0.49425700306892395 -0.014192000031471252
v 0.07804399728775024 0.4926689863204956 -0.013504000380635262
v 0.07447499781847 0.492574006319046 -0.014266000129282475
v 0.07915599644184113 0.4904719889163971 0.011261999607086182
v 0.07064799964427948 0.4871729910373688 0.011657999828457832
v 0.07173900306224823 0.4887869954109192 0.012151000089943409
v 0.07258400321006775 0.4919559955596924 0.01231900043785572
v 0.07388299703598022 0.49453699588775635 0.01322999969124794
v 0.07688000053167343 0.49733400344848633 0.01295700017362833
v 0.07760100066661835 0.4974989891052246 0.011675000190734863
v 0.07920099794864655 0.49142101407051086 0.012342000380158424
v 0.07763800024986267 0.4965049922466278 0.013740000315010548
v 0.06498599797487259 0.4771200120449066 0.021818000823259354
v 0.0625310018658638 0.4739609956741333 0.021455999463796616
v 0.06753099709749222 0.48255398869514465 0.021815000101923943
v 0.0629270002245903 0.47298601269721985 0.023235000669956207
v 0.07048100233078003 0.4845770001411438 0.01845500059425831
v 0.06763800233602524 0.4854539930820465 0.020587999373674393
v 0.06163899973034859 0.4682829976081848 0.02427699975669384
v 0.07370699942111969 0.48647600412368774 0.016466999426484108
v 0.07256600260734558 0.4870389997959137 0.017666000872850418
v 0.05928900092840195 0.4662509858608246 0.025702999904751778
v 0.05559299886226654 0.4652320146560669 0.02728099934756756
v 0.0786070004105568 0.488523006439209 0.012632999569177628
v 0.0767429992556572 0.4893600046634674 0.014871999621391296
v 0.07313299924135208 0.489437997341156 0.014940000139176846
v 0.07277300208806992 0.48853999376296997 0.01695599965751171
v 0.07431399822235107 0.4916689991950989 -0.016296999529004097
v 0.07224900275468826 0.4866580069065094 -0.01809700019657612
v 0.07229900360107422 0.48797300457954407 -0.018046999350190163
v 0.07382500171661377 0.49164900183677673 -0.01826399937272072
v 0.0690779983997345 0.4576829969882965 -0.004734000191092491
v 0.06922300159931183 0.4577920138835907 0.0004689999914262444
v 0.06786400079727173 0.45786499977111816 -0.009569000452756882
v 0.0690779983997345 0.4576829969882965 0.005634000059217215
v 0.0655599981546402 0.4583660066127777 -0.013724000193178654
v 0.06786400079727173 0.45786499977111816 0.010468999855220318
v 0.06260599941015244 0.4592190086841583 -0.017077000811696053
v 0.0655599981546402 0.4583660066127777 0.01462399959564209
v 0.059505000710487366 0.4604890048503876 -0.020062999799847603
v 0.06260599941015244 0.4592190086841583 0.017976999282836914
v 0.056366000324487686 0.46251699328422546 -0.02255300059914589
v 0.059505000710487366 0.4604890048503876 0.020963000133633614
v 0.056366000324487686 0.46251699328422546 0.02345299907028675
v 0.05208100005984306 0.4651870131492615 -0.024956999346613884
v 0.05208100005984306 0.4651870131492615 0.025856999680399895
v 0.060575999319553375 0.472137987613678 -0.02501700073480606
v 0.06160299852490425 0.4755440056324005 -0.024437999352812767
v 0.05917400121688843 0.4691300094127655 -0.026040999218821526
v 0.06290099769830704 0.47821199893951416 -0.023572999984025955
v 0.05654999986290932 0.46797099709510803 -0.027587000280618668
v 0.06406199932098389 0.4840039908885956 -0.024087000638246536
v 0.06432700157165527 0.48655200004577637 -0.02244199998676777
v 0.07020600140094757 0.48739299178123474 -0.01919800043106079
v 0.069132000207901 0.4879229962825775 -0.0197369996458292
v 0.06791599839925766 0.4877220094203949 -0.020968999713659286
v 0.051396001130342484 0.4675480127334595 -0.02894200012087822
v 0.04811999946832657 0.46703198552131653 -0.027089999988675117
v 0.06036899983882904 0.47033700346946716 0.011370000429451466
v 0.05936700105667114 0.4734230041503906 0.013690999709069729
v 0.060481999069452286 0.4798310101032257 0.013020000420510769
v 0.06776600331068039 0.4861370027065277 0.013048999942839146
v 0.06955700367689133 0.4874480068683624 0.013543999753892422
v 0.06427499651908875 0.46027401089668274 -0.00889500044286251
v 0.06535500288009644 0.4600450098514557 -0.004668000154197216
v 0.06204599887132645 0.4613940119743347 -0.012041999958455563
v 0.06566700339317322 0.459291011095047 0.00046800001291558146
v 0.05947500094771385 0.46311700344085693 -0.014553000219166279
v 0.06535500288009644 0.4600450098514557 0.0055680000223219395
v 0.065310999751091 0.48687100410461426 -0.014468999579548836
v 0.060655999928712845 0.4815720021724701 -0.014702999964356422
v 0.06868100166320801 0.48788100481033325 -0.013214999809861183
v 0.06655199825763702 0.4886690080165863 -0.015203000046312809
v 0.05752599984407425 0.47617000341415405 -0.01495600026100874
v 0.06958600133657455 0.48903799057006836 -0.013698999769985676
v 0.05684199929237366 0.46478700637817383 -0.01689000055193901
v 0.06427499651908875 0.46027401089668274 0.009794999845325947
v 0.06204599887132645 0.4613940119743347 0.012942000292241573
v 0.07099000364542007 0.4948669970035553 -0.013140999712049961
v 0.07141699641942978 0.4956440031528473 -0.014487000182271004
v 0.07175499945878983 0.49549299478530884 -0.015196000225841999
v 0.06978599727153778 0.4922429919242859 -0.013358999975025654
v 0.07435599714517593 0.4955430030822754 -0.01612599939107895
v 0.07209800183773041 0.4963169991970062 -0.015421999618411064
v 0.07471100240945816 0.49416598677635193 -0.016224000602960587
v 0.07084199786186218 0.4897570013999939 0.014696000143885612
v 0.07309500128030777 0.494161993265152 0.014285000041127205
v 0.07297799736261368 0.4929969906806946 0.014995000325143337
v 0.0745059996843338 0.49425700306892395 0.015092000365257263
v 0.07804399728775024 0.4926689863204956 0.014403999783098698
v 0.07447499781847 0.492574006319046 0.015166000463068485
v 0.06290099769830704 0.47821199893951416 0.024473000317811966
v 0.06160299852490425 0.4755440056324005 0.025337999686598778
v 0.06406199932098389 0.4840039908885956 0.024986999109387398
v 0.060575999319553375 0.472137987613678 0.025916999205946922
v 0.06432700157165527 0.48655200004577637 0.02334200032055378
v 0.05917400121688843 0.4691300094127655 0.026940999552607536
v 0.07224900275468826 0.4866580069065094 0.01899700053036213
v 0.07020600140094757 0.48739299178123474 0.020098000764846802
v 0.069132000207901 0.4879229962825775 0.02063699997961521
v 0.06791599839925766 0.4877220094203949 0.021869000047445297
v 0.05654999986290932 0.46797099709510803 0.02848700061440468
v 0.07229900360107422 0.48797300457954407 0.018946999683976173
v 0.051396001130342484 0.4675480127334595 0.02984200045466423
v 0.04811999946832657 0.46703198552131653 0.027990000322461128
v 0.07431399822235107 0.4916689991950989 0.017196999862790108
v 0.07382500171661377 0.49164900183677673 0.01916399970650673
v 0.07457400113344193 0.4937480092048645 -0.017796000465750694
v 0.07039400190114975 0.48891299962997437 -0.01870499923825264
v 0.0722149983048439 0.49261099100112915 -0.018955999985337257
v 0.07214000076055527 0.49507999420166016 -0.01860699988901615
v 0.06797699630260468 0.45726901292800903 -0.004656999837607145
v 0.06774500012397766 0.45794299244880676 0.0004689999914262444
v 0.06723900139331818 0.4571340084075928 -0.009571000002324581
v 0.06797699630260468 0.45726901292800903 0.005557000171393156
v 0.06434299796819687 0.4580230116844177 -0.01285099983215332
v 0.06723900139331818 0.4571340084075928 0.010471000336110592
v 0.06140200048685074 0.459199994802475 -0.01589599996805191
v 0.06434299796819687 0.4580230116844177 0.013751000165939331
v 0.058357998728752136 0.4606040120124817 -0.01875399984419346
v 0.06140200048685074 0.459199994802475 0.01679600030183792
v 0.05571899935603142 0.4627709984779358 -0.021788999438285828
v 0.058357998728752136 0.4606040120124817 0.01965400017797947
v 0.05163099989295006 0.46494001150131226 -0.024447999894618988
v 0.05571899935603142 0.4627709984779358 0.02268899977207184
v 0.05163099989295006 0.46494001150131226 0.025348000228405
v 0.047798000276088715 0.46732500195503235 -0.026660999283194542
v 0.047798000276088715 0.46732500195503235 0.027560999616980553
v 0.058274999260902405 0.4733240008354187 -0.02775299921631813
v 0.05918100103735924 0.4761419892311096 -0.027218999341130257
v 0.05674799904227257 0.47092801332473755 -0.02860499918460846
v 0.060451000928878784 0.4788919985294342 -0.026366999372839928
v 0.052650999277830124 0.4697189927101135 -0.03003999963402748
v 0.04744900017976761 0.47003600001335144 -0.030949000269174576
v 0.06094300001859665 0.484468013048172 -0.02710600011050701
v 0.060940999537706375 0.48742198944091797 -0.02496900036931038
v 0.05763399973511696 0.4800119996070862 -0.028610000386834145
v 0.0637810006737709 0.489764004945755 -0.02359200082719326
v 0.06476400047540665 0.4895530045032501 -0.022810999304056168
v 0.06633400171995163 0.48824000358581543 -0.02167700044810772
v 0.06871800124645233 0.490543007850647 -0.017799999564886093
v 0.06768599897623062 0.48945000767707825 -0.02064500004053116
v 0.06649599969387054 0.4897629916667938 -0.021409999579191208
v 0.04416700080037117 0.46959999203681946 -0.029109999537467957
v 0.043974000960588455 0.4698120057582855 -0.02874399907886982
v 0.05947500094771385 0.46311700344085693 0.015452999621629715
v 0.05684199929237366 0.46478700637817383 0.01779000088572502
v 0.05752599984407425 0.47617000341415405 0.015855999663472176
v 0.060655999928712845 0.4815720021724701 0.015603000298142433
v 0.065310999751091 0.48687100410461426 0.015368999913334846
v 0.06655199825763702 0.4886690080165863 0.016102999448776245
v 0.06868100166320801 0.48788100481033325 0.014115000143647194
v 0.06958600133657455 0.48903799057006836 0.014599000103771687
v 0.06245199963450432 0.48756200075149536 -0.016248999163508415
v 0.0573199987411499 0.48109498620033264 -0.016505999490618706
v 0.06519299745559692 0.48960399627685547 -0.015468000434339046
v 0.06294099986553192 0.4891130030155182 -0.016157999634742737
v 0.06613299995660782 0.48887598514556885 -0.015371999703347683
v 0.05409400165081024 0.47655099630355835 -0.01683099940419197
v 0.06753099709749222 0.49059098958969116 -0.01566299982368946
v 0.053314998745918274 0.46693000197410583 -0.019253000617027283
v 0.0681539997458458 0.49345600605010986 -0.015154999680817127
v 0.06885799765586853 0.4955750107765198 -0.015128999948501587
v 0.07023199647665024 0.4954470098018646 -0.015494000166654587
v 0.071383997797966 0.4968770146369934 -0.01733200065791607
v 0.07361900061368942 0.49587398767471313 -0.017382999882102013
v 0.06978599727153778 0.4922429919242859 0.014259000308811665
v 0.07099000364542007 0.4948669970035553 0.014041000045835972
v 0.07141699641942978 0.4956440031528473 0.01538699958473444
v 0.07175499945878983 0.49549299478530884 0.016095999628305435
v 0.07435599714517593 0.4955430030822754 0.01702599972486496
v 0.07209800183773041 0.4963169991970062 0.016321999952197075
v 0.07471100240945816 0.49416598677635193 0.017123999074101448
v 0.060451000928878784 0.4788919985294342 0.02726699970662594
v 0.05918100103735924 0.4761419892311096 0.028118999674916267
v 0.058274999260902405 0.4733240008354187 0.02865299955010414
v 0.060940999537706375 0.48742198944091797 0.02586900070309639
v 0.06094300001859665 0.484468013048172 0.028006000444293022
v 0.05763399973511696 0.4800119996070862 0.029510000720620155
v 0.05674799904227257 0.47092801332473755 0.02950499951839447
v 0.06476400047540665 0.4895530045032501 0.02371099963784218
v 0.0637810006737709 0.489764004945755 0.02449199929833412
v 0.06633400171995163 0.48824000358581543 0.02257700078189373
v 0.052650999277830124 0.4697189927101135 0.030939999967813492
v 0.07039400190114975 0.48891299962997437 0.01960499957203865
v 0.06871800124645233 0.490543007850647 0.018699999898672104
v 0.06768599897623062 0.48945000767707825 0.02154500037431717
v 0.06649599969387054 0.4897629916667938 0.02230999991297722
v 0.04744900017976761 0.47003600001335144 0.03184900060296059
v 0.0722149983048439 0.49261099100112915 0.019856000319123268
v 0.04416700080037117 0.46959999203681946 0.030009999871253967
v 0.043974000960588455 0.4698120057582855 0.02964399941265583
v 0.07457400113344193 0.4937480092048645 0.018696000799536705
v 0.07214000076055527 0.49507999420166016 0.019507000222802162
v 0.06972400099039078 0.49396899342536926 -0.01819399930536747
v 0.0690620020031929 0.49548399448394775 -0.01716100051999092
v 0.05008700117468834 0.4678179919719696 -0.02180499956011772
v 0.053314998745918274 0.46693000197410583 0.020152999088168144
v 0.04686199873685837 0.4696739912033081 -0.024112999439239502
v 0.05008700117468834 0.4678179919719696 0.022704999893903732
v 0.04686199873685837 0.4696739912033081 0.025012999773025513
v 0.04361499845981598 0.47200000286102295 -0.026071999222040176
v 0.04361499845981598 0.47200000286102295 0.026971999555826187
v 0.055991001427173615 0.47503599524497986 -0.03018599934875965
v 0.05674400180578232 0.47829699516296387 -0.02973400056362152
v 0.05363599956035614 0.47336500883102417 -0.03141000121831894
v 0.04886399954557419 0.4717310070991516 -0.03204699978232384
v 0.043366000056266785 0.472461998462677 -0.0327330008149147
v 0.040261998772621155 0.4722369909286499 -0.031175000593066216
v 0.05707800015807152 0.4861130118370056 -0.030222000554203987
v 0.057757001370191574 0.48872101306915283 -0.027278000488877296
v 0.05745299905538559 0.48179900646209717 -0.030616000294685364
v 0.05943400040268898 0.4905720055103302 -0.025803999975323677
v 0.06133199855685234 0.4896340072154999 -0.025136999785900116
v 0.06312700361013412 0.48954901099205017 -0.02420400083065033
v 0.05371899902820587 0.4802519977092743 -0.031769998371601105
v 0.06255300343036652 0.49144598841667175 -0.02116299979388714
v 0.06455200165510178 0.49099698662757874 -0.021383000537753105
v 0.0691009983420372 0.49376899003982544 -0.02059599943459034
v 0.06888800114393234 0.49581199884414673 -0.019812999293208122
v 0.0675790011882782 0.49396398663520813 -0.021779999136924744
v 0.06603000313043594 0.4944100081920624 -0.022043999284505844
v 0.04007900133728981 0.47232601046562195 -0.03064900077879429
v 0.04036499932408333 0.4740869998931885 -0.028119999915361404
v 0.05409400165081024 0.47655099630355835 0.01773099973797798
v 0.0573199987411499 0.48109498620033264 0.017405999824404716
v 0.06245199963450432 0.48756200075149536 0.017148999497294426
v 0.06294099986553192 0.4891130030155182 0.017057999968528748
v 0.06519299745559692 0.48960399627685547 0.016367999836802483
v 0.06613299995660782 0.48887598514556885 0.01627199910581112
v 0.06753099709749222 0.49059098958969116 0.01656300015747547
v 0.0681539997458458 0.49345600605010986 0.016054999083280563
v 0.05933599919080734 0.4882430136203766 -0.017568999901413918
v 0.05130799859762192 0.4795039892196655 -0.01744600012898445
v 0.061462998390197754 0.4893049895763397 -0.016899000853300095
v 0.06014600023627281 0.48995500802993774 -0.01785700023174286
v 0.0507190003991127 0.4756619930267334 -0.018689999356865883
v 0.06670600175857544 0.4918000102043152 -0.016426999121904373
v 0.06715600192546844 0.49157801270484924 -0.016032999381422997
v 0.06339599937200546 0.49022799730300903 -0.016157999634742737
v 0.0620339997112751 0.4909000098705292 -0.017559999600052834
v 0.06856700032949448 0.4952259957790375 -0.01623399928212166
v 0.06885799765586853 0.4955750107765198 0.016029000282287598
v 0.07023199647665024 0.4954470098018646 0.016394000500440598
v 0.071383997797966 0.4968770146369934 0.01823199912905693
v 0.07361900061368942 0.49587398767471313 0.018283000215888023
v 0.05674400180578232 0.47829699516296387 0.030634000897407532
v 0.055991001427173615 0.47503599524497986 0.031085999682545662
v 0.05363599956035614 0.47336500883102417 0.03231000155210495
v 0.057757001370191574 0.48872101306915283 0.028178000822663307
v 0.05707800015807152 0.4861130118370056 0.031122000887989998
v 0.06133199855685234 0.4896340072154999 0.026037000119686127
v 0.05943400040268898 0.4905720055103302 0.026704000309109688
v 0.06312700361013412 0.48954901099205017 0.02510399930179119
v 0.05745299905538559 0.48179900646209717 0.031516000628471375
v 0.05371899902820587 0.4802519977092743 0.032669998705387115
v 0.04886399954557419 0.4717310070991516 0.03294700011610985
v 0.06455200165510178 0.49099698662757874 0.022283000871539116
v 0.06255300343036652 0.49144598841667175 0.02206300012767315
v 0.043366000056266785 0.472461998462677 0.033633001148700714
v 0.06972400099039078 0.49396899342536926 0.01909399963915348
v 0.0691009983420372 0.49376899003982544 0.02149599976837635
v 0.06888800114393234 0.49581199884414673 0.020712999626994133
v 0.0675790011882782 0.49396398663520813 0.022679999470710754
v 0.06603000313043594 0.4944100081920624 0.022943999618291855
v 0.040261998772621155 0.4722369909286499 0.03207499906420708
v 0.04007900133728981 0.47232601046562195 0.03154899924993515
v 0.04036499932408333 0.4740869998931885 0.029020000249147415
v 0.0690620020031929 0.49548399448394775 0.018061000853776932
v 0.06818199902772903 0.49734601378440857 -0.01922300085425377
v 0.06683000177145004 0.49746400117874146 -0.01863200031220913
v 0.06673700362443924 0.496288001537323 -0.017117999494075775
v 0.06653299927711487 0.49661898612976074 -0.015964999794960022
v 0.04756300151348114 0.47553500533103943 -0.021060999482870102
v 0.0507190003991127 0.4756619930267334 0.019589999690651894
v 0.04447700083255768 0.47651100158691406 -0.023391999304294586
v 0.04756300151348114 0.47553500533103943 0.021960999816656113
v 0.04447700083255768 0.47651100158691406 0.024291999638080597
v 0.041391998529434204 0.47843900322914124 -0.02509699948132038
v 0.041391998529434204 0.47843900322914124 0.025996999815106392
v 0.052668001502752304 0.477292001247406 -0.03252499923110008
v 0.05056599900126457 0.4755600094795227 -0.033688001334667206
v 0.04494699835777283 0.47348299622535706 -0.03392399847507477
v 0.03926600143313408 0.47437599301338196 -0.03483999893069267
v 0.036490000784397125 0.474494993686676 -0.03379499912261963
v 0.0361500009894371 0.47447898983955383 -0.03272499889135361
v 0.05307599902153015 0.48889198899269104 -0.032159000635147095
v 0.05330599844455719 0.49091899394989014 -0.028974000364542007
v 0.05462900176644325 0.48378899693489075 -0.03258499875664711
v 0.05192200094461441 0.486054003238678 -0.03434799984097481
v 0.057169001549482346 0.49115198850631714 -0.026220999658107758
v 0.05548499897122383 0.4919840097427368 -0.026684999465942383
v 0.0530879981815815 0.48207300901412964 -0.033897001296281815
v 0.059262000024318695 0.49226999282836914 -0.02481899969279766
v 0.06140400096774101 0.4909380078315735 -0.024870000779628754
v 0.05737299844622612 0.492127001285553 -0.025752000510692596
v 0.06252899765968323 0.4909200072288513 -0.023646999150514603
v 0.049469999969005585 0.47887301445007324 -0.03453800082206726
v 0.06396900117397308 0.49509501457214355 -0.0213639996945858
v 0.06378799676895142 0.494937002658844 -0.024258000776171684
v 0.06359899789094925 0.49647998809814453 -0.023499999195337296
v 0.06754700094461441 0.4969030022621155 -0.020746000111103058
v 0.06620500236749649 0.49774500727653503 -0.01878499984741211
v 0.06539600342512131 0.49713000655174255 -0.02118699997663498
v 0.06388700008392334 0.4970790147781372 -0.021266000345349312
v 0.03712200000882149 0.47660699486732483 -0.029858000576496124
v 0.040362998843193054 0.48099300265312195 -0.02643599919974804
v 0.05130799859762192 0.4795039892196655 0.018346000462770462
v 0.05933599919080734 0.4882430136203766 0.01846900023519993
v 0.06014600023627281 0.48995500802993774 0.01875700056552887
v 0.061462998390197754 0.4893049895763397 0.017798999324440956
v 0.0620339997112751 0.4909000098705292 0.018459999933838844
v 0.06339599937200546 0.49022799730300903 0.017057999968528748
v 0.06670600175857544 0.4918000102043152 0.017326999455690384
v 0.06715600192546844 0.49157801270484924 0.016932999715209007
v 0.06856700032949448 0.4952259957790375 0.01713399961590767
v 0.056113000959157944 0.48885801434516907 -0.018623000010848045
v 0.04781800135970116 0.47871801257133484 -0.01891000010073185
v 0.05760899931192398 0.4898679852485657 -0.01827399991452694
v 0.056102000176906586 0.4900749921798706 -0.019231000915169716
v 0.06084499880671501 0.49121299386024475 -0.018316000699996948
v 0.05875600129365921 0.4917069971561432 -0.018982000648975372
v 0.06684800237417221 0.49599799513816833 -0.015127000398933887
v 0.06458699703216553 0.49432799220085144 -0.015424000099301338
v 0.06271500140428543 0.4954180121421814 -0.016752000898122787
v 0.06330300122499466 0.49685201048851013 -0.01920199953019619
v 0.052668001502752304 0.477292001247406 0.03342499956488609
v 0.05056599900126457 0.4755600094795227 0.03458800166845322
v 0.04494699835777283 0.47348299622535706 0.03482399880886078
v 0.05330599844455719 0.49091899394989014 0.029874000698328018
v 0.05307599902153015 0.48889198899269104 0.033059000968933105
v 0.057169001549482346 0.49115198850631714 0.02712099999189377
v 0.05548499897122383 0.4919840097427368 0.027584999799728394
v 0.05192200094461441 0.486054003238678 0.03524800017476082
v 0.05462900176644325 0.48378899693489075 0.03348499909043312
v 0.06252899765968323 0.4909200072288513 0.024546999484300613
v 0.06140400096774101 0.4909380078315735 0.025769999250769615
v 0.059262000024318695 0.49226999282836914 0.02571900002658367
v 0.05737299844622612 0.492127001285553 0.026652000844478607
v 0.0530879981815815 0.48207300901412964 0.034797001630067825
v 0.049469999969005585 0.47887301445007324 0.03543800115585327
v 0.03926600143313408 0.47437599301338196 0.035739999264478683
v 0.06396900117397308 0.49509501457214355 0.02226400002837181
v 0.06378799676895142 0.494937002658844 0.025157999247312546
v 0.06359899789094925 0.49647998809814453 0.024399999529123306
v 0.036490000784397125 0.474494993686676 0.03469499945640564
v 0.06683000177145004 0.49746400117874146 0.01953200064599514
v 0.06818199902772903 0.49734601378440857 0.02012299932539463
v 0.06754700094461441 0.4969030022621155 0.02164600044488907
v 0.06620500236749649 0.49774500727653503 0.01968500018119812
v 0.06539600342512131 0.49713000655174255 0.02208700031042099
v 0.06388700008392334 0.4970790147781372 0.022166000679135323
v 0.0361500009894371 0.47447898983955383 0.03362499922513962
v 0.03712200000882149 0.47660699486732483 0.030758000910282135
v 0.040362998843193054 0.48099300265312195 0.02733599953353405
v 0.06673700362443924 0.496288001537323 0.018017999827861786
v 0.06653299927711487 0.49661898612976074 0.016865000128746033
v 0.06572999805212021 0.4969800114631653 -0.01787400059401989
v 0.06527599692344666 0.49718400835990906 -0.016253000125288963
v 0.04451100155711174 0.479636013507843 -0.020100999623537064
v 0.04781800135970116 0.47871801257133484 0.01981000043451786
v 0.04389499872922897 0.48268499970436096 -0.020992999896407127
v 0.04451100155711174 0.479636013507843 0.021000999957323074
v 0.04389499872922897 0.48268499970436096 0.021893000230193138
v 0.040894001722335815 0.4851599931716919 -0.022182999178767204
v 0.040894001722335815 0.4851599931716919 0.023082999512553215
v 0.04670900106430054 0.47648701071739197 -0.03526800125837326
v 0.04111500084400177 0.4759080111980438 -0.03541500121355057
v 0.03534900024533272 0.4768959879875183 -0.03689200058579445
v 0.03286999836564064 0.4771539866924286 -0.03647499904036522
v 0.03226799890398979 0.4770680069923401 -0.03459300100803375
v 0.03387200087308884 0.47909799218177795 -0.031596001237630844
v 0.04912300035357475 0.4935230016708374 -0.03380399942398071
v 0.050338998436927795 0.4934599995613098 -0.029687000438570976
v 0.04937700182199478 0.48890799283981323 -0.03556700050830841
v 0.051708001643419266 0.4933220148086548 -0.028044000267982483
v 0.05280499905347824 0.49277999997138977 -0.02727999910712242
v 0.05351899936795235 0.4926910102367401 -0.027134999632835388
v 0.05030199885368347 0.48466700315475464 -0.035819001495838165
v 0.04733699932694435 0.48768600821495056 -0.03678999841213226
v 0.05544799938797951 0.49334099888801575 -0.02550799958407879
v 0.05464699864387512 0.49373701214790344 -0.025411000475287437
v 0.04628999903798103 0.48081499338150024 -0.03625300154089928
v 0.06094200164079666 0.4949969947338104 -0.02575499936938286
v 0.06242100149393082 0.4943329989910126 -0.025265000760555267
v 0.05826599895954132 0.49522000551223755 -0.026372000575065613
v 0.05627400055527687 0.4961149990558624 -0.025901999324560165
v 0.04352400079369545 0.47920599579811096 -0.0365229994058609
v 0.06247900053858757 0.49747198820114136 -0.024230999872088432
v 0.06292399764060974 0.49702200293540955 -0.022957999259233475
v 0.0620260015130043 0.49742600321769714 -0.02373800054192543
v 0.06449999660253525 0.4975320100784302 -0.019960999488830566
v 0.06413400173187256 0.49647900462150574 -0.01908300071954727
v 0.06292500346899033 0.49678200483322144 -0.020065000280737877
v 0.03760699927806854 0.4839479923248291 -0.027688000351190567
v 0.03832300007343292 0.4880320131778717 -0.023507000878453255
v 0.056113000959157944 0.48885801434516907 0.019523000344634056
v 0.056102000176906586 0.4900749921798706 0.020130999386310577
v 0.05760899931192398 0.4898679852485657 0.01917400024831295
v 0.05875600129365921 0.4917069971561432 0.019881999120116234
v 0.06084499880671501 0.49121299386024475 0.01921599917113781
v 0.06330300122499466 0.49685201048851013 0.0201019998639822
v 0.06271500140428543 0.4954180121421814 0.01765199936926365
v 0.06458699703216553 0.49432799220085144 0.01632400043308735
v 0.06684800237417221 0.49599799513816833 0.016026999801397324
v 0.05283699929714203 0.4894599914550781 -0.0194690003991127
v 0.054600998759269714 0.49081599712371826 -0.019937999546527863
v 0.05681300163269043 0.4924030005931854 -0.019206000491976738
v 0.055688001215457916 0.4924210011959076 -0.020430000498890877
v 0.05996000021696091 0.49397000670433044 -0.01787799969315529
v 0.05819400027394295 0.49452298879623413 -0.01834299974143505
v 0.06388500332832336 0.4970790147781372 -0.01723499968647957
v 0.06178399920463562 0.49827200174331665 -0.01876400038599968
v 0.0606670007109642 0.4982849955558777 -0.019989000633358955
v 0.04670900106430054 0.47648701071739197 0.03616800159215927
v 0.04111500084400177 0.4759080111980438 0.03631500154733658
v 0.03534900024533272 0.4768959879875183 0.03779200091958046
v 0.050338998436927795 0.4934599995613098 0.030587000772356987
v 0.04912300035357475 0.4935230016708374 0.034703999757766724
v 0.05280499905347824 0.49277999997138977 0.028179999440908432
v 0.051708001643419266 0.4933220148086548 0.028944000601768494
v 0.05351899936795235 0.4926910102367401 0.0280349999666214
v 0.04937700182199478 0.48890799283981323 0.03646700084209442
v 0.05544799938797951 0.49334099888801575 0.0264079999178648
v 0.05464699864387512 0.49373701214790344 0.026311000809073448
v 0.05030199885368347 0.48466700315475464 0.036719001829624176
v 0.04733699932694435 0.48768600821495056 0.037689998745918274
v 0.06242100149393082 0.4943329989910126 0.02616499923169613
v 0.06094200164079666 0.4949969947338104 0.02665499970316887
v 0.05826599895954132 0.49522000551223755 0.027272000908851624
v 0.05627400055527687 0.4961149990558624 0.026801999658346176
v 0.04628999903798103 0.48081499338150024 0.03715299814939499
v 0.04352400079369545 0.47920599579811096 0.03742299973964691
v 0.03286999836564064 0.4771539866924286 0.03737499937415123
v 0.06247900053858757 0.49747198820114136 0.025131000205874443
v 0.06292399764060974 0.49702200293540955 0.023857999593019485
v 0.0620260015130043 0.49742600321769714 0.02463800087571144
v 0.03226799890398979 0.4770680069923401 0.03549300134181976
v 0.06572999805212021 0.4969800114631653 0.0187740009278059
v 0.06449999660253525 0.4975320100784302 0.020860999822616577
v 0.06413400173187256 0.49647900462150574 0.019982999190688133
v 0.06292500346899033 0.49678200483322144 0.020965000614523888
v 0.03387200087308884 0.47909799218177795 0.032496001571416855
v 0.03760699927806854 0.4839479923248291 0.028588000684976578
v 0.03832300007343292 0.4880320131778717 0.024406999349594116
v 0.06527599692344666 0.49718400835990906 0.017153000459074974
v 0.049531999975442886 0.4901149868965149 -0.020152000710368156
v 0.05283699929714203 0.4894599914550781 0.020369000732898712
v 0.04624199867248535 0.49084800481796265 -0.020918000489473343
v 0.049531999975442886 0.4901149868965149 0.021051999181509018
v 0.04624199867248535 0.49084800481796265 0.021818000823259354
v 0.043067000806331635 0.491784006357193 -0.021933000534772873
v 0.043067000806331635 0.491784006357193 0.022833000868558884
v 0.037432000041007996 0.47845199704170227 -0.03711400181055069
v 0.031481001526117325 0.4789629876613617 -0.03938300162553787
v 0.028821999207139015 0.47928300499916077 -0.03863599896430969
v 0.028485000133514404 0.4791710078716278 -0.037036001682281494
v 0.030592000111937523 0.48150700330734253 -0.03339799866080284
v 0.03352800011634827 0.48736000061035156 -0.028690999373793602
v 0.04573800042271614 0.4981369972229004 -0.034839000552892685
v 0.0452909991145134 0.49783098697662354 -0.03145299851894379
v 0.04706300050020218 0.49223798513412476 -0.03627999871969223
v 0.04653700068593025 0.4966770112514496 -0.029391000047326088
v 0.048030998557806015 0.495400995016098 -0.02892499975860119
v 0.04973899945616722 0.4945580065250397 -0.028234999626874924
v 0.043786000460386276 0.4898110032081604 -0.037647999823093414
v 0.05154800042510033 0.49446600675582886 -0.027083000168204308
v 0.05266699939966202 0.4939129948616028 -0.026101000607013702
v 0.0495540015399456 0.4943850040435791 -0.027104999870061874
v 0.05335000157356262 0.49465200304985046 -0.025022000074386597
v 0.04499400034546852 0.48304399847984314 -0.036942001432180405
v 0.041613999754190445 0.48527199029922485 -0.03827900066971779
v 0.05560699850320816 0.4966540038585663 -0.02536099962890148
v 0.054127998650074005 0.4968380033969879 -0.0240860003978014
v 0.04176599904894829 0.4810590147972107 -0.03774299845099449
v 0.06075200065970421 0.49702900648117065 -0.024745000526309013
v 0.05913500115275383 0.4975059926509857 -0.0256779994815588
v 0.05697900056838989 0.4975050091743469 -0.025241000577807426
v 0.03386000171303749 0.48079100251197815 -0.039267998188734055
v 0.06023700162768364 0.4979889988899231 -0.02442999929189682
v 0.060763999819755554 0.49677398800849915 -0.021633999422192574
v 0.058814000338315964 0.49691998958587646 -0.022098999470472336
v 0.0573589988052845 0.49708500504493713 -0.022614000365138054
v 0.036242999136447906 0.4911800026893616 -0.025196999311447144
v 0.040178000926971436 0.4931899905204773 -0.023221999406814575
v 0.054600998759269714 0.49081599712371826 0.020837999880313873
v 0.055688001215457916 0.4924210011959076 0.021330000832676888
v 0.05681300163269043 0.4924030005931854 0.02010600082576275
v 0.05819400027394295 0.49452298879623413 0.01924300007522106
v 0.05996000021696091 0.49397000670433044 0.0187780000269413
v 0.06178399920463562 0.49827200174331665 0.01966400071978569
v 0.0606670007109642 0.4982849955558777 0.020888999104499817
v 0.06388500332832336 0.4970790147781372 0.01813500002026558
v 0.05302000045776367 0.4923979938030243 -0.020161999389529228
v 0.050953999161720276 0.49288100004196167 -0.020602000877261162
v 0.05462000146508217 0.4934859871864319 -0.020726999267935753
v 0.056655000895261765 0.4957030117511749 -0.019252000376582146
v 0.05462599918246269 0.4975830018520355 -0.02074900083243847
v 0.05862300097942352 0.49798399209976196 -0.019576000049710274
v 0.05666999891400337 0.4986119866371155 -0.019790999591350555
v 0.037432000041007996 0.47845199704170227 0.0380139984190464
v 0.031481001526117325 0.4789629876613617 0.040282998234033585
v 0.028821999207139015 0.47928300499916077 0.0395359992980957
v 0.0452909991145134 0.49783098697662354 0.0323529988527298
v 0.04573800042271614 0.4981369972229004 0.035739000886678696
v 0.048030998557806015 0.495400995016098 0.0298250000923872
v 0.04653700068593025 0.4966770112514496 0.0302910003811121
v 0.04973899945616722 0.4945580065250397 0.029134999960660934
v 0.04706300050020218 0.49223798513412476 0.03717999905347824
v 0.05335000157356262 0.49465200304985046 0.025922000408172607
v 0.05266699939966202 0.4939129948616028 0.027000999078154564
v 0.05154800042510033 0.49446600675582886 0.02798300050199032
v 0.0495540015399456 0.4943850040435791 0.028005000203847885
v 0.043786000460386276 0.4898110032081604 0.038548000156879425
v 0.05560699850320816 0.4966540038585663 0.026260999962687492
v 0.054127998650074005 0.4968380033969879 0.02498600073158741
v 0.04499400034546852 0.48304399847984314 0.037842001765966415
v 0.041613999754190445 0.48527199029922485 0.0391790010035038
v 0.06075200065970421 0.49702900648117065 0.025645000860095024
v 0.05913500115275383 0.4975059926509857 0.02657799981534481
v 0.05697900056838989 0.4975050091743469 0.026141000911593437
v 0.04176599904894829 0.4810590147972107 0.0386429987847805
v 0.03386000171303749 0.48079100251197815 0.040167998522520065
v 0.028485000133514404 0.4791710078716278 0.037935998290777206
v 0.06023700162768364 0.4979889988899231 0.02532999962568283
v 0.060763999819755554 0.49677398800849915 0.022533999755978584
v 0.058814000338315964 0.49691998958587646 0.022998999804258347
v 0.0573589988052845 0.49708500504493713 0.023514000698924065
v 0.030592000111937523 0.48150700330734253 0.03429799899458885
v 0.03352800011634827 0.48736000061035156 0.029590999707579613
v 0.036242999136447906 0.4911800026893616 0.026096999645233154
v 0.040178000926971436 0.4931899905204773 0.024121999740600586
v 0.04826299846172333 0.4934079945087433 -0.020308999344706535
v 0.050953999161720276 0.49288100004196167 0.021501999348402023
v 0.05302000045776367 0.4923979938030243 0.02106199972331524
v 0.04577400162816048 0.4935719966888428 -0.02116899937391281
v 0.04300300031900406 0.49546799063682556 -0.022158000618219376
v 0.04826299846172333 0.4934079945087433 0.021208999678492546
v 0.04300300031900406 0.49546799063682556 0.023057999089360237
v 0.04577400162816048 0.4935719966888428 0.022068999707698822
v 0.027643000707030296 0.48103898763656616 -0.04163200035691261
v 0.02469100058078766 0.4808019995689392 -0.04089700058102608
v 0.02456199936568737 0.4810889959335327 -0.039416998624801636
v 0.027293000370264053 0.48388999700546265 -0.03521899878978729
v 0.03131699934601784 0.4908500015735626 -0.030014000833034515
v 0.032368000596761703 0.4933739900588989 -0.027689000591635704
v 0.04331500083208084 0.5025510191917419 -0.03531000018119812
v 0.04109099879860878 0.5023099780082703 -0.03263099864125252
v 0.04511899873614311 0.4959009885787964 -0.03656600043177605
v 0.04370399937033653 0.4998230040073395 -0.03664400056004524
v 0.04028100147843361 0.5016440153121948 -0.031019000336527824
v 0.04269000142812729 0.4993790090084076 -0.029789000749588013
v 0.045235998928546906 0.4975830018520355 -0.029001999646425247
v 0.04005799815058708 0.4915190041065216 -0.03888100013136864
v 0.04548199847340584 0.4966590106487274 -0.02593199908733368
v 0.04476799815893173 0.4972760081291199 -0.02785000018775463
v 0.04742300137877464 0.4951629936695099 -0.027086999267339706
v 0.03823300078511238 0.48739901185035706 -0.03970099985599518
v 0.052244000136852264 0.4967060089111328 -0.027034999802708626
v 0.05363500118255615 0.4968099892139435 -0.02605300024151802
v 0.05042799934744835 0.4975219964981079 -0.026815000921487808
v 0.04822999984025955 0.4980190098285675 -0.026569999754428864
v 0.03798399865627289 0.48282599449157715 -0.039301998913288116
v 0.03269699960947037 0.48492398858070374 -0.04088199883699417
v 0.05548100173473358 0.4979279935359955 -0.02507000043988228
v 0.056988999247550964 0.4984689950942993 -0.024748999625444412
v 0.05458499863743782 0.4983299970626831 -0.023843999952077866
v 0.05315399914979935 0.4997110068798065 -0.024535000324249268
v 0.030161000788211823 0.4828200042247772 -0.04139000177383423
v 0.05829399824142456 0.49862200021743774 -0.024653999134898186
v 0.02352900058031082 0.4832429885864258 -0.04336800053715706
v 0.05707800015807152 0.4986779987812042 -0.020726000890135765
v 0.054760999977588654 0.4977720081806183 -0.02232000045478344
v 0.0373850017786026 0.4947730004787445 -0.02463500015437603
v 0.04055799916386604 0.4961479902267456 -0.022331999614834785
v 0.039016999304294586 0.49663400650024414 -0.022595999762415886
v 0.05462000146508217 0.4934859871864319 0.021626999601721764
v 0.05462599918246269 0.4975830018520355 0.02164899930357933
v 0.056655000895261765 0.4957030117511749 0.020152000710368156
v 0.05666999891400337 0.4986119866371155 0.020690999925136566
v 0.05862300097942352 0.49798399209976196 0.020476000383496284
v 0.05125400051474571 0.4946100115776062 -0.019891999661922455
v 0.04850199818611145 0.4957050085067749 -0.020018000155687332
v 0.05198799818754196 0.49666300415992737 -0.01876400038599968
v 0.053206998854875565 0.49821901321411133 -0.018570000305771828
v 0.05305900052189827 0.4990150034427643 -0.020754000172019005
v 0.027643000707030296 0.48103898763656616 0.042532000690698624
v 0.02469100058078766 0.4808019995689392 0.04179700091481209
v 0.02456199936568737 0.4810889959335327 0.040316998958587646
v 0.04109099879860878 0.5023099780082703 0.03353099897503853
v 0.04331500083208084 0.5025510191917419 0.03621000051498413
v 0.04269000142812729 0.4993790090084076 0.030688999220728874
v 0.04028100147843361 0.5016440153121948 0.031918998807668686
v 0.045235998928546906 0.4975830018520355 0.029901999980211258
v 0.04511899873614311 0.4959009885787964 0.03746600076556206
v 0.04370399937033653 0.4998230040073395 0.03754400089383125
v 0.04742300137877464 0.4951629936695099 0.027986999601125717
v 0.04548199847340584 0.4966590106487274 0.02683199942111969
v 0.04476799815893173 0.4972760081291199 0.028750000521540642
v 0.04005799815058708 0.4915190041065216 0.03978100046515465
v 0.05363500118255615 0.4968099892139435 0.02695300057530403
v 0.052244000136852264 0.4967060089111328 0.027935000136494637
v 0.05042799934744835 0.4975219964981079 0.02771499939262867
v 0.04822999984025955 0.4980190098285675 0.027470000088214874
v 0.03823300078511238 0.48739901185035706 0.04060100018978119
v 0.056988999247550964 0.4984689950942993 0.025648999959230423
v 0.05548100173473358 0.4979279935359955 0.02597000077366829
v 0.05458499863743782 0.4983299970626831 0.024744000285863876
v 0.05315399914979935 0.4997110068798065 0.02543500065803528
v 0.03798399865627289 0.48282599449157715 0.04020199924707413
v 0.03269699960947037 0.48492398858070374 0.04178199917078018
v 0.05829399824142456 0.49862200021743774 0.025553999468684196
v 0.030161000788211823 0.4828200042247772 0.04228999838232994
v 0.02352900058031082 0.4832429885864258 0.04426800087094307
v 0.027293000370264053 0.48388999700546265 0.0361189991235733
v 0.05707800015807152 0.4986779987812042 0.021625999361276627
v 0.054760999977588654 0.4977720081806183 0.02322000078856945
v 0.03131699934601784 0.4908500015735626 0.030913999304175377
v 0.032368000596761703 0.4933739900588989 0.028589000925421715
v 0.0373850017786026 0.4947730004787445 0.02553500048816204
v 0.039016999304294586 0.49663400650024414 0.023496000096201897
v 0.04055799916386604 0.4961479902267456 0.023231999948620796
v 0.04628099873661995 0.4954630136489868 -0.02137099951505661
v 0.04850199818611145 0.4957050085067749 0.020918000489473343
v 0.05125400051474571 0.4946100115776062 0.020791999995708466
v 0.041127000004053116 0.4969319999217987 -0.022357000038027763
v 0.04453599825501442 0.4971260130405426 -0.02313300035893917
v 0.04628099873661995 0.4954630136489868 0.02227099984884262
v 0.041127000004053116 0.4969319999217987 0.023257000371813774
v 0.04453599825501442 0.4971260130405426 0.02403300069272518
v 0.02041500061750412 0.4830949902534485 -0.04233900085091591
v 0.02044299989938736 0.48356398940086365 -0.04079199954867363
v 0.024183999747037888 0.4869009852409363 -0.036407001316547394
v 0.028720000758767128 0.4920629858970642 -0.03274400159716606
v 0.029833000153303146 0.4950999915599823 -0.03029399923980236
v 0.03302900120615959 0.49609801173210144 -0.026409000158309937
v 0.04108100011944771 0.5079470276832581 -0.03553000092506409
v 0.03773700073361397 0.5082589983940125 -0.03384200111031532
v 0.04284200072288513 0.5039430260658264 -0.03672900050878525
v 0.042034998536109924 0.5080829858779907 -0.03703099861741066
v 0.03840700164437294 0.5041729807853699 -0.03072500042617321
v 0.03752199932932854 0.5067510008811951 -0.03253600001335144
v 0.03745400160551071 0.4947200119495392 -0.04003399983048439
v 0.033737000077962875 0.4985490143299103 -0.041106998920440674
v 0.03910699859261513 0.5008839964866638 -0.030034000054001808
v 0.03758599981665611 0.501899003982544 -0.02983899973332882
v 0.042309001088142395 0.4990290105342865 -0.029765000566840172
v 0.03344300016760826 0.49013999104499817 -0.04093199968338013
v 0.045993998646736145 0.4987829923629761 -0.025640999898314476
v 0.04539100080728531 0.5000230073928833 -0.027089999988675117
v 0.04259499907493591 0.5012779831886292 -0.028537999838590622
v 0.029309000819921494 0.48752400279045105 -0.04202000051736832
v 0.05207400023937225 0.4992179870605469 -0.02556600049138069
v 0.050884000957012177 0.4992629885673523 -0.025443999096751213
v 0.04880400002002716 0.5009250044822693 -0.024481000378727913
v 0.04617900028824806 0.49991801381111145 -0.024261999875307083
v 0.026072999462485313 0.48426300287246704 -0.04335400089621544
v 0.022439999505877495 0.4866740107536316 -0.044592998921871185
v 0.0527070015668869 0.49991199374198914 -0.02291399985551834
v 0.051656000316143036 0.49989399313926697 -0.02347699925303459
v 0.01915699988603592 0.48537999391555786 -0.04451199993491173
v 0.016731999814510345 0.4866029918193817 -0.043331000953912735
v 0.05198200047016144 0.49853000044822693 -0.021786000579595566
v 0.03736000135540962 0.4971889853477478 -0.023972999304533005
v 0.03932600095868111 0.4999629855155945 -0.02115200087428093
v 0.04181699827313423 0.49980801343917847 -0.020292000845074654
v 0.05198799818754196 0.49666300415992737 0.01966400071978569
v 0.053206998854875565 0.49821901321411133 0.01947000063955784
v 0.05305900052189827 0.4990150034427643 0.021654000505805016
v 0.04893599823117256 0.496971994638443 -0.01886500045657158
v 0.0503229983150959 0.4985460042953491 -0.019381999969482422
v 0.05011799931526184 0.49838900566101074 -0.020486000925302505
v 0.02041500061750412 0.4830949902534485 0.04323900118470192
v 0.02044299989938736 0.48356398940086365 0.04169199988245964
v 0.024183999747037888 0.4869009852409363 0.037307001650333405
v 0.03773700073361397 0.5082589983940125 0.034742001444101334
v 0.04108100011944771 0.5079470276832581 0.0364300012588501
v 0.03752199932932854 0.5067510008811951 0.03343600034713745
v 0.03840700164437294 0.5041729807853699 0.03162499889731407
v 0.042034998536109924 0.5080829858779907 0.03793099895119667
v 0.04284200072288513 0.5039430260658264 0.03762900084257126
v 0.042309001088142395 0.4990290105342865 0.030665000900626183
v 0.03910699859261513 0.5008839964866638 0.03093400038778782
v 0.03758599981665611 0.501899003982544 0.03073900006711483
v 0.03745400160551071 0.4947200119495392 0.0409340001642704
v 0.033737000077962875 0.4985490143299103 0.042006999254226685
v 0.045993998646736145 0.4987829923629761 0.026541000232100487
v 0.04539100080728531 0.5000230073928833 0.027990000322461128
v 0.04259499907493591 0.5012779831886292 0.029438000172376633
v 0.03344300016760826 0.49013999104499817 0.04183200001716614
v 0.05207400023937225 0.4992179870605469 0.026466000825166702
v 0.050884000957012177 0.4992629885673523 0.026343999430537224
v 0.04880400002002716 0.5009250044822693 0.025381000712513924
v 0.04617900028824806 0.49991801381111145 0.025162000209093094
v 0.029309000819921494 0.48752400279045105 0.04292000085115433
v 0.0527070015668869 0.49991199374198914 0.023814000189304352
v 0.051656000316143036 0.49989399313926697 0.024376999586820602
v 0.026072999462485313 0.48426300287246704 0.04425400123000145
v 0.022439999505877495 0.4866740107536316 0.045492999255657196
v 0.01915699988603592 0.48537999391555786 0.04541200026869774
v 0.016731999814510345 0.4866029918193817 0.044231001287698746
v 0.028720000758767128 0.4920629858970642 0.033643998205661774
v 0.05198200047016144 0.49853000044822693 0.022686000913381577
v 0.029833000153303146 0.4950999915599823 0.03119399957358837
v 0.03302900120615959 0.49609801173210144 0.027309000492095947
v 0.03736000135540962 0.4971889853477478 0.024872999638319016
v 0.03932600095868111 0.4999629855155945 0.02205199934542179
v 0.04181699827313423 0.49980801343917847 0.021191999316215515
v 0.046845000237226486 0.4988889992237091 -0.019014999270439148
v 0.04893599823117256 0.496971994638443 0.01976500079035759
v 0.04493200033903122 0.49876999855041504 -0.02218100056052208
v 0.046845000237226486 0.4988889992237091 0.01991499960422516
v 0.04493200033903122 0.49876999855041504 0.02308100089430809
v 0.016973000019788742 0.4872629940509796 -0.041533999145030975
v 0.02132900059223175 0.4905639886856079 -0.036786999553442
v 0.02618899941444397 0.4943290054798126 -0.03477000072598457
v 0.02780199982225895 0.49763500690460205 -0.0324690006673336
v 0.03138599917292595 0.49778300523757935 -0.028960999101400375
v 0.03452200070023537 0.5036749839782715 -0.028787000104784966
v 0.04056299850344658 0.5159670114517212 -0.03648500144481659
v 0.03874099999666214 0.5149890184402466 -0.03612099960446358
v 0.041405998170375824 0.5122169852256775 -0.03745900094509125
v 0.0367560014128685 0.5092710256576538 -0.03325299918651581
v 0.036678001284599304 0.5117250084877014 -0.034033000469207764
v 0.03284500166773796 0.502934992313385 -0.041958000510931015
v 0.035666000097990036 0.5072590112686157 -0.041544001549482346
v 0.03415900096297264 0.500590980052948 -0.02726699970662594
v 0.03406599909067154 0.5068539977073669 -0.03106600046157837
v 0.033615000545978546 0.5097569823265076 -0.03246700018644333
v 0.030967000871896744 0.4935019910335541 -0.04202700033783913
v 0.02982099913060665 0.49768200516700745 -0.043216999620199203
v 0.04022400081157684 0.5025910139083862 -0.02868800051510334
v 0.038224998861551285 0.503000020980835 -0.028467999771237373
v 0.02674500085413456 0.4910939931869507 -0.042840998619794846
v 0.04537700116634369 0.5012459754943848 -0.025686999782919884
v 0.04307100176811218 0.5025309920310974 -0.02718299999833107
v 0.040789999067783356 0.5035549998283386 -0.027583999559283257
v 0.020045999437570572 0.49132999777793884 -0.044645000249147415
v 0.05078100040555 0.5002869963645935 -0.02404000051319599
v 0.048870999366045 0.5008950233459473 -0.023819999769330025
v 0.04586299881339073 0.5000590085983276 -0.023334000259637833
v 0.044684998691082 0.5025349855422974 -0.02399200014770031
v 0.04414299875497818 0.501800000667572 -0.023750999942421913
v 0.016075000166893005 0.48974698781967163 -0.04436900094151497
v 0.014543999917805195 0.4950389862060547 -0.044054001569747925
v 0.0501599982380867 0.4983699917793274 -0.022058000788092613
v 0.014504999853670597 0.4916110038757324 -0.04345700144767761
v 0.01448499970138073 0.49203500151634216 -0.04202499985694885
v 0.03757299855351448 0.499224990606308 -0.023020999506115913
v 0.03804200142621994 0.5018630027770996 -0.021794000640511513
v 0.04023599997162819 0.501118004322052 -0.02115200087428093
v 0.042817000299692154 0.5011770129203796 -0.020292000845074654
v 0.0503229983150959 0.4985460042953491 0.020282000303268433
v 0.05011799931526184 0.49838900566101074 0.021385999396443367
v 0.04817600175738335 0.5004780292510986 -0.01996699906885624
v 0.04868999868631363 0.5002480149269104 -0.020927000790834427
v 0.048482999205589294 0.4996120035648346 -0.022272000089287758
v 0.016973000019788742 0.4872629940509796 0.042433999478816986
v 0.02132900059223175 0.4905639886856079 0.03768699988722801
v 0.02618899941444397 0.4943290054798126 0.035670001059770584
v 0.03874099999666214 0.5149890184402466 0.03702099993824959
v 0.04056299850344658 0.5159670114517212 0.0373850017786026
v 0.0367560014128685 0.5092710256576538 0.03415299952030182
v 0.036678001284599304 0.5117250084877014 0.034933000802993774
v 0.041405998170375824 0.5122169852256775 0.03835900127887726
v 0.03452200070023537 0.5036749839782715 0.029687000438570976
v 0.03406599909067154 0.5068539977073669 0.03196600079536438
v 0.033615000545978546 0.5097569823265076 0.03336700052022934
v 0.03415900096297264 0.500590980052948 0.02816700004041195
v 0.03284500166773796 0.502934992313385 0.042858000844717026
v 0.035666000097990036 0.5072590112686157 0.04244399815797806
v 0.04022400081157684 0.5025910139083862 0.02958800084888935
v 0.038224998861551285 0.503000020980835 0.029368000105023384
v 0.030967000871896744 0.4935019910335541 0.04292700067162514
v 0.02982099913060665 0.49768200516700745 0.044116999953985214
v 0.04537700116634369 0.5012459754943848 0.026587000116705894
v 0.04307100176811218 0.5025309920310974 0.02808300033211708
v 0.040789999067783356 0.5035549998283386 0.028483999893069267
v 0.02674500085413456 0.4910939931869507 0.043740998953580856
v 0.05078100040555 0.5002869963645935 0.024940000846982002
v 0.048870999366045 0.5008950233459473 0.024720000103116035
v 0.04586299881339073 0.5000590085983276 0.024234000593423843
v 0.044684998691082 0.5025349855422974 0.02489200048148632
v 0.04414299875497818 0.501800000667572 0.024651000276207924
v 0.020045999437570572 0.49132999777793884 0.045545000582933426
v 0.0501599982380867 0.4983699917793274 0.022957999259233475
v 0.016075000166893005 0.48974698781967163 0.04526900127530098
v 0.014543999917805195 0.4950389862060547 0.04495399817824364
v 0.014504999853670597 0.4916110038757324 0.04435700178146362
v 0.01448499970138073 0.49203500151634216 0.04292500019073486
v 0.02780199982225895 0.49763500690460205 0.033369001001119614
v 0.03138599917292595 0.49778300523757935 0.029860999435186386
v 0.03757299855351448 0.499224990606308 0.023920999839901924
v 0.03804200142621994 0.5018630027770996 0.022693999111652374
v 0.04023599997162819 0.501118004322052 0.02205199934542179
v 0.042817000299692154 0.5011770129203796 0.021191999316215515
v 0.04243899881839752 0.5018360018730164 -0.021789999678730965
v 0.042858000844717026 0.5004299879074097 -0.02323400042951107
v 0.04817600175738335 0.5004780292510986 0.02086699940264225
v 0.04243899881839752 0.5018360018730164 0.022690000012516975
v 0.042858000844717026 0.5004299879074097 0.02413400076329708
v 0.04868999868631363 0.5002480149269104 0.02182699926197529
v 0.048482999205589294 0.4996120035648346 0.02317200042307377
v 0.01975400000810623 0.4949660003185272 -0.03735300153493881
v 0.024663999676704407 0.49838000535964966 -0.03528600186109543
v 0.026587000116705894 0.5014050006866455 -0.033879999071359634
v 0.030508000403642654 0.5008479952812195 -0.030747000128030777
v 0.031286001205444336 0.5042709708213806 -0.03200099989771843
v 0.04226699844002724 0.5234370231628418 -0.03746600076556206
v 0.039468999952077866 0.5218650102615356 -0.037029001861810684
v 0.041524000465869904 0.5164290070533752 -0.03769500181078911
v 0.042024001479148865 0.5206490159034729 -0.03785799816250801
v 0.037119001150131226 0.5190070271492004 -0.03669000044465065
v 0.036343999207019806 0.5161730051040649 -0.035610999912023544
v 0.03618200123310089 0.514385998249054 -0.03499000146985054
v 0.03705200180411339 0.5115470290184021 -0.04117099940776825
v 0.03353799879550934 0.5116720199584961 -0.03349800035357475
v 0.033323001116514206 0.5139200091362 -0.034720998257398605
v 0.028488999232649803 0.5018569827079773 -0.044103000313043594
v 0.029897000640630722 0.5064049959182739 -0.04468800127506256
v 0.036090999841690063 0.5022510290145874 -0.02515299990773201
v 0.030608000233769417 0.5075410008430481 -0.033521998673677444
v 0.03016900084912777 0.5107889771461487 -0.03524100035429001
v 0.02591099962592125 0.49570998549461365 -0.04413500055670738
v 0.025040000677108765 0.5003510117530823 -0.044870998710393906
v 0.03807999938726425 0.5042830109596252 -0.026379000395536423
v 0.018424000591039658 0.49657198786735535 -0.04450000077486038
v 0.04204300045967102 0.5029919743537903 -0.02527100034058094
v 0.040702998638153076 0.504082977771759 -0.026203999295830727
v 0.014595000073313713 0.500656008720398 -0.044210001826286316
v 0.040724001824855804 0.5006589889526367 -0.0234570000320673
v 0.013313000090420246 0.49709200859069824 -0.04361699894070625
v 0.012938999570906162 0.5027419924736023 -0.04352099820971489
v 0.012803999707102776 0.49720099568367004 -0.041933998465538025
v 0.018914999440312386 0.4997810125350952 -0.03756599873304367
v 0.038040999323129654 0.5025929808616638 -0.022430000826716423
v 0.039694998413324356 0.5013610124588013 -0.024438999593257904
v 0.01975400000810623 0.4949660003185272 0.038252998143434525
v 0.024663999676704407 0.49838000535964966 0.03618599846959114
v 0.026587000116705894 0.5014050006866455 0.034779999405145645
v 0.039468999952077866 0.5218650102615356 0.037928998470306396
v 0.04226699844002724 0.5234370231628418 0.03836600109934807
v 0.036343999207019806 0.5161730051040649 0.036511000245809555
v 0.037119001150131226 0.5190070271492004 0.03759000077843666
v 0.03618200123310089 0.514385998249054 0.03589000180363655
v 0.042024001479148865 0.5206490159034729 0.03875799849629402
v 0.041524000465869904 0.5164290070533752 0.03859499841928482
v 0.03353799879550934 0.5116720199584961 0.034398000687360764
v 0.033323001116514206 0.5139200091362 0.035620998591184616
v 0.03705200180411339 0.5115470290184021 0.04207099974155426
v 0.030508000403642654 0.5008479952812195 0.03164700046181679
v 0.031286001205444336 0.5042709708213806 0.03290100023150444
v 0.030608000233769417 0.5075410008430481 0.034421999007463455
v 0.03016900084912777 0.5107889771461487 0.03614100068807602
v 0.036090999841690063 0.5022510290145874 0.02605300024151802
v 0.028488999232649803 0.5018569827079773 0.045003000646829605
v 0.029897000640630722 0.5064049959182739 0.04558800160884857
v 0.03807999938726425 0.5042830109596252 0.027279000729322433
v 0.02591099962592125 0.49570998549461365 0.04503500089049339
v 0.025040000677108765 0.5003510117530823 0.045770999044179916
v 0.04204300045967102 0.5029919743537903 0.02617100067436695
v 0.040702998638153076 0.504082977771759 0.027103999629616737
v 0.018424000591039658 0.49657198786735535 0.04540000110864639
v 0.040724001824855804 0.5006589889526367 0.02435700036585331
v 0.014595000073313713 0.500656008720398 0.04510999843478203
v 0.013313000090420246 0.49709200859069824 0.044516999274492264
v 0.012938999570906162 0.5027419924736023 0.0444209985435009
v 0.012803999707102776 0.49720099568367004 0.042833998799324036
v 0.018914999440312386 0.4997810125350952 0.03846599906682968
v 0.038040999323129654 0.5025929808616638 0.023329999297857285
v 0.039694998413324356 0.5013610124588013 0.025338999927043915
v 0.023656999692320824 0.5026609897613525 -0.0358630008995533
v 0.02616100013256073 0.5051640272140503 -0.03455499932169914
v 0.025527000427246094 0.5093479752540588 -0.03525400161743164
v 0.04398199915885925 0.5300899744033813 -0.03759299963712692
v 0.041074998676776886 0.52777099609375 -0.037615999579429626
v 0.04267299920320511 0.5248110294342041 -0.03806599974632263
v 0.04358600080013275 0.5289000272750854 -0.038339000195264816
v 0.03952300176024437 0.5263950228691101 -0.037744998931884766
v 0.03783800080418587 0.5221329927444458 -0.03730199858546257
v 0.03837599977850914 0.515861988067627 -0.04057199880480766
v 0.03894000127911568 0.5201489925384521 -0.040867000818252563
v 0.03334200009703636 0.5176550149917603 -0.037032999098300934
v 0.033153001219034195 0.5156069993972778 -0.03575199842453003
v 0.033580001443624496 0.5191519856452942 -0.038113001734018326
v 0.029753999784588814 0.5109230279922485 -0.04478999972343445
v 0.02983500063419342 0.5141280293464661 -0.03683000057935715
v 0.02565300092101097 0.5050100088119507 -0.04571299999952316
v 0.02473600022494793 0.5097039937973022 -0.04622900113463402
v 0.036591000854969025 0.5032439827919006 -0.024709999561309814
v 0.025459999218583107 0.5132139921188354 -0.036931999027729034
v 0.025143999606370926 0.517041027545929 -0.03890400007367134
v 0.018821999430656433 0.5015490055084229 -0.04498299956321716
v 0.02160700038075447 0.5064430236816406 -0.04596399888396263
v 0.037873998284339905 0.5036460161209106 -0.02571900002658367
v 0.017266999930143356 0.5057979822158813 -0.04512299969792366
v 0.039868999272584915 0.5037189722061157 -0.02568800002336502
v 0.013555999845266342 0.5083749890327454 -0.04382000118494034
v 0.012562000192701817 0.5027269721031189 -0.04167399927973747
v 0.013028999790549278 0.5082679986953735 -0.041673000901937485
v 0.01851700060069561 0.5043259859085083 -0.03734000027179718
v 0.024747999384999275 0.5063790082931519 -0.03799999877810478
v 0.038398999720811844 0.5024319887161255 -0.024929000064730644
v 0.023656999692320824 0.5026609897613525 0.03676300123333931
v 0.02616100013256073 0.5051640272140503 0.03545499965548515
v 0.041074998676776886 0.52777099609375 0.03851599991321564
v 0.04398199915885925 0.5300899744033813 0.03849299997091293
v 0.03783800080418587 0.5221329927444458 0.03820199891924858
v 0.03952300176024437 0.5263950228691101 0.038644999265670776
v 0.04358600080013275 0.5289000272750854 0.03923900052905083
v 0.04267299920320511 0.5248110294342041 0.03896600008010864
v 0.033153001219034195 0.5156069993972778 0.03665199875831604
v 0.03334200009703636 0.5176550149917603 0.037932999432086945
v 0.033580001443624496 0.5191519856452942 0.03901299834251404
v 0.03837599977850914 0.515861988067627 0.041471999138593674
v 0.03894000127911568 0.5201489925384521 0.041767001152038574
v 0.02983500063419342 0.5141280293464661 0.03773000091314316
v 0.029753999784588814 0.5109230279922485 0.04569000005722046
v 0.025527000427246094 0.5093479752540588 0.03615399822592735
v 0.025459999218583107 0.5132139921188354 0.037831999361515045
v 0.025143999606370926 0.517041027545929 0.03980400040745735
v 0.036591000854969025 0.5032439827919006 0.025609999895095825
v 0.02565300092101097 0.5050100088119507 0.046613000333309174
v 0.02473600022494793 0.5097039937973022 0.04712900146842003
v 0.037873998284339905 0.5036460161209106 0.026619000360369682
v 0.018821999430656433 0.5015490055084229 0.045882999897003174
v 0.02160700038075447 0.5064430236816406 0.04686399921774864
v 0.039868999272584915 0.5037189722061157 0.02658800035715103
v 0.017266999930143356 0.5057979822158813 0.04602300003170967
v 0.013555999845266342 0.5083749890327454 0.04472000151872635
v 0.012562000192701817 0.5027269721031189 0.04257399961352348
v 0.013028999790549278 0.5082679986953735 0.042573001235723495
v 0.01851700060069561 0.5043259859085083 0.03824000060558319
v 0.024747999384999275 0.5063790082931519 0.03889999911189079
v 0.038398999720811844 0.5024319887161255 0.025829000398516655
v 0.023378999903798103 0.5101180076599121 -0.03899100050330162
v 0.04447900131344795 0.5338630080223083 -0.03815700113773346
v 0.04292700067162514 0.5338280200958252 -0.038669999688863754
v 0.04476499930024147 0.5329200029373169 -0.038672998547554016
v 0.04098000004887581 0.5345150232315063 -0.03889400139451027
v 0.03879899904131889 0.5246170163154602 -0.041822001338005066
v 0.03965099900960922 0.5290120244026184 -0.041443001478910446
v 0.03372500091791153 0.5209580063819885 -0.03894200176000595
v 0.034324999898672104 0.5233410000801086 -0.040022000670433044
v 0.029711000621318817 0.5154100060462952 -0.04456999897956848
v 0.02984900027513504 0.5199670195579529 -0.0447469986975193
v 0.02930000051856041 0.5172520279884338 -0.038630999624729156
v 0.02867100015282631 0.5201029777526855 -0.040796998888254166
v 0.024178000167012215 0.5144889950752258 -0.04631999880075455
v 0.02381500042974949 0.520488977432251 -0.04073299840092659
v 0.021696999669075012 0.5116739869117737 -0.04657299816608429
v 0.020576000213623047 0.5167689919471741 -0.0469449982047081
v 0.021245000883936882 0.5138610005378723 -0.0396139994263649
v 0.019065000116825104 0.5174520015716553 -0.0406309999525547
v 0.017735999077558517 0.5112429857254028 -0.046195000410079956
v 0.01608099974691868 0.5165299773216248 -0.04656900092959404
v 0.013597000390291214 0.5139529705047607 -0.044766999781131744
v 0.01233999989926815 0.5135660171508789 -0.042906999588012695
v 0.016573000699281693 0.5084940195083618 -0.03842400014400482
v 0.01450200006365776 0.5124790072441101 -0.040258001536130905
v 0.04292700067162514 0.5338280200958252 0.039570000022649765
v 0.04447900131344795 0.5338630080223083 0.03905700147151947
v 0.04098000004887581 0.5345150232315063 0.03979400172829628
v 0.04476499930024147 0.5329200029373169 0.03957299888134003
v 0.03372500091791153 0.5209580063819885 0.03984199836850166
v 0.034324999898672104 0.5233410000801086 0.040922001004219055
v 0.03879899904131889 0.5246170163154602 0.04272200167179108
v 0.03965099900960922 0.5290120244026184 0.04234300181269646
v 0.02930000051856041 0.5172520279884338 0.03953099995851517
v 0.02867100015282631 0.5201029777526855 0.041696999222040176
v 0.029711000621318817 0.5154100060462952 0.04546999931335449
v 0.02984900027513504 0.5199670195579529 0.04564699903130531
v 0.02381500042974949 0.520488977432251 0.0416329987347126
v 0.024178000167012215 0.5144889950752258 0.04721999913454056
v 0.023378999903798103 0.5101180076599121 0.03989100083708763
v 0.021245000883936882 0.5138610005378723 0.04051399976015091
v 0.019065000116825104 0.5174520015716553 0.041531000286340714
v 0.021696999669075012 0.5116739869117737 0.0474729984998703
v 0.020576000213623047 0.5167689919471741 0.04784499853849411
v 0.017735999077558517 0.5112429857254028 0.04709500074386597
v 0.01608099974691868 0.5165299773216248 0.04746900126338005
v 0.013597000390291214 0.5139529705047607 0.045667000114917755
v 0.01233999989926815 0.5135660171508789 0.043806999921798706
v 0.016573000699281693 0.5084940195083618 0.03932400047779083
v 0.01450200006365776 0.5124790072441101 0.04115799814462662
v 0.04544699937105179 0.5382059812545776 -0.0387439988553524
v 0.045389000326395035 0.5371590256690979 -0.03967899829149246
v 0.04398399963974953 0.5383899807929993 -0.03925799950957298
v 0.042238999158144 0.5389879941940308 -0.03950599953532219
v 0.042059000581502914 0.5347840189933777 -0.04100799933075905
v 0.0383090004324913 0.5342310070991516 -0.039753999561071396
v 0.029836000874638557 0.524482011795044 -0.04444200173020363
v 0.035321999341249466 0.5330280065536499 -0.04419400170445442
v 0.028398999944329262 0.5230219960212708 -0.04299100115895271
v 0.031525999307632446 0.5247229933738708 -0.04348500072956085
v 0.02667899988591671 0.5257769823074341 -0.04451899975538254
v 0.024701999500393867 0.5193619728088379 -0.04638899862766266
v 0.02352900058031082 0.5238419771194458 -0.045848000794649124
v 0.02128399908542633 0.5231559872627258 -0.04253600165247917
v 0.019423000514507294 0.5265910029411316 -0.04400999844074249
v 0.018671000376343727 0.5216090083122253 -0.047621000558137894
v 0.017493000254034996 0.5214679837226868 -0.04144100099802017
v 0.01501499954611063 0.521888017654419 -0.04761499911546707
v 0.014158000238239765 0.5272409915924072 -0.04913000017404556
v 0.012718000449240208 0.5165240168571472 -0.04214100167155266
v 0.012148999609053135 0.5212339758872986 -0.04280000180006027
v 0.01282500009983778 0.519474983215332 -0.0456710010766983
v 0.012533999979496002 0.5246469974517822 -0.04768799990415573
v 0.011584999971091747 0.5188500285148621 -0.04420100152492523
v 0.042238999158144 0.5389879941940308 0.0404059998691082
v 0.04398399963974953 0.5383899807929993 0.040157999843358994
v 0.04544699937105179 0.5382059812545776 0.03964399918913841
v 0.045389000326395035 0.5371590256690979 0.04057899862527847
v 0.0383090004324913 0.5342310070991516 0.04065399989485741
v 0.042059000581502914 0.5347840189933777 0.04190799966454506
v 0.028398999944329262 0.5230219960212708 0.043891001492738724
v 0.031525999307632446 0.5247229933738708 0.04438500106334686
v 0.02667899988591671 0.5257769823074341 0.04541900008916855
v 0.029836000874638557 0.524482011795044 0.04534199833869934
v 0.035321999341249466 0.5330280065536499 0.045093998312950134
v 0.02128399908542633 0.5231559872627258 0.043435998260974884
v 0.019423000514507294 0.5265910029411316 0.0449099987745285
v 0.024701999500393867 0.5193619728088379 0.04728899896144867
v 0.02352900058031082 0.5238419771194458 0.046748001128435135
v 0.017493000254034996 0.5214679837226868 0.04234100133180618
v 0.018671000376343727 0.5216090083122253 0.048521000891923904
v 0.012718000449240208 0.5165240168571472 0.04304099828004837
v 0.012148999609053135 0.5212339758872986 0.043699998408555984
v 0.01501499954611063 0.521888017654419 0.04851499944925308
v 0.014158000238239765 0.5272409915924072 0.050030000507831573
v 0.01282500009983778 0.519474983215332 0.046571001410484314
v 0.012533999979496002 0.5246469974517822 0.04858800023794174
v 0.011584999971091747 0.5188500285148621 0.04510100185871124
v 0.044923000037670135 0.5414069890975952 -0.03967700153589249
v 0.04496600106358528 0.5405849814414978 -0.040612999349832535
v 0.04346400126814842 0.5416010022163391 -0.04019000008702278
v 0.04103200137615204 0.5398489832878113 -0.04225299879908562
v 0.041694000363349915 0.5416619777679443 -0.04090699926018715
v 0.029935000464320183 0.5292540192604065 -0.04560200124979019
v 0.03359299898147583 0.533079981803894 -0.04446600005030632
v 0.03730899840593338 0.5400840044021606 -0.04343400150537491
v 0.023437000811100006 0.5279060006141663 -0.046119000762701035
v 0.02635600045323372 0.5278040170669556 -0.04596899822354317
v 0.017098000273108482 0.5299699902534485 -0.04471699893474579
v 0.01829499937593937 0.5267009735107422 -0.04810599982738495
v 0.020255999639630318 0.5289490222930908 -0.04754199832677841
v 0.01544100046157837 0.5252969861030579 -0.04188600182533264
v 0.014604000374674797 0.5293239951133728 -0.04091800004243851
v 0.01526699960231781 0.5316770076751709 -0.05139699950814247
v 0.011726999655365944 0.526049017906189 -0.04213299974799156
v 0.012356000021100044 0.5300480127334595 -0.049219999462366104
v 0.012273999862372875 0.534758985042572 -0.0520859993994236
v 0.010395999997854233 0.5242199897766113 -0.04462200030684471
v 0.008781000040471554 0.5293989777565002 -0.044217001646757126
v 0.041694000363349915 0.5416619777679443 0.04180699959397316
v 0.04346400126814842 0.5416010022163391 0.04109000042080879
v 0.044923000037670135 0.5414069890975952 0.0405769981443882
v 0.04496600106358528 0.5405849814414978 0.041512999683618546
v 0.04103200137615204 0.5398489832878113 0.04315299913287163
v 0.029935000464320183 0.5292540192604065 0.0465020015835762
v 0.03359299898147583 0.533079981803894 0.04536600038409233
v 0.03730899840593338 0.5400840044021606 0.04433400183916092
v 0.017098000273108482 0.5299699902534485 0.0456169992685318
v 0.02635600045323372 0.5278040170669556 0.04686899855732918
v 0.023437000811100006 0.5279060006141663 0.047019001096487045
v 0.01544100046157837 0.5252969861030579 0.042785998433828354
v 0.014604000374674797 0.5293239951133728 0.04181800037622452
v 0.01829499937593937 0.5267009735107422 0.04900600016117096
v 0.020255999639630318 0.5289490222930908 0.04844199866056442
v 0.011726999655365944 0.526049017906189 0.04303300008177757
v 0.01526699960231781 0.5316770076751709 0.05229699984192848
v 0.010395999997854233 0.5242199897766113 0.04552200064063072
v 0.008781000040471554 0.5293989777565002 0.04511699825525284
v 0.012356000021100044 0.5300480127334595 0.050119999796152115
v 0.012273999862372875 0.534758985042572 0.05298599973320961
v 0.043021999299526215 0.5428850054740906 -0.042107999324798584
v 0.03927699849009514 0.5431309938430786 -0.04350699856877327
v 0.020176000893115997 0.5297899842262268 -0.04704999923706055
v 0.015208999626338482 0.5376009941101074 -0.04555800184607506
v 0.01607000082731247 0.5347610116004944 -0.04911499843001366
v 0.016398999840021133 0.5332589745521545 -0.05144599825143814
v 0.011214000172913074 0.530460000038147 -0.04030999913811684
v 0.01422099955379963 0.5343329906463623 -0.03865699842572212
v 0.010490999557077885 0.5364490151405334 -0.03819400072097778
v 0.016426000744104385 0.5337839722633362 -0.052994001656770706
v 0.007918000221252441 0.5342289805412292 -0.04182799905538559
v 0.012443999759852886 0.5395060181617737 -0.05257600173354149
v 0.009825999848544598 0.5386459827423096 -0.048994001001119614
v 0.007689999882131815 0.5378329753875732 -0.043671999126672745
v 0.043021999299526215 0.5428850054740906 0.043007999658584595
v 0.03927699849009514 0.5431309938430786 0.04440699890255928
v 0.01607000082731247 0.5347610116004944 0.05001499876379967
v 0.015208999626338482 0.5376009941101074 0.04645799845457077
v 0.020176000893115997 0.5297899842262268 0.04794999957084656
v 0.011214000172913074 0.530460000038147 0.04120999947190285
v 0.01422099955379963 0.5343329906463623 0.03955699875950813
v 0.010490999557077885 0.5364490151405334 0.039094001054763794
v 0.016398999840021133 0.5332589745521545 0.05234599858522415
v 0.007918000221252441 0.5342289805412292 0.0427279993891716
v 0.016426000744104385 0.5337839722633362 0.05389399826526642
v 0.012443999759852886 0.5395060181617737 0.0534759983420372
v 0.009825999848544598 0.5386459827423096 0.049894001334905624
v 0.007689999882131815 0.5378329753875732 0.044571999460458755
v 0.0157880000770092 0.539995014667511 -0.04685499891638756
v 0.014725999906659126 0.5399810075759888 -0.04339500144124031
v 0.013220000080764294 0.5353659987449646 -0.038293998688459396
v 0.016606999561190605 0.5387889742851257 -0.0501209981739521
v 0.007187000010162592 0.5370050072669983 -0.040970999747514725
v 0.00774399982765317 0.539946973323822 -0.04023599997162819
v 0.009960999712347984 0.5399169921875 -0.03799699991941452
v 0.012675999663770199 0.5385770201683044 -0.03743699938058853
v 0.014643000438809395 0.5400230288505554 -0.052326999604701996
v 0.011057999916374683 0.5409910082817078 -0.0488010011613369
v 0.013660999946296215 0.5418469905853271 -0.04835100099444389
v 0.009305999614298344 0.5413179993629456 -0.04413999989628792
v 0.016606999561190605 0.5387889742851257 0.05102099850773811
v 0.0157880000770092 0.539995014667511 0.04775499925017357
v 0.014725999906659126 0.5399810075759888 0.04429500177502632
v 0.013220000080764294 0.5353659987449646 0.03919399902224541
v 0.007187000010162592 0.5370050072669983 0.041871000081300735
v 0.00774399982765317 0.539946973323822 0.0411360003054142
v 0.009960999712347984 0.5399169921875 0.03889700025320053
v 0.012675999663770199 0.5385770201683044 0.03833699971437454
v 0.014643000438809395 0.5400230288505554 0.05322699993848801
v 0.013660999946296215 0.5418469905853271 0.049251001328229904
v 0.011057999916374683 0.5409910082817078 0.04970100149512291
v 0.009305999614298344 0.5413179993629456 0.04504000023007393
v 0.011710000224411488 0.5420079827308655 -0.04278700053691864
v 0.011710000224411488 0.5420079827308655 0.04368700087070465
f 1 2 4
f 2 3 4
f 5 6 1
f 6 2 1
f 1 4 7
f 1 7 8
f 5 1 8
f 2 9 3
f 9 10 3
f 6 11 9
f 6 9 2
f 4 3 12
f 4 12 13
f 3 10 14
f 3 14 12
f 15 7 13
f 7 4 13
f 16 17 5
f 17 6 5
f 16 5 19
f 5 18 19
f 18 5 8
f 17 11 6
f 20 8 21
f 8 7 21
f 21 7 15
f 21 15 22
f 23 18 8
f 23 8 20
f 9 24 10
f 24 25 10
f 11 26 24
f 11 24 9
f 10 25 27
f 10 27 14
f 28 29 11
f 28 11 17
f 29 30 26
f 29 26 11
f 13 12 31
f 13 31 32
f 12 14 31
f 14 33 31
f 15 13 32
f 14 27 33
f 27 34 33
f 22 15 36
f 15 35 36
f 15 32 35
f 37 28 17
f 37 17 16
f 37 16 19
f 38 19 18
f 38 18 23
f 39 40 19
f 39 19 38
f 41 37 19
f 41 19 40
f 42 43 20
f 42 20 21
f 20 43 23
f 21 22 42
f 22 44 42
f 36 44 22
f 43 45 23
f 45 38 23
f 24 46 25
f 26 47 24
f 47 46 24
f 25 46 48
f 25 49 27
f 50 49 25
f 30 47 26
f 27 51 34
f 27 49 51
f 41 52 37
f 52 28 37
f 52 53 28
f 53 29 28
f 53 54 29
f 54 30 29
f 47 30 56
f 30 55 56
f 30 54 57
f 30 57 55
f 32 31 58
f 31 33 58
f 32 58 59
f 60 35 32
f 60 32 59
f 58 33 62
f 33 61 62
f 33 34 61
f 34 63 61
f 34 51 63
f 36 35 64
f 35 60 64
f 36 64 65
f 36 65 44
f 38 45 39
f 39 66 40
f 45 66 39
f 67 41 40
f 67 40 68
f 69 68 70
f 68 40 70
f 66 70 40
f 67 71 41
f 71 52 41
f 72 43 73
f 43 42 73
f 73 42 44
f 73 44 74
f 75 45 72
f 45 43 72
f 74 44 65
f 74 65 76
f 77 78 75
f 78 45 75
f 66 45 70
f 45 78 70
f 78 69 70
f 48 46 50
f 50 46 56
f 46 47 56
f 79 48 80
f 48 50 80
f 81 48 82
f 82 48 50
f 48 49 50
f 81 49 48
f 81 51 49
f 80 50 56
f 82 50 79
f 81 83 63
f 81 63 51
f 84 53 52
f 84 52 71
f 85 54 53
f 85 53 84
f 86 54 85
f 54 86 57
f 87 55 88
f 87 88 89
f 55 57 88
f 90 55 87
f 90 87 91
f 92 55 90
f 56 55 92
f 80 56 92
f 88 57 93
f 88 93 94
f 86 95 93
f 86 93 57
f 59 58 96
f 58 62 96
f 60 59 96
f 64 60 98
f 60 97 98
f 97 60 99
f 60 96 99
f 62 61 100
f 62 100 101
f 61 102 100
f 61 63 102
f 96 62 101
f 96 101 99
f 83 103 63
f 103 102 63
f 98 65 64
f 76 65 104
f 76 104 105
f 106 65 107
f 106 108 104
f 106 104 65
f 98 107 65
f 109 110 67
f 110 71 67
f 109 67 68
f 109 68 111
f 69 112 111
f 69 111 68
f 69 78 112
f 110 113 84
f 110 84 71
f 114 72 73
f 114 73 115
f 116 75 72
f 116 72 114
f 115 73 117
f 73 74 117
f 117 74 118
f 74 76 118
f 119 77 75
f 119 75 116
f 118 76 120
f 76 105 120
f 121 122 77
f 122 78 77
f 123 121 77
f 123 77 119
f 112 78 124
f 78 122 124
f 122 125 124
f 126 79 127
f 126 127 128
f 79 129 127
f 79 80 129
f 130 131 126
f 131 79 126
f 131 132 79
f 132 82 79
f 129 80 92
f 129 92 90
f 133 83 81
f 133 81 82
f 134 133 132
f 133 82 132
f 135 136 137
f 136 83 137
f 136 103 83
f 138 137 134
f 137 83 134
f 134 83 133
f 113 139 84
f 139 85 84
f 139 95 86
f 139 86 85
f 140 87 89
f 140 89 141
f 91 87 140
f 89 88 94
f 89 94 142
f 141 89 142
f 141 142 143
f 128 127 91
f 127 90 91
f 127 129 90
f 91 140 144
f 145 128 144
f 128 91 144
f 93 146 94
f 93 147 146
f 95 148 93
f 148 147 93
f 94 146 149
f 94 149 142
f 148 95 139
f 150 97 151
f 97 99 151
f 97 107 98
f 106 97 150
f 106 150 108
f 97 106 107
f 99 101 152
f 99 152 151
f 152 101 153
f 101 100 153
f 153 100 154
f 100 102 154
f 154 102 155
f 103 155 102
f 156 157 136
f 157 103 136
f 103 157 155
f 157 158 155
f 105 104 159
f 105 159 160
f 161 104 108
f 162 104 161
f 162 163 159
f 162 159 104
f 120 105 164
f 105 160 164
f 150 165 108
f 165 161 108
f 166 167 110
f 166 110 109
f 166 109 111
f 167 113 110
f 168 169 111
f 168 111 170
f 169 166 111
f 112 124 170
f 112 170 111
f 167 171 113
f 171 139 113
f 172 114 173
f 114 115 173
f 174 116 172
f 116 114 172
f 173 115 117
f 173 117 175
f 176 119 174
f 119 116 174
f 175 117 118
f 175 118 177
f 177 118 120
f 177 120 178
f 179 123 119
f 179 119 176
f 178 120 180
f 120 164 180
f 181 182 121
f 182 122 121
f 183 181 121
f 183 121 123
f 122 182 184
f 122 184 125
f 185 183 123
f 185 123 179
f 124 125 186
f 124 186 170
f 125 184 187
f 125 187 186
f 188 126 128
f 188 128 145
f 189 130 188
f 130 126 188
f 190 138 130
f 190 130 189
f 138 134 131
f 138 131 130
f 134 132 131
f 191 192 193
f 192 135 193
f 192 156 135
f 156 136 135
f 193 135 194
f 135 137 194
f 194 137 138
f 190 194 138
f 171 148 139
f 141 195 140
f 195 196 140
f 196 144 140
f 143 195 141
f 143 142 197
f 142 149 197
f 197 195 143
f 144 196 145
f 196 198 145
f 198 188 145
f 149 146 199
f 149 199 200
f 146 201 199
f 146 147 201
f 148 202 147
f 147 202 201
f 203 148 171
f 202 148 203
f 202 203 204
f 197 149 200
f 197 200 205
f 165 150 206
f 150 151 206
f 151 152 207
f 151 207 206
f 152 153 207
f 153 208 207
f 153 154 209
f 153 209 208
f 154 155 209
f 155 158 209
f 192 210 156
f 210 211 156
f 156 211 157
f 211 212 157
f 157 212 213
f 157 213 158
f 209 158 213
f 160 159 214
f 160 214 215
f 163 216 159
f 216 214 159
f 164 160 217
f 160 215 217
f 165 218 161
f 218 162 161
f 218 219 162
f 219 163 162
f 219 220 163
f 220 216 163
f 180 164 221
f 164 217 221
f 218 165 223
f 165 222 223
f 165 224 222
f 165 206 224
f 169 225 166
f 225 167 166
f 226 171 167
f 226 167 225
f 168 227 169
f 227 225 169
f 228 229 227
f 228 227 168
f 228 168 186
f 228 186 187
f 186 168 170
f 203 171 226
f 230 172 231
f 172 173 231
f 232 174 230
f 174 172 230
f 231 173 175
f 231 175 233
f 234 176 232
f 176 174 232
f 233 175 177
f 233 177 235
f 236 179 234
f 179 176 234
f 235 177 178
f 235 178 237
f 237 178 180
f 237 180 238
f 239 185 236
f 185 179 236
f 238 180 221
f 238 221 240
f 241 242 181
f 241 181 183
f 181 242 182
f 242 243 182
f 182 243 184
f 243 244 184
f 245 241 183
f 245 183 185
f 246 184 244
f 246 244 247
f 187 184 246
f 248 245 239
f 245 185 239
f 246 228 187
f 189 188 198
f 189 198 249
f 189 249 190
f 194 190 249
f 194 249 250
f 251 210 192
f 251 192 191
f 191 250 251
f 193 250 191
f 194 250 193
f 195 252 196
f 252 253 196
f 254 255 195
f 255 252 195
f 254 195 197
f 254 197 205
f 196 253 198
f 253 256 198
f 198 256 257
f 198 257 249
f 200 199 258
f 200 258 259
f 199 201 260
f 199 260 258
f 205 200 261
f 200 259 261
f 260 201 263
f 201 202 263
f 263 202 262
f 262 202 204
f 264 203 226
f 204 203 264
f 265 204 264
f 265 263 204
f 263 262 204
f 261 254 205
f 206 207 224
f 207 266 224
f 207 208 266
f 208 209 267
f 208 267 266
f 209 213 267
f 268 269 251
f 269 210 251
f 269 270 210
f 270 211 210
f 270 271 211
f 271 212 211
f 212 272 213
f 271 272 212
f 267 213 273
f 274 273 272
f 273 213 272
f 214 275 276
f 214 276 215
f 216 277 275
f 216 275 214
f 217 215 278
f 215 276 278
f 279 277 280
f 277 216 280
f 280 216 220
f 221 217 278
f 221 278 281
f 218 223 219
f 220 219 282
f 219 223 282
f 220 282 280
f 240 221 281
f 240 281 283
f 224 266 284
f 224 284 222
f 222 284 285
f 222 285 223
f 223 285 282
f 285 286 282
f 287 226 225
f 287 225 227
f 264 226 287
f 229 288 227
f 288 287 227
f 289 229 228
f 289 228 246
f 289 246 247
f 290 288 229
f 289 291 290
f 289 290 229
f 292 230 293
f 230 231 293
f 294 232 292
f 232 230 292
f 293 231 233
f 293 233 295
f 296 234 294
f 234 232 294
f 295 233 235
f 295 235 297
f 298 236 296
f 236 234 296
f 297 235 237
f 297 237 299
f 300 239 298
f 239 236 298
f 299 237 238
f 299 238 301
f 301 238 240
f 301 240 302
f 303 248 300
f 248 239 300
f 302 240 283
f 302 283 304
f 305 306 242
f 305 242 241
f 307 305 241
f 307 241 245
f 306 308 243
f 306 243 242
f 243 308 244
f 308 309 244
f 244 310 247
f 309 311 310
f 309 310 244
f 312 307 248
f 307 245 248
f 313 289 247
f 313 247 310
f 314 312 303
f 312 248 303
f 249 257 315
f 249 315 250
f 250 315 316
f 250 316 317
f 268 251 317
f 251 250 317
f 252 318 253
f 318 319 253
f 255 320 252
f 320 318 252
f 253 319 256
f 319 321 256
f 322 323 254
f 323 255 254
f 322 254 261
f 322 261 324
f 323 325 255
f 325 320 255
f 256 321 326
f 256 326 257
f 257 326 327
f 257 327 315
f 258 328 329
f 258 329 259
f 260 328 258
f 261 259 324
f 259 329 324
f 260 330 328
f 263 331 260
f 331 330 260
f 331 263 265
f 288 332 264
f 288 264 287
f 332 265 264
f 333 265 332
f 333 331 265
f 284 266 334
f 266 267 334
f 334 267 273
f 335 336 269
f 335 269 268
f 268 317 335
f 336 337 269
f 337 270 269
f 337 338 270
f 338 271 270
f 338 339 271
f 271 339 272
f 339 340 272
f 274 272 340
f 334 273 341
f 341 273 274
f 341 274 342
f 274 339 342
f 274 340 339
f 276 275 344
f 275 343 344
f 277 345 343
f 277 343 275
f 278 276 346
f 276 344 346
f 279 347 277
f 277 347 345
f 347 348 345
f 281 278 346
f 281 346 349
f 347 279 351
f 279 350 351
f 279 280 350
f 280 282 350
f 283 281 349
f 283 349 352
f 282 286 350
f 304 283 352
f 304 352 353
f 285 284 354
f 284 334 354
f 285 354 355
f 285 355 286
f 286 355 356
f 286 356 350
f 356 357 350
f 290 333 288
f 333 332 288
f 291 289 313
f 358 333 290
f 358 290 291
f 359 360 313
f 360 291 313
f 360 361 291
f 361 358 291
f 362 292 293
f 362 293 363
f 364 294 362
f 294 292 362
f 363 293 365
f 293 295 365
f 366 296 364
f 296 294 364
f 365 295 297
f 365 297 367
f 368 298 366
f 298 296 366
f 367 297 299
f 367 299 369
f 370 300 368
f 300 298 368
f 369 299 301
f 369 301 371
f 372 303 370
f 303 300 370
f 371 301 302
f 371 302 373
f 373 302 304
f 373 304 374
f 375 314 372
f 314 303 372
f 374 304 353
f 374 353 376
f 377 378 305
f 378 306 305
f 379 377 307
f 377 305 307
f 378 380 308
f 378 308 306
f 381 379 312
f 379 307 312
f 308 380 309
f 380 382 309
f 382 383 309
f 383 311 309
f 384 359 310
f 384 310 311
f 359 313 310
f 385 384 311
f 385 311 386
f 386 311 383
f 387 381 314
f 381 312 314
f 388 387 375
f 387 314 375
f 315 327 389
f 315 389 316
f 316 389 390
f 316 390 391
f 317 316 391
f 317 391 392
f 393 335 392
f 335 317 392
f 318 394 319
f 394 395 319
f 320 396 318
f 396 394 318
f 319 395 321
f 395 397 321
f 325 398 320
f 398 396 320
f 321 397 399
f 321 399 326
f 400 401 322
f 401 323 322
f 400 322 402
f 400 402 403
f 402 322 324
f 401 404 323
f 404 325 323
f 324 405 402
f 324 329 405
f 404 406 325
f 406 398 325
f 326 399 407
f 326 407 327
f 327 407 408
f 327 408 389
f 329 328 409
f 328 410 409
f 328 411 410
f 328 330 411
f 329 412 405
f 329 409 412
f 330 331 413
f 414 330 413
f 330 414 411
f 413 331 333
f 415 333 358
f 333 415 413
f 354 334 341
f 393 416 336
f 393 336 335
f 336 416 337
f 416 417 337
f 337 417 338
f 417 418 338
f 338 418 419
f 338 419 339
f 342 339 419
f 354 341 355
f 341 420 355
f 341 342 420
f 420 342 421
f 342 419 421
f 344 343 423
f 343 422 423
f 345 424 422
f 345 422 343
f 346 344 423
f 346 423 425
f 345 348 426
f 345 426 424
f 349 346 425
f 349 425 427
f 348 347 429
f 347 428 429
f 347 351 428
f 348 429 430
f 431 348 430
f 426 348 431
f 352 349 427
f 352 427 432
f 351 350 357
f 351 357 433
f 351 433 428
f 353 352 432
f 353 432 434
f 376 353 434
f 376 434 435
f 355 421 356
f 355 420 421
f 357 356 436
f 356 421 436
f 357 436 437
f 357 437 433
f 361 438 358
f 438 415 358
f 384 439 359
f 439 360 359
f 439 440 361
f 439 361 360
f 440 441 438
f 440 438 361
f 442 362 363
f 442 363 443
f 444 364 442
f 364 362 442
f 443 363 445
f 363 365 445
f 446 366 444
f 366 364 444
f 445 365 367
f 445 367 447
f 448 368 446
f 368 366 446
f 447 367 369
f 447 369 449
f 450 370 448
f 370 368 448
f 449 369 371
f 449 371 451
f 452 372 450
f 372 370 450
f 451 371 373
f 451 373 453
f 454 375 452
f 375 372 452
f 453 373 374
f 453 374 455
f 455 374 376
f 455 376 456
f 457 388 454
f 388 375 454
f 456 376 435
f 456 435 458
f 459 460 377
f 460 378 377
f 461 459 379
f 459 377 379
f 460 462 378
f 462 380 378
f 463 461 381
f 461 379 381
f 380 462 382
f 464 463 387
f 463 381 387
f 465 466 382
f 466 383 382
f 462 467 465
f 462 465 382
f 468 469 383
f 468 383 466
f 469 470 383
f 470 386 383
f 385 471 384
f 471 439 384
f 472 385 386
f 472 471 385
f 470 473 472
f 470 472 386
f 474 464 388
f 464 387 388
f 475 474 457
f 474 388 457
f 389 408 476
f 389 476 390
f 390 476 477
f 390 477 478
f 391 390 478
f 391 478 479
f 392 391 479
f 392 479 480
f 481 482 480
f 482 392 480
f 393 392 482
f 482 483 393
f 483 416 393
f 446 444 394
f 446 394 396
f 444 442 395
f 444 395 394
f 442 443 397
f 442 397 395
f 448 446 396
f 448 396 398
f 399 397 445
f 397 443 445
f 450 448 398
f 450 398 406
f 407 399 447
f 399 445 447
f 484 485 401
f 484 401 400
f 484 400 486
f 484 486 487
f 486 400 488
f 403 488 400
f 485 489 404
f 485 404 401
f 402 405 403
f 405 490 403
f 490 488 403
f 489 491 404
f 491 406 404
f 405 412 490
f 412 492 490
f 452 450 406
f 452 406 491
f 408 407 449
f 407 447 449
f 476 408 451
f 408 449 451
f 409 492 412
f 409 493 492
f 410 493 409
f 410 411 494
f 410 494 493
f 411 495 494
f 414 495 411
f 438 496 415
f 496 413 415
f 496 414 413
f 495 414 496
f 483 497 416
f 497 498 416
f 498 417 416
f 498 499 417
f 499 500 417
f 500 418 417
f 501 419 418
f 501 418 502
f 500 502 418
f 421 419 501
f 436 421 503
f 501 503 421
f 423 422 504
f 423 504 505
f 424 504 422
f 425 423 505
f 425 505 506
f 424 426 507
f 424 507 508
f 424 508 504
f 508 509 504
f 427 425 506
f 427 506 510
f 507 426 512
f 426 511 512
f 426 513 511
f 426 431 513
f 432 427 510
f 432 510 514
f 428 515 429
f 428 433 515
f 429 516 430
f 429 515 516
f 431 430 517
f 430 516 517
f 431 517 513
f 517 518 513
f 434 432 514
f 434 514 519
f 433 437 515
f 437 520 515
f 435 434 519
f 435 519 521
f 458 435 521
f 458 521 522
f 436 503 523
f 436 523 437
f 437 523 520
f 523 524 520
f 441 496 438
f 471 440 439
f 471 525 440
f 525 441 440
f 441 495 496
f 525 526 441
f 526 495 441
f 477 476 453
f 476 451 453
f 454 452 491
f 454 491 527
f 528 477 455
f 477 453 455
f 457 454 527
f 457 527 529
f 530 528 456
f 528 455 456
f 531 530 458
f 530 456 458
f 475 457 529
f 475 529 532
f 533 531 522
f 531 458 522
f 534 535 460
f 534 460 459
f 536 534 461
f 534 459 461
f 535 467 460
f 467 462 460
f 537 536 463
f 536 461 463
f 538 537 464
f 537 463 464
f 539 538 474
f 538 464 474
f 540 541 465
f 541 466 465
f 467 542 465
f 542 540 465
f 543 544 466
f 543 466 541
f 544 545 466
f 545 468 466
f 546 542 535
f 542 467 535
f 468 547 548
f 468 548 469
f 545 547 468
f 469 548 473
f 469 473 470
f 549 471 472
f 550 471 549
f 550 525 471
f 473 551 472
f 551 549 472
f 548 552 551
f 548 551 473
f 553 539 475
f 539 474 475
f 553 475 554
f 475 532 554
f 478 477 528
f 478 528 555
f 479 478 556
f 478 555 556
f 480 479 557
f 479 556 557
f 558 559 557
f 559 480 557
f 559 560 480
f 481 480 560
f 481 560 561
f 481 561 483
f 481 483 482
f 561 562 497
f 561 497 483
f 563 564 485
f 563 485 484
f 563 484 565
f 563 565 566
f 565 484 487
f 564 567 489
f 564 489 485
f 486 568 487
f 488 490 486
f 490 569 486
f 569 568 486
f 487 570 565
f 570 571 565
f 568 570 487
f 567 527 491
f 567 491 489
f 492 572 569
f 492 569 490
f 493 572 492
f 494 572 493
f 494 495 526
f 494 526 572
f 497 562 498
f 562 573 498
f 498 573 499
f 573 574 499
f 574 500 499
f 574 575 500
f 500 575 502
f 503 501 576
f 503 576 523
f 501 502 576
f 576 502 575
f 505 504 509
f 505 509 577
f 506 505 578
f 505 577 578
f 510 506 578
f 510 578 579
f 508 507 580
f 508 580 581
f 580 507 583
f 507 582 583
f 507 584 582
f 507 512 584
f 508 581 585
f 508 585 509
f 577 509 585
f 577 585 586
f 514 510 579
f 514 579 587
f 513 518 511
f 518 588 511
f 511 588 512
f 588 589 512
f 512 589 584
f 519 514 587
f 519 587 590
f 515 520 516
f 520 524 591
f 520 591 516
f 517 516 592
f 592 516 593
f 516 591 593
f 517 594 518
f 517 592 594
f 518 594 588
f 594 595 588
f 521 519 590
f 521 590 596
f 522 521 596
f 522 596 597
f 598 533 522
f 598 522 597
f 523 576 524
f 576 575 524
f 524 599 591
f 524 575 599
f 600 601 550
f 601 525 550
f 601 526 525
f 602 526 601
f 572 526 602
f 572 602 603
f 604 529 527
f 604 527 567
f 555 528 605
f 528 530 605
f 606 532 529
f 606 529 604
f 605 530 607
f 530 531 607
f 607 531 608
f 531 533 608
f 609 554 606
f 554 532 606
f 608 533 598
f 608 598 610
f 611 546 535
f 611 535 534
f 612 611 536
f 611 534 536
f 613 612 537
f 612 536 537
f 614 613 538
f 613 537 538
f 615 614 539
f 614 538 539
f 616 615 539
f 616 539 553
f 617 618 540
f 618 541 540
f 540 619 617
f 619 620 617
f 542 619 540
f 621 543 541
f 622 621 541
f 622 541 618
f 623 619 546
f 619 542 546
f 543 624 625
f 543 625 544
f 621 626 543
f 626 624 543
f 544 625 627
f 544 627 545
f 627 547 545
f 628 623 611
f 623 546 611
f 547 629 548
f 629 552 548
f 630 547 627
f 630 631 629
f 630 629 547
f 551 632 550
f 551 550 549
f 632 633 600
f 632 600 550
f 552 634 632
f 552 632 551
f 552 629 634
f 634 629 635
f 631 635 629
f 616 553 636
f 553 554 636
f 637 636 609
f 636 554 609
f 556 555 638
f 555 605 638
f 557 556 639
f 556 638 639
f 640 641 639
f 641 557 639
f 558 557 641
f 641 642 643
f 641 643 558
f 558 644 559
f 558 643 644
f 559 645 561
f 559 561 560
f 559 644 645
f 561 645 562
f 645 646 562
f 562 646 573
f 647 648 564
f 647 564 563
f 647 563 649
f 647 649 650
f 649 563 566
f 648 604 567
f 648 567 564
f 565 571 566
f 571 651 566
f 566 651 652
f 566 652 649
f 568 653 570
f 569 653 568
f 569 572 653
f 570 654 571
f 654 655 571
f 653 654 570
f 655 656 651
f 655 651 571
f 572 603 653
f 573 646 574
f 646 599 574
f 599 575 574
f 578 577 657
f 577 586 657
f 579 578 657
f 579 657 658
f 587 579 658
f 587 658 659
f 581 580 660
f 581 660 661
f 580 583 662
f 660 580 663
f 580 662 663
f 661 664 665
f 661 665 581
f 581 665 585
f 584 666 582
f 666 667 582
f 582 667 583
f 667 668 583
f 583 668 669
f 583 669 662
f 584 589 666
f 586 585 665
f 586 665 670
f 657 586 670
f 657 670 671
f 590 587 659
f 590 659 672
f 588 595 673
f 588 673 589
f 666 589 674
f 589 673 674
f 673 675 674
f 596 590 672
f 596 672 676
f 593 591 677
f 593 677 678
f 591 599 677
f 592 593 594
f 593 679 594
f 593 678 679
f 678 680 679
f 594 679 595
f 679 681 595
f 595 681 673
f 681 682 673
f 675 673 682
f 597 596 683
f 596 676 683
f 684 598 597
f 684 597 683
f 610 598 684
f 610 684 685
f 677 599 686
f 687 686 646
f 686 599 646
f 633 601 600
f 633 688 601
f 688 602 601
f 603 602 689
f 602 688 689
f 653 603 654
f 603 689 654
f 690 606 604
f 690 604 648
f 638 605 691
f 605 607 691
f 692 609 690
f 609 606 690
f 691 607 693
f 607 608 693
f 693 608 610
f 693 610 694
f 695 637 692
f 637 609 692
f 694 610 685
f 694 685 696
f 697 628 612
f 628 611 612
f 698 697 613
f 697 612 613
f 699 698 614
f 698 613 614
f 700 699 615
f 699 614 615
f 701 700 615
f 701 615 616
f 701 616 702
f 616 636 702
f 703 704 617
f 704 618 617
f 703 617 705
f 617 620 705
f 706 707 618
f 706 618 704
f 707 708 618
f 708 622 618
f 709 620 623
f 620 619 623
f 710 705 709
f 705 620 709
f 622 711 626
f 622 626 621
f 708 712 622
f 712 711 622
f 713 709 628
f 709 623 628
f 624 714 715
f 624 715 625
f 626 716 624
f 716 714 624
f 625 715 627
f 715 630 627
f 711 717 716
f 711 716 626
f 718 713 697
f 713 628 697
f 715 719 630
f 719 631 630
f 720 635 631
f 719 721 720
f 719 720 631
f 634 722 633
f 634 633 632
f 722 723 633
f 723 688 633
f 635 724 722
f 635 722 634
f 720 724 635
f 725 702 636
f 725 636 637
f 726 725 695
f 725 637 695
f 639 638 727
f 638 691 727
f 728 729 727
f 729 639 727
f 640 639 729
f 729 730 640
f 730 731 640
f 640 731 642
f 640 642 641
f 642 731 733
f 731 732 733
f 642 733 734
f 642 734 643
f 643 735 644
f 643 734 735
f 644 735 645
f 735 646 645
f 735 687 646
f 736 690 648
f 736 648 647
f 736 647 737
f 647 650 737
f 649 652 738
f 649 738 650
f 650 738 739
f 650 739 737
f 651 740 652
f 651 656 740
f 740 741 652
f 741 738 652
f 654 689 655
f 742 656 655
f 689 742 655
f 656 743 740
f 656 724 743
f 724 744 743
f 742 724 656
f 658 657 671
f 658 671 745
f 659 658 745
f 659 745 746
f 672 659 746
f 672 746 747
f 661 660 748
f 661 748 749
f 748 660 751
f 660 750 751
f 660 752 750
f 660 663 752
f 753 664 661
f 753 661 749
f 662 669 663
f 669 754 663
f 663 755 752
f 663 754 755
f 670 665 664
f 670 664 756
f 756 664 753
f 756 753 757
f 666 674 758
f 666 758 667
f 667 758 668
f 758 759 668
f 668 759 760
f 668 760 669
f 669 760 754
f 760 761 754
f 671 670 756
f 671 756 762
f 745 671 762
f 745 762 763
f 676 672 747
f 676 747 764
f 674 675 765
f 674 765 758
f 675 682 766
f 675 766 765
f 766 767 765
f 683 676 768
f 676 764 768
f 678 677 680
f 677 686 769
f 677 769 680
f 679 680 681
f 680 770 681
f 680 769 771
f 680 771 770
f 681 770 682
f 770 772 682
f 682 772 766
f 773 684 683
f 773 683 768
f 685 684 774
f 684 773 774
f 696 685 774
f 696 774 775
f 776 769 686
f 776 686 687
f 734 687 735
f 734 776 687
f 689 688 742
f 688 723 742
f 777 692 736
f 692 690 736
f 727 691 778
f 691 693 778
f 779 695 692
f 779 692 777
f 778 693 694
f 778 694 780
f 780 694 781
f 694 696 781
f 782 726 695
f 782 695 779
f 781 696 783
f 696 775 783
f 784 718 698
f 718 697 698
f 785 784 699
f 784 698 699
f 786 785 700
f 785 699 700
f 787 786 700
f 787 700 701
f 701 702 788
f 701 788 787
f 789 788 702
f 789 702 725
f 790 791 703
f 791 704 703
f 790 703 792
f 792 703 705
f 793 794 791
f 794 704 791
f 794 795 704
f 795 706 704
f 796 792 710
f 792 705 710
f 706 797 707
f 797 798 707
f 795 799 797
f 795 797 706
f 798 800 708
f 798 708 707
f 800 712 708
f 801 710 709
f 801 709 713
f 802 796 710
f 802 710 801
f 712 717 711
f 712 803 717
f 800 804 712
f 804 803 712
f 805 801 718
f 801 713 718
f 714 806 715
f 806 719 715
f 716 807 714
f 807 806 714
f 717 808 716
f 808 807 716
f 803 808 717
f 809 805 784
f 805 718 784
f 806 810 721
f 806 721 719
f 811 724 720
f 721 812 811
f 721 811 720
f 810 813 812
f 810 812 721
f 724 723 722
f 723 724 742
f 724 811 744
f 814 789 726
f 789 725 726
f 815 814 726
f 815 726 782
f 816 728 727
f 816 727 778
f 816 817 728
f 817 818 728
f 728 818 729
f 818 730 729
f 730 818 819
f 730 819 820
f 730 820 731
f 820 732 731
f 820 821 732
f 821 822 772
f 821 772 732
f 733 732 823
f 732 772 823
f 733 776 734
f 733 823 776
f 777 736 825
f 736 824 825
f 824 736 737
f 739 826 824
f 739 824 737
f 738 741 827
f 738 827 739
f 827 828 826
f 827 826 739
f 743 829 740
f 829 741 740
f 741 830 827
f 741 829 830
f 744 829 743
f 744 811 812
f 744 812 829
f 746 745 763
f 746 763 831
f 747 746 831
f 747 831 832
f 764 747 832
f 764 832 833
f 749 748 834
f 749 834 835
f 834 748 836
f 834 836 837
f 748 838 836
f 748 751 838
f 839 749 835
f 753 749 839
f 750 752 841
f 752 840 841
f 750 841 842
f 750 842 751
f 751 842 838
f 842 843 838
f 752 755 840
f 757 753 839
f 757 839 844
f 754 761 755
f 761 845 755
f 755 846 840
f 755 845 846
f 762 756 847
f 756 757 847
f 847 757 848
f 757 844 848
f 758 765 849
f 758 849 759
f 759 849 850
f 759 850 760
f 760 850 851
f 760 851 761
f 761 851 845
f 763 762 847
f 763 847 852
f 831 763 852
f 831 852 853
f 768 764 854
f 764 833 854
f 765 767 849
f 767 855 849
f 766 772 856
f 766 856 767
f 856 857 767
f 767 857 855
f 857 858 855
f 854 859 768
f 859 773 768
f 823 771 769
f 823 769 776
f 770 771 772
f 823 772 771
f 822 856 772
f 774 773 860
f 773 859 860
f 775 774 860
f 775 860 861
f 783 775 862
f 775 861 862
f 779 777 863
f 777 825 863
f 864 865 778
f 864 778 780
f 816 778 865
f 782 779 866
f 782 866 867
f 866 779 863
f 868 864 780
f 868 780 781
f 869 870 783
f 870 781 783
f 868 781 870
f 815 782 867
f 869 783 862
f 871 809 785
f 809 784 785
f 872 871 786
f 871 785 786
f 873 872 786
f 873 786 787
f 873 787 874
f 787 788 874
f 875 874 789
f 874 788 789
f 876 875 789
f 876 789 814
f 877 878 791
f 877 791 790
f 879 790 792
f 877 790 880
f 790 879 880
f 881 882 878
f 882 791 878
f 882 883 791
f 883 793 791
f 884 879 796
f 879 792 796
f 793 885 794
f 886 885 793
f 886 793 883
f 794 887 799
f 794 799 795
f 885 887 794
f 888 884 796
f 888 796 802
f 797 889 798
f 889 890 798
f 799 891 797
f 891 889 797
f 890 804 800
f 890 800 798
f 887 892 891
f 887 891 799
f 893 802 805
f 802 801 805
f 894 888 893
f 888 802 893
f 803 895 808
f 895 896 808
f 804 897 803
f 897 895 803
f 898 804 890
f 898 897 804
f 899 893 809
f 893 805 809
f 807 900 810
f 807 810 806
f 808 896 900
f 808 900 807
f 901 899 871
f 899 809 871
f 900 813 810
f 829 812 902
f 812 813 902
f 896 903 813
f 896 813 900
f 813 903 902
f 904 876 814
f 904 814 815
f 904 815 906
f 815 905 906
f 815 867 905
f 816 865 817
f 865 907 817
f 817 907 909
f 907 908 909
f 817 909 818
f 909 819 818
f 909 910 819
f 910 911 819
f 820 819 911
f 820 911 821
f 821 911 822
f 911 857 822
f 857 856 822
f 824 826 912
f 824 912 825
f 825 912 863
f 912 913 863
f 826 914 912
f 826 828 914
f 830 828 827
f 828 915 914
f 828 916 915
f 828 903 916
f 902 828 830
f 902 903 828
f 829 902 830
f 832 831 853
f 832 853 917
f 833 832 917
f 833 917 918
f 854 833 919
f 833 918 919
f 835 834 921
f 834 920 921
f 920 834 922
f 920 922 923
f 834 924 922
f 834 837 924
f 839 835 925
f 926 925 835
f 926 835 921
f 838 843 836
f 843 927 836
f 836 928 837
f 836 927 928
f 924 837 929
f 837 928 929
f 844 839 925
f 844 925 930
f 841 840 931
f 840 846 931
f 841 931 932
f 841 932 842
f 842 932 933
f 842 933 843
f 843 933 927
f 933 934 927
f 848 844 935
f 844 930 935
f 851 936 937
f 851 937 845
f 845 938 846
f 845 937 938
f 931 846 939
f 846 938 939
f 852 847 848
f 852 848 940
f 940 848 935
f 940 935 941
f 849 855 850
f 855 942 850
f 850 942 851
f 942 936 851
f 853 852 940
f 853 940 943
f 917 853 943
f 917 943 944
f 945 859 854
f 945 854 919
f 855 858 942
f 946 858 857
f 946 857 911
f 942 858 936
f 858 947 936
f 946 947 858
f 860 859 945
f 860 945 948
f 861 860 949
f 860 948 949
f 862 861 950
f 861 949 950
f 951 952 862
f 951 862 950
f 952 869 862
f 863 913 953
f 863 953 866
f 868 954 955
f 868 955 864
f 864 955 865
f 955 907 865
f 953 867 866
f 867 956 905
f 867 957 956
f 953 957 867
f 870 958 868
f 958 954 868
f 952 959 869
f 959 960 869
f 870 869 958
f 869 960 958
f 961 901 872
f 901 871 872
f 962 961 872
f 962 872 873
f 962 873 963
f 873 874 963
f 964 963 874
f 964 874 875
f 965 964 875
f 965 875 876
f 966 965 876
f 966 876 904
f 967 968 878
f 967 878 877
f 967 877 969
f 967 969 970
f 969 877 880
f 881 878 971
f 878 968 971
f 972 971 968
f 973 880 879
f 973 879 884
f 974 969 880
f 974 880 973
f 881 975 882
f 971 976 881
f 976 975 881
f 882 977 883
f 975 977 882
f 977 886 883
f 978 973 884
f 978 884 888
f 885 979 892
f 885 892 887
f 980 979 886
f 979 885 886
f 977 981 980
f 977 980 886
f 982 978 894
f 978 888 894
f 889 983 890
f 983 898 890
f 891 984 983
f 891 983 889
f 892 985 984
f 892 984 891
f 979 986 892
f 986 985 892
f 987 894 899
f 894 893 899
f 988 982 987
f 982 894 987
f 895 903 896
f 897 903 895
f 989 897 898
f 989 903 897
f 983 990 898
f 990 989 898
f 991 987 901
f 987 899 901
f 992 991 961
f 991 901 961
f 993 916 989
f 916 903 989
f 994 904 906
f 904 994 966
f 956 906 905
f 906 995 994
f 956 996 995
f 956 995 906
f 955 997 907
f 997 908 907
f 997 998 908
f 998 999 908
f 999 947 908
f 909 908 910
f 910 908 946
f 908 947 946
f 910 946 911
f 912 914 1000
f 912 1000 913
f 913 1000 953
f 914 915 1000
f 915 1001 1000
f 915 916 1001
f 916 993 1001
f 993 1002 1001
f 918 917 944
f 918 944 1003
f 919 918 1004
f 918 1003 1004
f 1005 945 919
f 1005 919 1004
f 921 920 1007
f 920 1006 1007
f 923 1009 920
f 920 1009 1006
f 1008 1006 1009
f 1010 1011 1007
f 1011 921 1007
f 926 921 1011
f 924 1012 922
f 922 1013 923
f 922 1012 1013
f 923 1014 1009
f 923 1013 1014
f 924 929 1012
f 930 925 1015
f 925 926 1015
f 1015 926 1016
f 926 1011 1016
f 927 934 928
f 934 1017 928
f 929 928 1017
f 929 1017 1018
f 929 1018 1012
f 1018 1019 1012
f 935 930 1020
f 930 1015 1020
f 931 939 1021
f 931 1021 932
f 932 1021 933
f 1021 1022 933
f 933 1022 934
f 1022 1023 934
f 934 1023 1024
f 934 1024 1017
f 941 935 1020
f 941 1020 1025
f 936 947 937
f 937 947 938
f 939 938 1026
f 938 947 1026
f 939 1026 1027
f 939 1027 1021
f 943 940 941
f 943 941 1028
f 1028 941 1025
f 1028 1025 1029
f 944 943 1028
f 944 1028 1030
f 1003 944 1030
f 1003 1030 1031
f 948 945 1032
f 945 1005 1032
f 1026 947 999
f 1026 999 1033
f 949 948 1034
f 948 1032 1034
f 950 949 1035
f 949 1034 1035
f 951 950 1036
f 1035 1036 950
f 1036 1037 951
f 952 951 959
f 951 1037 959
f 1037 1038 959
f 1039 957 953
f 1000 1039 953
f 958 1040 954
f 954 1040 955
f 1040 997 955
f 957 996 956
f 957 1041 996
f 1039 1041 957
f 958 960 1042
f 958 1042 1040
f 959 1038 960
f 1038 1043 960
f 960 1043 1042
f 1044 992 962
f 992 961 962
f 1044 962 1045
f 962 963 1045
f 1046 1045 963
f 1046 963 964
f 1047 1046 964
f 1047 964 965
f 1048 1047 965
f 1048 965 966
f 966 994 1048
f 994 1049 1048
f 1050 1051 967
f 1051 968 967
f 967 970 1052
f 967 1052 1050
f 1053 972 968
f 1053 968 1054
f 968 1051 1054
f 1055 970 969
f 1055 969 974
f 1056 1052 970
f 1056 970 1055
f 1049 1057 971
f 1057 976 971
f 972 1058 971
f 1058 1049 971
f 1053 1059 1058
f 1053 1058 972
f 1060 974 973
f 1060 973 978
f 1061 1055 974
f 1061 974 1060
f 975 1062 981
f 975 981 977
f 976 1063 975
f 1063 1062 975
f 1057 1063 976
f 1064 1060 982
f 1060 978 982
f 1065 986 979
f 1065 979 980
f 981 1066 980
f 1066 1065 980
f 1062 1067 981
f 1067 1066 981
f 1068 1064 988
f 1064 982 988
f 984 1069 990
f 984 990 983
f 985 1070 1069
f 985 1069 984
f 986 1071 1070
f 986 1070 985
f 1072 986 1065
f 1073 986 1072
f 1073 1071 986
f 1074 988 991
f 988 987 991
f 1075 1068 1074
f 1068 988 1074
f 990 1076 993
f 990 993 989
f 1069 1076 990
f 1077 1074 992
f 1074 991 992
f 1078 1077 1044
f 1077 992 1044
f 993 1076 1002
f 995 1079 994
f 994 1079 1049
f 995 1080 1079
f 995 1081 1080
f 996 1082 1081
f 996 1081 995
f 1041 1082 996
f 1040 998 997
f 1040 1083 998
f 1083 999 998
f 1083 1084 1033
f 1083 1033 999
f 1000 1001 1039
f 1001 1085 1039
f 1001 1002 1085
f 1002 1086 1085
f 1002 1076 1086
f 1076 1087 1086
f 1004 1003 1031
f 1004 1031 1088
f 1089 1005 1004
f 1089 1004 1088
f 1032 1005 1090
f 1005 1089 1090
f 1007 1006 1091
f 1007 1091 1092
f 1006 1008 1093
f 1094 1091 1006
f 1094 1006 1093
f 1092 1095 1007
f 1095 1010 1007
f 1009 1096 1097
f 1009 1097 1008
f 1008 1097 1093
f 1097 1098 1093
f 1009 1099 1096
f 1009 1014 1099
f 1016 1011 1100
f 1011 1010 1100
f 1100 1010 1101
f 1010 1095 1101
f 1012 1019 1013
f 1019 1102 1013
f 1013 1102 1103
f 1013 1103 1014
f 1014 1103 1099
f 1020 1015 1104
f 1015 1016 1104
f 1104 1016 1105
f 1016 1100 1105
f 1018 1017 1106
f 1017 1024 1106
f 1018 1106 1107
f 1018 1107 1019
f 1019 1107 1108
f 1019 1108 1102
f 1025 1020 1104
f 1025 1104 1109
f 1021 1027 1022
f 1027 1110 1022
f 1022 1110 1023
f 1110 1111 1023
f 1023 1111 1024
f 1111 1112 1024
f 1106 1024 1113
f 1113 1024 1114
f 1024 1112 1114
f 1029 1025 1109
f 1029 1109 1115
f 1026 1033 1027
f 1033 1116 1027
f 1027 1116 1110
f 1030 1028 1029
f 1030 1029 1117
f 1117 1029 1115
f 1117 1115 1118
f 1031 1030 1117
f 1031 1117 1119
f 1088 1031 1119
f 1088 1119 1120
f 1034 1032 1121
f 1032 1090 1121
f 1084 1116 1033
f 1035 1034 1122
f 1034 1121 1122
f 1122 1096 1036
f 1122 1036 1035
f 1036 1123 1037
f 1096 1123 1036
f 1123 1124 1037
f 1124 1125 1037
f 1037 1125 1038
f 1125 1126 1038
f 1038 1126 1043
f 1085 1041 1039
f 1042 1083 1040
f 1041 1127 1082
f 1041 1071 1128
f 1041 1128 1127
f 1086 1041 1085
f 1086 1087 1041
f 1087 1071 1041
f 1042 1043 1129
f 1042 1129 1083
f 1126 1130 1043
f 1130 1131 1043
f 1131 1112 1043
f 1129 1043 1132
f 1043 1112 1133
f 1043 1133 1132
f 1078 1044 1045
f 1078 1045 1134
f 1135 1134 1046
f 1134 1045 1046
f 1136 1135 1047
f 1135 1046 1047
f 1137 1136 1047
f 1137 1047 1048
f 1137 1048 1049
f 1079 1057 1049
f 1138 1137 1049
f 1138 1049 1058
f 1139 1140 1050
f 1140 1051 1050
f 1139 1050 1142
f 1050 1141 1142
f 1141 1050 1052
f 1143 1144 1051
f 1143 1051 1140
f 1144 1145 1051
f 1145 1054 1051
f 1146 1141 1052
f 1146 1052 1056
f 1054 1147 1059
f 1054 1059 1053
f 1145 1148 1054
f 1148 1147 1054
f 1149 1056 1055
f 1149 1055 1061
f 1150 1146 1056
f 1150 1056 1149
f 1057 1151 1063
f 1079 1080 1057
f 1080 1151 1057
f 1152 1138 1058
f 1152 1058 1059
f 1153 1152 1059
f 1153 1059 1147
f 1154 1061 1060
f 1154 1060 1064
f 1155 1149 1061
f 1155 1061 1154
f 1063 1156 1067
f 1063 1067 1062
f 1151 1156 1063
f 1157 1154 1068
f 1154 1064 1068
f 1066 1158 1072
f 1066 1072 1065
f 1067 1159 1158
f 1067 1158 1066
f 1156 1159 1067
f 1160 1157 1075
f 1157 1068 1075
f 1070 1087 1069
f 1087 1076 1069
f 1071 1087 1070
f 1128 1071 1073
f 1158 1161 1073
f 1158 1073 1072
f 1161 1128 1073
f 1162 1075 1077
f 1075 1074 1077
f 1163 1160 1162
f 1160 1075 1162
f 1164 1162 1078
f 1162 1077 1078
f 1164 1078 1134
f 1164 1134 1165
f 1080 1166 1151
f 1081 1166 1080
f 1081 1161 1167
f 1081 1167 1166
f 1127 1081 1082
f 1127 1161 1081
f 1129 1084 1083
f 1129 1132 1084
f 1132 1133 1116
f 1132 1116 1084
f 1168 1089 1120
f 1089 1088 1120
f 1090 1089 1168
f 1090 1168 1169
f 1121 1090 1169
f 1121 1169 1170
f 1092 1091 1171
f 1092 1171 1172
f 1171 1091 1174
f 1091 1173 1174
f 1091 1175 1173
f 1091 1094 1175
f 1176 1177 1092
f 1176 1092 1172
f 1095 1092 1177
f 1093 1098 1094
f 1098 1178 1094
f 1094 1178 1179
f 1094 1179 1175
f 1101 1095 1180
f 1095 1177 1180
f 1096 1099 1123
f 1097 1096 1182
f 1096 1181 1182
f 1096 1122 1181
f 1098 1097 1183
f 1097 1182 1183
f 1178 1098 1184
f 1098 1183 1184
f 1103 1185 1099
f 1099 1124 1123
f 1099 1185 1124
f 1105 1100 1186
f 1100 1101 1186
f 1186 1101 1187
f 1101 1180 1187
f 1102 1108 1103
f 1108 1188 1103
f 1103 1188 1185
f 1109 1104 1189
f 1104 1105 1189
f 1189 1105 1190
f 1105 1186 1190
f 1106 1113 1107
f 1113 1191 1107
f 1107 1191 1108
f 1191 1192 1108
f 1108 1192 1188
f 1115 1109 1189
f 1115 1189 1193
f 1110 1116 1133
f 1110 1133 1111
f 1111 1133 1112
f 1114 1112 1131
f 1113 1114 1191
f 1114 1194 1191
f 1114 1131 1194
f 1118 1115 1193
f 1118 1193 1195
f 1119 1117 1118
f 1119 1118 1196
f 1196 1118 1195
f 1196 1195 1197
f 1120 1119 1196
f 1120 1196 1198
f 1199 1168 1198
f 1168 1120 1198
f 1122 1121 1181
f 1121 1170 1181
f 1185 1200 1124
f 1124 1200 1125
f 1200 1201 1125
f 1201 1194 1125
f 1126 1125 1130
f 1125 1194 1130
f 1128 1161 1127
f 1130 1194 1131
f 1202 1165 1135
f 1165 1134 1135
f 1203 1202 1136
f 1202 1135 1136
f 1138 1203 1136
f 1138 1136 1137
f 1152 1204 1203
f 1152 1203 1138
f 1205 1206 1139
f 1206 1140 1139
f 1205 1139 1207
f 1205 1207 1208
f 1207 1139 1142
f 1209 1210 1140
f 1209 1140 1206
f 1210 1143 1140
f 1211 1142 1141
f 1211 1141 1146
f 1212 1207 1142
f 1212 1142 1211
f 1143 1213 1144
f 1213 1214 1144
f 1210 1215 1143
f 1215 1213 1143
f 1144 1214 1145
f 1214 1148 1145
f 1216 1211 1146
f 1216 1146 1150
f 1148 1153 1147
f 1217 1153 1148
f 1217 1148 1214
f 1218 1150 1149
f 1218 1149 1155
f 1219 1216 1150
f 1219 1150 1218
f 1151 1220 1156
f 1166 1220 1151
f 1153 1221 1204
f 1153 1204 1152
f 1217 1222 1221
f 1217 1221 1153
f 1223 1155 1157
f 1155 1154 1157
f 1224 1218 1155
f 1224 1155 1223
f 1156 1225 1159
f 1220 1225 1156
f 1226 1223 1160
f 1223 1157 1160
f 1159 1227 1158
f 1227 1167 1158
f 1167 1161 1158
f 1225 1227 1159
f 1228 1226 1163
f 1226 1160 1163
f 1229 1163 1164
f 1163 1162 1164
f 1230 1228 1163
f 1230 1163 1229
f 1229 1164 1165
f 1229 1165 1231
f 1232 1231 1202
f 1231 1165 1202
f 1166 1167 1220
f 1233 1167 1227
f 1167 1233 1220
f 1169 1168 1199
f 1169 1199 1234
f 1170 1169 1234
f 1170 1234 1235
f 1181 1170 1182
f 1170 1235 1182
f 1172 1171 1236
f 1172 1236 1237
f 1236 1171 1239
f 1171 1238 1239
f 1171 1174 1238
f 1240 1241 1237
f 1241 1172 1237
f 1176 1172 1241
f 1175 1179 1242
f 1175 1242 1173
f 1173 1242 1243
f 1173 1243 1174
f 1174 1243 1244
f 1174 1244 1238
f 1180 1177 1245
f 1177 1176 1245
f 1245 1176 1246
f 1176 1241 1246
f 1178 1184 1179
f 1242 1179 1247
f 1179 1184 1247
f 1187 1180 1248
f 1180 1245 1248
f 1182 1235 1183
f 1235 1249 1183
f 1183 1249 1184
f 1249 1250 1184
f 1184 1250 1247
f 1250 1251 1247
f 1188 1252 1185
f 1185 1252 1200
f 1190 1186 1253
f 1186 1187 1253
f 1253 1187 1254
f 1187 1248 1254
f 1192 1255 1188
f 1188 1255 1252
f 1193 1189 1190
f 1193 1190 1256
f 1256 1190 1257
f 1190 1253 1257
f 1191 1201 1258
f 1191 1258 1192
f 1191 1194 1201
f 1192 1258 1255
f 1195 1193 1256
f 1195 1256 1259
f 1197 1195 1259
f 1197 1259 1260
f 1198 1196 1197
f 1198 1197 1261
f 1261 1197 1262
f 1197 1260 1262
f 1263 1199 1261
f 1199 1198 1261
f 1234 1199 1263
f 1234 1263 1264
f 1252 1201 1200
f 1258 1201 1265
f 1252 1265 1201
f 1204 1232 1203
f 1232 1202 1203
f 1221 1266 1204
f 1266 1232 1204
f 1267 1268 1205
f 1268 1206 1205
f 1267 1205 1269
f 1205 1208 1269
f 1270 1209 1206
f 1270 1206 1268
f 1271 1208 1207
f 1271 1207 1212
f 1272 1269 1208
f 1272 1208 1271
f 1209 1273 1210
f 1273 1215 1210
f 1270 1274 1209
f 1274 1273 1209
f 1275 1212 1211
f 1275 1211 1216
f 1276 1271 1212
f 1276 1212 1275
f 1215 1277 1213
f 1277 1217 1213
f 1217 1214 1213
f 1278 1277 1215
f 1278 1215 1273
f 1279 1275 1216
f 1279 1216 1219
f 1277 1280 1222
f 1277 1222 1217
f 1281 1219 1224
f 1219 1218 1224
f 1282 1279 1281
f 1279 1219 1281
f 1220 1233 1225
f 1222 1283 1221
f 1283 1266 1221
f 1280 1284 1222
f 1284 1283 1222
f 1285 1224 1226
f 1224 1223 1226
f 1286 1281 1285
f 1281 1224 1285
f 1225 1233 1227
f 1287 1285 1228
f 1285 1226 1228
f 1288 1287 1228
f 1288 1228 1230
f 1230 1229 1289
f 1229 1231 1289
f 1288 1230 1290
f 1230 1289 1290
f 1266 1289 1231
f 1266 1231 1232
f 1235 1234 1264
f 1235 1264 1249
f 1237 1236 1291
f 1237 1291 1292
f 1291 1236 1293
f 1236 1239 1293
f 1294 1240 1237
f 1294 1237 1292
f 1238 1244 1295
f 1238 1295 1239
f 1239 1295 1296
f 1239 1296 1293
f 1246 1241 1297
f 1241 1240 1297
f 1297 1240 1298
f 1240 1294 1298
f 1243 1242 1247
f 1243 1247 1299
f 1243 1299 1244
f 1295 1244 1300
f 1244 1299 1300
f 1248 1245 1301
f 1245 1246 1301
f 1301 1246 1302
f 1246 1297 1302
f 1247 1251 1299
f 1251 1303 1299
f 1254 1248 1304
f 1248 1301 1304
f 1249 1264 1305
f 1249 1305 1250
f 1250 1305 1306
f 1250 1306 1251
f 1251 1306 1307
f 1251 1307 1303
f 1255 1265 1252
f 1257 1253 1254
f 1257 1254 1308
f 1308 1254 1304
f 1308 1304 1309
f 1258 1265 1255
f 1259 1256 1257
f 1259 1257 1310
f 1310 1257 1308
f 1310 1308 1311
f 1260 1259 1310
f 1260 1310 1312
f 1262 1260 1313
f 1260 1312 1313
f 1314 1263 1261
f 1314 1261 1262
f 1315 1314 1262
f 1315 1262 1313
f 1264 1263 1305
f 1263 1314 1305
f 1283 1290 1289
f 1283 1289 1266
f 1316 1267 1317
f 1267 1269 1317
f 1316 1318 1267
f 1318 1268 1267
f 1318 1319 1270
f 1318 1270 1268
f 1269 1272 1320
f 1269 1320 1317
f 1274 1270 1321
f 1270 1319 1321
f 1322 1272 1271
f 1322 1271 1276
f 1320 1272 1323
f 1272 1322 1323
f 1273 1274 1278
f 1274 1324 1278
f 1325 1274 1321
f 1325 1326 1324
f 1325 1324 1274
f 1327 1276 1275
f 1327 1275 1279
f 1328 1322 1276
f 1328 1276 1327
f 1278 1329 1280
f 1278 1280 1277
f 1324 1330 1329
f 1324 1329 1278
f 1331 1327 1282
f 1327 1279 1282
f 1329 1332 1284
f 1329 1284 1280
f 1333 1282 1286
f 1282 1281 1286
f 1334 1331 1333
f 1331 1282 1333
f 1284 1335 1290
f 1284 1290 1283
f 1332 1336 1335
f 1332 1335 1284
f 1337 1286 1287
f 1286 1285 1287
f 1338 1333 1337
f 1333 1286 1337
f 1339 1337 1287
f 1339 1287 1288
f 1339 1288 1335
f 1288 1290 1335
f 1291 1293 1341
f 1293 1340 1341
f 1292 1291 1341
f 1292 1341 1342
f 1343 1294 1292
f 1343 1292 1342
f 1344 1293 1296
f 1344 1340 1293
f 1343 1345 1294
f 1345 1298 1294
f 1300 1346 1296
f 1300 1296 1295
f 1344 1296 1347
f 1296 1346 1347
f 1346 1348 1347
f 1302 1297 1349
f 1297 1298 1349
f 1350 1298 1345
f 1350 1349 1298
f 1299 1303 1300
f 1303 1351 1300
f 1300 1351 1346
f 1351 1352 1346
f 1304 1301 1353
f 1301 1302 1353
f 1353 1302 1354
f 1302 1349 1354
f 1303 1307 1351
f 1307 1355 1351
f 1309 1304 1353
f 1309 1353 1356
f 1305 1314 1306
f 1314 1315 1306
f 1306 1315 1307
f 1315 1357 1307
f 1307 1357 1355
f 1357 1358 1355
f 1311 1308 1309
f 1311 1309 1359
f 1359 1309 1356
f 1359 1356 1360
f 1312 1310 1311
f 1312 1311 1361
f 1361 1311 1359
f 1361 1359 1362
f 1313 1312 1363
f 1312 1361 1363
f 1357 1315 1313
f 1357 1313 1363
f 1364 1316 1365
f 1316 1317 1365
f 1364 1366 1318
f 1364 1318 1316
f 1317 1320 1367
f 1317 1367 1365
f 1366 1368 1319
f 1366 1319 1318
f 1319 1368 1321
f 1367 1320 1323
f 1369 1326 1321
f 1326 1325 1321
f 1370 1369 1321
f 1371 1370 1321
f 1371 1321 1368
f 1370 1323 1369
f 1323 1322 1369
f 1322 1328 1373
f 1328 1372 1373
f 1322 1373 1369
f 1371 1367 1323
f 1371 1323 1370
f 1326 1374 1330
f 1326 1330 1324
f 1369 1373 1326
f 1373 1372 1326
f 1374 1326 1372
f 1375 1328 1331
f 1328 1327 1331
f 1328 1375 1372
f 1375 1376 1372
f 1330 1377 1332
f 1330 1332 1329
f 1374 1378 1377
f 1374 1377 1330
f 1379 1375 1334
f 1375 1331 1334
f 1377 1380 1336
f 1377 1336 1332
f 1381 1334 1338
f 1334 1333 1338
f 1382 1379 1381
f 1379 1334 1381
f 1383 1339 1336
f 1339 1335 1336
f 1336 1380 1383
f 1380 1384 1383
f 1383 1338 1337
f 1383 1337 1339
f 1384 1381 1338
f 1384 1338 1383
f 1344 1385 1340
f 1341 1340 1386
f 1340 1385 1386
f 1342 1341 1387
f 1341 1386 1387
f 1388 1343 1342
f 1388 1342 1387
f 1388 1389 1343
f 1389 1345 1343
f 1344 1348 1390
f 1344 1347 1348
f 1344 1390 1391
f 1385 1344 1392
f 1344 1391 1392
f 1350 1345 1389
f 1346 1352 1348
f 1352 1393 1348
f 1348 1394 1390
f 1348 1395 1394
f 1395 1348 1393
f 1390 1349 1350
f 1390 1350 1391
f 1394 1395 1354
f 1394 1354 1349
f 1390 1394 1349
f 1350 1389 1392
f 1391 1350 1392
f 1351 1355 1352
f 1355 1396 1352
f 1352 1396 1393
f 1396 1397 1393
f 1356 1353 1354
f 1356 1354 1398
f 1395 1399 1398
f 1395 1398 1354
f 1355 1358 1396
f 1358 1400 1396
f 1360 1356 1398
f 1360 1398 1401
f 1358 1357 1363
f 1358 1363 1402
f 1402 1403 1400
f 1402 1400 1358
f 1362 1359 1360
f 1362 1360 1404
f 1404 1360 1401
f 1404 1401 1405
f 1363 1361 1402
f 1361 1362 1402
f 1402 1362 1403
f 1362 1404 1403
f 1365 1406 1364
f 1406 1366 1364
f 1406 1365 1367
f 1366 1406 1368
f 1406 1367 1407
f 1367 1371 1407
f 1407 1371 1368
f 1407 1368 1406
f 1372 1376 1408
f 1372 1408 1374
f 1409 1374 1410
f 1374 1408 1410
f 1409 1378 1374
f 1375 1379 1411
f 1411 1376 1375
f 1408 1376 1410
f 1376 1411 1410
f 1378 1412 1380
f 1378 1380 1377
f 1409 1413 1378
f 1412 1378 1413
f 1412 1413 1414
f 1411 1379 1415
f 1415 1379 1382
f 1412 1416 1384
f 1412 1384 1380
f 1416 1382 1381
f 1416 1381 1384
f 1382 1417 1415
f 1417 1382 1418
f 1382 1416 1418
f 1416 1419 1418
f 1420 1385 1421
f 1385 1392 1421
f 1385 1420 1386
f 1387 1386 1420
f 1387 1420 1388
f 1389 1388 1420
f 1421 1392 1389
f 1421 1389 1420
f 1422 1393 1423
f 1422 1424 1393
f 1393 1424 1395
f 1393 1397 1423
f 1424 1399 1395
f 1396 1400 1397
f 1400 1425 1397
f 1397 1426 1423
f 1427 1426 1425
f 1426 1397 1425
f 1428 1401 1398
f 1398 1399 1428
f 1422 1399 1424
f 1422 1428 1399
f 1400 1403 1425
f 1403 1429 1425
f 1430 1401 1428
f 1405 1401 1430
f 1403 1404 1429
f 1404 1405 1429
f 1430 1431 1405
f 1432 1405 1431
f 1432 1433 1429
f 1432 1429 1405
f 1434 1409 1410
f 1434 1435 1409
f 1435 1436 1409
f 1436 1413 1409
f 1411 1415 1410
f 1415 1437 1410
f 1437 1434 1410
f 1416 1412 1414
f 1414 1413 1436
f 1416 1414 1438
f 1414 1439 1438
f 1439 1414 1440
f 1441 1440 1414
f 1441 1414 1436
f 1437 1415 1442
f 1442 1415 1417
f 1419 1416 1438
f 1417 1443 1444
f 1417 1444 1442
f 1443 1417 1418
f 1418 1419 1445
f 1418 1445 1443
f 1445 1419 1438
f 1422 1430 1428
f 1422 1446 1430
f 1422 1447 1446
f 1422 1423 1447
f 1423 1448 1447
f 1423 1449 1448
f 1423 1426 1449
f 1427 1425 1429
f 1449 1426 1427
f 1450 1427 1429
f 1450 1451 1427
f 1452 1427 1451
f 1427 1452 1453
f 1449 1427 1453
f 1450 1429 1433
f 1454 1430 1446
f 1431 1430 1454
f 1454 1455 1431
f 1455 1456 1431
f 1432 1431 1456
f 1456 1457 1432
f 1457 1433 1432
f 1450 1433 1457
f 1458 1435 1444
f 1435 1434 1444
f 1434 1437 1444
f 1437 1442 1444
f 1441 1436 1435
f 1440 1441 1458
f 1441 1435 1458
f 1439 1445 1438
f 1458 1445 1439
f 1458 1439 1440
f 1444 1443 1445
f 1444 1445 1458
f 1455 1454 1446
f 1455 1446 1447
f 1455 1447 1448
f 1455 1448 1459
f 1448 1449 1453
f 1459 1448 1453
f 1459 1453 1452
f 1450 1457 1451
f 1452 1451 1459
f 1451 1457 1459
f 1459 1457 1455
f 1457 1456 1455
