# Generated by Visualization Toolkit
v 0.07419200241565704 -0.0015589999966323376 0.012277999892830849
v 0.07310699671506882 -0.003002000041306019 0.010835999622941017
v 0.07691799849271774 -0.003002000041306019 0.015495000407099724
v 0.07542899996042252 -0.001057000015862286 0.014580000191926956
v 0.0665540024638176 -0.0006769999745301902 0.011366000398993492
v 0.06532099843025208 -0.003002000041306019 0.008147000335156918
v 0.06793499737977982 -0.0002789999998640269 0.015432000160217285
v 0.07333400100469589 -0.00456500006839633 0.012121999636292458
v 0.06547799706459045 -0.006128000095486641 0.00950200017541647
v 0.07583100348711014 -0.001057000015862286 0.01686299964785576
v 0.07596699893474579 -0.0016789999790489674 0.019051000475883484
v 0.0759269967675209 -0.003002000041306019 0.020238999277353287
v 0.07521399855613708 -0.004443999845534563 0.019492000341415405
v 0.07425999641418457 -0.0053369998931884766 0.017376000061631203
v 0.07377699762582779 -0.0053369998931884766 0.014636999927461147
v 0.06849800050258636 -0.0002789999998640269 0.018626999109983444
v 0.06251099705696106 -0.0011980000417679548 0.013414000160992146
v 0.0648450031876564 -0.003002000041306019 0.012039000168442726
v 0.06049500033259392 -0.000018999999156221747 0.016587000340223312
v 0.06543000042438507 -0.004765999969094992 0.013003000058233738
v 0.06111200153827667 -0.000018999999156221747 0.020085999742150307
v 0.06621599942445755 -0.008320000022649765 0.014165000058710575
v 0.06631000339984894 -0.0058559998869895935 0.01563899964094162
v 0.07068900018930435 -0.0010389999952167273 0.021624000743031502
v 0.07265599817037582 -0.003002000041306019 0.023353999480605125
v 0.07031399756669998 -0.0057669999077916145 0.02374500036239624
v 0.06731600314378738 -0.008320000022649765 0.0204050000756979
v 0.06373800337314606 -0.001639000023715198 0.021310999989509583
v 0.05719500035047531 0.00008399999933317304 0.011064999736845493
v 0.059415001422166824 -0.003002000041306019 0.010458000004291534
v 0.055688001215457916 0.002833999926224351 0.01570899970829487
v 0.05989399924874306 -0.005446999799460173 0.012232000008225441
v 0.056894998997449875 0.002833999926224351 0.022554999217391014
v 0.06073800101876259 -0.006763000041246414 0.01607299968600273
v 0.059369999915361404 -0.0007570000016130507 0.02433899976313114
v 0.06689999997615814 -0.0058559998869895935 0.01898599974811077
v 0.06151600182056427 -0.006763000041246414 0.020486000925302505
v 0.06595499813556671 -0.003002000041306019 0.02022000029683113
v 0.06661999970674515 -0.00432500010356307 0.020698999986052513
v 0.060958001762628555 -0.003002000041306019 0.021100999787449837
v 0.05237499997019768 0.0006040000007487833 0.010579999536275864
v 0.05330299958586693 -0.003002000041306019 0.005950000137090683
v 0.05178000032901764 0.0016659999964758754 0.017102999612689018
v 0.054055001586675644 -0.007369999773800373 0.008333000354468822
v 0.0527460016310215 0.0016659999964758754 0.02258099988102913
v 0.055553000420331955 -0.010134999640285969 0.014946999959647655
v 0.05514900013804436 -0.00027600000612437725 0.026316000148653984
v 0.05702900141477585 -0.010134999640285969 0.023315999656915665
v 0.05703600123524666 -0.003002000041306019 0.02712400071322918
v 0.0615059994161129 -0.004604999907314777 0.02232000045478344
v 0.05749699845910072 -0.00648800004273653 0.027853000909090042
v 0.05115199834108353 0.00008399999933317304 0.012130999937653542
v 0.05084900185465813 -0.003002000041306019 0.009936000220477581
v 0.051927000284194946 0.0017960000550374389 0.01699800044298172
v 0.051134999841451645 -0.006128000095486641 0.01203100010752678
v 0.05291999876499176 0.0017960000550374389 0.022628000006079674
v 0.051913999021053314 -0.007930000312626362 0.0169220007956028
v 0.05343199893832207 -0.0005169999785721302 0.026002999395132065
v 0.05293399840593338 -0.007930000312626362 0.022704999893903732
v 0.053348999470472336 -0.003002000041306019 0.025996999815106392
v 0.053449999541044235 -0.005526999942958355 0.02610200084745884
v 0.05274700000882149 -0.003002000041306019 0.019757000729441643
v 0.07042499631643295 -0.0025259999092668295 -0.014267999678850174
v 0.07006700336933136 -0.003002000041306019 -0.01474399957805872
v 0.07132499665021896 -0.003002000041306019 -0.013206000439822674
v 0.0708329975605011 -0.002360000042244792 -0.013507000170648098
v 0.0679050013422966 -0.0022350000217556953 -0.014569000340998173
v 0.06749799847602844 -0.003002000041306019 -0.015630999580025673
v 0.06836099922657013 -0.002102999947965145 -0.013226999901235104
v 0.07014200091362 -0.0035180000122636557 -0.01432000007480383
v 0.06755000352859497 -0.004033000208437443 -0.015184000134468079
v 0.07096599787473679 -0.002360000042244792 -0.012755000032484531
v 0.0710109993815422 -0.0025659999810159206 -0.012032999657094479
v 0.07099799811840057 -0.003002000041306019 -0.011641999706625938
v 0.070762999355793 -0.0034779999405145645 -0.011886999942362309
v 0.07044800370931625 -0.003773000091314316 -0.01258500013500452
v 0.07028800249099731 -0.003773000091314316 -0.01348899956792593
v 0.06854599714279175 -0.002102999947965145 -0.012172999791800976
v 0.06657099723815918 -0.0024059999268501997 -0.013892999850213528
v 0.06734099984169006 -0.003002000041306019 -0.014347000047564507
v 0.06590499728918076 -0.0020169999916106462 -0.012846999801695347
v 0.06753399968147278 -0.0035840000491589308 -0.014028999954462051
v 0.06610900163650513 -0.0020169999916106462 -0.011691000312566757
v 0.06779299676418304 -0.004757000133395195 -0.013646000064909458
v 0.06782399863004684 -0.003944000229239464 -0.013159000314772129
v 0.06926900148391724 -0.0023539999965578318 -0.011183000169694424
v 0.06991799920797348 -0.003002000041306019 -0.010613000020384789
v 0.06914599984884262 -0.003914999775588512 -0.010483000427484512
v 0.06815599650144577 -0.004757000133395195 -0.011586000211536884
v 0.06697499752044678 -0.002552000107243657 -0.011288000270724297
v 0.06481599807739258 -0.0019839999731630087 -0.014667999930679798
v 0.06554900109767914 -0.003002000041306019 -0.014867999590933323
v 0.06431899964809418 -0.0010770000517368317 -0.013135000132024288
v 0.0657069981098175 -0.0038079998921602964 -0.01428299956023693
v 0.06471700221300125 -0.0010770000517368317 -0.010875999927520752
v 0.06598500162363052 -0.004242999944835901 -0.013016000390052795
v 0.06553400307893753 -0.0022619999945163727 -0.010288000106811523
v 0.06801900267601013 -0.003944000229239464 -0.01205500029027462
v 0.06624200195074081 -0.004242999944835901 -0.011559000238776207
v 0.06770700216293335 -0.003002000041306019 -0.011646999977529049
v 0.06792700290679932 -0.0034390001092106104 -0.011489000171422958
v 0.06605800241231918 -0.003002000041306019 -0.011355999857187271
v 0.06322599947452545 -0.0018119999440386891 -0.014826999977231026
v 0.06353200227022171 -0.003002000041306019 -0.016356000676751137
v 0.06302899867296219 -0.0014609999489039183 -0.012675999663770199
v 0.06378000229597092 -0.004443000070750713 -0.015569999814033508
v 0.06334800273180008 -0.0014609999489039183 -0.010866999626159668
v 0.06427499651908875 -0.005355999805033207 -0.013388000428676605
v 0.06414099782705307 -0.002102999947965145 -0.009634999558329582
v 0.06476200371980667 -0.005355999805033207 -0.010625000111758709
v 0.06476400047540665 -0.003002000041306019 -0.009368999861180782
v 0.06623899936676025 -0.0035310001112520695 -0.010954000055789948
v 0.06491599977016449 -0.004153000190854073 -0.009127000346779823
v 0.06282199919223785 -0.0019839999731630087 -0.014317000284790993
v 0.06272199749946594 -0.003002000041306019 -0.015041000209748745
v 0.06307800114154816 -0.0014189999783411622 -0.01271000038832426
v 0.06281699985265732 -0.004033000208437443 -0.014348999597132206
v 0.06340599805116653 -0.0014189999783411622 -0.010851999744772911
v 0.06307400017976761 -0.004627999849617481 -0.012734999880194664
v 0.06357499957084656 -0.002182000083848834 -0.009739000350236893
v 0.06340999901294708 -0.004627999849617481 -0.010827000252902508
v 0.06354700028896332 -0.003002000041306019 -0.009739999659359455
v 0.0635799989104271 -0.0038350000977516174 -0.009705999866127968
v 0.06334800273180008 -0.003002000041306019 -0.011800000444054604
v 0.04975400120019913 -0.0025259999092668295 -0.027123000472784042
v 0.04939600080251694 -0.003002000041306019 -0.02759999968111515
v 0.05065400153398514 -0.003002000041306019 -0.026062000542879105
v 0.050161998718976974 -0.002360000042244792 -0.026364000514149666
v 0.04723300039768219 -0.0022350000217556953 -0.027425000444054604
v 0.04682699963450432 -0.003002000041306019 -0.02848700061440468
v 0.04768899828195572 -0.002102999947965145 -0.026083000004291534
v 0.04947099834680557 -0.0035180000122636557 -0.027174999937415123
v 0.04687799885869026 -0.004033000208437443 -0.028039000928401947
v 0.05029499903321266 -0.002360000042244792 -0.025611000135540962
v 0.05034000054001808 -0.0025659999810159206 -0.02488899976015091
v 0.05032699927687645 -0.003002000041306019 -0.02449600026011467
v 0.05009099841117859 -0.0034779999405145645 -0.02474300004541874
v 0.049775999039411545 -0.003773000091314316 -0.02544100023806095
v 0.04961699992418289 -0.003773000091314316 -0.02634499967098236
v 0.047874998301267624 -0.002102999947965145 -0.025028999894857407
v 0.04589900001883507 -0.0024059999268501997 -0.02674899995326996
v 0.04666899889707565 -0.003002000041306019 -0.027202000841498375
v 0.04523399844765663 -0.0020169999916106462 -0.02570199966430664
v 0.04686199873685837 -0.0035840000491589308 -0.02688400074839592
v 0.045437999069690704 -0.0020169999916106462 -0.024546999484300613
v 0.04712200164794922 -0.004757000133395195 -0.026499999687075615
v 0.04715299978852272 -0.003944000229239464 -0.026014000177383423
v 0.048597998917102814 -0.0023539999965578318 -0.024039000272750854
v 0.049247000366449356 -0.003002000041306019 -0.023468000814318657
v 0.04847399890422821 -0.003914999775588512 -0.023339999839663506
v 0.047485001385211945 -0.004757000133395195 -0.024442000314593315
v 0.04630399867892265 -0.002552000107243657 -0.024142000824213028
v 0.044144999235868454 -0.0019839999731630087 -0.02752400003373623
v 0.04487700015306473 -0.003002000041306019 -0.027723999693989754
v 0.04364699870347977 -0.0010770000517368317 -0.025992000475525856
v 0.04503599926829338 -0.0038079998921602964 -0.027139000594615936
v 0.04404599964618683 -0.0010770000517368317 -0.023731999099254608
v 0.0453139990568161 -0.004242999944835901 -0.02587199956178665
v 0.04486300051212311 -0.0022619999945163727 -0.023143000900745392
v 0.04734800010919571 -0.003944000229239464 -0.02490999922156334
v 0.04557099938392639 -0.004242999944835901 -0.024414999410510063
v 0.04703599959611893 -0.003002000041306019 -0.02450300008058548
v 0.04725499823689461 -0.0034390001092106104 -0.024344999343156815
v 0.04538699984550476 -0.003002000041306019 -0.024212000891566277
v 0.04255399852991104 -0.0018119999440386891 -0.02768399938941002
v 0.0428600013256073 -0.003002000041306019 -0.029211999848484993
v 0.042357999831438065 -0.0014609999489039183 -0.025530999526381493
v 0.043108999729156494 -0.004443000070750713 -0.028426000848412514
v 0.04267700016498566 -0.0014609999489039183 -0.023723000660538673
v 0.04360299929976463 -0.005355999805033207 -0.026241999119520187
v 0.043469998985528946 -0.002102999947965145 -0.022491000592708588
v 0.04408999904990196 -0.005355999805033207 -0.02348100021481514
v 0.04409300163388252 -0.003002000041306019 -0.022223999723792076
v 0.04556800052523613 -0.0035310001112520695 -0.023809999227523804
v 0.044245000928640366 -0.004153000190854073 -0.021983999758958817
v 0.04215100035071373 -0.0019839999731630087 -0.027171999216079712
v 0.04205099865794182 -0.003002000041306019 -0.02789600007236004
v 0.042406998574733734 -0.0014189999783411622 -0.02556600049138069
v 0.04214499890804291 -0.004033000208437443 -0.027204999700188637
v 0.04273400083184242 -0.0014189999783411622 -0.023708000779151917
v 0.0424019992351532 -0.004627999849617481 -0.02559100091457367
v 0.04290299862623215 -0.002182000083848834 -0.022593999281525612
v 0.04273900017142296 -0.004627999849617481 -0.0236820001155138
v 0.04287499934434891 -0.003002000041306019 -0.022597000002861023
v 0.04290900006890297 -0.0038350000977516174 -0.022562000900506973
v 0.04267700016498566 -0.003002000041306019 -0.024654999375343323
v 0.03339099884033203 -0.0025259999092668295 -0.040738001465797424
v 0.03303299844264984 -0.003002000041306019 -0.04121499881148338
v 0.03429099917411804 -0.003002000041306019 -0.03967700153589249
v 0.03379900008440018 -0.002360000042244792 -0.0399789996445179
v 0.030869999900460243 -0.0022350000217556953 -0.041039999574422836
v 0.03046399913728237 -0.003002000041306019 -0.04210200160741806
v 0.03132599964737892 -0.002102999947965145 -0.039698000997304916
v 0.033107999712228775 -0.0035180000122636557 -0.04079100117087364
v 0.030515000224113464 -0.004033000208437443 -0.04165500029921532
v 0.033932000398635864 -0.002360000042244792 -0.039225999265909195
v 0.033976998180150986 -0.0025659999810159206 -0.03850400075316429
v 0.03396400064229965 -0.003002000041306019 -0.03811199963092804
v 0.03372799977660179 -0.0034779999405145645 -0.03835900127887726
v 0.03341300040483475 -0.003773000091314316 -0.03905700147151947
v 0.033254001289606094 -0.003773000091314316 -0.03996099904179573
v 0.031511999666690826 -0.002102999947965145 -0.03864400088787079
v 0.02953599952161312 -0.0024059999268501997 -0.04036400094628334
v 0.030306000262498856 -0.003002000041306019 -0.040817998349666595
v 0.028870999813079834 -0.0020169999916106462 -0.03931799903512001
v 0.03049900010228157 -0.0035840000491589308 -0.04050000011920929
v 0.029075000435113907 -0.0020169999916106462 -0.03816299885511398
v 0.030758999288082123 -0.004757000133395195 -0.040116000920534134
v 0.030789999291300774 -0.003944000229239464 -0.03963100165128708
v 0.032235000282526016 -0.0023539999965578318 -0.037654999643564224
v 0.03288400173187256 -0.003002000041306019 -0.03708399832248688
v 0.03211100026965141 -0.003914999775588512 -0.036956001073122025
v 0.031122000887989998 -0.004757000133395195 -0.038058001548051834
v 0.029941000044345856 -0.002552000107243657 -0.037758998572826385
v 0.027782000601291656 -0.0019839999731630087 -0.04113899916410446
v 0.028514999896287918 -0.003002000041306019 -0.04134000092744827
v 0.027285000309348106 -0.0010770000517368317 -0.03960699960589409
v 0.028673000633716583 -0.0038079998921602964 -0.04075400158762932
v 0.027682999148964882 -0.0010770000517368317 -0.03734799847006798
v 0.028951000422239304 -0.004242999944835901 -0.039487000554800034
v 0.02850000001490116 -0.0022619999945163727 -0.03675900027155876
v 0.030984999611973763 -0.003944000229239464 -0.03852599859237671
v 0.029208000749349594 -0.004242999944835901 -0.03803100064396858
v 0.03067299909889698 -0.003002000041306019 -0.03811800107359886
v 0.030892999842762947 -0.0034390001092106104 -0.0379600003361702
v 0.029023999348282814 -0.003002000041306019 -0.0378279983997345
v 0.026190999895334244 -0.0018119999440386891 -0.04129999876022339
v 0.02649799920618534 -0.003002000041306019 -0.042826998978853226
v 0.025994999334216118 -0.0014609999489039183 -0.03914799913764
v 0.026745999231934547 -0.004443000070750713 -0.042040999978780746
v 0.02631399966776371 -0.0014609999489039183 -0.03734000027179718
v 0.027241000905632973 -0.005355999805033207 -0.03985799849033356
v 0.02710700035095215 -0.002102999947965145 -0.03610699996352196
v 0.027727000415325165 -0.005355999805033207 -0.03709600120782852
v 0.027729999274015427 -0.003002000041306019 -0.035840000957250595
v 0.029205000028014183 -0.0035310001112520695 -0.03742599859833717
v 0.02788200043141842 -0.004153000190854073 -0.03559799864888191
v 0.025787999853491783 -0.0019839999731630087 -0.04078799858689308
v 0.02568800002336502 -0.003002000041306019 -0.04151099920272827
v 0.026043999940156937 -0.0014189999783411622 -0.03918199986219406
v 0.02578200027346611 -0.004033000208437443 -0.04081999883055687
v 0.026371000334620476 -0.0014189999783411622 -0.0373230017721653
v 0.0260390006005764 -0.004627999849617481 -0.03920599818229675
v 0.02653999999165535 -0.002182000083848834 -0.03621000051498413
v 0.02637599967420101 -0.004627999849617481 -0.03729800134897232
v 0.026512999087572098 -0.003002000041306019 -0.036212000995874405
v 0.026545999571681023 -0.0038350000977516174 -0.03617699816823006
v 0.02631399966776371 -0.003002000041306019 -0.03827099874615669
v 0.018693000078201294 -0.0025259999092668295 -0.05211000144481659
v 0.018334999680519104 -0.003002000041306019 -0.05258600041270256
v 0.019593000411987305 -0.003002000041306019 -0.05104900151491165
v 0.01910099945962429 -0.002360000042244792 -0.05134899914264679
v 0.016172999516129494 -0.0022350000217556953 -0.052411001175642014
v 0.015766000375151634 -0.003002000041306019 -0.05347299948334694
v 0.016628000885248184 -0.002102999947965145 -0.051068998873233795
v 0.01840999908745289 -0.0035180000122636557 -0.05216100066900253
v 0.015816999599337578 -0.004033000208437443 -0.05302499979734421
v 0.019233999773859978 -0.002360000042244792 -0.05059700086712837
v 0.01927899941802025 -0.0025659999810159206 -0.04987499862909317
v 0.019266000017523766 -0.003002000041306019 -0.04948199912905693
v 0.019030999392271042 -0.0034779999405145645 -0.04972900077700615
v 0.018716000020503998 -0.003773000091314316 -0.05042799934744835
v 0.018556000664830208 -0.003773000091314316 -0.05133099853992462
v 0.01681400090456009 -0.002102999947965145 -0.05001499876379967
v 0.014839000068604946 -0.0024059999268501997 -0.05173499882221222
v 0.015608999878168106 -0.003002000041306019 -0.052188001573085785
v 0.014173000119626522 -0.0020169999916106462 -0.0506879985332489
v 0.01580199971795082 -0.0035840000491589308 -0.05187100172042847
v 0.01437699981033802 -0.0020169999916106462 -0.049532998353242874
v 0.016061000525951385 -0.004757000133395195 -0.05148699879646301
v 0.016092000529170036 -0.003944000229239464 -0.050999999046325684
v 0.01753699965775013 -0.0023539999965578318 -0.049024999141693115
v 0.018185999244451523 -0.003002000041306019 -0.048454999923706055
v 0.017413999885320663 -0.003914999775588512 -0.048326000571250916
v 0.01642400026321411 -0.004757000133395195 -0.049428001046180725
v 0.015243000350892544 -0.002552000107243657 -0.04912799969315529
v 0.01308399997651577 -0.0019839999731630087 -0.05251000076532364
v 0.013817000202834606 -0.003002000041306019 -0.052710000425577164
v 0.01258699968457222 -0.0010770000517368317 -0.05097699910402298
v 0.013975000008940697 -0.0038079998921602964 -0.0521249994635582
v 0.012985000386834145 -0.0010770000517368317 -0.04871800169348717
v 0.014252999797463417 -0.004242999944835901 -0.05085799843072891
v 0.01380200032144785 -0.0022619999945163727 -0.04812999814748764
v 0.016287000849843025 -0.003944000229239464 -0.04989499971270561
v 0.014510000124573708 -0.004242999944835901 -0.04940100014209747
v 0.015975000336766243 -0.003002000041306019 -0.04948800057172775
v 0.01619499921798706 -0.0034390001092106104 -0.049330998212099075
v 0.014326999895274639 -0.003002000041306019 -0.0491969995200634
v 0.011494000442326069 -0.0018119999440386891 -0.05266899988055229
v 0.011800000444054604 -0.003002000041306019 -0.0541980005800724
v 0.011296999640762806 -0.0014609999489039183 -0.0505170002579689
v 0.012047999538481236 -0.004443000070750713 -0.053412001579999924
v 0.011615999974310398 -0.0014609999489039183 -0.04870999976992607
v 0.012543000280857086 -0.005355999805033207 -0.05122800171375275
v 0.012408999726176262 -0.002102999947965145 -0.04747699946165085
v 0.013030000030994415 -0.005355999805033207 -0.0484669990837574
v 0.013031999580562115 -0.003002000041306019 -0.047210000455379486
v 0.014507000334560871 -0.0035310001112520695 -0.04879499971866608
v 0.013183999806642532 -0.004153000190854073 -0.04696900025010109
v 0.011090000160038471 -0.0019839999731630087 -0.05215800181031227
v 0.010990000329911709 -0.003002000041306019 -0.052882999181747437
v 0.011346000246703625 -0.0014189999783411622 -0.050551000982522964
v 0.011083999648690224 -0.004033000208437443 -0.05219100043177605
v 0.011673999950289726 -0.0014189999783411622 -0.04869399964809418
v 0.011340999975800514 -0.004627999849617481 -0.05057799816131592
v 0.0118429996073246 -0.002182000083848834 -0.04758000001311302
v 0.0116779999807477 -0.004627999849617481 -0.0486689992249012
v 0.01181500032544136 -0.003002000041306019 -0.047582000494003296
v 0.01184799987822771 -0.0038350000977516174 -0.047547999769449234
v 0.011615999974310398 -0.003002000041306019 -0.04964200034737587
v 0.061080001294612885 -0.0013909999979659915 -0.013469000346958637
v 0.060635000467300415 -0.003002000041306019 -0.014349999837577343
v 0.06140799820423126 -0.003002000041306019 -0.010900000110268593
v 0.06165499985218048 -0.0006680000224150717 -0.0118429996073246
v 0.05958399921655655 -0.000910000002477318 -0.013989999890327454
v 0.05903000012040138 -0.003002000041306019 -0.015035999938845634
v 0.06032299995422363 0.00011100000119768083 -0.011907000094652176
v 0.060499001294374466 -0.004685999825596809 -0.013484000228345394
v 0.05888399854302406 -0.005309999920427799 -0.01421900000423193
v 0.061962999403476715 -0.0006680000224150717 -0.010099000297486782
v 0.062137000262737274 -0.0016789999790489674 -0.008871999569237232
v 0.06214199960231781 -0.003002000041306019 -0.00860700011253357
v 0.06159700080752373 -0.004395999945700169 -0.008659999817609787
v 0.060857001692056656 -0.005570000037550926 -0.009816000238060951
v 0.06051899865269661 -0.005570000037550926 -0.011731999926269054
v 0.060731999576091766 0.00011100000119768083 -0.009584000334143639
v 0.05598299950361252 -0.000910000002477318 -0.01335499994456768
v 0.05580100044608116 -0.003002000041306019 -0.013691999949514866
v 0.05644199997186661 0.0007329999934881926 -0.011462000198662281
v 0.05571100115776062 -0.004780999850481749 -0.012798000127077103
v 0.05693399906158447 0.0007329999934881926 -0.008674000389873981
v 0.05899700149893761 -0.006814000196754932 -0.011943000368773937
v 0.05578799918293953 -0.00572599982842803 -0.010958000086247921
v 0.060864001512527466 -0.001221999991685152 -0.007903999648988247
v 0.06077200174331665 -0.003002000041306019 -0.007493000011891127
v 0.060283999890089035 -0.004997999873012304 -0.007447999902069569
v 0.059498999267816544 -0.006814000196754932 -0.009096000343561172
v 0.05766899883747101 -0.0017760000191628933 -0.008240999653935432
v 0.052028998732566833 -0.0009340000106021762 -0.012618999928236008
v 0.051656998693943024 -0.003002000041306019 -0.012865000404417515
v 0.05268099904060364 0.0007329999934881926 -0.010799000039696693
v 0.05172999948263168 -0.00471000000834465 -0.011978000402450562
v 0.0531730018556118 0.0007329999934881926 -0.008011000230908394
v 0.05195700004696846 -0.005570000037550926 -0.010223000310361385
v 0.05306899920105934 -0.0017760000191628933 -0.007430000230669975
v 0.05614599958062172 -0.00572599982842803 -0.008923999965190887
v 0.05229499936103821 -0.005570000037550926 -0.008306000381708145
v 0.058017000555992126 -0.003002000041306019 -0.010011999867856503
v 0.05722200125455856 -0.0039160000160336494 -0.008671999908983707
v 0.052577000111341476 -0.003002000041306019 -0.009052000008523464
v 0.04792200028896332 -0.0006929999799467623 -0.012285999953746796
v 0.0476359985768795 -0.003002000041306019 -0.012737000361084938
v 0.048500001430511475 0.001044000033289194 -0.01018300000578165
v 0.047749001532793045 -0.00506999995559454 -0.011864000000059605
v 0.049031998962163925 0.001044000033289194 -0.007160000037401915
v 0.04806999862194061 -0.0062699997797608376 -0.00980599969625473
v 0.04912799969315529 -0.0012710000155493617 -0.005913000088185072
v 0.04850099980831146 -0.0062699997797608376 -0.007366000209003687
v 0.04885699972510338 -0.003002000041306019 -0.006748999934643507
v 0.05256899818778038 -0.003868000116199255 -0.007930000312626362
v 0.04882099851965904 -0.0044929999858140945 -0.006250999867916107
v 0.0456480011343956 -0.0004290000069886446 -0.012316999956965446
v 0.04487600177526474 -0.003002000041306019 -0.013414000160992146
v 0.04666399955749512 0.0009660000214353204 -0.009828000329434872
v 0.04506099969148636 -0.005671000108122826 -0.012369999662041664
v 0.04718700051307678 0.0009660000214353204 -0.006864999886602163
v 0.04552299901843071 -0.007282000035047531 -0.00974700041115284
v 0.047162000089883804 -0.0008619999862276018 -0.004898999817669392
v 0.04608599841594696 -0.007282000035047531 -0.006550999823957682
v 0.046835001558065414 -0.003002000041306019 -0.004648000001907349
v 0.04662799835205078 -0.005237999837845564 -0.004648999776691198
v 0.04389499872922897 -0.0010310000507161021 -0.01102800015360117
v 0.04354099929332733 -0.003002000041306019 -0.011628000065684319
v 0.04447000101208687 0.00026599998818710446 -0.009170999750494957
v 0.04374900087714195 -0.004925999790430069 -0.010924000293016434
v 0.04490000009536743 0.00026599998818710446 -0.006730999797582626
v 0.04416000097990036 -0.006115000229328871 -0.009057000279426575
v 0.04490099847316742 -0.0013670000480487943 -0.005324000027030706
v 0.04456999897956848 -0.006115000229328871 -0.00673400005325675
v 0.04463500156998634 -0.003002000041306019 -0.005423000082373619
v 0.04472799971699715 -0.0045889997854828835 -0.005371999926865101
v 0.04428499937057495 -0.003002000041306019 -0.007880999706685543
v 0.0406620018184185 -0.0016969999996945262 -0.026395000517368317
v 0.04030200093984604 -0.003002000041306019 -0.027108000591397285
v 0.040929000824689865 -0.003002000041306019 -0.024313999339938164
v 0.041127998381853104 -0.0011109999613836408 -0.02507700026035309
v 0.039452001452445984 -0.0013070000568404794 -0.026815999299287796
v 0.03900099918246269 -0.003002000041306019 -0.027664000168442726
v 0.040049999952316284 -0.00048099999548867345 -0.02512899972498417
v 0.040192000567913055 -0.004364999942481518 -0.026405999436974525
v 0.0388839989900589 -0.004871999844908714 -0.0270019993185997
v 0.041377000510692596 -0.0011109999613836408 -0.023665999993681908
v 0.04151900112628937 -0.0019310000352561474 -0.02267099916934967
v 0.04152299836277962 -0.003002000041306019 -0.02245599962770939
v 0.04108100011944771 -0.004131999798119068 -0.022499000653624535
v 0.04048300161957741 -0.00508200004696846 -0.023435000330209732
v 0.04020899906754494 -0.00508200004696846 -0.024986999109387398
v 0.04038200154900551 -0.00048099999548867345 -0.023245999589562416
v 0.03653499856591225 -0.0013070000568404794 -0.026302000507712364
v 0.036386001855134964 -0.003002000041306019 -0.02657400071620941
v 0.03690500184893608 0.00002300000051036477 -0.024769000709056854
v 0.03631399944424629 -0.004443000070750713 -0.025849999859929085
v 0.037303999066352844 0.00002300000051036477 -0.02251099981367588
v 0.03897500038146973 -0.00609100004658103 -0.025157999247312546
v 0.036375001072883606 -0.00520800007507205 -0.02436099946498871
v 0.04048699885606766 -0.0015610000118613243 -0.021886000409722328
v 0.04041299968957901 -0.003002000041306019 -0.021553000435233116
v 0.040017999708652496 -0.0046190000139176846 -0.02151699922978878
v 0.039381999522447586 -0.00609100004658103 -0.022853000089526176
v 0.03790000081062317 -0.0020089999306946993 -0.0221599992364645
v 0.03333299979567528 -0.0013269999762997031 -0.02570600062608719
v 0.03302999958395958 -0.003002000041306019 -0.02590399980545044
v 0.03386000171303749 0.00002300000051036477 -0.02423200011253357
v 0.03308900073170662 -0.004385000094771385 -0.025187000632286072
v 0.034258000552654266 0.00002300000051036477 -0.021973999217152596
v 0.03327399864792824 -0.00508200004696846 -0.023763999342918396
v 0.03417300060391426 -0.0020089999306946993 -0.02150299958884716
v 0.03666599839925766 -0.00520800007507205 -0.02271299995481968
v 0.03354699909687042 -0.00508200004696846 -0.02221200056374073
v 0.03818200156092644 -0.003002000041306019 -0.023593999445438385
v 0.03753799945116043 -0.003742000088095665 -0.022508999332785606
v 0.0337739996612072 -0.003002000041306019 -0.022816000506281853
v 0.03000500053167343 -0.0011320000048726797 -0.025436999276280403
v 0.02977300062775612 -0.003002000041306019 -0.025800999253988266
v 0.030472999438643456 0.00027600000612437725 -0.023731999099254608
v 0.029864000156521797 -0.004676999989897013 -0.02509400062263012
v 0.030904000625014305 0.00027600000612437725 -0.021284999325871468
v 0.030124999582767487 -0.0056489999406039715 -0.023428000509738922
v 0.0309820007532835 -0.001598999951966107 -0.02027300000190735
v 0.030473999679088593 -0.0056489999406039715 -0.021452000364661217
v 0.030762000009417534 -0.003002000041306019 -0.02095000073313713
v 0.03376799821853638 -0.003703000023961067 -0.021908000111579895
v 0.030733000487089157 -0.004209999926388264 -0.02054700069129467
v 0.028162000700831413 -0.0009180000051856041 -0.025460999459028244
v 0.027538999915122986 -0.003002000041306019 -0.02634900063276291
v 0.028985999524593353 0.00021300000662449747 -0.023445000872015953
v 0.027688000351190567 -0.005164000205695629 -0.02550400048494339
v 0.029409000650048256 0.00021300000662449747 -0.021045999601483345
v 0.02806200087070465 -0.0064690001308918 -0.023378999903798103
v 0.029388999566435814 -0.0012679999927058816 -0.019453000277280807
v 0.028519000858068466 -0.0064690001308918 -0.02079099975526333
v 0.029123999178409576 -0.003002000041306019 -0.019248999655246735
v 0.028957000002264977 -0.004813000094145536 -0.01924999989569187
v 0.026743000373244286 -0.0014049999881535769 -0.024416999891400337
v 0.02645700052380562 -0.003002000041306019 -0.024901999160647392
v 0.027208000421524048 -0.0003539999888744205 -0.02291399985551834
v 0.026623999699950218 -0.004559999797493219 -0.02433199994266033
v 0.027557000517845154 -0.0003539999888744205 -0.0209369994699955
v 0.026957999914884567 -0.0055229999125003815 -0.02282099984586239
v 0.02755800075829029 -0.0016769999638199806 -0.01979699917137623
v 0.027289999648928642 -0.0055229999125003815 -0.020937999710440636
v 0.02734299935400486 -0.003002000041306019 -0.019876999780535698
v 0.027417000383138657 -0.004286999814212322 -0.01983500085771084
v 0.027058999985456467 -0.003002000041306019 -0.02186799980700016
v 0.02387000061571598 -0.0018279999494552612 -0.03989100083708763
v 0.023566000163555145 -0.003002000041306019 -0.04053699970245361
v 0.024118000641465187 -0.003002000041306019 -0.038019999861717224
v 0.024268999695777893 -0.0013010000111535192 -0.03870199993252754
v 0.02287900075316429 -0.0014769999543204904 -0.04028899967670441
v 0.02250000089406967 -0.003002000041306019 -0.04105599969625473
v 0.023391999304294586 -0.0007329999934881926 -0.03876499831676483
v 0.023486999794840813 -0.004228999838232994 -0.03990999981760979
v 0.022414999082684517 -0.004683999810367823 -0.040463000535964966
v 0.02449299953877926 -0.0013010000111535192 -0.03743100166320801
v 0.024622999131679535 -0.0020379999186843634 -0.03653800114989281
v 0.024630000814795494 -0.003002000041306019 -0.036343999207019806
v 0.02426999993622303 -0.004017999861389399 -0.036389000713825226
v 0.02376900054514408 -0.004873999860137701 -0.03723800182342529
v 0.02352200075984001 -0.004873999860137701 -0.03863599896430969
v 0.02369000017642975 -0.0007329999934881926 -0.037071000784635544
v 0.020517000928521156 -0.0014769999543204904 -0.039872001856565475
v 0.020392000675201416 -0.003002000041306019 -0.040119998157024384
v 0.02084200084209442 -0.0002789999998640269 -0.03849099949002266
v 0.020344000309705734 -0.004298999905586243 -0.039468999952077866
v 0.021199999377131462 -0.0002789999998640269 -0.03645699843764305
v 0.022516999393701553 -0.005781999789178371 -0.03880799934267998
v 0.02041799947619438 -0.004987999796867371 -0.03813200071454048
v 0.023795999586582184 -0.0017049999441951513 -0.03584900125861168
v 0.023740999400615692 -0.003002000041306019 -0.03555100038647652
v 0.02342200092971325 -0.0044570001773536205 -0.03552500158548355
v 0.02288299985229969 -0.005781999789178371 -0.03673199936747551
v 0.021689999848604202 -0.002107999986037612 -0.03613400086760521
v 0.01792299933731556 -0.0014949999749660492 -0.039386000484228134
v 0.017673999071121216 -0.003002000041306019 -0.03956900164484978
v 0.018373999744653702 -0.0002789999998640269 -0.03805600106716156
v 0.017734000459313393 -0.004246999975293875 -0.0389229990541935
v 0.01873200014233589 -0.0002789999998640269 -0.03602200001478195
v 0.01790500059723854 -0.004873999860137701 -0.03764500096440315
v 0.018671000376343727 -0.002107999986037612 -0.03560199961066246
v 0.02067900076508522 -0.004987999796867371 -0.03664899989962578
v 0.018151000142097473 -0.004873999860137701 -0.03624799847602844
v 0.0218959990888834 -0.003002000041306019 -0.0374159999191761
v 0.021390000358223915 -0.003667999990284443 -0.036451999098062515
v 0.018326999619603157 -0.003002000041306019 -0.036786001175642014
v 0.015223000198602676 -0.001319000031799078 -0.03919500112533569
v 0.015030000358819962 -0.003002000041306019 -0.03952600061893463
v 0.0156289990991354 -0.00005199999941396527 -0.03765900060534477
v 0.01511400006711483 -0.004509999882429838 -0.03889000043272972
v 0.016016999259591103 -0.00005199999941396527 -0.03545600175857544
v 0.015351000241935253 -0.005384999793022871 -0.03739200159907341
v 0.016095999628305435 -0.0017399999778717756 -0.03454799950122833
v 0.015665000304579735 -0.005384999793022871 -0.03561199828982353
v 0.01590700075030327 -0.003002000041306019 -0.035158999264240265
v 0.018334999680519104 -0.0036329999566078186 -0.035971999168395996
v 0.015890000388026237 -0.004087999928742647 -0.034797001630067825
v 0.01372500043362379 -0.0011259999591857195 -0.03924600034952164
v 0.013205000199377537 -0.003002000041306019 -0.04005200043320656
v 0.014425000175833702 -0.00010900000052060932 -0.037425000220537186
v 0.013338999822735786 -0.004947000183165073 -0.039292000234127045
v 0.014805999584496021 -0.00010900000052060932 -0.0352649986743927
v 0.013675999827682972 -0.006122000049799681 -0.037379998713731766
v 0.014813999645411968 -0.0014420000370591879 -0.0338359996676445
v 0.014085999689996243 -0.006122000049799681 -0.035050999373197556
v 0.014601999893784523 -0.003002000041306019 -0.033656999468803406
v 0.014467000029981136 -0.004633000120520592 -0.03365999832749367
v 0.012587999925017357 -0.0015650000423192978 -0.03832999989390373
v 0.012347999960184097 -0.003002000041306019 -0.038770999759435654
v 0.01298999972641468 -0.0006200000061653554 -0.03697500005364418
v 0.012493000365793705 -0.004404000006616116 -0.03825699910521507
v 0.013302999548614025 -0.0006200000061653554 -0.03519599884748459
v 0.012786000035703182 -0.0052709998562932014 -0.03689499944448471
v 0.013321000151336193 -0.0018100000452250242 -0.034171998500823975
v 0.013085000216960907 -0.0052709998562932014 -0.035200998187065125
v 0.013145999982953072 -0.003002000041306019 -0.034247998148202896
v 0.013206000439822674 -0.004157999996095896 -0.034210000187158585
v 0.012884000316262245 -0.003002000041306019 -0.036038998514413834
v 0.00964299961924553 -0.0019450000254437327 -0.051343999803066254
v 0.009374000132083893 -0.003002000041306019 -0.051996998488903046
v 0.009906000457704067 -0.003002000041306019 -0.04947600141167641
v 0.010006999596953392 -0.001471000025048852 -0.05014999955892563
v 0.008821999654173851 -0.0016289999475702643 -0.051771000027656555
v 0.008488000370562077 -0.003002000041306019 -0.05254700034856796
v 0.009289000183343887 -0.0009599999757483602 -0.050241000950336456
v 0.009329999797046185 -0.0041069998405873775 -0.05137600004673004
v 0.008437000215053558 -0.004517000168561935 -0.051961999386548996
v 0.010231000371277332 -0.001471000025048852 -0.04887799918651581
v 0.010366999544203281 -0.002133999951183796 -0.047986000776290894
v 0.010378999635577202 -0.003002000041306019 -0.04779199883341789
v 0.010083000175654888 -0.003916999790817499 -0.047850001603364944
v 0.009646999649703503 -0.004687000066041946 -0.04870999976992607
v 0.00940100010484457 -0.004687000066041946 -0.05010800063610077
v 0.009588000364601612 -0.0009599999757483602 -0.04854600131511688
v 0.006907999981194735 -0.0016289999475702643 -0.051433999091386795
v 0.0067980000749230385 -0.003002000041306019 -0.05168500170111656
v 0.0072189997881650925 -0.0005510000046342611 -0.050050001591444016
v 0.006779999937862158 -0.004168999847024679 -0.05104000121355057
v 0.007577000185847282 -0.0005510000046342611 -0.04801800101995468
v 0.008574999868869781 -0.005503000225871801 -0.050310999155044556
v 0.006883999798446894 -0.0047889999113976955 -0.04970800131559372
v 0.009715000167489052 -0.0018339999951422215 -0.04732700064778328
v 0.00967899989336729 -0.003002000041306019 -0.04703399911522865
v 0.009417999535799026 -0.004310999996960163 -0.04701799899339676
v 0.008941000327467918 -0.005503000225871801 -0.04823499917984009
v 0.007987000048160553 -0.002196999965235591 -0.047680001705884933
v 0.004807999823242426 -0.0016449999529868364 -0.05103499814867973
v 0.004598999861627817 -0.003002000041306019 -0.051224999129772186
v 0.0052189999260008335 -0.0005510000046342611 -0.04969700053334236
v 0.004668999928981066 -0.004122000187635422 -0.05058100074529648
v 0.005578000098466873 -0.0005510000046342611 -0.047665998339653015
v 0.0048500001430511475 -0.004687000066041946 -0.04930499941110611
v 0.005541000049561262 -0.002196999965235591 -0.047249000519514084
v 0.007145000156015158 -0.0047889999113976955 -0.04822399839758873
v 0.005096000153571367 -0.004687000066041946 -0.0479080006480217
v 0.008112999610602856 -0.003002000041306019 -0.048948001116514206
v 0.0077320002019405365 -0.003601999953389168 -0.048006001859903336
v 0.005222000181674957 -0.003002000041306019 -0.04843800142407417
v 0.002612000098451972 -0.0014880000380799174 -0.05093400180339813
v 0.0024429999757558107 -0.003002000041306019 -0.05126899853348732
v 0.0029929999727755785 -0.0003480000013951212 -0.04939299821853638
v 0.002532999962568283 -0.004358999896794558 -0.050634000450372696
v 0.003381999908015132 -0.0003480000013951212 -0.047189999371767044
v 0.0027749999426305294 -0.0051460000686347485 -0.0491349995136261
v 0.0034759999252855778 -0.001867000013589859 -0.04628400132060051
v 0.0030879999976605177 -0.0051460000686347485 -0.04735700041055679
v 0.0033019999973475933 -0.003002000041306019 -0.04689899832010269
v 0.005255000200122595 -0.0035689999349415302 -0.04762699827551842
v 0.0032999999821186066 -0.0039809998124837875 -0.046539001166820526
v 0.0013889999827370048 -0.0013139999937266111 -0.051033999770879745
v 0.0009369999752379954 -0.003002000041306019 -0.05185199901461601
v 0.002019000006839633 -0.0003980000037699938 -0.049199000000953674
v 0.0010710000060498714 -0.0047530001029372215 -0.05109100043773651
v 0.002400000113993883 -0.0003980000037699938 -0.0470380000770092
v 0.0014090000186115503 -0.005810000002384186 -0.04917899891734123
v 0.0024530000519007444 -0.0015979999443516135 -0.045618001371622086
v 0.0018189999973401427 -0.005810000002384186 -0.04684999957680702
v 0.00228599994443357 -0.003002000041306019 -0.04544699937105179
v 0.0021750000305473804 -0.004470000043511391 -0.0454539991915226
v 0.0004900000058114529 -0.0017079999670386314 -0.05015899986028671
v 0.0002809999859891832 -0.003002000041306019 -0.050606001168489456
v 0.0008609999786131084 -0.0008570000063627958 -0.04879799857735634
v 0.0004149999876972288 -0.004263999871909618 -0.0500900000333786
v 0.0011749999830499291 -0.0008570000063627958 -0.047019001096487045
v 0.0006990000256337225 -0.005044000223278999 -0.04872699826955795
v 0.0012229999992996454 -0.001930000027641654 -0.046000998467206955
v 0.0009980000322684646 -0.005044000223278999 -0.04703199863433838
v 0.0010779999429360032 -0.003002000041306019 -0.04608200117945671
v 0.0011289999820291996 -0.004044000059366226 -0.04604300111532211
v 0.0008060000254772604 -0.003002000041306019 -0.047871001064777374
v 0.04575899988412857 -0.0013640000252053142 0.016464000567793846
v 0.04434100165963173 -0.004466999787837267 0.01396500039845705
v 0.04779699817299843 -0.00482300017029047 0.021963000297546387
v 0.04701999947428703 -0.00044299999717622995 0.020284999161958694
v 0.039792001247406006 -0.0001880000054370612 0.017311999574303627
v 0.037772998213768005 -0.0033130000811070204 0.014414000324904919
v 0.04154999926686287 0.00039000000106170774 0.02131200022995472
v 0.042583998292684555 -0.007317999843508005 0.017066000029444695
v 0.03743400052189827 -0.006709999870508909 0.017441999167203903
v 0.04763999953866005 -0.00044299999717622995 0.02380399964749813
v 0.04659000039100647 -0.0014440000522881746 0.02754100039601326
v 0.04499499872326851 -0.004093999974429607 0.029848000034689903
v 0.043494999408721924 -0.0068660001270473 0.02804500050842762
v 0.042034000158309937 -0.007958999834954739 0.024762000888586044
v 0.04142399877309799 -0.007958999834954739 0.0213019996881485
v 0.042148999869823456 0.00039000000106170774 0.024709999561309814
v 0.03126800060272217 0.0012959999730810523 0.018897000700235367
v 0.031890999525785446 -0.0022479998879134655 0.015856999903917313
v 0.030455000698566437 0.0025229998864233494 0.02320599928498268
v 0.033720001578330994 -0.005152000114321709 0.01961199939250946
v 0.03107599914073944 0.0025229998864233494 0.026724999770522118
v 0.03774699941277504 -0.00774999987334013 0.021764000877738
v 0.03605400025844574 -0.004970999900251627 0.023094000294804573
v 0.04114599898457527 -0.0004450000124052167 0.028541000559926033
v 0.039590999484062195 -0.003117999993264675 0.031105000525712967
v 0.039009999483823776 -0.006256999913603067 0.029205000028014183
v 0.03842100128531456 -0.00774999987334013 0.025585999712347984
v 0.03318699821829796 0.0003760000108741224 0.028920000419020653
v 0.02391500025987625 0.0033909999765455723 0.01871900074183941
v 0.024947000667452812 -0.001003999961540103 0.01708099991083145
v 0.023173000663518906 0.006459000054746866 0.02336299978196621
v 0.02551399916410446 -0.003512999974191189 0.021345000714063644
v 0.02417900040745735 0.006459000054746866 0.029068000614643097
v 0.026558000594377518 -0.0027459999546408653 0.024987999349832535
v 0.02311299927532673 0.003266999963670969 0.032540999352931976
v 0.036375001072883606 -0.004970999900251627 0.024915000423789024
v 0.02680400013923645 -0.0027459999546408653 0.02638399973511696
v 0.03485799953341484 -0.002355000004172325 0.02920600026845932
v 0.035548001527786255 -0.0043390002101659775 0.027357999235391617
v 0.021423999220132828 0.0000779999973019585 0.0324850007891655
v 0.015292000025510788 0.0059079998172819614 0.01839599944651127
v 0.013195999898016453 0.0009130000253207982 0.013078000396490097
v 0.016818000003695488 0.006500000134110451 0.024954000487923622
v 0.014272999949753284 -0.004108000081032515 0.018904000520706177
v 0.017663000151515007 0.006500000134110451 0.02974800020456314
v 0.01627800054848194 -0.004507000092417002 0.025297999382019043
v 0.01793600060045719 0.004482999909669161 0.033945001661777496
v 0.017038000747561455 -0.004507000092417002 0.029608000069856644
v 0.017527999356389046 0.000859999970998615 0.03590700030326843
v 0.023948999121785164 -0.002305000089108944 0.029485000297427177
v 0.017292000353336334 -0.0027360001113265753 0.03373099863529205
v 0.009626000188291073 0.0066639999859035015 0.019886000081896782
v 0.008348999544978142 0.0018360000103712082 0.01575399935245514
v 0.010610999539494514 0.008050000295042992 0.02585900016129017
v 0.01006999984383583 -0.0035490000154823065 0.01931699924170971
v 0.011521000415086746 0.008050000295042992 0.031018000096082687
v 0.012740000151097775 -0.005824999883770943 0.02510800026357174
v 0.012544999830424786 0.005810000002384186 0.035509999841451645
v 0.013779000379145145 -0.005824999883770943 0.030995000153779984
v 0.012823999859392643 0.0017310000257566571 0.037647001445293427
v 0.013434000313282013 -0.0028029999230057 0.03584500029683113
v 0.007716000080108643 0.005814999807626009 0.02247699908912182
v 0.007857000455260277 0.002067999914288521 0.02049900032579899
v 0.007670999970287085 0.007919000461697578 0.026659000664949417
v 0.00761000020429492 -0.00107999995816499 0.023190999403595924
v 0.008484000340104103 0.007919000461697578 0.031272999942302704
v 0.007962999865412712 -0.0021180000621825457 0.027140000835061073
v 0.0093560004606843 0.005247000139206648 0.03414599969983101
v 0.008593999780714512 -0.0021180000621825457 0.030720999464392662
v 0.0096859997138381 0.002174000022932887 0.034352000802755356
v 0.009228000417351723 -0.00040499999886378646 0.033472999930381775
v 0.011096999980509281 0.0017480000387877226 0.02843400090932846
v 0.03885500133037567 -0.0036669999826699495 -0.009549999609589577
v 0.03783300146460533 -0.005332000087946653 -0.010329999960958958
v 0.03876100108027458 -0.005388000048696995 -0.006907000206410885
v 0.03984000161290169 -0.0029750000685453415 -0.0079969996586442
v 0.03613299876451492 -0.00266100000590086 -0.009855000302195549
v 0.03483099862933159 -0.00482300017029047 -0.01076900027692318
v 0.03741399943828583 -0.0016710000345483422 -0.007867000065743923
v 0.037105999886989594 -0.007075000088661909 -0.009359999559819698
v 0.033975999802351 -0.00725100003182888 -0.009827000088989735
v 0.040146999061107635 -0.0029750000685453415 -0.006252000108361244
v 0.04008999839425087 -0.00406799977645278 -0.004984000232070684
v 0.039806999266147614 -0.005501000210642815 -0.004668000154197216
v 0.03849099949002266 -0.0068430001847445965 -0.004585999995470047
v 0.037025000900030136 -0.007943999953567982 -0.005613999906927347
v 0.03668700158596039 -0.007943999953567982 -0.007530000060796738
v 0.03782400116324425 -0.0016710000345483422 -0.005543999839574099
v 0.029040999710559845 -0.0013909999979659915 -0.008604999631643295
v 0.028344999998807907 -0.0036379999946802855 -0.008849999867379665
v 0.029927000403404236 0.0003640000068116933 -0.006787000223994255
v 0.027682999148964882 -0.005501000210642815 -0.00785600021481514
v 0.0304189994931221 0.0003640000068116933 -0.003998999949544668
v 0.03353099897503853 -0.008798000402748585 -0.007453000172972679
v 0.027348000556230545 -0.0064489999786019325 -0.005942999850958586
v 0.037546999752521515 -0.0030739998910576105 -0.0037930000107735395
v 0.03696100041270256 -0.004964999854564667 -0.0032939999364316463
v 0.03562900051474571 -0.00698000006377697 -0.0031010000966489315
v 0.034033000469207764 -0.008798000402748585 -0.004606000147759914
v 0.031300000846385956 -0.002607000060379505 -0.0035920001100748777
v 0.02124200016260147 -0.00002099999983329326 -0.007189999800175428
v 0.020166000351309776 -0.002171000000089407 -0.007311999797821045
v 0.022520000115036964 0.001690999954007566 -0.005481000058352947
v 0.019836999475955963 -0.004011000040918589 -0.006353999953716993
v 0.02301199920475483 0.001690999954007566 -0.002693000016734004
v 0.019822999835014343 -0.004923999775201082 -0.004556000232696533
v 0.022237999364733696 -0.0009850000496953726 -0.0019940000493079424
v 0.027706999331712723 -0.0064489999786019325 -0.003909999970346689
v 0.02016099914908409 -0.004923999775201082 -0.0026400000788271427
v 0.03203500062227249 -0.004174999892711639 -0.005429999902844429
v 0.030097000300884247 -0.004821999929845333 -0.003889000043272972
v 0.021317999809980392 -0.0022559999488294125 -0.0035409999545663595
v 0.013261999934911728 0.0016659999964758754 -0.006175000220537186
v 0.012343999929726124 -0.0007880000048317015 -0.006515000015497208
v 0.0143630001693964 0.003498000092804432 -0.004162999801337719
v 0.01202400028705597 -0.003037000074982643 -0.005565000232309103
v 0.014895999804139137 0.003498000092804432 -0.0011409999569877982
v 0.012079999782145023 -0.004335999954491854 -0.0034600000362843275
v 0.014436000026762486 0.001006999984383583 0.00020399999630171806
v 0.012509999796748161 -0.004335999954491854 -0.001019999966956675
v 0.013718999922275543 -0.0008449999731965363 -0.0005530000198632479
v 0.02095099911093712 -0.0031320000998675823 -0.002355000004172325
v 0.013283999636769295 -0.0024339999072253704 0.000014999999621068127
v 0.00890399981290102 0.002732000080868602 -0.00583800021559
v 0.0071020000614225864 0.0001140000022132881 -0.0067529999651014805
v 0.010728999972343445 0.004062000196427107 -0.0034920000471174717
v 0.006779000163078308 -0.0028059999458491802 -0.005619999952614307
v 0.011250999756157398 0.004062000196427107 -0.0005290000117383897
v 0.006934999953955412 -0.004567999858409166 -0.0029430000577121973
v 0.01053099986165762 0.0021879998967051506 0.001560000004246831
v 0.007499000057578087 -0.004567999858409166 0.0002530000056140125
v 0.009448000229895115 -0.00002700000004551839 0.0019450000254437327
v 0.008621999993920326 -0.0024029999040067196 0.002053000032901764
v 0.0051750000566244125 0.0027520000003278255 -0.00419999985024333
v 0.004215000197291374 0.000678999989759177 -0.004693000111728907
v 0.00622900016605854 0.00408599991351366 -0.002429000101983547
v 0.004133999813348055 -0.0014540000120177865 -0.003938999958336353
v 0.006659000180661678 0.00408599991351366 0.000012000000424450263
v 0.004395999945700169 -0.0027830000035464764 -0.0020459999796003103
v 0.00611699977889657 0.002382999984547496 0.0015150000108405948
v 0.004805999808013439 -0.0027830000035464764 0.00027799999224953353
v 0.0053090001456439495 0.000678999989759177 0.0015109999803826213
v 0.005177000071853399 -0.0010860000038519502 0.001601999974809587
v 0.005036000162363052 0.0006500000017695129 -0.0009599999757483602
v 0.021765999495983124 -0.002363000065088272 -0.02303900010883808
v 0.020798999816179276 -0.004036999773234129 -0.02382799983024597
v 0.021695999428629875 -0.0040870001539587975 -0.020399000495672226
v 0.02269599959254265 -0.0016599999507889152 -0.021472999826073647
v 0.01931300014257431 -0.0014049999881535769 -0.02339000068604946
v 0.018081000074744225 -0.0035800000187009573 -0.024317000061273575
v 0.02052300050854683 -0.0004030000127386302 -0.021390000358223915
v 0.02012700028717518 -0.005789999850094318 -0.022866999730467796
v 0.017280999571084976 -0.006016000173985958 -0.02338399924337864
v 0.023003000766038895 -0.0016599999507889152 -0.019731000065803528
v 0.022955000400543213 -0.0027540000155568123 -0.01846499927341938
v 0.02267800085246563 -0.004188999999314547 -0.0181489996612072
v 0.021466000005602837 -0.005549999885261059 -0.018084000796079636
v 0.0201019998639822 -0.006670000031590462 -0.01912900060415268
v 0.019763000309467316 -0.006670000031590462 -0.021046999841928482
v 0.0209330003708601 -0.0004030000127386302 -0.01906600035727024
v 0.012928999960422516 -0.0002629999944474548 -0.02226400002837181
v 0.012257000431418419 -0.0025130000431090593 -0.02251400053501129
v 0.013791999779641628 0.0014979999978095293 -0.020441999658942223
v 0.011642999947071075 -0.004383999854326248 -0.021528000012040138
v 0.01428299956023693 0.0014979999978095293 -0.01765500009059906
v 0.016891999170184135 -0.007573999930173159 -0.02102000080049038
v 0.011354999616742134 -0.00534099992364645 -0.019624000415205956
v 0.020687000826001167 -0.0018100000452250242 -0.017318999394774437
v 0.02013299986720085 -0.0037070000544190407 -0.01682800054550171
v 0.01889600045979023 -0.0057379999198019505 -0.016651000827550888
v 0.01739400066435337 -0.007573999930173159 -0.018171999603509903
v 0.015037000179290771 -0.0014509999891743064 -0.017224999144673347
v 0.005909999832510948 0.0009679999784566462 -0.020987000316381454
v 0.004896999802440405 -0.001193000003695488 -0.02112000063061714
v 0.00712500000372529 0.0026920000091195107 -0.019267000257968903
v 0.004585000220686197 -0.0030360000673681498 -0.020166000351309776
v 0.00761700002476573 0.0026920000091195107 -0.016479000449180603
v 0.004585999995470047 -0.0039519998244941235 -0.018370000645518303
v 0.006881999783217907 0.000009999999747378752 -0.015786999836564064
v 0.011713000014424324 -0.00534099992364645 -0.017589999362826347
v 0.004923999775201082 -0.0039519998244941235 -0.016452999785542488
v 0.015646999701857567 -0.0029949999880045652 -0.019040999934077263
v 0.013906000182032585 -0.00367900007404387 -0.017534999176859856
v 0.006002000067383051 -0.0012679999927058816 -0.017340999096632004
v -0.0012740000383928418 0.0025140000507235527 -0.02011200040578842
v -0.0021520000882446766 0.00005199999941396527 -0.020459000021219254
v -0.0002119999990100041 0.004352000076323748 -0.01809299923479557
v -0.0024629998952150345 -0.0021979999728500843 -0.01951099932193756
v 0.00031999999191612005 0.004352000076323748 -0.015073000453412533
v -0.0024019998963922262 -0.0034990001004189253 -0.01740800030529499
v -0.00011500000255182385 0.0018570000538602471 -0.013729999773204327
v -0.0019710001070052385 -0.0034990001004189253 -0.01496800035238266
v -0.0008079999824985862 9.999999974752427e-7 -0.014492000453174114
v 0.005675000138580799 -0.00215300009585917 -0.016163000836968422
v -0.0012199999764561653 -0.0015920000150799751 -0.013927999883890152
v -0.005197000224143267 0.0035019998904317617 -0.01985199935734272
v -0.006889999844133854 0.0008650000090710819 -0.020786000415682793
v -0.0034839999862015247 0.004852000158280134 -0.017487000674009323
v -0.007213999982923269 -0.002056000055745244 -0.01965400017797947
v -0.0029609999619424343 0.004852000158280134 -0.014523000456392765
v -0.0070569999516010284 -0.0038189999759197235 -0.016976000741124153
v -0.003611000021919608 0.002964999992400408 -0.012446999549865723
v -0.0064940000884234905 -0.0038189999759197235 -0.013780999928712845
v -0.004623000044375658 0.0007379999733529985 -0.012075000442564487
v -0.005408999975770712 -0.0016459999606013298 -0.011974000371992588
v -0.008549000136554241 0.0034539999905973673 -0.01828099973499775
v -0.009461999870836735 0.0013719999697059393 -0.0187819991260767
v -0.007542000152170658 0.004796000197529793 -0.016502000391483307
v -0.00955899991095066 -0.0007580000092275441 -0.01802399940788746
v -0.00711200013756752 0.004796000197529793 -0.014062000438570976
v -0.009310999885201454 -0.002085000043734908 -0.01612900011241436
v -0.007606999948620796 0.003085999982431531 -0.01256600022315979
v -0.00890200026333332 -0.002085000043734908 -0.013805000111460686
v -0.008368000388145447 0.0013719999697059393 -0.01257800031453371
v -0.008515999652445316 -0.00039000000106170774 -0.012484000064432621
v -0.008658000268042088 0.0013470000121742487 -0.015046999789774418
v 0.0074269999749958515 -0.0015510000521317124 -0.03700999915599823
v 0.006459999829530716 -0.0032250001095235348 -0.03779900074005127
v 0.00735800014808774 -0.0032760000322014093 -0.03437099978327751
v 0.008357999846339226 -0.0008479999960400164 -0.035447001457214355
v 0.004974000155925751 -0.0005929999751970172 -0.037362001836299896
v 0.003742000088095665 -0.002767999889329076 -0.03828899934887886
v 0.006184000056236982 0.0004090000002179295 -0.03536299988627434
v 0.005789000075310469 -0.004978000186383724 -0.03683900088071823
v 0.0029430000577121973 -0.005204999819397926 -0.03735699877142906
v 0.008665000088512897 -0.0008479999960400164 -0.0337040014564991
v 0.008616000413894653 -0.0019420000026002526 -0.032437000423669815
v 0.008340000174939632 -0.003378000110387802 -0.032120998948812485
v 0.007127999793738127 -0.004738000221550465 -0.03205699846148491
v 0.005762000102549791 -0.0058570001274347305 -0.03310300037264824
v 0.005423999857157469 -0.0058570001274347305 -0.03501899912953377
v 0.006593999918550253 0.0004090000002179295 -0.03303899988532066
v -0.0014090000186115503 0.0005489999894052744 -0.03623700141906738
v -0.0020830000285059214 -0.0017010000301524997 -0.036486998200416565
v -0.0005469999741762877 0.0023089998867362738 -0.034414999186992645
v -0.002696000039577484 -0.0035719999577850103 -0.03550000116229057
v -0.000056000000768108293 0.0023089998867362738 -0.03162600100040436
v 0.002552000107243657 -0.006763000041246414 -0.034991998225450516
v -0.002983999904245138 -0.0045289997942745686 -0.033594999462366104
v 0.00634900014847517 -0.000999000039882958 -0.03129199892282486
v 0.005793999880552292 -0.002893999917432666 -0.030799999833106995
v 0.004556000232696533 -0.004927000030875206 -0.030623000115156174
v 0.0030539999715983868 -0.006763000041246414 -0.032145000994205475
v 0.0006990000256337225 -0.0006389999762177467 -0.031197000294923782
v -0.008427999913692474 0.0017810000572353601 -0.034960001707077026
v -0.009441000409424305 -0.0003809999907389283 -0.035092998296022415
v -0.0072130002081394196 0.0035039999056607485 -0.033240001648664474
v -0.00975400023162365 -0.0022239999379962683 -0.03413800150156021
v -0.00672100018709898 0.0035039999056607485 -0.03045099973678589
v -0.009752999991178513 -0.0031399999279528856 -0.032343000173568726
v -0.007457000203430653 0.0008210000232793391 -0.02975899912416935
v -0.0026259999722242355 -0.0045289997942745686 -0.03156299889087677
v -0.00941499974578619 -0.0031399999279528856 -0.03042599931359291
v 0.001307999948039651 -0.0021840000990778208 -0.033013999462127686
v -0.0004330000083427876 -0.002865999937057495 -0.03150799870491028
v -0.008336000144481659 -0.0004569999873638153 -0.03131299838423729
v -0.015611999668180943 0.003326999954879284 -0.034085001796483994
v -0.01649099960923195 0.0008640000014565885 -0.03443000093102455
v -0.014550000429153442 0.005164999980479479 -0.03206599876284599
v -0.01680300012230873 -0.001386999967508018 -0.03348299860954285
v -0.014018000103533268 0.005164999980479479 -0.029044000431895256
v -0.016739999875426292 -0.0026859999634325504 -0.031380001455545425
v -0.014453999698162079 0.0026700000744313 -0.027701999992132187
v -0.01631000079214573 -0.0026859999634325504 -0.02893899939954281
v -0.01514699961990118 0.000813000020571053 -0.02846500091254711
v -0.008665000088512897 -0.0013409999664872885 -0.030135000124573708
v -0.015557999722659588 -0.0007800000021234155 -0.02789900079369545
v -0.01953599974513054 0.004313999786973 -0.033824000507593155
v -0.02122800052165985 0.0016769999638199806 -0.034758999943733215
v -0.017822999507188797 0.005663000047206879 -0.03145800158381462
v -0.021553000435233116 -0.0012440000427886844 -0.03362499922513962
v -0.01730000041425228 0.005663000047206879 -0.028496000915765762
v -0.02139499969780445 -0.0030070000793784857 -0.030949000269174576
v -0.01795000024139881 0.0037769998889416456 -0.026419000700116158
v -0.0208320003002882 -0.0030070000793784857 -0.02775299921631813
v -0.01896199956536293 0.0015490000369027257 -0.026047000661492348
v -0.01974800042808056 -0.0008340000058524311 -0.02594600059092045
v -0.022887999191880226 0.004265999887138605 -0.03225399926304817
v -0.023800000548362732 0.0021840000990778208 -0.03275499865412712
v -0.021880999207496643 0.005607999861240387 -0.030472999438643456
v -0.02389799989759922 0.00005400000009103678 -0.031996000558137894
v -0.02145100012421608 0.005607999861240387 -0.028032999485731125
v -0.02365100011229515 -0.001272000023163855 -0.030101999640464783
v -0.02194499969482422 0.003897000104188919 -0.026538999751210213
v -0.02324100024998188 -0.001272000023163855 -0.02777799963951111
v -0.02270600013434887 0.0021840000990778208 -0.02655000053346157
v -0.022854000329971313 0.00042299999040551484 -0.02645600028336048
v -0.022995999082922935 0.0021589999087154865 -0.029019000008702278
v -0.004658999852836132 -0.0010639999527484179 -0.048840999603271484
v -0.005625000223517418 -0.0027379998937249184 -0.04963099956512451
v -0.004728000145405531 -0.00279000005684793 -0.046202998608350754
v -0.003727999981492758 -0.00036100001307204366 -0.047276999801397324
v -0.00711200013756752 -0.00010599999950500205 -0.049192000180482864
v -0.008344000205397606 -0.002280999906361103 -0.0501209981739521
v -0.005901999771595001 0.0008960000122897327 -0.047192998230457306
v -0.006297000218182802 -0.004490999970585108 -0.04867099970579147
v -0.00914399977773428 -0.004718999844044447 -0.0491890013217926
v -0.0034209999721497297 -0.00036100001307204366 -0.04553399980068207
v -0.003470000112429261 -0.0014570000348612666 -0.04426800087094307
v -0.003745999885722995 -0.0028909998945891857 -0.043953001499176025
v -0.004958000034093857 -0.004251000005751848 -0.04388799890875816
v -0.0063240001909434795 -0.005371000152081251 -0.04493299871683121
v -0.006661999970674515 -0.005371000152081251 -0.04684999957680702
v -0.005491999909281731 0.0008960000122897327 -0.04487000033259392
v -0.013496000319719315 0.0010359999723732471 -0.04806699976325035
v -0.014169000089168549 -0.001214000047184527 -0.048319000750780106
v -0.012633999809622765 0.00279600010253489 -0.0462459996342659
v -0.014782999642193317 -0.003085999982431531 -0.04733100160956383
v -0.012141999788582325 0.00279600010253489 -0.04345700144767761
v -0.009534000419080257 -0.006275999825447798 -0.04682299867272377
v -0.015069999732077122 -0.004042999818921089 -0.045426998287439346
v -0.005737000145018101 -0.0005119999987073243 -0.043122999370098114
v -0.006293000187724829 -0.00240899994969368 -0.04263100028038025
v -0.007528999820351601 -0.00443999981507659 -0.04245400056242943
v -0.009031999856233597 -0.006275999825447798 -0.04397600144147873
v -0.011386999860405922 -0.00015199999324977398 -0.04302800074219704
v -0.020514000207185745 0.0022670000325888395 -0.04679099842905998
v -0.021528000012040138 0.00010599999950500205 -0.04692300036549568
v -0.01929900050163269 0.0039900001138448715 -0.04507099837064743
v -0.02184000052511692 -0.0017369999550282955 -0.04596899822354317
v -0.018806999549269676 0.0039900001138448715 -0.04228200018405914
v -0.021839000284671783 -0.002652999944984913 -0.04417400062084198
v -0.01954299956560135 0.001307999948039651 -0.04159000143408775
v -0.014712000265717506 -0.004042999818921089 -0.043393999338150024
v -0.021500999107956886 -0.002652999944984913 -0.04225600138306618
v -0.010777999646961689 -0.0016969999996945262 -0.04484499990940094
v -0.012519000098109245 -0.0023799999617040157 -0.04334000125527382
v -0.020423000678420067 0.000029999999242136255 -0.043143998831510544
v -0.027698000892996788 0.00381199992261827 -0.045917000621557236
v -0.028578000143170357 0.0013510000426322222 -0.046261999756097794
v -0.0266369991004467 0.005650999955832958 -0.043898001313209534
v -0.028889000415802002 -0.0008999999845400453 -0.0453139990568161
v -0.026103999465703964 0.005650999955832958 -0.04087600111961365
v -0.028826000168919563 -0.0022009999956935644 -0.04321099817752838
v -0.02653999999165535 0.0031560000497847795 -0.03953300043940544
v -0.028395000845193863 -0.0022009999956935644 -0.0407710000872612
v -0.02723200060427189 0.0012989999959245324 -0.04029500111937523
v -0.020749999210238457 -0.0008539999835193157 -0.041965000331401825
v -0.02764499932527542 -0.00029399999766610563 -0.039730001240968704
v -0.0316229984164238 0.004800000227987766 -0.04565500095486641
v -0.03331499919295311 0.00216299993917346 -0.04659000039100647
v -0.02990799956023693 0.006149999797344208 -0.04329000040888786
v -0.03363899886608124 -0.0007570000016130507 -0.04545599967241287
v -0.029385000467300415 0.006149999797344208 -0.04032700136303902
v -0.03348100185394287 -0.002520000096410513 -0.04278000071644783
v -0.030036000534892082 0.004263999871909618 -0.03825100138783455
v -0.03291799873113632 -0.002520000096410513 -0.039583999663591385
v -0.031046999618411064 0.0020359999034553766 -0.03787799924612045
v -0.03183399885892868 -0.0003480000013951212 -0.03777699917554855
v -0.03497299924492836 0.0047519998624920845 -0.04408400133252144
v -0.035886000841856 0.0026710000820457935 -0.04458500072360039
v -0.033966001123189926 0.006095000077039003 -0.04230500012636185
v -0.03598399832844734 0.0005409999866969883 -0.043827999383211136
v -0.033535998314619064 0.006095000077039003 -0.03986399993300438
v -0.03573700040578842 -0.0007859999896027148 -0.04193300008773804
v -0.03403199836611748 0.004383999854326248 -0.03836899995803833
v -0.03532699868083 -0.0007859999896027148 -0.03960900008678436
v -0.03479300066828728 0.0026710000820457935 -0.038380999118089676
v -0.03494099900126457 0.0009089999948628247 -0.038286998867988586
v -0.035082001239061356 0.0026459998916834593 -0.04085100069642067
vn 0.4549199044704437 0.7087025046348572 -0.5392481684684753
vn 0.5140098333358765 0.026200197637081146 -0.8573840856552124
vn 0.954407811164856 -0.1930362582206726 -0.22768999636173248
vn 0.5062040686607361 0.8222460150718689 -0.2601325809955597
vn -0.18923552334308624 0.8280783295631409 -0.5277084708213806
vn -0.554823100566864 0.36878979206085205 -0.7457649111747742
vn 0.03828376904129982 0.991883397102356 -0.12125036120414734
vn 0.4967203140258789 -0.7028699517250061 -0.5091589093208313
vn -0.5322399735450745 -0.6377232670783997 -0.5568030476570129
vn 0.42142143845558167 0.9052790403366089 0.05360735207796097
vn 0.675255298614502 0.6393621563911438 0.3677583932876587
vn 0.8754822015762329 -0.12012030184268951 0.46808332204818726
vn 0.6598271727561951 -0.6738754510879517 0.33244559168815613
vn 0.5140647292137146 -0.8560333251953125 0.054262734949588776
vn 0.475938081741333 -0.8602397441864014 -0.18294939398765564
vn 0.06364276260137558 0.9803758263587952 0.18658199906349182
vn 0.0599951334297657 0.8221673369407654 -0.5660755634307861
vn -0.6152438521385193 0.012347287498414516 -0.7882402539253235
vn 0.2411271333694458 0.9571153521537781 -0.16058602929115295
vn -0.6191028356552124 -0.7207145690917969 -0.3119008243083954
vn 0.40922340750694275 0.8886173963546753 0.2071119099855423
vn -0.6777871251106262 -0.7342286109924316 -0.038896843791007996
vn -0.6247178912162781 -0.7808505296707153 0.00035781459882855415
vn 0.054711006581783295 0.7640349268913269 0.642850935459137
vn 0.313488632440567 0.2457364797592163 0.9172450304031372
vn -0.04346107691526413 -0.512630045413971 0.8575089573860168
vn -0.4000125527381897 -0.8731093406677246 0.27869346737861633
vn 0.2434007078409195 0.20827816426753998 0.9472994208335876
vn 0.33927300572395325 0.7393347024917603 -0.5816166996955872
vn 0.43591195344924927 0.17187649011611938 -0.883424699306488
vn 0.13038814067840576 0.9778569936752319 -0.16369062662124634
vn 0.4006088078022003 -0.6655973792076111 -0.6296765804290771
vn 0.25045716762542725 0.8958544731140137 0.36703673005104065
vn 0.3371318578720093 -0.9184845685958862 -0.20670786499977112
vn 0.6230778098106384 0.3628489375114441 0.6929030418395996
vn -0.6000804901123047 -0.762141227722168 0.24299022555351257
vn 0.4414946436882019 -0.799998939037323 0.4063056409358978
vn -0.14868128299713135 0.12769125401973724 0.9806063175201416
vn -0.35118040442466736 -0.29923129081726074 0.8872051239013672
vn 0.5401400923728943 -0.03818190470337868 0.8407084941864014
vn -0.25162702798843384 0.741375744342804 -0.6221300363540649
vn -0.25842612981796265 0.19498617947101593 -0.9461482167243958
vn 0.002885350724682212 0.9767633080482483 -0.21430125832557678
vn -0.10651638358831406 -0.7000873684883118 -0.7060680389404297
vn 0.35172051191329956 0.8758555054664612 0.3304085433483124
vn -0.000989714520983398 -0.9689813852310181 -0.24713189899921417
vn 0.025081513449549675 0.4534856379032135 0.8909105658531189
vn 0.11743570119142532 -0.9365889430046082 0.3301668167114258
vn 0.3056042194366455 0.24389846622943878 0.9203910827636719
vn 0.6310299634933472 0.04216855764389038 0.7746114730834961
vn 0.2634347081184387 -0.31375652551651 0.9122275710105896
vn -0.9929232597351074 0.11243794113397598 -0.038223352283239365
vn -0.9570778608322144 0.006245346274226904 -0.2897637188434601
vn -0.39706721901893616 -0.9148610830307007 0.07325835525989532
vn -0.8960479497909546 -0.42840665578842163 -0.11647266894578934
vn -0.8315290212631226 -0.5433215498924255 0.11559134721755981
vn -0.8230465650558472 -0.5628211498260498 0.07633243501186371
vn -0.8741103410720825 -0.00074627879075706 0.4857269525527954
vn -0.8586877584457397 -0.43073713779449463 0.2777063548564911
vn -0.6656081676483154 0.02653202973306179 0.7458295822143555
vn -0.7123886942863464 -0.24387985467910767 0.6580464243888855
vn -0.988258421421051 -0.0009600797202438116 0.15278838574886322
vn 0.45480602979660034 0.7089641094207764 -0.5390004515647888
vn 0.5139596462249756 0.026517923921346664 -0.8574044108390808
vn 0.9545257091522217 -0.19252285361289978 -0.22763030230998993
vn 0.5059328675270081 0.8224432468414307 -0.2600367069244385
vn -0.18911974132061005 0.8280657529830933 -0.5277696847915649
vn -0.5548412799835205 0.3687724173069 -0.7457600831985474
vn 0.038459088653326035 0.9918524026870728 -0.12144803255796432
vn 0.49674761295318604 -0.7027431130409241 -0.5093073844909668
vn -0.5322832465171814 -0.6374773979187012 -0.5570432543754578
vn 0.4215405285358429 0.905218780040741 0.05368884652853012
vn 0.6754515171051025 0.6390246748924255 0.3679847717285156
vn 0.8755292892456055 -0.11937396228313446 0.4681861400604248
vn 0.6604302525520325 -0.6731016635894775 0.3328152894973755
vn 0.5140997171401978 -0.8560230731964111 0.05409187451004982
vn 0.4758872091770172 -0.860266923904419 -0.18295422196388245
vn 0.06374063342809677 0.980331540107727 0.1867808848619461
vn 0.05986341834068298 0.8219957947731018 -0.5663384199142456
vn -0.6153030395507812 0.012207107618451118 -0.7881960868835449
vn 0.24085235595703125 0.9571681618690491 -0.1606834977865219
vn -0.619228720664978 -0.7204665541648865 -0.3122236728668213
vn 0.4090854525566101 0.8885554671287537 0.20764926075935364
vn -0.6778771877288818 -0.734138011932373 -0.0390348881483078
vn -0.6247473359107971 -0.7808268666267395 0.00025161521625705063
vn 0.05481836199760437 0.7637229561805725 0.6432124972343445
vn 0.3138115406036377 0.24587202072143555 0.9170982837677002
vn -0.043559178709983826 -0.5126420855522156 0.8574967980384827
vn -0.40035322308540344 -0.8729869723320007 0.27858754992485046
vn 0.24343989789485931 0.20849454402923584 0.9472418427467346
vn 0.3387938439846039 0.739395260810852 -0.5818189382553101
vn 0.43569883704185486 0.17170602083206177 -0.8835629820823669
vn 0.13048206269741058 0.9778414964675903 -0.1637083888053894
vn 0.40053337812423706 -0.6654768586158752 -0.6298518776893616
vn 0.2506581246852875 0.8957463502883911 0.36716365814208984
vn 0.3371572494506836 -0.9184378385543823 -0.20687425136566162
vn 0.6231433153152466 0.36267518997192383 0.692935049533844
vn -0.6001172065734863 -0.7621355056762695 0.24291734397411346
vn 0.44153228402137756 -0.8001009225845337 0.4060637950897217
vn -0.14877401292324066 0.1276719570159912 0.9805948138237
vn -0.3514114022254944 -0.2996135950088501 0.886984646320343
vn 0.5402778387069702 -0.037569765001535416 0.8406475782394409
vn -0.2512047290802002 0.7414621114730835 -0.6221978068351746
vn -0.2581959068775177 0.19538375735282898 -0.9461289644241333
vn -0.004743327386677265 0.9766713976860046 -0.21468716859817505
vn -0.10651533305644989 -0.7001107335090637 -0.7060449123382568
vn 0.3419365882873535 0.8764945864677429 0.3388752341270447
vn -0.0009450308280065656 -0.9689308404922485 -0.2473302036523819
vn 0.02525336854159832 0.4536920487880707 0.8908005356788635
vn 0.11747834086418152 -0.936647355556488 0.3299858868122101
vn 0.305825412273407 0.24403564631938934 0.920281171798706
vn 0.6311127543449402 0.0422089584171772 0.7745418548583984
vn 0.26334500312805176 -0.31339162588119507 0.9123788475990295
vn -0.9928600192070007 0.11284883320331573 -0.03865497186779976
vn -0.9570218920707703 0.006328912451863289 -0.28994646668434143
vn -0.4039250612258911 -0.9117589592933655 0.07443249970674515
vn -0.8960179686546326 -0.4285096824169159 -0.11632395535707474
vn -0.8311813473701477 -0.5437511801719666 0.11607002466917038
vn -0.8230491280555725 -0.5628396272659302 0.07616928219795227
vn -0.8742237091064453 0.00027403177227824926 0.4855233132839203
vn -0.8586845993995667 -0.4308650493621826 0.2775176167488098
vn -0.6655630469322205 0.026962000876665115 0.7458545565605164
vn -0.7124850153923035 -0.24380643665790558 0.6579692363739014
vn -0.988258957862854 -0.0008720520418137312 0.152785524725914
vn 0.4546980857849121 0.7089700102806091 -0.5390836000442505
vn 0.5140805840492249 0.026378130540251732 -0.8573362231254578
vn 0.9544335007667542 -0.1928502768278122 -0.22773955762386322
vn 0.4256007671356201 0.8798924088478088 -0.21131348609924316
vn -0.1891040951013565 0.828037679195404 -0.5278192758560181
vn -0.5548284649848938 0.3684597611427307 -0.7459242343902588
vn 0.028671110048890114 0.9923882484436035 -0.11976396292448044
vn 0.4964902400970459 -0.7030196189880371 -0.5091766715049744
vn -0.5321861505508423 -0.6378654837608337 -0.556691586971283
vn 0.48615318536758423 0.871161937713623 0.0687904804944992
vn 0.6750418543815613 0.6396588087081909 0.36763444542884827
vn 0.8755179047584534 -0.11991945654153824 0.4680682420730591
vn 0.6595253944396973 -0.6742232441902161 0.3323391079902649
vn 0.49100640416145325 -0.8704814314842224 0.034275393933057785
vn 0.5006822347640991 -0.8392642140388489 -0.2120211124420166
vn 0.07541197538375854 0.9799367189407349 0.18449163436889648
vn 0.06003236025571823 0.8218516707420349 -0.5665297508239746
vn -0.6148931980133057 0.012031600810587406 -0.7885185480117798
vn 0.3245331346988678 0.9295075535774231 -0.1751968264579773
vn -0.6189870238304138 -0.7207555770874023 -0.3120362162590027
vn 0.3230970799922943 0.9195749163627625 0.22358515858650208
vn -0.5250641703605652 -0.84969162940979 -0.04828759282827377
vn -0.4407036006450653 -0.8976191878318787 -0.007753541227430105
vn 0.0550108402967453 0.7639186978340149 0.6429635882377625
vn 0.31318366527557373 0.24571850895881653 0.9173539876937866
vn -0.04349013417959213 -0.5126814842224121 0.8574767112731934
vn -0.5945512056350708 -0.7237809300422668 0.3502143621444702
vn 0.24361193180084229 0.20780836045742035 0.9473483562469482
vn 0.3390312194824219 0.739328145980835 -0.5817660689353943
vn 0.4358961582183838 0.17176958918571472 -0.8834532499313354
vn 0.12708427011966705 0.9674502015113831 -0.2188371866941452
vn 0.4006442427635193 -0.6654235124588013 -0.6298379302024841
vn 0.220774844288826 0.941299319267273 0.25537076592445374
vn 0.32298263907432556 -0.909037172794342 -0.26331284642219543
vn 0.6229722499847412 0.36285802721977234 0.6929932832717896
vn -0.7492557764053345 -0.5942434668540955 0.2923874855041504
vn 0.42999783158302307 -0.8613629341125488 0.27047333121299744
vn -0.1486743688583374 0.127238929271698 0.9806662201881409
vn -0.35110723972320557 -0.2992708384990692 0.8872206807136536
vn 0.540349543094635 -0.03871248662471771 0.840549647808075
vn -0.2517555356025696 0.7413865327835083 -0.6220651865005493
vn -0.25872015953063965 0.19494867324829102 -0.9460754990577698
vn 0.24648098647594452 0.9432141780853271 -0.22269712388515472
vn -0.10654287785291672 -0.6999963521957397 -0.7061542272567749
vn 0.10700324922800064 0.8850390315055847 0.4530521333217621
vn 0.09611605107784271 -0.9689679145812988 -0.22773438692092896
vn 0.025291841477155685 0.4533977806568146 0.8909494280815125
vn 0.030863946303725243 -0.917899489402771 0.39561086893081665
vn 0.3055078387260437 0.24382618069648743 0.9204421043395996
vn 0.6311284303665161 0.04187040030956268 0.7745475172996521
vn 0.26336050033569336 -0.3141331374645233 0.9121193289756775
vn -0.9929304718971252 0.11245459318161011 -0.03798622637987137
vn -0.9571756720542908 0.006148210261017084 -0.2894423305988312
vn -0.818543553352356 -0.5550844669342041 0.1478772759437561
vn -0.8961056470870972 -0.4282591938972473 -0.11657104641199112
vn -0.41255274415016174 -0.9098113179206848 0.045207880437374115
vn -0.8231140375137329 -0.5627186894416809 0.076361745595932
vn -0.8740591406822205 -0.000957303331233561 0.48581865429878235
vn -0.8586803078651428 -0.4306698143482208 0.27783364057540894
vn -0.6657275557518005 0.02624921128153801 0.7457330822944641
vn -0.7124532461166382 -0.24404102563858032 0.6579166054725647
vn -0.9882732033729553 -0.0008978325058706105 0.15269288420677185
vn 0.454698383808136 0.7089688777923584 -0.5390849709510803
vn 0.5140329003334045 0.02690364420413971 -0.8573485612869263
vn 0.9544577598571777 -0.19274108111858368 -0.22773030400276184
vn 0.4256017804145813 0.8798917531967163 -0.21131420135498047
vn -0.189068004488945 0.8281304836273193 -0.527686595916748
vn -0.5546259880065918 0.36875084042549133 -0.7459307909011841
vn 0.028687430545687675 0.9923834204673767 -0.11980029195547104
vn 0.4966777563095093 -0.7026955485343933 -0.5094409584999084
vn -0.5322353839874268 -0.6374982595443726 -0.557064950466156
vn 0.48613524436950684 0.8711692094802856 0.06882300227880478
vn 0.6751433610916138 0.6394263505935669 0.3678523004055023
vn 0.8754205107688904 -0.12029528617858887 0.46815380454063416
vn 0.6595109105110168 -0.6742276549339294 0.33235886693000793
vn 0.49101778864860535 -0.8704750537872314 0.03427411988377571
vn 0.5007553696632385 -0.8392201066017151 -0.21202272176742554
vn 0.0753805935382843 0.9798901677131653 0.1847514659166336
vn 0.06000722199678421 0.8221210241317749 -0.5661413669586182
vn -0.6151089668273926 0.01224470417946577 -0.7883470058441162
vn 0.2819013297557831 0.940125584602356 -0.1915608048439026
vn -0.6191555857658386 -0.7206392288208008 -0.3119703233242035
vn 0.3565458357334137 0.917305588722229 0.17727264761924744
vn -0.5251021981239319 -0.8496702313423157 -0.04825223237276077
vn -0.6248527765274048 -0.7807424664497375 0.0005069830222055316
vn 0.05483992025256157 0.7638790607452393 0.643025279045105
vn 0.3133213520050049 0.2454751878976822 0.9173721671104431
vn -0.043482206761837006 -0.513075590133667 0.8572413921356201
vn -0.5945776700973511 -0.7235727310180664 0.35059937834739685
vn 0.24324779212474823 0.2084382176399231 0.9473035931587219
vn 0.33915606141090393 0.7395749688148499 -0.5813793540000916
vn 0.4360770881175995 0.17192955315113068 -0.8833329081535339
vn 0.13059760630130768 0.9778261184692383 -0.1637076735496521
vn 0.4005708694458008 -0.6656655073165894 -0.6296287775039673
vn 0.2504419982433319 0.8958465456962585 0.36706632375717163
vn 0.29653289914131165 -0.9283058643341064 -0.2243131399154663
vn 0.6230526566505432 0.36284106969833374 0.6929299831390381
vn -0.6002092957496643 -0.7620581984519958 0.24293218553066254
vn 0.4721234440803528 -0.8211748600006104 0.3205794394016266
vn -0.14886927604675293 0.12762488424777985 0.9805864691734314
vn -0.3514070212841034 -0.29963526129722595 0.8869790434837341
vn 0.5401546955108643 -0.03802989050745964 0.8407060503959656
vn -0.2514554262161255 0.7414877414703369 -0.6220659613609314
vn -0.25870028138160706 0.19463133811950684 -0.9461463093757629
vn -0.004691110923886299 0.9767128229141235 -0.2144995480775833
vn -0.10651786625385284 -0.7001141309738159 -0.7060412764549255
vn 0.3463160991668701 0.8760858178138733 0.3354681134223938
vn 0.09635917097330093 -0.9689244031906128 -0.22781617939472198
vn 0.02527930773794651 0.45365411043167114 0.890819251537323
vn 0.030844012275338173 -0.9179763197898865 0.3954342305660248
vn 0.30561235547065735 0.24437840282917023 0.9202609658241272
vn 0.6310214400291443 0.042103011161088943 0.7746220231056213
vn 0.2634138762950897 -0.3134610056877136 0.9123351573944092
vn -0.9929370284080505 0.11238323152065277 -0.03802753612399101
vn -0.9571166634559631 0.006106870714575052 -0.28963860869407654
vn -0.40127652883529663 -0.9129744172096252 0.07385706901550293
vn -0.8960850238800049 -0.42830798029899597 -0.11655023694038391
vn -0.8313978314399719 -0.5435275435447693 0.11556603759527206
vn -0.8230724334716797 -0.5627836585044861 0.07633055746555328
vn -0.873993456363678 -0.001042859861627221 0.4859365224838257
vn -0.858734667301178 -0.43064016103744507 0.27771174907684326
vn -0.6654685735702515 0.026699833571910858 0.7459481954574585
vn -0.712647020816803 -0.24348610639572144 0.6579123139381409
vn -0.9882584810256958 -0.0008738148608244956 0.15278905630111694
vn 0.45462605357170105 0.7091110348701477 -0.538958728313446
vn 0.5138828158378601 0.025974344462156296 -0.857466995716095
vn 0.9544697999954224 -0.19255419075489044 -0.2278384268283844
vn 0.425397127866745 0.8800839781761169 -0.21092535555362701
vn -0.18916799128055573 0.8279709219932556 -0.5279011726379395
vn -0.5550362467765808 0.36873868107795715 -0.7456316947937012
vn 0.028687845915555954 0.9923970699310303 -0.11968781799077988
vn 0.4964129626750946 -0.7030235528945923 -0.5092465877532959
vn -0.532541811466217 -0.6377445459365845 -0.5564900040626526
vn 0.48611465096473694 0.8711870908737183 0.06874427944421768
vn 0.6750285029411316 0.639611542224884 0.3677413761615753
vn 0.8755272030830383 -0.11924383044242859 0.4682231545448303
vn 0.6599748134613037 -0.6736423373222351 0.33262452483177185
vn 0.5140594244003296 -0.8560505509376526 0.05404001101851463
vn 0.4757966697216034 -0.8602768778800964 -0.18314270675182343
vn 0.0754123255610466 0.9799373149871826 0.18448756635189056
vn 0.0599377416074276 0.8218838572502136 -0.5664930939674377
vn -0.6151968836784363 0.012396793812513351 -0.7882760763168335
vn 0.28182628750801086 0.9401746392250061 -0.19143010675907135
vn -0.6194688677787781 -0.7203249931335449 -0.312074214220047
vn 0.3564904034137726 0.9173450469970703 0.17717954516410828
vn -0.5236777663230896 -0.846645712852478 -0.09461861848831177
vn -0.6215675473213196 -0.7825120091438293 0.036449942737817764
vn 0.05513050779700279 0.7637704610824585 0.6431293487548828
vn 0.31325098872184753 0.2458934485912323 0.9172841906547546
vn -0.04350915923714638 -0.5131576657295227 0.8571908473968506
vn -0.5797604918479919 -0.7648768424987793 0.28078657388687134
vn 0.24351194500923157 0.20859241485595703 0.9472017884254456
vn 0.3388224244117737 0.7394057512283325 -0.5817890763282776
vn 0.435808926820755 0.17165379226207733 -0.8835187554359436
vn 0.20071452856063843 0.9592878818511963 -0.1986970603466034
vn 0.4005556106567383 -0.6653798222541809 -0.629940390586853
vn 0.1573801040649414 0.9355225563049316 0.31627359986305237
vn 0.3230397701263428 -0.909045398235321 -0.263214111328125
vn 0.6228585839271545 0.36313897371292114 0.6929482817649841
vn -0.5892035365104675 -0.7451452612876892 0.3124063313007355
vn 0.4300752580165863 -0.861368715763092 0.27033179998397827
vn -0.14844541251659393 0.1267307847738266 0.9807667136192322
vn -0.35106098651885986 -0.3001162111759186 0.8869534730911255
vn 0.5401535630226135 -0.03779665008187294 0.8407173156738281
vn -0.25131866335868835 0.7415130138397217 -0.6220910549163818
vn -0.2581978738307953 0.195384219288826 -0.9461283683776855
vn -0.13196054100990295 0.98691326379776 -0.09267405420541763
vn -0.10639318823814392 -0.7001029849052429 -0.7060709595680237
vn 0.8557803630828857 0.2153104841709137 0.4704056978225708
vn 0.010923562571406364 -0.982356607913971 -0.18669824302196503
vn 0.025398585945367813 0.4537155032157898 0.8907845616340637
vn 0.14068400859832764 -0.8849109411239624 0.4440050721168518
vn 0.30557698011398315 0.24408312141895294 0.9203510880470276
vn 0.6312429904937744 0.041505325585603714 0.7744737267494202
vn 0.26316767930984497 -0.3138347864151001 0.9122776985168457
vn -0.9928807616233826 0.1127500832080841 -0.038406770676374435
vn -0.957024335861206 0.0065503232181072235 -0.2899335026741028
vn -0.4035587012767792 -0.9119283556938171 0.07434415072202682
vn -0.8960305452346802 -0.42842450737953186 -0.1165413111448288
vn -0.8312281966209412 -0.5436893105506897 0.11602400988340378
vn -0.890373945236206 -0.44970589876174927 0.07070239633321762
vn -0.8740026950836182 -0.00026340116164647043 0.4859209656715393
vn -0.7996375560760498 -0.5495969653129578 0.24191556870937347
vn -0.6655251979827881 0.02674122340977192 0.7458963394165039
vn -0.7125642895698547 -0.2439420372247696 0.6578331589698792
vn -0.988248348236084 -0.0007572733447887003 0.15285474061965942
vn 0.7578815221786499 0.35322824120521545 -0.5484938621520996
vn 0.7172278761863708 -0.024001913145184517 -0.696425199508667
vn 0.9500511288642883 -0.2118689864873886 -0.22916023433208466
vn 0.8765555024147034 0.3733696937561035 -0.3037191927433014
vn 0.18244966864585876 0.6355406641960144 -0.7502000331878662
vn 0.06080564856529236 -0.013490932062268257 -0.9980584383010864
vn 0.37057924270629883 0.8819475769996643 -0.2912723422050476
vn 0.7182092070579529 -0.4477887451648712 -0.5325981974601746
vn 0.08298204839229584 -0.6367232799530029 -0.7666141986846924
vn 0.8641995787620544 0.5018541812896729 -0.03607487305998802
vn 0.9108514785766602 0.30791956186294556 0.2748367190361023
vn 0.9071093201637268 -0.08884020149707794 0.4114122688770294
vn 0.8672493696212769 -0.4127776324748993 0.27837592363357544
vn 0.7948704957962036 -0.6067721247673035 -0.0029099106322973967
vn 0.7656668424606323 -0.5821031928062439 -0.27369704842567444
vn 0.3456004559993744 0.8543285131454468 0.3881792426109314
vn -0.18615013360977173 0.5448774099349976 -0.8175920844078064
vn -0.30139708518981934 -0.10670022666454315 -0.9475098848342896
vn 0.02627992071211338 0.9625536799430847 -0.26981446146965027
vn -0.29165375232696533 -0.6632036566734314 -0.6892743706703186
vn 0.191437229514122 0.6717402935028076 0.7156233787536621
vn 0.16055166721343994 -0.9386199116706848 -0.3053126335144043
vn -0.22180895507335663 -0.9539520144462585 -0.2019314467906952
vn 0.3478575050830841 0.44711431860923767 0.8240654468536377
vn 0.13915114104747772 0.025960935279726982 0.9899307489395142
vn 0.33445948362350464 -0.4923260509967804 0.8035868406295776
vn 0.06632654368877411 -0.8821800947189331 0.46621766686439514
vn -0.023396285250782967 -0.18415232002735138 0.9826191663742065
vn -0.11056304723024368 0.48460760712623596 -0.8677161931991577
vn -0.12109497934579849 -0.15461942553520203 -0.9805247187614441
vn -0.0441734679043293 0.9074992537498474 -0.4177245795726776
vn -0.03908403962850571 -0.7308202385902405 -0.6814501285552979
vn 0.10873954743146896 0.9140812158584595 0.3906804323196411
vn 0.018295446410775185 -0.9828380942344666 -0.1835605353116989
vn 0.2710805833339691 -0.16279132664203644 0.9486907720565796
vn -0.017996836453676224 -0.7655801773071289 0.643088698387146
vn 0.24066971242427826 -0.8184776902198792 0.5217013359069824
vn -0.2661236822605133 0.027486158534884453 0.9635469317436218
vn -0.14105340838432312 0.30615484714508057 0.9414739608764648
vn 0.2999417185783386 -0.027743859216570854 0.9535540342330933
vn -0.021552618592977524 0.5262584686279297 -0.8500514030456543
vn 0.10382401943206787 -0.12895777821540833 -0.9862000346183777
vn -0.016991181299090385 0.9396100640296936 -0.3418247699737549
vn 0.1911379098892212 -0.675601065158844 -0.7120599746704102
vn 0.13964565098285675 0.8346735239028931 0.5327469110488892
vn 0.20630104839801788 -0.9387567639350891 -0.2759990394115448
vn 0.3575134575366974 0.1561177372932434 0.9207667708396912
vn 0.4242015480995178 -0.840945839881897 0.3359510600566864
vn 0.5169708728790283 -0.08421013504266739 0.8518507480621338
vn 0.2948252260684967 0.21005363762378693 0.9321778416633606
vn 0.5372779965400696 -0.15385082364082336 0.8292540311813354
vn -0.22293466329574585 0.6592668890953064 -0.7180997729301453
vn -0.4240989685058594 0.11734958738088608 -0.8979806303977966
vn -0.1630333960056305 0.9657626748085022 -0.20179851353168488
vn -0.30423760414123535 -0.5593692660331726 -0.7710677981376648
vn 0.013109661638736725 0.8644964694976807 0.502467930316925
vn -0.11788763105869293 -0.9530763626098633 -0.2788331210613251
vn 0.17083962261676788 0.342266708612442 0.9239411950111389
vn -0.27297961711883545 -0.8612748980522156 0.42858800292015076
vn 0.1331261247396469 0.05151158571243286 0.9897595643997192
vn 0.2161388099193573 -0.41821661591529846 0.8822578191757202
vn -0.8752825260162354 0.4040029048919678 -0.2658236026763916
vn -0.9549160003662109 -0.03922022134065628 -0.29427385330200195
vn -0.7402145266532898 0.6693355441093445 -0.06381487846374512
vn -0.9143468737602234 -0.37214043736457825 -0.1596287190914154
vn -0.6032885909080505 0.7079118490219116 0.3672921359539032
vn -0.8604730367660522 -0.5046329498291016 0.07022597640752792
vn -0.6664413809776306 0.251939594745636 0.7016996741294861
vn -0.8670526742935181 -0.3897167444229126 0.31038767099380493
vn -0.7716946005821228 0.030835211277008057 0.6352454423904419
vn -0.6955121755599976 -0.21789270639419556 0.6846791505813599
vn -0.9838493466377258 0.047624170780181885 0.17254702746868134
vn 0.7578117251396179 0.35341528058052063 -0.548469603061676
vn 0.7171180248260498 -0.024171385914087296 -0.6965324282646179
vn 0.9500917792320251 -0.21163409948349 -0.22920870780944824
vn 0.8763877749443054 0.37380263209342957 -0.3036707639694214
vn 0.1825762838125229 0.6356222629547119 -0.7501002550125122
vn 0.060755033046007156 -0.013561327941715717 -0.9980605244636536
vn 0.3414103090763092 0.9049088358879089 -0.2541242837905884
vn 0.7183190584182739 -0.4475322663784027 -0.5326655507087708
vn 0.08311833441257477 -0.6365807056427002 -0.7667179703712463
vn 0.8641300201416016 0.5019551515579224 -0.03633744269609451
vn 0.9109465479850769 0.3077845573425293 0.27467256784439087
vn 0.9071152806282043 -0.08880306035280228 0.4114070534706116
vn 0.8672419786453247 -0.4127287268638611 0.2784716784954071
vn 0.822201669216156 -0.5688204169273376 0.020685801282525063
vn 0.7475782632827759 -0.6165032386779785 -0.24708399176597595
vn 0.37373265624046326 0.8061144948005676 0.4588063955307007
vn -0.18623676896095276 0.5448822379112244 -0.8175690174102783
vn -0.3016396760940552 -0.10693728178739548 -0.9474058747291565
vn 0.0034054431598633528 0.9506273865699768 -0.3103161156177521
vn -0.2918034791946411 -0.6629936099052429 -0.6894130706787109
vn 0.194463849067688 0.7775372862815857 0.5980130434036255
vn -0.026389796286821365 -0.9628481268882751 -0.2687510848045349
vn -0.20255529880523682 -0.9459554553031921 -0.25325825810432434
vn 0.34781041741371155 0.4470687806606293 0.8241100907325745
vn 0.13909663259983063 0.025971539318561554 0.9899381995201111
vn 0.33437293767929077 -0.49239838123321533 0.8035785555839539
vn 0.2853454649448395 -0.8536123037338257 0.43580278754234314
vn -0.023658709600567818 -0.18402384221553802 0.9826369881629944
vn -0.11056090891361237 0.48438069224357605 -0.8678430318832397
vn -0.12096451222896576 -0.15470312535762787 -0.9805276989936829
vn -0.04413404315710068 0.9075074195861816 -0.4177110195159912
vn -0.03904024884104729 -0.7306603789329529 -0.6816239953041077
vn 0.10886327922344208 0.9140884280204773 0.3906293213367462
vn 0.04511496052145958 -0.986423134803772 -0.15790513157844543
vn 0.2712695300579071 -0.16253803670406342 0.9486802220344543
vn -0.07160522788763046 -0.8268064260482788 0.5579102039337158
vn 0.24494878947734833 -0.7369101643562317 0.6300504207611084
vn -0.26622459292411804 0.027603019028902054 0.9635156989097595
vn -0.14114545285701752 0.3061341345310211 0.9414668083190918
vn 0.3000461757183075 -0.027672257274389267 0.9535232186317444
vn -0.021588364616036415 0.525947630405426 -0.8502428531646729
vn 0.10378794372081757 -0.12899810075759888 -0.9861984252929688
vn -0.01678493805229664 0.9396082758903503 -0.3418399393558502
vn 0.191144198179245 -0.6755062937736511 -0.7121482491493225
vn 0.13981615006923676 0.834839940071106 0.5324411988258362
vn 0.21137244999408722 -0.9219019412994385 -0.3246820569038391
vn 0.35743382573127747 0.15661665797233582 0.920712947845459
vn 0.39077290892601013 -0.8760303258895874 0.2826084792613983
vn 0.5169509649276733 -0.0841401070356369 0.8518697619438171
vn 0.2950040400028229 0.21018299460411072 0.9320921897888184
vn 0.5372797250747681 -0.1540386825799942 0.8292180895805359
vn -0.22312487661838531 0.6589077711105347 -0.718370258808136
vn -0.42407357692718506 0.11713749170303345 -0.8980202674865723
vn -0.13930225372314453 0.959516704082489 -0.24479098618030548
vn -0.3040955662727356 -0.5591689348220825 -0.7712689638137817
vn -0.04407312721014023 0.9023917317390442 0.4286569356918335
vn -0.19586871564388275 -0.9536765813827515 -0.22833415865898132
vn 0.1705673784017563 0.34245815873146057 0.9239204525947571
vn -0.17920862138271332 -0.8515424728393555 0.4927065372467041
vn 0.1330140233039856 0.051727887243032455 0.9897633194923401
vn 0.21634450554847717 -0.41837677359580994 0.8821314573287964
vn -0.875435471534729 0.4034767746925354 -0.26611900329589844
vn -0.9548452496528625 -0.039038535207509995 -0.29452764987945557
vn -0.669998288154602 0.7411137819290161 -0.04304349794983864
vn -0.9144136905670166 -0.37198320031166077 -0.1596125364303589
vn -0.6559996604919434 0.6203814148902893 0.4298737645149231
vn -0.9075852036476135 -0.4158168137073517 0.058183807879686356
vn -0.6664590239524841 0.251910537481308 0.7016933560371399
vn -0.8301921486854553 -0.4865962862968445 0.2720387876033783
vn -0.7717148661613464 0.03129483014345169 0.635198175907135
vn -0.6954663991928101 -0.2178063839673996 0.6847530603408813
vn -0.9838447570800781 0.047618839889764786 0.17257435619831085
vn 0.776557207107544 0.3414561152458191 -0.5294966697692871
vn 0.7388379573822021 -0.01842726767063141 -0.6736310720443726
vn 0.9554453492164612 -0.19191139936447144 -0.2242639809846878
vn 0.8844285011291504 0.3611644506454468 -0.29554426670074463
vn 0.2101612389087677 0.6304522752761841 -0.7472363710403442
vn 0.07881324738264084 -0.010580701753497124 -0.9968332648277283
vn 0.4059833288192749 0.8656330108642578 -0.2930135428905487
vn 0.7425916790962219 -0.4229500889778137 -0.5192983150482178
vn 0.0952243059873581 -0.6328868865966797 -0.7683660984039307
vn 0.8754324913024902 0.4814654588699341 -0.042528849095106125
vn 0.9202441573143005 0.29617318511009216 0.25579705834388733
vn 0.9184397459030151 -0.07859364151954651 0.38767457008361816
vn 0.885667085647583 -0.38533949851989746 0.2590506076812744
vn 0.8200395703315735 -0.5721636414527893 -0.012801993638277054
vn 0.7903768420219421 -0.54888516664505 -0.27208349108695984
vn 0.36964932084083557 0.8475544452667236 0.38080301880836487
vn -0.19051185250282288 0.5450699925422668 -0.8164581656455994
vn -0.31502410769462585 -0.1064656674861908 -0.9430932402610779
vn 0.03989000990986824 0.9476290941238403 -0.31687185168266296
vn -0.3084237575531006 -0.6609541773796082 -0.6841157674789429
vn 0.16742783784866333 0.7798427939414978 0.603169322013855
vn 0.17072634398937225 -0.9357070326805115 -0.30871477723121643
vn -0.24043549597263336 -0.9502085447311401 -0.19822844862937927
vn 0.36408060789108276 0.44625264406204224 0.8174986243247986
vn 0.13251237571239471 0.0285499170422554 0.9907701015472412
vn 0.3515632450580597 -0.4886009395122528 0.7985439300537109
vn 0.05625385418534279 -0.881325364112854 0.4691493511199951
vn -0.04149508848786354 -0.18229374289512634 0.9823681116104126
vn -0.10623295605182648 0.4843311905860901 -0.868411123752594
vn -0.11573117971420288 -0.15506817400455475 -0.9811015725135803
vn -0.03437861427664757 0.9362193942070007 -0.3497302830219269
vn -0.0304150078445673 -0.7302255034446716 -0.6825288534164429
vn 0.13860267400741577 0.8671754598617554 0.47832614183425903
vn 0.02360529452562332 -0.9825665354728699 -0.18440642952919006
vn 0.2816130518913269 -0.1624988317489624 0.94566810131073
vn -0.03165077418088913 -0.7633908987045288 0.6451609134674072
vn 0.2558457553386688 -0.8165735602378845 0.5174461603164673
vn -0.30063608288764954 0.030094144865870476 0.953264057636261
vn -0.16749052703380585 0.3064209818840027 0.9370449185371399
vn 0.31284773349761963 -0.027932915836572647 0.9493924975395203
vn -0.00772536126896739 0.5251811742782593 -0.8509554862976074
vn 0.13163059949874878 -0.1279422789812088 -0.9830077290534973
vn -0.012314490973949432 0.9393627643585205 -0.3427038788795471
vn 0.2217864990234375 -0.6679651737213135 -0.7103754878044128
vn 0.14412516355514526 0.8347539901733398 0.5314261317253113
vn 0.23145979642868042 -0.9320252537727356 -0.27884650230407715
vn 0.37619102001190186 0.1542750597000122 0.9136080145835876
vn 0.45544663071632385 -0.8292807340621948 0.3238235414028168
vn 0.5454164743423462 -0.08500424027442932 0.8338436484336853
vn 0.3077673614025116 0.20973920822143555 0.9280564188957214
vn 0.5678044557571411 -0.15155702829360962 0.8090912103652954
vn -0.23065273463726044 0.658515989780426 -0.7163489460945129
vn -0.44151973724365234 0.11656121909618378 -0.8896481990814209
vn -0.14913804829120636 0.9585647583007812 -0.24271675944328308
vn -0.31091976165771484 -0.5588248372077942 -0.7687935829162598
vn -0.057250335812568665 0.9007675647735596 0.4305115044116974
vn -0.11584914475679398 -0.9533531069755554 -0.2787415385246277
vn 0.16919195652008057 0.3427872061729431 0.9240514039993286
vn -0.29909834265708923 -0.852144718170166 0.4294060170650482
vn 0.12586897611618042 0.05172519013285637 0.9906975030899048
vn 0.22548028826713562 -0.4184049665927887 0.8798272013664246
vn -0.8903828263282776 0.3834978938102722 -0.24525076150894165
vn -0.9633978009223938 -0.03746084123849869 -0.2654457092285156
vn -0.6907540559768677 0.722203254699707 -0.03579460456967354
vn -0.9262539744377136 -0.35001346468925476 -0.13980025053024292
vn -0.6747092604637146 0.6026433706283569 0.4261320233345032
vn -0.8757655024528503 -0.4765530526638031 0.0770193561911583
vn -0.6865877509117126 0.23871520161628723 0.6867403388023376
vn -0.8786611557006836 -0.3675878047943115 0.30468615889549255
vn -0.7855761647224426 0.02752014622092247 0.6181526780128479
vn -0.7190091013908386 -0.20518992841243744 0.6640202403068542
vn -0.9840340614318848 0.043150484561920166 0.17267020046710968
vn 0.807662844657898 0.3358694911003113 -0.48463648557662964
vn 0.7818288207054138 -0.01044904999434948 -0.6234056949615479
vn 0.9610884189605713 -0.17347031831741333 -0.2149818390607834
vn 0.8951525092124939 0.3496527075767517 -0.27648693323135376
vn 0.260444313287735 0.6521159410476685 -0.7119784951210022
vn 0.11450381577014923 -0.003886235412210226 -0.9934152960777283
vn 0.4128771126270294 0.8779095411300659 -0.2425023764371872
vn 0.7703432440757751 -0.4326397180557251 -0.4683953523635864
vn -0.033812280744314194 -0.6108391880989075 -0.7910323143005371
vn 0.8850370645523071 0.4619366228580475 -0.05765474960207939
vn 0.9337034225463867 0.2910348176956177 0.20855861902236938
vn 0.9392475485801697 -0.06866069883108139 0.3363029658794403
vn 0.9067462682723999 -0.3630659282207489 0.21446266770362854
vn 0.8417967557907104 -0.538772702217102 -0.0332019217312336
vn 0.8647482991218567 -0.4596717357635498 -0.2022678256034851
vn 0.425356924533844 0.8039989471435547 0.41552045941352844
vn -0.19609850645065308 0.5789897441864014 -0.7914014458656311
vn -0.3451283574104309 -0.11387307941913605 -0.9316219091415405
vn 0.024535981938242912 0.9371804594993591 -0.3479808270931244
vn -0.3303728997707367 -0.6880491971969604 -0.6460976004600525
vn 0.182615727186203 0.8475005626678467 0.4983917772769928
vn 0.17192789912223816 -0.9501858949661255 -0.2599756717681885
vn -0.23175744712352753 -0.9470764398574829 -0.22211462259292603
vn 0.3944789469242096 0.4738958179950714 0.7872795462608337
vn 0.12800833582878113 0.03391023725271225 0.9911931753158569
vn 0.3724173903465271 -0.5141631364822388 0.7726198434829712
vn 0.14940424263477325 -0.825874924659729 0.543699324131012
vn -0.07694336026906967 -0.1817498356103897 0.9803298711776733
vn -0.09479368478059769 0.5137585401535034 -0.8526818752288818
vn -0.07570378482341766 -0.20750929415225983 -0.9752993583679199
vn -0.00970387551933527 0.9594970941543579 -0.28155139088630676
vn -0.013842831365764141 -0.8021305799484253 -0.5969880819320679
vn 0.15382352471351624 0.7851851582527161 0.5998522043228149
vn 0.032310135662555695 -0.9848735928535461 -0.17023561894893646
vn 0.3039500415325165 -0.16356675326824188 0.9385415315628052
vn -0.1114645004272461 -0.8235198259353638 0.5562291145324707
vn 0.27527981996536255 -0.8241320252418518 0.49500223994255066
vn -0.3719932436943054 0.03385354205965996 0.9276179075241089
vn -0.22242994606494904 0.3180829584598541 0.9216008186340332
vn 0.3431943655014038 -0.027333300560712814 0.9388666152954102
vn 0.023819763213396072 0.5514969825744629 -0.8338367342948914
vn 0.2127775102853775 -0.07112573832273483 -0.97450852394104
vn -0.02639138512313366 0.9485493302345276 -0.31552761793136597
vn 0.23477376997470856 -0.6566066741943359 -0.716762900352478
vn 0.17846150696277618 0.8434031009674072 0.5067769289016724
vn 0.29029086232185364 -0.9274597764015198 -0.23568956553936005
vn 0.518552303314209 0.1558305025100708 0.8407261371612549
vn 0.49241918325424194 -0.7924290895462036 0.3599714934825897
vn 0.6298163533210754 -0.08889176696538925 0.7716408371925354
vn 0.33556443452835083 0.2168671041727066 0.9167143702507019
vn 0.6297246813774109 -0.16050662100315094 0.7600555419921875
vn -0.30408918857574463 0.6062881946563721 -0.7348090410232544
vn -0.34926918148994446 0.05011687055230141 -0.9356812238693237
vn -0.2488032728433609 0.927524745464325 -0.2789171040058136
vn -0.31502673029899597 -0.5937469601631165 -0.7404206395149231
vn -0.07000476866960526 0.9343869686126709 0.34931430220603943
vn -0.2183525264263153 -0.9346869587898254 -0.28050413727760315
vn 0.023481925949454308 0.5215990543365479 0.8528674840927124
vn -0.2123907208442688 -0.9156515598297119 0.34128057956695557
vn 0.16971516609191895 -0.003921259194612503 0.9854853749275208
vn 0.2420348823070526 -0.45045652985572815 0.8593648672103882
vn -0.8499399423599243 0.49281540513038635 -0.18637315928936005
vn -0.9580590128898621 0.05196249857544899 -0.28182050585746765
vn -0.7321024537086487 0.680684506893158 0.02635536529123783
vn -0.9385549426078796 -0.331610769033432 -0.09564969688653946
vn -0.6991223692893982 0.5912356376647949 0.40207991003990173
vn -0.8890933394432068 -0.4486732482910156 0.09058362245559692
vn -0.7257139682769775 0.23196665942668915 0.6477118134498596
vn -0.8925771117210388 -0.34736472368240356 0.28747832775115967
vn -0.8137028217315674 0.023893704637885094 0.5807896852493286
vn -0.7630476355552673 -0.19653818011283875 0.615736186504364
vn -0.9841923117637634 0.03850722685456276 0.1728663444519043
vn 0.5554587841033936 0.6520582437515259 -0.5160287022590637
vn 0.4394766092300415 -0.06351489573717117 -0.8960056900978088
vn 0.8692459464073181 -0.4930347800254822 -0.03644295781850815
vn 0.6949754953384399 0.6736275553703308 -0.2514655292034149
vn 0.05079203099012375 0.7990362048149109 -0.5991337299346924
vn -0.25789567828178406 -0.29500359296798706 -0.9200341105461121
vn 0.14956766366958618 0.9801746606826782 -0.12995006144046783
vn 0.1451466828584671 -0.8844612836837769 -0.44346439838409424
vn -0.299883097410202 -0.8549803495407104 -0.42317715287208557
vn 0.633342981338501 0.7690080404281616 0.08662115037441254
vn 0.6605215668678284 0.5489242672920227 0.5122435688972473
vn 0.5933600068092346 -0.07955986261367798 0.8009956479072571
vn 0.2684307396411896 -0.8214554786682129 0.5031459331512451
vn 0.1779596358537674 -0.9818393588066101 0.06574099510908127
vn 0.12960222363471985 -0.9862159490585327 -0.10286609828472137
vn 0.18856103718280792 0.9571366310119629 0.21985037624835968
vn 0.1136762797832489 0.8202639222145081 -0.5605756044387817
vn -0.2270536571741104 -0.12983258068561554 -0.9651892185211182
vn 0.33364009857177734 0.9233813881874084 -0.18987122178077698
vn -0.4144529104232788 -0.8975081443786621 -0.15069180727005005
vn 0.35972654819488525 0.8948714137077332 0.26420071721076965
vn -0.46434515714645386 -0.883751630783081 0.05802391842007637
vn -0.5011354684829712 -0.8367287516593933 0.22078998386859894
vn 0.1418139487504959 0.715187668800354 0.684394121170044
vn -0.00885953102260828 -0.057835496962070465 0.998286783695221
vn -0.3234359920024872 -0.7046557664871216 0.6315453052520752
vn -0.420850545167923 -0.8826649785041809 0.20925413072109222
vn 0.2682288885116577 0.5493144989013672 0.7913954854011536
vn 0.20383557677268982 0.7797691226005554 -0.591955304145813
vn 0.12414843589067459 -0.08508894592523575 -0.9886085987091064
vn 0.20364339649677277 0.9336022138595581 -0.2948155701160431
vn -0.044341880828142166 -0.9764986038208008 -0.21091318130493164
vn 0.2904200255870819 0.9316701889038086 0.2182815968990326
vn -0.07364656031131744 -0.9916207194328308 0.10613404214382172
vn 0.351879358291626 0.5083929300308228 0.7859501838684082
vn -0.5471464991569519 -0.8333487510681152 0.07848942279815674
vn 0.004946297500282526 -0.9958286881446838 0.09110911190509796
vn -0.14429570734500885 -0.25402066111564636 0.9563745856285095
vn -0.4344818890094757 -0.848085343837738 0.3032764494419098
vn 0.3976837992668152 -0.2222583144903183 0.8901960253715515
vn 0.11685400456190109 0.8265622854232788 -0.5505813956260681
vn -0.1164049282670021 -0.2145405262708664 -0.9697536826133728
vn 0.1256149858236313 0.9824479818344116 -0.13790100812911987
vn 0.06388123333454132 -0.9092640280723572 -0.4112884998321533
vn 0.21855837106704712 0.9238029718399048 0.31435665488243103
vn 0.23570306599140167 -0.9709869027137756 -0.040354885160923004
vn 0.4171360731124878 0.5065115094184875 0.7546148300170898
vn 0.32135480642318726 -0.9251711964607239 0.20196384191513062
vn 0.5007033944129944 -0.12583203613758087 0.8564242720603943
vn 0.1699327677488327 -0.8387426733970642 0.5173330903053284
vn 0.43805623054504395 -0.6726696491241455 0.5963407158851624
vn -0.5495177507400513 0.7283595204353333 -0.4092952013015747
vn -0.7458990216255188 0.23137278854846954 -0.6245809197425842
vn -0.03653191402554512 0.9891040325164795 -0.14261369407176971
vn -0.6379020810127258 -0.6879768967628479 -0.3460763394832611
vn 0.07293634116649628 0.9626487493515015 0.26074472069740295
vn -0.14631246030330658 -0.9840991497039795 -0.10070536285638809
vn -0.08812815696001053 0.6700965762138367 0.7370237112045288
vn -0.039442278444767 -0.9738196134567261 0.22387392818927765
vn -0.20964612066745758 0.08038711547851562 0.9744672775268555
vn -0.1517285704612732 -0.6453256011009216 0.7486876845359802
vn -0.9187431335449219 0.3682481348514557 -0.14249351620674133
vn -0.9971536993980408 0.023521849885582924 -0.0716320350766182
vn -0.8894855380058289 0.45567306876182556 -0.03431474044919014
vn -0.999413013458252 0.01721286214888096 0.029622778296470642
vn -0.6690014004707336 0.6876996159553528 0.2819688022136688
vn -0.907995343208313 -0.4073512554168701 0.09802768379449844
vn -0.7809077501296997 0.32095327973365784 0.5358843803405762
vn -0.9167860746383667 -0.27925118803977966 0.28552085161209106
vn -0.8947271704673767 0.08618591725826263 0.43821820616722107
vn -0.9219723343849182 -0.0765891745686531 0.37960660457611084
vn -0.9926344156265259 0.07903776317834854 0.09181535989046097
vn 0.6880229711532593 0.22669370472431183 -0.6893724203109741
vn 0.5457665324211121 -0.20625175535678864 -0.8121570944786072
vn 0.8180277347564697 -0.5127115845680237 -0.26068612933158875
vn 0.8921617865562439 0.23363250494003296 -0.3866047263145447
vn 0.14345304667949677 0.5812190175056458 -0.8010028600692749
vn -0.04758596792817116 -0.046072110533714294 -0.9978039860725403
vn 0.34362083673477173 0.8944897651672363 -0.2860296368598938
vn 0.4502444267272949 -0.6746640205383301 -0.5849002599716187
vn -0.10623833537101746 -0.6375192999839783 -0.7630743980407715
vn 0.9026748538017273 0.4299468398094177 -0.01799875870347023
vn 0.909480631351471 0.19464530050754547 0.3673665523529053
vn 0.7920750975608826 -0.2935895025730133 0.5351843237876892
vn 0.6257547736167908 -0.6731401085853577 0.39409810304641724
vn 0.48932334780693054 -0.8683958053588867 0.08032038062810898
vn 0.4651126563549042 -0.8462326526641846 -0.25992411375045776
vn 0.39845603704452515 0.7734496593475342 0.4929588735103607
vn -0.08231935650110245 0.5065187811851501 -0.8582903742790222
vn -0.2548143267631531 -0.08620037138462067 -0.9631402492523193
vn 0.13542811572551727 0.9240978360176086 -0.35735467076301575
vn -0.3296915292739868 -0.6129226684570312 -0.7180733680725098
vn 0.28898993134498596 0.7536607384681702 0.5903222560882568
vn -0.11588583886623383 -0.9654393792152405 -0.2334463894367218
vn -0.28462493419647217 -0.934388279914856 -0.21425965428352356
vn 0.23619964718818665 0.2432629019021988 0.9407618641853333
vn 0.1361849308013916 0.04786081612110138 0.9895266890525818
vn 0.1639363169670105 -0.26742464303970337 0.9495308995246887
vn 0.02071579359471798 -0.8062836527824402 0.5911662578582764
vn 0.09753002226352692 -0.24421873688697815 0.9648030996322632
vn -0.05573621392250061 0.4444599151611328 -0.8940631151199341
vn -0.1711842119693756 -0.14410772919654846 -0.9746429324150085
vn 0.11343974620103836 0.9092273116111755 -0.40054628252983093
vn -0.21360152959823608 -0.6701266169548035 -0.7108477354049683
vn 0.2505199909210205 0.8491955399513245 0.4648728370666504
vn -0.16855604946613312 -0.9447530508041382 -0.28112348914146423
vn 0.18197853863239288 -0.11065253615379333 0.9770567417144775
vn -0.12160670757293701 -0.7322020530700684 0.6701433062553406
vn -0.0016232342459261417 -0.8672762513160706 0.49782460927963257
vn -0.061662111431360245 0.1455419808626175 0.9874286651611328
vn 0.12213459610939026 0.3064294159412384 0.9440255165100098
vn 0.21837744116783142 -0.11865213513374329 0.9686242938041687
vn -0.0010381870670244098 0.48127281665802 -0.8765702247619629
vn -0.061464350670576096 -0.10511579364538193 -0.9925586581230164
vn 0.10748224705457687 0.9149358868598938 -0.38902419805526733
vn -0.07654692232608795 -0.6831815242767334 -0.7262256741523743
vn 0.2744496166706085 0.8051881194114685 0.5256895422935486
vn -0.03647201508283615 -0.9832842350006104 -0.17838691174983978
vn 0.2781083583831787 -0.043440647423267365 0.9595669507980347
vn 0.14578862488269806 -0.8421897888183594 0.5190973281860352
vn 0.3910297155380249 0.022475672885775566 0.9201035499572754
vn 0.26851382851600647 0.18864518404006958 0.9446233510971069
vn 0.3460962176322937 -0.18130384385585785 0.9205141663551331
vn -0.08239585161209106 0.6313838958740234 -0.7710806131362915
vn -0.25427496433258057 0.039471257477998734 -0.966326117515564
vn 0.042077433317899704 0.9324929714202881 -0.3587287366390228
vn -0.4064667820930481 -0.5180315971374512 -0.7526141405105591
vn 0.16448810696601868 0.9218014478683472 0.3510352075099945
vn -0.36399829387664795 -0.8930004835128784 -0.2646797001361847
vn 0.22602806985378265 0.31143856048583984 0.9229937195777893
vn -0.17225557565689087 -0.8749545812606812 0.4525291323661804
vn 0.16696001589298248 0.04867027327418327 0.984761655330658
vn 0.11779127269983292 -0.3876362144947052 0.914255678653717
vn -0.6840315461158752 0.6117552518844604 -0.39731141924858093
vn -0.8783426880836487 0.10206330567598343 -0.46700888872146606
vn -0.41858822107315063 0.9014747738838196 -0.11012338846921921
vn -0.9039734601974487 -0.33036085963249207 -0.27146562933921814
vn -0.4289318919181824 0.7943486571311951 0.43014827370643616
vn -0.9255770444869995 -0.3776080906391144 0.02681829407811165
vn -0.4854092001914978 0.43608641624450684 0.7577642202377319
vn -0.8254884481430054 -0.4726176857948303 0.30854716897010803
vn -0.6752328872680664 0.1972009688615799 0.7107547521591187
vn -0.5881159901618958 -0.14862848818302155 0.7950026392936707
vn -0.9523046016693115 0.2559640109539032 0.16612732410430908
vn 0.7066389918327332 0.2256583720445633 -0.6706262230873108
vn 0.5694884061813354 -0.19651712477207184 -0.7981628179550171
vn 0.8368491530418396 -0.4849511384963989 -0.2539800703525543
vn 0.8480508327484131 0.4216451644897461 -0.32097530364990234
vn 0.1608888953924179 0.5764021873474121 -0.8011711239814758
vn -0.034463196992874146 -0.047360751777887344 -0.9982830882072449
vn 0.3521536886692047 0.8574859499931335 -0.37510746717453003
vn 0.4808872640132904 -0.6568902730941772 -0.5807257890701294
vn -0.09370861202478409 -0.6375325918197632 -0.7647030353546143
vn 0.9733721017837524 0.22919785976409912 0.0038824849762022495
vn 0.9147871136665344 0.18888363242149353 0.3570537567138672
vn 0.8067412376403809 -0.27956464886665344 0.520588219165802
vn 0.657075047492981 -0.6488538980484009 0.38371995091438293
vn 0.5253304839134216 -0.8477702736854553 0.07289360463619232
vn 0.4999288022518158 -0.8250116109848022 -0.2634902000427246
vn 0.4202653765678406 0.8380615711212158 0.3478933572769165
vn -0.08459871262311935 0.5069363117218018 -0.8578220009803772
vn -0.2619270980358124 -0.08479548245668411 -0.9613552689552307
vn 0.15902160108089447 0.9361872673034668 -0.31347325444221497
vn -0.33893078565597534 -0.6104236841201782 -0.7158972024917603
vn 0.2808109223842621 0.6458221673965454 0.709971010684967
vn -0.060721255838871 -0.956157386302948 -0.2864891290664673
vn -0.3211222290992737 -0.9239467978477478 -0.20785276591777802
vn 0.24159376323223114 0.24076104164123535 0.9400354623794556
vn 0.13632790744304657 0.045716293156147 0.9896083474159241
vn 0.17063207924365997 -0.26627296209335327 0.9486745595932007
vn -0.05461549013853073 -0.8623359203338623 0.5033826231956482
vn 0.0943821519613266 -0.2443382441997528 0.9650858640670776
vn -0.053377747535705566 0.4440252184867859 -0.8944228887557983
vn -0.16840581595897675 -0.14453446865081787 -0.9750637412071228
vn 0.09208354353904724 0.8770036101341248 -0.47157758474349976
vn -0.21027150750160217 -0.6705129742622375 -0.7114760279655457
vn 0.2500849664211273 0.8945189714431763 0.370530903339386
vn -0.15491609275341034 -0.9685195088386536 -0.1948617547750473
vn 0.18502400815486908 -0.11118369549512863 0.9764241576194763
vn -0.09661214798688889 -0.7395954728126526 0.666081428527832
vn 0.07052764296531677 -0.7276394963264465 0.6823244690895081
vn -0.08399878442287445 0.14598722755908966 0.9857138991355896
vn 0.11274711787700653 0.30957379937171936 0.94416743516922
vn 0.22518204152584076 -0.12053509801626205 0.9668321013450623
vn 0.006104197818785906 0.47979554533958435 -0.8773590922355652
vn -0.03757494315505028 -0.14635775983333588 -0.9885177612304688
vn 0.12117460370063782 0.9122436046600342 -0.3913160264492035
vn -0.0673898234963417 -0.7301642298698425 -0.6799403429031372
vn 0.2646214962005615 0.8074812889099121 0.5272091031074524
vn -0.029270881786942482 -0.9616819024085999 -0.2726004719734192
vn 0.28981608152389526 -0.045728716999292374 0.9559892416000366
vn 0.1194198727607727 -0.922715961933136 0.36651626229286194
vn 0.4115527272224426 0.017926091328263283 0.9112095832824707
vn 0.275436133146286 0.18721432983875275 0.9429134130477905
vn 0.36625123023986816 -0.18448418378829956 0.9120447039604187
vn -0.08800385892391205 0.6320868134498596 -0.7698841691017151
vn -0.3138684928417206 0.13603755831718445 -0.9396703839302063
vn 0.04555736109614372 0.9648915529251099 -0.2586671710014343
vn -0.3506713807582855 -0.4994042217731476 -0.7922278642654419
vn 0.19147707521915436 0.8452162146568298 0.4989451766014099
vn -0.27486351132392883 -0.9196860194206238 -0.2804063856601715
vn 0.22610235214233398 0.3115848898887634 0.9229260087013245
vn -0.303158164024353 -0.8283460736274719 0.47110283374786377
vn 0.16476376354694366 0.049028269946575165 0.9851137399673462
vn 0.12123569846153259 -0.3881031274795532 0.9136070013046265
vn -0.7037373781204224 0.5969095826148987 -0.3852953314781189
vn -0.8895503878593445 0.10344000905752182 -0.44497212767601013
vn -0.5275906920433044 0.8395497798919678 -0.12963208556175232
vn -0.9150660037994385 -0.3106556534767151 -0.2571912705898285
vn -0.3729185163974762 0.8559834957122803 0.3580837845802307
vn -0.879544198513031 -0.47328656911849976 0.04900746047496796
vn -0.5040578246116638 0.42318108677864075 0.7528901100158691
vn -0.8778927326202393 -0.32184457778930664 0.35457074642181396
vn -0.6852326393127441 0.1928410828113556 0.7023308873176575
vn -0.6056362986564636 -0.13575904071331024 0.7840753793716431
vn -0.9542754292488098 0.24813787639141083 0.16669079661369324
vn 0.7063210010528564 0.2254084050655365 -0.6710452437400818
vn 0.5695652961730957 -0.19632865488529205 -0.798154354095459
vn 0.8367594480514526 -0.48507609963417053 -0.2540368139743805
vn 0.8970563411712646 0.23450741171836853 -0.37456148862838745
vn 0.16104738414287567 0.5763002038002014 -0.801212728023529
vn -0.03415070101618767 -0.04719600826501846 -0.9983016848564148
vn 0.37966904044151306 0.864969789981842 -0.3281443119049072
vn 0.481086403131485 -0.6568076610565186 -0.5806543827056885
vn -0.0934985801577568 -0.6376345157623291 -0.7646438479423523
vn 0.9077828526496887 0.41892948746681213 -0.02069311961531639
vn 0.91465824842453 0.1891341656446457 0.35725152492523193
vn 0.8067349195480347 -0.27939820289611816 0.5206875205039978
vn 0.6567649245262146 -0.6493290066719055 0.3834473192691803
vn 0.5252788662910461 -0.847830057144165 0.0725693479180336
vn 0.49997466802597046 -0.8251218199729919 -0.2630577087402344
vn 0.3999636769294739 0.8183204531669617 0.41277191042900085
vn -0.08444762229919434 0.5070660710334778 -0.8577601909637451
vn -0.26191771030426025 -0.08487792313098907 -0.9613506197929382
vn 0.15552347898483276 0.9195253849029541 -0.36095088720321655
vn -0.3390362560749054 -0.6106002330780029 -0.7156967520713806
vn 0.27397817373275757 0.7570998668670654 0.5930731296539307
vn -0.06053483858704567 -0.9561894536018372 -0.28642159700393677
vn -0.3040291666984558 -0.936846911907196 -0.17287056148052216
vn 0.2415459156036377 0.24104590713977814 0.9399747848510742
vn 0.1361684799194336 0.04590138792991638 0.9896216988563538
vn 0.17074039578437805 -0.26652321219444275 0.9485847353935242
vn -0.05454214662313461 -0.8624011874198914 0.5032786130905151
vn 0.09448574483394623 -0.24441565573215485 0.9650561809539795
vn -0.05332796648144722 0.44409486651420593 -0.8943912982940674
vn -0.16855406761169434 -0.14483925700187683 -0.9749928116798401
vn 0.10791236162185669 0.910324215888977 -0.39958062767982483
vn -0.21025419235229492 -0.6704993844032288 -0.7114940285682678
vn 0.2634434401988983 0.8465085625648499 0.4626237750053406
vn -0.16332656145095825 -0.9454195499420166 -0.2819689214229584
vn 0.18499034643173218 -0.111347496509552 0.9764119386672974
vn -0.0643043965101242 -0.6233271360397339 0.7793126702308655
vn 0.005181917920708656 -0.8681541681289673 0.49626752734184265
vn -0.08396228402853012 0.1464512050151825 0.9856482744216919
vn 0.11280714720487595 0.3098224699497223 0.9440787434577942
vn 0.2251604199409485 -0.12043367326259613 0.9668497443199158
vn 0.00576405506581068 0.47973203659057617 -0.8773961067199707
vn -0.03765388950705528 -0.14651146531105042 -0.9884921312332153
vn 0.12099247425794601 0.912307620048523 -0.3912234604358673
vn -0.06740677356719971 -0.7301470041275024 -0.6799570918083191
vn 0.2642914056777954 0.8074604868888855 0.5274065136909485
vn -0.036490246653556824 -0.9759007692337036 -0.2151423990726471
vn 0.2895614802837372 -0.04581338167190552 0.9560624361038208
vn 0.1515275239944458 -0.891736626625061 0.4264329671859741
vn 0.4116555452346802 0.01828945055603981 0.9111559987068176
vn 0.2755144238471985 0.18731200695037842 0.9428711533546448
vn 0.36633989214897156 -0.18426953256130219 0.912052571773529
vn -0.08792796730995178 0.6322061419487 -0.7697948813438416
vn -0.31372350454330444 0.1358528733253479 -0.9397454857826233
vn 0.0453263595700264 0.9649549126625061 -0.2584715485572815
vn -0.3506385385990143 -0.4994153082370758 -0.7922354936599731
vn 0.19126950204372406 0.8453127145767212 0.4988609254360199
vn -0.27472183108329773 -0.9197234511375427 -0.2804223895072937
vn 0.22608406841754913 0.31156668066978455 0.922936737537384
vn -0.3032214045524597 -0.8283273577690125 0.47109508514404297
vn 0.16475240886211395 0.04931669682264328 0.9851012825965881
vn 0.12107233703136444 -0.38813871145248413 0.9136135578155518
vn -0.7037895321846008 0.5968397259712219 -0.38530853390693665
vn -0.8895412087440491 0.10334137082099915 -0.4450134038925171
vn -0.527519166469574 0.8396110534667969 -0.12952496111392975
vn -0.9150744676589966 -0.3104837238788605 -0.2573689818382263
vn -0.37290769815444946 0.8559001684188843 0.3582943379878998
vn -0.8796150088310242 -0.4731471836566925 0.049085039645433426
vn -0.5040793418884277 0.42302271723747253 0.7529646754264832
vn -0.8779200911521912 -0.3215740919113159 0.35474836826324463
vn -0.6851693987846375 0.19312897324562073 0.7023133635520935
vn -0.6057260036468506 -0.13565073907375336 0.7840247750282288
vn -0.954241156578064 0.24820895493030548 0.1667817384004593
vn 0.7063303589820862 0.22585949301719666 -0.6708836555480957
vn 0.5696732401847839 -0.19597993791103363 -0.7981630563735962
vn 0.836812436580658 -0.4849986135959625 -0.25401046872138977
vn 0.8478391170501709 0.42179572582244873 -0.32133641839027405
vn 0.1609981656074524 0.5765812397003174 -0.8010203242301941
vn -0.034083399921655655 -0.04678279161453247 -0.9983234405517578
vn 0.3400764465332031 0.8837064504623413 -0.3215756118297577
vn 0.4810870289802551 -0.6567957401275635 -0.5806674361228943
vn -0.09350566565990448 -0.6377078294754028 -0.7645818591117859
vn 0.9733514785766602 0.22927644848823547 0.004379285965114832
vn 0.9146515130996704 0.18890711665153503 0.3573887348175049
vn 0.806678056716919 -0.27956047654151917 0.5206884741783142
vn 0.6568900942802429 -0.649106502532959 0.3836093544960022
vn 0.5251860618591309 -0.8478693962097168 0.07277943193912506
vn 0.4999108910560608 -0.8251633048057556 -0.2630488872528076
vn 0.43780696392059326 0.8020375967025757 0.40627652406692505
vn -0.08437909930944443 0.5072938203811646 -0.8576322793960571
vn -0.2619667947292328 -0.0846450999379158 -0.9613576531410217
vn 0.13876914978027344 0.9233174324035645 -0.358089417219162
vn -0.3391125798225403 -0.6106234788894653 -0.7156407237052917
vn 0.29413050413131714 0.7523795366287231 0.5894169211387634
vn -0.06062402203679085 -0.9562398791313171 -0.2862342298030853
vn -0.3212089240550995 -0.9239252209663391 -0.20781520009040833
vn 0.24163292348384857 0.24080979824066162 0.9400128722190857
vn 0.13631416857242584 0.04586557298898697 0.9896032810211182
vn 0.17064283788204193 -0.2663979232311249 0.9486374855041504
vn -0.054584115743637085 -0.8623655438423157 0.503335177898407
vn 0.09448669105768204 -0.24441362917423248 0.9650566577911377
vn -0.05332230404019356 0.4440833032131195 -0.8943974375724792
vn -0.16853539645671844 -0.14483319222927094 -0.9749969244003296
vn 0.11571596562862396 0.9087334871292114 -0.40101519227027893
vn -0.2102808803319931 -0.670451283454895 -0.7115315198898315
vn 0.25219663977622986 0.8488514423370361 0.4645945429801941
vn -0.1549055129289627 -0.9685109853744507 -0.19491206109523773
vn 0.18498870730400085 -0.11126715689897537 0.9764214754104614
vn -0.09656369686126709 -0.7395816445350647 0.6661040186882019
vn 0.07051267474889755 -0.7278379797935486 0.6821142435073853
vn -0.08403798937797546 0.14620640873908997 0.9856780767440796
vn 0.11284571886062622 0.3098674416542053 0.9440593123435974
vn 0.22532276809215546 -0.12025177478790283 0.9668346643447876
vn 0.005791759118437767 0.4795509874820709 -0.8774949312210083
vn -0.03765611723065376 -0.1465432345867157 -0.9884872436523438
vn 0.09883226454257965 0.8823419809341431 -0.4601140022277832
vn -0.06745287030935287 -0.7300719022750854 -0.6800331473350525
vn 0.2626284062862396 0.85733962059021 0.4427132308483124
vn -0.029298987239599228 -0.9616889357566833 -0.2725726366043091
vn 0.28969302773475647 -0.04559731110930443 0.9560328722000122
vn 0.11933960765600204 -0.9227484464645386 0.36646056175231934
vn 0.41158974170684814 0.018361395224928856 0.9111843109130859
vn 0.27558305859565735 0.1873970776796341 0.942834198474884
vn 0.3662072718143463 -0.18458329141139984 0.9120422601699829
vn -0.0881727933883667 0.6320627331733704 -0.7698845863342285
vn -0.3140100836753845 0.1359717696905136 -0.9396325945854187
vn 0.04542778804898262 0.9648974537849426 -0.25866812467575073
vn -0.3506580591201782 -0.4994274377822876 -0.7922191023826599
vn 0.19144880771636963 0.8452397584915161 0.49891582131385803
vn -0.27483198046684265 -0.9196597337722778 -0.2805231213569641
vn 0.2261762022972107 0.31170591711997986 0.9228670597076416
vn -0.3032001256942749 -0.8283940553665161 0.4709913432598114
vn 0.1648055464029312 0.04916977509856224 0.985099732875824
vn 0.121089406311512 -0.3882058560848236 0.9135827422142029
vn -0.7037826776504517 0.5969018340110779 -0.3852246403694153
vn -0.8895442485809326 0.10362471640110016 -0.44494134187698364
vn -0.5275992155075073 0.8395256400108337 -0.129752516746521
vn -0.9150373339653015 -0.31045135855674744 -0.2575394809246063
vn -0.3727905750274658 0.8560256361961365 0.3581162989139557
vn -0.8795534372329712 -0.4732684791088104 0.049017295241355896
vn -0.5040339827537537 0.42322731018066406 0.7528800964355469
vn -0.8779203295707703 -0.32174912095069885 0.35458916425704956
vn -0.6853386759757996 0.19294369220733643 0.7021990418434143
vn -0.6058112382888794 -0.13580532371997833 0.7839322090148926
vn -0.9542522430419922 0.24831229448318481 0.16656437516212463
f 3//3 2//2 1//1
f 3//3 1//1 4//4
f 6//6 5//5 2//2
f 1//1 2//2 5//5
f 5//5 7//7 1//1
f 4//4 1//1 7//7
f 3//3 8//8 2//2
f 6//6 2//2 9//9
f 8//8 9//9 2//2
f 3//3 4//4 10//10
f 3//3 10//10 11//11
f 3//3 11//11 12//12
f 3//3 12//12 13//13
f 3//3 13//13 14//14
f 3//3 14//14 15//15
f 3//3 15//15 8//8
f 16//16 10//10 7//7
f 4//4 7//7 10//10
f 6//6 18//18 5//5
f 17//17 5//5 18//18
f 5//5 17//17 7//7
f 7//7 17//17 19//19
f 6//6 9//9 18//18
f 20//20 18//18 9//9
f 21//21 16//16 19//19
f 7//7 19//19 16//16
f 9//9 8//8 22//22
f 15//15 22//22 8//8
f 23//23 20//20 22//22
f 9//9 22//22 20//20
f 16//16 24//24 10//10
f 11//11 10//10 24//24
f 24//24 25//25 11//11
f 12//12 11//11 25//25
f 26//26 13//13 25//25
f 12//12 25//25 13//13
f 27//27 14//14 26//26
f 13//13 26//26 14//14
f 22//22 15//15 27//27
f 15//15 14//14 27//27
f 24//24 16//16 28//28
f 21//21 28//28 16//16
f 29//29 17//17 30//30
f 18//18 30//30 17//17
f 31//31 19//19 29//29
f 17//17 29//29 19//19
f 30//30 18//18 32//32
f 20//20 32//32 18//18
f 33//33 21//21 31//31
f 31//31 21//21 19//19
f 32//32 20//20 34//34
f 23//23 34//34 20//20
f 33//33 35//35 21//21
f 28//28 21//21 35//35
f 27//27 36//36 22//22
f 23//23 22//22 36//36
f 37//37 34//34 36//36
f 23//23 36//36 34//34
f 25//25 24//24 38//38
f 38//38 24//24 28//28
f 25//25 38//38 26//26
f 26//26 38//38 39//39
f 26//26 39//39 27//27
f 36//36 27//27 39//39
f 35//35 40//40 28//28
f 28//28 40//40 38//38
f 42//42 41//41 30//30
f 29//29 30//30 41//41
f 29//29 41//41 31//31
f 43//43 31//31 41//41
f 42//42 30//30 44//44
f 32//32 44//44 30//30
f 33//33 31//31 45//45
f 43//43 45//45 31//31
f 44//44 32//32 46//46
f 34//34 46//46 32//32
f 35//35 33//33 47//47
f 45//45 47//47 33//33
f 46//46 34//34 48//48
f 37//37 48//48 34//34
f 47//47 49//49 35//35
f 40//40 35//35 49//49
f 50//50 37//37 39//39
f 36//36 39//39 37//37
f 51//51 48//48 50//50
f 37//37 50//50 48//48
f 40//40 50//50 38//38
f 39//39 38//38 50//50
f 51//51 50//50 49//49
f 50//50 40//40 49//49
f 42//42 53//53 41//41
f 52//52 41//41 53//53
f 42//42 44//44 53//53
f 55//55 53//53 44//44
f 56//56 45//45 54//54
f 45//45 43//43 54//54
f 57//57 55//55 46//46
f 44//44 46//46 55//55
f 46//46 48//48 57//57
f 59//59 57//57 48//48
f 49//49 47//47 60//60
f 58//58 60//60 47//47
f 51//51 61//61 48//48
f 59//59 48//48 61//61
f 51//51 49//49 61//61
f 60//60 61//61 49//49
f 53//53 62//62 52//52
f 52//52 62//62 54//54
f 55//55 62//62 53//53
f 54//54 62//62 56//56
f 57//57 62//62 55//55
f 56//56 62//62 58//58
f 59//59 62//62 57//57
f 58//58 62//62 60//60
f 61//61 62//62 59//59
f 60//60 62//62 61//61
f 65//65 64//64 63//63
f 65//65 63//63 66//66
f 68//68 67//67 64//64
f 63//63 64//64 67//67
f 67//67 69//69 63//63
f 66//66 63//63 69//69
f 65//65 70//70 64//64
f 68//68 64//64 71//71
f 71//71 64//64 70//70
f 65//65 66//66 72//72
f 65//65 72//72 73//73
f 65//65 73//73 74//74
f 65//65 74//74 75//75
f 65//65 75//75 76//76
f 65//65 76//76 77//77
f 65//65 77//77 70//70
f 78//78 72//72 69//69
f 66//66 69//69 72//72
f 68//68 80//80 67//67
f 79//79 67//67 80//80
f 67//67 79//79 69//69
f 81//81 69//69 79//79
f 68//68 71//71 80//80
f 82//82 80//80 71//71
f 83//83 78//78 81//81
f 69//69 81//81 78//78
f 71//71 70//70 84//84
f 70//70 77//77 84//84
f 85//85 82//82 84//84
f 71//71 84//84 82//82
f 78//78 86//86 72//72
f 86//86 73//73 72//72
f 86//86 87//87 73//73
f 74//74 73//73 87//87
f 88//88 75//75 87//87
f 74//74 87//87 75//75
f 89//89 76//76 88//88
f 88//88 76//76 75//75
f 84//84 77//77 89//89
f 76//76 89//89 77//77
f 86//86 78//78 90//90
f 83//83 90//90 78//78
f 91//91 79//79 92//92
f 80//80 92//92 79//79
f 93//93 81//81 91//91
f 79//79 91//91 81//81
f 92//92 80//80 94//94
f 82//82 94//94 80//80
f 95//95 83//83 93//93
f 81//81 93//93 83//83
f 94//94 82//82 96//96
f 85//85 96//96 82//82
f 95//95 97//97 83//83
f 90//90 83//83 97//97
f 89//89 98//98 84//84
f 85//85 84//84 98//98
f 99//99 96//96 98//98
f 85//85 98//98 96//96
f 87//87 86//86 100//100
f 90//90 100//100 86//86
f 87//87 100//100 88//88
f 101//101 88//88 100//100
f 88//88 101//101 89//89
f 98//98 89//89 101//101
f 97//97 102//102 90//90
f 100//100 90//90 102//102
f 104//104 103//103 92//92
f 91//91 92//92 103//103
f 91//91 103//103 93//93
f 93//93 103//103 105//105
f 104//104 92//92 106//106
f 94//94 106//106 92//92
f 95//95 93//93 107//107
f 105//105 107//107 93//93
f 106//106 94//94 108//108
f 96//96 108//108 94//94
f 97//97 95//95 109//109
f 109//109 95//95 107//107
f 108//108 96//96 110//110
f 99//99 110//110 96//96
f 109//109 111//111 97//97
f 102//102 97//97 111//111
f 112//112 99//99 101//101
f 98//98 101//101 99//99
f 113//113 110//110 112//112
f 110//110 99//99 112//112
f 102//102 112//112 100//100
f 100//100 112//112 101//101
f 113//113 112//112 111//111
f 102//102 111//111 112//112
f 104//104 115//115 103//103
f 114//114 103//103 115//115
f 104//104 106//106 115//115
f 117//117 115//115 106//106
f 118//118 107//107 116//116
f 105//105 116//116 107//107
f 119//119 117//117 108//108
f 117//117 106//106 108//108
f 108//108 110//110 119//119
f 110//110 121//121 119//119
f 111//111 109//109 122//122
f 109//109 120//120 122//122
f 113//113 123//123 110//110
f 121//121 110//110 123//123
f 113//113 111//111 123//123
f 122//122 123//123 111//111
f 115//115 124//124 114//114
f 114//114 124//124 116//116
f 117//117 124//124 115//115
f 116//116 124//124 118//118
f 119//119 124//124 117//117
f 118//118 124//124 120//120
f 121//121 124//124 119//119
f 120//120 124//124 122//122
f 123//123 124//124 121//121
f 122//122 124//124 123//123
f 127//127 126//126 125//125
f 127//127 125//125 128//128
f 130//130 129//129 126//126
f 125//125 126//126 129//129
f 129//129 131//131 125//125
f 128//128 125//125 131//131
f 127//127 132//132 126//126
f 130//130 126//126 133//133
f 132//132 133//133 126//126
f 127//127 128//128 134//134
f 127//127 134//134 135//135
f 127//127 135//135 136//136
f 127//127 136//136 137//137
f 127//127 137//137 138//138
f 127//127 138//138 139//139
f 127//127 139//139 132//132
f 131//131 140//140 128//128
f 134//134 128//128 140//140
f 130//130 142//142 129//129
f 141//141 129//129 142//142
f 129//129 141//141 131//131
f 143//143 131//131 141//141
f 130//130 133//133 142//142
f 133//133 144//144 142//142
f 143//143 145//145 131//131
f 140//140 131//131 145//145
f 133//133 132//132 146//146
f 132//132 139//139 146//146
f 147//147 144//144 146//146
f 133//133 146//146 144//144
f 140//140 148//148 134//134
f 148//148 135//135 134//134
f 148//148 149//149 135//135
f 136//136 135//135 149//149
f 150//150 137//137 149//149
f 136//136 149//149 137//137
f 151//151 138//138 150//150
f 137//137 150//150 138//138
f 151//151 146//146 138//138
f 146//146 139//139 138//138
f 148//148 140//140 152//152
f 145//145 152//152 140//140
f 153//153 141//141 154//154
f 142//142 154//154 141//141
f 155//155 143//143 153//153
f 141//141 153//153 143//143
f 154//154 142//142 156//156
f 144//144 156//156 142//142
f 155//155 157//157 143//143
f 145//145 143//143 157//157
f 156//156 144//144 158//158
f 147//147 158//158 144//144
f 157//157 159//159 145//145
f 152//152 145//145 159//159
f 151//151 160//160 146//146
f 160//160 147//147 146//146
f 158//158 147//147 161//161
f 160//160 161//161 147//147
f 149//149 148//148 162//162
f 152//152 162//162 148//148
f 149//149 162//162 150//150
f 163//163 150//150 162//162
f 150//150 163//163 151//151
f 160//160 151//151 163//163
f 159//159 164//164 152//152
f 162//162 152//152 164//164
f 166//166 165//165 154//154
f 153//153 154//154 165//165
f 153//153 165//165 155//155
f 167//167 155//155 165//165
f 166//166 154//154 168//168
f 156//156 168//168 154//154
f 155//155 167//167 157//157
f 157//157 167//167 169//169
f 168//168 156//156 170//170
f 158//158 170//170 156//156
f 159//159 157//157 171//171
f 169//169 171//171 157//157
f 172//172 170//170 161//161
f 158//158 161//161 170//170
f 171//171 173//173 159//159
f 159//159 173//173 164//164
f 174//174 161//161 163//163
f 160//160 163//163 161//161
f 175//175 172//172 174//174
f 161//161 174//174 172//172
f 164//164 174//174 162//162
f 163//163 162//162 174//174
f 175//175 174//174 173//173
f 164//164 173//173 174//174
f 166//166 177//177 165//165
f 176//176 165//165 177//177
f 166//166 168//168 177//177
f 179//179 177//177 168//168
f 178//178 180//180 167//167
f 169//169 167//167 180//180
f 181//181 179//179 170//170
f 168//168 170//170 179//179
f 170//170 172//172 181//181
f 183//183 181//181 172//172
f 173//173 171//171 184//184
f 182//182 184//184 171//171
f 175//175 185//185 172//172
f 183//183 172//172 185//185
f 175//175 173//173 185//185
f 184//184 185//185 173//173
f 177//177 186//186 176//176
f 176//176 186//186 178//178
f 179//179 186//186 177//177
f 178//178 186//186 180//180
f 181//181 186//186 179//179
f 180//180 186//186 182//182
f 183//183 186//186 181//181
f 182//182 186//186 184//184
f 185//185 186//186 183//183
f 184//184 186//186 185//185
f 189//189 188//188 187//187
f 189//189 187//187 190//190
f 192//192 191//191 188//188
f 187//187 188//188 191//191
f 191//191 193//193 187//187
f 190//190 187//187 193//193
f 189//189 194//194 188//188
f 192//192 188//188 195//195
f 194//194 195//195 188//188
f 189//189 190//190 196//196
f 189//189 196//196 197//197
f 189//189 197//197 198//198
f 189//189 198//198 199//199
f 189//189 199//199 200//200
f 189//189 200//200 201//201
f 189//189 201//201 194//194
f 193//193 202//202 190//190
f 196//196 190//190 202//202
f 192//192 204//204 191//191
f 203//203 191//191 204//204
f 191//191 203//203 193//193
f 193//193 203//203 205//205
f 192//192 195//195 204//204
f 206//206 204//204 195//195
f 205//205 207//207 193//193
f 202//202 193//193 207//207
f 195//195 194//194 208//208
f 201//201 208//208 194//194
f 209//209 206//206 208//208
f 195//195 208//208 206//206
f 202//202 210//210 196//196
f 210//210 197//197 196//196
f 210//210 211//211 197//197
f 198//198 197//197 211//211
f 212//212 199//199 211//211
f 198//198 211//211 199//199
f 213//213 200//200 212//212
f 199//199 212//212 200//200
f 213//213 208//208 200//200
f 201//201 200//200 208//208
f 210//210 202//202 214//214
f 207//207 214//214 202//202
f 215//215 203//203 216//216
f 204//204 216//216 203//203
f 217//217 205//205 215//215
f 203//203 215//215 205//205
f 216//216 204//204 218//218
f 206//206 218//218 204//204
f 219//219 207//207 217//217
f 205//205 217//217 207//207
f 218//218 206//206 220//220
f 220//220 206//206 209//209
f 219//219 221//221 207//207
f 214//214 207//207 221//221
f 213//213 222//222 208//208
f 208//208 222//222 209//209
f 223//223 220//220 222//222
f 209//209 222//222 220//220
f 211//211 210//210 224//224
f 214//214 224//224 210//210
f 211//211 224//224 212//212
f 225//225 212//212 224//224
f 212//212 225//225 213//213
f 222//222 213//213 225//225
f 221//221 226//226 214//214
f 226//226 224//224 214//214
f 228//228 227//227 216//216
f 215//215 216//216 227//227
f 215//215 227//227 217//217
f 229//229 217//217 227//227
f 228//228 216//216 230//230
f 218//218 230//230 216//216
f 219//219 217//217 231//231
f 217//217 229//229 231//231
f 230//230 218//218 232//232
f 220//220 232//232 218//218
f 221//221 219//219 233//233
f 233//233 219//219 231//231
f 234//234 232//232 223//223
f 220//220 223//223 232//232
f 233//233 235//235 221//221
f 221//221 235//235 226//226
f 236//236 223//223 225//225
f 222//222 225//225 223//223
f 237//237 234//234 236//236
f 223//223 236//236 234//234
f 226//226 236//236 224//224
f 225//225 224//224 236//236
f 237//237 236//236 235//235
f 226//226 235//235 236//236
f 228//228 239//239 227//227
f 239//239 238//238 227//227
f 228//228 230//230 239//239
f 230//230 241//241 239//239
f 229//229 240//240 231//231
f 231//231 240//240 242//242
f 243//243 241//241 232//232
f 230//230 232//232 241//241
f 232//232 234//234 243//243
f 245//245 243//243 234//234
f 235//235 233//233 246//246
f 233//233 244//244 246//246
f 237//237 247//247 234//234
f 245//245 234//234 247//247
f 237//237 235//235 247//247
f 246//246 247//247 235//235
f 239//239 248//248 238//238
f 238//238 248//248 240//240
f 241//241 248//248 239//239
f 240//240 248//248 242//242
f 243//243 248//248 241//241
f 242//242 248//248 244//244
f 245//245 248//248 243//243
f 244//244 248//248 246//246
f 247//247 248//248 245//245
f 246//246 248//248 247//247
f 251//251 250//250 249//249
f 251//251 249//249 252//252
f 254//254 253//253 250//250
f 249//249 250//250 253//253
f 253//253 255//255 249//249
f 252//252 249//249 255//255
f 251//251 256//256 250//250
f 254//254 250//250 257//257
f 256//256 257//257 250//250
f 251//251 252//252 258//258
f 251//251 258//258 259//259
f 251//251 259//259 260//260
f 251//251 260//260 261//261
f 251//251 261//261 262//262
f 251//251 262//262 263//263
f 251//251 263//263 256//256
f 255//255 264//264 252//252
f 258//258 252//252 264//264
f 254//254 266//266 253//253
f 265//265 253//253 266//266
f 253//253 265//265 255//255
f 267//267 255//255 265//265
f 254//254 257//257 266//266
f 268//268 266//266 257//257
f 267//267 269//269 255//255
f 264//264 255//255 269//269
f 257//257 256//256 270//270
f 270//270 256//256 263//263
f 271//271 268//268 270//270
f 257//257 270//270 268//268
f 264//264 272//272 258//258
f 259//259 258//258 272//272
f 272//272 273//273 259//259
f 260//260 259//259 273//273
f 274//274 261//261 273//273
f 260//260 273//273 261//261
f 275//275 262//262 274//274
f 261//261 274//274 262//262
f 270//270 263//263 275//275
f 262//262 275//275 263//263
f 272//272 264//264 276//276
f 269//269 276//276 264//264
f 277//277 265//265 278//278
f 278//278 265//265 266//266
f 279//279 267//267 277//277
f 265//265 277//277 267//267
f 278//278 266//266 280//280
f 268//268 280//280 266//266
f 281//281 269//269 279//279
f 267//267 279//279 269//269
f 280//280 268//268 282//282
f 271//271 282//282 268//268
f 281//281 283//283 269//269
f 276//276 269//269 283//283
f 270//270 275//275 271//271
f 271//271 275//275 284//284
f 282//282 271//271 285//285
f 284//284 285//285 271//271
f 273//273 272//272 286//286
f 276//276 286//286 272//272
f 273//273 286//286 274//274
f 287//287 274//274 286//286
f 274//274 287//287 275//275
f 284//284 275//275 287//287
f 283//283 288//288 276//276
f 286//286 276//276 288//288
f 290//290 289//289 278//278
f 277//277 278//278 289//289
f 277//277 289//289 279//279
f 291//291 279//279 289//289
f 290//290 278//278 292//292
f 280//280 292//292 278//278
f 279//279 291//291 281//281
f 281//281 291//291 293//293
f 292//292 280//280 294//294
f 282//282 294//294 280//280
f 283//283 281//281 295//295
f 281//281 293//293 295//295
f 296//296 294//294 285//285
f 282//282 285//285 294//294
f 295//295 297//297 283//283
f 288//288 283//283 297//297
f 298//298 285//285 287//287
f 284//284 287//287 285//285
f 299//299 296//296 298//298
f 285//285 298//298 296//296
f 288//288 298//298 286//286
f 287//287 286//286 298//298
f 299//299 298//298 297//297
f 288//288 297//297 298//298
f 290//290 301//301 289//289
f 300//300 289//289 301//301
f 290//290 292//292 301//301
f 303//303 301//301 292//292
f 304//304 293//293 302//302
f 291//291 302//302 293//293
f 305//305 303//303 294//294
f 292//292 294//294 303//303
f 296//296 307//307 294//294
f 305//305 294//294 307//307
f 297//297 295//295 308//308
f 306//306 308//308 295//295
f 299//299 309//309 296//296
f 307//307 296//296 309//309
f 299//299 297//297 309//309
f 308//308 309//309 297//297
f 301//301 310//310 300//300
f 300//300 310//310 302//302
f 303//303 310//310 301//301
f 302//302 310//310 304//304
f 305//305 310//310 303//303
f 304//304 310//310 306//306
f 307//307 310//310 305//305
f 306//306 310//310 308//308
f 309//309 310//310 307//307
f 308//308 310//310 309//309
f 313//313 312//312 311//311
f 313//313 311//311 314//314
f 316//316 315//315 312//312
f 311//311 312//312 315//315
f 315//315 317//317 311//311
f 314//314 311//311 317//317
f 313//313 318//318 312//312
f 319//319 316//316 318//318
f 312//312 318//318 316//316
f 313//313 314//314 320//320
f 313//313 320//320 321//321
f 313//313 321//321 322//322
f 313//313 322//322 323//323
f 313//313 323//323 324//324
f 313//313 324//324 325//325
f 313//313 325//325 318//318
f 326//326 320//320 317//317
f 314//314 317//317 320//320
f 315//315 316//316 327//327
f 328//328 327//327 316//316
f 327//327 329//329 315//315
f 317//317 315//315 329//329
f 316//316 319//319 328//328
f 330//330 328//328 319//319
f 331//331 326//326 329//329
f 329//329 326//326 317//317
f 332//332 319//319 325//325
f 325//325 319//319 318//318
f 319//319 332//332 330//330
f 333//333 330//330 332//332
f 334//334 321//321 326//326
f 320//320 326//326 321//321
f 335//335 322//322 334//334
f 321//321 334//334 322//322
f 336//336 323//323 335//335
f 322//322 335//335 323//323
f 337//337 324//324 336//336
f 336//336 324//324 323//323
f 337//337 332//332 324//324
f 325//325 324//324 332//332
f 331//331 338//338 326//326
f 334//334 326//326 338//338
f 327//327 328//328 339//339
f 340//340 339//339 328//328
f 339//339 341//341 327//327
f 329//329 327//327 341//341
f 328//328 330//330 340//340
f 342//342 340//340 330//330
f 341//341 343//343 329//329
f 331//331 329//329 343//343
f 330//330 333//333 342//342
f 342//342 333//333 344//344
f 338//338 331//331 345//345
f 345//345 331//331 343//343
f 332//332 337//337 333//333
f 337//337 346//346 333//333
f 333//333 346//346 344//344
f 347//347 344//344 346//346
f 348//348 335//335 338//338
f 334//334 338//338 335//335
f 336//336 335//335 349//349
f 348//348 349//349 335//335
f 336//336 349//349 337//337
f 346//346 337//337 349//349
f 348//348 338//338 350//350
f 350//350 338//338 345//345
f 352//352 351//351 340//340
f 339//339 340//340 351//351
f 351//351 353//353 339//339
f 341//341 339//339 353//353
f 354//354 352//352 342//342
f 340//340 342//342 352//352
f 355//355 343//343 353//353
f 341//341 353//353 343//343
f 354//354 342//342 356//356
f 344//344 356//356 342//342
f 357//357 345//345 355//355
f 343//343 355//355 345//345
f 358//358 356//356 347//347
f 344//344 347//347 356//356
f 350//350 345//345 359//359
f 357//357 359//359 345//345
f 349//349 360//360 346//346
f 347//347 346//346 360//360
f 358//358 347//347 361//361
f 360//360 361//361 347//347
f 348//348 350//350 349//349
f 360//360 349//349 350//350
f 361//361 360//360 359//359
f 350//350 359//359 360//360
f 363//363 362//362 352//352
f 351//351 352//352 362//362
f 362//362 364//364 351//351
f 353//353 351//351 364//364
f 363//363 352//352 365//365
f 354//354 365//365 352//352
f 353//353 364//364 355//355
f 366//366 355//355 364//364
f 365//365 354//354 367//367
f 356//356 367//367 354//354
f 368//368 357//357 366//366
f 355//355 366//366 357//357
f 369//369 367//367 358//358
f 356//356 358//358 367//367
f 370//370 359//359 368//368
f 357//357 368//368 359//359
f 369//369 358//358 371//371
f 361//361 371//371 358//358
f 371//371 361//361 370//370
f 370//370 361//361 359//359
f 362//362 363//363 372//372
f 373//373 372//372 363//363
f 364//364 362//362 374//374
f 372//372 374//374 362//362
f 363//363 365//365 373//373
f 365//365 375//375 373//373
f 366//366 364//364 376//376
f 374//374 376//376 364//364
f 365//365 367//367 375//375
f 377//377 375//375 367//367
f 366//366 376//376 368//368
f 368//368 376//376 378//378
f 367//367 369//369 377//377
f 379//379 377//377 369//369
f 368//368 378//378 370//370
f 380//380 370//370 378//378
f 371//371 381//381 369//369
f 379//379 369//369 381//381
f 371//371 370//370 381//381
f 380//380 381//381 370//370
f 373//373 382//382 372//372
f 372//372 382//382 374//374
f 375//375 382//382 373//373
f 374//374 382//382 376//376
f 377//377 382//382 375//375
f 376//376 382//382 378//378
f 379//379 382//382 377//377
f 378//378 382//382 380//380
f 381//381 382//382 379//379
f 380//380 382//382 381//381
f 385//385 384//384 383//383
f 385//385 383//383 386//386
f 388//388 387//387 384//384
f 383//383 384//384 387//387
f 387//387 389//389 383//383
f 386//386 383//383 389//389
f 385//385 390//390 384//384
f 391//391 388//388 390//390
f 390//390 388//388 384//384
f 385//385 386//386 392//392
f 385//385 392//392 393//393
f 385//385 393//393 394//394
f 385//385 394//394 395//395
f 385//385 395//395 396//396
f 385//385 396//396 397//397
f 385//385 397//397 390//390
f 398//398 392//392 389//389
f 386//386 389//389 392//392
f 387//387 388//388 399//399
f 400//400 399//399 388//388
f 399//399 401//401 387//387
f 389//389 387//387 401//401
f 388//388 391//391 400//400
f 402//402 400//400 391//391
f 401//401 403//403 389//389
f 398//398 389//389 403//403
f 404//404 391//391 397//397
f 391//391 390//390 397//397
f 391//391 404//404 402//402
f 405//405 402//402 404//404
f 406//406 393//393 398//398
f 392//392 398//398 393//393
f 407//407 394//394 406//406
f 393//393 406//406 394//394
f 408//408 395//395 407//407
f 394//394 407//407 395//395
f 409//409 396//396 408//408
f 408//408 396//396 395//395
f 404//404 397//397 409//409
f 397//397 396//396 409//409
f 403//403 410//410 398//398
f 406//406 398//398 410//410
f 399//399 400//400 411//411
f 400//400 412//412 411//411
f 411//411 413//413 399//399
f 401//401 399//399 413//413
f 400//400 402//402 412//412
f 414//414 412//412 402//402
f 403//403 401//401 415//415
f 413//413 415//415 401//401
f 402//402 405//405 414//414
f 416//416 414//414 405//405
f 410//410 403//403 417//417
f 403//403 415//415 417//417
f 409//409 418//418 404//404
f 405//405 404//404 418//418
f 405//405 418//418 416//416
f 419//419 416//416 418//418
f 420//420 407//407 410//410
f 406//406 410//410 407//407
f 408//408 407//407 421//421
f 420//420 421//421 407//407
f 408//408 421//421 409//409
f 418//418 409//409 421//421
f 420//420 410//410 422//422
f 410//410 417//417 422//422
f 424//424 423//423 412//412
f 411//411 412//412 423//423
f 423//423 425//425 411//411
f 413//413 411//411 425//425
f 426//426 424//424 414//414
f 412//412 414//414 424//424
f 427//427 415//415 425//425
f 413//413 425//425 415//415
f 426//426 414//414 428//428
f 416//416 428//428 414//414
f 429//429 417//417 427//427
f 427//427 417//417 415//415
f 428//428 416//416 430//430
f 419//419 430//430 416//416
f 422//422 417//417 431//431
f 429//429 431//431 417//417
f 421//421 432//432 418//418
f 419//419 418//418 432//432
f 430//430 419//419 433//433
f 432//432 433//433 419//419
f 420//420 422//422 421//421
f 421//421 422//422 432//432
f 433//433 432//432 431//431
f 422//422 431//431 432//432
f 435//435 434//434 424//424
f 423//423 424//424 434//434
f 434//434 436//436 423//423
f 425//425 423//423 436//436
f 435//435 424//424 437//437
f 426//426 437//437 424//424
f 425//425 436//436 427//427
f 438//438 427//427 436//436
f 437//437 426//426 439//439
f 428//428 439//439 426//426
f 440//440 429//429 438//438
f 427//427 438//438 429//429
f 441//441 439//439 430//430
f 430//430 439//439 428//428
f 442//442 431//431 440//440
f 429//429 440//440 431//431
f 441//441 430//430 443//443
f 433//433 443//443 430//430
f 443//443 433//433 442//442
f 431//431 442//442 433//433
f 434//434 435//435 444//444
f 445//445 444//444 435//435
f 436//436 434//434 446//446
f 444//444 446//446 434//434
f 435//435 437//437 445//445
f 445//445 437//437 447//447
f 436//436 446//446 438//438
f 448//448 438//438 446//446
f 437//437 439//439 447//447
f 447//447 439//439 449//449
f 438//438 448//448 440//440
f 448//448 450//450 440//440
f 441//441 451//451 439//439
f 449//449 439//439 451//451
f 440//440 450//450 442//442
f 452//452 442//442 450//450
f 443//443 453//453 441//441
f 451//451 441//441 453//453
f 443//443 442//442 453//453
f 452//452 453//453 442//442
f 445//445 454//454 444//444
f 444//444 454//454 446//446
f 447//447 454//454 445//445
f 446//446 454//454 448//448
f 449//449 454//454 447//447
f 448//448 454//454 450//450
f 451//451 454//454 449//449
f 450//450 454//454 452//452
f 453//453 454//454 451//451
f 452//452 454//454 453//453
f 457//457 456//456 455//455
f 457//457 455//455 458//458
f 460//460 459//459 456//456
f 455//455 456//456 459//459
f 459//459 461//461 455//455
f 458//458 455//455 461//461
f 457//457 462//462 456//456
f 463//463 460//460 462//462
f 456//456 462//462 460//460
f 457//457 458//458 464//464
f 457//457 464//464 465//465
f 457//457 465//465 466//466
f 457//457 466//466 467//467
f 457//457 467//467 468//468
f 457//457 468//468 469//469
f 457//457 469//469 462//462
f 470//470 464//464 461//461
f 464//464 458//458 461//461
f 459//459 460//460 471//471
f 472//472 471//471 460//460
f 471//471 473//473 459//459
f 461//461 459//459 473//473
f 460//460 463//463 472//472
f 474//474 472//472 463//463
f 475//475 470//470 473//473
f 461//461 473//473 470//470
f 476//476 463//463 469//469
f 462//462 469//469 463//463
f 463//463 476//476 474//474
f 477//477 474//474 476//476
f 478//478 465//465 470//470
f 464//464 470//470 465//465
f 479//479 466//466 478//478
f 465//465 478//478 466//466
f 480//480 467//467 479//479
f 466//466 479//479 467//467
f 481//481 468//468 480//480
f 467//467 480//480 468//468
f 481//481 476//476 468//468
f 469//469 468//468 476//476
f 475//475 482//482 470//470
f 478//478 470//470 482//482
f 484//484 483//483 472//472
f 471//471 472//472 483//483
f 483//483 485//485 471//471
f 473//473 471//471 485//485
f 472//472 474//474 484//484
f 486//486 484//484 474//474
f 473//473 485//485 475//475
f 487//487 475//475 485//485
f 474//474 477//477 486//486
f 488//488 486//486 477//477
f 482//482 475//475 489//489
f 475//475 487//487 489//489
f 476//476 481//481 477//477
f 490//490 477//477 481//481
f 477//477 490//490 488//488
f 491//491 488//488 490//490
f 492//492 479//479 482//482
f 478//478 482//482 479//479
f 480//480 479//479 493//493
f 492//492 493//493 479//479
f 480//480 493//493 481//481
f 481//481 493//493 490//490
f 492//492 482//482 494//494
f 489//489 494//494 482//482
f 496//496 495//495 484//484
f 495//495 483//483 484//484
f 495//495 497//497 483//483
f 485//485 483//483 497//497
f 498//498 496//496 486//486
f 484//484 486//486 496//496
f 499//499 487//487 497//497
f 485//485 497//497 487//487
f 498//498 486//486 500//500
f 488//488 500//500 486//486
f 501//501 489//489 499//499
f 487//487 499//499 489//489
f 502//502 500//500 491//491
f 491//491 500//500 488//488
f 494//494 489//489 503//503
f 501//501 503//503 489//489
f 493//493 504//504 490//490
f 491//491 490//490 504//504
f 502//502 491//491 505//505
f 504//504 505//505 491//491
f 492//492 494//494 493//493
f 504//504 493//493 494//494
f 505//505 504//504 503//503
f 494//494 503//503 504//504
f 507//507 506//506 496//496
f 495//495 496//496 506//506
f 506//506 508//508 495//495
f 497//497 495//495 508//508
f 507//507 496//496 509//509
f 498//498 509//509 496//496
f 497//497 508//508 499//499
f 510//510 499//499 508//508
f 509//509 498//498 511//511
f 511//511 498//498 500//500
f 512//512 501//501 510//510
f 499//499 510//510 501//501
f 513//513 511//511 502//502
f 500//500 502//502 511//511
f 514//514 503//503 512//512
f 501//501 512//512 503//503
f 513//513 502//502 515//515
f 502//502 505//505 515//515
f 515//515 505//505 514//514
f 503//503 514//514 505//505
f 506//506 507//507 516//516
f 507//507 517//517 516//516
f 508//508 506//506 518//518
f 516//516 518//518 506//506
f 507//507 509//509 517//517
f 519//519 517//517 509//509
f 508//508 518//518 510//510
f 520//520 510//510 518//518
f 509//509 511//511 519//519
f 521//521 519//519 511//511
f 510//510 520//520 512//512
f 522//522 512//512 520//520
f 511//511 513//513 521//521
f 523//523 521//521 513//513
f 512//512 522//522 514//514
f 524//524 514//514 522//522
f 515//515 525//525 513//513
f 523//523 513//513 525//525
f 515//515 514//514 525//525
f 524//524 525//525 514//514
f 517//517 526//526 516//516
f 516//516 526//526 518//518
f 519//519 526//526 517//517
f 518//518 526//526 520//520
f 521//521 526//526 519//519
f 520//520 526//526 522//522
f 523//523 526//526 521//521
f 522//522 526//526 524//524
f 525//525 526//526 523//523
f 524//524 526//526 525//525
f 529//529 528//528 527//527
f 529//529 527//527 530//530
f 532//532 531//531 528//528
f 527//527 528//528 531//531
f 530//530 527//527 533//533
f 531//531 533//533 527//527
f 529//529 534//534 528//528
f 535//535 532//532 534//534
f 532//532 528//528 534//534
f 529//529 530//530 536//536
f 529//529 536//536 537//537
f 529//529 537//537 538//538
f 529//529 538//538 539//539
f 529//529 539//539 540//540
f 529//529 540//540 541//541
f 529//529 541//541 534//534
f 542//542 536//536 533//533
f 530//530 533//533 536//536
f 531//531 532//532 543//543
f 544//544 543//543 532//532
f 533//533 531//531 545//545
f 543//543 545//545 531//531
f 532//532 535//535 544//544
f 546//546 544//544 535//535
f 545//545 547//547 533//533
f 533//533 547//547 542//542
f 535//535 534//534 548//548
f 541//541 548//548 534//534
f 535//535 548//548 546//546
f 549//549 546//546 548//548
f 550//550 537//537 542//542
f 536//536 542//542 537//537
f 551//551 538//538 550//550
f 537//537 550//550 538//538
f 552//552 539//539 551//551
f 538//538 551//551 539//539
f 553//553 540//540 552//552
f 539//539 552//552 540//540
f 553//553 548//548 540//540
f 541//541 540//540 548//548
f 547//547 554//554 542//542
f 550//550 542//542 554//554
f 556//556 555//555 544//544
f 543//543 544//544 555//555
f 555//555 557//557 543//543
f 545//545 543//543 557//557
f 544//544 546//546 556//556
f 558//558 556//556 546//546
f 545//545 557//557 547//547
f 559//559 547//547 557//557
f 546//546 549//549 558//558
f 560//560 558//558 549//549
f 554//554 547//547 561//561
f 559//559 561//561 547//547
f 553//553 562//562 548//548
f 549//549 548//548 562//562
f 549//549 562//562 560//560
f 563//563 560//560 562//562
f 564//564 551//551 554//554
f 550//550 554//554 551//551
f 552//552 551//551 565//565
f 564//564 565//565 551//551
f 552//552 565//565 553//553
f 562//562 553//553 565//565
f 564//564 554//554 566//566
f 566//566 554//554 561//561
f 568//568 567//567 556//556
f 555//555 556//556 567//567
f 567//567 569//569 555//555
f 557//557 555//555 569//569
f 568//568 556//556 570//570
f 558//558 570//570 556//556
f 569//569 571//571 557//557
f 559//559 557//557 571//571
f 570//570 558//558 572//572
f 558//558 560//560 572//572
f 573//573 561//561 571//571
f 559//559 571//571 561//561
f 574//574 572//572 563//563
f 560//560 563//563 572//572
f 566//566 561//561 575//575
f 573//573 575//575 561//561
f 565//565 576//576 562//562
f 563//563 562//562 576//576
f 574//574 563//563 577//577
f 576//576 577//577 563//563
f 564//564 566//566 565//565
f 576//576 565//565 566//566
f 577//577 576//576 575//575
f 566//566 575//575 576//576
f 579//579 578//578 568//568
f 567//567 568//568 578//578
f 578//578 580//580 567//567
f 569//569 567//567 580//580
f 579//579 568//568 581//581
f 570//570 581//581 568//568
f 571//571 569//569 582//582
f 580//580 582//582 569//569
f 581//581 570//570 583//583
f 572//572 583//583 570//570
f 584//584 573//573 582//582
f 571//571 582//582 573//573
f 583//583 572//572 585//585
f 574//574 585//585 572//572
f 575//575 573//573 586//586
f 584//584 586//586 573//573
f 585//585 574//574 587//587
f 577//577 587//587 574//574
f 587//587 577//577 586//586
f 586//586 577//577 575//575
f 579//579 589//589 578//578
f 588//588 578//578 589//589
f 578//578 588//588 580//580
f 590//590 580//580 588//588
f 579//579 581//581 589//589
f 591//591 589//589 581//581
f 580//580 590//590 582//582
f 592//592 582//582 590//590
f 581//581 583//583 591//591
f 593//593 591//591 583//583
f 582//582 592//592 584//584
f 594//594 584//584 592//592
f 583//583 585//585 593//593
f 595//595 593//593 585//585
f 584//584 594//594 586//586
f 596//596 586//586 594//594
f 587//587 597//597 585//585
f 595//595 585//585 597//597
f 587//587 586//586 597//597
f 597//597 586//586 596//596
f 589//589 598//598 588//588
f 588//588 598//598 590//590
f 591//591 598//598 589//589
f 590//590 598//598 592//592
f 593//593 598//598 591//591
f 592//592 598//598 594//594
f 595//595 598//598 593//593
f 594//594 598//598 596//596
f 597//597 598//598 595//595
f 596//596 598//598 597//597
f 601//601 600//600 599//599
f 601//601 599//599 602//602
f 604//604 603//603 600//600
f 599//599 600//600 603//603
f 603//603 605//605 599//599
f 602//602 599//599 605//605
f 601//601 606//606 600//600
f 600//600 606//606 604//604
f 607//607 604//604 606//606
f 601//601 602//602 608//608
f 601//601 608//608 609//609
f 601//601 609//609 610//610
f 601//601 610//610 611//611
f 601//601 611//611 612//612
f 601//601 612//612 613//613
f 601//601 613//613 606//606
f 602//602 605//605 608//608
f 614//614 608//608 605//605
f 615//615 603//603 616//616
f 604//604 616//616 603//603
f 617//617 605//605 615//615
f 603//603 615//615 605//605
f 616//616 604//604 618//618
f 607//607 618//618 604//604
f 617//617 619//619 605//605
f 614//614 605//605 619//619
f 606//606 613//613 607//607
f 620//620 607//607 613//613
f 607//607 620//620 618//618
f 621//621 618//618 620//620
f 622//622 609//609 614//614
f 608//608 614//614 609//609
f 623//623 610//610 622//622
f 609//609 622//622 610//610
f 610//610 623//623 611//611
f 624//624 611//611 623//623
f 624//624 625//625 611//611
f 612//612 611//611 625//625
f 625//625 620//620 612//612
f 613//613 612//612 620//620
f 622//622 614//614 626//626
f 619//619 626//626 614//614
f 616//616 628//628 615//615
f 627//627 615//615 628//628
f 629//629 617//617 627//627
f 615//615 627//627 617//617
f 618//618 630//630 616//616
f 616//616 630//630 628//628
f 629//629 631//631 617//617
f 619//619 617//617 631//631
f 621//621 632//632 618//618
f 630//630 618//618 632//632
f 631//631 633//633 619//619
f 626//626 619//619 633//633
f 625//625 634//634 620//620
f 621//621 620//620 634//634
f 621//621 634//634 632//632
f 635//635 632//632 634//634
f 623//623 622//622 636//636
f 626//626 636//636 622//622
f 623//623 636//636 624//624
f 624//624 636//636 637//637
f 624//624 637//637 625//625
f 634//634 625//625 637//637
f 633//633 638//638 626//626
f 626//626 638//638 636//636
f 640//640 639//639 628//628
f 627//627 628//628 639//639
f 639//639 641//641 627//627
f 641//641 629//629 627//627
f 640//640 628//628 642//642
f 628//628 630//630 642//642
f 629//629 641//641 631//631
f 643//643 631//631 641//641
f 642//642 630//630 644//644
f 632//632 644//644 630//630
f 631//631 643//643 633//633
f 645//645 633//633 643//643
f 646//646 644//644 635//635
f 635//635 644//644 632//632
f 647//647 638//638 645//645
f 633//633 645//645 638//638
f 634//634 637//637 635//635
f 637//637 648//648 635//635
f 649//649 646//646 648//648
f 646//646 635//635 648//648
f 638//638 648//648 636//636
f 637//637 636//636 648//648
f 647//647 649//649 638//638
f 648//648 638//638 649//649
f 640//640 651//651 639//639
f 650//650 639//639 651//651
f 641//641 639//639 652//652
f 650//650 652//652 639//639
f 651//651 640//640 653//653
f 653//653 640//640 642//642
f 652//652 654//654 641//641
f 643//643 641//641 654//654
f 653//653 642//642 655//655
f 644//644 655//655 642//642
f 654//654 656//656 643//643
f 645//645 643//643 656//656
f 655//655 644//644 657//657
f 646//646 657//657 644//644
f 656//656 658//658 645//645
f 647//647 645//645 658//658
f 659//659 657//657 649//649
f 646//646 649//649 657//657
f 658//658 659//659 647//647
f 649//649 647//647 659//659
f 651//651 661//661 650//650
f 660//660 650//650 661//661
f 662//662 652//652 660//660
f 650//650 660//660 652//652
f 651//651 653//653 661//661
f 653//653 663//663 661//661
f 654//654 652//652 664//664
f 662//662 664//664 652//652
f 655//655 665//665 653//653
f 665//665 663//663 653//653
f 656//656 654//654 666//666
f 664//664 666//666 654//654
f 655//655 657//657 665//665
f 667//667 665//665 657//657
f 658//658 656//656 668//668
f 666//666 668//668 656//656
f 657//657 659//659 667//667
f 669//669 667//667 659//659
f 659//659 658//658 669//669
f 668//668 669//669 658//658
f 661//661 670//670 660//660
f 660//660 670//670 662//662
f 663//663 670//670 661//661
f 662//662 670//670 664//664
f 665//665 670//670 663//663
f 664//664 670//670 666//666
f 667//667 670//670 665//665
f 666//666 670//670 668//668
f 669//669 670//670 667//667
f 668//668 670//670 669//669
f 673//673 672//672 671//671
f 673//673 671//671 674//674
f 676//676 675//675 672//672
f 671//671 672//672 675//675
f 675//675 677//677 671//671
f 671//671 677//677 674//674
f 673//673 678//678 672//672
f 679//679 676//676 678//678
f 672//672 678//678 676//676
f 673//673 674//674 680//680
f 673//673 680//680 681//681
f 673//673 681//681 682//682
f 673//673 682//682 683//683
f 673//673 683//683 684//684
f 673//673 684//684 685//685
f 673//673 685//685 678//678
f 686//686 680//680 677//677
f 674//674 677//677 680//680
f 675//675 676//676 687//687
f 688//688 687//687 676//676
f 687//687 689//689 675//675
f 677//677 675//675 689//689
f 676//676 679//679 688//688
f 690//690 688//688 679//679
f 689//689 691//691 677//677
f 686//686 677//677 691//691
f 692//692 679//679 685//685
f 678//678 685//685 679//679
f 679//679 692//692 690//690
f 693//693 690//690 692//692
f 694//694 681//681 686//686
f 686//686 681//681 680//680
f 695//695 682//682 694//694
f 694//694 682//682 681//681
f 696//696 683//683 695//695
f 695//695 683//683 682//682
f 697//697 684//684 696//696
f 683//683 696//696 684//684
f 697//697 692//692 684//684
f 685//685 684//684 692//692
f 691//691 698//698 686//686
f 694//694 686//686 698//698
f 687//687 688//688 699//699
f 700//700 699//699 688//688
f 689//689 687//687 701//701
f 699//699 701//701 687//687
f 688//688 690//690 700//700
f 702//702 700//700 690//690
f 691//691 689//689 703//703
f 701//701 703//703 689//689
f 690//690 693//693 702//702
f 702//702 693//693 704//704
f 698//698 691//691 705//705
f 703//703 705//705 691//691
f 697//697 706//706 692//692
f 693//693 692//692 706//706
f 706//706 707//707 693//693
f 693//693 707//707 704//704
f 698//698 708//708 694//694
f 695//695 694//694 708//708
f 695//695 708//708 696//696
f 709//709 696//696 708//708
f 696//696 709//709 697//697
f 706//706 697//697 709//709
f 705//705 710//710 698//698
f 698//698 710//710 708//708
f 712//712 711//711 700//700
f 699//699 700//700 711//711
f 711//711 713//713 699//699
f 701//701 699//699 713//713
f 714//714 712//712 702//702
f 700//700 702//702 712//712
f 713//713 715//715 701//701
f 703//703 701//701 715//715
f 716//716 714//714 704//704
f 702//702 704//704 714//714
f 717//717 705//705 715//715
f 715//715 705//705 703//703
f 718//718 716//716 707//707
f 704//704 707//707 716//716
f 705//705 717//717 710//710
f 719//719 710//710 717//717
f 707//707 706//706 720//720
f 709//709 720//720 706//706
f 718//718 707//707 721//721
f 721//721 707//707 720//720
f 720//720 709//709 710//710
f 708//708 710//710 709//709
f 721//721 720//720 719//719
f 710//710 719//719 720//720
f 723//723 722//722 712//712
f 711//711 712//712 722//722
f 722//722 724//724 711//711
f 724//724 713//713 711//711
f 725//725 723//723 714//714
f 712//712 714//714 723//723
f 715//715 713//713 726//726
f 724//724 726//726 713//713
f 725//725 714//714 727//727
f 716//716 727//727 714//714
f 728//728 717//717 726//726
f 715//715 726//726 717//717
f 727//727 716//716 729//729
f 718//718 729//729 716//716
f 730//730 719//719 728//728
f 717//717 728//728 719//719
f 729//729 718//718 731//731
f 721//721 731//731 718//718
f 731//731 721//721 730//730
f 719//719 730//730 721//721
f 722//722 723//723 732//732
f 733//733 732//732 723//723
f 724//724 722//722 734//734
f 732//732 734//734 722//722
f 723//723 725//725 733//733
f 735//735 733//733 725//725
f 724//724 734//734 726//726
f 736//736 726//726 734//734
f 725//725 727//727 735//735
f 737//737 735//735 727//727
f 726//726 736//736 728//728
f 738//738 728//728 736//736
f 729//729 739//739 727//727
f 737//737 727//727 739//739
f 728//728 738//738 730//730
f 740//740 730//730 738//738
f 731//731 741//741 729//729
f 739//739 729//729 741//741
f 731//731 730//730 741//741
f 740//740 741//741 730//730
f 733//733 742//742 732//732
f 732//732 742//742 734//734
f 735//735 742//742 733//733
f 734//734 742//742 736//736
f 737//737 742//742 735//735
f 736//736 742//742 738//738
f 739//739 742//742 737//737
f 738//738 742//742 740//740
f 741//741 742//742 739//739
f 740//740 742//742 741//741
f 745//745 744//744 743//743
f 745//745 743//743 746//746
f 748//748 747//747 744//744
f 743//743 744//744 747//747
f 747//747 749//749 743//743
f 746//746 743//743 749//749
f 745//745 750//750 744//744
f 751//751 748//748 750//750
f 744//744 750//750 748//748
f 745//745 746//746 752//752
f 745//745 752//752 753//753
f 745//745 753//753 754//754
f 745//745 754//754 755//755
f 745//745 755//755 756//756
f 745//745 756//756 757//757
f 745//745 757//757 750//750
f 749//749 758//758 746//746
f 752//752 746//746 758//758
f 747//747 748//748 759//759
f 760//760 759//759 748//748
f 759//759 761//761 747//747
f 749//749 747//747 761//761
f 748//748 751//751 760//760
f 751//751 762//762 760//760
f 763//763 758//758 761//761
f 749//749 761//761 758//758
f 764//764 751//751 757//757
f 750//750 757//757 751//751
f 751//751 764//764 762//762
f 765//765 762//762 764//764
f 766//766 753//753 758//758
f 752//752 758//758 753//753
f 767//767 754//754 766//766
f 753//753 766//766 754//754
f 768//768 755//755 767//767
f 754//754 767//767 755//755
f 769//769 756//756 768//768
f 755//755 768//768 756//756
f 769//769 764//764 756//756
f 757//757 756//756 764//764
f 763//763 770//770 758//758
f 766//766 758//758 770//770
f 759//759 760//760 771//771
f 772//772 771//771 760//760
f 761//761 759//759 773//773
f 771//771 773//773 759//759
f 760//760 762//762 772//772
f 774//774 772//772 762//762
f 773//773 775//775 761//761
f 763//763 761//761 775//775
f 762//762 765//765 774//774
f 776//776 774//774 765//765
f 770//770 763//763 777//777
f 775//775 777//777 763//763
f 764//764 769//769 765//765
f 778//778 765//765 769//769
f 765//765 778//778 776//776
f 779//779 776//776 778//778
f 770//770 780//780 766//766
f 767//767 766//766 780//780
f 767//767 780//780 768//768
f 781//781 768//768 780//780
f 768//768 781//781 769//769
f 769//769 781//781 778//778
f 777//777 782//782 770//770
f 780//780 770//770 782//782
f 784//784 783//783 772//772
f 772//772 783//783 771//771
f 783//783 785//785 771//771
f 773//773 771//771 785//785
f 786//786 784//784 774//774
f 772//772 774//774 784//784
f 787//787 775//775 785//785
f 773//773 785//785 775//775
f 788//788 786//786 776//776
f 774//774 776//776 786//786
f 789//789 777//777 787//787
f 775//775 787//787 777//777
f 788//788 776//776 790//790
f 779//779 790//790 776//776
f 777//777 789//789 782//782
f 782//782 789//789 791//791
f 779//779 778//778 792//792
f 792//792 778//778 781//781
f 790//790 779//779 793//793
f 792//792 793//793 779//779
f 792//792 781//781 782//782
f 780//780 782//782 781//781
f 793//793 792//792 791//791
f 792//792 782//782 791//791
f 795//795 794//794 784//784
f 783//783 784//784 794//794
f 794//794 796//796 783//783
f 785//785 783//783 796//796
f 795//795 784//784 797//797
f 797//797 784//784 786//786
f 785//785 796//796 787//787
f 796//796 798//798 787//787
f 797//797 786//786 799//799
f 786//786 788//788 799//799
f 800//800 789//789 798//798
f 787//787 798//798 789//789
f 801//801 799//799 790//790
f 788//788 790//790 799//799
f 802//802 791//791 800//800
f 789//789 800//800 791//791
f 801//801 790//790 803//803
f 793//793 803//803 790//790
f 803//803 793//793 802//802
f 791//791 802//802 793//793
f 794//794 795//795 804//804
f 795//795 805//805 804//804
f 796//796 794//794 806//806
f 804//804 806//806 794//794
f 795//795 797//797 805//805
f 797//797 807//807 805//805
f 798//798 796//796 808//808
f 808//808 796//796 806//806
f 797//797 799//799 807//807
f 807//807 799//799 809//809
f 798//798 808//808 800//800
f 810//810 800//800 808//808
f 799//799 801//801 809//809
f 811//811 809//809 801//801
f 800//800 810//810 802//802
f 802//802 810//810 812//812
f 803//803 813//813 801//801
f 811//811 801//801 813//813
f 803//803 802//802 813//813
f 812//812 813//813 802//802
f 805//805 814//814 804//804
f 804//804 814//814 806//806
f 807//807 814//814 805//805
f 806//806 814//814 808//808
f 809//809 814//814 807//807
f 808//808 814//814 810//810
f 811//811 814//814 809//809
f 810//810 814//814 812//812
f 813//813 814//814 811//811
f 812//812 814//814 813//813
f 817//817 816//816 815//815
f 817//817 815//815 818//818
f 820//820 819//819 816//816
f 815//815 816//816 819//819
f 819//819 821//821 815//815
f 818//818 815//815 821//821
f 817//817 822//822 816//816
f 823//823 820//820 822//822
f 816//816 822//822 820//820
f 817//817 818//818 824//824
f 817//817 824//824 825//825
f 817//817 825//825 826//826
f 817//817 826//826 827//827
f 817//817 827//827 828//828
f 817//817 828//828 829//829
f 817//817 829//829 822//822
f 830//830 824//824 821//821
f 818//818 821//821 824//824
f 819//819 820//820 831//831
f 832//832 831//831 820//820
f 831//831 833//833 819//819
f 821//821 819//819 833//833
f 820//820 823//823 832//832
f 832//832 823//823 834//834
f 835//835 830//830 833//833
f 821//821 833//833 830//830
f 836//836 823//823 829//829
f 822//822 829//829 823//823
f 823//823 836//836 834//834
f 837//837 834//834 836//836
f 838//838 825//825 830//830
f 824//824 830//830 825//825
f 839//839 826//826 838//838
f 825//825 838//838 826//826
f 840//840 827//827 839//839
f 826//826 839//839 827//827
f 841//841 828//828 840//840
f 827//827 840//840 828//828
f 841//841 836//836 828//828
f 829//829 828//828 836//836
f 835//835 842//842 830//830
f 838//838 830//830 842//842
f 831//831 832//832 843//843
f 844//844 843//843 832//832
f 833//833 831//831 845//845
f 845//845 831//831 843//843
f 832//832 834//834 844//844
f 846//846 844//844 834//834
f 847//847 835//835 845//845
f 833//833 845//845 835//835
f 834//834 837//837 846//846
f 848//848 846//846 837//837
f 842//842 835//835 849//849
f 847//847 849//849 835//835
f 836//836 841//841 837//837
f 850//850 837//837 841//841
f 850//850 851//851 837//837
f 848//848 837//837 851//851
f 842//842 852//852 838//838
f 839//839 838//838 852//852
f 839//839 852//852 840//840
f 853//853 840//840 852//852
f 840//840 853//853 841//841
f 853//853 850//850 841//841
f 849//849 854//854 842//842
f 852//852 842//842 854//854
f 856//856 855//855 844//844
f 843//843 844//844 855//855
f 855//855 857//857 843//843
f 857//857 845//845 843//843
f 858//858 856//856 846//846
f 844//844 846//846 856//856
f 859//859 847//847 857//857
f 845//845 857//857 847//847
f 860//860 858//858 848//848
f 846//846 848//848 858//858
f 847//847 859//859 849//849
f 861//861 849//849 859//859
f 862//862 860//860 851//851
f 848//848 851//851 860//860
f 849//849 861//861 854//854
f 854//854 861//861 863//863
f 851//851 850//850 864//864
f 853//853 864//864 850//850
f 862//862 851//851 865//865
f 851//851 864//864 865//865
f 864//864 853//853 854//854
f 854//854 853//853 852//852
f 865//865 864//864 863//863
f 854//854 863//863 864//864
f 867//867 866//866 856//856
f 855//855 856//856 866//866
f 866//866 868//868 855//855
f 857//857 855//855 868//868
f 867//867 856//856 869//869
f 858//858 869//869 856//856
f 857//857 868//868 859//859
f 870//870 859//859 868//868
f 869//869 858//858 871//871
f 860//860 871//871 858//858
f 872//872 861//861 870//870
f 861//861 859//859 870//870
f 873//873 871//871 862//862
f 860//860 862//862 871//871
f 874//874 863//863 872//872
f 861//861 872//872 863//863
f 873//873 862//862 875//875
f 875//875 862//862 865//865
f 875//875 865//865 874//874
f 863//863 874//874 865//865
f 866//866 867//867 876//876
f 877//877 876//876 867//867
f 868//868 866//866 878//878
f 876//876 878//878 866//866
f 867//867 869//869 877//877
f 879//879 877//877 869//869
f 870//870 868//868 880//880
f 878//878 880//880 868//868
f 869//869 871//871 879//879
f 881//881 879//879 871//871
f 870//870 880//880 872//872
f 882//882 872//872 880//880
f 871//871 873//873 881//881
f 883//883 881//881 873//873
f 872//872 882//882 874//874
f 884//884 874//874 882//882
f 875//875 885//885 873//873
f 883//883 873//873 885//885
f 875//875 874//874 885//885
f 884//884 885//885 874//874
f 877//877 886//886 876//876
f 876//876 886//886 878//878
f 879//879 886//886 877//877
f 878//878 886//886 880//880
f 881//881 886//886 879//879
f 880//880 886//886 882//882
f 883//883 886//886 881//881
f 882//882 886//886 884//884
f 885//885 886//886 883//883
f 884//884 886//886 885//885
f 889//889 888//888 887//887
f 889//889 887//887 890//890
f 892//892 891//891 888//888
f 887//887 888//888 891//891
f 891//891 893//893 887//887
f 890//890 887//887 893//893
f 889//889 894//894 888//888
f 895//895 892//892 894//894
f 888//888 894//894 892//892
f 889//889 890//890 896//896
f 889//889 896//896 897//897
f 889//889 897//897 898//898
f 889//889 898//898 899//899
f 889//889 899//899 900//900
f 889//889 900//900 901//901
f 889//889 901//901 894//894
f 893//893 902//902 890//890
f 896//896 890//890 902//902
f 891//891 892//892 903//903
f 904//904 903//903 892//892
f 903//903 905//905 891//891
f 893//893 891//891 905//905
f 892//892 895//895 904//904
f 906//906 904//904 895//895
f 905//905 907//907 893//893
f 902//902 893//893 907//907
f 908//908 895//895 901//901
f 894//894 901//901 895//895
f 895//895 908//908 906//906
f 906//906 908//908 909//909
f 910//910 897//897 902//902
f 896//896 902//902 897//897
f 911//911 898//898 910//910
f 897//897 910//910 898//898
f 912//912 899//899 911//911
f 898//898 911//911 899//899
f 913//913 900//900 912//912
f 899//899 912//912 900//900
f 913//913 908//908 900//900
f 901//901 900//900 908//908
f 907//907 914//914 902//902
f 910//910 902//902 914//914
f 903//903 904//904 915//915
f 916//916 915//915 904//904
f 915//915 917//917 903//903
f 905//905 903//903 917//917
f 904//904 906//906 916//916
f 906//906 918//918 916//916
f 917//917 919//919 905//905
f 907//907 905//905 919//919
f 906//906 909//909 918//918
f 920//920 918//918 909//909
f 914//914 907//907 921//921
f 919//919 921//921 907//907
f 908//908 913//913 909//909
f 922//922 909//909 913//913
f 909//909 922//922 920//920
f 923//923 920//920 922//922
f 914//914 924//924 910//910
f 911//911 910//910 924//924
f 911//911 924//924 912//912
f 925//925 912//912 924//924
f 912//912 925//925 913//913
f 922//922 913//913 925//925
f 921//921 926//926 914//914
f 924//924 914//914 926//926
f 928//928 927//927 916//916
f 916//916 927//927 915//915
f 927//927 929//929 915//915
f 917//917 915//915 929//929
f 930//930 928//928 918//918
f 916//916 918//918 928//928
f 929//929 931//931 917//917
f 919//919 917//917 931//931
f 932//932 930//930 920//920
f 920//920 930//930 918//918
f 933//933 921//921 931//931
f 919//919 931//931 921//921
f 932//932 920//920 934//934
f 923//923 934//934 920//920
f 921//921 933//933 926//926
f 935//935 926//926 933//933
f 923//923 922//922 936//936
f 922//922 925//925 936//936
f 934//934 923//923 937//937
f 936//936 937//937 923//923
f 936//936 925//925 926//926
f 926//926 925//925 924//924
f 937//937 936//936 935//935
f 926//926 935//935 936//936
f 939//939 938//938 928//928
f 928//928 938//938 927//927
f 938//938 940//940 927//927
f 929//929 927//927 940//940
f 939//939 928//928 941//941
f 941//941 928//928 930//930
f 929//929 940//940 931//931
f 942//942 931//931 940//940
f 941//941 930//930 943//943
f 932//932 943//943 930//930
f 944//944 933//933 942//942
f 931//931 942//942 933//933
f 945//945 943//943 934//934
f 932//932 934//934 943//943
f 946//946 935//935 944//944
f 944//944 935//935 933//933
f 945//945 934//934 947//947
f 937//937 947//947 934//934
f 947//947 937//937 946//946
f 935//935 946//946 937//937
f 938//938 939//939 948//948
f 949//949 948//948 939//939
f 940//940 938//938 950//950
f 948//948 950//950 938//938
f 939//939 941//941 949//949
f 951//951 949//949 941//941
f 942//942 940//940 952//952
f 950//950 952//952 940//940
f 941//941 943//943 951//951
f 953//953 951//951 943//943
f 942//942 952//952 944//944
f 954//954 944//944 952//952
f 943//943 945//945 953//953
f 955//955 953//953 945//945
f 944//944 954//954 946//946
f 956//956 946//946 954//954
f 947//947 957//957 945//945
f 955//955 945//945 957//957
f 947//947 946//946 957//957
f 956//956 957//957 946//946
f 949//949 958//958 948//948
f 948//948 958//958 950//950
f 951//951 958//958 949//949
f 950//950 958//958 952//952
f 953//953 958//958 951//951
f 952//952 958//958 954//954
f 955//955 958//958 953//953
f 954//954 958//958 956//956
f 957//957 958//958 955//955
f 956//956 958//958 957//957
