# Generated by Visualization Toolkit
v 0.00006783008575439453 -0.0895172655582428 -0.011872561648488045
v 0.0016913171857595444 -0.09063718467950821 -0.007154138758778572
v 0.005693667568266392 -0.09241029620170593 -0.00789827760308981
v 0.002192552201449871 -0.0905129462480545 -0.013892963528633118
v -0.0029794853180646896 -0.08662758767604828 -0.016721265390515327
v -0.0038026180118322372 -0.08633493632078171 -0.013178983703255653
v -0.003384285606443882 -0.08718132227659225 -0.007717221509665251
v -0.005516563542187214 -0.08628971874713898 0.01064838282763958
v -0.003119231201708317 -0.08763635158538818 0.013260504230856895
v 0.0018892474472522736 -0.09058346599340439 0.007733664475381374
v -0.0035255150869488716 -0.08744929730892181 0.006158958654850721
v -0.010284925810992718 -0.08382801711559296 0.005681667011231184
v -0.01039742399007082 -0.0838216096162796 0.01122446358203888
v -0.009060193784534931 -0.08343913406133652 0.015107637271285057
v -0.007198206149041653 -0.09420640021562576 0.019754474982619286
v -0.00757274404168129 -0.09065724164247513 0.021116487681865692
v -0.012745246291160583 -0.09183614701032639 0.022263290360569954
v -0.009830862283706665 -0.09823176264762878 0.019250378012657166
v -0.016425658017396927 -0.10868797451257706 0.009239696897566319
v -0.016167793422937393 -0.10799969732761383 0.006722481455653906
v -0.01270386390388012 -0.11336535960435867 0.006967487744987011
v -0.015000229701399803 -0.11134053766727448 0.010830335319042206
v -0.015533678233623505 -0.11030995100736618 -0.012704133056104183
v -0.013876212760806084 -0.11157405376434326 -0.009516318328678608
v -0.018043536692857742 -0.10596321523189545 -0.008770214393734932
v -0.018825259059667587 -0.10644286125898361 -0.012738601304590702
v -0.014867227524518967 -0.1126977801322937 -0.014879311434924603
v -0.01136764232069254 -0.1162714809179306 -0.011016331613063812
v -0.019642643630504608 -0.108049176633358 -0.01569262333214283
v -0.010369405150413513 -0.09681724011898041 -0.020935725420713425
v -0.005458221770823002 -0.09978320449590683 -0.018363622948527336
v -0.007551213726401329 -0.105275958776474 -0.01815279945731163
v -0.01388508453965187 -0.0998731404542923 -0.02149999886751175
v -0.010657673701643944 -0.09305194765329361 -0.022335032001137733
v -0.004012456163764 -0.09538807719945908 -0.01957782357931137
v -0.01587110012769699 -0.09356660395860672 -0.024150274693965912
v -0.007438145577907562 -0.08822434395551682 0.02237837016582489
v -0.012799067422747612 -0.08651316165924072 0.02358906716108322
v -0.015649011358618736 -0.09692400693893433 0.022457711398601532
v -0.012726782821118832 -0.10330501198768616 0.02001107484102249
v -0.016377326101064682 -0.08505444973707199 0.024958791211247444
v -0.01626874879002571 -0.08920209854841232 0.025057649239897728
v -0.017355425283312798 -0.0930405855178833 0.0251470860093832
v -0.010399879887700081 -0.08574042469263077 -0.024464553222060204
v -0.0017276983708143234 -0.08977196365594864 -0.02211024984717369
v -0.0029362738132476807 -0.09262576699256897 -0.021135780960321426
v -0.01057466957718134 -0.08963464945554733 -0.023235978558659554
v -0.016193825751543045 -0.08973746746778488 -0.025696076452732086
v -0.016449537128210068 -0.08620768785476685 -0.026232797652482986
v -0.0151520362123847 -0.08084803819656372 -0.02343422919511795
v -0.013808775693178177 -0.08056178689002991 -0.020456872880458832
v -0.008539454080164433 -0.08289884030818939 -0.021601088345050812
v -0.018239621073007584 -0.08232554793357849 -0.02499622479081154
v -0.018674708902835846 -0.09998819977045059 -0.02320016361773014
v -0.019559554755687714 -0.09555937349796295 -0.025276394560933113
v -0.014261223375797272 -0.0820806547999382 0.022830935195088387
v -0.007128961384296417 -0.085646852850914 0.022632811218500137
v -0.007721154019236565 -0.0838126614689827 0.020536717027425766
v -0.01410962175577879 -0.07955392450094223 0.019613321870565414
v -0.018215350806713104 -0.08172152191400528 0.023145122453570366
v -0.014275163412094116 -0.1051890105009079 -0.02105521783232689
v -0.009392783045768738 -0.10956816375255585 -0.018732033669948578
v -0.010875093750655651 -0.11187775433063507 -0.020007161423563957
v -0.01691558212041855 -0.105489581823349 -0.022591492161154747
v -0.017741894349455833 -0.10726816952228546 0.02289201132953167
v -0.019967399537563324 -0.10067418962717056 0.02366427145898342
v -0.02238224633038044 -0.09959950298070908 0.022483741864562035
v -0.023020992055535316 -0.10320619493722916 0.022477565333247185
v -0.014277055859565735 -0.10589725524187088 0.02144383080303669
v -0.01775471121072769 -0.09960003942251205 0.023078124970197678
v -0.0236247256398201 -0.10652722418308258 0.02136380784213543
v -0.018241211771965027 -0.1108119785785675 0.02062513865530491
v -0.02131275273859501 -0.1076536551117897 0.016648180782794952
v -0.017955929040908813 -0.11009529232978821 0.01573721505701542
v -0.01762731745839119 -0.11083924770355225 0.017965758219361305
v -0.022348538041114807 -0.10744394361972809 0.018656320869922638
v -0.02279471792280674 -0.10524314641952515 0.015096924267709255
v -0.019350102171301842 -0.10810521245002747 0.013172547332942486
v -0.025301652029156685 -0.10416311025619507 0.01718718931078911
v -0.016521994024515152 -0.07862628996372223 0.013344306498765945
v -0.013992838561534882 -0.08025119453668594 0.014434222131967545
v -0.014935499057173729 -0.08060866594314575 0.011050201021134853
v -0.01738075166940689 -0.07819652557373047 0.010760970413684845
v -0.016944585368037224 -0.07738425582647324 0.01440044492483139
v -0.013567637652158737 -0.07961147278547287 0.016860591247677803
v -0.018617669120430946 -0.07618041336536407 0.011220164597034454
v -0.016778867691755295 -0.07968757301568985 -0.018794933333992958
v -0.018169261515140533 -0.07903257012367249 -0.02018309384584427
v -0.019599178805947304 -0.07769548892974854 -0.016988445073366165
v -0.01754949800670147 -0.0794626772403717 -0.016102958470582962
v -0.013755962252616882 -0.08075466006994247 -0.016837989911437035
v -0.020678650587797165 -0.09194177389144897 -0.027845334261655807
v -0.02055373415350914 -0.08699842542409897 -0.028382383286952972
v -0.024566825479269028 -0.09383872896432877 -0.026232358068227768
v -0.027684450149536133 -0.09179823100566864 -0.029158586636185646
v -0.024825796484947205 -0.0914050042629242 -0.03130541369318962
v -0.022946840152144432 -0.09636544436216354 -0.024571608752012253
v -0.02406335435807705 -0.08726749569177628 -0.03100239299237728
v -0.02109989896416664 -0.10537079721689224 -0.023430274799466133
v -0.022318029776215553 -0.09965977817773819 -0.023459983989596367
v -0.026326315477490425 -0.10023067146539688 -0.021103769540786743
v -0.024767007678747177 -0.09747538715600967 -0.0207816194742918
v -0.02094423584640026 -0.10824386030435562 -0.020429600030183792
v -0.02635601907968521 -0.10308687388896942 -0.019746851176023483
v -0.02631301060318947 -0.10184475779533386 -0.014221284538507462
v -0.026718707755208015 -0.10031040757894516 -0.012031950987875462
v -0.029913924634456635 -0.0988907739520073 -0.01251354068517685
v -0.028125464916229248 -0.10110340267419815 -0.015523318201303482
v -0.02481190860271454 -0.1042911484837532 -0.017288262024521828
v -0.023762254044413567 -0.10427603125572205 -0.014893937855958939
v -0.022855378687381744 -0.10233809053897858 -0.01225523091852665
v -0.024680742993950844 -0.07720528542995453 0.027068696916103363
v -0.02196916565299034 -0.0814020186662674 0.029159747064113617
v -0.01914147660136223 -0.08320984989404678 0.02692410536110401
v -0.020917639136314392 -0.08002045005559921 0.024741780012845993
v -0.023157862946391106 -0.07776114344596863 0.020989181473851204
v -0.02540459670126438 -0.07548990845680237 0.022294381633400917
v -0.0253756120800972 -0.07671034336090088 0.03173741698265076
v -0.023643752560019493 -0.07966294139623642 0.032677456736564636
v -0.025015033781528473 -0.07729513943195343 0.04113881662487984
v -0.0253145731985569 -0.07445277273654938 0.04127832502126694
v -0.02634906768798828 -0.07392638921737671 0.04446031525731087
v -0.02548917382955551 -0.07806718349456787 0.042970914393663406
v -0.02469225972890854 -0.082248754799366 0.03967572748661041
v -0.02464994229376316 -0.0797514021396637 0.03833388537168503
v -0.024698929861187935 -0.07687173038721085 0.037250060588121414
v -0.024514153599739075 -0.07939797639846802 0.009678882546722889
v -0.02314324863255024 -0.0766509622335434 0.015085111372172832
v -0.021936841309070587 -0.07616836577653885 0.013545267283916473
v -0.023156743496656418 -0.0768374428153038 0.0077660842798650265
v -0.026537712663412094 -0.08575063943862915 0.009072791785001755
v -0.02635633572936058 -0.08327237516641617 0.013808177784085274
v -0.026028314605355263 -0.07800707221031189 0.013248002156615257
v -0.0242121834307909 -0.07615124434232712 0.016842661425471306
v -0.026123275980353355 -0.08944275230169296 0.013941853307187557
v -0.02660241350531578 -0.08680398017168045 0.01628538966178894
v -0.026822110638022423 -0.08561354130506516 0.000004906501544610364
v -0.029779814183712006 -0.09035396575927734 -0.0005261432961560786
v -0.029866768047213554 -0.09085018932819366 0.007357200141996145
v -0.02878744900226593 -0.0922025591135025 0.012859583832323551
v -0.024761054664850235 -0.08101221174001694 0.000396319868741557
v -0.02514297142624855 -0.08184133470058441 -0.02900390513241291
v -0.025895830243825912 -0.07874513417482376 -0.024568112567067146
v -0.02313085086643696 -0.08086404949426651 -0.023089991882443428
v -0.021589593961834908 -0.08300597965717316 -0.02675817161798477
v -0.027797440066933632 -0.07748586684465408 -0.0289293359965086
v -0.028639577329158783 -0.07502270489931107 -0.0252558384090662
v -0.02705150842666626 -0.08279678970575333 -0.03334692865610123
v -0.028100676834583282 -0.07896915823221207 -0.032550111413002014
v -0.028905494138598442 -0.07976935058832169 0.013378755189478397
v -0.02962738648056984 -0.07591190189123154 0.013164461590349674
v -0.026353567838668823 -0.07445450127124786 0.01444686483591795
v -0.025188278406858444 -0.07408900558948517 0.01811322197318077
v -0.024849990382790565 -0.07754240185022354 -0.014340763911604881
v -0.022597014904022217 -0.07624951750040054 -0.013834538869559765
v -0.021852189674973488 -0.07724523544311523 -0.018492119386792183
v -0.024082574993371964 -0.07750257849693298 -0.019726764410734177
v -0.026405412703752518 -0.07689560204744339 -0.020774777978658676
v -0.026830432936549187 -0.07669216394424438 -0.016938723623752594
v -0.027734266594052315 -0.07825538516044617 -0.014415832236409187
v -0.025922905653715134 -0.08009859919548035 -0.012638845480978489
v -0.02735694870352745 -0.08569775521755219 -0.008869705721735954
v -0.0254856888204813 -0.08098790794610977 -0.007655808236449957
v -0.026365650817751884 -0.08342456817626953 -0.01329188235104084
v -0.026540447026491165 -0.08694685250520706 -0.015936071053147316
v -0.02642246149480343 -0.08953149616718292 -0.014098265208303928
v -0.0296061709523201 -0.0901830717921257 -0.00810948945581913
v -0.028416072949767113 -0.0920248031616211 -0.013445115648210049
v -0.027186991646885872 -0.09079757332801819 -0.022799815982580185
v -0.027069417759776115 -0.08951860666275024 -0.01899283565580845
v -0.029496993869543076 -0.08752569556236267 -0.01891355589032173
v -0.030630674213171005 -0.08792990446090698 -0.02139613963663578
v -0.024323752149939537 -0.09425369650125504 -0.021532313898205757
v -0.02568276971578598 -0.09212321788072586 -0.018057601526379585
v -0.03248300030827522 -0.08626367896795273 -0.024468783289194107
v -0.030227607116103172 -0.08900129795074463 -0.026749931275844574
v -0.026580335572361946 -0.0690946877002716 0.019442304968833923
v -0.02809695340692997 -0.06869596242904663 0.022446079179644585
v -0.02732277661561966 -0.07216977328062057 0.023130258545279503
v -0.025965599343180656 -0.07143180817365646 0.018874403089284897
v -0.026197154074907303 -0.0712403655052185 0.015476783737540245
v -0.026577983051538467 -0.06781632453203201 0.017931422218680382
v -0.02840494178235531 -0.06579579412937164 0.02181863784790039
v -0.027341406792402267 -0.07467225939035416 0.025515904650092125
v -0.02953161858022213 -0.07479479163885117 0.026533840224146843
v -0.02835436724126339 -0.0757775530219078 0.028566312044858932
v -0.030553821474313736 -0.07244592159986496 0.025265956297516823
v -0.03026491403579712 -0.08752398192882538 0.02117786929011345
v -0.029502198100090027 -0.08598681539297104 0.017192315310239792
v -0.026561494916677475 -0.08956708014011383 0.019516531378030777
v -0.025230880826711655 -0.09177547693252563 0.022842248901724815
v -0.02798628807067871 -0.08934951573610306 0.025509420782327652
v -0.033297523856163025 -0.08521844446659088 0.025210946798324585
v -0.03502427041530609 -0.08429092168807983 0.021588902920484543
v -0.033347778022289276 -0.08596964180469513 0.01922162063419819
v -0.03231187164783478 -0.0863279327750206 0.016649361699819565
v -0.028423955664038658 -0.07103048264980316 0.013649138621985912
v -0.031548917293548584 -0.0818227156996727 0.0129386642947793
v -0.03233882412314415 -0.07914582639932632 0.01235641073435545
v -0.0322439968585968 -0.07500987499952316 0.01414596475660801
v -0.030624965205788612 -0.0714060440659523 0.015191442333161831
v -0.033948980271816254 -0.07783418148756027 0.013315566815435886
v -0.02875613048672676 -0.06941163539886475 -0.019486503675580025
v -0.028647111728787422 -0.06809402257204056 -0.018077855929732323
v -0.029198629781603813 -0.07151325792074203 -0.015814704820513725
v -0.02853286825120449 -0.0717252716422081 -0.018679065629839897
v -0.02903459593653679 -0.07142996042966843 -0.021764345467090607
v -0.029170414432883263 -0.06839700043201447 -0.02172739803791046
v -0.02906084433197975 -0.06544667482376099 -0.021189887076616287
v -0.030479619279503822 -0.07321862876415253 0.04798923060297966
v -0.02911226451396942 -0.07163524627685547 0.04704618453979492
v -0.0316280797123909 -0.06971508264541626 0.04653839394450188
v -0.03262340649962425 -0.07269907742738724 0.04748096317052841
v -0.030080284923315048 -0.07620559632778168 0.047261424362659454
v -0.027812952175736427 -0.07491826266050339 0.04654384031891823
v -0.03276726230978966 -0.07661460340023041 0.04706953838467598
v -0.029597513377666473 -0.07097242027521133 -0.024395685642957687
v -0.028180018067359924 -0.07441113144159317 -0.021557070314884186
v -0.029858596622943878 -0.07521063834428787 -0.02923455648124218
v -0.030584972351789474 -0.07325106859207153 -0.026981614530086517
v -0.03132800757884979 -0.07058384269475937 -0.025859398767352104
v -0.02956957370042801 -0.07562503963708878 -0.014477543532848358
v -0.02832932211458683 -0.07461727410554886 -0.017943838611245155
v -0.03185845538973808 -0.07088363915681839 -0.015333244577050209
v -0.03303011506795883 -0.07444355636835098 -0.014126956462860107
v -0.03428623825311661 -0.0770173892378807 -0.01327136904001236
v -0.031696610152721405 -0.08010665327310562 -0.013791426084935665
v -0.028489381074905396 -0.08152638375759125 -0.014872879721224308
v -0.03604183346033096 -0.07847385108470917 -0.012508966960012913
v -0.035032883286476135 -0.08141445368528366 -0.012591928243637085
v -0.030865777283906937 -0.0690431147813797 0.017954090610146523
v -0.029765356332063675 -0.06802535057067871 0.016970627009868622
v -0.031775180250406265 -0.07171391695737839 0.017340727150440216
v -0.03202226758003235 -0.06768395006656647 0.01991933025419712
v -0.031231578439474106 -0.06575599312782288 0.019995620474219322
v -0.033248212188482285 -0.07080978155136108 0.019733650609850883
v -0.03422148898243904 -0.08429717272520065 0.03539883717894554
v -0.031420983374118805 -0.08612171560525894 0.03890209645032883
v -0.032242368906736374 -0.08150973916053772 0.04411844164133072
v -0.03413032740354538 -0.08024845272302628 0.04207713529467583
v -0.035052403807640076 -0.0783156305551529 0.04056207463145256
v -0.03564869984984398 -0.08103351294994354 0.0356520377099514
v -0.03751944378018379 -0.08206316828727722 0.03120565600693226
v -0.035730864852666855 -0.08372727781534195 0.028758455067873
v -0.03129051253199577 -0.08716057240962982 0.02967960387468338
v -0.029171748086810112 -0.08910483866930008 0.03311971202492714
v -0.030834868550300598 -0.07470771670341492 -0.04317394644021988
v -0.03149396553635597 -0.07272656261920929 -0.04281259700655937
v -0.030371548607945442 -0.07422095537185669 -0.039717718958854675
v -0.029637929052114487 -0.07642127573490143 -0.04097123071551323
v -0.030022092163562775 -0.07864128798246384 -0.042526569217443466
v -0.03202938660979271 -0.07549130171537399 -0.04462583363056183
v -0.0332794263958931 -0.07282721251249313 -0.04507473111152649
v -0.031120339408516884 -0.06436183303594589 -0.024716001003980637
v -0.030131269246339798 -0.06783706694841385 -0.024256672710180283
v -0.032320357859134674 -0.06574823707342148 -0.025804763659834862
v -0.03432372212409973 -0.06543061882257462 -0.02691098116338253
v -0.034536439925432205 -0.06280099600553513 -0.02685772068798542
v -0.031857650727033615 -0.06774422526359558 -0.0256181787699461
v -0.0323505625128746 -0.06877847760915756 0.04303058981895447
v -0.030274149030447006 -0.06868177652359009 0.04398635774850845
v -0.029264338314533234 -0.06933999806642532 0.040426936000585556
v -0.03217771649360657 -0.06985760480165482 0.04019216448068619
v -0.034347835928201675 -0.07140690833330154 0.04095496982336044
v -0.03393752872943878 -0.06970618665218353 0.04445837810635567
v -0.03399505838751793 -0.06797539442777634 -0.026723314076662064
v -0.035027846693992615 -0.07572298496961594 0.0432942695915699
v -0.03473307192325592 -0.07612600177526474 0.04534239321947098
v -0.034504786133766174 -0.0726834163069725 0.045349620282649994
v -0.0349683053791523 -0.07366819679737091 0.04247954487800598
v -0.03490091860294342 -0.07629349082708359 0.03892982378602028
v -0.03540316969156265 -0.0860467329621315 0.013637621887028217
v -0.03503924608230591 -0.08690895140171051 0.016128139570355415
v -0.037277281284332275 -0.08815368264913559 0.016194140538573265
v -0.038183681666851044 -0.08755840361118317 0.014520402997732162
v -0.0388549380004406 -0.08591720461845398 0.01154404692351818
v -0.03745860978960991 -0.08402176946401596 0.010388089343905449
v -0.03435531258583069 -0.08339858055114746 0.012125113047659397
v -0.040605105459690094 -0.08710002154111862 0.012904603965580463
v -0.03457679599523544 -0.06955347210168839 0.021621959283947945
v -0.034565940499305725 -0.06704683601856232 0.022380882874131203
v -0.03678622469305992 -0.07172077149152756 0.022142935544252396
v -0.037933409214019775 -0.0689174011349678 0.02348802052438259
v -0.035417184233665466 -0.0748138353228569 0.019818611443042755
v -0.032571420073509216 -0.06862758100032806 -0.018745852634310722
v -0.0307666826993227 -0.06745599955320358 -0.017539480701088905
v -0.0312458798289299 -0.06491561979055405 -0.02040160447359085
v -0.033392537385225296 -0.06727905571460724 -0.020759159699082375
v -0.03368763253092766 -0.07114988565444946 -0.017907802015542984
v -0.035216137766838074 -0.07002148777246475 -0.02069327048957348
v -0.03564329445362091 -0.08354861289262772 -0.027926471084356308
v -0.03415427729487419 -0.08717025816440582 -0.030570097267627716
v -0.03400792181491852 -0.08440928161144257 -0.022188840433955193
v -0.035637266933918 -0.08185960352420807 -0.02442336082458496
v -0.03826405853033066 -0.08012361079454422 -0.02582808956503868
v -0.0381159707903862 -0.08093380182981491 -0.027891820296645164
v -0.04036193713545799 -0.08067910373210907 -0.028956325724720955
v -0.03911241888999939 -0.08329550176858902 -0.031021403148770332
v -0.03580456227064133 -0.08535876125097275 -0.014259911142289639
v -0.03802325576543808 -0.08118866384029388 -0.010678294114768505
v -0.03898625448346138 -0.08445746451616287 -0.011778097599744797
v -0.04158450663089752 -0.08606778085231781 -0.013343160040676594
v -0.039447084069252014 -0.08700843900442123 -0.015452954918146133
v -0.03819511830806732 -0.08777425438165665 -0.01706112176179886
v -0.03544369712471962 -0.0864039734005928 -0.017062172293663025
v -0.03665420413017273 -0.08202479779720306 0.023822344839572906
v -0.03893764317035675 -0.0807291641831398 0.027551664039492607
v -0.03904972970485687 -0.0778098851442337 0.024728087708353996
v -0.03800578415393829 -0.08034117519855499 0.021938584744930267
v -0.038122422993183136 -0.08343503624200821 0.020447948947548866
v -0.03689844533801079 -0.08478263020515442 0.019558381289243698
v -0.039228446781635284 -0.08211337774991989 0.01987677812576294
v -0.0333552248775959 -0.07522054761648178 0.01675606332719326
v -0.034690700471401215 -0.07839357852935791 0.015767451375722885
v -0.036351241171360016 -0.07861776649951935 0.018099559471011162
v -0.03787662088871002 -0.07917561382055283 0.020008118823170662
v -0.037790920585393906 -0.07647261023521423 0.021799247711896896
v -0.03951847180724144 -0.07354577630758286 0.02256135083734989
v -0.035817645490169525 -0.07675500214099884 -0.014958464540541172
v -0.03549391031265259 -0.07459267973899841 -0.01680063270032406
v -0.03765993192791939 -0.078818678855896 -0.015170139260590076
v -0.037654511630535126 -0.07713890075683594 -0.017822740599513054
v -0.03754345700144768 -0.08439415693283081 -0.035380877554416656
v -0.04007479548454285 -0.08087873458862305 -0.032756999135017395
v -0.03903627768158913 -0.08052508533000946 -0.03584316372871399
v -0.03477071598172188 -0.08737528324127197 -0.03806049004197121
v -0.03200853615999222 -0.09003287553787231 -0.033185139298439026
v -0.03868670389056206 -0.07854737341403961 -0.03934933617711067
v -0.03785422444343567 -0.08104617893695831 -0.040577132254838943
v -0.03603505343198776 -0.06447020173072815 -0.024508988484740257
v -0.03490177541971207 -0.06557068228721619 -0.02292722836136818
v -0.03311040252447128 -0.06316632032394409 -0.023075632750988007
v -0.03559805452823639 -0.06264754384756088 -0.025242004543542862
v -0.03775440901517868 -0.06611930578947067 -0.02521318942308426
v -0.03683844208717346 -0.06785479187965393 -0.023244410753250122
v -0.03826449438929558 -0.06453213840723038 -0.026581188663840294
v -0.03569634631276131 -0.07165978848934174 -0.04622717201709747
v -0.03463093936443329 -0.07080347090959549 -0.0446942076086998
v -0.03495205193758011 -0.07376246154308319 -0.0463690310716629
v -0.037406615912914276 -0.07175735384225845 -0.04610137268900871
v -0.036467693746089935 -0.07055065035820007 -0.04381994903087616
v -0.036798566579818726 -0.07473527640104294 -0.04697801545262337
v -0.037628304213285446 -0.0786856934428215 0.029244855046272278
v -0.03918241709470749 -0.07637155801057816 0.028072696179151535
v -0.0400255024433136 -0.07379039376974106 0.027223818004131317
v -0.0412900485098362 -0.07443539798259735 0.024673856794834137
v -0.04170604050159454 -0.08837583661079407 0.01390515360981226
v -0.04039352387189865 -0.08930762112140656 0.015081236138939857
v -0.04425699636340141 -0.08916113525629044 0.013285386376082897
v -0.0438297837972641 -0.08740296214818954 0.010907428339123726
v -0.043525874614715576 -0.09142175316810608 0.015334077179431915
v -0.038061533123254776 -0.07061771303415298 0.027997080236673355
v -0.03571352735161781 -0.068643718957901 0.027301844209432602
v -0.037881482392549515 -0.06657841801643372 0.02695450372993946
v -0.04065971076488495 -0.07018300145864487 0.027781464159488678
v -0.03752555698156357 -0.0729212611913681 0.027234753593802452
v -0.03475707769393921 -0.07131242752075195 0.02641473151743412
v -0.0395599789917469 -0.08001462370157242 -0.02343137189745903
v -0.03754996880888939 -0.08219290524721146 -0.02228168398141861
v -0.03995242714881897 -0.08394569903612137 -0.021918950602412224
v -0.04116024821996689 -0.08223579823970795 -0.02152312733232975
v -0.03899838402867317 -0.07754001766443253 -0.02190171740949154
v -0.04074276238679886 -0.07507303357124329 -0.02377965673804283
v -0.04077373072504997 -0.07714539766311646 -0.02528006210923195
v -0.040557920932769775 -0.07883108407258987 -0.027034075930714607
v -0.03962404653429985 -0.07932218909263611 -0.01957334391772747
v -0.03877706825733185 -0.0731365978717804 -0.04247407242655754
v -0.03808768838644028 -0.07156477868556976 -0.0429610013961792
v -0.038909874856472015 -0.07277677953243256 -0.04507177323102951
v -0.03940930962562561 -0.07436720281839371 -0.04366352781653404
v -0.03828277811408043 -0.07426458597183228 -0.04092002660036087
v -0.03689827769994736 -0.07223981618881226 -0.04068141058087349
v -0.039109740406274796 -0.07625821977853775 -0.04204529523849487
v -0.03927082195878029 -0.07606952637434006 -0.04476900398731232
v -0.03878040611743927 -0.07561444491147995 -0.04639183357357979
v -0.037649765610694885 -0.07915680855512619 -0.04542119428515434
v -0.03872453421354294 -0.07819485664367676 -0.043573856353759766
v -0.03995678573846817 -0.07096076011657715 0.023661402985453606
v -0.041909556835889816 -0.07028457522392273 0.024997305124998093
v -0.03977814316749573 -0.06634876877069473 0.024605192244052887
v -0.042303282767534256 -0.07953374087810516 0.00972667708992958
v -0.041875116527080536 -0.08017886430025101 0.013134732842445374
v -0.03976672887802124 -0.08182915300130844 0.014469153247773647
v -0.03882156312465668 -0.08069971948862076 0.012400687672197819
v -0.03786013275384903 -0.08025137335062027 0.01061316765844822
v -0.04069864749908447 -0.07944076508283615 0.007480638101696968
v -0.043828219175338745 -0.07900594919919968 0.003797718323767185
v -0.04496210813522339 -0.07739122211933136 0.005041052121669054
v -0.04535973072052002 -0.07992074638605118 0.010283800773322582
v -0.04365285113453865 -0.08156731724739075 0.013834976591169834
v -0.04314980283379555 -0.08643025159835815 -0.02334863319993019
v -0.04504647105932236 -0.08495450019836426 -0.023499779403209686
v -0.042981430888175964 -0.08277370035648346 -0.019652526825666428
v -0.04030783846974373 -0.08082373440265656 -0.017533423379063606
v -0.04616669937968254 -0.0856746956706047 -0.02143522910773754
v -0.04178033024072647 -0.08250270038843155 0.016771748661994934
v -0.03921756148338318 -0.08113199472427368 0.018252026289701462
v -0.03766371309757233 -0.08109620958566666 0.016436537727713585
v -0.04468049108982086 -0.08545811474323273 0.017670199275016785
v -0.04391143471002579 -0.08536834269762039 0.02034308947622776
v -0.04107550531625748 -0.08384352177381516 0.01912751980125904
v -0.045536719262599945 -0.08469173312187195 0.014312099665403366
v -0.04229831323027611 -0.07435482740402222 -0.0271246749907732
v -0.04306420311331749 -0.0724131315946579 -0.025144990533590317
v -0.040487371385097504 -0.07336818426847458 -0.027881793677806854
v -0.03970739245414734 -0.07633749395608902 -0.028578776866197586
v -0.041741691529750824 -0.0772523581981659 -0.028243886306881905
v -0.04723358526825905 -0.10287602990865707 0.017506439238786697
v -0.0459049828350544 -0.10090726613998413 0.016910573467612267
v -0.046997904777526855 -0.09975400567054749 0.018839502707123756
v -0.04875227063894272 -0.10179153829813004 0.0193447507917881
v -0.04883766919374466 -0.10173093527555466 0.01620001718401909
v -0.04800396412611008 -0.09935957938432693 0.015486388467252254
v -0.05097918212413788 -0.10078495740890503 0.01770389825105667
v -0.046779878437519073 -0.09477374702692032 0.014796299859881401
v -0.044149406254291534 -0.09780758619308472 0.016365746036171913
v -0.041948385536670685 -0.09330902248620987 0.01656286045908928
v -0.05074527859687805 -0.09811703860759735 0.016149578616023064
v -0.05020352825522423 -0.09434636682271957 0.013962460681796074
v -0.04119635000824928 -0.07083887606859207 -0.029113013297319412
v -0.03924434632062912 -0.0697842389345169 -0.028935670852661133
v -0.03833768516778946 -0.07249097526073456 -0.028035134077072144
v -0.04312196373939514 -0.07013312727212906 -0.02927687019109726
v -0.040461618453264236 -0.06745696812868118 -0.029695311561226845
v -0.04632972925901413 -0.0901075229048729 -0.016602741554379463
v -0.04444911330938339 -0.08784698694944382 -0.015028677880764008
v -0.047541543841362 -0.08767632395029068 -0.012113695964217186
v -0.048299700021743774 -0.09151174128055573 -0.015765586867928505
v -0.04533551633358002 -0.09206711500883102 -0.01775331236422062
v -0.04240916669368744 -0.08913582563400269 -0.01663326658308506
v -0.04813990741968155 -0.09536682069301605 -0.017446162179112434
v -0.04716278612613678 -0.09555097669363022 -0.022207684814929962
v -0.04657004028558731 -0.09745591878890991 -0.02040714956820011
v -0.04859799146652222 -0.09938253462314606 -0.021820902824401855
v -0.049147628247737885 -0.09643063694238663 -0.02386046200990677
v -0.04547099024057388 -0.09175923466682434 -0.022140277549624443
v -0.04436695575714111 -0.09315621107816696 -0.019987737759947777
v -0.046934522688388824 -0.09092625975608826 -0.024827254936099052
v -0.048151351511478424 -0.09834010899066925 0.02018372341990471
v -0.04562031477689743 -0.09673468768596649 0.018623199313879013
v -0.04716306924819946 -0.09532143175601959 0.020566262304782867
v -0.049515530467033386 -0.09424173086881638 0.022026926279067993
v -0.05000089108943939 -0.09898659586906433 0.02101447992026806
v -0.042218998074531555 -0.0687023177742958 -0.02622079849243164
v -0.04145407676696777 -0.07065392285585403 -0.02500872313976288
v -0.039916276931762695 -0.06861642748117447 -0.02534734457731247
v -0.04069777578115463 -0.06681235879659653 -0.02674957923591137
v -0.044351767748594284 -0.06852294504642487 -0.026843899860978127
v -0.04197465255856514 -0.06518862396478653 -0.02829633094370365
v -0.04815731942653656 -0.0871809795498848 0.008218099363148212
v -0.0473904088139534 -0.09015988558530807 0.012113885954022408
v -0.046698011457920074 -0.08588194102048874 0.0054424842819571495
v -0.042742177844047546 -0.08590967208147049 0.00887113343924284
v -0.050205670297145844 -0.09003520011901855 0.01126154512166977
v -0.05144641548395157 -0.0873536542057991 0.007755045313388109
v -0.04461310803890228 -0.08523481339216232 -0.010009150952100754
v -0.046997103840112686 -0.08429045975208282 -0.005842131096869707
v -0.04939030855894089 -0.08569075167179108 -0.007300643716007471
v -0.05199599266052246 -0.08646341413259506 -0.00809308048337698
v -0.05100158601999283 -0.08856350928544998 -0.01209145039319992
v -0.050921931862831116 -0.09200990945100784 -0.015715844929218292
v -0.046532511711120605 -0.09885621815919876 -0.017754096537828445
v -0.05100051686167717 -0.10051269084215164 -0.020005054771900177
v -0.05238192528486252 -0.09561843425035477 -0.023785488680005074
v -0.04893021658062935 -0.07405495643615723 -0.0030699707567691803
v -0.049736276268959045 -0.07617595791816711 0.0015296170022338629
v -0.04627238214015961 -0.07655864208936691 0.0012611574493348598
v -0.04571884498000145 -0.07612431049346924 -0.0019529025303199887
v -0.04365110769867897 -0.07698782533407211 -0.005221688188612461
v -0.04543324559926987 -0.07602564990520477 -0.0069478475488722324
v -0.053990788757801056 -0.07299653440713882 -0.0022499363403767347
v -0.05437144264578819 -0.07399392873048782 0.00014398751955013722
v -0.05062970146536827 -0.07527343183755875 -0.0058121751062572
v -0.05460625886917114 -0.07420972734689713 -0.004221773240715265
v -0.047566983848810196 -0.07711584120988846 -0.008447556756436825
v -0.050903767347335815 -0.08607984334230423 0.00041625613812357187
v -0.04806625843048096 -0.08357442915439606 0.0008420291705988348
v -0.045517317950725555 -0.08379295468330383 0.004248546902090311
v -0.052420273423194885 -0.08757155388593674 0.0028229146264493465
v -0.05733702331781387 -0.08954119682312012 -0.000049975697038462386
v -0.05658866837620735 -0.08819659799337387 -0.0034958054311573505
v -0.05351841822266579 -0.08674094825983047 -0.0051728058606386185
v -0.05058867484331131 -0.08560100197792053 -0.0035204587038606405
v -0.04831794276833534 -0.08369693160057068 -0.002389152068644762
v -0.05574233457446098 -0.07611311972141266 0.0014815410831943154
v -0.052045099437236786 -0.0782695934176445 0.0034303294960409403
v -0.05817727744579315 -0.08496280759572983 -0.0045355334877967834
v -0.055461134761571884 -0.08536040782928467 -0.006290240213274956
v -0.0626724436879158 -0.08661423623561859 -0.0032687876373529434
v -0.06215309351682663 -0.08357756584882736 -0.003868455532938242
v -0.06295190751552582 -0.08809734135866165 -0.0006977154407650232
v -0.06376387178897858 -0.08189798891544342 0.0010209950851276517
v -0.061457559466362 -0.08321066200733185 0.0013652002671733499
v -0.061197429895401 -0.08035091310739517 0.0008855428313836455
v -0.06402810662984848 -0.07930068671703339 0.00040437543066218495
v -0.06631608307361603 -0.07876934856176376 0.0003754585632123053
v -0.06529973447322845 -0.08275903016328812 0.001087387790903449
v -0.062019288539886475 -0.08556285500526428 0.0010300232097506523
v -0.0633598268032074 -0.07096865028142929 -0.0028414542321115732
v -0.06164237856864929 -0.07153048366308212 -0.003159652929753065
v -0.06264854222536087 -0.07344215363264084 -0.0037739728577435017
v -0.06450575590133667 -0.07237362116575241 -0.003035146277397871
v -0.06393358111381531 -0.06956572830677032 -0.0018363955896347761
v -0.06129167228937149 -0.06994310766458511 -0.0019230121979489923
v -0.06568916887044907 -0.07155466079711914 -0.0017909692833200097
v -0.06345784664154053 -0.0709238350391388 -0.0007680795388296247
v -0.06174222007393837 -0.07130878418684006 -0.00069171137874946
v -0.06457073986530304 -0.07231428474187851 -0.0004488053382374346
v -0.06260335445404053 -0.07324367016553879 -0.0004486144462134689
v -0.06530459225177765 -0.08185362815856934 -0.004111547023057938
v -0.0671466588973999 -0.08304325491189957 -0.0034501180052757263
v -0.0680389478802681 -0.07828311622142792 -0.0034856873098760843
v -0.06497025489807129 -0.07911711186170578 -0.004223122727125883
v -0.06388172507286072 -0.07609109580516815 -0.004201488569378853
v -0.06071281433105469 -0.07757557183504105 -0.004764709156006575
v -0.06155107915401459 -0.080586276948452 -0.004369113128632307
v -0.06614753603935242 -0.07496959716081619 -0.003207061206921935
v -0.06890449672937393 -0.07835810631513596 -0.0006960256723687053
v -0.06744655221700668 -0.07425342500209808 -0.0014746938832104206
v -0.06596925854682922 -0.07477109134197235 -0.00001072658778866753
v -0.06371821463108063 -0.07580181956291199 -0.00011955466470681131
v -0.0607234425842762 -0.07699620723724365 0.00043966807425022125
v -0.059780776500701904 -0.07429239153862 0.00021404896688181907
v -0.056950852274894714 -0.07859816402196884 0.0020442332606762648
v -0.05880579724907875 -0.07220464199781418 -0.00030021232669241726
v -0.058367013931274414 -0.0715000182390213 -0.0019947150722146034
v -0.05888085812330246 -0.07274851202964783 -0.003562117461115122
v -0.05546317994594574 -0.07639108598232269 -0.005261253099888563
v -0.059783440083265305 -0.07484346628189087 -0.004490571562200785
v -0.056657787412405014 -0.07904184609651566 -0.00549994595348835
v -0.05184030532836914 -0.07777628302574158 -0.0065618413500487804
v -0.05341695621609688 -0.08045396953821182 -0.0066305180080235004
v -0.0550960972905159 -0.08289866149425507 -0.006671883165836334
v -0.057865653187036514 -0.0819661095738411 -0.005085188429802656
v -0.05126473307609558 -0.08199308812618256 -0.008981551975011826
v -0.053172703832387924 -0.08409268409013748 -0.009022470563650131
v -0.05425368621945381 -0.0861712247133255 -0.00882913451641798
v -0.05201256275177002 -0.08554880321025848 -0.013197406195104122
v -0.05322109907865524 -0.08783895522356033 -0.012770949862897396
v -0.05068162828683853 -0.08759209513664246 -0.01867019198834896
v -0.052013248205184937 -0.09034165740013123 -0.017401931807398796
v -0.05016713589429855 -0.08866973966360092 -0.022435486316680908
v -0.05190008878707886 -0.09322059899568558 -0.021060559898614883
v -0.05147317796945572 -0.09597591310739517 -0.018169136717915535
v -0.050257906317710876 -0.0886709913611412 -0.025414932519197464
v -0.04768240451812744 -0.08544590324163437 -0.018181229010224342
v -0.04471731185913086 -0.08288367092609406 -0.01690702699124813
v -0.04953336715698242 -0.0838548019528389 -0.012954765930771828
v -0.047095365822315216 -0.08163458108901978 -0.012641391716897488
v -0.044978223741054535 -0.0794856920838356 -0.012018359266221523
v -0.042289577424526215 -0.0806911364197731 -0.015293154865503311
v -0.049302179366350174 -0.07952076941728592 -0.008857310749590397
v -0.040213435888290405 -0.07929306477308273 -0.01316447090357542
v -0.04295280948281288 -0.07884882390499115 -0.010124200023710728
v -0.04122631251811981 -0.07827446609735489 -0.008333169855177402
v -0.03834977746009827 -0.07887314260005951 -0.01090873684734106
v -0.04153063893318176 -0.08026254177093506 -0.008169276639819145
v -0.04256781190633774 -0.08322722464799881 -0.008720196783542633
v -0.044173650443553925 -0.079583078622818 -0.004694335162639618
v -0.04521297290921211 -0.08220032602548599 -0.004898370243608952
v -0.045790720731019974 -0.07880896329879761 -0.0018603908829391003
v -0.046706005930900574 -0.08143927156925201 -0.0019174632616341114
v -0.045838892459869385 -0.07877353578805923 0.0008540754206478596
v -0.04685644805431366 -0.08114980161190033 0.0008707820670679212
v -0.044839248061180115 -0.08139610290527344 0.0038101342506706715
v -0.04092663154006004 -0.08176740258932114 0.006925075314939022
v -0.041751399636268616 -0.08393009752035141 0.0075902193784713745
v -0.036993008106946945 -0.08169999718666077 0.009742227382957935
v -0.035588428378105164 -0.07974541932344437 0.012438952922821045
v -0.034500084817409515 -0.08096916973590851 0.011466057039797306
v -0.036338143050670624 -0.08045485615730286 0.014363892376422882
v -0.05777619034051895 -0.08157909661531448 0.0021503593306988478
v -0.05484809726476669 -0.08270086348056793 0.004429239314049482
v -0.05364377796649933 -0.0803481712937355 0.0042350455187261105
v -0.05272752791643143 -0.08423598855733871 0.007697341497987509
v -0.05099596828222275 -0.08245319128036499 0.007292866241186857
v -0.04936997964978218 -0.08023101091384888 0.006881628185510635
v -0.04939066618680954 -0.08467306196689606 0.011380783282220364
v -0.047101542353630066 -0.08267881721258163 0.010620096698403358
v -0.047360844910144806 -0.07825177162885666 0.0060026333667337894
v -0.048436857759952545 -0.08690014481544495 0.015322952531278133
v -0.05134718865156174 -0.08902523666620255 0.01593150943517685
v -0.051569268107414246 -0.09148173034191132 0.019556468352675438
v -0.04832099378108978 -0.08782918751239777 0.019108453765511513
v -0.05148635059595108 -0.08647609502077103 0.011837040074169636
v -0.05192042142152786 -0.08867944031953812 0.011505735106766224
v -0.05187983438372612 -0.09227469563484192 0.015119657851755619
v -0.05350146442651749 -0.08634976297616959 0.007760592736303806
v -0.055386170744895935 -0.08500338345766068 0.0044459751807153225
v -0.054084986448287964 -0.08632807433605194 0.0038463470991700888
v -0.05821540951728821 -0.0843474492430687 0.002318143844604492
v -0.057915955781936646 -0.08664406836032867 0.0015942893223837018
v -0.05204487964510918 -0.09588345140218735 0.01818951591849327
v -0.052292365580797195 -0.09807340800762177 0.02039070427417755
v -0.0520193949341774 -0.09248847514390945 0.022257108241319656
v -0.046164970844984055 -0.08942494541406631 0.02308427169919014
v -0.04826787859201431 -0.08747053891420364 0.022493237629532814
v -0.04227474704384804 -0.0864081159234047 0.02157110534608364
v -0.044747889041900635 -0.0908052995800972 0.02080441825091839
v -0.04157116636633873 -0.0877964124083519 0.019815092906355858
v -0.03892997279763222 -0.08617280423641205 0.019227059558033943
v -0.03995129466056824 -0.08491165935993195 0.02017097920179367
v -0.04043974727392197 -0.08900444209575653 0.01811620593070984
v -0.037990204989910126 -0.0872572585940361 0.01779201813042164
v -0.03575378656387329 -0.08608851581811905 0.0180169977247715
v -0.03945489227771759 -0.0900871530175209 0.01648849807679653
v -0.043327681720256805 -0.09208094328641891 0.018549278378486633
v -0.06754977256059647 -0.08388012647628784 -0.0005298975738696754
v -0.043689653277397156 -0.09411144256591797 -0.018019072711467743
v -0.04077673703432083 -0.09038203954696655 -0.017620235681533813
v -0.04134716838598251 -0.08919371664524078 -0.01948089897632599
v -0.03857388719916344 -0.08666343241930008 -0.01878717727959156
v -0.0422307625412941 -0.0877445787191391 -0.02134760469198227
v -0.03908805549144745 -0.0854744017124176 -0.020562073215842247
v -0.03636389598250389 -0.0841316357254982 -0.02068794146180153
v -0.03572149574756622 -0.0856926441192627 -0.018962787464261055
v -0.03300563991069794 -0.08620106428861618 -0.02002151496708393
v -0.03236941248178482 -0.08639104664325714 -0.017889536917209625
v -0.028904590755701065 -0.08486980944871902 -0.01676923781633377
v -0.03199991211295128 -0.08441135287284851 -0.015611454844474792
v -0.03819893300533295 -0.06398441642522812 -0.028149928897619247
v -0.037187233567237854 -0.06625020503997803 -0.02869962528347969
v -0.036539170891046524 -0.06880548596382141 -0.02810530550777912
v -0.03347969800233841 -0.07068656384944916 -0.02674049325287342
v -0.03592155501246452 -0.07149972021579742 -0.02736431546509266
v -0.03272563964128494 -0.07315904647111893 -0.0275069922208786
v -0.03500876575708389 -0.07408855110406876 -0.02766950987279415
v -0.037397198379039764 -0.07531386613845825 -0.028164682909846306
v -0.03419358283281326 -0.0755363181233406 -0.029399286955595016
v -0.03643018752336502 -0.07707320153713226 -0.029674967750906944
v -0.038838665932416916 -0.07850131392478943 -0.03005828522145748
v -0.04112310707569122 -0.07944109290838242 -0.03009929694235325
v -0.03588557243347168 -0.07735014706850052 -0.03201388195157051
v -0.03817196935415268 -0.07895328104496002 -0.032532501965761185
v -0.03582572937011719 -0.07625086605548859 -0.034760210663080215
v -0.037558481097221375 -0.07825430482625961 -0.03530992567539215
v -0.035922419279813766 -0.07436604797840118 -0.03799067810177803
v -0.03748815879225731 -0.0764288678765297 -0.03853472322225571
v -0.03380638360977173 -0.074733667075634 -0.0345010869204998
v -0.034112367779016495 -0.07265204191207886 -0.037889402359724045
v -0.03516537696123123 -0.07061299681663513 -0.04112425446510315
v -0.031840912997722626 -0.07246043533086777 -0.038558229804039
v -0.033044058829545975 -0.07070500403642654 -0.04211026802659035
v -0.0315302349627018 -0.07466885447502136 -0.03490104153752327
v -0.02984183467924595 -0.07589098811149597 -0.03580218181014061
v -0.031587447971105576 -0.07545419782400131 -0.03175054490566254
v -0.029525119811296463 -0.07625898718833923 -0.03218267485499382
v -0.028883375227451324 -0.07847342640161514 -0.03683256357908249
v -0.028407040983438492 -0.08168809860944748 -0.03823060914874077
v -0.02671917900443077 -0.08671124279499054 -0.03484632819890976
v -0.028661265969276428 -0.08491253852844238 -0.03976045921444893
v -0.03108103945851326 -0.08083953708410263 -0.044083137065172195
v -0.03130080923438072 -0.08751160651445389 -0.039851684123277664
v -0.03349166363477707 -0.08276665210723877 -0.04427863284945488
v -0.03542972356081009 -0.0783301293849945 -0.04647807031869888
v -0.033531807363033295 -0.07679180800914764 -0.0459093302488327
v -0.03626343980431557 -0.08301864564418793 -0.0426492802798748
v -0.02871273085474968 -0.08995388448238373 -0.03501449525356293
v -0.031993865966796875 -0.07472312450408936 -0.029304103925824165
v -0.03381683677434921 -0.07577269524335861 -0.031716905534267426
v -0.04008425399661064 -0.07288146764039993 -0.023090962320566177
v -0.038716819137334824 -0.07060479372739792 -0.02327359840273857
v -0.03852531313896179 -0.07515333592891693 -0.020594585686922073
v -0.03691886365413666 -0.07291031628847122 -0.020457100123167038
v -0.033567287027835846 -0.06354949623346329 0.02478324994444847
v -0.034884240478277206 -0.06530871242284775 0.022958306595683098
v -0.029470527544617653 -0.06261596828699112 0.020412109792232513
v -0.032106392085552216 -0.06660638004541397 0.025129569694399834
v -0.027917226776480675 -0.06639928370714188 0.01598026230931282
v -0.03142010420560837 -0.0694151446223259 0.02497953735291958
v -0.033626943826675415 -0.07408079504966736 0.02633235976099968
v -0.03648725152015686 -0.07565206289291382 0.027352159842848778
v -0.035042114555835724 -0.07816232740879059 0.02820628136396408
v -0.03228460252285004 -0.07626598328351974 0.02727225236594677
v -0.03361128270626068 -0.07884487509727478 0.030412767082452774
v -0.031096983700990677 -0.07708188891410828 0.029304232448339462
v -0.03318319469690323 -0.07743639498949051 0.03338029608130455
v -0.03082827292382717 -0.07597959041595459 0.03221873193979263
v -0.028058137744665146 -0.07515576481819153 0.03161365166306496
v -0.031290341168642044 -0.07310191541910172 0.03607172891497612
v -0.02852088212966919 -0.07264873385429382 0.03586660698056221
v -0.02604343555867672 -0.0740753635764122 0.036436595022678375
v -0.026664583012461662 -0.07111138105392456 0.04113294556736946
v -0.02785043977200985 -0.07060763239860535 0.04467862471938133
v -0.03342008590698242 -0.07460837066173553 0.03721502795815468
v -0.03490383177995682 -0.07903781533241272 0.034730371087789536
v -0.03583425283432007 -0.08010534197092056 0.03134199604392052
v -0.03181319311261177 -0.08458810299634933 0.014427930116653442
v -0.029059357941150665 -0.0832139328122139 0.014904544688761234
v -0.0258233193308115 -0.091005340218544 0.028189605101943016
v -0.023992590606212616 -0.09193561226129532 0.030008405447006226
v -0.026640720665454865 -0.08971623331308365 0.03482144698500633
v -0.028280090540647507 -0.08652107417583466 0.040683645755052567
v -0.024317074567079544 -0.0882568359375 0.03512851893901825
v -0.02546791173517704 -0.08479283004999161 0.04074558988213539
v -0.026597823947668076 -0.07965376228094101 0.04497080296278
v -0.02933424338698387 -0.08131837099790573 0.04519806429743767
v -0.023196760565042496 -0.08577768504619598 0.03467854857444763
v -0.02218320034444332 -0.09064542502164841 0.030712058767676353
v -0.02128618210554123 -0.08819199353456497 0.030814368277788162
v -0.02144729718565941 -0.08508385717868805 0.030108977109193802
v -0.02323683723807335 -0.08286944031715393 0.0336960144340992
v -0.018935970962047577 -0.09048086404800415 0.027887336909770966
v -0.018670817837119102 -0.08702413737773895 0.027647119015455246
v -0.020237784832715988 -0.0927942544221878 0.027591846883296967
v -0.019019700586795807 -0.09559755027294159 0.02534334920346737
v -0.02091195061802864 -0.09683562815189362 0.025171129032969475
v -0.022113177925348282 -0.0941203311085701 0.027145875617861748
v -0.023771487176418304 -0.0935148373246193 0.025368349626660347
v -0.022557538002729416 -0.09626328945159912 0.023575739935040474
v -0.023244110867381096 -0.09451999515295029 0.021027596667408943
v -0.024118829518556595 -0.09753338992595673 0.01997688040137291
v -0.0264158695936203 -0.09477999806404114 0.01668323576450348
v -0.0286761075258255 -0.09705813974142075 0.01647590473294258
v -0.02586275152862072 -0.10007967799901962 0.019911151379346848
v -0.02484302967786789 -0.0921551063656807 0.01771727204322815
v -0.02981664426624775 -0.0999186635017395 0.015993336215615273
v -0.02692212164402008 -0.10282392054796219 0.019284101203083992
v -0.027612263336777687 -0.10158983618021011 0.014406292699277401
v -0.029556844383478165 -0.10010506957769394 0.010763215832412243
v -0.025557970628142357 -0.10066583752632141 0.009618687443435192
v -0.024012016132473946 -0.10246945172548294 0.012742497958242893
v -0.032327353954315186 -0.09823179244995117 0.01181465107947588
v -0.03326383978128433 -0.09709935635328293 0.005941278766840696
v -0.030552666634321213 -0.09905990213155746 0.005482405889779329
v -0.031536757946014404 -0.09480917453765869 0.012478639371693134
v -0.03225303441286087 -0.0939977839589119 0.006648813374340534
v -0.03153563290834427 -0.09347248822450638 -0.0009594876901246607
v -0.032095637172460556 -0.09605912119150162 -0.0013062249636277556
v -0.03220894932746887 -0.09590455889701843 -0.007693829946219921
v -0.030163295567035675 -0.09808099269866943 -0.007667620200663805
v -0.029968900606036186 -0.09794043004512787 -0.001397047541104257
v -0.03133046627044678 -0.09316713362932205 -0.007902971468865871
v -0.030762868002057076 -0.09411580115556717 -0.0134692108258605
v -0.032218173146247864 -0.09686828404664993 -0.013223961926996708
v -0.03042462468147278 -0.09950985014438629 -0.017395243048667908
v -0.028986698016524315 -0.09679265320301056 -0.01765989325940609
v -0.02681800350546837 -0.09477949142456055 -0.017441732808947563
v -0.027238618582487106 -0.09980811178684235 -0.007892495952546597
v -0.027197860181331635 -0.09988472610712051 -0.0016334153478965163
v -0.026911800727248192 -0.10021091252565384 0.004946904256939888
v -0.02295934408903122 -0.10212530940771103 -0.0021724230609834194
v -0.022014103829860687 -0.10225759446620941 0.0037886088248342276
v -0.020180361345410347 -0.10269855707883835 0.007923525758087635
v -0.017163719981908798 -0.10737509280443192 0.002672784961760044
v -0.019436025992035866 -0.1049744188785553 0.010937570594251156
v -0.017851227894425392 -0.10667632520198822 -0.003071398474276066
v -0.012158257886767387 -0.11298222094774246 -0.004130736459046602
v -0.011553480289876461 -0.11354079097509384 0.0019011956173926592
v -0.008291851729154587 -0.11844941973686218 -0.005108572077006102
v -0.007624363526701927 -0.11877989768981934 0.0019303921144455671
v -0.010007831268012524 -0.11786696314811707 0.00829073041677475
v -0.0053949374705553055 -0.1219106987118721 0.002211460843682289
v -0.008000006899237633 -0.12056631594896317 0.009518474340438843
v -0.012340867891907692 -0.11603183299303055 0.014861516654491425
v -0.013334464281797409 -0.11407426744699478 0.013168002478778362
v -0.0058746058493852615 -0.12225093692541122 0.010795325972139835
v -0.011307918466627598 -0.11726782470941544 0.01694227196276188
v -0.003315689042210579 -0.12148462980985641 0.011727258563041687
v -0.00954846478998661 -0.11583798378705978 0.0186761561781168
v -0.0026392992585897446 -0.11842762678861618 0.011066841892898083
v -0.008408218622207642 -0.11297737807035446 0.017455657944083214
v -0.001757737249135971 -0.11490214616060257 0.010280687361955643
v -0.0072882333770394325 -0.11010903865098953 0.016436992213129997
v 0.00043200142681598663 -0.10941760241985321 0.009588255546987057
v -0.004891866818070412 -0.1045341044664383 0.015447404235601425
v 0.003020990639925003 -0.1038590744137764 0.009563859552145004
v -0.0022326521575450897 -0.09918262809515 0.016205279156565666
v 0.00555509515106678 -0.10035371780395508 0.010321250185370445
v -0.000512387603521347 -0.09600313752889633 0.017414553090929985
v 0.007452413439750671 -0.0983634889125824 0.011025295592844486
v 0.0006614848971366882 -0.09407463669776917 0.018693000078201294
v 0.008677216246724129 -0.09571553021669388 0.011151568964123726
v 0.0014332449063658714 -0.09142805635929108 0.018855566158890724
v 0.007282627746462822 -0.09325838088989258 0.01013246551156044
v 0.00040564127266407013 -0.08943256735801697 0.01729314588010311
v 0.005245556123554707 -0.09175138175487518 0.009070728905498981
v -0.001103241927921772 -0.08866772800683975 0.015555686317384243
v -0.008121575228869915 -0.08338660001754761 0.01801072619855404
v 0.007082875818014145 -0.09317702800035477 0.00042679443140514195
v 0.0032893968746066093 -0.09138210862874985 0.00005497446909430437
v 0.00952969491481781 -0.09491966664791107 0.0005792644806206226
v 0.008215883746743202 -0.09422939270734787 -0.00875577051192522
v 0.010665139183402061 -0.09640639275312424 0.0006797900423407555
v 0.009301627054810524 -0.09566077589988708 -0.00970047153532505
v 0.005204007029533386 -0.09399337321519852 -0.017008928582072258
v 0.004119261167943478 -0.09163039177656174 -0.015743767842650414
v 0.009480379521846771 -0.09915510565042496 0.0007631841581314802
v 0.008863424882292747 -0.09936334937810898 -0.009143412113189697
v 0.004089510068297386 -0.0966280922293663 -0.016467388719320297
v 0.006984446197748184 -0.10169582068920135 -0.008585028350353241
v 0.002706177532672882 -0.0991055965423584 -0.015474132262170315
v 0.005133258178830147 -0.1059880256652832 -0.008187769912183285
v 0.0007065292447805405 -0.103254534304142 -0.014460456557571888
v 0.002791576087474823 -0.11172912269830704 -0.007803158834576607
v -0.0013900082558393478 -0.10929623991250992 -0.014364058151841164
v 0.0011688172817230225 -0.1170896515250206 -0.007826725021004677
v -0.003272734582424164 -0.11425816267728806 -0.01478774193674326
v 0.000053087249398231506 -0.12078052014112473 -0.0077966805547475815
v -0.0043485090136528015 -0.11756811290979385 -0.015541844069957733
v -0.0011471398174762726 -0.12374628335237503 -0.007618370931595564
v -0.00563138909637928 -0.12042223662137985 -0.01597718335688114
v -0.012660653330385685 -0.11402659863233566 -0.020999165251851082
v -0.007920056581497192 -0.12025582045316696 -0.014213627204298973
v -0.01423403900116682 -0.11492501944303513 -0.018772168084979057
v -0.009619999676942825 -0.11903581768274307 -0.012678627856075764
v -0.014541412703692913 -0.11441130936145782 -0.01690998114645481
v -0.01994108408689499 -0.1085778996348381 -0.018058665096759796
v -0.0038928762078285217 -0.12344755977392197 -0.0067085265181958675
v -0.005874119699001312 -0.12145926803350449 -0.005926224403083324
v -0.0031389035284519196 -0.12362087517976761 0.00247563561424613
v -0.00035168789327144623 -0.12377402931451797 0.002432644134387374
v 0.0007441900670528412 -0.12094884365797043 0.0019389380468055606
v 0.0017813630402088165 -0.11730876564979553 0.001428163144737482
v 0.003644706681370735 -0.11197927594184875 0.0009346581064164639
v 0.005899988114833832 -0.10631249099969864 0.0007334825349971652
v 0.008381137624382973 -0.1025712862610817 0.0008680809405632317
v -0.002111394889652729 -0.08747893571853638 -0.01993013545870781
v -0.008566047996282578 -0.08262693136930466 -0.017526572570204735
v -0.01449156366288662 -0.08117499947547913 -0.012966291047632694
v -0.00936017744243145 -0.0828590989112854 -0.013544369488954544
v -0.015034488402307034 -0.08074833452701569 -0.008040342479944229
v -0.00972252432256937 -0.08311494439840317 -0.008205899968743324
v -0.015352083370089531 -0.08007621765136719 -0.0012988914968445897
v -0.009893106296658516 -0.0836615264415741 -0.0014784096274524927
v -0.0027188528329133987 -0.08821681141853333 -0.0008040466345846653
v -0.0153171606361866 -0.08003144711256027 0.005998567212373018
v -0.018477126955986023 -0.07798629999160767 -0.001005325699225068
v -0.018035389482975006 -0.07758250832557678 0.0062747071497142315
v -0.02049681916832924 -0.07648363709449768 -0.0008063256973400712
v -0.019626589491963387 -0.07555695623159409 0.006567964795976877
v -0.02232331782579422 -0.07599655538797379 -0.0005189268267713487
v -0.021696684882044792 -0.07493901252746582 0.007071411702781916
v -0.020449087023735046 -0.07486089318990707 0.012356963008642197
v -0.01937795616686344 -0.07771261781454086 0.01825571618974209
v -0.01825089380145073 -0.07645191997289658 0.016238035634160042
v -0.021109415218234062 -0.0787830501794815 0.019387738779187202
v -0.02364388480782509 -0.0779319554567337 -0.000037799527490278706
v -0.024167388677597046 -0.07817182689905167 -0.007677332032471895
v -0.022639412432909012 -0.07641266286373138 -0.007847798056900501
v -0.02047578990459442 -0.07666641473770142 -0.007854633033275604
v -0.020134329795837402 -0.07701630145311356 -0.013036665506660938
v -0.018229719251394272 -0.07830718904733658 -0.0078780148178339
v -0.017962060868740082 -0.07910860329866409 -0.012584767304360867
v -0.022816818207502365 -0.10155949741601944 -0.008094590157270432
v -0.02037026546895504 -0.07989641278982162 -0.021771322935819626
v -0.011089757084846497 0.04515650123357773 0.007444556802511215
v -0.010197446681559086 0.04776420444250107 0.009065520949661732
v -0.008720234036445618 0.049227550625801086 0.007997500710189342
v -0.00963355228304863 0.04798271879553795 0.0063471063040196896
v -0.011482714675366879 0.0437002032995224 0.009517562575638294
v -0.010735973715782166 0.046396639198064804 0.010539520531892776
v -0.010795315727591515 0.04751742631196976 0.004577657673507929
v -0.01212245598435402 0.044990476220846176 0.005157789681106806
v -0.01234888844192028 0.041057340800762177 0.0068220291286706924
v -0.013073930516839027 0.0401880145072937 0.008814794942736626
v -0.013132946565747261 0.04169236868619919 0.0049839806742966175
v -0.017720215022563934 0.030130047351121902 0.008009159937500954
v -0.015219971537590027 0.03562925010919571 0.007812950760126114
v -0.01718151569366455 0.03490200638771057 0.005665028467774391
v -0.01928565837442875 0.03145446255803108 0.005875059869140387
v -0.016483383253216743 0.03035239689052105 0.010873866267502308
v -0.014367816969752312 0.03492038697004318 0.010274950414896011
v -0.018592562526464462 0.025511212646961212 0.009809509851038456
v -0.017004191875457764 0.02598600648343563 0.011450846679508686
v -0.01827028952538967 0.027572771534323692 0.005957682617008686
v -0.017910920083522797 0.024682380259037018 0.0075646741315722466
v -0.019721347838640213 0.0286096278578043 0.004404549021273851
v -0.012759310193359852 0.039749689400196075 -0.007454137783497572
v -0.013995325192809105 0.03895711898803711 -0.005480263847857714
v -0.0125836580991745 0.04320807382464409 -0.003852240275591612
v -0.011684387922286987 0.04407566785812378 -0.005663694813847542
v -0.011521564796566963 0.04314926266670227 -0.008572578430175781
v -0.010970227420330048 0.04139678180217743 -0.00994886364787817
v -0.01165887713432312 0.038169004023075104 -0.008993422612547874
v -0.011132650077342987 0.045701101422309875 -0.007089870981872082
v -0.012840677984058857 0.03397660702466965 -0.009564288891851902
v -0.014256106689572334 0.034367069602012634 -0.008275141939520836
v -0.01543502602726221 0.03449524939060211 -0.006775295361876488
v -0.004872538149356842 0.044985800981521606 -0.015515448525547981
v -0.005504022352397442 0.043485600501298904 -0.01279644574970007
v -0.007489736657589674 0.045318588614463806 -0.012716659344732761
v -0.007965822704136372 0.046561095863580704 -0.015225863084197044
v -0.0019020522013306618 0.045136623084545135 -0.013458994217216969
v -0.0036484040319919586 0.043801307678222656 -0.011356168426573277
v -0.0028214221820235252 0.04669030010700226 -0.017244359478354454
v -0.0008055940270423889 0.04649505019187927 -0.015865318477153778
v -0.009074442088603973 0.04744601622223854 -0.017945926636457443
v -0.006620462518185377 0.04596319422125816 -0.018504295498132706
v -0.004594734404236078 0.047119781374931335 -0.01940060593187809
v -0.010920736938714981 0.04826413094997406 -0.03104669786989689
v -0.010764721781015396 0.04699373617768288 -0.02938055247068405
v -0.011141832917928696 0.04920049011707306 -0.028607536107301712
v -0.01096168253570795 0.0502396821975708 -0.030627213418483734
v -0.009387098252773285 0.04852862283587456 -0.03162260353565216
v -0.008537894114851952 0.0477096252143383 -0.030014924705028534
v -0.008908928371965885 0.0506293959915638 -0.03160574659705162
v -0.00740697979927063 0.049901124089956284 -0.030126400291919708
v -0.007170080207288265 0.05847720056772232 0.018906082957983017
v -0.006474093534052372 0.059801872819662094 0.016163498163223267
v -0.008430153131484985 0.06197905167937279 0.01550889853388071
v -0.009528866037726402 0.06089409440755844 0.017318401485681534
v -0.009018518961966038 0.05862504988908768 0.02063421532511711
v -0.008288986049592495 0.05686033517122269 0.022602276876568794
v -0.006466350518167019 0.05622156709432602 0.02195753902196884
v -0.004367435351014137 0.05378541722893715 0.021253645420074463
v -0.004416205920279026 0.05610843002796173 0.018374228850007057
v -0.004162087105214596 0.05747079849243164 0.016060400754213333
v -0.01041230745613575 0.0606316514313221 0.019174301996827126
v 0.00836285948753357 0.03316909447312355 0.010773766785860062
v 0.0069893961772322655 0.03315582126379013 0.011119844391942024
v 0.0063875652849674225 0.03275191783905029 0.008159145712852478
v 0.00843619741499424 0.03306715190410614 0.008664943277835846
v 0.010533885098993778 0.03351776301860809 0.009341277182102203
v 0.009915598668158054 0.03299098089337349 0.01198496762663126
v 0.008908797055482864 0.03284116089344025 0.013429996557533741
v -0.002645027358084917 0.057986512780189514 0.009380994364619255
v -0.001651704777032137 0.060194339603185654 0.011126996949315071
v 0.00018230872228741646 0.05854875221848488 0.011089876294136047
v -0.0003453916870057583 0.05614468827843666 0.009879215620458126
v -0.0012041470035910606 0.051869798451662064 0.008719799108803272
v -0.002932016272097826 0.053792621940374374 0.0075805592350661755
v -0.0045290980488061905 0.06156781688332558 0.010352354496717453
v -0.0031158318743109703 0.06295508146286011 0.011543730273842812
v -0.005176563747227192 0.056948188692331314 0.009464340284466743
v -0.006253187544643879 0.06005631759762764 0.010953252203762531
v -0.00499151274561882 0.053948163986206055 0.007644799537956715
v -0.013584170490503311 0.03790130466222763 0.00626668194308877
v -0.014605353586375713 0.037794023752212524 0.004639956168830395
v -0.022247323766350746 0.03604725003242493 0.0027019267436116934
v -0.02252132073044777 0.039395637810230255 0.0015850730706006289
v -0.02847810462117195 0.03733301907777786 0.001069835969246924
v -0.02854570560157299 0.034310825169086456 0.001666165655478835
v -0.028674406930804253 0.03085261397063732 0.0020929723978042603
v -0.02392267994582653 0.03195571526885033 0.003470873460173607
v -0.01834079436957836 0.03890349715948105 0.002459244104102254
v -0.01755642332136631 0.041766125708818436 0.002400315599516034
v -0.021095404401421547 0.03190276026725769 0.00461110845208168
v -0.019104477018117905 0.03519050404429436 0.004119440447539091
v -0.01627231016755104 0.03824463114142418 0.0030038778204470873
v -0.0007920139469206333 0.04802235960960388 0.008816011250019073
v -0.0028978739865124226 0.045495279133319855 0.007083044853061438
v -0.0032787336967885494 0.048357877880334854 0.00654200091958046
v -0.003974593710154295 0.050467222929000854 0.005827007815241814
v 0.0014473116025328636 0.05258580297231674 0.010140573605895042
v 0.0013543730601668358 0.04932430386543274 0.010156667791306973
v 0.0017979070544242859 0.055691901594400406 0.010461073368787766
v -0.015306815505027771 0.026281191036105156 0.010842029936611652
v -0.014057856984436512 0.024554545059800148 0.010885627008974552
v -0.01261206716299057 0.027756009250879288 0.010477816686034203
v -0.014350362122058868 0.029316674917936325 0.010723489336669445
v -0.015541400760412216 0.02297986112535 0.011314545758068562
v -0.006488185375928879 0.05548121780157089 0.03122566267848015
v -0.006303580477833748 0.055388376116752625 0.029433561488986015
v -0.008419893682003021 0.05499233677983284 0.029163401573896408
v -0.008375205099582672 0.05471640080213547 0.03113391064107418
v -0.00783701241016388 0.05393565073609352 0.03239065781235695
v -0.006113382522016764 0.05393471568822861 0.03205777332186699
v -0.005676819011569023 0.05350193381309509 0.029928376898169518
v -0.00911860354244709 0.04864901676774025 0.032086022198200226
v -0.009088297374546528 0.05024464428424835 0.03244762495160103
v -0.01001418475061655 0.050305962562561035 0.030657898634672165
v -0.009562481194734573 0.04808435216546059 0.03064735047519207
v -0.0076599870808422565 0.047267816960811615 0.030966348946094513
v -0.00791996344923973 0.048399876803159714 0.03225254639983177
v -0.007117792032659054 0.04989813640713692 0.03261549025774002
v -0.009064193814992905 0.04861435294151306 0.02176678366959095
v -0.00685711158439517 0.046814244240522385 0.021887540817260742
v -0.007458588108420372 0.04666049778461456 0.025444358587265015
v -0.00943449605256319 0.04799601808190346 0.02544521726667881
v -0.007686866447329521 0.04753577709197998 0.018359551206231117
v -0.005743053276091814 0.04626896604895592 0.018775101751089096
v -0.010584752075374126 0.050530362874269485 0.020011134445667267
v -0.009655075147747993 0.04908547177910805 0.017592910677194595
v -0.010220575146377087 0.05141294002532959 0.023543160408735275
v -0.01076548546552658 0.052932173013687134 0.021729588508605957
v -0.010031305253505707 0.05058099702000618 0.02601110190153122
v 0.00012992904521524906 0.04461444914340973 0.014611264690756798
v 0.0018033748492598534 0.04708550125360489 0.015463752672076225
v -0.0006816750392317772 0.04836089536547661 0.016962777823209763
v -0.002212818246334791 0.04638224095106125 0.016644921153783798
v 0.004063389729708433 0.043463148176670074 0.014514660462737083
v 0.005076408386230469 0.04598058760166168 0.014568375423550606
v -0.004414962604641914 0.04538732022047043 0.01612226851284504
v -0.0034130504354834557 0.04371245205402374 0.013631340116262436
v -0.0016194484196603298 0.042335499078035355 0.01207179855555296
v 0.0005948350299149752 0.04290800169110298 0.01279250904917717
v 0.003279630560427904 0.04211634397506714 0.013211836107075214
v -0.012620126828551292 0.018768310546875 0.011732541024684906
v -0.011257692240178585 0.020222224295139313 0.011605287902057171
v -0.01331348903477192 0.021347105503082275 0.01153265219181776
v -0.014662900939583778 0.019635751843452454 0.011699705384671688
v -0.012388776987791061 0.016802247613668442 0.010760078206658363
v -0.009520725347101688 0.018515342846512794 0.011013247072696686
v -0.014862862415611744 0.018641624599695206 0.010097416117787361
v -0.012180082499980927 0.018471883609890938 0.009629623033106327
v -0.013641913421452045 0.019744165241718292 0.00897170789539814
v -0.01217663660645485 0.021146105602383614 0.008676650002598763
v -0.010799151845276356 0.019701166078448296 0.009740546345710754
v -0.013783271424472332 0.06352738291025162 0.014419415034353733
v -0.014637457206845284 0.06275179982185364 0.016640154644846916
v -0.012302154675126076 0.06218164041638374 0.017835034057497978
v -0.011645598337054253 0.062197037041187286 0.015921562910079956
v -0.010039964690804482 0.06358502805233002 0.01450746413320303
v -0.01112824771553278 0.06466445326805115 0.01319799106568098
v -0.010721428319811821 0.06267909705638885 0.012567982077598572
v -0.013316545635461807 0.06118316948413849 0.01265814807265997
v -0.015707161277532578 0.05909181386232376 0.0131001528352499
v -0.016109377145767212 0.061412662267684937 0.014157155528664589
v -0.016429154202342033 0.06073286756873131 0.015839237719774246
v -0.0162410419434309 0.05783188343048096 0.015255452133715153
v -0.014845067635178566 0.04218662157654762 0.0036807749420404434
v -0.03858864679932594 0.021156994625926018 0.001158226397819817
v -0.038092587143182755 0.019478898495435715 0.00031158365891315043
v -0.03583167865872383 0.02213386259973049 0.00025231391191482544
v -0.03715372830629349 0.023632002994418144 0.0015943098114803433
v -0.04030420258641243 0.021206602454185486 0.000965409679338336
v -0.04056987911462784 0.01841791905462742 0.00025700716651044786
v -0.03943667933344841 0.024514108896255493 0.0015054678078740835
v -0.016124630346894264 0.04726935550570488 0.0006893198005855083
v -0.012510977685451508 0.048711784183979034 -0.0005620350711978972
v -0.014186043292284012 0.0465548001229763 -0.002507483819499612
v -0.017439916729927063 0.04538557305932045 -0.0018541337922215462
v -0.017092501744627953 0.044446852058172226 0.0020659202709794044
v -0.014013946056365967 0.04519942030310631 0.003589042229577899
v -0.012657021172344685 0.04771648719906807 0.0027403468266129494
v -0.010616426356136799 0.04899011552333832 0.0014923197450116277
v -0.040206458419561386 0.016890158876776695 -0.0015387972816824913
v -0.04124080017209053 0.017831765115261078 -0.003059897804632783
v -0.03845875337719917 0.019300077110528946 -0.00353263970464468
v -0.03776923194527626 0.017856085672974586 -0.001659770612604916
v -0.04250602051615715 0.018951795995235443 -0.0009444174356758595
v -0.04265572875738144 0.020275689661502838 -0.0022526346147060394
v -0.04222939535975456 0.021562878042459488 0.000001475948806728411
v -0.04255109652876854 0.022298935800790787 -0.0020296424627304077
v -0.04132699593901634 0.02031952515244484 -0.0038111272733658552
v -0.04091642051935196 0.02308734320104122 -0.004163575358688831
v -0.03636589273810387 0.03640007600188255 -0.0029544008430093527
v -0.033756107091903687 0.03722783178091049 -0.0024960513692349195
v -0.03370537608861923 0.034796543419361115 -0.0033707551192492247
v -0.036968301981687546 0.03427629917860031 -0.003861821023747325
v -0.039423953741788864 0.03445368632674217 -0.003218053374439478
v -0.03753805533051491 0.03748472034931183 -0.0023231746163219213
v -0.03405602276325226 0.03916545957326889 -0.0014523841673508286
v -0.010761545971035957 0.02072620391845703 -0.007459992542862892
v -0.00994579866528511 0.01988641917705536 -0.008904707618057728
v -0.009223110973834991 0.023373804986476898 -0.008425001055002213
v -0.010175788775086403 0.023039693012833595 -0.006438922137022018
v -0.012258469127118587 0.022574901580810547 -0.0057802628725767136
v -0.012330800294876099 0.01950889080762863 -0.006974011193960905
v -0.012192602269351482 0.01767769269645214 -0.009048648178577423
v 0.01167520135641098 0.06027235463261604 -0.0133938267827034
v 0.01448976993560791 0.06071539595723152 -0.014492110349237919
v 0.013943769037723541 0.06070380657911301 -0.016406511887907982
v 0.010442852973937988 0.060816455632448196 -0.014260747469961643
v 0.008870541118085384 0.061947647482156754 -0.011345997452735901
v 0.011679835617542267 0.06102151423692703 -0.0111412163823843
v 0.01486581563949585 0.06061622500419617 -0.01196179911494255
v -0.007123773451894522 0.05169697105884552 -0.029859397560358047
v -0.006566104479134083 0.05204349383711815 -0.028178850188851357
v -0.006825841497629881 0.04972361400723457 -0.0279425997287035
v -0.008337222039699554 0.05287795886397362 -0.030672524124383926
v -0.007434293162077665 0.054225221276283264 -0.028528114780783653
v -0.010316852480173111 0.05284671112895012 -0.027443576604127884
v -0.009694430977106094 0.05288762226700783 -0.025927025824785233
v -0.008662670850753784 0.05468415096402168 -0.025746919214725494
v -0.00960119441151619 0.0543917641043663 -0.028121452778577805
v -0.010577726177871227 0.052601490169763565 -0.02986820600926876
v -0.010944116860628128 0.051282454282045364 -0.02805747464299202
v -0.010340036824345589 0.05082547664642334 -0.026180000975728035
v 0.006443952210247517 0.03948082774877548 0.01452778372913599
v 0.012791411951184273 0.03775646165013313 0.017592834308743477
v 0.01354200392961502 0.039919231086969376 0.016898566856980324
v 0.008230430074036121 0.041683197021484375 0.014757835306227207
v 0.006899312138557434 0.036328162997961044 0.015037312172353268
v 0.012193257920444012 0.035076744854450226 0.018383709713816643
v 0.0031361179426312447 0.04354653134942055 0.011509726755321026
v 0.004530709236860275 0.04129481315612793 0.010677735321223736
v 0.004834232851862907 0.03747124969959259 0.0113105159252882
v -0.03729701042175293 0.023828016594052315 -0.004327170550823212
v -0.04069603979587555 0.026427969336509705 -0.004225760232657194
v -0.037416983395814896 0.027453888207674026 -0.00465511716902256
v -0.03355146571993828 0.028958920389413834 -0.003933753818273544
v -0.03305811062455177 0.026548951864242554 -0.0035162800922989845
v -0.03214097023010254 0.024251781404018402 -0.0029667143244296312
v -0.03573542833328247 0.02174864336848259 -0.0033738964702934027
v -0.0015868311747908592 0.0546761080622673 -0.009408228099346161
v -0.0035549579188227654 0.05161459743976593 -0.007316019851714373
v -0.003014795947819948 0.04932960495352745 -0.007987181656062603
v -0.0010888278484344482 0.05135410651564598 -0.009589698165655136
v -0.0036937138065695763 0.0558149628341198 -0.008318438194692135
v -0.004787167068570852 0.05309237167239189 -0.00671133678406477
v 0.0011026021093130112 0.05254288390278816 -0.010555216111242771
v 0.0011751139536499977 0.05554038658738136 -0.010506019927561283
v 0.0014704223722219467 0.058430060744285583 -0.010696330107748508
v -0.000653446651995182 0.058750398457050323 -0.010515701957046986
v -0.0027062641456723213 0.05990694835782051 -0.00962534174323082
v -0.005749613046646118 0.0586901418864727 -0.009170768782496452
v -0.00622857129201293 0.055228035897016525 -0.00864073820412159
v -0.0034083183854818344 0.06282564997673035 -0.010161916725337505
v -0.005608552135527134 0.06183158978819847 -0.009321616031229496
v -0.002423628233373165 0.06167872995138168 -0.012907159514725208
v -0.003601980395615101 0.0631948858499527 -0.012918759137392044
v -0.0009040837176144123 0.060419194400310516 -0.012894305400550365
v -0.013803856447339058 0.022449659183621407 -0.011963902972638607
v -0.012329980731010437 0.021437373012304306 -0.011812619864940643
v -0.013918386772274971 0.018970144912600517 -0.01193978637456894
v -0.015332145616412163 0.021398555487394333 -0.011762991547584534
v -0.013451498001813889 0.024858679622411728 -0.011530359275639057
v -0.011268330737948418 0.024342820048332214 -0.01123075745999813
v -0.01559341512620449 0.024824339896440506 -0.011358102783560753
v -0.017797525972127914 0.02711939439177513 -0.0033598002046346664
v -0.01710139960050583 0.024432919919490814 -0.005022767931222916
v -0.014574284665286541 0.025372549891471863 -0.004502915311604738
v -0.014853401109576225 0.027954235672950745 -0.0028822068125009537
v -0.014800384640693665 0.03009795770049095 -0.0010230733314529061
v -0.017193954437971115 0.028591863811016083 -0.0006454333779402077
v -0.019431523978710175 0.02723587304353714 -0.005811289884150028
v -0.01758008636534214 0.0264202319085598 -0.0066279461607337
v -0.020545758306980133 0.02838222309947014 -0.0026298509910702705
v -0.02137150429189205 0.028306221589446068 -0.005007855594158173
v -0.020125260576605797 0.028411172330379486 0.0003680705849546939
v -0.01685510203242302 0.05643129721283913 -0.013992134481668472
v -0.01539427600800991 0.054906945675611496 -0.014629438519477844
v -0.014596236869692802 0.055959299206733704 -0.012794051319360733
v -0.016413941979408264 0.05804068222641945 -0.012831900268793106
v -0.01850447617471218 0.05653408169746399 -0.014782697893679142
v -0.016912581399083138 0.05400049686431885 -0.01610260270535946
v -0.018319398164749146 0.05973058193922043 -0.013433132320642471
v 0.009843212552368641 0.060904424637556076 0.011038223281502724
v 0.01034009363502264 0.06150254234671593 0.009192910976707935
v 0.00828484259545803 0.06197421997785568 0.008298349566757679
v 0.008123951032757759 0.061052411794662476 0.011052435263991356
v 0.0112347062677145 0.05982232093811035 0.012625336647033691
v 0.012102516368031502 0.060128580778837204 0.010476783849298954
v 0.009270541369915009 0.059787504374980927 0.01443805918097496
v -0.008765117265284061 0.06360594928264618 0.012171105481684208
v -0.007532151415944099 0.06239229440689087 0.011726574040949345
v -0.009781274944543839 0.0607454851269722 0.01226087473332882
v -0.008406026288866997 0.06531161814928055 0.01212520245462656
v -0.00619894452393055 0.06415414810180664 0.011150426231324673
v -0.0068621449172496796 0.06308658421039581 -0.010941986925899982
v -0.007433280348777771 0.06121762469410896 -0.01090458407998085
v -0.005721828900277615 0.06395509093999863 -0.010095536708831787
v -0.007686113938689232 0.06412943452596664 -0.011425125412642956
v -0.009292613714933395 0.062282390892505646 -0.011705944314599037
v -0.006226108409464359 0.06539349257946014 -0.010854612104594707
v -0.00624657329171896 0.06788353621959686 -0.012866206467151642
v -0.0064399586990475655 0.06774590164422989 -0.011392788961529732
v -0.004491731524467468 0.06722861528396606 -0.010704506188631058
v -0.005323225632309914 0.06650349497795105 -0.012868876568973064
v -0.008132586255669594 0.06730084121227264 -0.013322094455361366
v -0.008456853218376637 0.06725603342056274 -0.012126215733587742
v -0.007411062717437744 0.06573453545570374 -0.013865062035620213
v -0.017284229397773743 0.06194556877017021 -0.01717970333993435
v -0.018794197589159012 0.061513982713222504 -0.015541823580861092
v -0.01650431379675865 0.06423824280500412 -0.014616206288337708
v -0.015224280767142773 0.06378963589668274 -0.01695038005709648
v -0.016720358282327652 0.05968322232365608 -0.017924364656209946
v -0.018612120300531387 0.05806770175695419 -0.016793634742498398
v -0.014227481558918953 0.06112896278500557 -0.01754063181579113
v -0.023759035393595695 0.027668636292219162 0.0000228458102355944
v -0.0237411018460989 0.028020789846777916 -0.0022153558675199747
v -0.021381815895438194 0.028976019471883774 0.0031834442634135485
v -0.02409164421260357 0.02903076633810997 0.0022797035053372383
v -0.01817774400115013 0.028544221073389053 0.0025331699289381504
v -0.01619885489344597 0.029188986867666245 0.001478040823712945
v -0.005185866728425026 0.06377658247947693 0.013460434041917324
v -0.003902241587638855 0.062261708080768585 0.013204761780798435
v -0.004943100735545158 0.06534028053283691 0.012391134165227413
v -0.0067756688222289085 0.06317770481109619 0.014176766388118267
v -0.005444904789328575 0.06105887517333031 0.014300798997282982
v -0.007685481570661068 0.06519842892885208 0.01349735353142023
v -0.006119422614574432 0.049179233610630035 0.030838385224342346
v -0.006418650038540363 0.05513180047273636 0.024832412600517273
v -0.005359176080673933 0.053116533905267715 0.02497003600001335
v -0.0019335071556270123 0.05215207114815712 0.01871766708791256
v -0.0017620110884308815 0.05425706505775452 0.017293959856033325
v -0.0040370705537498 0.05054512247443199 0.022025279700756073
v -0.0024412134662270546 0.049644872546195984 0.019236715510487556
v -0.00496774772182107 0.05068967118859291 0.02536862902343273
v -0.008555574342608452 0.05232653021812439 0.03261857107281685
v -0.006470161490142345 0.051913414150476456 0.03254932910203934
v -0.009572338312864304 0.05266338959336281 0.030884893611073494
v -0.011169573292136192 0.022629600018262863 0.008680583909153938
v -0.009821947664022446 0.02221768908202648 0.009332824498414993
v -0.011522439308464527 0.02478705905377865 0.007482743356376886
v -0.009556379169225693 0.02569657377898693 0.008155040442943573
v -0.013330958783626556 0.023261072114109993 0.007246890105307102
v -0.008844239637255669 0.0485324002802372 0.0002018535160459578
v -0.00772272702306509 0.046329546719789505 0.000475383538287133
v -0.007482630200684071 0.046593569219112396 -0.0014764966908842325
v -0.007958253845572472 0.04905960336327553 -0.001656783977523446
v -0.00950547493994236 0.04886665567755699 -0.0029972121119499207
v -0.010789020918309689 0.04946380481123924 -0.0017302362248301506
v -0.007543754763901234 0.04889044165611267 0.0023365302477031946
v -0.006903312634676695 0.04675963521003723 0.002382536418735981
v -0.009091097861528397 0.048166580498218536 0.003358665620908141
v -0.006910935044288635 0.06631253659725189 -0.011397911235690117
v -0.00834133941680193 0.06571438908576965 -0.011829383671283722
v 0.004334405530244112 0.044829607009887695 -0.010702078230679035
v 0.002559118438512087 0.0465412400662899 -0.011909089982509613
v 0.002156964037567377 0.044296763837337494 -0.013518398627638817
v 0.0037318854592740536 0.04266047477722168 -0.013433363288640976
v 0.006370069459080696 0.04501206427812576 -0.007871482521295547
v 0.006953135132789612 0.049445267766714096 -0.006969220470637083
v 0.004903231747448444 0.04941839352250099 -0.009280329570174217
v 0.003088759258389473 0.04971625283360481 -0.010818062350153923
v 0.0050135524943470955 0.040647953748703 -0.011189660988748074
v 0.005999896675348282 0.040735144168138504 -0.008453009650111198
v 0.00507138017565012 0.040178243070840836 -0.013695957139134407
v -0.000988552812486887 0.04618162661790848 -0.011147445999085903
v -0.002463722135871649 0.044802866876125336 -0.009727304801344872
v 0.0004614810459315777 0.04499756544828415 -0.013569625094532967
v 0.0006832850631326437 0.046906013041734695 -0.012014147825539112
v 0.0012663397938013077 0.045977022498846054 -0.01550180185586214
v -0.01675240322947502 0.026590686291456223 -0.008495577611029148
v -0.016368016600608826 0.02515004761517048 -0.007783940993249416
v -0.01665005460381508 0.029460230842232704 -0.007362403441220522
v -0.017681289464235306 0.02499161660671234 -0.010337489657104015
v -0.01659264788031578 0.02377026341855526 -0.00902837049216032
v -0.015772340819239616 0.029415570199489594 -0.009175990708172321
v -0.011950145475566387 0.01783772185444832 -0.01143964659422636
v -0.010393122211098671 0.02029009908437729 -0.011139332316815853
v -0.014819023199379444 0.018193606287240982 -0.009775333106517792
v 0.009913155809044838 0.056667957454919815 0.015865672379732132
v 0.014867208898067474 0.05677101016044617 0.01764337159693241
v 0.014570232480764389 0.058835987001657486 0.0166922640055418
v 0.006542271934449673 0.058016594499349594 0.012755175121128559
v 0.006820665672421455 0.05618907883763313 0.014252157881855965
v 0.006057410500943661 0.05915424972772598 0.010171494446694851
v 0.004334564320743084 0.06004813313484192 -0.012131252326071262
v 0.006227574311196804 0.061925288289785385 -0.009466147050261497
v 0.006709594279527664 0.06083936244249344 -0.013802625238895416
v 0.005917149595916271 0.05825183168053627 -0.014910141006112099
v 0.003290331456810236 0.05811113119125366 -0.014246789738535881
v 0.003650764934718609 0.05870535224676132 -0.010107818059623241
v 0.0055801840499043465 0.05929606035351753 -0.00846219714730978
v 0.03131517022848129 0.060108840465545654 0.005978136323392391
v 0.02712685987353325 0.05982688069343567 0.008586722426116467
v 0.028443917632102966 0.06018500402569771 0.01206992194056511
v 0.03376183658838272 0.06063057854771614 0.007307588122785091
v 0.035581350326538086 0.060307182371616364 0.0005889709573239088
v 0.03180411458015442 0.06033146381378174 0.000997549737803638
v 0.026426680386066437 0.06031425669789314 0.002705369843170047
v 0.00855201855301857 0.032575495541095734 -0.015615368261933327
v 0.010460213758051395 0.03239887207746506 -0.016617275774478912
v 0.010705724358558655 0.03245651721954346 -0.014863112941384315
v 0.008380739018321037 0.03266531601548195 -0.014220843091607094
v 0.007249576039612293 0.03307069092988968 -0.016551220789551735
v 0.009984955191612244 0.03345091640949249 -0.01851172186434269
v 0.006327347829937935 0.032984137535095215 -0.01438662875443697
v -0.016113489866256714 0.059812031686306 0.019221924245357513
v -0.015776094049215317 0.057751987129449844 0.019518764689564705
v -0.01435529813170433 0.059504274278879166 0.02039705403149128
v -0.015281704254448414 0.06090419739484787 0.019711138680577278
v -0.016830364242196083 0.06024886667728424 0.01783958077430725
v -0.016500864177942276 0.05724206939339638 0.017421841621398926
v -0.015127552673220634 0.0624367818236351 0.018729181960225105
v -0.013029311783611774 0.06171718239784241 0.019923333078622818
v -0.039101094007492065 0.02097606658935547 -0.0041105966083705425
v -0.005976851098239422 0.04526133090257645 0.013455416075885296
v -0.006471199914813042 0.04357600584626198 0.011407467536628246
v -0.004866380710154772 0.0417957529425621 0.01179411169141531
v -0.0032216678373515606 0.04074728861451149 0.01094934344291687
v -0.006531402003020048 0.04652278125286102 0.015732677653431892
v 0.007181418128311634 0.059535231441259384 0.007506044115871191
v 0.007425863295793533 0.056797634810209274 0.007239667233079672
v 0.0059388019144535065 0.05642138794064522 0.009131581522524357
v -0.01255103200674057 0.039435975253582 0.010790734551846981
v -0.010691214352846146 0.049010999500751495 -0.014597758650779724
v -0.009608948603272438 0.04657701402902603 -0.012487323023378849
v -0.01099228672683239 0.04802117496728897 -0.01126158144325018
v -0.01129654049873352 0.050668828189373016 -0.012423037551343441
v -0.011820673942565918 0.04909035190939903 -0.017348388209939003
v -0.01027208287268877 0.04881582409143448 -0.020969798788428307
v -0.012243635952472687 0.0506579764187336 -0.01936507038772106
v -0.008141640573740005 0.046749625355005264 -0.021488131955266
v -0.010224681347608566 0.04868476837873459 -0.024027135223150253
v -0.009127702564001083 0.04680229350924492 -0.024443862959742546
v -0.011665983125567436 0.05305841565132141 -0.019686447456479073
v -0.010505881160497665 0.051813263446092606 -0.02155943773686886
v -0.010139808990061283 0.05108317360281944 -0.023883279412984848
v -0.00578107126057148 0.0548812672495842 -0.021909983828663826
v -0.00822959654033184 0.05561419948935509 -0.023233795538544655
v -0.008353136479854584 0.05660327523946762 -0.02115034870803356
v -0.006206332705914974 0.056311797350645065 -0.01932414621114731
v -0.004761030897498131 0.052408453077077866 -0.022539567202329636
v -0.005860419478267431 0.05231393501162529 -0.025675630196928978
v -0.006810057908296585 0.05433893948793411 -0.02561130002140999
v -0.0032680262811481953 0.054623670876026154 -0.018905077129602432
v -0.0030041271820664406 0.05226535350084305 -0.01978079415857792
v -0.003666326403617859 0.05603094398975372 -0.01697603240609169
v -0.012076589278876781 0.05129031091928482 0.016612693667411804
v -0.012640729546546936 0.05249404534697533 0.019450241699814796
v -0.010333973914384842 0.0490848682820797 0.014513801783323288
v -0.00866893120110035 0.04755432531237602 0.015367422252893448
v -0.014969680458307266 0.054320622235536575 0.017123332247138023
v -0.014433854259550571 0.05538640171289444 0.014821541495621204
v -0.011928094550967216 0.05328044295310974 0.014306914992630482
v -0.010711835697293282 0.05073269456624985 0.013029591180384159
v -0.014454185031354427 0.055141184478998184 0.019428115338087082
v -0.008542402647435665 0.05773429200053215 -0.01109855342656374
v -0.008408240042626858 0.054019976407289505 -0.009925276972353458
v -0.011250391602516174 0.05538056790828705 -0.011771107092499733
v -0.010470309294760227 0.05250246450304985 -0.010926829650998116
v -0.011095642112195492 0.060003068298101425 -0.011870266869664192
v -0.013067319989204407 0.05790538340806961 -0.01203994732350111
v 0.007975035347044468 0.06194102019071579 -0.005860456731170416
v 0.010084564797580242 0.062078412622213364 -0.006802794523537159
v 0.01227834727615118 0.06181398779153824 -0.007397206034511328
v 0.009091578423976898 0.06043475493788719 -0.01568966545164585
v -0.00499710300937295 0.039173632860183716 0.005778673570603132
v -0.005024115554988384 0.04273524135351181 0.0051209102384746075
v -0.0026651364751160145 0.04284612834453583 0.007875252515077591
v -0.0024972916580736637 0.04121112450957298 0.009280496276915073
v -0.0042846170254051685 0.038411203771829605 0.008111356757581234
v -0.007089910563081503 0.03783267363905907 0.0031447052024304867
v -0.00676641333848238 0.0411655455827713 0.003025379963219166
v -0.005900787655264139 0.03487765043973923 0.007641603704541922
v -0.006556908134371042 0.034305498003959656 0.005178716965019703
v -0.008130872622132301 0.034108057618141174 0.00289068347774446
v 0.005903275683522224 0.041278671473264694 0.007800615858286619
v 0.005434231832623482 0.037921659648418427 0.00788356363773346
v 0.005108625628054142 0.045731399208307266 0.009380728006362915
v 0.006671343930065632 0.04520021751523018 0.007452391088008881
v 0.0034612566232681274 0.046453237533569336 0.010666928254067898
v -0.01580783538520336 0.02157798409461975 -0.00870229210704565
v -0.01596086099743843 0.023050582036376 -0.006919616833329201
v -0.016934968531131744 0.020440462976694107 -0.01047612726688385
v 0.024880867451429367 0.03232227638363838 -0.009970326907932758
v 0.02052738144993782 0.03268267214298248 -0.011265824548900127
v 0.020936738699674606 0.03173832222819328 -0.014078236185014248
v 0.026763122528791428 0.031706567853689194 -0.0115664629265666
v 0.026315035298466682 0.03241242468357086 -0.00622766837477684
v 0.020476041361689568 0.032533951103687286 -0.006779523100703955
v 0.030494488775730133 0.03187156468629837 -0.006762990728020668
v 0.024173393845558167 0.060545433312654495 -0.0073985871858894825
v 0.025814760476350784 0.06069010868668556 -0.0033438527025282383
v 0.031296391040086746 0.06052067503333092 -0.00539282476529479
v 0.026652462780475616 0.06055639311671257 -0.010281836614012718
v 0.019529594108462334 0.06065530702471733 -0.008041556924581528
v 0.019815851002931595 0.06053580716252327 -0.0026489945594221354
v 0.020152799785137177 0.06072214990854263 -0.01239960826933384
v -0.03623713552951813 0.035911642014980316 0.0012456458061933517
v -0.03721238672733307 0.033532336354255676 0.001401358051225543
v -0.03379006311297417 0.03334809094667435 0.0010880487971007824
v -0.033377505838871 0.03635328635573387 0.0007817485020495951
v -0.033655162900686264 0.038684647530317307 0.0007240789709612727
v -0.03747568652033806 0.03726629540324211 0.0013285062741488218
v -0.03969316929578781 0.03406486660242081 0.0007895178277976811
v -0.008781660348176956 0.029660938307642937 0.005531623959541321
v -0.006679893471300602 0.030588584020733833 0.007867454551160336
v -0.007432859856635332 0.025751875713467598 0.008980474434792995
v -0.01181388832628727 0.027310065925121307 0.005142768379300833
v -0.01279901247471571 0.029374098405241966 0.0031279290560632944
v -0.01028827577829361 0.031167849898338318 0.0029647040646523237
v -0.0342116542160511 0.028538458049297333 0.0014034452615305781
v -0.032655246555805206 0.02559756301343441 0.000416935101384297
v -0.02820826880633831 0.02816898562014103 0.0011241741012781858
v -0.03798864409327507 0.029178906232118607 0.0015392644563689828
v -0.0033174846321344376 0.05843833461403847 -0.01508921105414629
v 0.0014226450584828854 0.06002035364508629 -0.012660200707614422
v 0.00028747087344527245 0.05819027125835419 -0.014405318535864353
v -0.0006006807088851929 0.05601566657423973 -0.015674158930778503
v -0.0065516456961631775 0.058097198605537415 -0.01780630648136139
v -0.007290856912732124 0.05985102429986 -0.016798609867691994
v -0.004665520042181015 0.06069182604551315 -0.014910683035850525
v 0.023573720827698708 0.03173774853348732 0.009780354797840118
v 0.025691555812954903 0.032055869698524475 0.005819645244628191
v 0.030132513493299484 0.03154248744249344 0.007321883924305439
v 0.025461401790380478 0.0310856644064188 0.012195343151688576
v 0.018980685621500015 0.03170374780893326 0.013940448872745037
v 0.0188446044921875 0.032375968992710114 0.010341781191527843
v 0.019584259018301964 0.03240355849266052 0.0054394835606217384
v 0.013066014274954796 0.04805200174450874 -0.016850600019097328
v 0.007295134477317333 0.05004775524139404 -0.015736490488052368
v 0.00844173040241003 0.053041599690914154 -0.01606549322605133
v 0.013884332031011581 0.05241616442799568 -0.01764783263206482
v 0.008382141590118408 0.04514150694012642 -0.01570574752986431
v 0.005299749784171581 0.047239385545253754 -0.015716219320893288
v 0.014987912029027939 0.04323930665850639 -0.01752645894885063
v 0.010069819167256355 0.04181791841983795 -0.01660785637795925
v -0.009465761482715607 0.031668417155742645 -0.0034829864744096994
v -0.010075419209897518 0.033648163080215454 -0.0011133397929370403
v -0.012424178421497345 0.03187955915927887 -0.001145065762102604
v -0.012208420783281326 0.02924976497888565 -0.0027824172284454107
v -0.012165280058979988 0.02603873610496521 -0.004298710264265537
v -0.009825368411839008 0.026928717270493507 -0.005042997654527426
v -0.008158431388437748 0.03238745778799057 -0.005997562315315008
v -0.0070221866481006145 0.036289893090724945 -0.005636454559862614
v -0.007728626485913992 0.03633566200733185 -0.0034060736652463675
v -0.008763025514781475 0.027749288827180862 -0.007196433376520872
v -0.008630698546767235 0.03675646334886551 -0.0011947694001719356
v -0.006418637000024319 0.04101274907588959 -0.004159713163971901
v -0.0063902526162564754 0.04472017660737038 -0.0037135533057153225
v -0.007589361630380154 0.04364480823278427 -0.0015034376410767436
v -0.00801115296781063 0.04025363177061081 -0.0014419375220313668
v -0.005663217045366764 0.03974469378590584 -0.006278611719608307
v -0.004071353003382683 0.04260971024632454 -0.007894904352724552
v -0.0043406179174780846 0.044452931731939316 -0.006606899667531252
v -0.004706287756562233 0.04693203791975975 -0.005890662781894207
v -0.002447685692459345 0.04698977246880531 -0.008577611297369003
v -0.0007799682207405567 0.04861794039607048 -0.010043785907328129
v 0.001007850281894207 0.04955143854022026 -0.011049027554690838
v 0.003461028914898634 0.053065430372953415 -0.010248121805489063
v 0.0036783269606530666 0.056076664477586746 -0.010085771791636944
v 0.005429252982139587 0.05329790338873863 -0.008652552030980587
v 0.005695960484445095 0.05653022602200508 -0.008420729078352451
v 0.007201949134469032 0.0534905381500721 -0.006208670791238546
v 0.0074426401406526566 0.05673485994338989 -0.005903249606490135
v 0.0074336109682917595 0.05941728129982948 -0.005732848774641752
v 0.00898082833737135 0.056575000286102295 -0.002556754508987069
v 0.00904766097664833 0.0590270534157753 -0.002286918694153428
v 0.009708347730338573 0.060942329466342926 -0.002126382663846016
v 0.011306127533316612 0.061671074479818344 -0.002233114093542099
v 0.009348999708890915 0.059009213000535965 0.0014162438455969095
v 0.009878544136881828 0.06095233932137489 0.0017168332124128938
v 0.011478631757199764 0.061476290225982666 0.002277982886880636
v 0.013261202722787857 0.061239246279001236 0.002826947718858719
v 0.013213284313678741 0.061589084565639496 -0.002441477496176958
v 0.009099431335926056 0.06177077814936638 0.005172397941350937
v 0.010929713025689125 0.06173691898584366 0.006197579205036163
v 0.01265924796462059 0.060790225863456726 0.007401673123240471
v 0.015650421380996704 0.05981643870472908 0.00858091190457344
v 0.01586752012372017 0.06088391691446304 0.0033431577030569315
v 0.015304099768400192 0.0590936578810215 0.012190594337880611
v 0.021112482994794846 0.059680093079805374 0.013551175594329834
v 0.020749475806951523 0.05975200980901718 0.009745530784130096
v 0.014938868582248688 0.05919460579752922 0.014717956073582172
v 0.021410994231700897 0.059955671429634094 0.01607947051525116
v 0.029551375657320023 0.060305505990982056 0.01419074460864067
v 0.021747782826423645 0.05992087349295616 0.01851479522883892
v 0.030751559883356094 0.0602862574160099 0.016326740384101868
v 0.0380050353705883 0.06056485325098038 0.009719274938106537
v 0.03581508621573448 0.06081964075565338 0.008455287665128708
v 0.022171806544065475 0.057092953473329544 0.01927763968706131
v 0.030956510454416275 0.05733388289809227 0.016704821959137917
v 0.03783746808767319 0.057404033839702606 0.009769793599843979
v 0.0406627431511879 0.05721954628825188 0.0004212359490338713
v 0.04036899656057358 0.06007802486419678 0.0004620115796569735
v 0.030406378209590912 0.054782696068286896 0.015747105702757835
v 0.03682207316160202 0.05489954352378845 0.009310189634561539
v 0.03988948464393616 0.05461672320961952 0.00038875438622199
v 0.037712257355451584 0.05480934679508209 -0.009029600769281387
v 0.03873949497938156 0.0573161281645298 -0.009439314715564251
v 0.035934995859861374 0.051996469497680664 0.0089155538007617
v 0.03909961134195328 0.05177934840321541 0.00037435314152389765
v 0.03677760437130928 0.05216926336288452 -0.008641833439469337
v 0.030484843999147415 0.05255639925599098 -0.015286264941096306
v 0.030849028378725052 0.05538611859083176 -0.016048453748226166
v 0.0381973497569561 0.04771587625145912 0.0003474252298474312
v 0.03592420741915703 0.04820926859974861 -0.008324451744556427
v 0.03028157353401184 0.04855777695775032 -0.015030006878077984
v 0.021848058328032494 0.04845784232020378 -0.01765241101384163
v 0.021855108439922333 0.052391670644283295 -0.01810605637729168
v 0.03553310036659241 0.043488018214702606 -0.008342363871634007
v 0.03023311123251915 0.04394439980387688 -0.014980367384850979
v 0.022329136729240417 0.043895743787288666 -0.01757775992155075
v 0.030440520495176315 0.03989047184586525 -0.015377223491668701
v 0.022622868418693542 0.039827607572078705 -0.018437614664435387
v 0.015234546735882759 0.03945498913526535 -0.01833386719226837
v 0.010385608300566673 0.03875402733683586 -0.017552277073264122
v 0.022663192823529243 0.03690880909562111 -0.01928139291703701
v 0.015001202002167702 0.03672105446457863 -0.019217856228351593
v 0.010146873071789742 0.036236636340618134 -0.018325988203287125
v 0.007432678714394569 0.03562796860933304 -0.01636110618710518
v 0.007496134378015995 0.03799005225300789 -0.015995264053344727
v 0.014683887362480164 0.03405333310365677 -0.01955602504312992
v 0.0224827378988266 0.03404294699430466 -0.019706057384610176
v 0.02201910689473152 0.03118780441582203 -0.018740827217698097
v 0.014482032507658005 0.032186202704906464 -0.018068265169858932
v 0.021502705290913582 0.031019024550914764 -0.016356755048036575
v 0.014516906812787056 0.03234109282493591 -0.01603671722114086
v 0.014562580734491348 0.033106088638305664 -0.014007095247507095
v 0.010702275671064854 0.0328141488134861 -0.012976005673408508
v 0.008285979740321636 0.03272734582424164 -0.012416660785675049
v 0.014585224911570549 0.03332892805337906 -0.011311973445117474
v 0.010887378826737404 0.033296987414360046 -0.010551211424171925
v 0.008481310680508614 0.032807763665914536 -0.010032583959400654
v 0.006240364164113998 0.03260604292154312 -0.00964666809886694
v 0.00636795349419117 0.03321005403995514 -0.012328773736953735
v 0.011326520703732967 0.03321531414985657 -0.006247248966246843
v 0.00912199541926384 0.03292164206504822 -0.005790030583739281
v 0.007157256826758385 0.032853737473487854 -0.005326845217496157
v 0.006878875195980072 0.034978657960891724 -0.005115804262459278
v 0.005510066635906696 0.0349406898021698 -0.009264634922146797
v 0.009627388790249825 0.032643646001815796 -0.0005712502170354128
v 0.007993463426828384 0.03321311995387077 -0.0004881155036855489
v 0.007939424365758896 0.03516923263669014 -0.00041040204814635217
v 0.008169700391590595 0.03750087320804596 -0.00027427723398432136
v 0.007362222298979759 0.03741513192653656 -0.005005311220884323
v 0.00715662632137537 0.032892171293497086 0.0041380333714187145
v 0.006531082093715668 0.03509732335805893 0.004023768473416567
v 0.006932880729436874 0.037679094821214676 0.004238036926835775
v 0.007446949370205402 0.04076847806572914 0.004424237180501223
v 0.008308041840791702 0.04050106555223465 -0.00011066799197578803
v 0.004935426637530327 0.03487234562635422 0.00785856880247593
v 0.004795698449015617 0.034254416823387146 0.011476636864244938
v 0.007015975192189217 0.03324690833687782 0.014877982437610626
v 0.01231318898499012 0.03248012438416481 0.017346175387501717
v 0.012797258794307709 0.03242979198694229 0.015406498685479164
v 0.019294515252113342 0.031250447034835815 0.016282035037875175
v 0.01961696147918701 0.031416550278663635 0.018548304215073586
v 0.013038994744420052 0.032839275896549225 0.013470159843564034
v 0.013494210317730904 0.03340346738696098 0.010363307781517506
v 0.011171327903866768 0.0330718457698822 0.004910988267511129
v 0.014144569635391235 0.0329856351017952 0.005304281134158373
v 0.011648464016616344 0.03259018063545227 -0.0006510583916679025
v 0.014684822410345078 0.032773856073617935 -0.0006650749128311872
v 0.020408492535352707 0.032620467245578766 -0.0005861035897396505
v 0.014672264456748962 0.03306806832551956 -0.0067060403525829315
v 0.02722332254052162 0.032270532101392746 -0.00023775950830895454
v 0.03193220496177673 0.03175242990255356 0.00011183412425452843
v 0.03326234221458435 0.031548477709293365 -0.00779707869514823
v 0.03478044271469116 0.0317390039563179 0.00026126435841433704
v 0.03265100345015526 0.03141961991786957 0.008528659120202065
v 0.037066441029310226 0.03183691203594208 0.00031790879438631237
v 0.0347292535007 0.031332530081272125 0.009541348554193974
v 0.028173226863145828 0.031138742342591286 0.0161138903349638
v 0.026913024485111237 0.030999386683106422 0.014246214181184769
v 0.03628600016236305 0.033587582409381866 0.010318845510482788
v 0.029034893959760666 0.03355775400996208 0.01706784963607788
v 0.020089566707611084 0.03414440155029297 0.019646141678094864
v 0.028910640627145767 0.03625015914440155 0.016265857964754105
v 0.020519213750958443 0.03680778294801712 0.018870515748858452
v 0.02874152362346649 0.03895381838083267 0.015378907322883606
v 0.020908307284116745 0.03923654183745384 0.01795528642833233
v 0.02886379137635231 0.04266847297549248 0.014747693203389645
v 0.021402515470981598 0.042735133320093155 0.017057301476597786
v 0.014521343633532524 0.04325321316719055 0.01636541821062565
v 0.021955061703920364 0.04735584557056427 0.016831006854772568
v 0.015316318720579147 0.047557856887578964 0.016263576224446297
v 0.01005643606185913 0.04811184108257294 0.014652934856712818
v 0.009269973263144493 0.04454216733574867 0.014535432681441307
v 0.005919092334806919 0.048755332827568054 0.014651529490947723
v 0.010409409180283546 0.051493287086486816 0.015017141588032246
v 0.006459379568696022 0.051492802798748016 0.014875533990561962
v 0.003382593858987093 0.051951196044683456 0.015213748440146446
v 0.0027223853394389153 0.04956968501210213 0.015409888699650764
v 0.000789380632340908 0.05285060778260231 0.016114095225930214
v 0.00024217995814979076 0.050665728747844696 0.01682235859334469
v 0.0038590654730796814 0.05423921346664429 0.014901097863912582
v 0.0012418236583471298 0.054768819361925125 0.015128890983760357
v -0.0015100548043847084 0.055642805993556976 0.015514417551457882
v 0.0017076889052987099 0.05648251250386238 0.014056180603802204
v -0.0009741634130477905 0.056831587105989456 0.013860232196748257
v -0.003407706506550312 0.05872573330998421 0.014167165383696556
v -0.00017642555758357048 0.05829092860221863 0.012671946547925472
v -0.0022267159074544907 0.05995969474315643 0.012836082838475704
v 0.002061428502202034 0.05790473148226738 0.012765642255544662
v 0.0020898045040667057 0.05793396010994911 0.011195828206837177
v 0.00404553534463048 0.0582311674952507 0.010940024629235268
v 0.004045394249260426 0.0559280663728714 0.01036720909178257
v 0.004221418406814337 0.05787343531847 0.012739122845232487
v 0.004178592935204506 0.056275781244039536 0.014094158075749874
v 0.006716575473546982 0.05403321608901024 0.015014557167887688
v 0.010427124798297882 0.05419475957751274 0.015476911328732967
v 0.015318745747208595 0.054337166249752045 0.017285440117120743
v 0.015493277460336685 0.051453374326229095 0.016831738874316216
v 0.022332441061735153 0.05157637968659401 0.017369313165545464
v 0.0224029328674078 0.05446857959032059 0.018420860171318054
v 0.02982226386666298 0.05189277231693268 0.014875668101012707
v 0.029189366847276688 0.04752163961529732 0.01439580786973238
v 0.03504781052470207 0.04767623916268349 0.008667638525366783
v 0.03476182743906975 0.04280960559844971 0.00893065519630909
v 0.03781178593635559 0.0431164875626564 0.0003702923422679305
v 0.035101547837257385 0.03925105556845665 0.009438141249120235
v 0.038084860891103745 0.039639562368392944 0.0004040593048557639
v 0.03575380891561508 0.03958181291818619 -0.00865537952631712
v 0.038365092128515244 0.03680366650223732 0.0003980166220571846
v 0.036305248737335205 0.036750782281160355 -0.009045233018696308
v 0.030781030654907227 0.036876942962408066 -0.015973113477230072
v 0.03663177788257599 0.03395108878612518 -0.009237111546099186
v 0.031201250851154327 0.033943090587854385 -0.016663772985339165
v 0.035395100712776184 0.03160696104168892 -0.00870260875672102
v 0.030444957315921783 0.030993567779660225 -0.015724143013358116
v 0.028824400156736374 0.030876629054546356 -0.013643486425280571
v 0.038818035274744034 0.03389798849821091 0.00038155115908011794
v 0.03579646348953247 0.03651468828320503 0.009981115348637104
v 0.005951094441115856 0.05331135541200638 0.008971077390015125
v 0.0038837562315165997 0.05299090966582298 0.010185318998992443
v 0.005671722814440727 0.04968307912349701 0.008959459140896797
v 0.003694315440952778 0.04971594735980034 0.010186729952692986
v 0.0012936899438500404 0.046390973031520844 0.010570887476205826
v 0.0010683764703571796 0.044143225997686386 0.01141306757926941
v -0.0007833954878151417 0.04318954423069954 0.010494435206055641
v -0.0006048865616321564 0.04515422135591507 0.00934884324669838
v 0.007526852190494537 0.05351535230875015 0.0071077789179980755
v 0.007407587021589279 0.04952409863471985 0.0072158947587013245
v 0.008846361190080643 0.05350640416145325 0.004564330447465181
v 0.008997807279229164 0.049273379147052765 0.0044812909327447414
v 0.008125219494104385 0.04470024257898331 0.004452093970030546
v 0.009073624387383461 0.04916634410619736 0.0006474291440099478
v 0.008480971679091454 0.04451889917254448 0.00021982959879096597
v 0.008341720327734947 0.04933438450098038 -0.003467325819656253
v 0.008414708077907562 0.044747184962034225 -0.004348323214799166
v 0.00783936120569706 0.04053834453225136 -0.004821353126317263
v 0.005913722328841686 0.03751951828598976 -0.00890269409865141
v 0.0052907029166817665 0.03747512027621269 -0.011733263731002808
v 0.005305210128426552 0.03501024842262268 -0.012206132523715496
v 0.005799046717584133 0.037548188120126724 -0.014080394059419632
v 0.005710044875741005 0.035195961594581604 -0.014478138647973537
v 0.00686472374945879 0.040605247020721436 -0.015731243416666985
v 0.005369270220398903 0.043171729892492294 -0.015560400672256947
v 0.003298549447208643 0.04493444040417671 -0.015537699684500694
v 0.0025491537526249886 0.048317212611436844 -0.01622055284678936
v 0.00030570197850465775 0.04885205999016762 -0.016886040568351746
v 0.001197206787765026 0.05146104842424393 -0.016965605318546295
v 0.0036926246248185635 0.050934892147779465 -0.016145378351211548
v 0.0017596445977687836 0.053851787000894547 -0.016334114596247673
v 0.004601813852787018 0.053488779813051224 -0.01592726819217205
v 0.0023672860115766525 0.05599277466535568 -0.015387016348540783
v 0.005238879472017288 0.05589340627193451 -0.015551874414086342
v 0.00858834758400917 0.05575373023748398 -0.016322080045938492
v 0.008572770282626152 0.058231353759765625 -0.016455968841910362
v 0.013182174414396286 0.05793590471148491 -0.018862416967749596
v 0.013511702418327332 0.05548032000660896 -0.01830235682427883
v 0.021419022232294083 0.057900313287973404 -0.01992388628423214
v 0.021614082157611847 0.05547039210796356 -0.019093794748187065
v 0.031294986605644226 0.05781431496143341 -0.01686357520520687
v 0.021234339103102684 0.06043611466884613 -0.01937224715948105
v 0.031219180673360825 0.06091656908392906 -0.016776157543063164
v 0.038391683250665665 0.06033347174525261 -0.009055204689502716
v 0.02983085811138153 0.06124279275536537 -0.014680514112114906
v 0.03627467155456543 0.060647111386060715 -0.00791254173964262
v 0.03808332234621048 0.06039893254637718 0.0005279271863400936
v 0.034277286380529404 0.06062145531177521 -0.006887005176395178
v 0.028593935072422028 0.0609331950545311 -0.012785617262125015
v 0.02083854004740715 0.06095264479517937 -0.014930478297173977
v 0.021003834903240204 0.060911521315574646 -0.01725909113883972
v 0.013338495045900345 0.06031450256705284 -0.01822361908853054
v -0.000788325909525156 0.0542680062353611 -0.01723111793398857
v -0.0009622783400118351 0.05188831686973572 -0.018097683787345886
v -0.0017053782939910889 0.04928011819720268 -0.017856067046523094
v -0.003711158409714699 0.049670249223709106 -0.01958913914859295
v -0.0054447585716843605 0.049971409142017365 -0.02227001078426838
v -0.006172610446810722 0.04749782010912895 -0.022149674594402313
v -0.007308977656066418 0.04764218628406525 -0.025062985718250275
v -0.006319888401776552 0.04988151788711548 -0.025404786691069603
v -0.007875517010688782 0.047453295439481735 -0.02768239751458168
v -0.009951479732990265 0.04654710739850998 -0.02709069475531578
v -0.010567806661128998 0.04863822087645531 -0.02653014101088047
v 0.008835343644022942 0.05345684662461281 -0.0029113455675542355
v 0.00944321509450674 0.053388725966215134 0.000986614148132503
v 0.009461200796067715 0.05655920132994652 0.0012196771567687392
v 0.008671484887599945 0.05679495260119438 0.004707619547843933
v 0.008392827585339546 0.05944180116057396 0.004830493591725826
v 0.00908490177243948 0.03269002586603165 0.004537735600024462
v 0.020351426675915718 0.06051383167505264 0.003701972309499979
v 0.015672359615564346 0.061221592128276825 -0.0026316940784454346
v 0.014930590987205505 0.06108463555574417 -0.008135427720844746
v -0.005109563935548067 0.0492866076529026 -0.005285079125314951
v -0.006474106106907129 0.04753803461790085 -0.00332044274546206
v -0.006955206859856844 0.04985317587852478 -0.003181219333782792
v -0.005829718429595232 0.05131286382675171 -0.004800903145223856
v -0.007150248158723116 0.05013330653309822 -0.0062581258825957775
v -0.008126921951770782 0.048721905797719955 -0.004493997897952795
v -0.006655587814748287 0.05239522457122803 -0.0076444330625236034
v -0.008697285316884518 0.051310982555150986 -0.00866022054105997
v -0.00927245244383812 0.04929672181606293 -0.007228123024106026
v -0.011014828458428383 0.047699425369501114 -0.008362473919987679
v -0.0100305350497365 0.04790497571229935 -0.005788399372249842
v -0.010623142123222351 0.04991716146469116 -0.009662231430411339
v -0.011164928786456585 0.04565528780221939 -0.009928815066814423
v -0.010136107914149761 0.04406909644603729 -0.011120009236037731
v -0.008351227268576622 0.04289665073156357 -0.011305063962936401
v -0.009246518835425377 0.040681786835193634 -0.009664059616625309
v -0.007670077495276928 0.040058236569166183 -0.009125866927206516
v -0.00829608365893364 0.03706727176904678 -0.00908502098172903
v -0.010119395330548286 0.03750305250287056 -0.009286407381296158
v -0.006526959128677845 0.04185917600989342 -0.01088405679911375
v -0.0049669635482132435 0.041861481964588165 -0.009533200412988663
v -0.006414343602955341 0.03973114863038063 -0.007941219955682755
v -0.007177033927291632 0.036716751754283905 -0.007547743618488312
v -0.007498718332499266 0.0331459604203701 -0.008095728233456612
v -0.008978104218840599 0.033462271094322205 -0.009597314521670341
v -0.008100097998976707 0.02821780927479267 -0.009317276068031788
v -0.01020008698105812 0.028500892221927643 -0.010469453409314156
v -0.01247725635766983 0.028791960328817368 -0.010893144644796848
v -0.01099663507193327 0.03371996432542801 -0.010227613151073456
v -0.014650462195277214 0.029181163758039474 -0.01079561933875084
v -0.009262243285775185 0.023691099137067795 -0.010295012034475803
v -0.011177425272762775 0.04753147065639496 -0.004560031462460756
v -0.012364722788333893 0.04716027155518532 -0.0034166700206696987
v -0.014660676941275597 0.04284452274441719 -0.0027536700945347548
v -0.015713628381490707 0.038727398961782455 -0.004077865742146969
v -0.0182503629475832 0.03867201879620552 -0.0032443327363580465
v -0.01759910397231579 0.04229552671313286 -0.0023166027385741472
v -0.022487714886665344 0.03795013576745987 -0.002737967763096094
v -0.02230823040008545 0.040884725749492645 -0.001991588855162263
v -0.02259613201022148 0.04330983757972717 -0.0014143269509077072
v -0.0286578256636858 0.038766928017139435 -0.0021916611585766077
v -0.02885417640209198 0.04077180102467537 -0.0012218302581459284
v -0.028970979154109955 0.04196569696068764 0.0002299729676451534
v -0.022627973929047585 0.0445946529507637 0.000530929712112993
v -0.02869882620871067 0.039869505912065506 0.0007768952054902911
v -0.022526603192090988 0.042097583413124084 0.0011824665125459433
v -0.03436047583818436 0.0410141758620739 0.000008838907888275571
v -0.03856557235121727 0.038566965609788895 -0.0004555491905193776
v -0.041043445467948914 0.03462313860654831 -0.0011105331359431148
v -0.04195541515946388 0.030024917796254158 -0.0016163974069058895
v -0.04057629033923149 0.02958894893527031 0.00036565627669915557
v -0.040373414754867554 0.030499201267957687 -0.003843644866719842
v -0.042276669293642044 0.02552979439496994 -0.001901670708321035
v -0.037420108914375305 0.03093326836824417 -0.004470965825021267
v -0.03371196240186691 0.031860608607530594 -0.003885178128257394
v -0.02851516380906105 0.03627854585647583 -0.00291679915972054
v -0.028481120243668556 0.03351709246635437 -0.0034546491224318743
v -0.02839219942688942 0.030888792127370834 -0.003637179033830762
v -0.02816753089427948 0.028861718252301216 -0.0030324324034154415
v -0.022992189973592758 0.03479171544313431 -0.003675498068332672
v -0.023634541779756546 0.03180393576622009 -0.004268351476639509
v -0.0240007471293211 0.029213672503829002 -0.004043147899210453
v -0.027712248265743256 0.02686331793665886 -0.00224408321082592
v -0.02044999785721302 0.03148072212934494 -0.005168054718524218
v -0.019278548657894135 0.035007741302251816 -0.004505096934735775
v -0.01696459949016571 0.034708861261606216 -0.005416743457317352
v -0.018432488664984703 0.03076406940817833 -0.0062613640911877155
v -0.027701957151293755 0.026436446234583855 -0.0004796740831807256
v -0.03197170048952103 0.02367713674902916 -0.0010719060664996505
v -0.03523518145084381 0.020664792507886887 -0.0015066734049469233
v -0.04158148914575577 0.024962862953543663 0.0003185043460689485
v -0.007676712702959776 0.04355563223361969 0.000719767645932734
v -0.007963355630636215 0.040415335446596146 0.000924600288271904
v -0.008385345339775085 0.03716599568724632 0.001015989575535059
v -0.00953360740095377 0.034078922122716904 0.0010291405487805605
v -0.01174619048833847 0.032228484749794006 0.0011930876644328237
v -0.014134541153907776 0.030858462676405907 0.0013305117608979344
v -0.015057655051350594 0.02802293933928013 0.003406455274671316
v -0.01716282032430172 0.02684621326625347 0.0040896437130868435
v -0.014132492244243622 0.02580304443836212 0.005160468630492687
v -0.01632705330848694 0.024589279666543007 0.005801869090646505
v -0.015270030125975609 0.02191128581762314 0.007698326371610165
v -0.01681545376777649 0.02138947881758213 0.009113381616771221
v -0.017717763781547546 0.021280210465192795 0.011287088505923748
v -0.006752262357622385 0.04414853826165199 0.002733070868998766
v -0.005523386877030134 0.048022180795669556 0.004139230120927095
v -0.005125853233039379 0.04570956900715828 0.004596301820129156
v -0.006400796119123697 0.04968278855085373 0.004147401079535484
v -0.005338083021342754 0.05104205384850502 0.006210771854966879
v -0.0068152244202792645 0.0502052865922451 0.0071967896074056625
v -0.006636363919824362 0.05257076770067215 0.008784862235188484
v -0.007598743308335543 0.0483013354241848 0.005364281591027975
v -0.008579695597290993 0.05126144737005234 0.009357948787510395
v -0.009378064423799515 0.05375742167234421 0.010261472314596176
v -0.007230543531477451 0.05533906817436218 0.010151238180696964
v -0.010690470226109028 0.05646952986717224 0.011390364728868008
v -0.008482958190143108 0.058376625180244446 0.011316044256091118
v -0.012153499759733677 0.058918148279190063 0.012317747808992863
v -0.014050419442355633 0.05679837986826897 0.012713033705949783
v -0.012303020805120468 0.0544043704867363 0.012037375010550022
v -0.010744864121079445 0.05210818350315094 0.011238113977015018
v -0.010185948573052883 0.04988706111907959 0.010197360068559647
v -0.010527897626161575 0.048534635454416275 0.01169139426201582
v -0.009721435606479645 0.04734766110777855 0.012923693284392357
v -0.009954014793038368 0.04538851976394653 0.011700663715600967
v -0.008350512012839317 0.04460705816745758 0.011763176880776882
v -0.008038070052862167 0.04637116938829422 0.013353236019611359
v -0.010900802910327911 0.04282163828611374 0.011012657545506954
v -0.00948445312678814 0.04194942116737366 0.011402600444853306
v -0.00786737259477377 0.040858879685401917 0.011171426624059677
v -0.010892655700445175 0.03855665400624275 0.011460335925221443
v -0.009233599528670311 0.037703417241573334 0.010504570789635181
v -0.0074336775578558445 0.03662209212779999 0.010341599583625793
v -0.006244308315217495 0.03968624025583267 0.010628603398799896
v -0.01253209076821804 0.033934563398361206 0.011116302572190762
v -0.010626869276165962 0.03290953487157822 0.010681976564228535
v -0.008582580834627151 0.032091397792100906 0.010650786571204662
v -0.006298691034317017 0.03131112828850746 0.01027655228972435
v -0.005725948605686426 0.03559628874063492 0.009645911864936352
v -0.010541385039687157 0.026840845122933388 0.010557638481259346
v -0.008491766639053822 0.026289960369467735 0.01029499527066946
v -0.011988670565187931 0.02334127016365528 0.011125069111585617
v -0.009837816469371319 0.022554386407136917 0.011051162146031857
v -0.00805637426674366 0.02173958346247673 0.010135315358638763
v -0.00478785065934062 0.03870546072721481 0.009800247848033905
v -0.014389301650226116 0.022188935428857803 -0.005883216857910156
v -0.014583240263164043 0.019598105922341347 -0.007628734223544598
v -0.008204445242881775 0.06143088638782501 -0.01590176858007908
v -0.005707236938178539 0.06237863004207611 -0.01450065616518259
v -0.008993908762931824 0.06327037513256073 -0.015466614626348019
v -0.006645978428423405 0.06402274966239929 -0.014106501825153828
v -0.004501652903854847 0.06485353410243988 -0.012858986854553223
v -0.00398954376578331 0.06495358049869537 -0.010599849745631218
v -0.009927187114953995 0.06509557366371155 -0.01496739499270916
v -0.011596595868468285 0.06233212724328041 -0.016707608476281166
v -0.012677522376179695 0.0641947090625763 -0.01577368564903736
v -0.013863633386790752 0.06531573832035065 -0.01414559781551361
v -0.010838614776730537 0.06659501791000366 -0.013815893791615963
v -0.014024833217263222 0.06433823704719543 -0.01250396016985178
v -0.011117386631667614 0.06601475924253464 -0.012427485547959805
v -0.012915987521409988 0.06212731450796127 -0.012468370608985424
v -0.010574007406830788 0.06414659321308136 -0.012157486751675606
v -0.016434676945209503 0.062364257872104645 -0.01266159862279892
v -0.014997667632997036 0.060152579098939896 -0.012253138236701488
v -0.010727791115641594 0.06047629937529564 -0.017360983416438103
v -0.013243631459772587 0.058800581842660904 -0.017961204051971436
v -0.009778513573110104 0.05887998640537262 -0.01827072538435459
v -0.011952100321650505 0.056872814893722534 -0.018560579046607018
v -0.013536576181650162 0.054719530045986176 -0.01863129250705242
v -0.015397296287119389 0.05696858465671539 -0.018236389383673668
v -0.014806760475039482 0.0523422472178936 -0.01880727894604206
v -0.017260847613215446 0.054908573627471924 -0.0180816650390625
v -0.014513611793518066 0.051356784999370575 -0.01685003936290741
v -0.013155934400856495 0.05250522494316101 -0.015064810402691364
v -0.012687474489212036 0.053540099412202835 -0.012999758124351501
v -0.01068404782563448 0.05541309714317322 -0.019750269129872322
v -0.00892646238207817 0.05764766037464142 -0.019569767639040947
v -0.009769368916749954 0.05428150296211243 -0.021461255848407745
v -0.009487410075962543 0.05343719944357872 -0.023643972352147102
v -0.011699708178639412 0.05492798611521721 0.020564986392855644
v -0.013044632971286774 0.0572064183652401 0.020238881930708885
v -0.010589131154119968 0.057053737342357635 0.021072912961244583
v -0.01173255406320095 0.05932798236608505 0.020482361316680908
v -0.009819190949201584 0.055306512862443924 0.022506577894091606
v -0.00958547554910183 0.05403348058462143 0.024454999715089798
v -0.008130015805363655 0.055842138826847076 0.024897761642932892
v -0.009384332224726677 0.05316077917814255 0.026627395302057266
v -0.008190322667360306 0.055158503353595734 0.02709740400314331
v -0.006388381123542786 0.0550750307738781 0.027312442660331726
v -0.005539788398891687 0.053193099796772 0.02770981751382351
v -0.005736961029469967 0.051421262323856354 0.030442597344517708
v -0.0054438142105937 0.05091610923409462 0.028172889724373817
v -0.005854992661625147 0.04847869649529457 0.028505900874733925
v -0.005562706384807825 0.04820539429783821 0.025535454973578453
v -0.004984211176633835 0.04817113280296326 0.02206522785127163
v -0.007649375591427088 0.04661733657121658 0.02856367453932762
v -0.009514423087239265 0.047902416437864304 0.028340987861156464
v -0.010091464966535568 0.050306547433137894 0.02846577949821949
v -0.009581835940480232 0.052825797349214554 0.02880503609776497
v -0.003847330342978239 0.04761158674955368 0.01903364434838295
v 0.006065399385988712 -0.07922321557998657 0.002189441118389368
v 0.009421500377357006 -0.08246973156929016 0.0028470640536397696
v 0.00668722577393055 -0.08117266744375229 0.008898057043552399
v 0.0029563158750534058 -0.0777316689491272 0.005312856286764145
v 0.004425203427672386 -0.0778423622250557 -0.0017872649477794766
v 0.00842376984655857 -0.08192717283964157 -0.0036991985980421305
v 0.0003357548266649246 -0.07436579465866089 0.0011591885704547167
v 0.0061757322400808334 -0.04914179816842079 -0.0003100396424997598
v 0.01303335651755333 -0.05170736461877823 0.0033273310400545597
v 0.015170518308877945 -0.052482202649116516 -0.0019147546263411641
v 0.011734504252672195 -0.05129099637269974 -0.006022811401635408
v 0.0056474050506949425 -0.0491570383310318 0.008836965076625347
v 0.010850534774363041 -0.05092812329530716 0.008256581611931324
v -0.0012432467192411423 -0.04594502970576286 -0.00013232145283836871
v -0.0008267834782600403 -0.04676768556237221 0.008098475635051727
v 0.008147883228957653 -0.049900446087121964 -0.009769170545041561
v 0.01607985980808735 -0.05308675020933151 -0.00997420959174633
v 0.00933920033276081 -0.05047980695962906 -0.013588503003120422
v 0.0020929882302880287 -0.047685638070106506 -0.014755453914403915
v 0.0032679233700037003 -0.048075541853904724 -0.008758367970585823
v -0.0022435374557971954 -0.06319569796323776 0.020584825426340103
v 0.007419263944029808 -0.06700070202350616 0.018661275506019592
v 0.008153270930051804 -0.061252839863300323 0.018567558377981186
v 0.00004408136010169983 -0.05768479406833649 0.02022779919207096
v -0.00520792743191123 -0.054189905524253845 0.020763762295246124
v -0.008697542361915112 -0.057268619537353516 0.02117403969168663
v -0.010608234442770481 -0.06127580255270004 0.022385047748684883
v -0.007637758739292622 -0.06393247097730637 0.021761810407042503
v -0.005500964820384979 -0.0735790878534317 0.00036422224366106093
v -0.0028046583756804466 -0.07435794174671173 -0.002544136019423604
v -0.004330241121351719 -0.07402892410755157 0.0037272493354976177
v -0.00798689667135477 -0.07334273308515549 0.00021837762324139476
v -0.006260169669985771 -0.07450874149799347 -0.004531203303486109
v -0.007843375205993652 -0.07383306324481964 0.0052968780510127544
v -0.0036914171651005745 -0.05226682126522064 0.021306894719600677
v 0.0005818214267492294 -0.05399811640381813 0.021213708445429802
v 0.0005966220051050186 -0.05142936110496521 0.021984579041600227
v -0.004893452860414982 -0.05000406131148338 0.02143905498087406
v -0.007502738386392593 -0.05059773474931717 0.020667336881160736
v -0.009904041886329651 -0.07356825470924377 -0.017132965847849846
v -0.010799504816532135 -0.0731462761759758 -0.018627433106303215
v -0.00757747795432806 -0.07521278411149979 -0.02024562656879425
v -0.007752259261906147 -0.0747913271188736 -0.017311759293079376
v -0.008080634288489819 -0.07522830367088318 -0.02230965532362461
v -0.0031946683302521706 -0.07734019309282303 -0.022214794531464577
v -0.003779042512178421 -0.07712365686893463 -0.019917160272598267
v -0.0018313294276595116 -0.060563117265701294 -0.02039436623454094
v -0.0006261151283979416 -0.06726645678281784 -0.020492784678936005
v -0.00658053532242775 -0.06625298410654068 -0.02142915688455105
v -0.00767532316967845 -0.06268179416656494 -0.021404078230261803
v -0.009814820252358913 -0.060510843992233276 -0.021803641691803932
v -0.007627520244568586 -0.0574319064617157 -0.02168591320514679
v -0.006267296150326729 -0.05312814563512802 -0.0211216788738966
v 0.000018514692783355713 -0.05444177985191345 -0.020784566178917885
v -0.011554673314094543 -0.0731203630566597 0.017126131802797318
v -0.009911421686410904 -0.07399529218673706 0.017573872581124306
v -0.010111968964338303 -0.07402689009904861 0.020021498203277588
v -0.01245057675987482 -0.07271312177181244 0.01829679124057293
v -0.015069782733917236 -0.07095956802368164 0.014252221211791039
v -0.013195584528148174 -0.07208486646413803 0.013638905249536037
v -0.011254914104938507 -0.07305826246738434 0.012968205846846104
v -0.005113915074616671 -0.0433272048830986 -0.012320203706622124
v -0.00493342150002718 -0.04357244819402695 -0.007722350303083658
v -0.002075892873108387 -0.04550482705235481 -0.008199695497751236
v -0.0031360555440187454 -0.0451546348631382 -0.013880202546715736
v -0.006236814893782139 -0.04383040964603424 -0.016494346782565117
v -0.00875453557819128 -0.04287489876151085 -0.012524876743555069
v -0.005388949997723103 -0.047883231192827225 0.020949987694621086
v -0.0010330677032470703 -0.04780665412545204 0.020767970010638237
v -0.008324956521391869 -0.04750348627567291 0.01930311694741249
v -0.00816015899181366 -0.04502468928694725 0.01783733256161213
v -0.005099127069115639 -0.0443517304956913 0.010572414845228195
v -0.0007302332669496536 -0.04728636518120766 0.013176324777305126
v -0.005107149016112089 -0.044243477284908295 0.006487216334789991
v -0.007346097379922867 -0.04304153099656105 0.005977792199701071
v -0.007037380710244179 -0.043145861476659775 0.011716281063854694
v -0.009718754328787327 -0.051894474774599075 0.020741524174809456
v -0.011741057969629765 -0.0523437038064003 0.021182147786021233
v -0.011809340678155422 -0.05650598555803299 0.02225586585700512
v -0.012607468292117119 -0.059915944933891296 0.022873051464557648
v -0.006351620424538851 -0.045824579894542694 -0.01948617585003376
v -0.010534152388572693 -0.04680192843079567 -0.01841784082353115
v -0.01087834220379591 -0.04493401572108269 -0.016322551295161247
v -0.011716993525624275 -0.043940190225839615 -0.01412790734320879
v -0.010731257498264313 -0.04562991112470627 0.016670407727360725
v -0.010357139632105827 -0.0484001524746418 0.01887005753815174
v -0.0077766673639416695 -0.04340360686182976 0.016062697395682335
v -0.0019176574423909187 -0.04635447636246681 0.0166783407330513
v -0.01062258705496788 -0.04325486719608307 0.012772445566952229
v -0.010988423600792885 -0.04462045803666115 -0.010790823958814144
v -0.009488687850534916 -0.04416145011782646 -0.006863642018288374
v -0.00753436516970396 -0.042849671095609665 -0.007344795390963554
v -0.013223814778029919 -0.04478229582309723 -0.012581360526382923
v -0.011759391985833645 -0.04551185667514801 0.010101323015987873
v -0.013219223357737064 -0.04549994319677353 0.012336683459579945
v -0.012647745199501514 -0.044423509389162064 0.01471689436584711
v -0.012518798001110554 -0.0461440347135067 0.01735261082649231
v -0.013106830418109894 -0.05447258800268173 -0.008355874568223953
v -0.01172733772546053 -0.05008381977677345 -0.006556010339409113
v -0.013143634423613548 -0.05021725967526436 -0.011057578027248383
v -0.014411401003599167 -0.05345911532640457 -0.012812193483114243
v -0.011756309308111668 -0.05370113253593445 -0.0000065310423451592214
v -0.010541573166847229 -0.049752987921237946 -0.0001858710456872359
v -0.013833663426339626 -0.057471372187137604 -0.014361309818923473
v -0.013139656744897366 -0.05929958075284958 -0.01370046753436327
v -0.014148675836622715 -0.057289183139801025 -0.007516434881836176
v -0.012475424446165562 -0.056928232312202454 0.00028743455186486244
v -0.013612980954349041 -0.05638985335826874 0.008719337172806263
v -0.014259169809520245 -0.055295128375291824 0.01206090860068798
v -0.013582135550677776 -0.05203564092516899 0.01005912572145462
v -0.012565975077450275 -0.052826497703790665 0.006739863660186529
v -0.013411235064268112 -0.05899105221033096 0.014485171996057034
v -0.014495203271508217 -0.05806409567594528 0.01551132183521986
v -0.014433937147259712 -0.058601655066013336 0.007791825570166111
v -0.015371664427220821 -0.06043218821287155 0.007320791948586702
v -0.013985230587422848 -0.062071770429611206 0.013629239983856678
v -0.013242753222584724 -0.060408830642700195 0.013743123039603233
v -0.015214799903333187 -0.05688583850860596 -0.023011790588498116
v -0.016480132937431335 -0.05735436826944351 -0.01905960403382778
v -0.018708165735006332 -0.05561639741063118 -0.020473310723900795
v -0.018265094608068466 -0.05530277267098427 -0.022964637726545334
v -0.011991847306489944 -0.05895382910966873 -0.02193698100745678
v -0.013174283318221569 -0.058568522334098816 -0.018562089651823044
v -0.01945406012237072 -0.05560683086514473 -0.02608468383550644
v -0.016871372237801552 -0.05674392729997635 -0.02697458676993847
v -0.01661464385688305 -0.058225855231285095 0.02014082670211792
v -0.01862006075680256 -0.05808982998132706 0.023620981723070145
v -0.0201152004301548 -0.05606804043054581 0.022572673857212067
v -0.01957305520772934 -0.05675329267978668 0.01902424357831478
v -0.016317108646035194 -0.05744972079992294 0.015995647758245468
v -0.013701951131224632 -0.05952093005180359 0.01958204060792923
v -0.018247075378894806 -0.057206906378269196 0.015696484595537186
v -0.015643788501620293 -0.05604202300310135 -0.015551945194602013
v -0.018130093812942505 -0.05597729980945587 -0.015433214604854584
v -0.01915569230914116 -0.05743078142404556 -0.01748942956328392
v -0.02036055363714695 -0.05664851516485214 -0.01918044500052929
v -0.015010679140686989 -0.04550587013363838 -0.0225780438631773
v -0.01563546061515808 -0.043744198977947235 -0.021115243434906006
v -0.013403840363025665 -0.04579051211476326 -0.019524244591593742
v -0.012945316731929779 -0.04830995202064514 -0.021945858374238014
v -0.016386093571782112 -0.04469913989305496 -0.025041935965418816
v -0.01755860261619091 -0.04287206754088402 -0.023045068606734276
v -0.01526814978569746 -0.04788452386856079 -0.025116829201579094
v -0.021818289533257484 -0.053210627287626266 0.02216983027756214
v -0.021496538072824478 -0.053594883531332016 0.019456347450613976
v -0.02300940826535225 -0.054899878799915314 0.017843762412667274
v -0.021542195230722427 -0.05750701576471329 0.0172999557107687
v -0.020477186888456345 -0.057304881513118744 0.014737355522811413
v -0.01737474836409092 -0.0446353554725647 0.020989680662751198
v -0.014558789320290089 -0.04594367370009422 0.01857811212539673
v -0.014115258120000362 -0.044067058712244034 0.016013002023100853
v -0.015751130878925323 -0.04270334169268608 0.01707117073237896
v -0.017548557370901108 -0.040547121316194534 0.01764693669974804
v -0.019677799195051193 -0.04161035269498825 0.021420203149318695
v -0.016482552513480186 -0.04814022779464722 0.02265884168446064
v -0.014120331965386868 -0.04861938953399658 0.02063922956585884
v -0.015989869832992554 -0.04086410626769066 -0.01913723349571228
v -0.013683025725185871 -0.043757662177085876 -0.017341140657663345
v -0.018536768853664398 -0.040798354893922806 -0.021928908303380013
v -0.01982039213180542 -0.037791185081005096 -0.02179023250937462
v -0.01744450442492962 -0.036819711327552795 -0.01962883584201336
v -0.01693934015929699 -0.043601833283901215 0.011743594892323017
v -0.015414727851748466 -0.04260537028312683 0.013990838080644608
v -0.014554859139025211 -0.04452158138155937 0.01329263485968113
v -0.01623658649623394 -0.047045957297086716 0.011627347208559513
v -0.01685495860874653 -0.04038143530488014 0.012248157523572445
v -0.016185050830245018 -0.040256425738334656 0.014769782312214375
v -0.019923530519008636 -0.044446561485528946 0.010683039203286171
v -0.01925971917808056 -0.04041261225938797 0.011681760661303997
v -0.018702510744333267 -0.04641343280673027 -0.011858462356030941
v -0.01555255800485611 -0.043291907757520676 -0.012621183879673481
v -0.017839478328824043 -0.03981233015656471 -0.012867311015725136
v -0.020406197756528854 -0.043633654713630676 -0.01090950332581997
v -0.01477887760847807 -0.047036923468112946 -0.01242462545633316
v -0.01974107138812542 -0.05036822333931923 -0.012349369004368782
v -0.016064871102571487 -0.05000836029648781 -0.013001175597310066
v -0.01888463646173477 -0.04792694002389908 0.010899020358920097
v -0.01690930686891079 -0.0512656643986702 0.011850242502987385
v -0.018998153507709503 -0.05150267481803894 0.011438539251685143
v -0.021288957446813583 -0.05245872586965561 0.010035407729446888
v -0.021095488220453262 -0.04941173642873764 0.00926289428025484
v -0.021979201585054398 -0.04729010537266731 0.009617411531507969
v -0.017842542380094528 -0.036235615611076355 0.016001736745238304
v -0.019747786223888397 -0.035529281944036484 0.018308820202946663
v -0.018877128139138222 -0.037840332835912704 0.018142107874155045
v -0.016944557428359985 -0.037815820425748825 0.01543665025383234
v -0.01778293028473854 -0.035018861293792725 0.01507185585796833
v -0.020300228148698807 -0.03315321356058121 0.018038440495729446
v -0.016651533544063568 -0.03728897124528885 0.01304289698600769
v -0.0150584252551198 -0.039445582777261734 -0.015756435692310333
v -0.016773929819464684 -0.03552630916237831 -0.017351604998111725
v -0.01880943961441517 -0.035253994166851044 -0.01564827933907509
v -0.013883056119084358 -0.0426391139626503 -0.014887302182614803
v -0.020031871274113655 -0.036744099110364914 -0.016516059637069702
v -0.020976562052965164 -0.03993136063218117 -0.014995332807302475
v -0.02282864600419998 -0.04481890797615051 -0.01385265402495861
v -0.019116532057523727 -0.047924768179655075 -0.037743501365184784
v -0.018199145793914795 -0.04876650497317314 -0.034915924072265625
v -0.018570538610219955 -0.05111045762896538 -0.03562010079622269
v -0.019556164741516113 -0.04938451573252678 -0.038818977773189545
v -0.01948223076760769 -0.04620695486664772 -0.03842417523264885
v -0.017997417598962784 -0.046512190252542496 -0.03450723737478256
v -0.020651189610362053 -0.0474449023604393 -0.04068160057067871
v -0.020575080066919327 -0.04518045112490654 0.025901101529598236
v -0.020907141268253326 -0.046421777456998825 0.029841937124729156
v -0.01878318376839161 -0.04572967812418938 0.029904333874583244
v -0.01803121156990528 -0.0472334586083889 0.02591976337134838
v -0.022785766050219536 -0.0441000871360302 0.024287346750497818
v -0.025179915130138397 -0.046991921961307526 0.026073478162288666
v -0.023302320390939713 -0.049059249460697174 0.02726300247013569
v -0.022444862872362137 -0.049653198570013046 0.030317701399326324
v -0.02164836972951889 -0.05492756515741348 -0.030558789148926735
v -0.023621991276741028 -0.05431059002876282 -0.027738425880670547
v -0.023914676159620285 -0.05227283760905266 -0.029266878962516785
v -0.022434700280427933 -0.05238267406821251 -0.03150090575218201
v -0.022330675274133682 -0.05316067859530449 -0.03543616831302643
v -0.02007926069200039 -0.052880920469760895 -0.035923223942518234
v -0.018669188022613525 -0.055117055773735046 -0.03131691738963127
v -0.02215580642223358 -0.051274098455905914 -0.03485861048102379
v -0.023836340755224228 -0.058883294463157654 0.01343656424432993
v -0.024207275360822678 -0.059034958481788635 0.016439314931631088
v -0.027423573657870293 -0.06168334186077118 0.016704808920621872
v -0.02728109061717987 -0.06284079700708389 0.014589615166187286
v -0.0268683061003685 -0.059261955320835114 0.010692925192415714
v -0.025339577347040176 -0.05665320158004761 0.008726118132472038
v -0.021882519125938416 -0.05590960755944252 0.011012551374733448
v -0.029353810474276543 -0.062498413026332855 0.012677041813731194
v -0.018531400710344315 -0.034334685653448105 -0.02063777856528759
v -0.018281519412994385 -0.03246457129716873 -0.019847162067890167
v -0.020901355892419815 -0.03444836288690567 -0.022364148870110512
v -0.021833494305610657 -0.03141441196203232 -0.0223455261439085
v -0.0200439915060997 -0.038169391453266144 0.013683389872312546
v -0.020735453814268112 -0.03713441267609596 0.015402170829474926
v -0.01952255517244339 -0.03548988699913025 0.014683782123029232
v -0.018890175968408585 -0.03734755143523216 0.012550612911581993
v -0.020999133586883545 -0.04048093035817146 0.01336823869496584
v -0.0223674438893795 -0.0397852323949337 0.01579888164997101
v -0.022796593606472015 -0.048042163252830505 0.011705504730343819
v -0.02213398367166519 -0.04420895501971245 0.012777158990502357
v -0.025185968726873398 -0.04809640720486641 0.014451425522565842
v -0.024806510657072067 -0.04395359382033348 0.01566130481660366
v -0.024908844381570816 -0.0490170456469059 0.007660639006644487
v -0.024896033108234406 -0.05041591450572014 0.009139069356024265
v -0.024064570665359497 -0.05323956161737442 0.0298917219042778
v -0.025835981592535973 -0.05220797657966614 0.027255063876509666
v -0.022488564252853394 -0.05591563135385513 0.025778962299227715
v -0.020805183798074722 -0.057910338044166565 0.027207745239138603
v -0.022231996059417725 -0.05543781444430351 0.03134110942482948
v -0.023553788661956787 -0.05321469530463219 0.02473161183297634
v -0.019977372139692307 -0.03349093720316887 -0.018860388547182083
v -0.020908361300826073 -0.035634759813547134 -0.018575219437479973
v -0.022561442106962204 -0.03941749781370163 -0.017817450687289238
v -0.02290208265185356 -0.0434517003595829 0.03905600681900978
v -0.02170540578663349 -0.04448668286204338 0.03766859695315361
v -0.022824987769126892 -0.04286631941795349 0.03634713217616081
v -0.02410447597503662 -0.04225854203104973 0.03818123787641525
v -0.02537769079208374 -0.04403645545244217 0.03853167966008186
v -0.02393045276403427 -0.044854890555143356 0.03994190692901611
v -0.022501487284898758 -0.0466235913336277 0.03862227126955986
v -0.023876763880252838 -0.047138795256614685 -0.010692806914448738
v -0.023334402590990067 -0.046091508120298386 -0.009205391630530357
v -0.023942571133375168 -0.04841085895895958 -0.013880607672035694
v -0.02414524555206299 -0.04898342490196228 -0.011549082584679127
v -0.02136750891804695 -0.04707258567214012 -0.03616328164935112
v -0.02049795724451542 -0.04743838310241699 -0.033545248210430145
v -0.01986623927950859 -0.045646265149116516 -0.03358486667275429
v -0.021577319130301476 -0.04570618271827698 -0.037218719720840454
v -0.022773675620555878 -0.04684985429048538 -0.038793012499809265
v -0.022074691951274872 -0.04818379878997803 -0.03697309270501137
v -0.021330025047063828 -0.04948689043521881 -0.03422670438885689
v -0.02179253101348877 -0.0494164302945137 -0.04098896309733391
v -0.02117680013179779 -0.05090270936489105 -0.03923646733164787
v -0.023224785923957825 -0.051003348082304 -0.03887501358985901
v -0.023601489141583443 -0.04869420826435089 -0.040602341294288635
v -0.02256588637828827 -0.04603307321667671 -0.040622662752866745
v -0.024662286043167114 -0.05095629394054413 0.023842914029955864
v -0.024287832900881767 -0.0501193106174469 0.02194824069738388
v -0.026217110455036163 -0.04960034042596817 0.024975720793008804
v -0.026972196996212006 -0.04631437361240387 0.022819986566901207
v -0.024944286793470383 -0.05211004614830017 0.010426382534205914
v -0.024353032931685448 -0.051616787910461426 0.012513883411884308
v -0.028262969106435776 -0.05160978436470032 0.00796839501708746
v -0.02718837559223175 -0.05310043692588806 0.010166440159082413
v -0.026287700980901718 -0.053144779056310654 0.012068591080605984
v -0.026279453188180923 -0.05861888825893402 -0.013118847273290157
v -0.03183029592037201 -0.059347838163375854 -0.009918884374201298
v -0.032887935638427734 -0.06202922761440277 -0.013118959963321686
v -0.030388548970222473 -0.06185091286897659 -0.014882002025842667
v -0.025208069011569023 -0.059500500559806824 -0.015684159472584724
v -0.021985337138175964 -0.05728757381439209 -0.016467256471514702
v -0.02123577892780304 -0.05644727498292923 -0.014551946893334389
v -0.02838069573044777 -0.06281211227178574 -0.015794415026903152
v -0.02334759384393692 -0.04839655011892319 -0.0392991378903389
v -0.02297024056315422 -0.049649421125650406 -0.037845175713300705
v -0.027906343340873718 -0.05334736406803131 0.01267213188111782
v -0.026250038295984268 -0.051453135907649994 0.014060880057513714
v -0.029566345736384392 -0.053464703261852264 0.010529935359954834
v -0.024199556559324265 -0.04492039605975151 0.03650673106312752
v -0.025370653718709946 -0.05080747231841087 -0.011970384046435356
v -0.025981947779655457 -0.05018548294901848 -0.013482827693223953
v -0.027762632817029953 -0.05024547874927521 -0.010497274808585644
v -0.02611371874809265 -0.04897817224264145 -0.010155675001442432
v -0.027536753565073013 -0.05050777271389961 -0.012500167824327946
v -0.024737682193517685 -0.050943512469530106 -0.023677172139286995
v -0.023771759122610092 -0.052651628851890564 -0.024367015808820724
v -0.022355366498231888 -0.052067212760448456 -0.022612201049923897
v -0.023877784609794617 -0.049906618893146515 -0.022216878831386566
v -0.0258951336145401 -0.04970378428697586 -0.024177368730306625
v -0.025546930730342865 -0.0525735467672348 -0.025939268991351128
v -0.02501392364501953 -0.04715801775455475 -0.02245522104203701
v -0.027182940393686295 -0.04124750569462776 0.017939677461981773
v -0.024502769112586975 -0.038431473076343536 0.017877614125609398
v -0.027502577751874924 -0.04596902057528496 0.01712299883365631
v -0.029819738119840622 -0.04301261529326439 0.017898602411150932
v -0.027264494448900223 -0.048939455300569534 0.016058558598160744
v -0.02465282753109932 -0.04646594077348709 -0.016299840062856674
v -0.02538265287876129 -0.04836998134851456 -0.015793249011039734
v -0.02539476938545704 -0.04638995975255966 -0.019336212426424026
v -0.025694217532873154 -0.04912439361214638 -0.01772008277475834
v -0.024594120681285858 -0.04328663647174835 -0.017401251941919327
v -0.026708384975790977 -0.04764554277062416 -0.00896669365465641
v -0.029863979667425156 -0.04830276221036911 -0.007145461160689592
v -0.026684092357754707 -0.04872247576713562 0.040388304740190506
v -0.02533119171857834 -0.04685115069150925 0.040835171937942505
v -0.02663593180477619 -0.045970894396305084 0.03893313184380531
v -0.027402788400650024 -0.0478416383266449 0.03903238847851753
v -0.025631166994571686 -0.05053693428635597 0.03909935802221298
v -0.02357480116188526 -0.048875000327825546 0.039566244930028915
v -0.026833713054656982 -0.04916383698582649 0.037365060299634933
v -0.02345295250415802 -0.04956364259123802 -0.02020561508834362
v -0.027567602694034576 -0.04249710962176323 -0.020846176892518997
v -0.026591088622808456 -0.04373272508382797 -0.023200850933790207
v -0.02660318650305271 -0.040134698152542114 -0.019727522507309914
v -0.027243047952651978 -0.047037482261657715 0.0193680040538311
v -0.027445510029792786 -0.05017905682325363 0.01777561567723751
v -0.025179505348205566 -0.05190398171544075 0.01778567209839821
v -0.023949258029460907 -0.04988288879394531 0.019283456727862358
v -0.025531355291604996 -0.04705076664686203 0.03688532114028931
v -0.022862836718559265 -0.0348576195538044 -0.01973036862909794
v -0.022953815758228302 -0.03260635584592819 -0.02045346237719059
v -0.026417652145028114 -0.03441515564918518 -0.02122846059501171
v -0.024638095870614052 -0.037198424339294434 -0.01979878917336464
v -0.026102473959326744 -0.04287220165133476 -0.02442854829132557
v -0.02481132559478283 -0.04633176699280739 -0.025387849658727646
v -0.026454580947756767 -0.04767889156937599 -0.02523006498813629
v -0.027443595230579376 -0.0502212792634964 -0.01502420473843813
v -0.028708305209875107 -0.050618577748537064 -0.013232327997684479
v -0.030045829713344574 -0.05010989308357239 -0.01103187259286642
v -0.032385505735874176 -0.06587428599596024 0.014365117996931076
v -0.030636562034487724 -0.06624184548854828 0.01597224920988083
v -0.033900681883096695 -0.0696936845779419 0.01685294508934021
v -0.03469819203019142 -0.06984169036149979 0.015257779508829117
v -0.0359896644949913 -0.06805868446826935 0.015661846846342087
v -0.03443077951669693 -0.06635595113039017 0.01488512009382248
v -0.03521376848220825 -0.06552381068468094 0.01339272316545248
v -0.03336331248283386 -0.0646531879901886 0.012488248758018017
v -0.0321519710123539 -0.04881293699145317 -0.00788248423486948
v -0.028924323618412018 -0.05193674564361572 -0.015366165898740292
v -0.029855620115995407 -0.052002206444740295 -0.014058070257306099
v -0.02960609272122383 -0.0535881482064724 -0.016842477023601532
v -0.03130792826414108 -0.05422627180814743 -0.014923002570867538
v -0.027436664327979088 -0.05111655220389366 -0.016989458352327347
v -0.031474485993385315 -0.06069095432758331 0.007409476675093174
v -0.031904369592666626 -0.06324189156293869 0.010641246102750301
v -0.033702753484249115 -0.06500087678432465 0.009438449516892433
v -0.03497511148452759 -0.06334235519170761 0.006749065592885017
v -0.029792211949825287 -0.05650048702955246 0.0060035609640181065
v -0.028968796133995056 -0.04795359820127487 -0.005298851523548365
v -0.02634473890066147 -0.047691766172647476 -0.00732653820887208
v -0.037084948271512985 -0.06673900038003922 0.013688826933503151
v -0.026721635833382607 -0.036981552839279175 0.0183873251080513
v -0.026449551805853844 -0.034700047224760056 0.018372870981693268
v -0.022927135229110718 -0.03593931347131729 0.017635269090533257
v -0.029155630618333817 -0.038363464176654816 0.018538478761911392
v -0.02999824844300747 -0.03571551293134689 0.018324406817555428
v -0.030756289139389992 -0.05500243604183197 0.014418297447264194
v -0.02983531355857849 -0.0538162924349308 0.01344385091215372
v -0.031509630382061005 -0.05514884367585182 0.01125316135585308
v -0.03342004120349884 -0.05796749144792557 0.013178545981645584
v -0.029058199375867844 -0.053338177502155304 0.01648477092385292
v -0.028334002941846848 -0.05167977511882782 0.0150467399507761
v -0.03186599537730217 -0.057342126965522766 0.016420554369688034
v -0.029202444478869438 -0.055628735572099686 -0.008577484637498856
v -0.032218560576438904 -0.055521342903375626 -0.005609918385744095
v -0.03460126370191574 -0.05838249623775482 -0.006178366951644421
v -0.03750218451023102 -0.061396703124046326 -0.0063223219476640224
v -0.03529052436351776 -0.06272150576114655 -0.009347466751933098
v -0.034527216106653214 -0.06379380822181702 -0.011921653524041176
v -0.024309195578098297 -0.05530408024787903 -0.010900442488491535
v -0.03381718322634697 -0.06568238139152527 0.011207148432731628
v -0.035185933113098145 -0.06660506874322891 0.011397356167435646
v -0.035317618399858475 -0.06662068516016006 0.009146424010396004
v -0.0314771831035614 -0.049829449504613876 0.005148402415215969
v -0.03437177464365959 -0.04791843146085739 0.002310908865183592
v -0.03443253040313721 -0.05029017850756645 0.003907186910510063
v -0.03156299889087677 -0.0519193634390831 0.007440079934895039
v -0.028740275651216507 -0.0494990199804306 0.005404798313975334
v -0.031083770096302032 -0.04775700345635414 0.001871770597063005
v -0.03308716416358948 -0.06466472893953323 -0.02014930732548237
v -0.03191794455051422 -0.06608840078115463 -0.017894236370921135
v -0.03504559397697449 -0.06971524655818939 -0.018620753660798073
v -0.036231935024261475 -0.06873002648353577 -0.020119797438383102
v -0.03782707452774048 -0.06799168884754181 -0.02188468910753727
v -0.0359976664185524 -0.06570342183113098 -0.02171964943408966
v -0.028502294793725014 -0.06080324947834015 -0.019161997362971306
v -0.028018232434988022 -0.062252603471279144 -0.01762387715280056
v -0.032647911459207535 -0.061870865523815155 -0.022155972197651863
v -0.029346708208322525 -0.05868843197822571 -0.019931845366954803
v -0.03647130727767944 -0.0644545778632164 -0.023168019950389862
v -0.02788800373673439 -0.040335722267627716 -0.024861259385943413
v -0.030013522133231163 -0.04021488130092621 -0.023769661784172058
v -0.026653584092855453 -0.03826304152607918 -0.025182904675602913
v -0.024685947224497795 -0.04131856560707092 -0.024327149614691734
v -0.02913670800626278 -0.036376990377902985 -0.02427145466208458
v -0.037289395928382874 -0.06522458046674728 -0.009626021608710289
v -0.036079730838537216 -0.06531462073326111 -0.012866148725152016
v -0.035313401371240616 -0.0642811506986618 -0.015274802222847939
v -0.0369252972304821 -0.06748657673597336 0.009084928780794144
v -0.03720080852508545 -0.06745592504739761 0.011047862470149994
v -0.03863642364740372 -0.0664818286895752 0.007169434800744057
v -0.036933090537786484 -0.06527362763881683 0.0068447161465883255
v -0.03656688332557678 -0.07191076874732971 -0.01916368678212166
v -0.03529424965381622 -0.07077283412218094 -0.01697544939815998
v -0.03734825551509857 -0.07254304736852646 -0.017824918031692505
v -0.0395241379737854 -0.07110843807458878 -0.018582237884402275
v -0.0379176065325737 -0.07166412472724915 -0.02054210752248764
v -0.03723546117544174 -0.06796769797801971 0.021338634192943573
v -0.03510195389389992 -0.06568436324596405 0.020782077684998512
v -0.036270879209041595 -0.06352929770946503 0.02269618585705757
v -0.03904165327548981 -0.06734681129455566 0.02246934548020363
v -0.03930859640240669 -0.07094542682170868 0.02154458686709404
v -0.0369991809129715 -0.07024852186441422 0.02021683193743229
v -0.03441750258207321 -0.06787756085395813 0.018819108605384827
v -0.03862672299146652 -0.07330351322889328 0.020161010324954987
v -0.03648364543914795 -0.07262665033340454 0.018667036667466164
v -0.04033611714839935 -0.07291363924741745 0.018631357699632645
v -0.037424154579639435 -0.07315996289253235 0.01654510200023651
v -0.041842155158519745 -0.07016193121671677 0.020895686000585556
v -0.029774945229291916 -0.03979262709617615 -0.02140270359814167
v -0.028491545468568802 -0.03719306364655495 -0.02149799093604088
v -0.03247024491429329 -0.0370732918381691 0.01805470697581768
v -0.031880635768175125 -0.03982800990343094 0.018115490674972534
v -0.03873540088534355 -0.06681621819734573 -0.02323291078209877
v -0.036686308681964874 -0.06900528818368912 -0.017273012548685074
v -0.03884110972285271 -0.06251164525747299 0.01908584125339985
v -0.040221069008111954 -0.0650235190987587 0.01954224705696106
v -0.04144654795527458 -0.06546508520841599 0.022306855767965317
v -0.03820313885807991 -0.06209661066532135 0.020993972197175026
v -0.035070471465587616 -0.06019774079322815 0.018401198089122772
v -0.03758254647254944 -0.06114392727613449 0.015568007715046406
v -0.04055522009730339 -0.0633666068315506 0.01566355675458908
v -0.039575546979904175 -0.07000219821929932 -0.022645318880677223
v -0.04029914364218712 -0.06707659363746643 -0.02452024444937706
v -0.037607043981552124 -0.06294292211532593 -0.02540702372789383
v -0.04212816059589386 -0.06984714418649673 -0.021548712626099586
v -0.03963515907526016 -0.06783495098352432 -0.01796758361160755
v -0.04158172756433487 -0.06714550405740738 -0.019706998020410538
v -0.03755313530564308 -0.06680329889059067 -0.016395995393395424
v -0.03175163269042969 -0.046927060931921005 -0.0006702926475554705
v -0.03493305668234825 -0.04655739665031433 -0.0005570438224822283
v -0.03848515450954437 -0.04824281856417656 -0.0004602990229614079
v -0.03807241469621658 -0.04943966493010521 0.0015134712448343635
v -0.034179430454969406 -0.04669015109539032 -0.003737335791811347
v -0.03107532300055027 -0.047189876437187195 -0.003031851490959525
v -0.03502658009529114 -0.048552706837654114 -0.005129693076014519
v -0.038444701582193375 -0.04946848005056381 -0.003872224362567067
v -0.03845588117837906 -0.04840715229511261 -0.002366483910009265
v -0.03534312918782234 -0.04985738545656204 -0.005682236049324274
v -0.03357916325330734 -0.05026661604642868 -0.00797176081687212
v -0.035932429134845734 -0.05259239673614502 -0.008033531717956066
v -0.03789488226175308 -0.0511779710650444 -0.005364015698432922
v -0.03860890865325928 -0.059466950595378876 -0.018527381122112274
v -0.04021523892879486 -0.05934683978557587 -0.01350677851587534
v -0.03698357939720154 -0.0570329949259758 -0.012773115187883377
v -0.034564562141895294 -0.056814275681972504 -0.016393961384892464
v -0.03261954337358475 -0.056252844631671906 -0.018564794212579727
v -0.03611670434474945 -0.058805666863918304 -0.02121330238878727
v -0.03967474400997162 -0.06142128258943558 -0.023789890110492706
v -0.03986789286136627 -0.06188478320837021 -0.02159486897289753
v -0.04093104600906372 -0.06249433755874634 -0.017812946811318398
v -0.04216259717941284 -0.06122957170009613 -0.013670156709849834
v -0.04117288067936897 -0.06444435566663742 -0.021310320124030113
v -0.03429766744375229 -0.04011796414852142 0.023202072829008102
v -0.03363439068198204 -0.03672399744391441 0.024128323420882225
v -0.03451758250594139 -0.03614243492484093 0.02022726647555828
v -0.034186892211437225 -0.04036639258265495 0.0204833522439003
v -0.03139534965157509 -0.0429704524576664 0.023533228784799576
v -0.0301318671554327 -0.03998876363039017 0.025499898940324783
v -0.030837301164865494 -0.04346693307161331 0.02041052095592022
v -0.042256392538547516 -0.06576845794916153 -0.02380727231502533
v -0.04272611439228058 -0.06445056945085526 -0.003095332533121109
v -0.03976762294769287 -0.06414080411195755 -0.006522336509078741
v -0.039715226739645004 -0.06037385016679764 -0.0034970855340361595
v -0.03962499275803566 -0.060603320598602295 -0.00036292258300818503
v -0.042107801884412766 -0.0635448470711708 0.0002766682591754943
v -0.04354774206876755 -0.06566468626260757 0.0015926643973216414
v -0.04711243882775307 -0.067434161901474 -0.00047458853805437684
v -0.04854735732078552 -0.0682770237326622 -0.0037726585287600756
v -0.04478936269879341 -0.0660000592470169 -0.005315606947988272
v -0.041932009160518646 -0.064743772149086 -0.0075700064189732075
v -0.044900767505168915 -0.0640895739197731 0.0023256998974829912
v -0.04831375181674957 -0.065249964594841 0.001395044382661581
v -0.052897676825523376 -0.0649268850684166 0.0008864525589160621
v -0.05342898517847061 -0.06700367480516434 -0.000396802497562021
v -0.0540299117565155 -0.06732287257909775 -0.002774979220703244
v -0.04568714648485184 -0.051514532417058945 0.0006243391544558108
v -0.04807302728295326 -0.050155818462371826 0.0004984294646419585
v -0.048992130905389786 -0.05235271900892258 0.0010475537274032831
v -0.045798409730196 -0.05387480556964874 0.0017955832881852984
v -0.04332106560468674 -0.050550371408462524 -0.0006212114240042865
v -0.04738665372133255 -0.04934939742088318 -0.0015263445675373077
v -0.04232596978545189 -0.05186264216899872 0.0017448203871026635
v -0.04951655864715576 -0.0659678503870964 -0.004738809075206518
v -0.04691166430711746 -0.06402194499969482 -0.006016185041517019
v -0.05208377167582512 -0.05873966962099075 -0.005346284713596106
v -0.055109988898038864 -0.058728449046611786 -0.00484489044174552
v -0.05451434478163719 -0.05578172951936722 -0.004326143767684698
v -0.05106635019183159 -0.055184341967105865 -0.004560867324471474
v -0.0503433458507061 -0.06185164302587509 -0.0071579329669475555
v -0.055218279361724854 -0.06134331226348877 -0.005750382784754038
v -0.04866888001561165 -0.05847614258527756 -0.006267770659178495
v -0.05612366646528244 -0.06409214437007904 0.0009656542679294944
v -0.053136687725782394 -0.06247663497924805 0.0009444800089113414
v -0.05662601813673973 -0.06189468502998352 0.0011747530661523342
v -0.059622522443532944 -0.06236252933740616 0.0008460490498691797
v -0.05772897228598595 -0.06568097323179245 0.0003529548121150583
v -0.056468937546014786 -0.05392397195100784 -0.003806777996942401
v -0.05208653211593628 -0.050767578184604645 -0.0038319595623761415
v -0.05821999907493591 -0.05827673524618149 -0.004439835902303457
v -0.057612381875514984 -0.06283673644065857 -0.005202232860028744
v -0.05841871351003647 -0.06479404121637344 -0.004605887457728386
v -0.06007549166679382 -0.06192094087600708 -0.00398694071918726
v -0.058071695268154144 -0.061062492430210114 -0.005024802405387163
v -0.05590656399726868 -0.0633237287402153 -0.0054889558814466
v -0.05648208409547806 -0.054559219628572464 0.00013545528054237366
v -0.053459279239177704 -0.054032761603593826 0.0005485507426783442
v -0.05328559875488281 -0.05097975581884384 0.00040574255399405956
v -0.05767736956477165 -0.05327202007174492 -0.00002261598092445638
v -0.05973835289478302 -0.05807872116565704 0.00048088267794810236
v -0.05682477727532387 -0.0582786425948143 0.0006834984524175525
v -0.0535627081990242 -0.05857870727777481 0.0006636473117396235
v 0.018466118723154068 -0.053595878183841705 0.004975904244929552
v 0.019623536616563797 -0.053781911730766296 -0.0029201817233115435
v 0.013462662696838379 -0.05215590447187424 0.010974973440170288
v 0.006513198837637901 -0.05028770491480827 0.01404740009456873
v 0.007689348421990871 -0.050736743956804276 0.016983365640044212
v 0.016076356172561646 -0.053193286061286926 0.013319117948412895
v 0.021741637960076332 -0.054392632097005844 0.005827384535223246
v 0.009001245722174644 -0.05166170001029968 0.01968362368643284
v 0.018159881234169006 -0.05396369472146034 0.01519850455224514
v 0.024006664752960205 -0.05590203031897545 0.00640763808041811
v 0.02440175786614418 -0.05675610899925232 -0.003961103968322277
v 0.022522123530507088 -0.05511752516031265 -0.003576042130589485
v 0.01903006061911583 -0.05720841884613037 0.01626417227089405
v 0.024211542680859566 -0.05893339216709137 0.00648846011608839
v 0.02461574226617813 -0.05952051281929016 -0.004057744517922401
v 0.020606864243745804 -0.05844813585281372 -0.014393692836165428
v 0.020251702517271042 -0.05535462871193886 -0.013643926940858364
v 0.02275906130671501 -0.06196518987417221 0.005892438814043999
v 0.022907402366399765 -0.06222637742757797 -0.0038801676128059626
v 0.0191153846681118 -0.061448946595191956 -0.01380959153175354
v 0.010086598806083202 -0.0582624152302742 -0.019659582525491714
v 0.011111033149063587 -0.05509090796113014 -0.02025921270251274
v 0.02031315676867962 -0.06709292531013489 -0.0040093171410262585
v 0.01688322424888611 -0.06586886197328568 -0.013339622877538204
v 0.008807044476270676 -0.06307385861873627 -0.01881614327430725
v 0.014331799000501633 -0.07264615595340729 -0.013770800083875656
v 0.007882370613515377 -0.0698566883802414 -0.01895262487232685
v 0.012404344975948334 -0.07834501564502716 -0.014313360676169395
v 0.006801837123930454 -0.07554644346237183 -0.020288147032260895
v -0.0012007812038064003 -0.07192172855138779 -0.0221627838909626
v -0.006723426282405853 -0.06983344256877899 -0.02265247330069542
v 0.005646856501698494 -0.07896388322114944 -0.020851340144872665
v -0.002058355137705803 -0.0749833807349205 -0.02317236363887787
v -0.007558703422546387 -0.07279468327760696 -0.023752233013510704
v -0.01151544600725174 -0.07080396264791489 -0.020757025107741356
v -0.010793840512633324 -0.06844354420900345 -0.02004210650920868
v -0.011643039993941784 -0.07259953767061234 -0.019848447293043137
v -0.010438838973641396 -0.06558143347501755 -0.018744107335805893
v -0.013628647662699223 -0.06353514641523361 -0.013927617110311985
v -0.01329040341079235 -0.06144171208143234 -0.013690567575395107
v -0.010489439591765404 -0.06274864822626114 -0.018234683200716972
v -0.014809773303568363 -0.059216201305389404 -0.00748542370274663
v -0.015383560210466385 -0.061035335063934326 -0.007636081427335739
v -0.0164497047662735 -0.06360960751771927 -0.007778252009302378
v -0.01610085740685463 -0.0626525804400444 -0.0002271158737130463
v -0.014978857710957527 -0.06008899211883545 -0.00009878706623567268
v -0.014151000417768955 -0.05840146541595459 0.00013029742694925517
v -0.01658659055829048 -0.06301262229681015 0.007200537249445915
v -0.017117848619818687 -0.06563427299261093 -0.00029714577249251306
v -0.017981912940740585 -0.06579368561506271 0.007095987908542156
v -0.01615764945745468 -0.06683667004108429 0.014657553285360336
v -0.014956684783101082 -0.0644199326634407 0.014072791673243046
v -0.0130962198600173 -0.06859169900417328 0.019721653312444687
v -0.012124655768275261 -0.06615957617759705 0.018942421302199364
v -0.011609151028096676 -0.06364528089761734 0.0182191152125597
v -0.011482500471174717 -0.06190768629312515 0.01827080175280571
v -0.009911339730024338 -0.06689951568841934 0.021829664707183838
v -0.010253636166453362 -0.06416419893503189 0.021088074892759323
v -0.010841414332389832 -0.06266284734010696 0.020820794627070427
v -0.006627749651670456 -0.06808381527662277 0.022318091243505478
v -0.0006460705772042274 -0.0700424388051033 0.021764112636446953
v -0.010653059929609299 -0.06969530135393143 0.022779718041419983
v -0.006865411996841431 -0.071333147585392 0.02354017086327076
v -0.00043075717985630035 -0.07424480468034744 0.022842051461338997
v 0.007137211970984936 -0.0779702216386795 0.019443407654762268
v 0.00743887759745121 -0.07315118610858917 0.0191008560359478
v -0.007473234087228775 -0.07441346347332001 0.023162944242358208
v -0.0012147529050707817 -0.07755139470100403 0.022371573373675346
v 0.00590564776211977 -0.08138693869113922 0.018996262922883034
v 0.01128328125923872 -0.0837734192609787 0.013186867348849773
v 0.012909747660160065 -0.0807788223028183 0.013602063059806824
v -0.0019362112507224083 -0.07819300144910812 0.01972152851521969
v 0.004068169742822647 -0.08133181184530258 0.016434360295534134
v 0.009143267758190632 -0.08362478762865067 0.011167855001986027
v 0.011854860931634903 -0.08409824222326279 0.0034497107844799757
v 0.014086011797189713 -0.08596106618642807 0.003971049562096596
v 0.0019198143854737282 -0.07895207405090332 0.013058790005743504
v -0.00280871894210577 -0.07695649564266205 0.01639084331691265
v -0.005850553512573242 -0.0760912150144577 0.010817226953804493
v -0.001784633845090866 -0.07662459462881088 0.008309428580105305
v -0.0073807500302791595 -0.07505235821008682 0.01774444431066513
v -0.009099875576794147 -0.0744013786315918 0.012251506559550762
v -0.010473519563674927 -0.07355266809463501 0.006098005920648575
v -0.012488210573792458 -0.07261919230222702 0.006505712401121855
v -0.014414187520742416 -0.07125982642173767 0.006760377902537584
v -0.014350492507219315 -0.07102854549884796 -0.0003555046278052032
v -0.012470394372940063 -0.07276862859725952 -0.00007242004357976839
v -0.010282516479492188 -0.07326267659664154 0.00011496608203742653
v -0.013834202662110329 -0.07112640887498856 -0.007095805369317532
v -0.011334439739584923 -0.07249212265014648 -0.006341815926134586
v -0.009165287017822266 -0.07379104942083359 -0.005609440617263317
v -0.012102803215384483 -0.0719844251871109 -0.013195798732340336
v -0.00940410140901804 -0.0733063742518425 -0.012245332822203636
v -0.006700948812067509 -0.07484583556652069 -0.011232978664338589
v -0.002696637064218521 -0.07687374204397202 -0.009239175356924534
v -0.0046699391677975655 -0.07613222301006317 -0.016690094023942947
v 0.0008881073445081711 -0.07879924029111862 -0.01411159336566925
v 0.0053717102855443954 -0.08097027242183685 -0.009504614397883415
v 0.0011906186118721962 -0.07769791036844254 -0.006003683898597956
v 0.002754446119070053 -0.0800858661532402 -0.017338942736387253
v 0.008267944678664207 -0.08295579999685287 -0.01199763547629118
v 0.011281739920377731 -0.0834556445479393 -0.004876862280070782
v 0.009876617230474949 -0.08446188271045685 -0.013626507483422756
v 0.013185832649469376 -0.08526429533958435 -0.005456587765365839
v 0.01165466196835041 -0.08178932964801788 -0.014762427657842636
v 0.015061220154166222 -0.08349305391311646 -0.00558086484670639
v 0.01574406586587429 -0.08336959779262543 0.00413442263379693
v 0.015851452946662903 -0.08009102940559387 -0.005282351281493902
v 0.016483958810567856 -0.0796811506152153 0.004136015195399523
v 0.013600509613752365 -0.07658430188894272 0.013343559578061104
v 0.017747245728969574 -0.07394982874393463 0.004200486931949854
v 0.014976315200328827 -0.07094983756542206 0.013477208092808723
v 0.020367996767163277 -0.06701236963272095 0.004784423392266035
v 0.01623893529176712 -0.06488016992807388 0.013979681767523289
v 0.017782267183065414 -0.060507796704769135 0.015274754725396633
v 0.00879642553627491 -0.05744962394237518 0.019331209361553192
v 0.009394497610628605 -0.05471637472510338 0.02065369114279747
v 0.01751280575990677 -0.07440036535263062 -0.004784735850989819
v 0.0039019854739308357 -0.08096322417259216 -0.019623640924692154
v -0.014311756938695908 -0.07112665474414825 -0.014115551486611366
v -0.016577551141381264 -0.07058987021446228 -0.007474926300346851
v -0.018944380804896355 -0.06896880269050598 -0.0076703415252268314
v -0.01579124480485916 -0.06992864608764648 -0.014864698052406311
v -0.016437824815511703 -0.06964398920536041 -0.0005699479370377958
v -0.01735319383442402 -0.06787313520908356 -0.0004617069789674133
v -0.017820119857788086 -0.0662861242890358 -0.007751871831715107
v -0.017059223726391792 -0.07040831446647644 0.00682033272460103
v -0.018966393545269966 -0.06840753555297852 0.006909377407282591
v -0.01707366108894348 -0.06947029381990433 0.014911890029907227
v -0.013814173638820648 -0.07131309062242508 0.01978309080004692
v -0.011300474405288696 -0.07300646603107452 0.022381044924259186
v -0.007350356318056583 -0.07547179609537125 0.02080167457461357
v -0.012044616974890232 -0.060651347041130066 0.019044194370508194
v -0.01104387454688549 -0.06019655615091324 -0.018235402181744576
v 0.0008537936955690384 -0.05074042081832886 -0.02174472250044346
v 0.0017210636287927628 -0.048052024096250534 -0.02024916559457779
v 0.011254561133682728 -0.05247610807418823 -0.018801137804985046
v 0.0016897395253181458 -0.047346726059913635 -0.01791544444859028
v 0.01053059846162796 -0.05100713670253754 -0.016716521233320236
v 0.018544860184192657 -0.054034799337387085 -0.012191347777843475
v -0.0061193122528493404 -0.049320027232170105 -0.02058057300746441
v -0.00978455413132906 -0.049221400171518326 -0.020626477897167206
v -0.009535085409879684 -0.05276475474238396 -0.021968362852931023
v -0.012254576198756695 -0.0522085465490818 -0.023502923548221588
v -0.010153497569262981 -0.05627463757991791 -0.02289852872490883
v -0.012671127915382385 -0.055268991738557816 -0.024491338059306145
v -0.014865076169371605 -0.054488349705934525 -0.027154944837093353
v -0.014835404232144356 -0.05135676637291908 -0.02609076350927353
v -0.016720551997423172 -0.050373539328575134 -0.029997877776622772
v -0.016580520197749138 -0.04741773381829262 -0.02949090488255024
v -0.016888335347175598 -0.053175415843725204 -0.030921220779418945
v -0.01842675171792507 -0.044313374906778336 -0.034238625317811966
v -0.01688547059893608 -0.04493245109915733 -0.029203714802861214
v -0.01846601814031601 -0.04598753899335861 -0.029278486967086792
v -0.0186688881367445 -0.045733366161584854 -0.02620309591293335
v -0.019619230180978775 -0.04808666929602623 -0.030080646276474
v -0.02027183398604393 -0.048199597746133804 -0.02740957774221897
v -0.021682385355234146 -0.046953145414590836 -0.025630546733736992
v -0.019727423787117004 -0.044566407799720764 -0.024338465183973312
v -0.023082703351974487 -0.04456743225455284 -0.024589737877249718
v -0.021074671298265457 -0.042511019855737686 -0.02334349788725376
v -0.02255864255130291 -0.03941686078906059 -0.023473545908927917
v -0.02429807186126709 -0.0359794907271862 -0.024099240079522133
v -0.026315128430724144 -0.03314948081970215 -0.02399909310042858
v -0.0237475223839283 -0.04906706139445305 -0.02700573392212391
v -0.02217612788081169 -0.05061852186918259 -0.02869189716875553
v -0.025806108489632607 -0.05077901482582092 -0.02748623490333557
v -0.021072091534733772 -0.05048174783587456 -0.031151073053479195
v -0.020704224705696106 -0.043987929821014404 -0.03847092390060425
v -0.050242830067873 -0.05865798890590668 0.0012162087950855494
v -0.05008520185947418 -0.054979756474494934 0.0014235818525776267
v -0.049198441207408905 -0.06241730600595474 0.001266057719476521
v -0.04630453512072563 -0.061822310090065 0.002534954808652401
v -0.047750525176525116 -0.05904413014650345 0.0026570947375148535
v -0.04571560397744179 -0.06043612211942673 0.005484649445861578
v -0.045266177505254745 -0.058330416679382324 0.005192799959331751
v -0.04764506220817566 -0.05633710324764252 0.0025340684223920107
v -0.04421800374984741 -0.06248169392347336 0.0053750015795230865
v -0.042524516582489014 -0.06520094722509384 0.00974137894809246
v -0.04323204606771469 -0.06313665211200714 0.010203635320067406
v -0.042342089116573334 -0.06376765668392181 0.004995050840079784
v -0.04004240781068802 -0.06625964492559433 0.009280108846724033
v -0.04106903076171875 -0.06460192799568176 0.004131794907152653
v -0.039641331881284714 -0.06376229971647263 0.0034144336823374033
v -0.03763929754495621 -0.06162464618682861 0.0030785235576331615
v -0.03634290397167206 -0.057776592671871185 -0.0004730588407255709
v -0.03484979271888733 -0.05898883938789368 0.002913285978138447
v -0.03379072621464729 -0.055165357887744904 -0.0005408191354945302
v -0.03258400037884712 -0.055843956768512726 0.00240284763276577
v -0.03235187754034996 -0.05219990760087967 -0.000728905200958252
v -0.03148847445845604 -0.0525909885764122 0.0017954244976863265
v -0.029066313058137894 -0.05320713669061661 0.005013471469283104
v -0.02492724359035492 -0.053472504019737244 0.0077493214048445225
v -0.030460968613624573 -0.05009708181023598 0.0014590995851904154
v -0.02830985188484192 -0.0507831946015358 0.004585657734423876
v -0.02455395832657814 -0.050789933651685715 0.007074485998600721
v -0.031135883182287216 -0.04961952939629555 -0.0008525552111677825
v -0.03191254660487175 -0.052381716668605804 -0.0028914553113281727
v -0.03099471889436245 -0.049698226153850555 -0.0029127520974725485
v -0.03081423044204712 -0.0524706169962883 -0.005270138382911682
v -0.029696326702833176 -0.04996700584888458 -0.005136027466505766
v -0.0281114149838686 -0.05239163339138031 -0.007929984480142593
v -0.02711685374379158 -0.049755118787288666 -0.007467405404895544
v -0.02368568442761898 -0.05161779001355171 -0.010262716561555862
v -0.023278456181287766 -0.04843499884009361 -0.009790436364710331
v -0.02048642188310623 -0.05379781872034073 -0.013062575832009315
v -0.01725822500884533 -0.05335631221532822 -0.013752181082963943
v -0.03339634835720062 -0.05528910458087921 -0.002989913569763303
v -0.03609665855765343 -0.05761203169822693 -0.003303759964182973
v -0.04156380891799927 -0.06573402136564255 0.015442244708538055
v -0.04224785789847374 -0.061513788998126984 0.0099717378616333
v -0.041001930832862854 -0.0675107091665268 0.014466711319983006
v -0.04027396813035011 -0.07021578401327133 0.017385266721248627
v -0.04131656140089035 -0.0681457370519638 0.018788717687129974
v -0.03914954513311386 -0.06757952272891998 0.013639234937727451
v -0.038192231208086014 -0.0700768306851387 0.016021117568016052
v -0.04032997041940689 -0.06004134565591812 0.009477682411670685
v -0.043760452419519424 -0.05663108825683594 0.0047995103523135185
v -0.037061676383018494 -0.057984448969364166 0.00840869452804327
v -0.04077848419547081 -0.05494214966893196 0.0041177403181791306
v -0.03374231606721878 -0.05465240404009819 0.007806737441569567
v -0.036767493933439255 -0.052160900086164474 0.003899605944752693
v -0.05924919247627258 -0.05177346616983414 -0.0008337976178154349
v -0.06149908900260925 -0.05804024636745453 -0.0013135054614394903
v -0.06052766740322113 -0.06270111352205276 -0.0016587508143857121
v -0.05824226140975952 -0.06564893573522568 -0.002278026659041643
v -0.06064808368682861 -0.05800008028745651 -0.0035622064024209976
v -0.05854366347193718 -0.05220719799399376 -0.0031588091515004635
v -0.053234029561281204 -0.04856836795806885 0.0001270029169972986
v -0.052879273891448975 -0.04818737506866455 -0.002412612084299326
v -0.0470941923558712 -0.049746498465538025 -0.003692823927849531
v -0.0429018959403038 -0.04986722394824028 -0.002620319603011012
v -0.042678430676460266 -0.051095638424158096 -0.00401710532605648
v -0.04681204631924629 -0.05273350328207016 -0.004419130738824606
v -0.04210147634148598 -0.05329703912138939 -0.0054722861386835575
v -0.045757077634334564 -0.05585348978638649 -0.005726504139602184
v -0.04016841948032379 -0.055534958839416504 -0.00842470396310091
v -0.043493762612342834 -0.058017976582050323 -0.008992847055196762
v -0.04529599845409393 -0.06008434295654297 -0.009571022354066372
v -0.04256339371204376 -0.0631195455789566 -0.013050597161054611
v -0.0454871691763401 -0.06221254914999008 -0.009623313322663307
v -0.04147019237279892 -0.0643167570233345 -0.011982808820903301
v -0.04391719400882721 -0.06357315182685852 -0.008588979952037334
v -0.039722178131341934 -0.06510785967111588 -0.010792781598865986
v -0.040156491100788116 -0.06552267074584961 -0.015447387471795082
v -0.03838585317134857 -0.06538097560405731 -0.014052637852728367
v -0.041357509791851044 -0.06467557698488235 -0.016713762655854225
v -0.03326020389795303 -0.05410797894001007 -0.01183730736374855
v -0.03146578371524811 -0.051505230367183685 -0.011526135727763176
v -0.05403415486216545 -0.06562774628400803 -0.004877240862697363
v -0.026992447674274445 -0.043780144304037094 0.02532104402780533
v -0.02491975948214531 -0.0412466898560524 0.02419494464993477
v -0.027587905526161194 -0.03738806024193764 0.024210134521126747
v -0.030228430405259132 -0.03408031165599823 0.02300853468477726
v -0.023665567860007286 -0.035723913460969925 0.021658774465322495
v -0.02528960071504116 -0.03324440121650696 0.02081148698925972
v -0.026417551562190056 -0.032165199518203735 0.018681926652789116
v -0.031418416649103165 -0.033212363719940186 0.01976817473769188
v -0.021968765184283257 -0.03431393578648567 0.017385799437761307
v -0.021875524893403053 -0.03875239938497543 0.021626925095915794
v -0.033983781933784485 -0.05956453084945679 -0.022741146385669708
v -0.030809322372078896 -0.057064592838287354 -0.01966477371752262
v -0.02831333503127098 -0.054546721279621124 -0.018509581685066223
v -0.026861444115638733 -0.0561097152531147 -0.01879669725894928
v -0.026096200570464134 -0.05249631032347679 -0.01818779483437538
v -0.024479329586029053 -0.054266903549432755 -0.0186957698315382
v -0.02331540361046791 -0.05614171549677849 -0.019048715010285378
v -0.025835808366537094 -0.05774863064289093 -0.018376078456640244
v -0.022437192499637604 -0.057490453124046326 -0.01815563626587391
v -0.025176938623189926 -0.0589810386300087 -0.017363334074616432
v -0.02142215520143509 -0.05497501790523529 -0.01962525025010109
v -0.022665634751319885 -0.0529249832034111 -0.019108546897768974
v -0.022006094455718994 -0.05219030752778053 -0.020707158371806145
v -0.020423322916030884 -0.054197169840335846 -0.02095981501042843
v -0.020590372383594513 -0.05388985574245453 -0.022954879328608513
v -0.021745268255472183 -0.05401710048317909 -0.02529909834265709
v -0.024420179426670074 -0.05079066380858421 -0.018690047785639763
v -0.03358649089932442 -0.06550862640142441 -0.01652556285262108
v -0.03174713999032974 -0.0670497938990593 -0.016041746363043785
v -0.03304442763328552 -0.06021628528833389 0.020412731915712357
v -0.029891442507505417 -0.05796777456998825 0.017859527841210365
v -0.028270212933421135 -0.05981890857219696 0.017955590039491653
v -0.0253065787255764 -0.0569240003824234 0.017595067620277405
v -0.027007538825273514 -0.05463375896215439 0.01741192489862442
v -0.03160394728183746 -0.06265828013420105 0.019517559558153152
v -0.031135911121964455 -0.06460598111152649 0.017663588747382164
v -0.02230563759803772 -0.04591115564107895 0.03371880203485489
v -0.023836001753807068 -0.048518333584070206 0.033979177474975586
v -0.025280851870775223 -0.05104823410511017 0.03447303548455238
v -0.023941660299897194 -0.05271986871957779 0.03608177229762077
v -0.01957833766937256 -0.05489854887127876 0.03214282914996147
v -0.021429050713777542 -0.051761943846940994 0.03695114329457283
v -0.01886403001844883 -0.05202702060341835 0.0314716137945652
v -0.020619500428438187 -0.049114204943180084 0.03594294935464859
v -0.018762588500976562 -0.048881687223911285 0.030598588287830353
v -0.020075855776667595 -0.04647272825241089 0.03497083857655525
v -0.02069270983338356 -0.044011104851961136 0.033846963196992874
v -0.016991397365927696 -0.05409614369273186 0.0276937372982502
v -0.0174091886729002 -0.050713349133729935 0.02664613351225853
v -0.015425593592226505 -0.05516944080591202 0.02513868361711502
v -0.01565292477607727 -0.051699474453926086 0.02402946539223194
v -0.013739895075559616 -0.056001197546720505 0.023381924256682396
v -0.013717961497604847 -0.0522620864212513 0.022212054580450058
v -0.012118130922317505 -0.04865998029708862 0.019643042236566544
v -0.016296282410621643 -0.058122359216213226 0.02542826719582081
v -0.014585879631340504 -0.05911701172590256 0.023603450506925583
v -0.018185479566454887 -0.05689822882413864 0.028182141482830048
v -0.01964458078145981 -0.05479500815272331 0.012684745714068413
v -0.0175202377140522 -0.05457787960767746 0.013346849009394646
v -0.01572013460099697 -0.05473650246858597 0.013228354044258595
v -0.01504194363951683 -0.0515274852514267 0.011485529132187366
v -0.014141365885734558 -0.04808948189020157 0.011153935454785824
v -0.0124870166182518 -0.04851376637816429 0.009488658048212528
v -0.010417789220809937 -0.04581711068749428 0.005675034131854773
v -0.011316690593957901 -0.04896887391805649 0.005998886656016111
v -0.00946998130530119 -0.046576980501413345 -0.00036631684633903205
v -0.008474579080939293 -0.04456126317381859 -0.0004918143968097866
v -0.010540183633565903 -0.04671715199947357 -0.006381334271281958
v -0.00963047705590725 -0.04335043206810951 0.005796558223664761
v -0.006821947637945414 -0.0438070222735405 -0.000476418761536479
v -0.00471458351239562 -0.04416968300938606 -0.0003591481363400817
v -0.011930095963180065 -0.04719659686088562 -0.01053535658866167
v -0.015643063932657242 -0.06794512271881104 -0.015129000879824162
v -0.014456456527113914 -0.0659174844622612 -0.014551692642271519
v 0.024414915591478348 -0.004132963716983795 -0.003940054215490818
v 0.02735844999551773 -0.006400711834430695 -0.006112496368587017
v 0.02868332341313362 -0.006732605397701263 0.001281457720324397
v 0.023633388802409172 -0.004543818533420563 0.0007260720012709498
v 0.019009483978152275 -0.0020841434597969055 -0.0015366316074505448
v 0.0204749945551157 -0.0035280128940939903 -0.007012068293988705
v 0.015369836241006851 -0.0022754911333322525 0.009476430714130402
v 0.018405606970191002 -0.004453669302165508 0.011201849207282066
v 0.014446664601564407 -0.004078933037817478 0.01308920606970787
v 0.013677848502993584 -0.0020221322774887085 0.011746600270271301
v 0.01045115664601326 -0.0018543154001235962 0.010464572347700596
v 0.011607155203819275 -0.0009567332454025745 0.0073487116023898125
v 0.009877641685307026 -0.0031050601974129677 0.012757677584886551
v 0.008882870897650719 0.012486548162996769 0.01716070994734764
v 0.017967406660318375 0.011996770277619362 0.017504438757896423
v 0.01873215101659298 0.016917593777179718 0.01787436194717884
v 0.01072598248720169 0.01822502538561821 0.017602570354938507
v 0.005051454529166222 0.01849122904241085 0.017074624076485634
v 0.0033690286800265312 0.014519017189741135 0.016576310619711876
v 0.009608198888599873 0.007329558953642845 0.018130473792552948
v 0.017434295266866684 0.006641853600740433 0.01815331168472767
v 0.0005640420131385326 0.011380171403288841 0.015301475301384926
v 0.003204705659300089 0.009816749021410942 0.015341058373451233
v 0.004220390226691961 0.00714243296533823 0.015428349375724792
v 0.0036555808037519455 -0.0019365707412362099 0.009388420730829239
v 0.005757457576692104 -0.001971328631043434 0.011178376153111458
v 0.004363067913800478 -0.0024797990918159485 0.013012900948524475
v 0.0021855663508176804 -0.0024577174335718155 0.009889913722872734
v 0.0018487842753529549 -0.0023432401940226555 0.00633150152862072
v 0.0038261236622929573 -0.0018788790330290794 0.006993352901190519
v 0.006548804230988026 -0.0011241473257541656 0.008706671185791492
v 0.010856478475034237 0.026500647887587547 -0.007814052514731884
v 0.010695052333176136 0.026432624086737633 -0.002974168164655566
v 0.015281960368156433 0.025169992819428444 -0.0034578549675643444
v 0.014974620193243027 0.025252697989344597 -0.01006988249719143
v 0.008838580921292305 0.027504179626703262 -0.009285608306527138
v 0.008050955832004547 0.02680373750627041 -0.003222599159926176
v 0.013990793377161026 0.02571363002061844 -0.014331880956888199
v 0.004578458610922098 -0.002460259012877941 -0.01675231195986271
v 0.003853847272694111 -0.0023433249443769455 -0.0139680290594697
v 0.0011959769763052464 -0.0016094460152089596 -0.013625572435557842
v 0.0031792018562555313 -0.00209798663854599 -0.01772255077958107
v 0.008327377028763294 -0.002894771285355091 -0.018191350623965263
v 0.00834512896835804 -0.002938495948910713 -0.015090081840753555
v 0.008036425337195396 -0.002289712429046631 -0.020374031737446785
v 0.009277019649744034 0.02594187669456005 0.012691855430603027
v 0.01258174329996109 0.02498769946396351 0.013793432153761387
v 0.01294335350394249 0.024222228676080704 0.009615393355488777
v 0.00930524617433548 0.026583246886730194 0.009039868600666523
v 0.006647275760769844 0.027605462819337845 0.009001576341688633
v 0.007689417339861393 0.026702461764216423 0.013993850909173489
v 0.012015629559755325 0.025262441486120224 0.016176346689462662
v 0.0034088408574461937 0.012823360972106457 0.00648597814142704
v 0.00526216346770525 0.014943082816898823 0.0018914941465482116
v 0.004814391955733299 0.009466610848903656 0.0009909612126648426
v 0.003117769956588745 0.00720223318785429 0.004666848573833704
v 0.0012681246735155582 0.008229754865169525 0.00913405604660511
v 0.0011303345672786236 0.010665949434041977 0.010501275770366192
v 0.001875842921435833 0.014818545430898666 0.009264236316084862
v 0.0008975840173661709 0.0049536810256540775 0.008008129894733429
v 0.003454979509115219 0.010320823639631271 -0.007595683913677931
v 0.004011939279735088 0.013723598793148994 -0.007435955572873354
v 0.0021424666047096252 0.014974184334278107 -0.010236091911792755
v 0.0016311421059072018 0.0110768498852849 -0.010790572501718998
v 0.003846127539873123 0.006522023119032383 -0.004161452874541283
v 0.004957444965839386 0.011538193561136723 -0.0032328590750694275
v 0.0017876424826681614 0.0064038778655231 -0.009061101824045181
v 0.0010745842009782791 0.0029949559830129147 -0.015857554972171783
v 0.003233499825000763 0.0029656258411705494 -0.018070708960294724
v 0.0022892490960657597 0.00037332717329263687 -0.018590005114674568
v -0.00004284572787582874 0.0018676272593438625 -0.013956061564385891
v 0.0009397882968187332 0.006089477799832821 -0.012794938869774342
v 0.0019059991464018822 0.005757126957178116 -0.015314421616494656
v 0.0008038482628762722 0.002324345288798213 -0.008572809398174286
v 0.0010328032076358795 -0.0012220791541039944 -0.008574413135647774
v 0.005229458212852478 0.025710618123412132 0.015728499740362167
v 0.01111634448170662 0.024545781314373016 0.01832406222820282
v 0.005550768226385117 0.02186000533401966 0.017059896141290665
v 0.010922959074378014 0.021649962291121483 0.018334871158003807
v 0.003852950409054756 0.026902461424469948 0.009315085597336292
v 0.0020839646458625793 0.025192664936184883 0.011588431894779205
v 0.0023868675343692303 0.023962032049894333 0.014861556701362133
v 0.002191362902522087 0.021432999521493912 0.01669112965464592
v 0.0023010224103927612 0.014906656928360462 -0.01766212470829487
v 0.003957030829042196 0.01011508796364069 -0.017333844676613808
v 0.0016219005919992924 0.00893559493124485 -0.015699097886681557
v 0.00005798647180199623 0.011236855760216713 -0.016581764444708824
v 0.007623312063515186 0.016727544367313385 -0.01808239333331585
v 0.00850535836070776 0.01150597631931305 -0.018619254231452942
v 0.0020529809407889843 0.020462047308683395 -0.017814114689826965
v 0.006374460645020008 0.021192938089370728 -0.018109943717718124
v -0.0015709759900346398 0.016328182071447372 -0.01866063103079796
v -0.001078836852684617 0.020732520148158073 -0.01799592189490795
v -0.0030892365612089634 0.01222588773816824 -0.017639407888054848
v 0.0034734639339149 0.02381117083132267 0.00669926917180419
v 0.0015872828662395477 0.02357454039156437 0.008891673758625984
v 0.004127561114728451 0.026977652683854103 -0.013290340080857277
v 0.003949878271669149 0.026618175208568573 -0.007868766784667969
v 0.007282130420207977 0.028283409774303436 -0.009467385709285736
v 0.012577217072248459 0.0260061863809824 -0.016593439504504204
v 0.013680960983037949 0.02452942542731762 -0.020111525431275368
v 0.005140161141753197 0.024879781529307365 -0.017299776896834373
v 0.002278698608279228 0.02323584258556366 -0.010140491649508476
v 0.0039810072630643845 0.02269117347896099 -0.007264252752065659
v 0.0013042306527495384 0.0255037322640419 -0.01309588085860014
v 0.0006494096014648676 0.023468568921089172 -0.01118740625679493
v 0.001647814642637968 0.023895036429166794 -0.01584964618086815
v -0.0030629541724920273 0.011271210387349129 0.015055673196911812
v -0.0002659624442458153 0.01529721450060606 0.01656651496887207
v -0.0026722464244812727 0.01558623369783163 0.017676981166005135
v -0.005456832237541676 0.012473074719309807 0.01650168187916279
v -0.00791972503066063 0.009315024130046368 0.01378934271633625
v -0.006684187799692154 0.008753407746553421 0.012501624412834644
v -0.0035576866939663887 0.010832371190190315 0.012373632751405239
v -0.0012580007314682007 0.010531146079301834 0.013057949021458626
v -0.006640101317316294 0.01133904792368412 -0.016679035499691963
v -0.00813276693224907 0.01293821819126606 -0.019859351217746735
v -0.0058769118040800095 0.01430798415094614 -0.02072688564658165
v -0.0033534360118210316 0.024502355605363846 0.016313696280121803
v 0.00007342547178268433 0.02414771355688572 0.015599070116877556
v 0.0004174828063696623 0.025471676141023636 0.012552947737276554
v -0.001332852290943265 0.026741998270154 0.013024990446865559
v -0.003471716772764921 0.02173192799091339 0.019092515110969543
v -0.000575982267037034 0.021365974098443985 0.017260927706956863
v -0.007280518300831318 0.02505417726933956 0.021099399775266647
v -0.006634612567722797 0.022516900673508644 0.02316138707101345
v -0.006342866457998753 0.013755658641457558 0.019996967166662216
v -0.00833546370267868 0.015032980591058731 0.019468627870082855
v -0.007888801395893097 0.01338861882686615 0.016121752560138702
v -0.00942009873688221 0.010492395609617233 0.014152574352920055
v -0.00433563394472003 0.01944616064429283 -0.010708637535572052
v -0.0016586175188422203 0.019953308627009392 -0.011828780174255371
v -0.0012609069235622883 0.023667842149734497 -0.011680048890411854
v -0.0034240458626300097 0.02434425801038742 -0.011286492459475994
v -0.003868209198117256 0.015490970574319363 -0.01155990082770586
v -0.0017666186904534698 0.016166329383850098 -0.012309291400015354
v -0.006393574643880129 0.015905987471342087 -0.009142039343714714
v -0.005684231407940388 0.013568773865699768 -0.010205021128058434
v -0.006548786535859108 0.021280743181705475 -0.009617378935217857
v -0.007293780334293842 0.017825059592723846 -0.008129658177495003
v -0.0020410590805113316 0.025001240894198418 0.00980165135115385
v -0.0000578912440687418 0.02403372898697853 0.009724017232656479
v -0.00006403634324669838 0.020329443737864494 0.009995932690799236
v -0.0024154852144420147 0.02007305435836315 0.009902974590659142
v -0.005149866454303265 0.018875742331147194 0.008189472369849682
v -0.004588066600263119 0.024086322635412216 0.008497107774019241
v -0.004593218676745892 0.02852841280400753 0.008637232705950737
v -0.003104371950030327 0.029064686968922615 0.010397428646683693
v -0.0033876951783895493 0.029142949730157852 0.012843257747590542
v -0.0020886450074613094 0.015905816107988358 0.010712003335356712
v -0.00430408725515008 0.014984029345214367 0.009486603550612926
v -0.006900308653712273 0.01270395889878273 0.00725316209718585
v -0.0076700979843735695 0.01541602797806263 0.006021049804985523
v -0.008808978833258152 0.017310798168182373 0.0055291191674768925
v -0.007243284955620766 0.020083051174879074 0.006634449120610952
v -0.0067924801260232925 0.023966621607542038 0.007716696709394455
v -0.00802738219499588 0.009470455348491669 -0.014908675104379654
v -0.009860040619969368 0.011256245896220207 -0.014800324104726315
v -0.009174391627311707 0.0133436881005764 -0.016181381419301033
v -0.004668573383241892 0.010922832414507866 -0.01430022343993187
v -0.006600168067961931 0.009758060798048973 -0.013193476013839245
v -0.010278094559907913 0.014253131113946438 -0.018690424039959908
v -0.009658504277467728 0.015636829659342766 0.018526408821344376
v -0.01141936145722866 0.016958314925432205 0.024272412061691284
v -0.012463456951081753 0.018011335283517838 0.02004344016313553
v -0.010356253013014793 0.014586567878723145 0.01629718951880932
v -0.010605748742818832 0.008527956902980804 0.003973919898271561
v -0.006364165805280209 0.010609026998281479 0.008932019583880901
v -0.009318310767412186 0.006260326597839594 0.0063958740793168545
v -0.012176504358649254 0.0003409343771636486 0.005718728993088007
v -0.013777428306639194 0.0010052160359919071 0.002953617600724101
v -0.01426473818719387 0.0036097990814596415 0.000052033290558028966
v -0.012770846486091614 0.00853781495243311 0.0004499612841755152
v -0.010461697354912758 0.01341084111481905 0.0033766943961381912
v -0.012131443247199059 0.012761199846863747 0.0004998545628041029
v -0.004660661332309246 0.031087491661310196 0.012693152762949467
v -0.004140101373195648 0.032139115035533905 0.011538326740264893
v -0.006539328023791313 0.03352008014917374 0.013416903093457222
v -0.0065047419629991055 0.031222866848111153 0.013875200413167477
v -0.005560095421969891 0.027913685888051987 0.014758000150322914
v -0.008199235424399376 0.02742733061313629 0.017692452296614647
v -0.011065660044550896 0.02610177919268608 0.02028346247971058
v -0.00997217558324337 0.024107519537210464 0.023136744275689125
v -0.009037098847329617 0.02084103785455227 -0.010973401367664337
v -0.00861544068902731 0.018292240798473358 -0.008461210876703262
v -0.01377104315906763 0.02183421701192856 -0.012892251834273338
v -0.01230972446501255 0.017760660499334335 -0.012930750846862793
v -0.009146261028945446 0.017811791971325874 -0.012011566199362278
v -0.008703479543328285 0.016461949795484543 -0.009304959326982498
v -0.010050071403384209 0.01532766129821539 -0.011925716884434223
v -0.012042447924613953 0.014762628823518753 -0.012590263970196247
v -0.00994905550032854 0.013907738029956818 -0.010168488137423992
v -0.012931314297020435 0.012332531623542309 -0.010681454092264175
v -0.017593422904610634 -0.009889248758554459 0.013028929941356182
v -0.016871366649866104 -0.011474784463644028 0.012474097311496735
v -0.015112292021512985 -0.008823824115097523 0.011828558519482613
v -0.01668044738471508 -0.007290937937796116 0.01306990161538124
v -0.01889633946120739 -0.006397233344614506 0.014125094749033451
v -0.019201423972845078 -0.01022694818675518 0.013829559087753296
v -0.01885390654206276 -0.012487402185797691 0.013337607495486736
v -0.010669723153114319 0.013572460040450096 -0.008222532458603382
v -0.010118406265974045 0.01520765945315361 -0.007124459370970726
v -0.012876342982053757 0.012666095048189163 -0.008076541125774384
v -0.012979289516806602 0.014509374275803566 -0.005858602002263069
v -0.013365454971790314 0.0012471717782318592 -0.006673220545053482
v -0.01038583368062973 0.0054691629484295845 -0.008064379915595055
v -0.010678757913410664 0.007696555927395821 -0.006219137459993362
v -0.0136080551892519 0.004392226226627827 -0.003464718582108617
v -0.01288463082164526 0.0018430305644869804 -0.00996327307075262
v -0.011097660288214684 0.005169697571545839 -0.010214867070317268
v -0.01513645239174366 -0.0034040501341223717 -0.00863779615610838
v -0.014030326157808304 -0.002199281007051468 -0.010987166315317154
v -0.01670391857624054 0.0006185965612530708 -0.0020886792335659266
v -0.016237333416938782 -0.0013632974587380886 -0.004138521384447813
v -0.016597986221313477 -0.005270656198263168 -0.006719324737787247
v -0.006136925891041756 0.030995484441518784 0.010167685337364674
v -0.007587755564600229 0.03174726665019989 0.011486616916954517
v -0.007299814373254776 0.03356997296214104 0.011830458417534828
v -0.004853722173720598 0.03281514719128609 0.009215563535690308
v -0.006471744738519192 0.02816631644964218 0.009158284403383732
v -0.007819456979632378 0.028090737760066986 0.010838331654667854
v -0.010960528627038002 0.010576103813946247 -0.005120077170431614
v -0.012759310193359852 0.009185283444821835 -0.0026432296726852655
v -0.017063166946172714 0.0006393231451511383 0.0003177668550051749
v -0.01664961874485016 -0.0008547580800950527 0.0019447831436991692
v -0.014505019411444664 -0.005112277343869209 0.006715833209455013
v -0.01571498066186905 -0.004678369499742985 0.00399944419041276
v -0.018334973603487015 -0.00327114574611187 0.0021313861943781376
v -0.01865319535136223 -0.013121921569108963 0.009489928372204304
v -0.016576161608099937 -0.01362667791545391 0.011429083533585072
v -0.019303124397993088 -0.01436321996152401 0.012495769187808037
v -0.02026825211942196 -0.014348143711686134 0.011069889180362225
v -0.015437768772244453 -0.009858977049589157 0.008849561214447021
v -0.014021663926541805 -0.010196087881922722 0.010489855892956257
v -0.0196261964738369 -0.010613834485411644 0.007887959480285645
v -0.01679157093167305 -0.008827811107039452 0.00719290878623724
v -0.02202218398451805 -0.012822812423110008 0.011708837933838367
v -0.021300608292222023 -0.012263171374797821 0.010366848669946194
v -0.021978657692670822 -0.01026126742362976 0.009443037211894989
v -0.011272669769823551 0.015095123089849949 0.006091066170483828
v -0.009856660850346088 0.01702336221933365 0.007218778599053621
v -0.011327148415148258 0.016566438600420952 0.0037758597172796726
v -0.014017201028764248 0.01693057082593441 0.00395892234519124
v -0.012579374015331268 0.015747517347335815 0.006748983636498451
v -0.01073417067527771 0.01628495566546917 0.008932533673942089
v -0.012041489593684673 0.016645241528749466 0.01761053316295147
v -0.012788631953299046 0.01801183819770813 0.016428137198090553
v -0.012356345541775227 0.015395079739391804 0.015269807539880276
v -0.014672785066068172 0.01998390629887581 0.017971090972423553
v -0.019864028319716454 -0.0015949085354804993 0.0006604433874599636
v -0.01279678475111723 0.01595965400338173 0.0006304765702225268
v -0.015424706041812897 0.01633179374039173 0.0010739881545305252
v -0.020481979474425316 -0.012600278481841087 0.014196292497217655
v -0.021247491240501404 -0.010351110249757767 0.01472853310406208
v -0.023713452741503716 -0.010183578357100487 0.014205165207386017
v -0.021890781819820404 -0.013776082545518875 0.013645964674651623
v -0.009023809805512428 0.015394479967653751 0.02499273791909218
v -0.011283759959042072 0.01657952554523945 0.03037071041762829
v -0.01330492738634348 0.017035890370607376 0.029849786311388016
v -0.014333317056298256 0.018942255526781082 0.029578378424048424
v -0.01398460753262043 0.018739717081189156 0.025617005303502083
v -0.015104325488209724 0.019761662930250168 0.02212851494550705
v -0.012840745970606804 0.015829190611839294 -0.022397330030798912
v -0.012752827256917953 0.015330471098423004 -0.017367487773299217
v -0.015195988118648529 0.017032334581017494 -0.018962372094392776
v -0.010221750475466251 0.014983448199927807 -0.023346636444330215
v -0.014193646609783173 0.016489848494529724 -0.02768637426197529
v -0.01216649729758501 0.015864461660385132 -0.028230950236320496
v -0.016411619260907173 0.01877463422715664 -0.021254369989037514
v -0.014827090315520763 0.018053553998470306 -0.023721734061837196
v -0.014856094494462013 0.018694575875997543 -0.027489863336086273
v -0.01123522873967886 0.01635099947452545 -0.004212229512631893
v -0.009717315435409546 0.016966506838798523 -0.006176304072141647
v -0.01526743546128273 0.01050758920609951 -0.00797902699559927
v -0.015914611518383026 0.011470815166831017 -0.005871614441275597
v -0.01735716313123703 0.012837361544370651 -0.004195068962872028
v -0.015057483687996864 0.016094906255602837 -0.004226061049848795
v -0.013033872470259666 0.01649601198732853 -0.0020092453341931105
v -0.015325925312936306 0.010043350979685783 -0.010045809671282768
v -0.013892418704926968 0.014061574824154377 -0.013768214732408524
v -0.014353166334331036 0.011902712285518646 -0.012704228982329369
v -0.01577972248196602 0.009809744544327259 -0.012026259675621986
v -0.012098701670765877 0.012955216690897942 -0.002053610049188137
v -0.010909928008913994 0.013619408011436462 -0.004368487745523453
v -0.018041834235191345 0.01651955395936966 -0.0030622314661741257
v -0.016658082604408264 0.01742159202694893 -0.0009359605028294027
v -0.019534997642040253 -0.008387722074985504 -0.013920353725552559
v -0.018870733678340912 -0.010139646008610725 -0.013644836843013763
v -0.02129548415541649 -0.011469300836324692 -0.014687780290842056
v -0.02141989767551422 -0.008749224245548248 -0.014698931016027927
v -0.018135592341423035 -0.005188837647438049 -0.013060312718153
v -0.016351256519556046 -0.006828775629401207 -0.012440556660294533
v -0.020394936203956604 -0.0040419939905405045 -0.013853323645889759
v -0.013275306671857834 0.014992568641901016 -0.015173686668276787
v -0.011845923028886318 0.014177544042468071 -0.01588333025574684
v -0.012077726423740387 0.012643682770431042 -0.014586997218430042
v -0.013759598135948181 0.016810011118650436 -0.015620524063706398
v -0.014666454866528511 0.016680682078003883 -0.01393970102071762
v -0.014415561221539974 0.01402541995048523 0.01023035403341055
v -0.012438535690307617 0.01572421006858349 0.009712052531540394
v -0.014116646721959114 0.015164608135819435 0.00737982289865613
v -0.015411383472383022 0.013070343993604183 0.0076494282111525536
v -0.013324274681508541 0.017376653850078583 0.011819127947092056
v -0.01176601555198431 0.018217820674180984 0.01133227813988924
v -0.014644049108028412 0.013329921290278435 0.012156629003584385
v -0.014127733185887337 0.016704676672816277 0.01287689059972763
v -0.008380353450775146 0.03433164209127426 -0.013173440471291542
v -0.007712354883551598 0.03558112680912018 -0.01234450377523899
v -0.006403595209121704 0.03296329453587532 -0.01252033468335867
v -0.007805244531482458 0.0323011688888073 -0.01369057409465313
v -0.010007587261497974 0.03167850524187088 -0.014822473749518394
v -0.010499780997633934 0.034130945801734924 -0.013947776518762112
v -0.01083630695939064 0.03583503141999245 -0.013302821666002274
v -0.01110091432929039 0.02413402497768402 0.03143567964434624
v -0.009396490640938282 0.023358024656772614 0.02815563790500164
v -0.009621888399124146 0.025453103706240654 0.027529966086149216
v -0.01178461592644453 0.02607881650328636 0.032073888927698135
v -0.011583259329199791 0.02251523733139038 0.03307921811938286
v -0.009740795940160751 0.021091438829898834 0.029291287064552307
v -0.013256499543786049 0.024422354996204376 0.03554578498005867
v -0.014047680422663689 0.017869770526885986 0.037329934537410736
v -0.012618078850209713 0.017150159925222397 0.034680310636758804
v -0.011977541260421276 0.01992904767394066 0.03437892347574234
v -0.013796509243547916 0.021162524819374084 0.037497006356716156
v -0.016572825610637665 0.02079218253493309 0.035914063453674316
v -0.01618768647313118 0.017790816724300385 0.03623615950345993
v -0.01506403274834156 0.01719905622303486 0.03383330628275871
v -0.008721903897821903 0.03391003981232643 -0.011417176574468613
v -0.008076412603259087 0.0353274792432785 -0.010957342572510242
v -0.010918553918600082 0.03551987558603287 -0.012048201635479927
v -0.010741274803876877 0.03386341780424118 -0.012193379923701286
v -0.00793993566185236 0.031617939472198486 -0.01087865699082613
v -0.006094627548009157 0.03287952393293381 -0.010705269873142242
v -0.010294593870639801 0.03118096850812435 -0.01212486531585455
v -0.015313738025724888 0.01811826229095459 -0.01635800674557686
v -0.023693107068538666 -0.00911394227296114 0.011307917535305023
v -0.009703027084469795 0.026484273374080658 -0.01169417891651392
v -0.013628975488245487 0.02675197273492813 -0.012896934524178505
v -0.016957838088274002 0.01925407350063324 -0.014407468028366566
v -0.013150791637599468 0.01955760270357132 -0.03518303483724594
v -0.012671273201704025 0.01887626200914383 -0.032992321997880936
v -0.013832584023475647 0.017334677278995514 -0.033133938908576965
v -0.014252198860049248 0.018669482320547104 -0.0360846109688282
v -0.012926118448376656 0.02108069323003292 -0.03517800197005272
v -0.012278972193598747 0.02083653025329113 -0.03247065097093582
v -0.014382676221430302 0.02106461301445961 -0.03695312887430191
v -0.02278786152601242 -0.013680944219231606 -0.015353287570178509
v -0.021119315177202225 -0.013382131233811378 -0.014295997098088264
v -0.021725021302700043 -0.014471180737018585 -0.013189734891057014
v -0.02395227923989296 -0.014074865728616714 -0.014151033945381641
v -0.023208672180771828 -0.011680098250508308 -0.01568356342613697
v -0.024706238880753517 -0.01156076043844223 -0.014563415199518204
v -0.022456945851445198 -0.014090478420257568 -0.012043689377605915
v -0.02117527648806572 -0.01277075707912445 -0.010464375838637352
v -0.022834355011582375 -0.011879779398441315 -0.010944057255983353
v -0.02374335005879402 -0.013117728754878044 -0.0125050013884902
v -0.019392481073737144 -0.012904495000839233 -0.01138361170887947
v -0.012996260076761246 0.024499334394931793 -0.0340467244386673
v -0.012912946753203869 0.02289905957877636 -0.03475583344697952
v -0.014554592780768871 0.023446841165423393 -0.03641544282436371
v -0.014351695775985718 0.025791360065340996 -0.03480476886034012
v -0.01207041833549738 0.024952201172709465 -0.03126916289329529
v -0.011857321485877037 0.022896530106663704 -0.03173200786113739
v -0.013463498093187809 0.027105841785669327 -0.031138736754655838
v -0.013676358386874199 0.023607561364769936 0.031125569716095924
v -0.012515746988356113 0.0228711124509573 0.028507791459560394
v -0.013860026374459267 0.021091682836413383 0.029249370098114014
v -0.015045019797980785 0.022165924310684204 0.03247997537255287
v -0.013573307543992996 0.02548832632601261 0.031482405960559845
v -0.011242585256695747 0.024538377299904823 0.0277798380702734
v -0.015725307166576385 0.02409406006336212 0.034543540328741074
v -0.01742526888847351 0.01020640879869461 0.005498209502547979
v -0.01636127382516861 0.009970761835575104 0.007284196559339762
v -0.01714574359357357 0.012330279685556889 0.005095955450087786
v -0.020328005775809288 0.010750941000878811 0.0025653960183262825
v -0.01947413571178913 0.007838046178221703 0.004259021021425724
v -0.018269475549459457 0.006071519106626511 0.0060691325925290585
v -0.01707679033279419 0.007628393359482288 -0.009972767904400826
v -0.017427820712327957 0.006840797606855631 -0.00830174796283245
v -0.018003277480602264 0.007029026746749878 -0.011322739534080029
v -0.020440073683857918 0.004125622101128101 -0.009757510386407375
v -0.02450229972600937 -0.00442691333591938 0.01489811111241579
v -0.02393672987818718 -0.003926118835806847 0.011937329545617104
v -0.02507953718304634 -0.006389757618308067 0.00858045183122158
v -0.02365497499704361 -0.00840642862021923 0.0070399628020823
v -0.02418689802289009 -0.002559778280556202 0.009257533587515354
v -0.01321728341281414 0.028899522498250008 0.018710752949118614
v -0.009378314018249512 0.03067799285054207 0.016139043495059013
v -0.010211052373051643 0.03314683958888054 0.015099100768566132
v -0.014258921146392822 0.031548988074064255 0.01679050736129284
v -0.01775955781340599 0.031673986464738846 0.018283937126398087
v -0.016342297196388245 0.029751036316156387 0.020044367760419846
v -0.016443263739347458 0.02751380391418934 0.02070358581840992
v -0.01498259138315916 0.026062794029712677 0.02072136104106903
v -0.01325607392936945 0.02374984323978424 0.021933067589998245
v -0.015897002071142197 0.018789783120155334 -0.03516111895442009
v -0.015530765056610107 0.017824966460466385 -0.032490260899066925
v -0.01633601263165474 0.020638633519411087 -0.03504522517323494
v -0.015685606747865677 0.01974094659090042 0.033301256597042084
v -0.023601511493325233 -0.010953377932310104 -0.011743435636162758
v -0.022216247394680977 -0.009932924062013626 -0.00908688735216856
v -0.0235095527023077 -0.009151173755526543 -0.010669384151697159
v -0.024444980546832085 -0.008347841911017895 -0.012514607980847359
v -0.024222610518336296 -0.011209778487682343 -0.01308920606970787
v -0.018669353798031807 0.01972559466958046 -0.01720619387924671
v -0.022560177370905876 0.004570518154650927 -0.006905527785420418
v -0.01898474246263504 0.00791588518768549 -0.006230317987501621
v -0.017685532569885254 0.005693648476153612 -0.013117813505232334
v -0.020782237872481346 0.0017444659024477005 -0.012476429343223572
v -0.01885879784822464 0.014022799208760262 -0.0031532817520201206
v -0.020593393594026566 0.009548543021082878 -0.0042601823806762695
v -0.021832160651683807 0.01219895202666521 -0.002741110511124134
v -0.0222327820956707 0.014972083270549774 -0.0024636441376060247
v -0.015749212354421616 0.014747781679034233 0.004472124390304089
v -0.017775963991880417 0.014292283914983273 0.0017437645001336932
v -0.020992226898670197 0.015236998908221722 0.000023060669263941236
v -0.022463077679276466 0.01190863735973835 0.00046023548929952085
v -0.027045462280511856 0.009884984232485294 -0.00003897099304595031
v -0.026075128465890884 0.00646503921598196 0.0020173308439552784
v -0.023141413927078247 0.0044417604804039 0.004338681232184172
v -0.01966441236436367 0.022750232368707657 -0.01268735807389021
v -0.021166004240512848 0.02351059392094612 -0.015424937941133976
v -0.02391650341451168 -0.004098556004464626 -0.0016312237130478024
v -0.022530630230903625 -0.0036687590181827545 0.0009673187742009759
v -0.02494334802031517 -0.0048885708674788475 0.0019365306943655014
v -0.027629340067505836 -0.005826206877827644 0.00017951388144865632
v -0.02016112022101879 -0.0015294337645173073 -0.001639154041185975
v -0.02275097370147705 -0.004981635138392448 -0.004288213327527046
v -0.019598396494984627 -0.0031072888523340225 -0.003621865063905716
v -0.0290227010846138 -0.005285273306071758 -0.0023009690921753645
v -0.02651672251522541 -0.0043835872784256935 -0.0037837603595107794
v -0.025289319455623627 -0.005684390664100647 -0.0058420873247087
v -0.0159146711230278 0.024829208850860596 -0.03357890248298645
v -0.016388876363635063 0.02286875806748867 -0.03436257690191269
v -0.015592330135405064 0.02239494025707245 -0.031110605224967003
v -0.01504838652908802 0.024898162111639977 -0.030742883682250977
v -0.023655502125620842 -0.00006363820284605026 -0.011451235972344875
v -0.02408415451645851 0.0007878635078668594 -0.009524239227175713
v -0.02545231394469738 -0.003545704297721386 -0.012048973701894283
v -0.026162881404161453 -0.002129124477505684 -0.008944237604737282
v -0.023385064676404 -0.002505835145711899 -0.014814285561442375
v -0.018631888553500175 0.028516028076410294 0.0205630324780941
v -0.018246576189994812 0.026244711130857468 0.020962044596672058
v -0.016992710530757904 0.02408633753657341 -0.012586773373186588
v -0.01715170592069626 0.027214067056775093 -0.012606850825250149
v -0.020198822021484375 0.02733205072581768 -0.012211412191390991
v -0.01743035949766636 0.02196752279996872 0.019499551504850388
v -0.0166978407651186 0.024055130779743195 0.021308325231075287
v -0.02049841172993183 0.02448645979166031 0.01991116628050804
v -0.020971575751900673 0.02406405098736286 0.017654389142990112
v -0.01921108365058899 0.02220018208026886 0.016818774864077568
v -0.016449131071567535 0.020603686571121216 0.015964709222316742
v -0.027381135150790215 0.012507380917668343 -0.00028632706380449235
v -0.026561075821518898 -0.00493268109858036 0.0033700501080602407
v -0.02893957868218422 -0.004809227772057056 0.0022578584030270576
v -0.03315361589193344 -0.005506820976734161 0.0014535149093717337
v -0.0327533595263958 -0.007568559609353542 0.00022078065376263112
v -0.03334152325987816 -0.0071484846994280815 -0.0019075230229645967
v -0.02015833556652069 0.02828974276781082 0.01901986077427864
v -0.026207085698843002 0.006188881583511829 -0.0043391636572778225
v -0.025777025148272514 0.0014861798845231533 -0.0074006542563438416
v -0.029576774686574936 0.0022561191581189632 -0.00551996473222971
v -0.027179956436157227 0.010142264887690544 -0.0022579869255423546
v -0.020870260894298553 0.0269937701523304 0.016592632979154587
v -0.019500460475683212 0.024689072743058205 0.014968188479542732
v -0.02808506041765213 0.0014003361575305462 0.002746082143858075
v -0.025547297671437263 0.0004119342193007469 0.004502546973526478
v -0.03289993852376938 0.008393403142690659 -0.00032381879282183945
v -0.03204721957445145 0.005424413830041885 0.0008337722974829376
v -0.032502345740795135 0.001402484718710184 0.0016137812053784728
v -0.02016552910208702 0.029757000505924225 -0.01761610247194767
v -0.02208820916712284 0.029552185907959938 -0.01650787703692913
v -0.019332652911543846 0.03311771899461746 -0.015393748879432678
v -0.0180243868380785 0.031315065920352936 -0.016554974019527435
v -0.01723974011838436 0.0282937940210104 -0.017615847289562225
v -0.01963145099580288 0.026742924004793167 -0.018367517739534378
v -0.03543055057525635 0.004623482469469309 0.0005460766842588782
v -0.03686707094311714 0.006437219679355621 0.000024387220037169755
v -0.03940394148230553 0.002455837558954954 0.0016271787462756038
v -0.036809291690588 0.0014768256805837154 0.001382368034683168
v -0.03700968623161316 0.0019347774796187878 -0.0036857665982097387
v -0.030885158106684685 -0.0009298147633671761 -0.005269858054816723
v -0.03601720929145813 -0.0020164670422673225 -0.003485036315396428
v -0.04131826385855675 -0.004242569208145142 -0.0030490094795823097
v -0.04220170900225639 -0.0017624236643314362 -0.003436275292187929
v -0.04448556527495384 -0.0013446584343910217 -0.003471403382718563
v -0.04074572026729584 0.0038103191182017326 -0.0029909696895629168
v -0.03818199038505554 0.007583328057080507 -0.0026786839589476585
v -0.03418253734707832 0.007142276968806982 -0.0032220350112766027
v -0.03906789794564247 0.009468115866184235 -0.0018757644575089216
v -0.033765897154808044 0.010263149626553059 -0.002335586119443178
v -0.04245850071310997 0.0047102514654397964 -0.0018010165076702833
v -0.04375454783439636 -0.0075884051620960236 -0.0033018779940903187
v -0.040259722620248795 -0.007041556760668755 -0.0030221857596188784
v -0.03975086286664009 -0.00947671290487051 -0.0019339291611686349
v -0.044810280203819275 -0.0091403778642416 -0.0020322029013186693
v -0.04678689315915108 -0.005642302334308624 -0.0022614561021327972
v -0.044706426560878754 -0.005203600041568279 -0.0034653523471206427
v -0.045627642422914505 -0.005047534592449665 0.0016637478256598115
v -0.04446766525506973 -0.0019896849989891052 0.0014977061655372381
v -0.04614202678203583 -0.0011684251949191093 -0.000009980488357541617
v -0.047175146639347076 -0.005738705396652222 0.00021744208061136305
v -0.04334127902984619 -0.006426040083169937 0.0017277143197134137
v -0.042099952697753906 -0.003027137368917465 0.001889508101157844
v -0.044653598219156265 -0.008842764422297478 0.000604965549428016
v 0.028650052845478058 0.024429623037576675 -0.009731586091220379
v 0.030678298324346542 0.024583101272583008 -0.011437193490564823
v 0.022874929010868073 0.024836605414748192 -0.0149990264326334
v 0.022461242973804474 0.024549970403313637 -0.01078615989536047
v 0.030022013932466507 0.024307752028107643 -0.002957671880722046
v 0.034324970096349716 0.023888617753982544 -0.0026367867831140757
v 0.022423816844820976 0.02434118464589119 -0.0034728869795799255
v -0.016677251085639 0.02967682294547558 -0.012457421980798244
v -0.014014667831361294 0.03056454285979271 -0.01265496201813221
v -0.014724349603056908 0.03277271240949631 -0.012422733008861542
v -0.018210560083389282 0.030650757253170013 -0.01217721402645111
v 0.024196801707148552 0.024897024035453796 0.010012304410338402
v 0.027971399948000908 0.02435406483709812 0.005230010021477938
v 0.02077465131878853 0.024139612913131714 0.004025811795145273
v 0.018442146480083466 0.0247232373803854 0.010102331638336182
v 0.025895319879055023 0.025101743638515472 0.012985781766474247
v 0.03228790685534477 0.02433478832244873 0.007084401324391365
v 0.0184280164539814 0.024828646332025528 0.014425328932702541
v 0.019086893647909164 0.024672992527484894 0.016754746437072754
v 0.027431294322013855 0.024528207257390022 0.015130341984331608
v 0.034661952406167984 0.024153267964720726 0.008471597917377949
v 0.01931488700211048 0.023377075791358948 0.019120050594210625
v 0.028797980397939682 0.022717196494340897 0.01742216944694519
v 0.036479391157627106 0.022079985588788986 0.009755123406648636
v 0.038900911808013916 0.021574590355157852 -0.0021997394505888224
v 0.036965928971767426 0.023913387209177017 -0.002458251314237714
v 0.028386451303958893 0.018939079716801643 0.016885990276932716
v 0.03548835217952728 0.018636614084243774 0.009548776783049107
v 0.038428738713264465 0.01814938709139824 -0.0017261990578845143
v 0.03442302718758583 0.018553949892520905 -0.012916192412376404
v 0.034542523324489594 0.022167976945638657 -0.013562831096351147
v 0.034048646688461304 0.014726158231496811 0.009078792296350002
v 0.03719478100538254 0.014135580509901047 -0.0013080787612125278
v 0.03412627428770065 0.01423313282430172 -0.012017126195132732
v 0.02507741190493107 0.015836361795663834 -0.017324043437838554
v 0.02500108815729618 0.01953212171792984 -0.018671540543437004
v 0.03603115305304527 0.00851665623486042 -0.000928918831050396
v 0.03386637568473816 0.008711585775017738 -0.011398043483495712
v 0.025453772395849228 0.010346518829464912 -0.01674135960638523
v 0.016214370727539062 0.011952118948101997 -0.019020836800336838
v 0.015327423810958862 0.017553716897964478 -0.018939580768346786
v 0.033521417528390884 0.0030003341380506754 -0.010952804237604141
v 0.02589942328631878 0.004766684956848621 -0.01737455651164055
v 0.016783371567726135 0.006411817856132984 -0.01992637664079666
v 0.008818714879453182 0.006886393763124943 -0.019715193659067154
v 0.02629905380308628 -0.00006456440314650536 -0.01841495931148529
v 0.016908682882785797 0.0021980530582368374 -0.0215232502669096
v 0.008546315133571625 0.0032390528358519077 -0.02080545201897621
v 0.004104317631572485 0.006302693858742714 -0.017526376992464066
v 0.01678377389907837 -0.0012227492406964302 -0.022471148520708084
v 0.008138921111822128 0.00021397508680820465 -0.02127227932214737
v 0.01619795151054859 -0.0040353452786803246 -0.021181901916861534
v 0.026593737304210663 -0.00385390967130661 -0.01905892603099346
v 0.025356967002153397 -0.006738982163369656 -0.017496993765234947
v 0.023630166426301003 -0.0063000088557600975 -0.01446071732789278
v 0.015765612944960594 -0.004308522678911686 -0.018428068608045578
v 0.02212013117969036 -0.005234835669398308 -0.01135912537574768
v 0.0153131652623415 -0.003854900598526001 -0.015040217898786068
v 0.014813384041190147 -0.0019150860607624054 -0.00993945263326168
v 0.008478518575429916 -0.0017075194045901299 -0.01022163312882185
v 0.0039739347994327545 -0.0017382437363266945 -0.009326384402811527
v 0.014093942940235138 -0.0014833863824605942 -0.0037719125393778086
v 0.008777739480137825 -0.0012509115040302277 -0.004470733925700188
v 0.0052969371899962425 -0.001117580570280552 -0.004110806155949831
v 0.002832293976098299 -0.0006363955326378345 -0.003595360554754734
v 0.008464491926133633 -0.0012147361412644386 0.0009871779475361109
v 0.005679434165358543 -0.000930155161768198 0.0002447743318043649
v 0.003929022699594498 -0.00020165741443634033 -0.00014196406118571758
v 0.0036731762811541557 0.001932727638632059 -0.00014201054000295699
v 0.002678907010704279 0.002311557065695524 -0.0035635894164443016
v 0.004713146016001701 -0.0013671638444066048 0.0036544010508805513
v 0.002710252068936825 -0.0014085033908486366 0.0025979308411478996
v 0.001552799716591835 0.0007134107872843742 0.0024315824266523123
v 0.0023205429315567017 0.003473730059340596 0.0032974518835544586
v 0.004010623786598444 0.005044353194534779 0.0002148651547031477
v -0.00018714787438511848 -0.0009120958857238293 0.0063987611792981625
v -0.00004413537681102753 0.0019038356840610504 0.007084287703037262
v -0.0005540566053241491 0.0007663494907319546 0.011444968171417713
v 0.00030562584288418293 0.0034935057628899813 0.01192962471395731
v -0.00022839196026325226 -0.002033439464867115 0.010709596797823906
v 0.002899546641856432 -0.0019831648096442223 0.014517784118652344
v 0.0017991755157709122 -0.0006522610783576965 0.01606573350727558
v 0.007921495474874973 -0.0027322741225361824 0.019987765699625015
v 0.008607938885688782 0.0002577733248472214 0.020208200439810753
v 0.0029623550362885 0.001780116930603981 0.01589222252368927
v 0.008518092334270477 -0.003463050350546837 0.017644908279180527
v 0.015437910333275795 -0.005006130784749985 0.018381305038928986
v 0.015756690874695778 -0.004390268586575985 0.020814118906855583
v 0.009265268221497536 -0.003301454707980156 0.015299190767109394
v 0.015198023989796638 -0.0048581380397081375 0.01564611680805683
v 0.021455911919474602 -0.005893150344491005 0.014032884500920773
v 0.023038741201162338 -0.006648125126957893 0.016416411846876144
v 0.029149193316698074 -0.007470771670341492 0.010524069890379906
v 0.0311209037899971 -0.007954205386340618 0.011562539264559746
v 0.024422258138656616 -0.006748315878212452 0.018642324954271317
v 0.02652265504002571 -0.006368659436702728 0.009031692519783974
v 0.03165169432759285 -0.00791930966079235 0.0012222396908327937
v 0.02166367881000042 -0.004410240799188614 0.006595214828848839
v 0.017224714159965515 -0.0022956551983952522 0.004495191387832165
v 0.01307164691388607 -0.0015617990866303444 0.0024939607828855515
v 0.007420394569635391 -0.0010429504327476025 0.005203018430620432
v 0.02979275956749916 -0.007738972082734108 -0.0077430447563529015
v 0.03214568272233009 -0.008128874003887177 -0.009190192446112633
v 0.03465079143643379 -0.008628541603684425 0.0010433458955958486
v 0.03354799374938011 -0.00545880850404501 -0.010275911539793015
v 0.03613702580332756 -0.006045352667570114 0.0007536213379353285
v 0.03248414769768715 -0.005402692593634129 0.011935073882341385
v 0.035331837832927704 -0.002456497400999069 0.00035093320184387267
v 0.03219149634242058 -0.0019390713423490524 0.01095617190003395
v 0.025657188147306442 0.00009881332516670227 0.017679262906312943
v 0.025252729654312134 -0.003579927608370781 0.018714705482125282
v 0.016961388289928436 0.001994071528315544 0.019933631643652916
v 0.016440613195300102 -0.0014206701889634132 0.021151822060346603
v 0.009255756624042988 0.003390389261767268 0.019375966861844063
v 0.003908079583197832 0.004195148125290871 0.01556544378399849
v 0.0013504428789019585 0.008074338547885418 0.012779029086232185
v 0.0012342827394604683 0.005885095335543156 0.012198704294860363
v 0.0003655781038105488 0.009499411098659039 0.013112137094140053
v 0.00017603207379579544 0.012160131707787514 0.011523880995810032
v 0.00013230228796601295 0.015900228172540665 0.010650604031980038
v -0.0017206172924488783 0.012776181101799011 0.011679493822157383
v -0.0039227488450706005 0.012483293190598488 0.010821842588484287
v -0.006315314210951328 0.009239764884114265 0.010711608454585075
v -0.00928167812526226 0.005052157677710056 0.010553305968642235
v -0.009174719452857971 0.005398719571530819 0.00871124304831028
v -0.010772344656288624 0.0005320715717971325 0.00970823597162962
v -0.011065375991165638 0.00012062955647706985 0.007706191390752792
v -0.012303675524890423 -0.005273193120956421 0.009375021792948246
v -0.012259243056178093 -0.0059959497302770615 0.007263138424605131
v -0.011690392158925533 0.001076260581612587 0.011556196957826614
v -0.01340925507247448 -0.004311274737119675 0.011227595619857311
v -0.01331651397049427 0.00196969136595726 0.012813162989914417
v -0.015056248754262924 -0.002935115247964859 0.01301586627960205
v -0.015056261792778969 0.0031622122041881084 0.013361752033233643
v -0.016935355961322784 -0.0014555351808667183 0.014336462132632732
v -0.016759362071752548 0.004197311121970415 0.013809318654239178
v -0.019065283238887787 -0.0001559038646519184 0.01502253022044897
v -0.021358853206038475 -0.00562443770468235 0.015287704765796661
v -0.02089053764939308 0.00045352615416049957 0.01355229876935482
v -0.018428228795528412 0.005257737822830677 0.013366399332880974
v -0.018658846616744995 0.005595507565885782 0.011213948018848896
v -0.021752655506134033 0.0010425439104437828 0.011507808230817318
v -0.018346089869737625 0.005678699351847172 0.008686491288244724
v -0.021729610860347748 0.0018028677441179752 0.008968455716967583
v -0.021904125809669495 0.0028625803533941507 0.006497620604932308
v -0.02440059930086136 -0.0009107869118452072 0.006661782972514629
v -0.026882685720920563 -0.0028279107064008713 0.0044834548607468605
v -0.025496404618024826 -0.004075493663549423 0.006126731634140015
v -0.02487603761255741 -0.005904636345803738 0.004820760805159807
v -0.02304287813603878 -0.005931325256824493 0.003490508534014225
v -0.021119000390172005 -0.00835439283400774 0.005687403492629528
v -0.02074408531188965 -0.004973101429641247 0.0025989310815930367
v -0.0183347687125206 -0.007234471850097179 0.004779160022735596
v -0.029141968116164207 -0.0022888462990522385 0.0030804630368947983
v -0.03331559896469116 -0.0025843726471066475 0.002259163884446025
v -0.03838584944605827 -0.003313814289867878 0.001823273953050375
v -0.039048224687576294 -0.0069831013679504395 0.0016415356658399105
v -0.039374347776174545 -0.00976654514670372 0.0006127874949015677
v -0.016048625111579895 0.009436085820198059 0.011606314219534397
v -0.015617492608726025 0.009575581178069115 0.009474985301494598
v -0.016069673001766205 0.00921563059091568 0.013464242219924927
v -0.014431711286306381 0.013047768734395504 0.013757383450865746
v -0.013007021509110928 0.012425199151039124 0.014494754374027252
v -0.013599800877273083 0.016222648322582245 0.01417494285851717
v -0.014682204462587833 0.008438351564109325 0.014413269236683846
v -0.012953965924680233 0.007391040679067373 0.014315766282379627
v -0.011248805560171604 0.011540910229086876 0.014605095610022545
v -0.011437268927693367 0.006392939016222954 0.013357063755393028
v -0.010220617055892944 0.0054842401295900345 0.012137796729803085
v -0.013892555609345436 0.01913714036345482 0.014869059436023235
v -0.015068545937538147 0.019512251019477844 0.013511077500879765
v -0.01705940067768097 0.022277411073446274 0.014304636046290398
v -0.016129329800605774 0.02462129294872284 0.013369289226830006
v -0.014217712916433811 0.0207681842148304 0.012327057309448719
v -0.013830119743943214 0.026695668697357178 0.012628156691789627
v -0.012393541634082794 0.022005023434758186 0.01182956900447607
v -0.010341511107981205 0.027940982952713966 0.01203613169491291
v -0.010028582066297531 0.022675758227705956 0.011140299960970879
v -0.009823232889175415 0.018797477707266808 0.010468765161931515
v -0.008077827282249928 0.02310755103826523 0.009530333802103996
v -0.008457956835627556 0.01935005560517311 0.008424371480941772
v -0.010621697641909122 0.0316927544772625 0.01251282263547182
v -0.014931885525584221 0.029866933822631836 0.013667545281350613
v -0.015307396650314331 0.032013267278671265 0.014944234862923622
v -0.010894986800849438 0.034068092703819275 0.013354876078665257
v -0.01788872666656971 0.027606183663010597 0.014516550116240978
v -0.01882016658782959 0.030216122046113014 0.015773022547364235
v 0.001924244686961174 0.01980186626315117 0.008731934241950512
v 0.0036920905113220215 0.019739726558327675 0.00623141648247838
v 0.005192199721932411 0.023868581280112267 0.0024093263782560825
v 0.005232059396803379 0.020354371517896652 0.002243449678644538
v 0.00551278330385685 0.024411391466856003 -0.002597376238554716
v 0.005432190373539925 0.021379437297582626 -0.0024896387476474047
v 0.005360276438295841 0.01686343178153038 -0.0027957705315202475
v 0.004056746605783701 0.018532676622271538 -0.007263134233653545
v 0.0024187183007597923 0.01935352198779583 -0.009960136376321316
v 0.0005961703136563301 0.01983707770705223 -0.011376681737601757
v 0.0003931848332285881 0.015871012583374977 -0.011859636753797531
v -0.001997373765334487 0.013513089157640934 -0.013269049115478992
v 0.00009203888475894928 0.01310855895280838 -0.012825177051126957
v -0.0024906997568905354 0.011549388989806175 -0.0146914878860116
v -0.00031494791619479656 0.011275198310613632 -0.014356644824147224
v 0.0009615314193069935 0.00935601256787777 -0.013425853103399277
v -0.003969190176576376 0.012864393182098866 -0.012721177190542221
v -0.005800302140414715 0.011406941339373589 -0.011597992852330208
v -0.007867089472711086 0.008792250417172909 -0.009732835926115513
v -0.009040381759405136 0.007902244105935097 -0.011456852778792381
v -0.008062804117798805 0.010768882930278778 -0.008350391872227192
v -0.008533166721463203 0.012964818626642227 -0.00720301503315568
v -0.008995403535664082 0.015196479856967926 -0.006400767248123884
v -0.012526099570095539 0.0060265143401920795 -0.011937359347939491
v -0.010158960707485676 0.007164347916841507 -0.0135715426877141
v -0.013872305862605572 0.00693949218839407 -0.013398553244769573
v -0.011609073728322983 0.008877316489815712 -0.014416634105145931
v -0.015151792205870152 0.008604897186160088 -0.013654803857207298
v -0.01315492857247591 0.010673443786799908 -0.014016172848641872
v -0.016010791063308716 0.004375975579023361 -0.012521965429186821
v -0.018128156661987305 0.0005656806752085686 -0.013129690662026405
v -0.014121884480118752 0.0030726713594049215 -0.011877489276230335
v -0.015947800129652023 -0.0007297839038074017 -0.012318038381636143
v 0.006606219336390495 0.026451103389263153 -0.0030828816816210747
v 0.005643913522362709 0.026325173676013947 0.0027259669732302427
v 0.007605340331792831 0.02706451341509819 0.0027919209096580744
v 0.010189160704612732 0.02659015916287899 0.003106261370703578
v 0.014367744326591492 0.02506640926003456 0.0034875660203397274
v 0.025812586769461632 0.005242618266493082 0.016010815277695656
v 0.03203512355685234 0.0034106431994587183 0.00964021310210228
v 0.03254925459623337 0.009422017261385918 0.008849597536027431
v 0.026243487372994423 0.010561877861618996 0.015182667411863804
v 0.02734426036477089 0.015311148017644882 0.015786588191986084
v 0.01910826377570629 0.020217224955558777 0.018943769857287407
v 0.03535136207938194 0.0024045382160693407 -0.0002692788257263601
v 0.03354252129793167 -0.001851934939622879 -0.010714258998632431
v 0.01463816687464714 0.020949572324752808 -0.019490240141749382
v 0.024647444486618042 0.023214956745505333 -0.019123787060379982
v 0.023533154278993607 0.02478046715259552 -0.0168603602796793
v 0.032783638685941696 0.02471371367573738 -0.012589666061103344
v -0.015622418373823166 0.034957654774188995 -0.01221651304513216
v -0.019994325935840607 0.03233097493648529 -0.013013767078518867
v -0.022212738171219826 0.028072088956832886 -0.013957076705992222
v -0.02161840721964836 0.02491636760532856 -0.01789505034685135
v -0.01932010054588318 0.020925171673297882 -0.019597219303250313
v -0.01765121892094612 0.022955823689699173 -0.019932370632886887
v -0.015490246005356312 0.02094084396958351 -0.021575719118118286
v -0.01550539955496788 0.024669013917446136 -0.018955277279019356
v -0.013681840151548386 0.02268599346280098 -0.02052239142358303
v -0.012390226125717163 0.02226533740758896 -0.02299918606877327
v -0.01390132773667574 0.02030150219798088 -0.023746682330965996
v -0.012669745832681656 0.02683856338262558 -0.017683008685708046
v -0.011619392782449722 0.02477804571390152 -0.01954389549791813
v -0.010983589105308056 0.02411505952477455 -0.022541701793670654
v -0.011797278188169003 0.025637784972786903 -0.02631254494190216
v -0.012978412210941315 0.023569749668240547 -0.02654903195798397
v -0.009275824762880802 0.025413857772946358 -0.01855369098484516
v -0.009202465415000916 0.0249287411570549 -0.022343745455145836
v -0.010000655427575111 0.02535606175661087 -0.02691912092268467
v -0.007192676886916161 0.022996917366981506 -0.02190404199063778
v -0.009873120114207268 0.02290111966431141 -0.027388378977775574
v -0.0073707215487957 0.019255295395851135 -0.023402685299515724
v -0.010148154571652412 0.02024253085255623 -0.028003575280308723
v -0.008378924801945686 0.016449738293886185 -0.02372635528445244
v -0.010671235620975494 0.01772896759212017 -0.028361311182379723
v -0.0045494334772229195 0.017795957624912262 -0.02062864974141121
v -0.00416896678507328 0.021784504875540733 -0.019035164266824722
v -0.013974366709589958 0.021153084933757782 -0.027252426370978355
v -0.015752803534269333 0.019918203353881836 -0.03168042004108429
v -0.009510952048003674 0.028222210705280304 -0.0164474043995142
v -0.013897521421313286 0.030128538608551025 -0.01608983986079693
v -0.0071305520832538605 0.028804972767829895 -0.015289593487977982
v -0.00691197719424963 0.02542877569794655 -0.01744951494038105
v -0.014735959470272064 0.03280826285481453 -0.014881819486618042
v -0.015348531305789948 0.03464055806398392 -0.014015577733516693
v -0.04141003265976906 0.003555064555257559 0.0016698212129995227
v -0.038299545645713806 0.008352215401828289 0.00037977821193635464
v -0.03988807648420334 0.010580305010080338 0.00047266349429264665
v -0.042464729398489 0.004312196746468544 0.0000724244600860402
v -0.04651705548167229 -0.0007682172581553459 -0.002355575328692794
v -0.033760733902454376 0.010718232952058315 -0.00033941800938919187
v -0.03412146121263504 0.012558240443468094 -0.0010856467997655272
v -0.02770850993692875 0.012935778126120567 -0.0018278448842465878
v -0.03482826054096222 -0.004805012606084347 -0.002688400214537978
v -0.030576780438423157 -0.003207823261618614 -0.00378597155213356
v -0.028160737827420235 -0.003568044863641262 -0.005661276169121265
v -0.027583599090576172 -0.0012437393888831139 -0.0067541999742388725
v -0.026731004938483238 -0.00458479393273592 -0.0076651787385344505
v -0.02571658045053482 -0.00625752005726099 -0.01022537611424923
v -0.0244461540132761 -0.007535669021308422 -0.008232135325670242
v -0.022241801023483276 -0.007419059984385967 -0.006632266100496054
v -0.02005668357014656 -0.009694548323750496 -0.008838457055389881
v -0.019516441971063614 -0.006500820629298687 -0.006108512636274099
v -0.017813533544540405 -0.00912792980670929 -0.009675834327936172
v -0.018094569444656372 -0.012566374614834785 -0.013023067265748978
v -0.015380135737359524 -0.008979685604572296 -0.010753301903605461
v -0.025774216279387474 -0.008162083104252815 -0.014254504814743996
v -0.023686332628130913 -0.008219876326620579 -0.015679093077778816
v -0.014991178177297115 0.02200564742088318 0.022930948063731194
v -0.013683481141924858 0.020858658477663994 0.02578512206673622
v -0.011892301961779594 0.022251328453421593 0.024791967123746872
v -0.00619301525875926 0.026768380776047707 -0.01024467684328556
v -0.004325484856963158 0.029482588171958923 -0.011671311222016811
v -0.0051518892869353294 0.029540088027715683 -0.013989906758069992
v -0.010368517599999905 0.01871466264128685 0.030358202755451202
v -0.007658407557755709 0.0174454003572464 0.02478254958987236
v -0.00677075982093811 0.019924979656934738 0.024303503334522247
v -0.0036380586680024862 0.019033074378967285 0.02007334493100643
v -0.004725208505988121 0.016241583973169327 0.019994894042611122
v -0.0011466615833342075 0.018619511276483536 0.01820254884660244
v 0.001455402933061123 0.01850956305861473 0.017426475882530212
v -0.0038460600189864635 0.025692500174045563 -0.01590980775654316
v -0.0008132080547511578 0.024178825318813324 -0.015898458659648895
v -0.002388521796092391 0.02721257507801056 -0.012836366891860962
v -0.0006014818791300058 0.025905191898345947 -0.013194773346185684
v 0.020448332652449608 -0.04588274657726288 0.012403774075210094
v 0.021694142371416092 -0.04631216824054718 0.013497077859938145
v 0.016634155064821243 -0.04519999399781227 0.016937673091888428
v 0.016239367425441742 -0.04508667811751366 0.014143348671495914
v 0.016750730574131012 -0.04516850411891937 0.008663960732519627
v 0.021624647080898285 -0.04691668972373009 0.008061002939939499
v 0.024355866014957428 -0.04772612452507019 0.008276637643575668
v 0.01864326186478138 -0.04556324705481529 -0.013037698343396187
v 0.02070476859807968 -0.046746354550123215 -0.008472949266433716
v 0.016004003584384918 -0.0445009209215641 -0.007828379981219769
v 0.014693254604935646 -0.04361649602651596 -0.013201502151787281
v 0.019957225769758224 -0.04629911482334137 -0.01498540211468935
v 0.023415297269821167 -0.04695570468902588 -0.009423729032278061
v 0.014391731470823288 -0.04477163031697273 -0.016515973955392838
v 0.021971071138978004 -0.013870805501937866 0.00581732951104641
v 0.025392744690179825 -0.013749146834015846 0.008239987306296825
v 0.02789764106273651 -0.015906380489468575 0.0005374079337343574
v 0.022276053205132484 -0.014847103506326675 0.0003892118111252785
v 0.015741171315312386 -0.013792946934700012 0.0008081807172857225
v 0.01673714630305767 -0.012965913861989975 0.007690348196774721
v 0.019015386700630188 -0.011664068326354027 0.012846560217440128
v 0.020808039233088493 -0.01451779343187809 -0.005435063503682613
v 0.025350771844387054 -0.014805501326918602 -0.007594690192490816
v 0.019441500306129456 -0.013376470655202866 -0.012275692075490952
v 0.015789272263646126 -0.013601548969745636 -0.006528825033456087
v 0.007914957590401173 -0.026544973254203796 -0.01940450444817543
v 0.017349783331155777 -0.029836632311344147 -0.018054399639368057
v 0.017324764281511307 -0.037065356969833374 -0.019093282520771027
v 0.00917245913296938 -0.03456763178110123 -0.019720835611224174
v 0.008808393031358719 -0.019720636308193207 -0.020244184881448746
v 0.01734061725437641 -0.02270067296922207 -0.018993748351931572
v 0.0009032492525875568 -0.021187877282500267 -0.019487882032990456
v 0.0008354093879461288 -0.016276279464364052 -0.019660193473100662
v -0.0009994502179324627 -0.03950045257806778 -0.015536539256572723
v -0.0022148569114506245 -0.038560688495635986 -0.012357576750218868
v -0.005409685894846916 -0.038702137768268585 -0.012856527231633663
v -0.0021679350174963474 -0.03938915580511093 -0.01701590046286583
v 0.0021900166757404804 -0.040346015244722366 -0.019047865644097328
v 0.00225233705714345 -0.04053039103746414 -0.01639363542199135
v 0.002316235564649105 -0.03933451697230339 -0.012676019221544266
v 0.005729135125875473 -0.008929313160479069 -0.018339399248361588
v 0.008561220020055771 -0.010309906676411629 -0.018955331295728683
v 0.008736598305404186 -0.010555841028690338 -0.021053267642855644
v 0.004764677956700325 -0.008879619650542736 -0.019710341468453407
v 0.0023832833394408226 -0.0077735986560583115 -0.016937123611569405
v 0.004740340635180473 -0.008106197230517864 -0.016195816919207573
v 0.007939629256725311 -0.010092485696077347 -0.016454942524433136
v 0.006208469159901142 -0.00929383933544159 0.014008590020239353
v 0.011224213987588882 -0.010607335716485977 0.01454691868275404
v 0.00994959007948637 -0.011257961392402649 0.00902042631059885
v 0.005550154484808445 -0.00865266565233469 0.009096224792301655
v 0.002688618376851082 -0.007815256714820862 0.009557384997606277
v 0.004670325666666031 -0.009276344440877438 0.015456162393093109
v 0.011875741183757782 -0.010158702731132507 0.01719350554049015
v -0.0021601710468530655 -0.039293985813856125 0.014764518477022648
v -0.0025464454665780067 -0.03844286873936653 0.01203610748052597
v 0.0016902051866054535 -0.03999026119709015 0.01374960970133543
v 0.0015200511552393436 -0.03997792303562164 0.016758393496274948
v 0.0011154469102621078 -0.0395658053457737 0.019033560529351234
v -0.003659650217741728 -0.038911618292331696 0.01595199853181839
v -0.005164770875126123 -0.03820883482694626 0.011959358118474483
v -0.0032003233209252357 -0.01885366439819336 -0.019993353635072708
v -0.004101659636944532 -0.014802495017647743 -0.01927782967686653
v -0.003594903275370598 -0.013122577220201492 -0.016284752637147903
v -0.0011188522912561893 -0.012263845652341843 -0.0166467297822237
v 0.002697952091693878 -0.01378232054412365 -0.020447637885808945
v -0.0074364314787089825 -0.011395037174224854 -0.016437888145446777
v -0.0007285452447831631 -0.019736025482416153 0.01929541677236557
v 0.005228749476373196 -0.01790734939277172 0.019723990932106972
v 0.004177656024694443 -0.014179732650518417 0.01978296972811222
v -0.0007271282374858856 -0.015452027320861816 0.01879456266760826
v 0.0015476909466087818 -0.023906491696834564 0.01894323341548443
v 0.007094232365489006 -0.022204143926501274 0.01885814778506756
v -0.004167144652456045 -0.02350710704922676 0.01945388875901699
v -0.002486389596015215 -0.026036471128463745 0.018336044624447823
v -0.004395836498588324 -0.0190836600959301 0.020477136597037315
v -0.006207043305039406 -0.02212659828364849 0.020502546802163124
v -0.003938228823244572 -0.015919672325253487 0.019619883969426155
v 0.0026920074597001076 -0.009888028725981712 0.01786082796752453
v -0.0003091685939580202 -0.008345370180904865 0.010329031385481358
v -0.002179831964895129 -0.010998301208019257 0.013593090698122978
v -0.0012289239093661308 -0.012569628655910492 0.01690816320478916
v -0.004287767689675093 -0.02763788402080536 -0.007142262998968363
v -0.0022985911928117275 -0.022631462663412094 -0.005448936019092798
v -0.0036661014892160892 -0.021450649946928024 -0.009680001065135002
v -0.004575194790959358 -0.025016775354743004 -0.011223909445106983
v -0.00487181730568409 -0.0273674838244915 -0.01439789030700922
v -0.004910449031740427 -0.030080221593379974 -0.0136228883638978
v -0.0038667735643684864 -0.028393741697072983 0.003185862675309181
v -0.0020696367137134075 -0.023065676912665367 0.0016344247851520777
v -0.004781919065862894 -0.02595541626214981 0.008691055700182915
v -0.00322290463373065 -0.022325580939650536 0.0070278882049024105
v -0.005997415632009506 -0.03041006252169609 0.009614347480237484
v -0.005263262428343296 -0.028257835656404495 0.01178785227239132
v -0.005390083882957697 -0.032778993248939514 0.001608769060112536
v -0.006729061249643564 -0.03320956975221634 0.008174300193786621
v -0.0010660479310899973 -0.010191133245825768 0.007963991723954678
v -0.002556451363489032 -0.011433668434619904 0.011312955990433693
v -0.002205678727477789 -0.01098053902387619 -0.013720819726586342
v -0.00399425532668829 -0.011384587734937668 -0.013632471673190594
v -0.004839774686843157 -0.012249628081917763 -0.011660119518637657
v -0.0025736321695148945 -0.011383453384041786 -0.010324586182832718
v 0.00011833175085484982 -0.009866083040833473 -0.017046917229890823
v -0.0010187872685492039 -0.009172756224870682 -0.011697545647621155
v -0.007344058249145746 -0.02512994036078453 0.017246419563889503
v -0.008839461952447891 -0.023539332672953606 0.01926307938992977
v -0.011761398985981941 -0.023666411638259888 0.01793810725212097
v -0.010330411605536938 -0.025255441665649414 0.016248416155576706
v -0.00947957206517458 -0.02593407779932022 0.014242683537304401
v -0.007625292986631393 -0.0261368565261364 0.014259650371968746
v -0.008012083359062672 -0.02484922856092453 -0.016569172963500023
v -0.007934946566820145 -0.02428605407476425 -0.01495882123708725
v -0.010092103853821754 -0.02404649369418621 -0.014676934108138084
v -0.010217406786978245 -0.02436385117471218 -0.01688813790678978
v -0.00591207854449749 -0.025495324283838272 -0.018011316657066345
v -0.0061763073317706585 -0.02540629729628563 -0.014995066449046135
v -0.007686880882829428 -0.02371135540306568 -0.019658690318465233
v -0.007259677164256573 -0.013034356757998466 0.019912293180823326
v -0.004077999386936426 -0.013487417250871658 0.017823176458477974
v -0.004171594511717558 -0.012086816132068634 0.015069164335727692
v -0.006433399859815836 -0.011766698211431503 0.016010111197829247
v -0.008348763920366764 -0.010173816233873367 0.016180898994207382
v -0.010333474725484848 -0.0104074627161026 0.020191708579659462
v -0.006665737368166447 -0.015958642587065697 0.021568523719906807
v -0.009474885649979115 -0.013310180976986885 0.024369044229388237
v -0.00907052494585514 -0.01584109291434288 0.024882083758711815
v -0.010920345783233643 -0.011378549039363861 0.02428232505917549
v -0.00981816090643406 -0.010083753615617752 0.00993829034268856
v -0.009246431291103363 -0.005562190897762775 0.010996119119226933
v -0.00870395079255104 -0.006373466923832893 0.012651106342673302
v -0.008342012763023376 -0.008462834171950817 0.012738439254462719
v -0.007377358619123697 -0.01030607521533966 0.013001920655369759
v -0.009165214374661446 -0.013523267582058907 0.010505080223083496
v -0.011856535449624062 -0.009084252640604973 0.009718401357531548
v -0.011271319352090359 -0.006055636331439018 0.011103291064500809
v -0.012379812076687813 -0.01400112733244896 0.007661789655685425
v -0.01373313833028078 -0.013096997514367104 0.008519759401679039
v -0.011983448639512062 -0.016138944774866104 0.008297370746731758
v -0.006846089847385883 -0.013637451454997063 -0.020144876092672348
v -0.009468257427215576 -0.010850274935364723 -0.01876625418663025
v -0.009625921957194805 -0.007212148047983646 -0.015069212764501572
v -0.010007216595113277 -0.00804244726896286 -0.011514456011354923
v -0.007557605393230915 -0.009833971038460732 -0.012848298996686935
v -0.011081870645284653 -0.0072475336492061615 -0.01766723208129406
v -0.0068402718752622604 -0.013201560825109482 0.011352830566465855
v -0.0073348465375602245 -0.016020415350794792 0.011211074888706207
v -0.009559795260429382 -0.016889866441488266 0.010541170835494995
v -0.011739486828446388 -0.01838008314371109 0.008925111033022404
v -0.009949350729584694 -0.023365894332528114 0.02151966653764248
v -0.012212777510285378 -0.022648420184850693 0.020768659189343452
v -0.013515572994947433 -0.02065301313996315 0.020266922190785408
v -0.013511978089809418 -0.02148595079779625 0.01757858693599701
v -0.014610905200242996 -0.022439053282141685 0.015456502325832844
v -0.013634854927659035 -0.02446107193827629 0.015943121165037155
v -0.012514417991042137 -0.0260348878800869 0.015292410738766193
v -0.01006466057151556 -0.005635560490190983 0.014774615876376629
v -0.009409552440047264 -0.00791105255484581 0.015666654333472252
v -0.010057765990495682 -0.0034809811040759087 0.0137511370703578
v -0.011549187824130058 -0.007274417206645012 0.01864243485033512
v -0.015006566420197487 -0.007661439478397369 0.02084832824766636
v -0.013833900913596153 -0.010164782404899597 0.022320067510008812
v -0.013170957565307617 -0.01224888302385807 0.024599971249699593
v -0.011844943277537823 -0.022800561040639877 -0.019558044150471687
v -0.013210962526500225 -0.025281645357608795 -0.015281127765774727
v -0.01408405415713787 -0.02443239465355873 -0.016756944358348846
v -0.014862800016999245 -0.02235851064324379 -0.01629088819026947
v -0.013593279756605625 -0.02088400349020958 -0.019342664629220963
v -0.014245567843317986 -0.020902663469314575 -0.023781554773449898
v -0.012451598420739174 -0.021817751228809357 -0.02495427615940571
v -0.009207258000969887 -0.022118262946605682 -0.022212659940123558
v -0.012412767857313156 -0.016529981046915054 -0.009470335207879543
v -0.011306044645607471 -0.012244250625371933 -0.010532685555517673
v -0.01331031322479248 -0.011796176433563232 -0.008999576792120934
v -0.014426718465983868 -0.01524117961525917 -0.008207688108086586
v -0.009686041623353958 -0.015479974448680878 -0.011524499393999577
v -0.009040526114404202 -0.012457389384508133 -0.011735851876437664
v -0.012079676613211632 -0.019598962739109993 -0.01023426279425621
v -0.009650420397520065 -0.01821798086166382 -0.011773672886192799
v -0.016272857785224915 -0.017488623037934303 -0.00677242549136281
v -0.015590882860124111 -0.019584238529205322 -0.00733504444360733
v -0.015402166172862053 -0.02196662686765194 -0.008131913840770721
v -0.01076230127364397 -0.0034849457442760468 -0.011517535895109177
v -0.012944461777806282 -0.0045321425423026085 -0.011235311627388
v -0.01273141149431467 -0.0077596390619874 -0.009684876538813114
v -0.011167269200086594 -0.003865625709295273 -0.014228629879653454
v -0.011983643285930157 -0.006802822463214397 0.01176455058157444
v -0.01250640768557787 -0.005494975484907627 0.013056028634309769
v -0.01167991477996111 -0.003911350853741169 0.012948132120072842
v -0.01272589061409235 -0.009176426567137241 0.011173774488270283
v -0.013625691644847393 -0.008098526857793331 0.01281702984124422
v -0.013915341347455978 -0.011143077164888382 0.036061663180589676
v -0.012442650273442268 -0.011319871991872787 0.03351187705993652
v -0.013073818758130074 -0.00865901354700327 0.03271264582872391
v -0.015477368608117104 -0.009448098950088024 0.03630330413579941
v -0.014206824824213982 -0.013437116518616676 0.03705431893467903
v -0.012349291704595089 -0.014007018879055977 0.034342747181653976
v -0.016789106652140617 -0.012617774307727814 0.03804977238178253
v -0.016009369865059853 -0.016923977062106133 0.027231501415371895
v -0.014703517779707909 -0.01943814381957054 0.023564564064145088
v -0.013434106484055519 -0.021152576431632042 0.024325424805283546
v -0.014895353466272354 -0.019153904169797897 0.028384391218423843
v -0.015248572453856468 -0.013567490503191948 0.028017861768603325
v -0.015576436184346676 -0.01325909048318863 0.02521267533302307
v -0.017032038420438766 -0.015986526384949684 0.024967657402157784
v -0.016143862158060074 -0.01801426149904728 0.02271701768040657
v -0.012687145732343197 -0.001774027943611145 -0.01610284484922886
v -0.011926204897463322 -0.00045638997107744217 -0.014844694174826145
v -0.012279239483177662 -0.00412319041788578 -0.01636664569377899
v -0.014651634730398655 -0.004431655630469322 -0.01820741593837738
v -0.015237143263220787 -0.001793992705643177 -0.017154511064291
v -0.015561867505311966 -0.000004751607775688171 -0.015897555276751518
v -0.013798611238598824 -0.011318434029817581 -0.024027066305279732
v -0.011320543475449085 -0.010249482467770576 -0.02117987908422947
v -0.00907069630920887 -0.012481115758419037 -0.021998045966029167
v -0.010957986116409302 -0.011438006535172462 -0.02495219185948372
v -0.013435437344014645 -0.010556001216173172 -0.028448617085814476
v -0.014626220799982548 -0.011448297649621964 -0.027705706655979156
v -0.01490299217402935 -0.013591742143034935 -0.027641089633107185
v -0.016144175082445145 -0.01330515742301941 -0.02485518530011177
v -0.01861751452088356 -0.010942917317152023 -0.022318027913570404
v -0.01614457555115223 -0.009201080538332462 -0.021358730271458626
v -0.013335554860532284 -0.007630234584212303 -0.01976962573826313
v -0.016805144026875496 -0.010756611824035645 -0.03019660711288452
v -0.01688823662698269 -0.01372511126101017 -0.029353629797697067
v -0.0181906595826149 -0.013809241354465485 -0.02557750977575779
v -0.01563228853046894 -0.016437038779258728 -0.01037787925451994
v -0.014675320126116276 -0.012183284386992455 -0.010815798304975033
v -0.01608087867498398 -0.011760536581277847 -0.012751320376992226
v -0.016722433269023895 -0.015134397894144058 -0.012842987664043903
v -0.01817087084054947 -0.01758311130106449 -0.013689085841178894
v -0.017912641167640686 -0.0197505634278059 -0.011544683948159218
v -0.0175215732306242 -0.018281396478414536 -0.008017265237867832
v -0.01949451118707657 -0.019556159153580666 -0.009228859096765518
v -0.017306655645370483 -0.016974879428744316 0.00921968836337328
v -0.014457352459430695 -0.013181239366531372 0.0104064354673028
v -0.01610993593931198 -0.01625741831958294 0.006978320423513651
v -0.01786780171096325 -0.014652922749519348 0.012378992512822151
v -0.01557188481092453 -0.011896995827555656 0.012539200484752655
v -0.020014222711324692 -0.019486024975776672 0.00994683988392353
v -0.020039429888129234 -0.01608155481517315 0.012683846056461334
v -0.019748231396079063 -0.018375670537352562 0.006144457496702671
v -0.020988065749406815 -0.02073146030306816 0.006711864378303289
v -0.01808052882552147 -0.01890776865184307 0.004968324676156044
v -0.017618849873542786 -0.01824716292321682 0.03820592537522316
v -0.015921536833047867 -0.01909642107784748 0.037128426134586334
v -0.014861837029457092 -0.016373159363865852 0.03751574456691742
v -0.01743173785507679 -0.015844769775867462 0.038450490683317184
v -0.01960119418799877 -0.015935420989990234 0.036999866366386414
v -0.01913129910826683 -0.0184779092669487 0.03726185858249664
v -0.017950791865587234 -0.01936316303908825 0.03566814213991165
v -0.017389053478837013 -0.021830996498465538 0.014805161394178867
v -0.016253817826509476 -0.020483287051320076 0.015504290349781513
v -0.01831020601093769 -0.01896171271800995 0.015722952783107758
v -0.019037293270230293 -0.0215277262032032 0.015044690109789371
v -0.016696179285645485 -0.02370222471654415 0.014616899192333221
v -0.019423410296440125 -0.024720648303627968 0.014335963875055313
v -0.013846023008227348 -0.005688954144716263 -0.011996041983366013
v -0.014115466736257076 -0.0019627343863248825 -0.012679890729486942
v -0.014919349923729897 -0.004546239040791988 -0.013002469204366207
v -0.01411924883723259 -0.00824161060154438 -0.011469979770481586
v -0.01556243933737278 -0.007843575440347195 -0.012936965562403202
v -0.017987428233027458 -0.027211442589759827 0.014807036146521568
v -0.01577589474618435 -0.025709517300128937 0.015223708003759384
v -0.02179378643631935 -0.023613156750798225 0.013666694052517414
v -0.023103030398488045 -0.026429053395986557 0.013580143451690674
v -0.021440034732222557 -0.02755870670080185 0.014306487515568733
v -0.020865073427557945 -0.02059664949774742 0.014339876361191273
v -0.020008035004138947 -0.028960272669792175 0.013942240737378597
v -0.019080232828855515 -0.026658736169338226 0.004093113820999861
v -0.018368441611528397 -0.02938186377286911 0.006400702986866236
v -0.02217337302863598 -0.03274717181921005 0.005873574409633875
v -0.023002106696367264 -0.030837927013635635 0.002660770434886217
v -0.017895730212330818 -0.022677989676594734 0.003911491949111223
v -0.014717461541295052 -0.020795859396457672 0.006590511184185743
v -0.01473120879381895 -0.023543551564216614 0.007326466962695122
v -0.024012764915823936 -0.02928735315799713 0.0001721992448437959
v -0.021387524902820587 -0.026272423565387726 0.0008502255077473819
v -0.020051579922437668 -0.02313266694545746 0.0012117070145905018
v -0.016968991607427597 -0.012314992025494576 0.033838581293821335
v -0.015833035111427307 -0.012746084481477737 0.03160399943590164
v -0.01657697558403015 -0.015223879367113113 0.03187885880470276
v -0.01782194711267948 -0.014197289943695068 0.0346362330019474
v -0.017484938725829124 -0.010199155658483505 0.03451087698340416
v -0.014860338531434536 -0.010357974097132683 0.03189054876565933
v -0.018959634006023407 -0.012806294485926628 0.03644953668117523
v -0.01842782460153103 -0.01752118207514286 -0.022643378004431725
v -0.015841811895370483 -0.019145801663398743 -0.02300873212516308
v -0.015537533909082413 -0.019074128940701485 -0.018898585811257362
v -0.017815524712204933 -0.0178513266146183 -0.01860262081027031
v -0.01960045099258423 -0.016028374433517456 -0.01725723035633564
v -0.020470058545470238 -0.014579519629478455 -0.02023126371204853
v -0.02177893929183483 -0.013644490391016006 -0.022501949220895767
v -0.019620023667812347 -0.01531892828643322 -0.02512679062783718
v -0.018567563965916634 -0.016851212829351425 0.034898847341537476
v -0.019185885787010193 -0.011816808953881264 -0.03199783340096474
v -0.01969963312149048 -0.013988655060529709 -0.03229738771915436
v -0.018313493579626083 -0.01534406840801239 -0.028968187049031258
v -0.019959352910518646 -0.027216192334890366 -0.006767372600734234
v -0.02174592949450016 -0.026634581387043 -0.004098366480320692
v -0.024403521791100502 -0.02969299629330635 -0.004285990726202726
v -0.02364114113152027 -0.030974458903074265 -0.006914700847119093
v -0.018757689744234085 -0.02337895892560482 -0.00604136660695076
v -0.02034178003668785 -0.023481151089072227 -0.0037473607808351517
v -0.023235954344272614 -0.03227699175477028 -0.009886633604764938
v -0.019719090312719345 -0.029011722654104233 -0.009512580931186676
v -0.025048673152923584 -0.04139520972967148 0.009507378563284874
v -0.026344459503889084 -0.038612958043813705 0.004824984353035688
v -0.024510661140084267 -0.035950880497694016 0.005304025020450354
v -0.02327694743871689 -0.03773908689618111 0.008918263018131256
v -0.022037236019968987 -0.03845618665218353 0.01159665361046791
v -0.023714367300271988 -0.04173135384917259 0.012504344806075096
v -0.025237660855054855 -0.04341111332178116 0.013950173743069172
v -0.025584213435649872 -0.04472421109676361 0.012255084700882435
v -0.027050940319895744 -0.04413342848420143 0.01120392419397831
v -0.027251629158854485 -0.04227771610021591 0.009009482339024544
v -0.02870698645710945 -0.03942737355828285 0.005503757391124964
v -0.020033977925777435 -0.015838036313652992 0.01974819041788578
v -0.021289564669132233 -0.01492077112197876 0.01793457753956318
v -0.017442287877202034 -0.01690124347805977 0.01733679510653019
v -0.017884578555822372 -0.017274286597967148 0.019743576645851135
v -0.018681112676858902 -0.017080359160900116 0.022127581760287285
v -0.020889941602945328 -0.014941535890102386 0.021570511162281036
v -0.022753160446882248 -0.012578990310430527 0.020712459459900856
v -0.021271567791700363 -0.01986432448029518 0.012306693010032177
v -0.02113518863916397 -0.01700294017791748 0.014032945968210697
v -0.02180664613842964 -0.023283833637833595 0.009297660551965237
v -0.02239411696791649 -0.022948672994971275 0.011533154174685478
v -0.021766487509012222 -0.024140074849128723 0.006767722312361002
v -0.025680381804704666 -0.041900258511304855 0.014580899849534035
v -0.024879690259695053 -0.04030945897102356 0.014109427109360695
v -0.026441508904099464 -0.03904121741652489 0.01535936538130045
v -0.026882819831371307 -0.04147455841302872 0.01561829075217247
v -0.026993677020072937 -0.043602608144283295 0.015442335046827793
v -0.02790144644677639 -0.045637115836143494 0.01413850486278534
v -0.02875385619699955 -0.04429265856742859 0.012100047431886196
v -0.029271945357322693 -0.04198295995593071 0.009731275960803032
v -0.021386565640568733 -0.013102687895298004 -0.01733536832034588
v -0.024162661284208298 -0.011775845661759377 -0.018760526552796364
v -0.01899198442697525 -0.02002301812171936 -0.016726164147257805
v -0.020660312846302986 -0.019253002479672432 -0.016074370592832565
v -0.020124442875385284 -0.018641741946339607 -0.01448250375688076
v -0.02109294943511486 -0.016110559925436974 -0.015461613424122334
v -0.022494930773973465 -0.013339856639504433 -0.01638622209429741
v -0.021267380565404892 -0.021675780415534973 -0.012589799240231514
v -0.02212619222700596 -0.022045549005270004 -0.014705879613757133
v -0.022345025092363358 -0.021675914525985718 -0.009840961545705795
v -0.02532253973186016 -0.025525853037834167 -0.012135222554206848
v -0.02583139017224312 -0.02543482929468155 -0.0097108855843544
v -0.024647356942296028 -0.025565393269062042 -0.014162023551762104
v -0.019137876108288765 -0.007965754717588425 0.01532940473407507
v -0.018931783735752106 -0.0055106449872255325 0.015606065280735493
v -0.015401553362607956 -0.00650450773537159 0.014498536475002766
v -0.017229925841093063 -0.009689399972558022 0.01426375936716795
v -0.021365081891417503 -0.009079096838831902 0.015692736953496933
v -0.02267271839082241 -0.006063289940357208 0.016370002180337906
v -0.019385382533073425 -0.011968737468123436 0.014238129369914532
v -0.020362310111522675 -0.017739567905664444 0.01554926484823227
v -0.024865612387657166 -0.012112447991967201 0.01840713992714882
v -0.024899305775761604 -0.01216280646622181 0.016241654753684998
v -0.022263087332248688 -0.014402370899915695 0.015716684982180595
v -0.026040630415081978 -0.04080574959516525 -0.012868572026491165
v -0.026732781901955605 -0.039113204926252365 -0.01040971465408802
v -0.02864721044898033 -0.04097524285316467 -0.010769020766019821
v -0.027716727927327156 -0.043511681258678436 -0.013019467703998089
v -0.02449784241616726 -0.03733309358358383 -0.012991003692150116
v -0.02527450956404209 -0.03616957366466522 -0.010293301194906235
v -0.02547648921608925 -0.04187069460749626 -0.01495551597326994
v -0.02345869317650795 -0.038144975900650024 -0.015070699155330658
v -0.02663486823439598 -0.04409375041723251 -0.015093771740794182
v -0.029849901795387268 -0.04409109428524971 -0.014384575188159943
v -0.02805674821138382 -0.044033948332071304 -0.016806453466415405
v -0.026959817856550217 -0.04118616133928299 -0.017056211829185486
v -0.019283298403024673 -0.009189305827021599 -0.035726070404052734
v -0.01800667494535446 -0.009652569890022278 -0.03462289646267891
v -0.018523631617426872 -0.011938508599996567 -0.03591350093483925
v -0.02001582272350788 -0.010890267789363861 -0.03697351738810539
v -0.021958544850349426 -0.009893851354718208 -0.03725218027830124
v -0.02021070569753647 -0.007382843643426895 -0.03539065644145012
v -0.01811041310429573 -0.007643940858542919 -0.033256083726882935
v -0.02520359680056572 -0.01076524332165718 -0.01685418002307415
v -0.0205641221255064 -0.01596754416823387 -0.03844384849071503
v -0.019336074590682983 -0.016853606328368187 -0.03711273521184921
v -0.020637745037674904 -0.019096482545137405 -0.03713039681315422
v -0.022431205958127975 -0.01692114770412445 -0.03859103098511696
v -0.020500699058175087 -0.013716287910938263 -0.038306139409542084
v -0.019001878798007965 -0.014529235661029816 -0.03679323196411133
v -0.022873712703585625 -0.013486787676811218 -0.038532812148332596
v -0.02290465496480465 -0.02395116165280342 0.005140695720911026
v -0.022401923313736916 -0.021594436839222908 0.004449140280485153
v -0.0251341313123703 -0.022920090705156326 0.0032315447460860014
v -0.025079946964979172 -0.025454282760620117 0.005072365049272776
v -0.024326195940375328 -0.02663065865635872 0.007228254806250334
v -0.025097830221056938 -0.010080656036734581 0.020405154675245285
v -0.02879471518099308 -0.04288138076663017 0.0161479189991951
v -0.02903119847178459 -0.040950238704681396 0.01596750319004059
v -0.03129660338163376 -0.04106694087386131 0.01598580926656723
v -0.030414272099733353 -0.04411489889025688 0.015423934906721115
v -0.02080805040895939 -0.01084120012819767 -0.033288538455963135
v -0.02138245478272438 -0.012574668973684311 -0.03410400450229645
v -0.019209450110793114 -0.009370528161525726 -0.03196296468377113
v -0.021351397037506104 -0.008924197405576706 -0.03369513526558876
v -0.022643081843852997 -0.011055178940296173 -0.03542155399918556
v -0.024499332532286644 -0.010137196630239487 -0.02082899399101734
v -0.022740477696061134 -0.01644061505794525 -0.0367652028799057
v -0.02132319286465645 -0.017383724451065063 -0.03577793389558792
v -0.02156960964202881 -0.015190128237009048 -0.0349145382642746
v -0.023041483014822006 -0.014170652255415916 -0.03631821647286415
v -0.02328718826174736 -0.016661904752254486 -0.00008255157445091754
v -0.020223751664161682 -0.016933241859078407 0.002672809176146984
v -0.018902044743299484 -0.018167946487665176 0.0014875947963446379
v -0.020114988088607788 -0.0180498156696558 -0.0009156125015579164
v -0.019904516637325287 -0.018334314227104187 -0.0029463241808116436
v -0.02247474156320095 -0.017428763210773468 -0.0031381479930132627
v -0.027591057121753693 -0.017888827249407768 -0.003258325159549713
v -0.029472604393959045 -0.018130475655198097 0.000023566626623505726
v -0.0297763142734766 -0.021963147446513176 0.0009044678299687803
v -0.024634484201669693 -0.019511714577674866 0.001890239305794239
v -0.019299808889627457 -0.006358739919960499 -0.015173284336924553
v -0.01974250003695488 -0.004057343117892742 -0.01543349213898182
v -0.02203955128788948 -0.0055667199194431305 -0.016072504222393036
v -0.020300427451729774 -0.0083151301369071 -0.0153775904327631
v -0.01749982312321663 -0.006990708410739899 -0.014155318029224873
v -0.01699542999267578 -0.0036533158272504807 -0.01416086871176958
v -0.01803012751042843 -0.010560309514403343 -0.014313075691461563
v -0.022227052599191666 -0.01859395019710064 -0.006777260452508926
v -0.02460668608546257 -0.020913369953632355 -0.007254930213093758
v -0.029017608612775803 -0.020434606820344925 -0.004421262536197901
v -0.02003829926252365 -0.01739378646016121 -0.005919826216995716
v -0.03193192183971405 -0.04168454185128212 -0.019347058609128
v -0.03006184846162796 -0.04341001436114311 -0.018673982471227646
v -0.031971096992492676 -0.043720755726099014 -0.016047846525907516
v -0.03307238221168518 -0.04117129370570183 -0.017261626198887825
v -0.030952423810958862 -0.038674697279930115 -0.01966242864727974
v -0.028745274990797043 -0.0401623509824276 -0.01891976222395897
v -0.03262466937303543 -0.03734130412340164 -0.018235329538583755
v -0.03276631608605385 -0.03711728751659393 0.00019258972315583378
v -0.030309684574604034 -0.03431228548288345 -0.000019314462406327948
v -0.028840724378824234 -0.03554981201887131 0.002248883480206132
v -0.030683740973472595 -0.037142157554626465 0.0027886396273970604
v -0.03280973806977272 -0.03637408837676048 -0.0025970828719437122
v -0.030704136937856674 -0.03391921892762184 -0.002324308967217803
v -0.03581402078270912 -0.039395447820425034 -0.0008070116164162755
v -0.03556477278470993 -0.0380873829126358 -0.0032171551138162613
v -0.03457574173808098 -0.0377226285636425 0.001992065692320466
v -0.03681498020887375 -0.038769595324993134 0.0007774620316922665
v -0.03253628686070442 -0.03772663697600365 0.003927603829652071
v -0.026870012283325195 -0.010487731546163559 0.018370896577835083
v -0.027183914557099342 -0.008345456793904305 0.019545113667845726
v -0.027310168370604515 -0.007593797519803047 0.01747327297925949
v -0.02658875472843647 -0.009560717269778252 0.016568955034017563
v -0.02620530314743519 -0.005424929782748222 0.01720491610467434
v -0.024916017428040504 -0.007721754722297192 0.016137098893523216
v -0.026301220059394836 -0.005098181776702404 0.020083250477910042
v -0.026429031044244766 -0.00664111040532589 -0.01611049845814705
v -0.025493422523140907 -0.004846459254622459 -0.016001593321561813
v -0.027185115963220596 -0.003073078580200672 -0.016710994765162468
v -0.027967877686023712 -0.007013516500592232 -0.016704531386494637
v -0.02462853491306305 -0.009125967510044575 -0.01622292771935463
v -0.023569364100694656 -0.007454014383256435 -0.016180843114852905
v -0.026359841227531433 -0.00728204008191824 -0.02025705575942993
v -0.025258950889110565 -0.005058251321315765 -0.020185992121696472
v -0.023321354761719704 -0.00816791970282793 -0.021166615188121796
v -0.02797442488372326 -0.007394807413220406 -0.01894693821668625
v -0.027013663202524185 -0.0031638117507100105 -0.019140193238854408
v -0.039380162954330444 -0.04156443104147911 -0.0011519190156832337
v -0.038866039365530014 -0.03930174186825752 -0.0025602751411497593
v -0.038782358169555664 -0.03723413497209549 -0.004176843911409378
v -0.036334700882434845 -0.03711903095245361 -0.005522001534700394
v -0.03681255131959915 -0.025459829717874527 0.0010213115019723773
v -0.036258794367313385 -0.02117050811648369 -0.00028689514147117734
v -0.04223009571433067 -0.021782632917165756 -0.0007478314801119268
v -0.04278601333498955 -0.024228140711784363 0.000050982784159714356
v -0.03395651653409004 -0.028436750173568726 0.0036006744485348463
v -0.02932516485452652 -0.025303680449724197 0.0030524868052452803
v -0.04078308120369911 -0.03082248941063881 0.0022430382668972015
v -0.036919306963682175 -0.03184773400425911 0.004287365823984146
v -0.04483512043952942 -0.02731422334909439 0.0007865288644097745
v -0.039736080914735794 -0.034803662449121475 0.002126912586390972
v -0.03733907639980316 -0.03479676693677902 0.003956670872867107
v -0.04438716545701027 -0.03350541740655899 0.0018481253646314144
v -0.04261407628655434 -0.035863105207681656 0.0014812940498813987
v -0.04718361794948578 -0.03114478290081024 0.001050150254741311
v -0.04491531848907471 -0.042212363332509995 -0.0010938314953818917
v -0.044191427528858185 -0.040859654545784 0.0009140323381870985
v -0.047753721475601196 -0.041529275476932526 0.0022497146856039762
v -0.048800740391016006 -0.0421777218580246 0.0003905575140379369
v -0.04757056385278702 -0.04191203787922859 -0.0026403532829135656
v -0.046018246561288834 -0.04016194865107536 -0.003968019504100084
v -0.042723506689071655 -0.03995915502309799 -0.002882094820961356
v -0.049668822437524796 -0.0414440855383873 -0.001410487573593855
v -0.047071248292922974 -0.03976339474320412 0.0025160962250083685
v -0.044603366404771805 -0.03891574218869209 0.0013777121203020215
v -0.04575563594698906 -0.03713000565767288 0.002069634385406971
v -0.04844527691602707 -0.03840533271431923 0.003166006878018379
v -0.0504787303507328 -0.040218599140644073 0.0032075156923383474
v -0.04524756595492363 -0.02507993020117283 -0.0032844017259776592
v -0.04233355447649956 -0.02522134780883789 -0.0034563529770821333
v -0.04381822049617767 -0.028628498315811157 -0.003958599641919136
v -0.047088198363780975 -0.027743101119995117 -0.003542294492945075
v -0.04600756615400314 -0.02319340407848358 -0.002849296433851123
v -0.042044349014759064 -0.022591710090637207 -0.0030354142654687166
v -0.04909570515155792 -0.02609037235379219 -0.0031269437167793512
v -0.05043652281165123 -0.03992468863725662 -0.005830585490912199
v -0.04845521226525307 -0.0402626097202301 -0.005326023790985346
v -0.04947178065776825 -0.0422247014939785 -0.004183328244835138
v -0.05173617973923683 -0.04119250923395157 -0.004990939982235432
v -0.05364404246211052 -0.038956571370363235 -0.004899623338133097
v -0.05132538080215454 -0.03805490583181381 -0.0057745729573071
v -0.04874653369188309 -0.03792208060622215 -0.005592047236859798
v -0.04577279090881348 -0.023547004908323288 -0.00015594196156598628
v -0.04636513441801071 -0.021982738748192787 -0.0004002549685537815
v -0.049548305571079254 -0.024868715554475784 -0.00032964014098979533
v -0.04775248467922211 -0.025732357054948807 0.00004385105421533808
v -0.048584479838609695 -0.033473849296569824 0.0015442577423527837
v -0.050116393715143204 -0.030135691165924072 0.0005171287339180708
v -0.0507633350789547 -0.03373967111110687 0.001449465285986662
v -0.04989812523126602 -0.036280013620853424 0.0025337785482406616
v -0.04722438007593155 -0.03517259284853935 0.002136706141754985
v -0.05052627623081207 -0.041639525443315506 -0.0027927616611123085
v -0.05171213299036026 -0.0407421849668026 -0.0009297697688452899
v -0.052149318158626556 -0.04098797217011452 -0.002792190993204713
v -0.053215257823467255 -0.03951588645577431 -0.0008676873985677958
v -0.05134478956460953 -0.04089701548218727 0.0011033726623281837
v -0.05362238734960556 -0.03894975036382675 0.0007977075292728841
v -0.05501095950603485 -0.035891588777303696 -0.0009735825005918741
v -0.0536978580057621 -0.039054375141859055 -0.0024150055833160877
v -0.05233607813715935 -0.03744996711611748 0.002675350522622466
v -0.053146958351135254 -0.034201983362436295 0.0013663052814081311
v -0.0522402822971344 -0.02978000044822693 0.00033579402952454984
v -0.05481782555580139 -0.029699280858039856 -0.0008969160262495279
v -0.054136428982019424 -0.03020486608147621 -0.0034709321334958076
v -0.054955001920461655 -0.03540302813053131 -0.004262364935129881
v -0.05218779295682907 -0.0351981520652771 -0.005025084130465984
v -0.051539406180381775 -0.030965447425842285 -0.003853622591122985
v -0.04915619269013405 -0.031868670135736465 -0.0042152139358222485
v -0.04952526465058327 -0.03540804237127304 -0.005052326712757349
v -0.05051914602518082 -0.024679113179445267 -0.002689297776669264
v -0.051109056919813156 -0.023839734494686127 -0.0010433028219267726
v -0.04715637117624283 -0.019871588796377182 -0.0009552048868499696
v -0.04664171487092972 -0.02146756835281849 -0.0023325865622609854
v -0.04210156202316284 -0.020786495879292488 -0.002416246570646763
v -0.04222524166107178 -0.02000053972005844 -0.0012261898955330253
v -0.03607087582349777 -0.0194057859480381 -0.0015258670318871737
v -0.03595803678035736 -0.020713839679956436 -0.0028437436558306217
v -0.031212229281663895 -0.023524146527051926 -0.005067282356321812
v -0.03660758584737778 -0.02294766902923584 -0.003526683896780014
v -0.034050337970256805 -0.027104422450065613 -0.0056096394546329975
v -0.038049545139074326 -0.026041314005851746 -0.004090003203600645
v -0.036645133048295975 -0.030404042452573776 -0.006149289198219776
v -0.039846502244472504 -0.029448218643665314 -0.004664767533540726
v -0.03809855878353119 -0.03308796510100365 -0.006231330800801516
v -0.04113529622554779 -0.03270671144127846 -0.005096852779388428
v -0.04531588405370712 -0.03244265913963318 -0.0046195960603654385
v -0.04166024923324585 -0.03535374626517296 -0.004808449186384678
v -0.045660074800252914 -0.03542943298816681 -0.00478877080604434
v -0.041917767375707626 -0.0376698262989521 -0.003983135800808668
v -0.045572686940431595 -0.03792204707860947 -0.00473381020128727
v -0.03870858997106552 -0.03537500649690628 -0.005630147643387318
v -0.03655681014060974 -0.03574351966381073 -0.007120844908058643
v -0.036049049347639084 -0.03370160609483719 -0.0079440176486969
v -0.03450838476419449 -0.034505411982536316 -0.010084732435643673
v -0.03495313972234726 -0.03651810437440872 -0.009272811934351921
v -0.03445710986852646 -0.03133377060294151 -0.00800446979701519
v -0.03318631276488304 -0.03201744705438614 -0.010245493613183498
v -0.03234833478927612 -0.03226093947887421 -0.01313874777406454
v -0.03414038568735123 -0.035239122807979584 -0.013460143469274044
v -0.031294241547584534 -0.028339840471744537 -0.007590283174067736
v -0.03005664423108101 -0.029188789427280426 -0.009890605695545673
v -0.029356367886066437 -0.02935270220041275 -0.012426749803125858
v -0.02828820049762726 -0.02896089479327202 -0.015220138244330883
v -0.0309921745210886 -0.03230414167046547 -0.016117116436362267
v -0.030412541702389717 -0.03229109197854996 -0.01879308559000492
v -0.0320444293320179 -0.03655484691262245 -0.015699753537774086
v -0.02664455771446228 -0.028890013694763184 -0.01725631020963192
v -0.02462124638259411 -0.02945706993341446 -0.018559424206614494
v -0.028514396399259567 -0.0337524451315403 -0.020441189408302307
v -0.023412121459841728 -0.025878988206386566 -0.015692181885242462
v -0.021766934543848038 -0.02673543244600296 -0.016191305592656136
v -0.020457012578845024 -0.02782508358359337 -0.015858693048357964
v -0.02260725013911724 -0.03122696280479431 -0.0184476375579834
v -0.02090444043278694 -0.022811150178313255 -0.015812577679753304
v -0.01911304146051407 -0.023679183796048164 -0.015795214101672173
v -0.017497915774583817 -0.024957481771707535 -0.015969451516866684
v -0.016543664038181305 -0.026594970375299454 -0.01575350947678089
v -0.019404646009206772 -0.028929349035024643 -0.015322973020374775
v -0.016901515424251556 -0.020766448229551315 -0.01635909080505371
v -0.018858399242162704 -0.029633846133947372 -0.013774923980236053
v -0.020831814035773277 -0.03364243730902672 -0.01459323987364769
v -0.02175331860780716 -0.03268388658761978 -0.016595976427197456
v -0.016473809257149696 -0.026153400540351868 -0.013915552757680416
v -0.015822414308786392 -0.02640419825911522 -0.012172864750027657
v -0.01935078203678131 -0.029511895030736923 -0.011827428825199604
v -0.012656399980187416 -0.024642955511808395 -0.013659761287271976
v -0.012152587063610554 -0.023584499955177307 -0.012230333872139454
v -0.014882700517773628 -0.026603780686855316 -0.010234183631837368
v -0.009749727323651314 -0.022591914981603622 -0.013282758183777332
v -0.009595039300620556 -0.020539045333862305 -0.012358658947050571
v -0.011964913457632065 -0.02184062823653221 -0.0110489372164011
v -0.007575489114969969 -0.02258331887423992 -0.01357425469905138
v -0.007285270374268293 -0.02015138976275921 -0.012733528390526772
v -0.007212379481643438 -0.01752924919128418 -0.012182274833321571
v -0.00557995680719614 -0.023347297683358192 -0.013069980777800083
v -0.005105725489556789 -0.020487817004323006 -0.011884057894349098
v -0.0048018814995884895 -0.017184961587190628 -0.011377144604921341
v -0.004826982505619526 -0.014482054859399796 -0.01133994571864605
v -0.00718783400952816 -0.014919724315404892 -0.012007178738713264
v -0.002879550214856863 -0.017210563644766808 -0.00914393737912178
v -0.0025767008773982525 -0.014030370861291885 -0.009307408705353737
v -0.001566313672810793 -0.017488982528448105 -0.005025114864110947
v -0.0010267114266753197 -0.013660019263625145 -0.0049477871507406235
v -0.0007302137091755867 -0.011431336402893066 -0.004955756943672895
v -0.000303435605019331 -0.009411042556166649 -0.005202118307352066
v -0.00026725977659225464 -0.013933105394244194 0.0011996041284874082
v 0.000135315814986825 -0.011613903567194939 0.0012857848778367043
v 0.0005786237306892872 -0.010076021775603294 0.0014685484347864985
v 0.0012019379064440727 -0.008986526168882847 0.001994367688894272
v 0.0011439649388194084 -0.007890013977885246 -0.005273981019854546
v -0.0013148740399628878 -0.011824660003185272 0.007247377187013626
v -0.0015487666241824627 -0.014260571449995041 0.0068527692928910255
v -0.003084176918491721 -0.01483522355556488 0.009744532406330109
v -0.0030102296732366085 -0.012531798332929611 0.010132957249879837
v -0.005083139054477215 -0.015362268313765526 0.011016957461833954
v -0.0048421816900372505 -0.012974055483937263 0.011229116469621658
v -0.004418771713972092 -0.01163618266582489 0.012662215158343315
v -0.0061096311546862125 -0.011208541691303253 0.013150409795343876
v -0.003590286709368229 -0.01811903342604637 0.009675959125161171
v -0.005573442671447992 -0.01847393810749054 0.011146202683448792
v -0.007773451041430235 -0.01901453360915184 0.011490542441606522
v -0.006228884682059288 -0.021627647802233696 0.011464467272162437
v -0.008171558380126953 -0.02184176817536354 0.01193307526409626
v -0.009931938722729683 -0.022536002099514008 0.01122977677732706
v -0.009684174321591854 -0.019836120307445526 0.010810556821525097
v -0.011884390376508236 -0.023781772702932358 0.009981850162148476
v -0.011641290038824081 -0.021146798506379128 0.009426621720194817
v -0.014388952404260635 -0.026082072407007217 0.00811664666980505
v -0.012635467574000359 -0.02553965523838997 0.011164072901010513
v -0.014908501878380775 -0.02726380154490471 0.00980282761156559
v -0.018505733460187912 -0.02988070249557495 0.008871293626725674
v -0.015958555042743683 -0.027532465755939484 0.011512801051139832
v -0.01790720224380493 -0.030488360673189163 0.010908774100244045
v -0.02002771571278572 -0.03404778987169266 0.011138875968754292
v -0.021379757672548294 -0.03355725109577179 0.008857207372784615
v -0.018770672380924225 -0.029978811740875244 0.012800229713320732
v -0.020883740857243538 -0.03326168656349182 0.013260522857308388
v -0.02332548052072525 -0.03725622594356537 0.01366182416677475
v -0.021945154294371605 -0.03206612914800644 0.015034940093755722
v -0.024879490956664085 -0.03580916300415993 0.015347632579505444
v -0.023466650396585464 -0.030237581580877304 0.015849720686674118
v -0.02657225728034973 -0.03424939513206482 0.016554294154047966
v -0.028574276715517044 -0.03801795840263367 0.016113970428705215
v -0.0285631250590086 -0.03246135264635086 0.016758056357502937
v -0.030902329832315445 -0.03722177445888519 0.016715511679649353
v -0.029323864728212357 -0.03230690956115723 0.014536386355757713
v -0.03135012462735176 -0.03653901442885399 0.014874853193759918
v -0.03183270990848541 -0.04034546762704849 0.014153337106108665
v -0.03218299522995949 -0.03549208492040634 0.012676890008151531
v -0.032333455979824066 -0.03894776105880737 0.011929061263799667
v -0.031047634780406952 -0.0410538874566555 0.01078746747225523
v -0.03046734258532524 -0.04288870096206665 0.01325496006757021
v -0.03337923437356949 -0.0369950607419014 0.00890830997377634
v -0.03254781663417816 -0.03877919912338257 0.007707604672759771
v -0.03076087310910225 -0.03942083567380905 0.00643348041921854
v -0.03432686626911163 -0.03713757172226906 0.005081779323518276
v -0.035290688276290894 -0.035532303154468536 0.006205141544342041
v -0.0361822172999382 -0.0364249162375927 0.0029165653977543116
v -0.03827771171927452 -0.03676282614469528 0.0012058280408382416
v -0.04110543802380562 -0.03778456896543503 0.0006536984583362937
v -0.039908669888973236 -0.03974871709942818 0.00010793164256028831
v -0.0328846350312233 -0.03443492576479912 0.009457049891352654
v -0.034541916102170944 -0.033109862357378006 0.006572358775883913
v -0.030848709866404533 -0.03193095698952675 0.009013829752802849
v -0.03215225785970688 -0.030787315219640732 0.0059958999045193195
v -0.02770940586924553 -0.029131531715393066 0.008063862100243568
v -0.02856370247900486 -0.027868207544088364 0.005404074210673571
v -0.027057133615016937 -0.029099132865667343 0.010776087641716003
v -0.024150535464286804 -0.02608940377831459 0.009530031122267246
v -0.03012753278017044 -0.032081469893455505 0.012173349037766457
v -0.026359310373663902 -0.028955798596143723 0.012976059690117836
v -0.025236742570996284 -0.02913215011358261 0.014764397405087948
v -0.02394045516848564 -0.025992613285779953 0.011688734404742718
v -0.017036061733961105 -0.02766042947769165 0.013175171799957752
v -0.013829893432557583 -0.02639142796397209 0.012674244120717049
v -0.014728343114256859 -0.02703258767724037 0.014292992651462555
v -0.011538992635905743 -0.025934390723705292 0.013651642017066479
v -0.010574403218925 -0.024624019861221313 0.012224908918142319
v -0.008692365139722824 -0.024187125265598297 0.012728564441204071
v -0.006842454895377159 -0.02419550158083439 0.012501292861998081
v -0.004493232816457748 -0.02181757614016533 0.009984981268644333
v -0.00520726665854454 -0.024736568331718445 0.011330382898449898
v -0.0059063369408249855 -0.02668798714876175 0.013416538946330547
v -0.004899121820926666 -0.029387839138507843 0.01512586697936058
v -0.0053979926742613316 -0.02726159244775772 0.016344966366887093
v -0.0018189698457717896 -0.02898922562599182 0.01747600920498371
v 0.0026824180968105793 -0.02775328978896141 0.018476711586117744
v -0.005134043749421835 -0.03154725581407547 0.013914170674979687
v -0.0022503710351884365 -0.03172055259346962 0.017192335799336433
v 0.0028658793307840824 -0.03140302747488022 0.018789052963256836
v 0.009431084617972374 -0.03171494975686073 0.018201272934675217
v 0.008589507080614567 -0.026813644915819168 0.018332868814468384
v -0.003256038296967745 -0.03408179432153702 0.017148246988654137
v 0.0022168830037117004 -0.034391358494758606 0.019663002341985703
v 0.00967653188854456 -0.03569820523262024 0.01945512369275093
v 0.01811910793185234 -0.037915896624326706 0.017812389880418777
v 0.017580782994627953 -0.0330018624663353 0.016841821372509003
v 0.0013906117528676987 -0.03706391900777817 0.02055644802749157
v 0.009306661784648895 -0.03867965191602707 0.020403482019901276
v 0.01807667501270771 -0.04121074825525284 0.018830718472599983
v 0.024455208331346512 -0.04355614632368088 0.014745895750820637
v 0.024624109268188477 -0.04039164260029793 0.01390966959297657
v 0.008621636778116226 -0.04162707179784775 0.02040594443678856
v 0.017660418525338173 -0.04430685564875603 0.019226273521780968
v 0.023869147524237633 -0.046487174928188324 0.015153779648244381
v 0.02672160044312477 -0.04740528762340546 0.008790802210569382
v 0.027608223259449005 -0.04496404156088829 0.008783428929746151
v 0.02941054105758667 -0.045128293335437775 -0.00038296819548122585
v 0.029755912721157074 -0.04157043620944023 -0.00023011186567600816
v 0.02762679010629654 -0.0416376031935215 0.008529076352715492
v 0.028174862265586853 -0.047973670065402985 -0.00044552929466590285
v 0.025949392467737198 -0.04679977893829346 -0.010395404882729053
v 0.02743586339056492 -0.04404094070196152 -0.010738708078861237
v 0.025343451648950577 -0.04846472665667534 -0.0003608408442232758
v 0.022276464849710464 -0.0475100576877594 -0.00013032412971369922
v 0.017140954732894897 -0.04568469151854515 0.0003021246229764074
v 0.009179440326988697 -0.04234619066119194 0.008985919877886772
v 0.009437265805900097 -0.04274095967411995 0.0007449650438502431
v 0.008942801505327225 -0.041781798005104065 -0.007256350014358759
v 0.008300729095935822 -0.041910141706466675 -0.013129421509802341
v 0.0025979308411478996 -0.04013945907354355 0.0006858836859464645
v 0.002242524642497301 -0.039205167442560196 -0.006903585512191057
v -0.00213328143581748 -0.03845838084816933 0.0005992212099954486
v -0.002638758160173893 -0.038045499473810196 -0.006738357245922089
v -0.0047487616539001465 -0.03724140301346779 0.000739244103897363
v -0.005354518070816994 -0.037120066583156586 -0.006613684352487326
v -0.005874002352356911 -0.035457056015729904 0.001036892062984407
v -0.007068274542689323 -0.03512422740459442 -0.006505480036139488
v -0.007241429761052132 -0.036022234708070755 -0.013776423409581184
v -0.0033464832231402397 -0.03720914572477341 -0.018976200371980667
v -0.005877727642655373 -0.032124802470207214 -0.006413592491298914
v -0.00571291521191597 -0.03300769254565239 -0.013461058028042316
v -0.0024712393060326576 -0.03404424712061882 -0.01821964606642723
v -0.0025292416103184223 -0.03070826083421707 -0.01778995618224144
v 0.0015657441690564156 -0.029238495975732803 -0.019685331732034683
v 0.0023959390819072723 -0.034069787710905075 -0.020216718316078186
v 0.0020083654671907425 -0.03791756555438042 -0.021572668105363846
v 0.008736456744372845 -0.038971420377492905 -0.021001087501645088
v 0.007976622320711613 -0.04202597215771675 -0.019722435623407364
v 0.01659347489476204 -0.041393667459487915 -0.020086444914340973
v 0.015261098742485046 -0.044881582260131836 -0.019712891429662704
v 0.007715409621596336 -0.04304271563887596 -0.016789106652140617
v 0.02351078763604164 -0.0427730418741703 -0.017500558868050575
v 0.021916396915912628 -0.04596729204058647 -0.01682099513709545
v 0.023980675265192986 -0.0387941412627697 -0.01664351485669613
v 0.02732747793197632 -0.04043686017394066 -0.01033507939428091
v 0.024548601359128952 -0.03265886381268501 -0.016140365973114967
v 0.028583265841007233 -0.03481221944093704 -0.01006321981549263
v 0.030473671853542328 -0.035856641829013824 0.00005426373172667809
v 0.030455097556114197 -0.028413325548171997 -0.00992286391556263
v 0.03207666054368019 -0.028924621641635895 0.0004523115057963878
v 0.030097249895334244 -0.028657354414463043 0.009643584489822388
v 0.028737805783748627 -0.035710304975509644 0.00871050450950861
v 0.02458168752491474 -0.02788948267698288 0.01473156362771988
v 0.02525332197546959 -0.03485225513577461 0.013745979405939579
v 0.016484064981341362 -0.027044016867876053 0.017195193096995354
v 0.02384978160262108 -0.022401273250579834 0.016492797061800957
v 0.015132378786802292 -0.022087737917900085 0.018428588286042213
v 0.02358032763004303 -0.01889822818338871 0.01832417957484722
v 0.013800567016005516 -0.018004637211561203 0.020238660275936127
v 0.023381464183330536 -0.015221374109387398 0.019199414178729057
v 0.012827284634113312 -0.014316383749246597 0.021157080307602882
v 0.022510124370455742 -0.011782405897974968 0.01798570156097412
v 0.012126117944717407 -0.010751757770776749 0.02006678283214569
v 0.020937249064445496 -0.011346198618412018 0.015592889860272408
v 0.028230324387550354 -0.014006456360220909 0.01003793254494667
v 0.030162271112203598 -0.014492237940430641 0.011164388619363308
v 0.03313495218753815 -0.01613778993487358 0.0008374902536161244
v 0.030863143503665924 -0.016032135114073753 0.0008200903539545834
v 0.03231857717037201 -0.016893193125724792 0.012332961894571781
v 0.03523264080286026 -0.01761350780725479 0.0008702033665031195
v 0.032770778983831406 -0.016676241531968117 -0.010681573301553726
v 0.030373316258192062 -0.01494997926056385 -0.009540601633489132
v 0.032109882682561874 -0.02001403644680977 0.011997285299003124
v 0.03513193130493164 -0.020260576158761978 0.000816123909316957
v 0.033102136105298996 -0.01960323005914688 -0.011112628504633904
v 0.025755979120731354 -0.016990555450320244 -0.0184630136936903
v 0.02560313604772091 -0.01375514641404152 -0.01825752668082714
v 0.03363385796546936 -0.023325974121689796 0.000672626425512135
v 0.03224125877022743 -0.023012425750494003 -0.010835197754204273
v 0.025413382798433304 -0.02041197009384632 -0.0176002886146307
v 0.01702689751982689 -0.018088534474372864 -0.020374786108732224
v 0.016813045367598534 -0.01513538509607315 -0.021491264924407005
v 0.025067074224352837 -0.025888558477163315 -0.016544293612241745
v 0.008708691224455833 -0.013054508715867996 -0.021807856857776642
v 0.016417572274804115 -0.012165267020463943 -0.021051304414868355
v 0.008788036182522774 -0.015902485698461533 -0.021406026557087898
v 0.0037122992798686028 -0.011182531714439392 -0.02060386724770069
v 0.015458917245268822 -0.01163097470998764 -0.018767667934298515
v 0.02381274476647377 -0.013047449290752411 -0.016376428306102753
v 0.014116283506155014 -0.011574286967515945 -0.016764093190431595
v 0.02203495241701603 -0.01309591718018055 -0.014975781552493572
v 0.02807743102312088 -0.015036318451166153 -0.0084975091740489
v 0.012025614269077778 -0.01213158667087555 -0.012618460692465305
v 0.006690559908747673 -0.009438804350793362 -0.012214820832014084
v 0.005652472376823425 -0.008985022082924843 -0.005758502520620823
v 0.009705846197903156 -0.011309279128909111 -0.006251107435673475
v 0.005466742441058159 -0.009382052347064018 0.001481712912209332
v 0.009488427080214024 -0.011099977418780327 0.0012650634162127972
v 0.0031710611656308174 -0.00816767755895853 -0.005432862788438797
v 0.002991405315697193 -0.008896023966372013 0.0018968014046549797
v 0.003686484880745411 -0.007184791378676891 -0.012137576006352901
v 0.0008744858205318451 -0.0071647269651293755 -0.012293944135308266
v 0.031180068850517273 -0.023218270391225815 0.011100000701844692
v -0.0038397815078496933 -0.027724362909793854 -0.017915338277816772
v -0.0012621800415217876 -0.025172654539346695 -0.01972021721303463
v -0.003928555175662041 -0.022646557539701462 -0.02006109617650509
v -0.0058788033202290535 -0.02095746621489525 -0.02129250206053257
v -0.005842108279466629 -0.017275996506214142 -0.0209907665848732
v -0.0076943449676036835 -0.019223982468247414 -0.02303176000714302
v -0.008034564554691315 -0.01578695885837078 -0.02266775257885456
v -0.010124094784259796 -0.017023522406816483 -0.025928528979420662
v -0.010211000218987465 -0.014257622882723808 -0.02545366808772087
v -0.012993596494197845 -0.014720238745212555 -0.03032226301729679
v -0.01299362350255251 -0.01242375560104847 -0.029476026073098183
v -0.016455795615911484 -0.013028454035520554 -0.03402215614914894
v -0.01617157645523548 -0.010798033326864243 -0.03285950794816017
v -0.016129866242408752 -0.009169596247375011 -0.031371232122182846
v -0.016882214695215225 -0.01549440249800682 -0.0346444696187973
v -0.013412215746939182 -0.017117269337177277 -0.030637254938483238
v -0.014332210645079613 -0.01937919855117798 -0.03031783737242222
v -0.017225729301571846 -0.017830606549978256 -0.034784190356731415
v -0.010847799479961395 -0.019778642803430557 -0.026067158207297325
v -0.018430372700095177 -0.01945444568991661 -0.034261588007211685
v -0.016060693189501762 -0.020060833543539047 -0.029495438560843468
v -0.017509479075670242 -0.019017061218619347 -0.028662752360105515
v -0.01932840421795845 -0.01807674765586853 -0.03336280211806297
v -0.01965191960334778 -0.01620679721236229 -0.03267362713813782
v -0.018384313210844994 -0.017306635156273842 -0.02857598476111889
v -0.005500560160726309 -0.03809220716357231 0.0072185867466032505
v -0.007185989059507847 -0.03594548627734184 0.0075506484135985374
v -0.007282538339495659 -0.03596661612391472 0.012975135818123817
v -0.006020440720021725 -0.033618368208408356 0.013199200853705406
v -0.004427619744092226 -0.03633163869380951 0.017534930258989334
v -0.002460093703120947 -0.03891754150390625 0.007325270213186741
v 0.0023368517868220806 -0.04015323519706726 0.008157019503414631
v 0.00851378683000803 -0.0423242524266243 0.014953821897506714
v 0.008407613262534142 -0.04232332855463028 0.01801285520195961
v -0.0021259139757603407 -0.017952758818864822 0.006705099251121283
v -0.0009514833800494671 -0.017920037731528282 0.00122059287969023
v -0.006834053434431553 -0.01247991994023323 -0.01205461286008358
v -0.005773318000137806 -0.011000307276844978 -0.013540543615818024
v -0.015353623777627945 -0.024419493973255157 -0.00892310868948698
v -0.022226501256227493 -0.03303567320108414 -0.012540754862129688
v -0.024689946323633194 -0.03717194125056267 -0.017392361536622047
v -0.02626001462340355 -0.035796187818050385 -0.019540656358003616
v -0.03295280784368515 -0.03965448588132858 -0.014668499119579792
v -0.034410510212183 -0.038029782474040985 -0.012155730277299881
v -0.03272360935807228 -0.041657716035842896 -0.01319277286529541
v -0.03342162072658539 -0.03946808725595474 -0.010571463033556938
v -0.03454632684588432 -0.03797256201505661 -0.007873523980379105
v -0.031599145382642746 -0.039503972977399826 -0.009159719571471214
v -0.033157750964164734 -0.03788738325238228 -0.006351870950311422
v -0.02949063666164875 -0.03881225734949112 -0.007912347093224525
v -0.031255584210157394 -0.03692790865898132 -0.005254591349512339
v -0.027453118935227394 -0.03745134174823761 -0.006974338553845882
v -0.0295157078653574 -0.035021040588617325 -0.0047338493168354034
v -0.025952283293008804 -0.03448508307337761 -0.007012547925114632
v -0.027434218674898148 -0.03222205862402916 -0.004780787043273449
v -0.028411325067281723 -0.03059050813317299 -0.0023761854972690344
v -0.024836944416165352 -0.028489939868450165 -0.0020576552487909794
v -0.02760845609009266 -0.03149189427495003 -0.000016501791833434254
v -0.026521306484937668 -0.03323784098029137 0.002326844958588481
v -0.022031860426068306 -0.026188068091869354 -0.0017680778400972486
v -0.020622946321964264 -0.023269154131412506 -0.0013636656804010272
v -0.02008792571723461 -0.020513108000159264 -0.0010121504310518503
v -0.019365359097719193 -0.02040385641157627 0.0013631385518237948
v -0.019634604454040527 -0.020713474601507187 -0.0031790444627404213
v -0.018321646377444267 -0.02064334787428379 -0.005362742580473423
v -0.018342522904276848 -0.018311668187379837 -0.004960214719176292
v -0.017284207046031952 -0.018200410529971123 0.0038119477685540915
v -0.017387453466653824 -0.020045481622219086 0.0037387653719633818
v -0.014938334934413433 -0.016667990013957024 0.005670235492289066
v -0.014754658564925194 -0.018533654510974884 0.006067157257348299
v -0.03072633221745491 -0.04163913428783417 -0.01184770092368126
v -0.027389679104089737 -0.02448885329067707 -0.007249023299664259
v -0.02447190135717392 -0.00016616052016615868 -0.01640506088733673
v -0.023747526109218597 -0.0006674854084849358 -0.018926139920949936
v -0.022663163021206856 -0.003205288201570511 -0.019922513514757156
v -0.02116299606859684 -0.006692088209092617 -0.020858576521277428
v -0.019445693120360374 -0.00022808648645877838 -0.017652852460741997
v -0.018996737897396088 -0.0024253353476524353 -0.018643982708454132
v -0.018004538491368294 -0.005426568910479546 -0.019844375550746918
v -0.02008862793445587 0.00020827259868383408 -0.015992363914847374
v -0.016363579779863358 0.0011888542212545872 -0.014344020746648312
v -0.020128898322582245 -0.0017439890652894974 -0.015284677036106586
v -0.016760893166065216 -0.0011380361393094063 -0.013948360458016396
v -0.01260968204587698 0.0005779620260000229 -0.012261765077710152
v -0.023473497480154037 -0.0029188524931669235 -0.015750739723443985
v -0.020507805049419403 -0.011834884062409401 -0.023095354437828064
v -0.021272100508213043 -0.010514356195926666 -0.015504173934459686
v -0.02212405949831009 -0.012140797451138496 -0.01565111055970192
v -0.01990535482764244 -0.015064660459756851 -0.014555912464857101
v -0.01879412680864334 -0.01337495818734169 -0.01420266181230545
v -0.023979058489203453 -0.007255125790834427 0.020995784550905228
v -0.02152976393699646 -0.0047098733484745026 0.020637277513742447
v -0.023214736953377724 -0.002305358648300171 0.01943906769156456
v -0.023527443408966064 -0.003389958292245865 0.016972992569208145
v -0.01825529709458351 -0.0002829385921359062 0.017367208376526833
v -0.01887822337448597 -0.002870844677090645 0.01578022912144661
v -0.013613793067634106 -0.0013615135103464127 0.01461600512266159
v -0.014500307850539684 -0.0037717660889029503 0.014340735040605068
v -0.017338521778583527 -0.002781095914542675 0.018820982426404953
v -0.012724634259939194 -0.0023690182715654373 0.016392625868320465
v -0.01630554534494877 -0.005169335752725601 0.01983468607068062
v -0.012517595663666725 -0.004730202257633209 0.01736460253596306
v -0.01965779811143875 -0.007561820559203625 0.02116071619093418
v -0.017972495406866074 -0.01006411574780941 0.02173501066863537
v -0.01988331601023674 -0.012547489255666733 0.02220965176820755
v -0.0184813030064106 -0.014446698129177094 0.023543192073702812
v -0.016584789380431175 -0.0118781216442585 0.02317771129310131
v -0.02169075608253479 -0.01007799617946148 0.021241838112473488
v -0.023321203887462616 -0.010478446260094643 0.015581237152218819
v -0.021176518872380257 -0.013347994536161423 0.01463127601891756
v -0.021711843088269234 -0.01872730813920498 0.0037704554852098227
v -0.015336371958255768 -0.01881362311542034 0.019943242892622948
v -0.01526416651904583 -0.01944064162671566 0.017430569976568222
v -0.0168128851801157 -0.017775386571884155 0.032263774424791336
v -0.01589328423142433 -0.019611703231930733 0.033435605466365814
v -0.013960598036646843 -0.01913580857217312 0.034584689885377884
v -0.013649985194206238 -0.0207980927079916 0.029510987922549248
v -0.011800156906247139 -0.01965497061610222 0.03010011836886406
v -0.010721687227487564 -0.017504949122667313 0.030139053240418434
v -0.01268109679222107 -0.016769299283623695 0.03491334989666939
v -0.011563794687390327 -0.022267479449510574 0.024977222084999084
v -0.009770129807293415 -0.020766083151102066 0.02524263598024845
v -0.008767451159656048 -0.018387967720627785 0.02529606595635414
v -0.010736539959907532 -0.015034515410661697 0.029616933315992355
v -0.008030133321881294 -0.021399885416030884 0.022058960050344467
v -0.00673209922388196 -0.018807798624038696 0.022247981280088425
v -0.010933774523437023 -0.012638900429010391 0.028896480798721313
v -0.011515539139509201 -0.010442733764648438 0.028181061148643494
v -0.013144989497959614 -0.012078072875738144 0.028239315375685692
vn 0.5352399945259094 0.8419186472892761 0.06849248707294464
vn 0.48315727710723877 0.8750967383384705 0.02765297144651413
vn 0.4921964108943939 0.8704792857170105 0.0029118109960108995
vn 0.5114055871963501 0.8568248152732849 0.0656922459602356
vn 0.5788413286209106 0.814091682434082 0.046875882893800735
vn 0.5711902379989624 0.8155795931816101 0.09258364886045456
vn 0.555525004863739 0.8289565443992615 0.06498520821332932
vn 0.48546847701072693 0.872431218624115 -0.05642924830317497
vn 0.5278639793395996 0.8446617126464844 -0.08891737461090088
vn 0.45237407088279724 0.8913196325302124 -0.030115526169538498
vn 0.48937126994132996 0.8717393279075623 -0.024215342476963997
vn 0.5246331095695496 0.8512691259384155 0.01004413329064846
vn 0.5290512442588806 0.8440645933151245 -0.08752015233039856
vn 0.5295654535293579 0.8240709900856018 -0.20116472244262695
vn 0.30585381388664246 -0.30650344491004944 0.9013928771018982
vn 0.23234868049621582 -0.39518338441848755 0.888731837272644
vn 0.39732322096824646 -0.23271507024765015 0.887681245803833
vn 0.4189381003379822 -0.19685107469558716 0.8864200711250305
vn -0.8067115545272827 -0.5498757362365723 -0.21645596623420715
vn -0.8207143545150757 -0.5680308938026428 -0.06139205023646355
vn -0.8132944703102112 -0.5656594038009644 -0.1363145262002945
vn -0.7748717665672302 -0.5696109533309937 -0.2740749716758728
vn -0.7580412030220032 -0.572917640209198 0.3116711676120758
vn -0.807709813117981 -0.5655698180198669 0.16654016077518463
vn -0.7391088008880615 -0.6665892601013184 0.09683353453874588
vn -0.6777830719947815 -0.6622915863990784 0.31934309005737305
vn -0.7485979199409485 -0.5737912058830261 0.33221209049224854
vn -0.8069453239440918 -0.5395007133483887 0.24037106335163116
vn -0.6251912713050842 -0.6496655941009521 0.4325163662433624
vn 0.3233391344547272 -0.2663326561450958 -0.9080300331115723
vn 0.3528214991092682 -0.2897261679172516 -0.8897054195404053
vn 0.4063495993614197 -0.14043277502059937 -0.9028614163398743
vn 0.35823822021484375 -0.21069377660751343 -0.9095457792282104
vn 0.3270474970340729 -0.2891964316368103 -0.8996696472167969
vn 0.24308612942695618 -0.40140530467033386 -0.883053183555603
vn 0.40790003538131714 -0.30645260214805603 -0.8600606322288513
vn 0.1686592996120453 -0.25045618414878845 0.9533235430717468
vn 0.29626622796058655 0.019799981266260147 0.9549002051353455
vn 0.5011124610900879 -0.23562341928482056 0.8326871991157532
vn 0.5119855403900146 -0.053988173604011536 0.8572958111763
vn 0.5739404559135437 0.288489431142807 0.7663982510566711
vn 0.6516239643096924 -0.05870572850108147 0.7562670707702637
vn 0.6428786516189575 -0.2163856029510498 0.7347681522369385
vn 0.3543700575828552 0.24656619131565094 -0.9020127058029175
vn 0.5337913036346436 0.1295936405658722 -0.8356269598007202
vn 0.16487419605255127 -0.4304957389831543 -0.8874062895774841
vn 0.2549896240234375 -0.32341694831848145 -0.9112529158592224
vn 0.4031032621860504 -0.22968824207782745 -0.8858617544174194
vn 0.37653547525405884 0.15930573642253876 -0.9126021862030029
vn 0.27001073956489563 0.8412333726882935 -0.4684235751628876
vn 0.35410624742507935 0.909095823764801 -0.2194393128156662
vn 0.4465409219264984 0.7777348160743713 -0.4424135088920593
vn 0.18430183827877045 0.5920705795288086 -0.7845286726951599
vn 0.24879470467567444 -0.14524482190608978 -0.957603931427002
vn 0.1840706616640091 -0.40461087226867676 -0.8957723379135132
vn 0.23543281853199005 0.5738673806190491 0.7843772172927856
vn 0.3828909695148468 0.2415873110294342 0.8916446566581726
vn 0.5435316562652588 0.7615404725074768 0.3530288338661194
vn 0.4482785165309906 0.8412215113639832 0.30231258273124695
vn 0.3075776994228363 0.7491642832756042 0.5866421461105347
vn 0.44169434905052185 0.009184852242469788 -0.8971185684204102
vn 0.49428799748420715 -0.006803428288549185 -0.8692715764045715
vn 0.5230369567871094 0.054005324840545654 -0.8505973815917969
vn 0.36761778593063354 0.019357487559318542 -0.9297754168510437
vn -0.044572364538908005 -0.2726691663265228 0.9610748887062073
vn -0.17877234518527985 -0.3154771029949188 0.9319413304328918
vn -0.5907565951347351 -0.1309305727481842 0.7961556315422058
vn -0.486422598361969 0.015376734547317028 0.8735883831977844
vn 0.5273116827011108 0.03463973104953766 0.8489655256271362
vn 0.4477957785129547 -0.11834303289651871 0.8862696886062622
vn -0.6260003447532654 -0.4611051678657532 0.6288923025131226
vn -0.5820178985595703 -0.7741293907165527 0.2489553540945053
vn -0.6370524764060974 -0.7203742861747742 -0.27427172660827637
vn -0.6528360843658447 -0.7357592582702637 -0.18017563223838806
vn -0.6653109192848206 -0.7241787910461426 -0.1814560741186142
vn -0.651749849319458 -0.7446785569190979 -0.14379164576530457
vn -0.6064469814300537 -0.6553201079368591 -0.45030835270881653
vn -0.6860566139221191 -0.6207756996154785 -0.3794258236885071
vn -0.6570850610733032 -0.7180305123329163 -0.2295021414756775
vn 0.7179535031318665 0.647408664226532 -0.25574374198913574
vn 0.5782784819602966 0.7745692729949951 -0.2561960518360138
vn 0.6222590208053589 0.7712526917457581 -0.13402636349201202
vn 0.7551520466804504 0.652400553226471 -0.06417771428823471
vn 0.6702090501785278 0.7286252975463867 -0.14115634560585022
vn 0.6066105365753174 0.7813762426376343 -0.1465425044298172
vn 0.7540261149406433 0.6493019461631775 -0.09925583750009537
vn 0.4118434488773346 0.9107393026351929 -0.030641203746199608
vn 0.24632450938224792 0.927163302898407 -0.2822985053062439
vn 0.4331355392932892 0.8834142088890076 -0.1788095384836197
vn 0.5335538983345032 0.8457313776016235 0.007667149417102337
vn 0.3623059093952179 0.9296084642410278 0.06754695624113083
vn 0.35776254534721375 -0.4441967308521271 -0.8213983774185181
vn 0.5291354656219482 0.21581918001174927 -0.8206325769424438
vn -0.5664205551147461 -0.7924524545669556 -0.22624564170837402
vn -0.24490104615688324 -0.9547163248062134 -0.16893844306468964
vn 0.39816275238990784 -0.6668399572372437 -0.6299134492874146
vn -0.4784585237503052 -0.5560811758041382 -0.6795961856842041
vn 0.6936655044555664 0.014021700248122215 -0.7201609015464783
vn -0.3301440179347992 -0.2346893548965454 -0.9142897129058838
vn -0.48637041449546814 -0.2388424277305603 -0.8404749631881714
vn -0.6078466176986694 0.019028959795832634 -0.7938265204429626
vn -0.6372200846672058 0.16672150790691376 -0.7524323463439941
vn -0.6467878222465515 -0.706211507320404 -0.287977010011673
vn -0.748952329158783 -0.5371382832527161 -0.3880113959312439
vn -0.4986087679862976 -0.7603681087493896 0.4162086546421051
vn -0.41447800397872925 -0.8739761114120483 0.25371941924095154
vn -0.5438810586929321 -0.8164993524551392 0.19370684027671814
vn -0.614456295967102 -0.758683979511261 0.2164306789636612
vn -0.6273273229598999 -0.7559037804603577 0.18726976215839386
vn -0.5652675032615662 -0.7118253707885742 0.41686612367630005
vn -0.5197421908378601 -0.734428882598877 0.43644285202026367
vn 0.6542308926582336 0.7402902841567993 0.15476544201374054
vn 0.8395422101020813 0.3966725468635559 0.3712409734725952
vn 0.714584469795227 0.446184903383255 0.5387839078903198
vn 0.6409338712692261 0.718435525894165 0.2702854573726654
vn 0.6992349028587341 0.7032891511917114 0.12827646732330322
vn 0.8158172965049744 0.524266242980957 0.24410469830036163
vn 0.7090434432029724 0.6947039365768433 -0.12101224064826965
vn 0.911306619644165 0.40480348467826843 0.0751957967877388
vn 0.9809198975563049 0.05966377630829811 0.18503041565418243
vn 0.958356499671936 0.2734259068965912 0.08240831643342972
vn 0.8955990672111511 0.1828022003173828 0.40556836128234863
vn 0.933989405632019 -0.011835216544568539 0.35710427165031433
vn 0.9566493630409241 -0.04280068725347519 0.2880799472332001
vn 0.9819530248641968 0.07626476138830185 0.17306643724441528
vn 0.9754112362861633 0.21091096103191376 0.06394890695810318
vn -0.8035908937454224 0.5644921064376831 -0.18865413963794708
vn -0.10109178721904755 0.9922512173652649 0.07223629206418991
vn -0.528425395488739 0.8354427814483643 0.15100356936454773
vn -0.7920618057250977 0.6077057123184204 0.05772344395518303
vn -0.9349378347396851 0.34686610102653503 0.07466603815555573
vn -0.8468071222305298 -0.04847275838255882 -0.5296866297721863
vn 0.08022847026586533 0.2682664394378662 -0.9599981904029846
vn 0.4290098547935486 0.875817596912384 -0.2211199402809143
vn -0.9390284419059753 0.15052291750907898 0.3091416358947754
vn -0.7919138669967651 -0.47413724660873413 -0.38479384779930115
vn -0.883486270904541 0.4665886163711548 0.04179834574460983
vn -0.8563119173049927 0.5163971781730652 0.007984712719917297
vn -0.8276845216751099 0.5389692187309265 0.15636661648750305
vn -0.7440989017486572 0.4950107932090759 0.44864368438720703
vn -0.9326187372207642 0.3593967854976654 0.03250223025679588
vn 0.7529484033584595 0.49782612919807434 -0.4303928315639496
vn 0.7615554928779602 0.6029983758926392 -0.2375420480966568
vn 0.40202945470809937 0.7853593230247498 -0.4707261323928833
vn 0.32226523756980896 0.6774255037307739 -0.6612411737442017
vn 0.7994123101234436 0.558910608291626 -0.22036108374595642
vn 0.8342040777206421 0.4657195806503296 -0.2953115701675415
vn 0.9219496250152588 0.2528298497200012 -0.29340410232543945
vn 0.884979248046875 0.4131811559200287 -0.2146930992603302
vn 0.24816110730171204 -0.27515143156051636 -0.9288206100463867
vn 0.04515651986002922 0.18935705721378326 -0.9808693528175354
vn 0.6651780605316162 0.2453707605600357 -0.7052171230316162
vn 0.915566086769104 0.37596258521080017 -0.1427968144416809
vn -0.31550294160842896 0.9336206912994385 0.16973614692687988
vn -0.08591720461845398 0.9916316270828247 -0.09635844826698303
vn 0.1293785721063614 0.9535172581672668 -0.2721509635448456
vn 0.18546070158481598 0.903727114200592 -0.3858516812324524
vn 0.6338561177253723 0.7634641528129578 -0.12389091402292252
vn 0.5127605199813843 0.7925851345062256 0.3299780488014221
vn -0.13802768290042877 0.471728652715683 0.8708733320236206
vn -0.8468990325927734 0.31991973519325256 0.42475101351737976
vn -0.9423333406448364 0.32252630591392517 -0.08935695886611938
vn -0.9209087491035461 0.37595921754837036 0.10286744683980942
vn -0.9060688614845276 -0.11045175790786743 0.40846025943756104
vn -0.9394885301589966 -0.25121039152145386 0.23292620480060577
vn -0.9178335070610046 0.20189543068408966 -0.34178924560546875
vn -0.8754159212112427 0.45122310519218445 -0.17333413660526276
vn -0.7078725099563599 0.5368511080741882 -0.4590289294719696
vn -0.7048011422157288 -0.6931152939796448 0.15115132927894592
vn -0.7177181839942932 -0.529034435749054 0.4527727961540222
vn -0.3741266429424286 -0.7690584063529968 0.5182456374168396
vn -0.5290997624397278 -0.8384530544281006 0.13057497143745422
vn -0.9103859663009644 -0.29443326592445374 -0.2907000184059143
vn -0.9833896160125732 -0.17292420566082 -0.05515487492084503
vn -0.7024843692779541 -0.7106324434280396 0.03895185515284538
vn -0.657746434211731 -0.7153586745262146 0.23586349189281464
vn 0.9456577301025391 0.21632099151611328 0.2427685409784317
vn 0.7242046594619751 0.2198014259338379 0.6536169648170471
vn 0.6992204189300537 0.3927890360355377 0.5973337292671204
vn 0.9494553804397583 0.27976009249687195 0.14236894249916077
vn 0.8730103969573975 0.21460960805416107 -0.43794479966163635
vn 0.937987744808197 0.3466426134109497 0.004234249237924814
vn 0.8024622201919556 0.3361515700817108 0.4930076003074646
vn 0.4984421730041504 0.7438119053840637 0.44530799984931946
vn 0.10968208312988281 0.6785243153572083 0.7263433337211609
vn -0.02332695759832859 0.9601033329963684 0.2786708474159241
vn 0.3195526897907257 0.37403565645217896 0.8706223964691162
vn -0.4998619556427002 -0.8535221815109253 -0.14709800481796265
vn 0.012404353357851505 -0.8101718425750732 -0.5860611796379089
vn -0.7421156764030457 -0.6004848480224609 -0.29779595136642456
vn -0.76839679479599 -0.637773871421814 -0.05301721766591072
vn -0.6363125443458557 -0.7712403535842896 -0.017168385908007622
vn -0.6388470530509949 -0.7693008780479431 -0.007111930288374424
vn -0.46028584241867065 -0.825691282749176 0.32614535093307495
vn -0.3065069019794464 -0.931218683719635 0.1971932202577591
vn 0.05966842919588089 -0.9829541444778442 -0.17389895021915436
vn 0.03148072957992554 0.27617835998535156 -0.9605907201766968
vn 0.39680665731430054 -0.22260978817939758 -0.890499472618103
vn 0.13989198207855225 0.20579466223716736 -0.9685447216033936
vn -0.6526057720184326 0.4930429756641388 -0.5753384232521057
vn -0.6985711455345154 0.4140540361404419 -0.5835731625556946
vn -0.42371588945388794 0.5759475827217102 -0.6991060972213745
vn 0.9979156255722046 0.02555944211781025 -0.05925457924604416
vn 0.7597407698631287 0.4517391622066498 0.4676811695098877
vn 0.7517372369766235 0.24771049618721008 0.6111716032028198
vn 0.9916466474533081 0.0785207450389862 0.10232967138290405
vn 0.9767082929611206 0.14334972202777863 -0.15966182947158813
vn 0.951011061668396 0.07481434941291809 -0.29996782541275024
vn 0.8461921811103821 0.5324357151985168 0.021702971309423447
vn 0.10927627235651016 0.05830366909503937 0.9923000335693359
vn 0.5115253925323486 0.3896634876728058 0.7658355236053467
vn -0.12931807339191437 0.7026634812355042 0.6996719837188721
vn -0.4917539954185486 0.1685810387134552 0.8542590737342834
vn 0.19880151748657227 -0.27460777759552 0.940780758857727
vn 0.5913697481155396 -0.0147780142724514 0.8062650561332703
vn -0.4025362432003021 -0.25688254833221436 0.8786216378211975
vn 0.8144057393074036 0.2236989140510559 -0.5354458093643188
vn 0.8865131735801697 0.4559933543205261 -0.07851400226354599
vn 0.5635455846786499 0.7555426955223083 -0.3340236246585846
vn 0.4671216607093811 0.643616259098053 -0.6062634587287903
vn 0.5266015529632568 0.32068970799446106 -0.7873048186302185
vn 0.48334309458732605 0.23101788759231567 0.8443992733955383
vn 0.9004557132720947 0.41061216592788696 0.14344730973243713
vn -0.3553163707256317 0.495822936296463 0.7924075126647949
vn -0.34680989384651184 0.44456201791763306 0.8258858919143677
vn -0.20862805843353271 0.4333120286464691 0.8767639994621277
vn 0.301151841878891 -0.09451602399349213 0.9488805532455444
vn -0.24573063850402832 -0.20918744802474976 0.9464972615242004
vn 0.11828957498073578 0.5836431980133057 0.8033480644226074
vn 0.46911343932151794 -0.14229726791381836 0.8715986609458923
vn -0.7598922848701477 0.35052332282066345 -0.5474459528923035
vn -0.7199597358703613 0.4074215292930603 -0.5618412494659424
vn -0.7738774418830872 0.4026055634021759 -0.4888991117477417
vn -0.668933093547821 0.25876882672309875 -0.6968264579772949
vn -0.6535349488258362 0.34317609667778015 -0.674627423286438
vn -0.6989505887031555 0.35679909586906433 -0.6198083758354187
vn -0.7704234719276428 -0.5975416898727417 0.222242072224617
vn -0.5576120615005493 -0.7482239007949829 0.3594854474067688
vn -0.5767863392829895 -0.5810230374336243 0.5742210149765015
vn -0.8915853500366211 -0.3639580309391022 0.26946237683296204
vn -0.9895437955856323 -0.09238457679748535 0.11076149344444275
vn -0.9643245339393616 -0.007134665735065937 0.2646266520023346
vn -0.9616228342056274 -0.05418260022997856 0.2689715027809143
vn -0.6406349539756775 -0.7671008706092834 -0.03381117060780525
vn -0.6249260902404785 -0.7803289294242859 -0.02353823371231556
vn -0.5214406847953796 -0.8449768424034119 0.1188013106584549
vn 0.8494709134101868 0.2544223666191101 -0.462242990732193
vn 0.7979110479354858 0.5050473213195801 -0.32903680205345154
vn 0.8738030791282654 0.4855560064315796 -0.02652178332209587
vn 0.9590138792991638 0.2360527217388153 -0.15675342082977295
vn 0.9022617936134338 0.05322064459323883 -0.4278915226459503
vn 0.6919125318527222 0.10089275985956192 -0.7148969769477844
vn 0.6332711577415466 0.35371705889701843 -0.68836909532547
vn 0.7035274505615234 0.45337265729904175 -0.5472681522369385
vn 0.8549947142601013 0.13766612112522125 -0.5000320076942444
vn 0.5190689563751221 0.08023275434970856 -0.8509583473205566
vn 0.5172799825668335 0.07030797004699707 -0.8529233336448669
vn 0.3667460083961487 0.6050634384155273 -0.7066791653633118
vn 0.5472598075866699 0.10525470227003098 -0.8303181529045105
vn -0.32936957478523254 0.939451277256012 -0.09458901733160019
vn 0.31782013177871704 0.9343907833099365 0.1609477996826172
vn 0.2665766179561615 0.8981783986091614 -0.34958896040916443
vn -0.3395177125930786 0.7861785888671875 -0.5163824558258057
vn -0.7900034189224243 0.49596816301345825 -0.36043065786361694
vn -0.8071300387382507 0.5600727796554565 0.18670760095119476
vn 0.47863441705703735 0.022252872586250305 -0.8777322173118591
vn -0.9944425821304321 -0.044286854565143585 0.09551284462213516
vn -0.8695268630981445 -0.2177460789680481 0.44329413771629333
vn -0.8649665117263794 0.1687309741973877 0.4726126790046692
vn -0.9808917045593262 0.17920006811618805 -0.07575436681509018
vn -0.9683746099472046 0.20139989256858826 -0.14727085828781128
vn 0.3687892258167267 -0.7576016187667847 -0.5385482311248779
vn 0.37853825092315674 -0.9225374460220337 -0.0750560462474823
vn 0.5122501254081726 -0.8567600846290588 0.059683412313461304
vn 0.33695507049560547 -0.7218248844146729 -0.6045081615447998
vn 0.347537636756897 -0.75190269947052 -0.5602319836616516
vn 0.4619365334510803 -0.520392119884491 -0.7181968688964844
vn 0.4813983142375946 -0.39233100414276123 -0.7837933301925659
vn 0.2971157133579254 -0.8107795715332031 -0.5043398141860962
vn -0.5659096837043762 0.2884872257709503 -0.7723478674888611
vn -0.5039674043655396 0.19709689915180206 -0.8409337997436523
vn -0.41764572262763977 0.3236899673938751 -0.8489975929260254
vn -0.3784625232219696 0.2235356867313385 -0.8982192873954773
vn -0.6720873713493347 0.349079966545105 -0.6530250310897827
vn -0.6810311079025269 0.4912770688533783 0.542995035648346
vn -0.09039130806922913 0.6313758492469788 0.7701908946037292
vn -0.16234536468982697 0.7381592392921448 0.6548014283180237
vn -0.6002309322357178 0.43760231137275696 0.6694976091384888
vn -0.7014390230178833 0.49417927861213684 0.5135855674743652
vn -0.6331358551979065 0.434305340051651 0.6407166719436646
vn -0.6676157116889954 -0.6665953397750854 0.331572026014328
vn -0.7197148203849792 -0.6353628635406494 0.2798653244972229
vn -0.6546775102615356 -0.715481698513031 -0.24389195442199707
vn -0.6135851144790649 -0.7550482153892517 -0.23111772537231445
vn -0.5795459747314453 -0.8102025985717773 0.08773870021104813
vn -0.547982931137085 -0.6705132722854614 0.5001264810562134
vn -0.6710002422332764 -0.5581070184707642 0.48813462257385254
vn -0.7405497431755066 -0.664284884929657 0.10154671221971512
vn 0.32688379287719727 -0.7183765769004822 0.6140700578689575
vn 0.5336810350418091 -0.18886931240558624 0.8243257403373718
vn 0.3889659643173218 -0.5818340182304382 0.7142651081085205
vn 0.24283990263938904 -0.8011332750320435 0.5470048189163208
vn 0.24549131095409393 -0.7196879386901855 0.6494484543800354
vn 0.5178521871566772 -0.852340579032898 -0.07310769706964493
vn 0.23217862844467163 -0.9726656079292297 0.0038237818516790867
vn -0.7513267397880554 -0.6240845322608948 0.21453845500946045
vn -0.9546782374382019 -0.22369669377803802 0.19633960723876953
vn -0.9518690705299377 -0.29273372888565063 -0.09084110707044601
vn -0.978723406791687 0.006375081837177277 0.20508474111557007
vn -0.3776196241378784 -0.40757209062576294 0.8314375281333923
vn -0.0765443816781044 -0.6921870708465576 0.7176474332809448
vn -0.7385255694389343 0.23960603773593903 0.6302134394645691
vn -0.7772992849349976 0.43884915113449097 -0.45079636573791504
vn -0.7672403454780579 0.5725167989730835 -0.28907912969589233
vn -0.7221270203590393 0.5580474138259888 -0.40879762172698975
vn -0.8519644141197205 0.40603381395339966 -0.3305952250957489
vn -0.8154411315917969 0.03835729882121086 -0.5775678157806396
vn -0.6353544592857361 -0.003236971562728286 -0.772213876247406
vn -0.6684604287147522 0.5272133350372314 0.5246015191078186
vn -0.7067033052444458 0.4933212697505951 0.5071532726287842
vn -0.5100130438804626 0.8498790264129639 0.1326364427804947
vn -0.7611808180809021 0.4998543858528137 0.41321825981140137
vn -0.8197574615478516 -0.565950334072113 -0.08773846924304962
vn -0.917117178440094 0.18892663717269897 -0.35100266337394714
vn -0.9605477452278137 0.23573778569698334 -0.14756640791893005
vn -0.5586556196212769 -0.7679138779640198 -0.3133881092071533
vn -0.4919516146183014 -0.8695716857910156 -0.04276392608880997
vn -0.9979856610298157 0.016700848937034607 0.06120261177420616
vn -0.9149258136749268 -0.377098023891449 -0.14390194416046143
vn -0.598934531211853 0.41113466024398804 0.6872013807296753
vn -0.5627996921539307 0.4222539961338043 0.7106040716171265
vn -0.18648533523082733 0.8159947395324707 0.547152578830719
vn -0.2780880331993103 0.9200601577758789 0.2759643793106079
vn -0.5719938278198242 0.42064884305000305 0.7041856646537781
vn -0.5919967293739319 0.4059845805168152 0.696215808391571
vn -0.5508034229278564 0.5831316113471985 0.597137451171875
vn 0.19771549105644226 0.5535029172897339 -0.8090383410453796
vn 0.29403650760650635 0.882135272026062 -0.367940217256546
vn 0.4100101888179779 0.13295820355415344 -0.902337908744812
vn -0.41619718074798584 0.5529845356941223 -0.7217950224876404
vn -0.3048270344734192 0.933612048625946 -0.18827928602695465
vn 0.03776111453771591 0.06783276796340942 -0.9969818592071533
vn -0.6355742812156677 0.3279052972793579 0.698944628238678
vn -0.4054800570011139 0.1625974327325821 0.8995264768600464
vn -0.5208421945571899 -0.19160397350788116 0.8318721055984497
vn -0.9218280911445618 -0.2469456046819687 -0.2987487316131592
vn 0.3322451114654541 -0.6677345037460327 -0.6661409735679626
vn 0.3399132490158081 -0.622762143611908 -0.7047171592712402
vn 0.38221850991249084 -0.6737256050109863 -0.6324577331542969
vn 0.330881804227829 -0.8022286295890808 -0.4969371557235718
vn 0.4008273482322693 -0.4657570421695709 -0.7889282703399658
vn 0.14214056730270386 -0.05758866295218468 0.98816978931427
vn 0.34054386615753174 0.11522289365530014 0.9331417083740234
vn -0.07107507437467575 0.4858142137527466 0.8711674809455872
vn -0.5873839259147644 0.22152642905712128 0.7783997058868408
vn 0.19995641708374023 -0.051456984132528305 0.9784526824951172
vn 0.38663703203201294 -0.0373481810092926 0.9214754104614258
vn -0.8780573010444641 -0.4107649326324463 -0.24553517997264862
vn -0.06483693420886993 -0.624036431312561 -0.7787006497383118
vn 0.12957745790481567 -0.26407942175865173 -0.955757200717926
vn -0.5707708597183228 0.6254116296768188 -0.532053530216217
vn -0.9633380174636841 0.05118473619222641 0.26336297392845154
vn -0.8388214707374573 -0.1984614133834839 0.5069433450698853
vn -0.9246346950531006 -0.27461764216423035 0.263886034488678
vn -0.7868177890777588 -0.5556337237358093 0.2686800956726074
vn -0.9089420437812805 0.4100375771522522 0.07545671612024307
vn -0.8739604353904724 0.3440020680427551 0.34330108761787415
vn -0.6784166097640991 0.6947061419487 0.2390276938676834
vn -0.8752864599227905 0.4349255859851837 -0.2114550620317459
vn -0.9897441864013672 0.12800301611423492 0.06341630965471268
vn -0.8189367651939392 0.28485769033432007 0.49819546937942505
vn -0.6438307762145996 0.5122243762016296 0.5684259533882141
vn -0.9687698483467102 0.0335758700966835 0.2456778585910797
vn -0.9687197804450989 -0.1624542474746704 -0.18759122490882874
vn -0.6305734515190125 -0.06677345931529999 -0.7732518911361694
vn -0.6646069884300232 -0.48412129282951355 -0.5691433548927307
vn -0.9281591773033142 -0.3509875535964966 -0.12380701303482056
vn -0.4886105954647064 0.18747518956661224 -0.8521225452423096
vn -0.9903954863548279 0.07044214755296707 -0.11897323280572891
vn -0.6346685886383057 0.5969030261039734 -0.4908181428909302
vn 0.08864674717187881 0.9604577422142029 0.2639365494251251
vn -0.015718011185526848 0.925095796585083 0.3794083297252655
vn -0.03684442862868309 0.9650404453277588 0.25949856638908386
vn -0.1765843629837036 0.9419803023338318 0.2854665219783783
vn 0.22777056694030762 0.964651346206665 -0.13254638016223907
vn 0.6119494438171387 0.5756722688674927 -0.5423277020454407
vn 0.8187055587768555 0.3084956109523773 -0.48430538177490234
vn 0.5001109838485718 0.8659486770629883 -0.004691396374255419
vn -0.39161840081214905 0.7444481253623962 0.5407697558403015
vn -0.5237919092178345 0.6916436553001404 0.4972637891769409
vn 0.432849258184433 -0.06136030703783035 -0.8993756175041199
vn -0.21903617680072784 0.7183952331542969 -0.6602511405944824
vn -0.49561095237731934 0.8155860304832458 -0.29864540696144104
vn -0.6483693718910217 0.7584338188171387 -0.0662965252995491
vn -0.5646862387657166 0.8100079298019409 -0.15816621482372284
vn -0.4641345739364624 0.8105050921440125 0.3572963774204254
vn -0.718964695930481 0.6944347620010376 0.029156818985939026
vn -0.5193052887916565 0.8232145309448242 -0.22943346202373505
vn -0.5490104556083679 0.817202627658844 0.17540618777275085
vn -0.2991401255130768 0.8349962830543518 0.4618402123451233
vn -0.3283485174179077 0.6344590187072754 0.699749231338501
vn -0.5795470476150513 0.6619057059288025 0.47540101408958435
vn -0.8579553365707397 -0.3656962513923645 -0.36080309748649597
vn -0.6990448236465454 0.013510034419596195 0.7149502635002136
vn -0.09706037491559982 -0.10876119881868362 -0.9893180727958679
vn -0.2203666865825653 0.33267995715141296 -0.9169310927391052
vn -0.7965659499168396 0.17148883640766144 -0.579719066619873
vn 0.30442550778388977 -0.9447301030158997 -0.12169642746448517
vn 0.8326213955879211 -0.5047858357429504 -0.22788766026496887
vn 0.655524492263794 -0.29583290219306946 0.6948168873786926
vn 0.0285946037620306 -0.6572889685630798 0.7530959844589233
vn -0.31106626987457275 -0.5332478880882263 -0.7866921424865723
vn 0.10762552917003632 -0.2814163565635681 -0.9535311460494995
vn -0.7794690728187561 -0.595395565032959 -0.1947614699602127
vn 0.25195229053497314 -0.3318605124950409 -0.9090592265129089
vn 0.8832892179489136 -0.4683636426925659 0.020872658118605614
vn 0.7656405568122864 -0.474916934967041 -0.4338759779930115
vn -0.5797827243804932 -0.279965877532959 -0.765160858631134
vn -0.354367196559906 -0.4644395411014557 -0.811615526676178
vn 0.0553867481648922 -0.3329448997974396 -0.9413182139396667
vn 0.2874108552932739 -0.18091298639774323 -0.9405665993690491
vn 0.19550392031669617 -0.1512749195098877 -0.968965470790863
vn -0.515131950378418 -0.09338443726301193 -0.8520084023475647
vn 0.04277992248535156 0.06596026569604874 -0.996904730796814
vn 0.40981388092041016 -0.5294212102890015 0.7428093552589417
vn 0.25352635979652405 -0.765510082244873 0.5913702249526978
vn 0.3090350925922394 -0.7997260689735413 0.5147189497947693
vn 0.28260159492492676 -0.5417995452880859 0.7915741801261902
vn 0.14108292758464813 -0.21128833293914795 0.9671880602836609
vn 0.12802377343177795 -0.5473540425300598 0.8270511627197266
vn 0.17263394594192505 -0.25247693061828613 0.9520782232284546
vn 0.7287856936454773 -0.33765390515327454 -0.5957023501396179
vn 0.7924495339393616 -0.42142096161842346 -0.4409399926662445
vn 0.4204162657260895 -0.6617357730865479 -0.620770275592804
vn 0.26049211621284485 -0.3728048801422119 -0.8905954957008362
vn 0.7127301692962646 -0.3933417797088623 -0.5807735919952393
vn 0.7567699551582336 -0.414136677980423 -0.5057568550109863
vn 0.5731117725372314 -0.3020901679992676 -0.7617641091346741
vn 0.5296293497085571 -0.2633691430091858 0.8063061237335205
vn 0.6772244572639465 -0.29411962628364563 0.6744336485862732
vn 0.5596103072166443 -0.3040444850921631 0.770969033241272
vn 0.30614325404167175 -0.28928524255752563 0.9069676399230957
vn 0.023863038048148155 -0.3517267107963562 0.9357984662055969
vn -0.3166693449020386 0.42812657356262207 0.8464208245277405
vn -0.4187285304069519 0.3907893896102905 0.819725513458252
vn -0.47485750913619995 0.42732274532318115 0.7693540453910828
vn -0.42056137323379517 0.4531591236591339 0.785986602306366
vn -0.9506602883338928 0.14913040399551392 0.2720383405685425
vn -0.5504705309867859 0.8264037370681763 -0.11848606169223785
vn 0.21281538903713226 -0.8960644602775574 -0.3895869851112366
vn 0.3658458888530731 -0.574826717376709 -0.731936514377594
vn 0.45554429292678833 -0.7644080519676208 -0.4562453031539917
vn 0.351178914308548 -0.8031350374221802 -0.48129773139953613
vn -0.23793768882751465 -0.7053894400596619 -0.6676910519599915
vn -0.16291870176792145 -0.9169712066650391 -0.3641720116138458
vn 0.4186616539955139 -0.7675153017044067 0.48543038964271545
vn 0.437136709690094 -0.8049874305725098 0.40113186836242676
vn 0.31492823362350464 -0.9012008309364319 0.2977536618709564
vn 0.10580146312713623 -0.9652072191238403 0.23912560939788818
vn -0.13151797652244568 -0.8417339324951172 0.5236285924911499
vn -0.34411412477493286 -0.6572437286376953 0.6705342531204224
vn 0.532553493976593 -0.6258569359779358 0.5698156952857971
vn -0.47686389088630676 -0.8742718696594238 0.09082701802253723
vn -0.7943449020385742 -0.30079910159111023 -0.5277652144432068
vn 0.25883734226226807 0.9649723768234253 -0.04279857128858566
vn -0.017754962667822838 0.8019804358482361 0.5970864295959473
vn 0.5032644271850586 0.8280835151672363 0.24698735773563385
vn 0.8752121329307556 0.4206176996231079 0.23892349004745483
vn 0.7972704172134399 0.5266582369804382 0.2949424386024475
vn 0.28914129734039307 0.8837104439735413 -0.36803972721099854
vn 0.27285075187683105 0.9615064263343811 0.03252490609884262
vn 0.14415539801120758 0.6997150182723999 0.6997271180152893
vn -0.1938990205526352 0.6555270552635193 -0.7298543453216553
vn 0.025065453723073006 0.6843166351318359 -0.7287541031837463
vn -0.17360834777355194 0.7505543828010559 -0.6375956535339355
vn 0.5178900361061096 -0.8256881833076477 -0.22367165982723236
vn 0.7855740189552307 -0.5782315731048584 -0.22027666866779327
vn 0.6548964381217957 -0.4830675721168518 -0.5811680555343628
vn 0.11537089198827744 -0.9789918065071106 0.1681208461523056
vn 0.0035760649479925632 -0.9503294825553894 0.3112250864505768
vn -0.07541338354349136 -0.7603404521942139 -0.6451320052146912
vn 0.07225457578897476 -0.9815446734428406 -0.17705745995044708
vn 0.44877856969833374 -0.8920348882675171 0.05358761176466942
vn 0.6420181393623352 -0.7452027201652527 0.18023790419101715
vn -0.09363646805286407 0.4848235845565796 0.8695851564407349
vn -0.2428130805492401 0.5951129198074341 0.7660824656486511
vn -0.4067958891391754 -0.29652711749076843 -0.8640536665916443
vn -0.6031433343887329 -0.4008834958076477 -0.6895726919174194
vn -0.3662745952606201 -0.5850685834884644 -0.7235590219497681
vn -0.1377345472574234 -0.19952160120010376 -0.9701650142669678
vn -0.4251113831996918 -0.866316020488739 0.26225316524505615
vn -0.05129517242312431 0.12064341455698013 0.9913697838783264
vn -0.20452792942523956 -0.03392916917800903 0.9782724380493164
vn -0.19195285439491272 0.1599816083908081 0.9682767987251282
vn -0.005833147093653679 0.17011995613574982 0.9854061007499695
vn -0.2381894588470459 0.17017710208892822 0.9561932682991028
vn -0.2732148766517639 -0.06343624740839005 0.9598591327667236
vn -0.2240002155303955 -0.2642747461795807 0.9380738735198975
vn -0.18504486978054047 0.46525993943214417 -0.8656163215637207
vn 0.09953932464122772 0.5200177431106567 -0.8483357429504395
vn -0.136375293135643 0.29700133204460144 -0.9450883865356445
vn -0.3664429783821106 0.35039520263671875 -0.8619412779808044
vn -0.3449556231498718 0.9379979968070984 -0.03413892537355423
vn 0.2461838722229004 0.9665919542312622 0.0713692232966423
vn -0.7563439607620239 0.6331495642662048 -0.16451631486415863
vn -0.11693806201219559 0.4549132287502289 0.8828246593475342
vn -0.0024740230292081833 0.389625608921051 0.92097008228302
vn -0.30671077966690063 0.36947759985923767 0.8771630525588989
vn -0.01600879617035389 0.15207114815711975 0.9882398247718811
vn -0.15289165079593658 -0.11771301925182343 -0.9812073111534119
vn -0.5940248966217041 -0.34734103083610535 -0.7255954742431641
vn -0.5845312476158142 0.100633904337883 -0.8051062226295471
vn -0.15193726122379303 0.009859859012067318 -0.9883409142494202
vn -0.20268428325653076 0.1651819944381714 -0.9652118682861328
vn -0.13600943982601166 0.03234210982918739 -0.9901794791221619
vn -0.1673162579536438 -0.09795676916837692 -0.9810248613357544
vn -0.512000322341919 0.2936948537826538 -0.8072167634963989
vn -0.9603831171989441 0.09713606536388397 0.26120638847351074
vn -0.813542366027832 0.41612765192985535 0.40618547797203064
vn -0.17044958472251892 0.18457452952861786 0.9679251313209534
vn -0.05401775240898132 0.14291298389434814 0.9882600903511047
vn -0.22526806592941284 0.15916195511817932 0.9612085223197937
vn -0.12570463120937347 0.2576214075088501 0.958034336566925
vn -0.3335990309715271 0.2657046616077423 0.9044957756996155
vn 0.19980834424495697 0.6624714136123657 0.7219475507736206
vn 0.3235495090484619 0.8789475560188293 -0.3503808081150055
vn 0.05889693275094032 0.519601583480835 -0.8523763418197632
vn -0.10703559219837189 0.33555418252944946 -0.9359202980995178
vn -0.09027473628520966 0.2465655356645584 -0.9649123549461365
vn -0.24093660712242126 0.10110059380531311 -0.9652607440948486
vn -0.3090468943119049 0.33728575706481934 -0.8892291188240051
vn -0.4188149571418762 0.30605706572532654 -0.8549403548240662
vn -0.5794886946678162 0.21411645412445068 -0.7863503694534302
vn -0.3713347315788269 -0.0679035484790802 -0.9260127544403076
vn -0.5576056241989136 0.5126622319221497 -0.652880847454071
vn -0.6482817530632019 0.5209366083145142 -0.5552980303764343
vn -0.8499649167060852 -0.46088042855262756 -0.25524264574050903
vn -0.6909555196762085 0.6011161804199219 -0.4015466570854187
vn -0.9704402685165405 -0.2388179451227188 -0.03481033071875572
vn -0.7694892287254333 0.5362805724143982 -0.34682777523994446
vn -0.9981681704521179 0.022267770022153854 -0.05625328794121742
vn -0.7815676331520081 0.5970080494880676 -0.18092407286167145
vn -0.9851822257041931 0.17066913843154907 -0.01697271689772606
vn -0.6724323630332947 -0.2919688820838928 0.680138885974884
vn -0.5061437487602234 0.4145713746547699 -0.756273090839386
vn -0.5184674859046936 0.7725102305412292 -0.3666323721408844
vn -0.48308897018432617 0.7853198051452637 -0.38716650009155273
vn -0.5443426370620728 0.6986446380615234 -0.46431320905685425
vn -0.5070042610168457 0.6528151035308838 -0.5628313422203064
vn -0.18420900404453278 0.8090503811836243 -0.5581260323524475
vn -0.34164687991142273 0.8571620583534241 -0.38542258739471436
vn -0.5064302086830139 0.44653114676475525 -0.737657368183136
vn -0.2092818319797516 0.9575729966163635 -0.1981288343667984
vn 0.0758567824959755 0.9293221831321716 -0.3613945245742798
vn 0.5957913994789124 0.7392096519470215 0.3140091001987457
vn 0.34808027744293213 0.7960114479064941 0.49518275260925293
vn 0.677942156791687 -0.1812392920255661 0.7124231457710266
vn 0.47256237268447876 -0.6302897930145264 0.6159703731536865
vn 0.7948412299156189 -0.19891323149204254 0.5732895135879517
vn 0.6797459721565247 -0.5194485783576965 0.5178017616271973
vn 0.9115826487541199 -0.18668168783187866 0.36628827452659607
vn 0.8713636994361877 -0.4502972364425659 0.19482766091823578
vn 0.9902013540267944 0.002447300124913454 -0.1396254301071167
vn 0.8511812686920166 -0.3822648525238037 -0.3596719801425934
vn 0.687635600566864 -0.26651251316070557 -0.6753727793693542
vn 0.5915261507034302 -0.1556025743484497 -0.7911288142204285
vn 0.5133997797966003 -0.5138570666313171 -0.6872929930686951
vn 0.5731374621391296 0.12637947499752045 -0.8096551895141602
vn -0.28088507056236267 0.8956688046455383 -0.34479114413261414
vn 0.2646785378456116 0.24594847857952118 -0.9324454665184021
vn -0.5500561594963074 0.8349443078041077 -0.01750267669558525
vn -0.4426105320453644 0.13870489597320557 0.8859214186668396
vn -0.633391261100769 0.23693300783634186 0.7366670370101929
vn -0.45130255818367004 0.47978538274765015 0.7524175047874451
vn -0.6592162251472473 0.45518895983695984 0.5985289812088013
vn -0.5083889961242676 0.5926921963691711 0.6247051954269409
vn -0.45995622873306274 0.6279484033584595 0.627790629863739
vn -0.4836607277393341 0.6708122491836548 0.5622127652168274
vn -0.5308080315589905 0.6050822734832764 0.5933956503868103
vn -0.20532839000225067 0.8736183047294617 0.44117045402526855
vn -0.49649205803871155 0.7613970041275024 0.41685763001441956
vn -0.8052763342857361 0.5019993185997009 0.31547844409942627
vn -0.883015513420105 0.4476151466369629 0.14115315675735474
vn -0.6712552309036255 0.7365525364875793 0.08310648798942566
vn -0.7632684111595154 0.4757045805454254 0.43718022108078003
vn -0.9415225386619568 -0.33274343609809875 -0.053077515214681625
vn -0.9646718502044678 -0.12205994874238968 -0.23347291350364685
vn -0.8945798277854919 -0.3709328770637512 0.2492702305316925
vn -0.7613933682441711 -0.3237234652042389 0.5616788268089294
vn -0.4156557619571686 -0.8062098622322083 0.42101791501045227
vn -0.46630093455314636 -0.12255629152059555 0.8760955333709717
vn -0.31697896122932434 -0.383047878742218 0.8676396608352661
vn -0.9804866909980774 -0.0464855395257473 -0.19101010262966156
vn -0.8166168928146362 -0.412100613117218 0.4041164815425873
vn -0.7328440546989441 0.15829291939735413 0.6617271900177002
vn 0.2291390746831894 -0.16157732903957367 0.9598895311355591
vn -0.4007790684700012 0.745196521282196 0.5329710841178894
vn 0.3635006844997406 0.14059613645076752 0.9209234714508057
vn 0.587131679058075 -0.42843443155288696 0.6868190169334412
vn 0.5631430149078369 -0.4921306371688843 0.6638354063034058
vn 0.40859827399253845 -0.5166188478469849 0.7524309158325195
vn 0.02582368813455105 0.011439765803515911 0.9996010661125183
vn 0.5216550827026367 -0.5050220489501953 0.6876254677772522
vn 0.43624231219291687 -0.6222295165061951 0.6500177383422852
vn 0.12466351687908173 -0.8398481607437134 0.5283124446868896
vn 0.6686621904373169 -0.743421196937561 -0.014686367474496365
vn 0.6301770806312561 -0.3961051106452942 0.6678155064582825
vn -0.7477602958679199 -0.5731334090232849 0.33522045612335205
vn 0.7082949280738831 -0.5867164134979248 0.39253321290016174
vn 0.6113360524177551 -0.7014438509941101 0.3663942217826843
vn 0.6552107930183411 -0.4994222819805145 -0.5668122172355652
vn 0.44873082637786865 -0.6904569864273071 -0.5673709511756897
vn 0.6373375654220581 -0.4727214276790619 -0.6085518002510071
vn 0.42795655131340027 -0.571236789226532 -0.7003868818283081
vn -0.1700911670923233 -0.7276661396026611 -0.6645081043243408
vn 0.016578637063503265 -0.8748411536216736 -0.4841260313987732
vn -0.532599925994873 -0.8372383713722229 -0.12397318333387375
vn -0.06507405638694763 -0.9423877000808716 0.32813236117362976
vn -0.3141018748283386 -0.5728559494018555 0.7570839524269104
vn 0.29391199350357056 -0.5449301600456238 0.7852814197540283
vn -0.2662910223007202 0.8585608601570129 -0.4381352365016937
vn 0.3211991786956787 0.10743878036737442 -0.9408974647521973
vn 0.380168080329895 -0.11282781511545181 -0.9180098176002502
vn 0.3477681279182434 0.14365212619304657 -0.9265103936195374
vn 0.19186942279338837 0.06193412467837334 -0.9794643521308899
vn 0.1176377609372139 0.4775199592113495 -0.870710015296936
vn -0.11266855150461197 0.5013574957847595 -0.857873260974884
vn -0.05986422300338745 0.3783383071422577 -0.9237295985221863
vn -0.33757728338241577 0.7793020009994507 -0.527948796749115
vn -0.44183802604675293 0.7633721828460693 -0.4712134599685669
vn -0.3733229339122772 0.6997249722480774 -0.6091099381446838
vn -0.9743854403495789 -0.0803394690155983 -0.21004416048526764
vn -0.5705885887145996 0.8206400871276855 -0.03128290921449661
vn -0.6938601732254028 0.7149665951728821 -0.08591226488351822
vn -0.6572352647781372 0.7022150158882141 0.2737441062927246
vn -0.8225454688072205 0.5430524945259094 0.16885724663734436
vn -0.6532706022262573 0.5868560075759888 0.47836974263191223
vn -0.8237290978431702 0.37507501244544983 0.4251929819583893
vn -0.29002347588539124 0.8440623879432678 0.4510487914085388
vn -0.2834528088569641 0.7873178720474243 0.5475264191627502
vn -0.2121143788099289 0.902077853679657 0.3758498430252075
vn 0.4163823127746582 0.8266701102256775 0.3784736096858978
vn 0.5806722044944763 0.8069455623626709 -0.10797534883022308
vn 0.2736319899559021 0.894853413105011 0.35265135765075684
vn 0.8098814487457275 0.5813584923744202 0.07819458842277527
vn 0.2286839634180069 0.9734741449356079 -0.007190621457993984
vn 0.6026378273963928 0.7812722325325012 -0.1626082807779312
vn 0.9585816860198975 0.24472029507160187 -0.14571578800678253
vn 0.9453139305114746 0.1187610849738121 -0.3037717938423157
vn 0.8706230521202087 -0.09290564805269241 -0.4830983281135559
vn 0.8119850754737854 -0.24408794939517975 -0.5301898717880249
vn 0.6525278687477112 -0.17919045686721802 -0.7362732887268066
vn 0.1765514314174652 -0.7499667406082153 -0.6374788880348206
vn 0.02137276716530323 -0.5633357167243958 -0.8259515762329102
vn -0.00047325954074040055 -0.3357155919075012 -0.9419631958007812
vn 0.4708091914653778 0.021167894825339317 -0.8819810748100281
vn -0.6139810681343079 -0.6142038702964783 -0.49576306343078613
vn 0.3445916473865509 -0.7490588426589966 -0.565833568572998
vn -0.0027642291970551014 0.8810547590255737 -0.4730061888694763
vn -0.38781219720840454 0.9208848476409912 0.03965824469923973
vn -0.5894086360931396 0.27626264095306396 0.759128749370575
vn -0.5829357504844666 0.3957746624946594 0.7096114158630371
vn -0.8022855520248413 0.2645852267742157 0.5351005792617798
vn -0.6720380187034607 0.44742318987846375 0.5900655388832092
vn -0.10628729313611984 0.9305717945098877 0.35034140944480896
vn -0.5395507216453552 0.4572848081588745 -0.7069480419158936
vn 0.11710356175899506 0.9670340418815613 -0.22612373530864716
vn 0.4971841871738434 0.23630143702030182 0.8348470330238342
vn 0.0914091244339943 0.6233227849006653 -0.7766035795211792
vn 0.4418606758117676 0.15519505739212036 0.8835573792457581
vn 0.16665951907634735 0.2766425907611847 0.9464108347892761
vn 0.13315078616142273 0.2641535699367523 0.955245316028595
vn -0.019261909648776054 0.6423290371894836 0.7661868333816528
vn -0.2096502184867859 0.7058476209640503 0.6766283512115479
vn -0.5234118103981018 0.8372596502304077 0.1582285612821579
vn -0.46907052397727966 0.8830861449241638 0.011474779807031155
vn -0.6804015636444092 0.642738938331604 -0.35205140709877014
vn -0.4851588308811188 0.7655959129333496 -0.42247340083122253
vn 0.06563360244035721 0.9327318072319031 -0.35454705357551575
vn -0.47598230838775635 0.6697790026664734 -0.5699445009231567
vn 0.12930436432361603 0.8263533711433411 -0.5481062531471252
vn 0.7489124536514282 0.6096051335334778 -0.25982996821403503
vn 0.7902047038078308 0.6126596927642822 0.014992071315646172
vn 0.6910997629165649 0.5594856142997742 0.45755547285079956
vn -0.8103142380714417 0.42447972297668457 -0.4039899408817291
vn -0.8517482876777649 0.5118846297264099 -0.11179910600185394
vn -0.5799194574356079 0.7191682457923889 0.3827408254146576
vn 0.38663336634635925 -0.6302686333656311 -0.6732578873634338
vn -0.021628309041261673 -0.46676763892173767 -0.88411545753479
vn -0.5852266550064087 -0.802970290184021 0.11290935426950455
vn -0.19380056858062744 -0.9068658351898193 0.37421345710754395
vn 0.07165661454200745 -0.874136209487915 0.48036569356918335
vn 0.026359697803854942 -0.783515989780426 0.6208122968673706
vn 0.6073915362358093 -0.5872241258621216 0.5350170135498047
vn 0.7501718401908875 -0.4004412293434143 0.526202380657196
vn 0.6987549662590027 -0.24968840181827545 0.670370876789093
vn 0.09936653822660446 -0.4670450985431671 0.8786325454711914
vn 0.9175998568534851 -0.07165373116731644 0.3909938633441925
vn 0.5349620580673218 -0.5405979752540588 0.649283766746521
vn 0.8184141516685486 -0.07037800550460815 0.5703026652336121
vn 0.8280138969421387 0.1655198335647583 0.5357202291488647
vn 0.9500905275344849 0.15609748661518097 0.27011415362358093
vn 0.7000226378440857 -0.19183650612831116 0.6878714561462402
vn 0.7274300456047058 0.045985832810401917 0.6846392154693604
vn 0.419961541891098 -0.5229439735412598 0.7417290210723877
vn 0.4141649305820465 -0.38934019207954407 0.8227282166481018
vn -0.278735488653183 -0.5287471413612366 0.8017063140869141
vn -0.2166370302438736 -0.747774600982666 0.627615749835968
vn -0.7199304103851318 -0.6683647632598877 0.18705271184444427
vn -0.8169634938240051 -0.3973325788974762 0.41796836256980896
vn -0.952494740486145 -0.23964917659759521 0.18794171512126923
vn -0.7425843477249146 0.18810607492923737 0.6427943706512451
vn -0.6331286430358887 0.36840713024139404 0.6807527542114258
vn -0.6633390188217163 0.29503920674324036 0.6877013444900513
vn -0.6180396676063538 0.13878396153450012 0.7737996578216553
vn -0.9455418586730957 -0.12178948521614075 0.3018574118614197
vn -0.8419106006622314 -0.2653807997703552 0.4698505699634552
vn -0.8018208146095276 -0.5498960018157959 0.23387576639652252
vn -0.5253956913948059 -0.8245270848274231 -0.21003444492816925
vn -0.3721778988838196 -0.9216889142990112 -0.10942196100950241
vn -0.30346962809562683 -0.9340174794197083 -0.1884613335132599
vn -0.4727305471897125 -0.7716394066810608 -0.4255564510822296
vn -0.8969360589981079 -0.3859120309352875 0.21581822633743286
vn -0.950556218624115 -0.306002676486969 -0.052963197231292725
vn -0.5162797570228577 -0.8456171751022339 -0.1355980485677719
vn -0.7657510638237 0.4167534410953522 0.48983871936798096
vn -0.899049699306488 0.4305375814437866 0.079668790102005
vn -0.9324745535850525 0.35930103063583374 -0.037336282432079315
vn -0.9578344225883484 -0.2766711413860321 -0.07750081270933151
vn -0.9752721190452576 -0.21948058903217316 0.025936312973499298
vn -0.6371025443077087 -0.7679240703582764 0.06627949327230453
vn -0.5563132166862488 -0.8293938636779785 -0.05120107904076576
vn -0.892059862613678 0.44142553210258484 -0.09681320935487747
vn -0.7328739762306213 0.5554003715515137 -0.3929709196090698
vn -0.966079592704773 -0.22553373873233795 -0.12579619884490967
vn -0.8326185941696167 -0.47200676798820496 -0.2897511422634125
vn -0.6315794587135315 0.3647286295890808 -0.6841639280319214
vn -0.7362626194953918 0.3677457869052887 -0.5680497288703918
vn -0.45640042424201965 -0.8886836171150208 0.04404771327972412
vn -0.49472832679748535 -0.8685309290885925 -0.029963675886392593
vn -0.37064650654792786 -0.9280999898910522 -0.035377103835344315
vn -0.5698032975196838 -0.821672260761261 -0.013373848050832748
vn -0.5477859377861023 -0.8293360471725464 0.11014614999294281
vn -0.6276785135269165 -0.7722015380859375 -0.09861346334218979
vn -0.7437774538993835 -0.6664377450942993 0.05153544992208481
vn -0.6947260499000549 -0.5770872235298157 -0.42933204770088196
vn -0.7026128768920898 -0.7102511525154114 -0.04334188625216484
vn -0.7749372124671936 -0.6312620043754578 0.031314872205257416
vn -0.788430392742157 -0.6107741594314575 -0.07302355021238327
vn -0.7935521602630615 -0.5969234704971313 0.11814162880182266
vn -0.7973660826683044 -0.6001839637756348 -0.06313947588205338
vn -0.7983775734901428 -0.580268919467926 -0.16087612509727478
vn -0.7218008637428284 -0.6867353320121765 -0.08601262420415878
vn -0.6831767559051514 -0.7280224561691284 -0.05703306943178177
vn -0.7436250448226929 -0.6608895063400269 -0.10122723877429962
vn -0.7448675632476807 -0.6402792930603027 -0.1876557320356369
vn -0.39681583642959595 -0.8984642624855042 0.1878807097673416
vn -0.3265620768070221 -0.7870988845825195 0.5232900977134705
vn 0.37470805644989014 -0.7419896125793457 0.5559184551239014
vn 0.4388102889060974 -0.2686915695667267 0.8574673533439636
vn 0.8388355374336243 -0.10271166265010834 0.5346075296401978
vn 0.6746875047683716 0.020725810900330544 0.7378124594688416
vn 0.8132986426353455 -0.1484653353691101 0.5625863671302795
vn 0.610253632068634 -0.08672376722097397 0.7874449491500854
vn 0.7625852227210999 -0.262343168258667 0.5913034677505493
vn 0.509284257888794 -0.2544269859790802 0.8221291899681091
vn 0.6922877430915833 -0.4234546720981598 0.5843149423599243
vn 0.3945309817790985 -0.4123519957065582 0.8211644887924194
vn 0.5836702585220337 -0.592676043510437 0.5550352931022644
vn 0.24423275887966156 -0.5479156970977783 0.8000867366790771
vn 0.6728481650352478 -0.5361542701721191 0.5097194910049438
vn 0.39112821221351624 -0.356707364320755 0.8483977317810059
vn 0.9094998836517334 0.05886621028184891 0.4115150272846222
vn 0.6862700581550598 0.4028109908103943 0.6056209206581116
vn 0.7031590342521667 0.6858813166618347 0.18744131922721863
vn 0.594891369342804 0.7925381064414978 0.1341179460287094
vn 0.4765092432498932 0.8790786862373352 -0.012632973492145538
vn 0.48623648285865784 0.8705447912216187 -0.07566938549280167
vn 0.5650999546051025 0.8195258378982544 -0.09507714956998825
vn 0.5070294737815857 0.8617088198661804 -0.019469454884529114
vn 0.42380279302597046 0.905616283416748 -0.015825750306248665
vn 0.7024557590484619 0.7117104530334473 0.004930300638079643
vn 0.670304536819458 0.7383301258087158 -0.07456783950328827
vn 0.991549551486969 0.12657812237739563 0.028414689004421234
vn 0.9418012499809265 0.18869508802890778 -0.27821671962738037
vn 0.7713577151298523 0.09558983147144318 -0.6291819214820862
vn 0.6587964296340942 0.7289409637451172 -0.18609753251075745
vn 0.9434398412704468 -0.32614830136299133 0.05956961214542389
vn 0.8644652962684631 -0.3954729735851288 -0.3103237450122833
vn 0.5065089464187622 -0.46134719252586365 -0.7284281253814697
vn 0.7540136575698853 -0.5371280908584595 -0.3780962824821472
vn 0.4901287257671356 -0.44313254952430725 -0.7506045699119568
vn 0.8360684514045715 -0.4013821482658386 -0.37400782108306885
vn 0.563589334487915 -0.3073069155216217 -0.7667655944824219
vn 0.8762874603271484 -0.3195875585079193 -0.3605331778526306
vn 0.6334288120269775 -0.18967068195343018 -0.7501952052116394
vn 0.8991215825080872 -0.27275794744491577 -0.34232062101364136
vn 0.6836413741111755 -0.11233604699373245 -0.7211207151412964
vn 0.8929958343505859 -0.3053208589553833 -0.3306625187397003
vn 0.6841921210289001 -0.15648643672466278 -0.7123153805732727
vn 0.4501807689666748 -0.8371022343635559 -0.31080061197280884
vn 0.11635666340589523 -0.7849263548851013 -0.6085652709007263
vn 0.0012670569121837616 -0.47087204456329346 -0.8822005391120911
vn -0.44969916343688965 -0.8507693409919739 -0.2719598412513733
vn -0.6353520154953003 -0.7574570178985596 -0.15028899908065796
vn -0.7055391669273376 -0.7016820907592773 0.09928154200315475
vn -0.7583379149436951 -0.6183998584747314 0.20616790652275085
vn -0.6838615536689758 -0.7000769376754761 0.20548851788043976
vn -0.44452643394470215 -0.8930867314338684 -0.06922705471515656
vn -0.7238644957542419 -0.6867923140525818 0.06585312634706497
vn -0.33575376868247986 -0.9408197402954102 0.04612702876329422
vn 0.7400256395339966 -0.6511039733886719 0.1685994416475296
vn 0.9490033388137817 -0.26722222566604614 0.16728705167770386
vn 0.9426780343055725 -0.2863468527793884 0.17135834693908691
vn 0.9210665225982666 -0.3569558560848236 0.15562474727630615
vn 0.8675635457038879 -0.47928541898727417 0.13273631036281586
vn 0.8451387882232666 -0.5268800258636475 0.09020975232124329
vn 0.6017129421234131 0.7177900671958923 -0.3503127694129944
vn 0.4654540419578552 0.8837314248085022 0.04869592562317848
vn 0.40609902143478394 0.9100997447967529 0.08247490227222443
vn 0.43846622109413147 0.8953980207443237 0.07752230018377304
vn 0.4767318665981293 0.8782761096954346 -0.03684784099459648
vn 0.49502503871917725 0.8672859072685242 0.05258696526288986
vn 0.5380774736404419 0.8428006768226624 -0.012635240331292152
vn 0.5530157089233398 0.8315916061401367 0.05127377435564995
vn 0.5094944834709167 0.8601821064949036 0.022410253062844276
vn 0.6167306900024414 0.787151038646698 0.0060329195111989975
vn 0.5927215814590454 0.8043641448020935 -0.04098224267363548
vn 0.724884033203125 0.6844661235809326 -0.07777713984251022
vn 0.4642629325389862 0.8823017477989197 -0.07748304307460785
vn 0.49875158071517944 0.8593630194664001 -0.11288004368543625
vn -0.2236444354057312 0.9704598784446716 -0.09050329774618149
vn -0.4472264051437378 0.8940446972846985 -0.025936413556337357
vn 0.01606660708785057 0.987438440322876 0.15718494355678558
vn -0.06944012641906738 0.8511556386947632 0.5202998518943787
vn 0.3203016519546509 0.8938454389572144 0.3137630820274353
vn 0.36462438106536865 0.8738601803779602 0.32158589363098145
vn -0.8664032220840454 0.49924150109291077 0.010171841830015182
vn -0.8428599834442139 0.5283997654914856 0.101885586977005
vn -0.29477933049201965 0.955511748790741 0.010118037462234497
vn 0.36498650908470154 0.9304997324943542 -0.03090299479663372
vn 0.47235748171806335 0.879661500453949 -0.05544323846697807
vn 0.6062883138656616 0.7940661311149597 -0.043283380568027496
vn 0.5650305151939392 0.8250043392181396 -0.010411759838461876
vn -0.5555902719497681 -0.8303895592689514 0.04210257530212402
vn 0.08837728202342987 0.8349546790122986 -0.5431759357452393
vn -0.9107655882835388 0.39600569009780884 0.11698568612337112
vn -0.9141629934310913 0.2976132035255432 -0.27519509196281433
vn -0.6646918058395386 0.5622425079345703 -0.4920041859149933
vn -0.6108337640762329 0.7914056777954102 -0.023646416142582893
vn -0.9117839932441711 0.2381560206413269 0.334562212228775
vn -0.9748952388763428 0.1384512335062027 0.17438581585884094
vn -0.5158618092536926 0.8025216460227966 0.29974257946014404
vn -0.7110328674316406 0.38873380422592163 0.5859337449073792
vn -0.9418121576309204 0.30534565448760986 0.14054834842681885
vn -0.9186896681785583 0.3802015483379364 0.1070328950881958
vn -0.7627779245376587 0.21278822422027588 0.6106480956077576
vn -0.883587658405304 0.19097451865673065 0.4275529682636261
vn -0.8391377925872803 0.44241639971733093 0.31641027331352234
vn -0.592182993888855 0.5553733110427856 0.5838490128517151
vn -0.6490597128868103 0.07912375032901764 0.7566114664077759
vn -0.3278614282608032 0.17307209968566895 0.9287372827529907
vn -0.6992663145065308 0.3120001256465912 0.6431815028190613
vn -0.9936529994010925 -0.04096267372369766 0.10476499795913696
vn -0.3468453288078308 0.1575535535812378 0.9245946407318115
vn -0.8847590684890747 -0.4654873013496399 -0.02286416105926037
vn -0.9165984392166138 -0.2635103166103363 -0.30068179965019226
vn -0.6277692317962646 -0.7334756851196289 0.2606131434440613
vn -0.8408746123313904 0.27679359912872314 -0.4650968611240387
vn -0.6757861375808716 0.4150346517562866 -0.6091463565826416
vn -0.7586499452590942 0.29604625701904297 -0.5803506374359131
vn -0.9150627851486206 0.3198148012161255 -0.24572041630744934
vn -0.9540197253227234 0.13141866028308868 -0.26939862966537476
vn -0.6453686356544495 -0.11985532939434052 -0.7544097900390625
vn -0.3601139187812805 0.07182202488183975 -0.9301394820213318
vn -0.9531928896903992 0.2974165976047516 0.05446822568774223
vn -0.4813498258590698 0.30577754974365234 -0.8214635848999023
vn -0.6796585321426392 0.33061954379081726 -0.6547939777374268
vn -0.6975016593933105 0.32883918285369873 -0.6366758942604065
vn -0.016963187605142593 -0.9280014634132385 -0.3721902072429657
vn -0.06494704633951187 -0.8118112683296204 -0.5802968144416809
vn -0.4562648832798004 -0.61220383644104 -0.645777702331543
vn -0.5740022659301758 -0.8037707209587097 -0.156441792845726
vn 0.318579763174057 -0.9429645538330078 -0.09656494110822678
vn 0.5094585418701172 -0.8071122169494629 -0.2983652651309967
vn 0.49258774518966675 -0.5804098844528198 -0.6484456062316895
vn 0.22237414121627808 -0.6434182524681091 -0.7325043082237244
vn -0.5365411639213562 -0.8431480526924133 -0.03499799221754074
vn -0.1624908447265625 -0.9633610248565674 -0.21338243782520294
vn 0.5325397849082947 -0.6796731352806091 -0.5044261813163757
vn -0.6297248005867004 -0.3634962737560272 -0.6865254044532776
vn -0.3706105947494507 -0.896862804889679 -0.24142217636108398
vn -0.9897766709327698 -0.10468199104070663 0.09686974436044693
vn -0.8839792013168335 0.18192575871944427 -0.43067827820777893
vn 0.31325438618659973 -0.42427507042884827 -0.8496248722076416
vn 0.41931572556495667 -0.7771567106246948 -0.4692564904689789
vn 0.06625921279191971 0.18004392087459564 -0.9814244508743286
vn 0.8256146907806396 -0.26791974902153015 -0.4965674877166748
vn 0.5613881349563599 0.6891353130340576 0.4581875801086426
vn 0.5740564465522766 0.5870500802993774 0.5708163380622864
vn 0.363963782787323 0.5890364050865173 0.721502959728241
vn 0.31273648142814636 0.7844914197921753 0.5355080962181091
vn 0.1626136302947998 0.6477106213569641 0.7443304657936096
vn -0.04282275214791298 0.7927438616752625 0.6080488562583923
vn 0.5677788853645325 0.7539268732070923 0.33048680424690247
vn 0.8226391077041626 0.3892846405506134 0.41439393162727356
vn 0.6134990453720093 0.6247818470001221 0.4829767644405365
vn 0.5932620167732239 0.6178447008132935 0.5160505175590515
vn 0.3685482442378998 0.7876965999603271 0.49366599321365356
vn 0.06152152642607689 -0.9975894093513489 -0.03210075572133064
vn -0.3631483018398285 -0.929465651512146 0.06493760645389557
vn -0.2672908306121826 -0.9619132876396179 0.05725742131471634
vn 0.15747599303722382 -0.9840036630630493 0.08329568803310394
vn 0.07981232553720474 -0.9965152144432068 -0.024235382676124573
vn 0.01241713110357523 -0.9862633347511292 -0.16471365094184875
vn -0.1560123860836029 -0.9873645901679993 -0.0277729295194149
vn 0.20808640122413635 0.35623976588249207 -0.910929799079895
vn 0.7428562045097351 0.6051233410835266 -0.28633958101272583
vn 0.5428264737129211 0.7547886967658997 -0.36828434467315674
vn 0.31569764018058777 0.2762547731399536 -0.9077544808387756
vn 0.565666913986206 0.08799624443054199 -0.8199253678321838
vn 0.2882276177406311 0.37232041358947754 -0.882214367389679
vn 0.03772689402103424 0.31819361448287964 -0.9472747445106506
vn 0.8068467974662781 0.5841226577758789 -0.08831192553043365
vn -0.43129292130470276 0.3568543791770935 -0.8286382555961609
vn -0.352360337972641 0.16667522490024567 -0.9209026098251343
vn -0.3539990186691284 0.4366379976272583 -0.8270621299743652
vn -0.8424460887908936 0.4903273582458496 0.22330142557621002
vn -0.6660899519920349 0.38986825942993164 0.6358670592308044
vn -0.22328168153762817 0.26924458146095276 0.9368312358856201
vn -0.2086700052022934 0.21810504794120789 0.9533556699752808
vn -0.13536439836025238 0.17469368875026703 0.9752736687660217
vn -0.15531229972839355 0.13970082998275757 0.9779375195503235
vn -0.17942191660404205 -0.029343847185373306 0.9833345413208008
vn -0.2970723509788513 -0.09446357935667038 0.9501709342002869
vn -0.20826593041419983 0.09512250125408173 0.9734356999397278
vn -0.29585975408554077 0.15514032542705536 0.942548930644989
vn -0.4248501658439636 -0.0007446486852131784 0.905263364315033
vn -0.4011082947254181 0.45625266432762146 0.794320821762085
vn -0.39292362332344055 0.37627777457237244 0.8390626311302185
vn 0.5987594127655029 -0.04937170818448067 -0.7994056344032288
vn 0.7178180813789368 -0.07291233539581299 -0.6924023628234863
vn 0.7332671880722046 -0.011750995181500912 -0.6798390746116638
vn 0.5181752443313599 0.2240246683359146 -0.8254135251045227
vn 0.18868471682071686 0.03825230523943901 -0.9812924265861511
vn 0.2837793827056885 -0.044518355280160904 -0.9578555226325989
vn 0.19292530417442322 0.18982140719890594 -0.9626772403717041
vn 0.18231621384620667 0.07146875560283661 0.9806391000747681
vn 0.05701780319213867 0.14969795942306519 0.9870863556861877
vn 0.036747582256793976 0.03745637089014053 0.9986222982406616
vn 0.09290799498558044 -0.05909230187535286 0.9939196109771729
vn 0.08187098801136017 0.11426763981580734 0.990070641040802
vn 0.2718459963798523 0.8746193051338196 0.40142348408699036
vn 0.5131224393844604 0.855536162853241 -0.06901668012142181
vn -0.4526165723800659 0.891674280166626 0.00742412731051445
vn -0.6968315839767456 0.64825838804245 0.3068987727165222
vn -0.27103108167648315 0.4444397985935211 0.8538240194320679
vn 0.7702545523643494 0.22512727975845337 0.5966787934303284
vn 0.9713239073753357 0.22837312519550323 0.06614807993173599
vn -0.5300241708755493 -0.4221867024898529 0.7354133725166321
vn -0.5343706011772156 -0.00794131774455309 0.8452129364013672
vn -0.970474898815155 -0.07029462605714798 0.23073147237300873
vn -0.7312592267990112 -0.638634979724884 0.23959392309188843
vn 0.0877908393740654 -0.8640090823173523 0.49576306343078613
vn 0.2652167081832886 -0.5482964515686035 0.7931147217750549
vn 0.41147521138191223 -0.22712306678295135 0.8826682567596436
vn -0.7883370518684387 -0.6150112152099609 -0.01690571755170822
vn 0.12419664859771729 -0.9897691607475281 0.07022925466299057
vn -0.11797207593917847 -0.9906243681907654 -0.06889176368713379
vn -0.7790225744247437 -0.6196519136428833 -0.0956825539469719
vn -0.5696603655815125 -0.8164896368980408 0.09397732466459274
vn -0.12139008939266205 -0.9699445366859436 0.21088431775569916
vn -0.7953220009803772 -0.5046245455741882 0.3358822762966156
vn -0.6995407938957214 -0.7052136063575745 0.11539751291275024
vn -0.9879093766212463 0.005082925781607628 0.15494932234287262
vn -0.8979054093360901 -0.08754856139421463 0.43139421939849854
vn -0.9953451156616211 -0.09433387964963913 -0.019728923216462135
vn 0.048664722591638565 -0.5972630381584167 0.8005676865577698
vn 0.2623661160469055 -0.2392863631248474 0.9348294734954834
vn 0.49231866002082825 -0.35134604573249817 0.7963531613349915
vn 0.33113232254981995 -0.6226220726966858 0.7090085744857788
vn -0.1498253345489502 -0.17660462856292725 0.9728119373321533
vn 0.07360278815031052 -0.11603819578886032 0.9905138611793518
vn -0.01909208856523037 -0.8643287420272827 0.5025647878646851
vn -0.24465830624103546 -0.7298718094825745 0.6383019685745239
vn 0.2674984633922577 -0.8710243701934814 0.41202086210250854
vn 0.11949814110994339 -0.9922154545783997 -0.035052403807640076
vn -0.4032154679298401 -0.9139364361763 0.04623212665319443
vn -0.08200682699680328 -0.2943001687526703 0.9521881937980652
vn 0.2282506376504898 0.035652417689561844 0.9729493856430054
vn 0.014887824654579163 0.12490264326334 0.9920572638511658
vn -0.44788843393325806 -0.5138240456581116 0.7316972017288208
vn -0.06659062951803207 -0.9971339702606201 0.03591177612543106
vn 0.7316604256629944 -0.6638954281806946 0.15464754402637482
vn -0.565467894077301 -0.8029630780220032 -0.1884046345949173
vn 0.16511109471321106 -0.47679242491722107 -0.8633697032928467
vn -0.10876374691724777 -0.5175553560256958 -0.8487089276313782
vn 0.28268882632255554 -0.3559858500957489 -0.8907082080841064
vn 0.38122355937957764 -0.32714641094207764 -0.8646639585494995
vn -0.37024828791618347 0.9085835814476013 -0.19337014853954315
vn -0.24896402657032013 0.9562795162200928 0.15344810485839844
vn 0.3503735065460205 0.860823929309845 0.36908072233200073
vn 0.2743976414203644 0.8602708578109741 0.4296976625919342
vn 0.014944713562726974 0.7015678882598877 0.712445855140686
vn -0.4352729916572571 0.8321446776390076 -0.34361720085144043
vn -0.2594113349914551 0.20305296778678894 -0.9441796541213989
vn -0.3022254407405853 0.2887117266654968 -0.908463180065155
vn -0.5575885772705078 0.06647160649299622 -0.827451765537262
vn -0.8755754232406616 0.3131587505340576 -0.3678305149078369
vn -0.9145824909210205 0.3967517018318176 -0.07827538996934891
vn -0.9110848903656006 -0.2779412269592285 -0.30442216992378235
vn -0.5019882321357727 0.11292660981416702 0.8574703335762024
vn 0.11094959825277328 -0.27586936950683594 0.9547702074050903
vn 0.40429240465164185 -0.551542341709137 0.7296223044395447
vn 0.440116286277771 -0.3991835117340088 0.8043321371078491
vn 0.2149733453989029 -0.19310589134693146 0.9573382139205933
vn -0.33288338780403137 -0.11310111731290817 0.9361606240272522
vn -0.22194111347198486 -0.4527074098587036 0.8635961413383484
vn -0.19394415616989136 -0.017331155017018318 0.9808595180511475
vn -0.4530314803123474 0.8815674185752869 0.13267025351524353
vn -0.33345431089401245 0.9287657141685486 -0.16187207400798798
vn -0.44498756527900696 0.5660620927810669 -0.6939451694488525
vn -0.2897808253765106 0.4594937562942505 -0.8395788669586182
vn -0.33775269985198975 0.3237875998020172 0.8837900161743164
vn -0.5207996964454651 0.3191925287246704 0.7917599678039551
vn -0.4005405306816101 0.7228983044624329 0.563014566898346
vn -0.0871201604604721 0.9743365049362183 0.20755328238010406
vn -0.011032391339540482 -0.9932821393013 0.11518990248441696
vn -0.41874393820762634 -0.555873453617096 -0.7180935740470886
vn 0.3498379588127136 -0.5502505302429199 -0.758180558681488
vn 0.5754181146621704 -0.8176090121269226 -0.02024245634675026
vn -0.8379409313201904 -0.4755552411079407 0.26777273416519165
vn -0.9389098882675171 -0.0734436884522438 -0.3362354636192322
vn -0.8442602157592773 -0.01601467840373516 0.5356940031051636
vn -0.9717921018600464 0.08301115036010742 -0.2207472324371338
vn -0.44779035449028015 -0.1603577584028244 -0.8796415328979492
vn -0.5348823070526123 0.01443170290440321 -0.8448032736778259
vn -0.038663577288389206 0.4153781235218048 -0.9088267683982849
vn -0.026417313143610954 0.3880186975002289 -0.921272873878479
vn 0.06588232517242432 0.26066842675209045 -0.9631778597831726
vn -0.09464401006698608 0.28092727065086365 -0.9550510048866272
vn -0.4511517584323883 0.40836626291275024 -0.7935358285903931
vn -0.24557781219482422 0.562745988368988 -0.7893088459968567
vn -0.0727594643831253 0.5280269980430603 -0.8461049199104309
vn 0.6278563141822815 -0.4379391372203827 0.6434327960014343
vn 0.8796723484992981 -0.4581363797187805 0.12762267887592316
vn 0.9384979009628296 -0.23068532347679138 0.2569164037704468
vn 0.7236858010292053 -0.34027382731437683 0.6004104018211365
vn 0.28305500745773315 -0.3816687762737274 0.8798913955688477
vn 0.14552603662014008 -0.5548372864723206 0.8191323280334473
vn 0.2266925573348999 -0.8616905212402344 0.45398229360580444
vn 0.13124366104602814 0.9896835088729858 -0.05745967850089073
vn -0.07558233290910721 0.9968535304069519 0.023879563435912132
vn -0.019666632637381554 0.9997575283050537 -0.009903427213430405
vn 0.12129056453704834 0.9871558547019958 -0.1039806604385376
vn 0.04505040869116783 0.979901909828186 -0.1943260282278061
vn 0.19551707804203033 0.949497401714325 -0.2454133927822113
vn -0.0128771448507905 0.9979764223098755 -0.062266308814287186
vn 0.8537222743034363 0.10024477541446686 -0.5109885931015015
vn 0.9573362469673157 0.09898057579994202 -0.2714962363243103
vn 0.9395880103111267 -0.2501414716243744 -0.23367413878440857
vn 0.2387647181749344 0.5633034110069275 -0.7909997701644897
vn 0.47166988253593445 0.7427107691764832 -0.47529810667037964
vn -0.8966096639633179 0.3716319799423218 0.24079181253910065
vn -0.9095563292503357 0.3789978325366974 0.17049306631088257
vn -0.6170176863670349 0.7868796586990356 -0.010464903898537159
vn -0.3868125379085541 0.9087014198303223 -0.15696419775485992
vn -0.6774531602859497 0.5684906244277954 -0.4667714536190033
vn -0.9754545092582703 0.15828873217105865 0.153079554438591
vn -0.9600338935852051 0.19699598848819733 0.19881491363048553
vn -0.662871778011322 -0.10133297741413116 0.7418439984321594
vn -0.20055311918258667 0.33430778980255127 0.9208781719207764
vn -0.212678000330925 0.28275513648986816 0.935316801071167
vn -0.20254787802696228 0.1252768337726593 0.9712260961532593
vn -0.7542875409126282 -0.015753498300909996 0.6563551425933838
vn -0.37775918841362 -0.015081941150128841 0.9257810711860657
vn -0.40247875452041626 -0.5550801753997803 -0.7279400825500488
vn -0.926713228225708 -0.1077701523900032 -0.35998374223709106
vn -0.9831540584564209 0.008873017504811287 0.18256358802318573
vn 0.13711661100387573 -0.12004813551902771 -0.983253538608551
vn -0.43899956345558167 0.03484431281685829 -0.8978113532066345
vn -0.020367760211229324 0.007065585348755121 -0.999767541885376
vn 0.15832553803920746 -0.04113359376788139 -0.9865298271179199
vn 0.22094453871250153 -0.18197527527809143 -0.9581588506698608
vn 0.4205899238586426 -0.4676613509654999 -0.7774298191070557
vn 0.46136900782585144 -0.4829375147819519 -0.7442513108253479
vn 0.48195651173591614 0.098905548453331 0.8705949783325195
vn 0.7301348447799683 0.08952617645263672 0.6774128675460815
vn 0.7228672504425049 -0.009267971850931644 0.6909247636795044
vn 0.5648136734962463 -0.023049060255289078 0.824896514415741
vn 0.0323479026556015 0.3766266107559204 0.9258002042770386
vn 0.20145557820796967 0.5169244408607483 0.831988513469696
vn 0.2681064307689667 -0.07602924108505249 0.9603845477104187
vn 0.056648820638656616 0.005809640046209097 0.99837726354599
vn -0.010058349929749966 0.344942182302475 0.9385700225830078
vn 0.3066920042037964 0.5796627998352051 0.7549378275871277
vn 0.4816781282424927 0.3781146705150604 0.7905791401863098
vn -0.2586822807788849 0.1202276200056076 0.9584512114524841
vn -0.36625146865844727 0.27931174635887146 0.887606143951416
vn 0.8385108113288879 0.35837799310684204 0.41044479608535767
vn -0.2687891125679016 0.21769356727600098 0.9382760524749756
vn 0.6806640625 0.6213593482971191 -0.38808372616767883
vn 0.7856778502464294 0.47330009937286377 -0.3983684182167053
vn 0.4795887768268585 0.8765106201171875 -0.04151706025004387
vn 0.007460860535502434 0.09347370266914368 -0.9955937266349792
vn 0.26686617732048035 0.015955187380313873 -0.9636014699935913
vn -0.24352608621120453 -0.35168761014938354 -0.9038864970207214
vn -0.38467177748680115 -0.026281626895070076 -0.92267906665802
vn 0.0308711938560009 0.15414771437644958 -0.9875653982162476
vn 0.26585638523101807 0.1008305475115776 -0.9587249755859375
vn -0.3189407289028168 0.10883349180221558 -0.9415051341056824
vn -0.19604289531707764 -0.8686087131500244 0.4550671875476837
vn -0.6418834924697876 -0.6162625551223755 0.4562958776950836
vn 0.019460437819361687 -0.4761858284473419 0.8791292905807495
vn 0.12199556082487106 -0.5579932928085327 0.8208292126655579
vn 0.4528091251850128 -0.7805962562561035 0.4308519959449768
vn 0.424675315618515 -0.8817105889320374 0.20551754534244537
vn -0.5586325526237488 -0.49665114283561707 -0.6642795205116272
vn -0.831932544708252 -0.322184681892395 -0.45175808668136597
vn -0.1967790424823761 -0.9795112013816833 -0.04284709319472313
vn -0.5045262575149536 -0.7675303220748901 -0.39541181921958923
vn 0.02995404787361622 -0.9914589524269104 0.12693250179290771
vn -0.44596758484840393 -0.5101788640022278 0.7354117631912231
vn -0.43378540873527527 -0.604610800743103 0.6680387854576111
vn -0.4272767901420593 -0.4247833788394928 0.7981187701225281
vn -0.4047306478023529 -0.25015050172805786 0.8795554041862488
vn -0.8533516526222229 -0.41074129939079285 0.32106468081474304
vn -0.6123584508895874 -0.6600418090820312 0.43515744805336
vn -0.7224119305610657 -0.07570472359657288 0.6873062252998352
vn 0.2188856303691864 0.9177820682525635 0.3313084542751312
vn 0.3037395477294922 0.919390082359314 0.24992844462394714
vn -0.4422774612903595 0.8968686461448669 -0.004147179890424013
vn -0.3448266386985779 0.8689176440238953 0.3550727963447571
vn 0.23113493621349335 0.9538701176643372 0.19159431755542755
vn 0.32218512892723083 0.9052490592002869 0.27698540687561035
vn -0.2994188070297241 0.7477580904960632 0.5926266312599182
vn -0.3210694193840027 0.07196331769227982 -0.9443175792694092
vn -0.345052570104599 0.08592762798070908 -0.9346416592597961
vn -0.23563724756240845 0.13165819644927979 -0.9628816843032837
vn -0.1866142749786377 0.7232988476753235 -0.6648412346839905
vn -0.18352727591991425 0.40320780873298645 -0.8965161442756653
vn -0.5314747095108032 0.16241556406021118 0.8313577771186829
vn -0.5257045030593872 0.14903514087200165 0.8375102281570435
vn -0.3473099172115326 0.3202194571495056 0.8813825845718384
vn -0.344465970993042 0.11945713311433792 0.9311676025390625
vn -0.2845030128955841 0.09987396001815796 0.9534585475921631
vn -0.3529132008552551 0.19842593371868134 0.9143736958503723
vn 0.18881160020828247 0.8647937178611755 -0.465276300907135
vn -0.2334297001361847 0.7042617797851562 0.670466959476471
vn 0.5354986786842346 0.6754898428916931 0.5069071054458618
vn 0.600496768951416 0.3470052480697632 -0.7204102873802185
vn -0.03885938227176666 0.7807251214981079 -0.6236653327941895
vn -0.3771805763244629 0.746821403503418 0.5477159023284912
vn 0.304819256067276 0.2987547814846039 -0.9043400287628174
vn -0.48353174328804016 0.39974740147590637 -0.7787162661552429
vn -0.9222932457923889 0.3860523998737335 0.01840437948703766
vn -0.6150079965591431 0.7883679270744324 -0.015529760159552097
vn -0.11092008650302887 0.6797481179237366 -0.7250097990036011
vn -0.20804110169410706 0.13249997794628143 -0.9691041111946106
vn -0.8403058648109436 0.006449516396969557 -0.5420742630958557
vn 0.09211717545986176 0.2954273223876953 -0.9509137868881226
vn 0.2395399957895279 -0.9642016291618347 0.11373544484376907
vn 0.1781541258096695 -0.9399716854095459 -0.2910574972629547
vn -0.4257732331752777 -0.6782113909721375 0.5989543795585632
vn -0.10236935317516327 -0.6903769969940186 0.7161703705787659
vn -0.0417914055287838 -0.9163205027580261 -0.3982589840888977
vn 0.31579887866973877 -0.9134746789932251 -0.25658345222473145
vn 0.46549519896507263 0.3803171217441559 0.7991701364517212
vn 0.5775485634803772 0.35823187232017517 0.733558177947998
vn 0.44552257657051086 0.8613143563270569 -0.24422749876976013
vn 0.33959099650382996 0.3569660484790802 0.8702029585838318
vn 0.4466361999511719 0.36979570984840393 0.8147191405296326
vn 0.11250855028629303 0.8214269876480103 0.5591059327125549
vn 0.8455450534820557 -0.39211663603782654 0.3623508810997009
vn 0.68756502866745 0.7029005289077759 0.18216805160045624
vn 0.926435112953186 0.34846431016921997 0.14244526624679565
vn 0.7375069260597229 0.16790345311164856 0.6541345119476318
vn 0.6562184691429138 0.4434359073638916 0.610525906085968
vn 0.931225597858429 -0.10846897214651108 0.347927063703537
vn 0.7550861239433289 -0.20020650327205658 0.6243094801902771
vn 0.9779669642448425 0.029735730960965157 0.20663124322891235
vn -0.439793199300766 0.17696742713451385 0.8804909586906433
vn 0.39506855607032776 -0.013137785717844963 0.9185576438903809
vn -0.9015864133834839 0.29031941294670105 0.32071250677108765
vn 0.403818815946579 -0.3246513307094574 -0.8552963733673096
vn 0.33226826786994934 -0.30183976888656616 -0.8935829401016235
vn 0.4612727463245392 -0.48964038491249084 -0.7399187684059143
vn 0.37853559851646423 -0.41260817646980286 -0.8285319805145264
vn 0.3057363033294678 -0.47270306944847107 -0.8264848589897156
vn 0.45984509587287903 0.8871486783027649 0.0388554148375988
vn 0.9630253314971924 0.17816264927387238 -0.20208965241909027
vn 0.9388872981071472 0.14131984114646912 0.3138778805732727
vn 0.39252540469169617 0.8247166275978088 0.40714403986930847
vn -0.12472239136695862 0.9764459729194641 -0.17606140673160553
vn -0.22917748987674713 0.9515731334686279 -0.20490530133247375
vn 0.2185535430908203 0.8960596323013306 -0.3864084482192993
vn 0.8262569308280945 0.154637411236763 -0.5416517853736877
vn -0.17219223082065582 0.9580605030059814 0.22906292974948883
vn -0.3636835813522339 0.1493680775165558 0.9194691181182861
vn -0.26147541403770447 0.13155217468738556 0.9562031626701355
vn -0.7980867624282837 -0.2190646082162857 0.5613093972206116
vn -0.36528125405311584 -0.3517471253871918 0.8618837594985962
vn -0.602203369140625 -0.7647771239280701 0.2290571630001068
vn -0.8104437589645386 -0.5535381436347961 -0.19177159667015076
vn -0.849918007850647 0.013371233828365803 0.5267452597618103
vn -0.846673309803009 -0.048693906515836716 0.5298804640769958
vn -0.7088740468025208 -0.07084875553846359 0.7017678618431091
vn -0.4478245973587036 -0.1726900339126587 0.8772862553596497
vn -0.98273766040802 -0.13885122537612915 0.12225841730833054
vn -0.8984752297401428 -0.0491795688867569 0.4362609088420868
vn -0.9387904405593872 -0.29417529702186584 -0.1792578250169754
vn 0.7090368270874023 -0.5480818748474121 0.4437040388584137
vn 0.8146874904632568 -0.5441172122955322 0.2005511373281479
vn -0.27788254618644714 -0.9604271054267883 0.019001193344593048
vn 0.17153948545455933 -0.5873326063156128 0.7909579873085022
vn -0.13689672946929932 -0.652526319026947 -0.7452976703643799
vn -0.9883282780647278 0.07074356824159622 -0.13491703569889069
vn -0.9655418992042542 -0.25116658210754395 0.06814887374639511
vn -0.7598198652267456 0.1709420531988144 -0.6272580623626709
vn -0.984554648399353 0.10360165685415268 -0.141133651137352
vn -0.8859878778457642 -0.20319262146949768 0.416819304227829
vn -0.8427164554595947 0.3355441093444824 -0.4209977984428406
vn 0.3387832045555115 -0.7164649367332458 -0.6098393201828003
vn 0.7028790712356567 -0.20624898374080658 -0.680751383304596
vn -0.48583465814590454 -0.874032199382782 -0.005685565527528524
vn -0.35904747247695923 0.11350252479314804 0.9263919591903687
vn -0.2785884141921997 0.02685707062482834 0.9600350260734558
vn -0.19886735081672668 0.7671641111373901 0.6098451018333435
vn -0.384640634059906 0.7006089687347412 0.6009981036186218
vn -0.30263516306877136 0.4597335159778595 0.8348994255065918
vn -0.7654954195022583 0.6246061325073242 -0.15454421937465668
vn -0.38465696573257446 0.8820178508758545 -0.2721829414367676
vn -0.6903090476989746 0.6894566416740417 0.21936941146850586
vn -0.44880297780036926 0.6926939487457275 -0.5645803213119507
vn -0.3862955570220947 0.400237113237381 -0.8310149908065796
vn -0.0746694877743721 0.5673797726631165 -0.8200639486312866
vn -0.4658619165420532 0.4517778754234314 0.7608347535133362
vn -0.7782047986984253 0.31534597277641296 0.5430967211723328
vn -0.07025177776813507 0.9974690079689026 -0.010971250012516975
vn -0.03644733130931854 0.999330461025238 0.0031961025670170784
vn -0.08463644236326218 0.9953882694244385 -0.045152902603149414
vn -0.10058631002902985 0.9929704666137695 -0.06238573417067528
vn -0.04247976094484329 0.9990927577018738 -0.003011476481333375
vn 0.004258549306541681 0.9992547035217285 0.038364142179489136
vn 0.021841300651431084 0.997430682182312 0.06822758913040161
vn -0.16442865133285522 -0.9780436158180237 -0.12803880870342255
vn -0.15160977840423584 -0.9284727573394775 -0.33904701471328735
vn -0.03327152878046036 -0.9946674108505249 0.09762025624513626
vn -0.10526867210865021 -0.9915333390235901 0.0760270431637764
vn -0.6584416627883911 -0.38450220227241516 -0.6470028758049011
vn -0.2966928780078888 -0.6117480993270874 -0.7333059310913086
vn -0.6318364143371582 -0.7690909504890442 -0.096342533826828
vn -0.790195882320404 0.1033843383193016 0.604071319103241
vn -0.7127391695976257 -0.18925638496875763 0.6754145622253418
vn -0.2891388237476349 0.010315198451280594 0.9572315216064453
vn -0.4810533821582794 0.34256434440612793 0.8069927096366882
vn -0.956304132938385 0.21458308398723602 0.19858606159687042
vn -0.9518938660621643 -0.298015832901001 0.07130666077136993
vn -0.6118379235267639 0.6968434453010559 0.374250590801239
vn 0.10079512000083923 0.6039157509803772 0.7906491160392761
vn 0.05901316925883293 -0.20966266095638275 -0.9759913086891174
vn -0.4533698856830597 -0.7434340715408325 0.49169260263442993
vn -0.22440677881240845 -0.39620885252952576 0.8903146386146545
vn -0.175188809633255 -0.4807072877883911 0.8592028617858887
vn 0.44682836532592773 -0.7482826709747314 0.4903238117694855
vn -0.48962077498435974 -0.8403900861740112 0.23241347074508667
vn -0.9036291837692261 0.16472911834716797 -0.39537158608436584
vn -0.8666188716888428 0.03232830390334129 -0.4979223608970642
vn -0.7060262560844421 0.12923341989517212 -0.6962941288948059
vn -0.6073275804519653 0.2081518918275833 0.7666980624198914
vn -0.7493093013763428 -0.6619021892547607 0.020518312230706215
vn -0.6817363500595093 -0.4335560202598572 -0.5892918705940247
vn -0.9723463654518127 -0.19066964089870453 -0.13486100733280182
vn -0.9388046860694885 -0.19489455223083496 0.28401026129722595
vn -0.6292571425437927 -0.7717623114585876 -0.09175248444080353
vn -0.8492607474327087 -0.49487289786338806 -0.1840030401945114
vn -0.6395975351333618 -0.45961257815361023 -0.6161746978759766
vn -0.23033684492111206 -0.9724528193473816 -0.03578181564807892
vn -0.9564327001571655 -0.2676406502723694 0.11663991212844849
vn -0.15109536051750183 -0.9881568551063538 0.02676086127758026
vn -0.559657096862793 0.08339294046163559 -0.8245178461074829
vn -0.8985512852668762 0.11849470436573029 -0.42256882786750793
vn -0.9904459118843079 0.12868639826774597 -0.04956541955471039
vn 0.6393640041351318 0.656280517578125 -0.40063631534576416
vn -0.30391332507133484 0.8884718418121338 -0.34388184547424316
vn -0.14982646703720093 0.8240706324577332 -0.5463146567344666
vn 0.4762672483921051 0.7042993903160095 -0.5264331698417664
vn 0.902140200138092 -0.030846692621707916 -0.43033888936042786
vn 0.9350531101226807 0.17667151987552643 -0.3073481321334839
vn 0.5589970946311951 0.7857629656791687 -0.2647620439529419
vn 0.596172034740448 0.5550937056541443 -0.5800430774688721
vn 0.7229013442993164 0.1446315050125122 -0.6756443977355957
vn 0.4655103087425232 0.6660505533218384 -0.5828180909156799
vn -0.7781980633735657 -0.6260333061218262 -0.04989941418170929
vn -0.6675651669502258 -0.49070313572883606 0.5599707961082458
vn -0.8277938365936279 -0.5416678190231323 0.14612804353237152
vn -0.6208471059799194 -0.7584500908851624 0.1982484608888626
vn -0.8144646286964417 -0.5797855854034424 -0.022269632667303085
vn -0.7399575710296631 -0.5432192087173462 -0.3967059552669525
vn -0.8012138605117798 -0.5188300013542175 -0.2981139123439789
vn -0.9405691027641296 -0.30429351329803467 -0.1507825255393982
vn -0.6172174215316772 -0.40084779262542725 0.6770256757736206
vn -0.4459512233734131 0.13222360610961914 0.885236918926239
vn -0.5963777899742126 0.3272029757499695 0.7329881191253662
vn -0.4369089901447296 -0.018459580838680267 0.8993163108825684
vn -0.6816799640655518 0.13828548789024353 0.7184633612632751
vn -0.20435400307178497 0.09935113787651062 0.9738422632217407
vn -0.2186344563961029 -0.048546064645051956 0.9745985269546509
vn -0.44662177562713623 0.85009765625 0.27903950214385986
vn -0.024286361411213875 0.9966866970062256 0.07762644439935684
vn 0.1926078498363495 0.9768421053886414 -0.09317579865455627
vn -0.2461499571800232 0.809687614440918 -0.5327441692352295
vn 0.8378093242645264 -0.2149021178483963 -0.5018889904022217
vn 0.7732656002044678 -0.0911538153886795 -0.6274960041046143
vn 0.7777813076972961 -0.23523743450641632 -0.582854688167572
vn 0.8360024094581604 -0.5134907960891724 -0.1934608668088913
vn 0.901529848575592 -0.43262457847595215 -0.008945048786699772
vn 0.8382166028022766 -0.15048950910568237 -0.5241620540618896
vn 0.8381701707839966 -0.0911254808306694 -0.5377424359321594
vn 0.9230055212974548 -0.31663215160369873 -0.2186431884765625
vn 0.8747826814651489 -0.33682459592819214 -0.34828776121139526
vn 0.7713302373886108 -0.32875871658325195 -0.5449471473693848
vn -0.8943077325820923 0.1388895958662033 -0.4253509044647217
vn -0.9465395212173462 0.08864636719226837 -0.3101688623428345
vn -0.6792187690734863 -0.051478512585163116 -0.7321283221244812
vn -0.8293567299842834 0.07445087283849716 -0.5537368059158325
vn -0.39591798186302185 -0.1665039360523224 -0.9030645489692688
vn -0.8191856741905212 -0.31613415479660034 0.47853320837020874
vn -0.8814135789871216 -0.46626317501068115 0.07555609941482544
vn -0.9282587766647339 -0.3459511399269104 -0.13657745718955994
vn -0.11169689893722534 -0.9852293133735657 0.12979578971862793
vn -0.11007875204086304 -0.9892770051956177 0.09598807990550995
vn -0.14898927509784698 -0.9543344974517822 0.25893592834472656
vn -0.15065854787826538 -0.9647051095962524 0.21597695350646973
vn -0.06902487576007843 -0.9974274039268494 0.01934156008064747
vn -0.060445792973041534 -0.9981701374053955 -0.0016098034102469683
vn -0.12923839688301086 -0.9879926443099976 0.08466397225856781
vn 0.008250259794294834 0.9999659061431885 -0.00016349674842786044
vn 0.011199813336133957 0.9998787045478821 0.010819814167916775
vn 0.006104477681219578 0.9998216032981873 0.017876705154776573
vn -0.014801857993006706 0.9981650710105896 0.05871570482850075
vn 0.07836385816335678 0.9968864321708679 0.008751624263823032
vn 0.05898008495569229 0.9982585310935974 0.0010725054889917374
vn 0.007188574410974979 0.999316394329071 0.03626304864883423
vn 0.04294276982545853 0.04030388966202736 0.9982642531394958
vn -0.10647064447402954 0.05338383466005325 0.9928818941116333
vn 0.016318684443831444 0.07218487560749054 0.9972578287124634
vn -0.003587842220440507 0.0951438769698143 0.995457112789154
vn 0.047275688499212265 0.14215992391109467 0.9887141585350037
vn -0.21537651121616364 0.2605879306793213 0.9411199688911438
vn -0.48546791076660156 0.14071542024612427 0.8628557920455933
vn 0.6266372799873352 -0.4731598198413849 -0.6192298531532288
vn 0.9676123261451721 -0.21094262599945068 -0.13867057859897614
vn 0.8999202251434326 -0.3162763714790344 -0.30018818378448486
vn 0.39469027519226074 -0.5534792542457581 -0.7334032654762268
vn 0.35994797945022583 -0.6010848879814148 -0.7135365605354309
vn 0.5152449607849121 -0.5706163644790649 -0.639468252658844
vn 0.06221986934542656 -0.08482725918292999 0.994451105594635
vn 0.21859516203403473 -0.39095377922058105 0.8940756916999817
vn 0.015895962715148926 -0.47230079770088196 0.8812941312789917
vn -0.2437088042497635 0.06597263365983963 0.967602014541626
vn 0.39352378249168396 0.5104610323905945 -0.764570951461792
vn 0.07714121788740158 0.9969947934150696 0.007115163374692202
vn 0.12100230157375336 0.5622419118881226 -0.8180723786354065
vn 0.2026844620704651 0.5527520179748535 -0.8083218932151794
vn 0.43529900908470154 0.6071400046348572 -0.6647524833679199
vn 0.3447372019290924 0.5841451287269592 -0.7347998023033142
vn 0.43273988366127014 0.4318777918815613 -0.7913391590118408
vn -0.10819714516401291 -0.9857265949249268 -0.12898235023021698
vn -0.06440114229917526 -0.9950855374336243 -0.07521456480026245
vn -0.06795093417167664 -0.9934091567993164 -0.09230894595384598
vn -0.06195690482854843 -0.9935249090194702 -0.09523402899503708
vn -0.1359894722700119 -0.9790372848510742 -0.15163375437259674
vn -0.16742393374443054 -0.9781948924064636 -0.12289898097515106
vn -0.10730563849210739 -0.9937083721160889 -0.0320819690823555
vn -0.15310145914554596 -0.024903031066060066 -0.9878966808319092
vn -0.00585149833932519 -0.03884311020374298 -0.9992281198501587
vn -0.12988890707492828 -0.06098904088139534 -0.9896510243415833
vn -0.21508997678756714 -0.16484230756759644 -0.9625815153121948
vn -0.16399364173412323 0.003083805786445737 -0.986456573009491
vn -0.015761319547891617 -0.0740329697728157 -0.9971312880516052
vn -0.11981652677059174 0.1471879780292511 -0.9818246364593506
vn -0.261481374502182 0.16304846107959747 -0.9513373374938965
vn 0.746583878993988 -0.3583047091960907 0.5605624318122864
vn 0.8048524856567383 -0.5553391575813293 0.20931047201156616
vn 0.5944556593894958 -0.7104460597038269 0.37668147683143616
vn 0.38758641481399536 -0.4645155668258667 0.7962424159049988
vn 0.23632559180259705 -0.4050235152244568 0.8832361102104187
vn 0.6351093053817749 -0.30664610862731934 0.7089458107948303
vn 0.9479467272758484 -0.21480511128902435 0.23506560921669006
vn 0.9460977911949158 -0.30246466398239136 0.11581968516111374
vn 0.8974784016609192 -0.2663574516773224 0.35154837369918823
vn 0.9363952875137329 -0.2027067095041275 0.2864855229854584
vn 0.9162079095840454 -0.27436691522598267 0.2920377254486084
vn 0.8771317005157471 -0.1599971354007721 0.4528144598007202
vn 0.8451764583587646 -0.0559740848839283 0.5315482020378113
vn 0.9416213035583496 -0.06727192550897598 0.32988473773002625
vn 0.9798916578292847 -0.12767647206783295 0.15333284437656403
vn 0.9114095568656921 -0.40781304240226746 0.05496302247047424
vn 0.8781510591506958 -0.4550134837627411 0.14769409596920013
vn 0.8215349316596985 -0.12147600203752518 0.5570673942565918
vn 0.8069967031478882 -0.029447350651025772 0.5898213386535645
vn 0.7582815289497375 -0.15807363390922546 0.6324726939201355
vn 0.6111224293708801 -0.22614480555057526 0.7585432529449463
vn 0.13232582807540894 -0.25647449493408203 0.9574501514434814
vn -0.3936295211315155 -0.06106441468000412 0.9172387719154358
vn -0.38628822565078735 0.01047839131206274 0.9223186373710632
vn -0.7255614399909973 -0.001279291114769876 0.688156247138977
vn -0.7352383136749268 -0.006086118519306183 0.6777812838554382
vn -0.850090503692627 0.004088818095624447 0.5266208052635193
vn -0.8741356730461121 -0.008361097425222397 0.4856097996234894
vn -0.8680410385131836 0.12021569907665253 0.4817187786102295
vn -0.9599246382713318 -0.0030866896267980337 0.2802411913871765
vn -0.9662200808525085 0.10683395713567734 0.23453210294246674
vn -0.6859112977981567 0.6940819025039673 0.21857719123363495
vn -0.18283767998218536 0.9788201451301575 0.0920952707529068
vn -0.9879325032234192 0.120320163667202 -0.09753183275461197
vn -0.7561524510383606 0.6291388273239136 -0.18004946410655975
vn -0.020181452855467796 0.9997835159301758 -0.005061296746134758
vn 0.11989924311637878 0.9895138144493103 0.0805397778749466
vn 0.10630287975072861 0.9932082295417786 0.04729847609996796
vn -0.4649412930011749 0.8572695851325989 -0.22117529809474945
vn 0.2336924970149994 0.9717870950698853 0.0318998321890831
vn 0.27657294273376465 0.9467923641204834 0.16459569334983826
vn 0.09857173264026642 0.9740920662879944 0.20353925228118896
vn 0.0978197231888771 0.9874718189239502 0.12381748110055923
vn 0.0579424649477005 0.9941074252128601 0.09161404520273209
vn -0.08411940187215805 0.9958134293556213 -0.0357711985707283
vn -0.01709182746708393 0.9962186217308044 0.0851830542087555
vn 0.022823426872491837 0.9964475631713867 0.08106385916471481
vn -0.08748257905244827 0.9961482882499695 -0.0059523805975914
vn -0.056319255381822586 0.9983922243118286 0.006410073023289442
vn -0.07902855426073074 0.7873182892799377 0.6114608645439148
vn 0.2999333143234253 0.7539784908294678 0.5844283699989319
vn 0.5356550216674805 0.7934404611587524 0.28900864720344543
vn -0.01675950363278389 0.9998376965522766 0.006609883159399033
vn 0.015314776450395584 0.07594519853591919 0.9969943165779114
vn 0.47038912773132324 -0.16417932510375977 0.8670520186424255
vn 0.8434021472930908 -0.17043566703796387 0.5095335245132446
vn 0.9989235997200012 -0.04637455567717552 -0.001102267182432115
vn 0.8273928165435791 0.5555011034011841 0.08270085602998734
vn 0.5316951274871826 -0.3738570213317871 0.7599547505378723
vn 0.7665496468544006 -0.35544124245643616 0.5348488688468933
vn 0.9425684809684753 -0.3303186595439911 0.049538325518369675
vn 0.7777675986289978 -0.3733760714530945 -0.5056361556053162
vn 0.8932982683181763 -0.1604464203119278 -0.4198514223098755
vn 0.8336251974105835 -0.25723761320114136 0.4887717366218567
vn 0.9651759266853333 -0.2371334582567215 0.11046843975782394
vn 0.8456020355224609 -0.25044193863868713 -0.47141924500465393
vn 0.48037856817245483 -0.20246630907058716 -0.8533720374107361
vn 0.5321638584136963 -0.3245902359485626 -0.7819480895996094
vn 0.9858473539352417 -0.16699621081352234 -0.014735945500433445
vn 0.8969928622245789 -0.1345796436071396 -0.42106056213378906
vn 0.5497360229492188 -0.07180638611316681 -0.8322464227676392
vn 0.10673019289970398 -0.059722382575273514 -0.9924927353858948
vn 0.0904095247387886 -0.18461881577968597 -0.9786429405212402
vn 0.8717037439346313 0.0028003654442727566 -0.4900251626968384
vn 0.61939537525177 0.05713530257344246 -0.7829974889755249
vn 0.14245134592056274 0.10811302810907364 -0.9838796854019165
vn 0.5345290899276733 0.1770184338092804 -0.8264037370681763
vn 0.20826859772205353 0.24114878475666046 -0.9478774070739746
vn -0.11470336467027664 0.26139339804649353 -0.9583927392959595
vn -0.3479011058807373 0.22255724668502808 -0.9107321500778198
vn 0.11356352269649506 0.21048879623413086 -0.970977783203125
vn -0.10627932101488113 0.22659701108932495 -0.9681727290153503
vn -0.39963430166244507 0.1885620802640915 -0.8970711827278137
vn -0.6761130094528198 0.11653615534305573 -0.7275235652923584
vn -0.6486942172050476 0.0951259657740593 -0.7550807595252991
vn -0.12741930782794952 -0.2597735524177551 -0.9572261571884155
vn 0.20271103084087372 -0.03067314624786377 -0.9787581562995911
vn 0.059405192732810974 -0.7008478045463562 -0.7108327746391296
vn -0.15209101140499115 -0.95127272605896 -0.2682322561740875
vn -0.10245935618877411 -0.9926268458366394 0.06476115435361862
vn -0.06096052750945091 -0.9738239645957947 0.2189760059118271
vn -0.036426424980163574 -0.9748814702033997 0.2197248935699463
vn 0.077694833278656 -0.9848632216453552 0.15494494140148163
vn -0.10039183497428894 -0.994320273399353 0.035336144268512726
vn -0.04724138602614403 -0.9945946931838989 0.0924646258354187
vn 0.08543560653924942 -0.9949996471405029 0.05173369124531746
vn 0.06893908977508545 -0.9975875020027161 0.008155586197972298
vn -0.6404581665992737 -0.7678513526916504 -0.014761102385818958
vn -0.4260011613368988 -0.9044845700263977 -0.020750049501657486
vn 0.06593409925699234 -0.9963442087173462 -0.05432163551449776
vn 0.05481193587183952 -0.9977315664291382 -0.03908209502696991
vn -0.6447495818138123 -0.7452080249786377 0.17018499970436096
vn -0.9583514332771301 0.030507443472743034 0.28395748138427734
vn -0.9738943576812744 -0.1099541112780571 0.19859492778778076
vn -0.1388796716928482 -0.9903092980384827 -0.0001443834917154163
vn -0.6785173416137695 -0.7345819473266602 0.0018781503895297647
vn -0.9993587136268616 0.00936670508235693 -0.03455866500735283
vn -0.9957932829856873 0.08915883302688599 -0.021129552274942398
vn -0.9585481882095337 0.13995344936847687 0.248190239071846
vn -0.7482160925865173 -0.6214737892150879 -0.23225612938404083
vn -0.9371848702430725 -0.051769983023405075 -0.34497010707855225
vn -0.9349566698074341 0.14166687428951263 -0.32524818181991577
vn -0.9341052174568176 0.16889089345932007 -0.3145207464694977
vn -0.9918962717056274 0.08847392350435257 -0.0911828801035881
vn -0.9487391114234924 -0.2446732372045517 -0.20007263123989105
vn -0.8015291094779968 -0.5651692152023315 0.19528135657310486
vn -0.509428858757019 -0.7253163456916809 0.4630317687988281
vn -0.26543524861335754 -0.7279848456382751 0.6321251392364502
vn -0.11741922795772552 -0.9905755519866943 -0.07051833719015121
vn -0.11064130812883377 -0.9928944706916809 -0.0438067689538002
vn -0.0616939552128315 -0.9146249890327454 0.39956867694854736
vn -0.06897514313459396 -0.9783914089202881 -0.1949172466993332
vn -0.09562743455171585 -0.9949763417243958 -0.02962009608745575
vn 0.03443915396928787 -0.9949212074279785 0.09458199888467789
vn -0.04319585859775543 -0.9981798529624939 0.04208403453230858
vn 0.029811207205057144 -0.9994853138923645 -0.011843602173030376
vn 0.016853362321853638 -0.9998406767845154 -0.005864785984158516
vn -0.05320785194635391 -0.9984162449836731 -0.018277768045663834
vn -0.04563259705901146 -0.9979915022850037 -0.043938517570495605
vn -0.0897163450717926 -0.995533287525177 -0.02940264344215393
vn -0.061468664556741714 -0.9979850649833679 -0.015734907239675522
vn 0.0030919245909899473 -0.9988396167755127 0.04805935546755791
vn 0.02237292379140854 -0.9997486472129822 -0.0014388066483661532
vn 0.010168083943426609 -0.9990146160125732 -0.043203048408031464
vn 0.3465208411216736 -0.9380073547363281 -0.008088303729891777
vn 0.4688279926776886 -0.8651471138000488 0.17810331284999847
vn 0.285081148147583 -0.815248429775238 0.5040820837020874
vn -0.014318684116005898 -0.9998723864555359 -0.007066833786666393
vn 0.8007575273513794 -0.2863292992115021 0.526120662689209
vn 0.5301669836044312 -0.03712417557835579 0.8470802307128906
vn 0.057639747858047485 -0.057672902941703796 0.9966702461242676
vn 0.44423341751098633 0.27365779876708984 0.8530932664871216
vn 0.09875591099262238 0.31152859330177307 0.9450910687446594
vn 0.49244222044944763 0.24489685893058777 0.8351803421974182
vn 0.10500979423522949 0.24822993576526642 0.9629926085472107
vn 0.5394685864448547 0.09813906997442245 0.8362669944763184
vn 0.1501351147890091 0.11769420653581619 0.9816351532936096
vn -0.19725944101810455 0.1356194019317627 0.9709253907203674
vn 0.08961468935012817 -0.06570901721715927 0.9938066005706787
vn -0.19187265634536743 -0.037803832441568375 0.9806914329528809
vn -0.21367637813091278 -0.03592885658144951 0.9762436747550964
vn -0.10701926797628403 0.036995913833379745 0.9935684204101562
vn 0.09015703946352005 -0.0608806237578392 0.9940650463104248
vn -0.14693370461463928 -0.10429609566926956 0.9836323857307434
vn 0.030598919838666916 -0.07255467027425766 0.996894896030426
vn 0.18024827539920807 0.006168778985738754 0.9836018085479736
vn 0.37352460622787476 -0.03277478739619255 0.9270411133766174
vn 0.3996793031692505 0.2608259916305542 0.8787639737129211
vn 0.6134710311889648 0.04893791675567627 0.7881994247436523
vn 0.12620139122009277 0.27163636684417725 0.9540895223617554
vn 0.17254188656806946 0.4309752583503723 0.8857141733169556
vn 0.44240105152130127 0.6087424755096436 0.6585695743560791
vn 0.07567398995161057 0.6331921219825745 0.7702864408493042
vn 0.27310654520988464 0.6342312097549438 0.723300576210022
vn 0.514225423336029 0.46420884132385254 0.721167266368866
vn 0.32096004486083984 0.7562302350997925 0.5701758861541748
vn 0.6685677170753479 0.5273071527481079 0.5243704319000244
vn 0.07785143703222275 0.9049740433692932 0.4182835519313812
vn 0.09894518554210663 0.8399893641471863 -0.5335051417350769
vn -0.3595782220363617 0.7992333769798279 -0.48159074783325195
vn -0.30554842948913574 0.17890748381614685 -0.9352177977561951
vn -0.0680897980928421 0.8518621325492859 0.5193213820457458
vn 0.024251431226730347 0.484415739774704 0.8745017051696777
vn -0.09443581849336624 0.09105774015188217 0.9913578033447266
vn -0.26164790987968445 -0.18034668266773224 0.9481642842292786
vn -0.24578125774860382 -0.17529000341892242 0.9533441066741943
vn -0.21394363045692444 -0.16086605191230774 0.9635092616081238
vn 0.12440696358680725 -0.24051575362682343 0.9626396894454956
vn 0.0819639340043068 -0.2992197275161743 0.9506574273109436
vn 0.5107735991477966 -0.2505713701248169 0.8223893642425537
vn 0.47847482562065125 -0.05423921346664429 0.8764244914054871
vn 0.8334633708000183 -0.11354300379753113 0.5407835245132446
vn 0.8407099843025208 0.06775469332933426 0.5372300744056702
vn 0.9990029335021973 0.01151492353528738 0.04313477873802185
vn 0.8250144124031067 0.18536992371082306 0.5338438749313354
vn 0.9879451990127563 0.13179147243499756 0.08121034502983093
vn 0.8898047804832458 0.13958808779716492 -0.43446800112724304
vn 0.9889492988586426 0.14504922926425934 -0.030659079551696777
vn 0.9074675440788269 0.17607027292251587 -0.38144731521606445
vn 0.5847569108009338 0.21703334152698517 -0.781636655330658
vn 0.8827897906303406 -0.10254491865634918 -0.45843952894210815
vn 0.5869846940040588 -0.1935311108827591 -0.7861263155937195
vn 0.5302630662918091 -0.8218293190002441 -0.20836912095546722
vn 0.24539102613925934 -0.9270806908607483 -0.2833807170391083
vn -0.06447567045688629 -0.9874436259269714 0.14421454071998596
vn 0.9694939255714417 -0.24477529525756836 0.012909891083836555
vn 0.8286451697349548 0.22598357498645782 0.5121314525604248
vn -0.6295092701911926 0.05167236551642418 -0.7752728462219238
vn -0.262126624584198 0.036086685955524445 -0.9643585681915283
vn -0.6516374945640564 0.03506600484251976 -0.7577195167541504
vn -0.2795548141002655 -0.060532234609127045 -0.9582196474075317
vn 0.32759740948677063 -0.254097580909729 -0.910007894039154
vn 0.1703621745109558 -0.6316472291946411 -0.7563058137893677
vn 0.6680691838264465 -0.6353227496147156 -0.38736093044281006
vn 0.7106658220291138 -0.2544748783111572 -0.6558936834335327
vn -0.8204250335693359 0.010211730375885963 -0.5716629028320312
vn -0.8251326084136963 0.06180940940976143 -0.5615476965904236
vn -0.9348239898681641 -0.02262026257812977 -0.3543902337551117
vn -0.9645657539367676 0.08004271984100342 -0.25140804052352905
vn -0.9480295181274414 0.14279791712760925 -0.2843393385410309
vn -0.9919093251228333 0.11893627792596817 0.044386666268110275
vn -0.9969887733459473 0.07402702420949936 0.023093754425644875
vn -0.968741238117218 0.030197102576494217 0.24622876942157745
vn -0.956846296787262 0.021058226004242897 0.28983035683631897
vn -0.959938645362854 0.06460554897785187 0.27266108989715576
vn -0.9560231566429138 0.038880009204149246 0.2907029092311859
vn -0.9989010691642761 -0.04683149605989456 0.0018505413318052888
vn -0.9827095866203308 -0.1808713674545288 -0.039591286331415176
vn -0.922357976436615 -0.04459678754210472 -0.38375356793403625
vn -0.8820928931236267 -0.018739003688097 -0.47070252895355225
vn -0.5326615571975708 -0.06918881088495255 -0.8434954285621643
vn -0.36482518911361694 -0.3060564398765564 -0.8793361783027649
vn -0.25073307752609253 -0.4964439868927002 -0.8310693502426147
vn 0.1283177137374878 -0.19376283884048462 -0.97262042760849
vn 0.31007587909698486 -0.2914135754108429 -0.9049480557441711
vn 0.3662591278553009 0.03426365554332733 -0.9298818707466125
vn 0.15846921503543854 0.005769032519310713 -0.9873470664024353
vn 0.27759847044944763 0.20318932831287384 -0.9389638900756836
vn -0.0018355754436925054 0.1296071857213974 -0.9915636777877808
vn 0.09883178770542145 0.42106881737709045 -0.9016281962394714
vn -0.15044529736042023 0.3008404076099396 -0.9417330622673035
vn -0.31631895899772644 -0.031117120757699013 -0.948142409324646
vn -0.48493754863739014 0.23861145973205566 -0.8413680791854858
vn -0.31605765223503113 -0.0032820357009768486 -0.9487343430519104
vn -0.1875849962234497 -0.26637184619903564 -0.9454405903816223
vn 0.015438559465110302 -0.029283853247761726 -0.9994518756866455
vn 0.16754531860351562 -0.3111262917518616 -0.9354833364486694
vn 0.5106092095375061 -0.11914728581905365 -0.8515176177024841
vn 0.08725879341363907 0.5858117341995239 -0.8057359457015991
vn 0.2978089153766632 0.7872816324234009 -0.5399051308631897
vn 0.63593989610672 0.711119532585144 -0.29981592297554016
vn 0.027089890092611313 0.9995865225791931 0.009645393118262291
vn 0.07451526820659637 0.9971089959144592 0.014869055710732937
vn 0.0531173013150692 0.9985280632972717 -0.010963506065309048
vn -0.0204093549400568 0.998090386390686 0.05830041319131851
vn -0.03786821290850639 0.9951784610748291 0.09047635644674301
vn -0.019924497231841087 0.9991588592529297 0.03584175184369087
vn -0.02705305628478527 0.9956898093223572 -0.08871226012706757
vn -0.2095307856798172 0.7378672361373901 -0.641598641872406
vn 0.4217512011528015 0.4350399971008301 -0.7955288887023926
vn 0.5424985885620117 -0.05925210192799568 -0.8379644155502319
vn 0.4731433689594269 -0.35198044776916504 -0.8076170086860657
vn 0.7163610458374023 -0.28879061341285706 -0.635158896446228
vn 0.8709121942520142 -0.2823299169540405 -0.4022460877895355
vn 0.6375879645347595 -0.6792551875114441 -0.36344727873802185
vn 0.6712583303451538 -0.7156540751457214 -0.19300654530525208
vn 0.9226985573768616 -0.3010053038597107 -0.24088022112846375
vn 0.6564667224884033 -0.7306817173957825 -0.18749810755252838
vn -0.659439742565155 -0.740735650062561 0.1282564252614975
vn -0.9792824387550354 -0.07606085389852524 0.18767137825489044
vn -0.9443879127502441 0.03886968642473221 0.3265281617641449
vn -0.9995723962783813 0.028740085661411285 0.005383482668548822
vn -0.9997129440307617 -0.00969414971768856 -0.021909400820732117
vn -0.9434976577758789 -0.03663167729973793 -0.32934829592704773
vn -0.9232110977172852 0.21203899383544922 -0.32050082087516785
vn 0.010244656354188919 -0.9992707967758179 0.036782655864953995
vn 0.06399445980787277 0.9962518811225891 0.05819779634475708
vn 0.14706094563007355 0.9890570044517517 0.011805173940956593
vn 0.11703169345855713 0.9889309406280518 -0.09121003746986389
vn 0.7827360033988953 0.049529679119586945 0.6203799247741699
vn 0.8239670991897583 0.054222311824560165 0.5640373826026917
vn 0.07271607220172882 0.7934863567352295 0.6042282581329346
vn 0.03267606347799301 0.653425395488739 0.7562853693962097
vn -0.6632971167564392 0.6272597908973694 0.4081448018550873
vn -0.5258331298828125 0.84677654504776 0.08042925596237183
vn -0.5592145323753357 0.5107626914978027 0.6529935598373413
vn -0.6171713471412659 0.47975772619247437 0.6236442923545837
vn -0.6718484163284302 0.5781822204589844 0.4629523754119873
vn -0.9226189851760864 0.274920791387558 0.27054157853126526
vn -0.7169360518455505 0.6874538064002991 -0.11580033600330353
vn -0.8730961084365845 0.2912946045398712 0.39096105098724365
vn -0.9630028009414673 -0.00012725172564387321 -0.2694912552833557
vn -0.4737849533557892 -0.31680214405059814 -0.8216837048530579
vn -0.231958270072937 -0.47215235233306885 -0.8504513502120972
vn -0.045425329357385635 -0.347910076379776 -0.9364267587661743
vn 0.34625935554504395 -0.45936957001686096 -0.817975640296936
vn 0.4844527542591095 -0.10384422540664673 -0.8686321973800659
vn 0.04965445399284363 0.06882921606302261 -0.9963919520378113
vn 0.12927739322185516 -0.709405779838562 -0.6928424835205078
vn 0.6523330807685852 -0.6986905336380005 -0.2937566936016083
vn 0.7346485257148743 -0.502600908279419 -0.45572346448898315
vn 0.9232947826385498 -0.16961772739887238 -0.3446107506752014
vn 0.9649298191070557 -0.05047054961323738 -0.25761035084724426
vn 0.4786645174026489 0.0690319761633873 -0.8752799034118652
vn 0.9305015802383423 -0.09700211137533188 -0.3532102108001709
vn 0.36411046981811523 0.08088205754756927 -0.927837073802948
vn 0.13841493427753448 0.1191311851143837 -0.9831831455230713
vn -0.010095193982124329 0.1974487006664276 -0.9802612662315369
vn -0.3761606812477112 0.2891085147857666 -0.8802950978279114
vn 0.8306984305381775 -0.08792868256568909 -0.5497350096702576
vn -0.6591790318489075 0.5548183917999268 -0.5076017379760742
vn -0.5968714356422424 0.45300400257110596 -0.6622174382209778
vn -0.3769691586494446 0.2503836452960968 -0.8917410969734192
vn -0.46232637763023376 0.39146843552589417 -0.7956172227859497
vn -0.23614005744457245 0.3409408926963806 -0.9099435806274414
vn -0.15739259123802185 0.22076719999313354 -0.962543249130249
vn -0.13205404579639435 0.29049018025398254 -0.9477221369743347
vn -0.08402513712644577 0.24385134875774384 -0.9661657810211182
vn -0.24373216927051544 0.5566737055778503 -0.794171929359436
vn -0.08108829706907272 0.32590731978416443 -0.9419178366661072
vn -0.16032814979553223 0.5752542018890381 -0.8021082282066345
vn -0.32534998655319214 0.9442753195762634 0.049914855509996414
vn -0.3390219509601593 0.6815028786659241 0.6485506892204285
vn -0.09323152899742126 0.17592138051986694 0.9799793362617493
vn -0.1829771250486374 0.17239931225776672 0.9678831696510315
vn -0.2863655388355255 0.9425247311592102 0.17216801643371582
vn -0.7418869733810425 0.6693911552429199 0.03897620365023613
vn -0.9464751482009888 0.32204437255859375 0.02173306979238987
vn -0.9911401867866516 0.13153311610221863 0.018443649634718895
vn -0.6661683320999146 0.08351664990186691 0.7411105036735535
vn -0.5482680201530457 0.1714886873960495 -0.8185315728187561
vn -0.9872133135795593 0.111941859126091 -0.11348460614681244
vn 0.01695406623184681 0.1130252480506897 -0.993447482585907
vn 0.07164356857538223 0.1088164672255516 -0.9914767146110535
vn -0.027810458093881607 0.24886095523834229 -0.9681398272514343
vn -0.014928331598639488 0.13029745221138 -0.9913625121116638
vn -0.014011967927217484 -0.04989819601178169 -0.9986560344696045
vn 0.017109230160713196 -0.32357531785964966 -0.9460476636886597
vn -0.15141251683235168 0.22652006149291992 -0.9621657729148865
vn -0.20414353907108307 0.08903447538614273 -0.9748836755752563
vn -0.1684867888689041 -0.4991743564605713 -0.8499630093574524
vn 0.3142716586589813 -0.7343397736549377 -0.6016464829444885
vn -0.32622024416923523 0.14786548912525177 -0.9336574673652649
vn -0.24810166656970978 0.3180645704269409 -0.915030300617218
vn -0.4415585398674011 0.36921632289886475 -0.8177440762519836
vn -0.47038111090660095 0.14907696843147278 -0.8697802424430847
vn 0.29568150639533997 -0.8845274448394775 0.3608098030090332
vn 0.5560452938079834 -0.7898464798927307 0.2587589621543884
vn 0.7146867513656616 -0.6982449293136597 0.04094830900430679
vn -0.6501040458679199 0.09700468927621841 0.7536277174949646
vn 0.992586612701416 -0.06046286225318909 -0.10543256998062134
vn 0.955251157283783 -0.10420303046703339 -0.2768338918685913
vn 0.927746593952179 -0.2327793389558792 -0.2917192578315735
vn 0.7240604162216187 -0.5889036059379578 -0.35906705260276794
vn 0.5187853574752808 -0.7649831771850586 -0.3816574811935425
vn 0.4973589777946472 -0.792509138584137 -0.3529354929924011
vn 0.20360666513442993 -0.6399407386779785 -0.7409590482711792
vn -0.40134331583976746 -0.7502004504203796 -0.5254738330841064
vn 0.2827104330062866 -0.5614712834358215 -0.7777048349380493
vn -0.2938413619995117 -0.6047470569610596 -0.740228533744812
vn -0.05536527931690216 -0.5675174593925476 -0.8214977979660034
vn -0.6714282035827637 -0.602266788482666 -0.4318089783191681
vn -0.5549927949905396 -0.24303455650806427 0.7955610156059265
vn 0.8502866625785828 -0.045556891709566116 -0.5243445038795471
vn 0.6693158745765686 0.22320468723773956 -0.7086578607559204
vn 0.7478135824203491 -0.034005917608737946 -0.6630373597145081
vn -0.023542538285255432 0.8828635811805725 -0.46903911232948303
vn -0.3206508755683899 0.6027223467826843 -0.7306905388832092
vn -0.6048110127449036 0.5789863467216492 -0.5467892289161682
vn -0.5586782693862915 0.3841484487056732 -0.7350566983222961
vn -0.5058752298355103 0.8516092300415039 -0.13730265200138092
vn -0.5817612409591675 0.29077059030532837 -0.7596094608306885
vn -0.4452408254146576 0.16312924027442932 -0.8804256916046143
vn -0.3531576097011566 0.27644458413124084 -0.8937885761260986
vn -0.3367374837398529 0.18905967473983765 -0.9224231243133545
vn -0.27352091670036316 0.21629351377487183 -0.9372318387031555
vn -0.22640106081962585 0.11009740829467773 -0.9677919149398804
vn -0.617235004901886 -0.2909166216850281 -0.7310189008712769
vn -0.7035425901412964 -0.26097753643989563 -0.6609980463981628
vn -0.8270997405052185 -0.07003939896821976 -0.5576741695404053
vn -0.8360176682472229 0.20364885032176971 -0.5095111727714539
vn -0.9926586747169495 -0.10451114922761917 0.06087801977992058
vn -0.7335302829742432 -0.4567052125930786 0.5033425688743591
vn -0.6451850533485413 -0.1896386444568634 0.7401171922683716
vn -0.13792459666728973 -0.39645490050315857 0.907634437084198
vn -0.4578411877155304 -0.6926560997962952 0.5573229789733887
vn -0.684881865978241 0.17350777983665466 0.7076947093009949
vn -0.04918628931045532 -0.08944864571094513 0.99477618932724
vn 0.09687890857458115 -0.1923660784959793 0.9765294194221497
vn 0.04897342994809151 -0.04798552766442299 0.9976467490196228
vn 0.17121998965740204 -0.11462394148111343 0.9785423278808594
vn 0.1955232322216034 -0.07239039987325668 0.9780237078666687
vn 0.10429003834724426 -0.24441809952259064 0.9640454053878784
vn -0.03659768030047417 -0.016439061611890793 0.9991948008537292
vn 0.09268195927143097 -0.04936531186103821 0.9944713115692139
vn 0.11539518088102341 -0.00042358259088359773 0.993319571018219
vn 0.7643720507621765 -0.16711311042308807 0.622742772102356
vn 0.7646515369415283 -0.19999563694000244 0.6126253604888916
vn 0.06317010521888733 0.04615030810236931 0.996935248374939
vn 0.4955151379108429 -0.02413642592728138 0.8682639002799988
vn 0.055848777294158936 0.15916544198989868 0.9856709837913513
vn 0.23501285910606384 0.09391411393880844 0.9674445986747742
vn 0.942162036895752 -0.3321475088596344 -0.0448177196085453
vn 0.564276397228241 -0.5265684723854065 0.6358599066734314
vn -0.3179932236671448 -0.5233058929443359 0.7905892133712769
vn -0.5593895316123962 -0.5398269295692444 0.6290231943130493
vn 0.3009796142578125 0.47678130865097046 -0.8258878588676453
vn 0.3826221227645874 0.3873441219329834 -0.8387877345085144
vn 0.32954540848731995 0.37976938486099243 -0.8643928170204163
vn 0.3550037145614624 0.35818493366241455 -0.8635252714157104
vn 0.7206428050994873 0.34209269285202026 -0.6030311584472656
vn 0.5010775923728943 0.35851430892944336 0.7876476049423218
vn 0.14097778499126434 0.507189154624939 -0.8502260446548462
vn 0.17961359024047852 0.3923013508319855 -0.902130126953125
vn 0.11017828434705734 0.6137254238128662 -0.7817940711975098
vn -0.3209506869316101 0.935542643070221 -0.14748042821884155
vn -0.34378519654273987 0.9288832545280457 -0.13779564201831818
vn -0.37681859731674194 0.5637158155441284 0.7350049614906311
vn -0.300590455532074 0.3971727788448334 0.8671212196350098
vn -0.10446809232234955 0.07576106488704681 0.9916384220123291
vn -0.2178971767425537 0.09388890117406845 0.9714451432228088
vn -0.4736572206020355 0.37758803367614746 0.7956607341766357
vn -0.19627805054187775 -0.019424082711338997 0.9803559184074402
vn 0.11759036779403687 0.46173545718193054 -0.8791887760162354
vn -0.01719808578491211 0.2436925172805786 -0.9697000980377197
vn -0.060934800654649734 0.5237092971801758 -0.849714994430542
vn -0.250573068857193 0.2997681498527527 -0.9205173850059509
vn -0.2358122020959854 0.19518567621707916 -0.9519953727722168
vn -0.1741023063659668 0.10494858771562576 -0.9791190028190613
vn -0.42903080582618713 -0.20783960819244385 -0.8790535926818848
vn -0.7752223014831543 -0.3617624044418335 -0.5178401470184326
vn -0.6818245649337769 -0.7073741555213928 0.18637917935848236
vn -0.6864413619041443 -0.5133348703384399 0.5150587558746338
vn -0.6367028951644897 -0.2780090868473053 0.7192499041557312
vn -0.555432140827179 0.37160438299179077 -0.7439121603965759
vn 0.03870411217212677 0.7101281881332397 -0.7030078172683716
vn -0.8296737670898438 0.39858829975128174 -0.39085644483566284
vn -0.9114290475845337 0.4009844958782196 -0.09224121272563934
vn -0.5493201613426208 -0.133498877286911 0.8248790502548218
vn -0.22683359682559967 -0.02334490604698658 0.9736537337303162
vn -0.44777554273605347 0.24112114310264587 0.8610212802886963
vn 0.06666390597820282 0.4269767105579376 0.9018020033836365
vn -0.7966551780700684 0.3619394898414612 0.48408710956573486
vn -0.8902750015258789 0.3582524359226227 0.281186044216156
vn -0.29355666041374207 0.8955861926078796 0.334290087223053
vn -0.9320661425590515 0.348608136177063 0.098615363240242
vn -0.5939309597015381 0.7976506352424622 0.10487766563892365
vn 0.5841570496559143 0.8109458088874817 0.03357876464724541
vn 0.9787702560424805 0.19055165350437164 0.07549121230840683
vn 0.9643746018409729 -0.06959778815507889 0.2552209496498108
vn 0.985378086566925 -0.08591144531965256 0.14713698625564575
vn 0.8847457766532898 -0.4310091733932495 0.17735853791236877
vn 0.8387742042541504 -0.5262991189956665 0.13952477276325226
vn 0.7089021801948547 -0.6270745992660522 0.3228548467159271
vn 0.11407408863306046 -0.984810471534729 0.13090240955352783
vn -0.8936473727226257 -0.44870319962501526 -0.007736619096249342
vn -0.998123824596405 0.06117739528417587 -0.0024994465056806803
vn -0.9178526401519775 0.3968835175037384 0.005469956900924444
vn 0.5244598984718323 -0.6642913818359375 0.5325961709022522
vn -0.654181957244873 -0.7521549463272095 -0.07942823320627213
vn -0.5987265110015869 -0.7982795238494873 -0.06539320945739746
vn -0.6018620729446411 -0.7783840894699097 -0.1785505712032318
vn -0.503176748752594 -0.8298242092132568 -0.24125710129737854
vn -0.604362964630127 -0.771862804889679 0.19741684198379517
vn -0.5773488879203796 -0.8073523044586182 0.12186266481876373
vn -0.4098065197467804 -0.9114434719085693 -0.03646230325102806
vn 0.3646663427352905 0.9311047196388245 0.007905099540948868
vn 0.33887529373168945 0.9408313632011414 0.00020532817870844156
vn 0.32326269149780273 0.9462366104125977 -0.011728892102837563
vn 0.35945865511894226 0.9330482482910156 -0.014507006853818893
vn 0.3329492211341858 0.9391688108444214 0.08430109173059464
vn 0.3344476521015167 0.9403554797172546 0.06226051598787308
vn 0.4249770939350128 0.9044415950775146 0.03714732825756073
vn 0.42836636304855347 0.9011462330818176 0.06661515682935715
vn 0.36135852336883545 0.9323458075523376 -0.012303528375923634
vn 0.3409944474697113 0.9396457076072693 -0.028083359822630882
vn 0.36417561769485474 0.9311595559120178 -0.017830433323979378
vn 0.3877694606781006 0.9217546582221985 0.0018011932261288166
vn 0.3988846242427826 0.9168046712875366 -0.018980637192726135
vn 0.20260092616081238 0.08847105503082275 0.9752567410469055
vn 0.4447599947452545 -0.017474787309765816 0.8954792618751526
vn 0.31566962599754333 -0.11911384761333466 0.9413630962371826
vn 0.064637191593647 -0.1620926558971405 0.9846563339233398
vn 0.0007611174951307476 -0.0311872698366642 0.9995132088661194
vn 0.23211205005645752 0.12027845531702042 0.9652238488197327
vn -0.4117145538330078 -0.36383989453315735 0.8355307579040527
vn -0.12064608931541443 -0.06959081441164017 0.9902532696723938
vn -0.10648442059755325 -0.9934878945350647 0.040532369166612625
vn -0.24885453283786774 -0.9305151104927063 0.2687249779701233
vn -0.1785697489976883 -0.9550939798355103 -0.23644979298114777
vn -0.08148137480020523 -0.9959335923194885 0.03843287006020546
vn -0.15852399170398712 -0.9653413891792297 0.2073310762643814
vn -0.17253296077251434 -0.9622623920440674 -0.21043649315834045
vn -0.13558973371982574 -0.19789810478687286 0.9707995653152466
vn 0.007395266555249691 -0.2738127112388611 0.961754560470581
vn 0.01932509057223797 -0.02502543479204178 0.999500036239624
vn -0.2525516450405121 0.06187896057963371 0.9656027555465698
vn -0.22763516008853912 0.13538771867752075 0.9642885327339172
vn -0.4919463098049164 -0.8666455745697021 0.08315261453390121
vn -0.5026863217353821 -0.8622971773147583 0.061238471418619156
vn -0.45866283774375916 -0.8842723369598389 0.08769769966602325
vn -0.4627830982208252 -0.8820534348487854 0.08839364349842072
vn -0.5458421111106873 -0.7812615633010864 -0.30279821157455444
vn -0.2835496962070465 -0.7963417172431946 -0.5342652201652527
vn -0.45165592432022095 -0.889490008354187 0.06938597559928894
vn 0.15304727852344513 -0.010077702812850475 -0.9881674647331238
vn 0.19236351549625397 0.13928042352199554 -0.9713893532752991
vn -0.20419354736804962 0.18766847252845764 -0.9607734084129333
vn -0.28524813055992126 -0.24354757368564606 -0.9269940853118896
vn -0.2738058865070343 -0.4055701792240143 -0.8720912337303162
vn 0.30350059270858765 -0.01091724168509245 -0.9527686834335327
vn 0.17727258801460266 0.05725092068314552 -0.982495129108429
vn 0.02123165689408779 -0.12696795165538788 -0.9916795492172241
vn -0.47393983602523804 -0.8794492483139038 -0.0441572405397892
vn -0.4449993073940277 -0.8950663805007935 -0.0288409274071455
vn -0.49117714166641235 -0.8708893060684204 0.01722785457968712
vn -0.5561915040016174 -0.8294607996940613 0.05143623799085617
vn -0.5689834952354431 -0.8216879963874817 0.032963093370199203
vn -0.469113826751709 -0.883131206035614 -0.003412208752706647
vn -0.4742342233657837 -0.8803269863128662 -0.011231869459152222
vn 0.3932535946369171 0.9162711501121521 -0.07614884525537491
vn 0.37539294362068176 0.9249705076217651 0.05924317613244057
vn 0.5008450746536255 0.8655073642730713 -0.00715574761852622
vn 0.487888365983963 0.870995819568634 -0.05771821737289429
vn 0.060133375227451324 0.9161090850830078 -0.3963940143585205
vn -0.26625314354896545 0.9633132815361023 0.03371679410338402
vn -0.1798572987318039 0.39633995294570923 0.9003143906593323
vn 0.21188491582870483 0.6751994490623474 0.7065482139587402
vn -0.4003755748271942 0.37329918146133423 0.8368674516677856
vn -0.30335670709609985 0.6786674857139587 0.6688684821128845
vn 0.5197577476501465 0.8541967868804932 0.014134086668491364
vn 0.4676855802536011 0.8838677406311035 0.006928861141204834
vn 0.4281558692455292 0.9036720395088196 0.007723610382527113
vn 0.25632742047309875 0.9660314917564392 -0.03285343199968338
vn 0.22715747356414795 0.9733506441116333 0.03143303096294403
vn 0.07195606827735901 0.26705560088157654 0.9609909653663635
vn 0.3183993697166443 0.27113720774650574 0.9083536863327026
vn 0.4472194314002991 0.16415536403656006 0.8792313933372498
vn 0.011362878605723381 -0.5241114497184753 0.8515738844871521
vn -0.030080020427703857 0.6934128999710083 -0.7199122905731201
vn 0.09715248644351959 0.7014259099960327 -0.7060900330543518
vn 0.23581264913082123 0.8487722873687744 -0.473263144493103
vn 0.0013750070938840508 0.998735785484314 -0.0502471849322319
vn -0.1718808263540268 0.6961804032325745 0.6969863176345825
vn -0.08855768293142319 0.5033488273620605 0.8595332503318787
vn 0.06904108822345734 0.9331774115562439 0.35272273421287537
vn 0.4468338191509247 0.8920465707778931 0.06776849180459976
vn -0.3797522783279419 0.9086161255836487 0.17379550635814667
vn -0.7112324833869934 0.589557945728302 0.38284432888031006
vn -0.6979035139083862 0.6959184408187866 0.16919900476932526
vn -0.0810266062617302 0.9928953051567078 0.08714146167039871
vn -0.14560763537883759 0.6109683513641357 0.7781490087509155
vn -0.828251838684082 0.4500839412212372 -0.3338014781475067
vn -0.46704190969467163 0.6747360825538635 -0.5714918971061707
vn 0.08413848280906677 0.9957250356674194 0.03810998052358627
vn 0.257341593503952 0.7624137997627258 0.5937175750732422
vn -0.9729849696159363 0.11248084902763367 0.2016143947839737
vn -0.9386036992073059 0.273158997297287 0.2107304185628891
vn -0.8039600253105164 0.11403939872980118 0.5836465954780579
vn -0.7235178351402283 -0.2018372118473053 0.6601392030715942
vn -0.9662656188011169 0.25147947669029236 -0.05557651445269585
vn -0.9558377861976624 0.2925729751586914 0.02784140408039093
vn -0.7955291867256165 -0.5958501696586609 0.1099819466471672
vn -0.9644522666931152 -0.028556164354085922 -0.2627097964286804
vn -0.9430532455444336 0.3309492766857147 -0.033511292189359665
vn -0.8864823579788208 0.46153005957603455 0.033749956637620926
vn -0.9852915406227112 0.11934049427509308 -0.12230565398931503
vn -0.8463862538337708 -0.23751653730869293 -0.47667190432548523
vn -0.8828913569450378 0.05216119810938835 -0.46667128801345825
vn -0.9431473612785339 0.21081313490867615 -0.25696486234664917
vn -0.8964616060256958 -0.4420047700405121 -0.031440019607543945
vn -0.6471073627471924 -0.6999310851097107 -0.30223914980888367
vn -0.9156827330589294 0.38031885027885437 0.1299332231283188
vn -0.8972242474555969 0.42054393887519836 0.13465240597724915
vn -0.8455847501754761 0.3836354613304138 0.3712281286716461
vn -0.9612972736358643 0.025372715666890144 0.2743426561355591
vn -0.3111579418182373 -0.9307246804237366 -0.19217775762081146
vn -0.18761983513832092 -0.9812038540840149 -0.04514247924089432
vn -0.41721832752227783 -0.7597015500068665 -0.49878084659576416
vn -0.5131291747093201 -0.8582690954208374 0.00851962249726057
vn -0.31737232208251953 -0.7537636756896973 -0.5754259824752808
vn -0.5251739621162415 -0.8503471612930298 0.033198002725839615
vn -0.41778361797332764 -0.9008825421333313 0.11776058375835419
vn 0.29952746629714966 -0.875700056552887 -0.37872493267059326
vn -0.3969777226448059 -0.9084705114364624 -0.13072854280471802
vn -0.3935600519180298 -0.912826418876648 -0.10889656096696854
vn -0.6879261136054993 -0.660670280456543 -0.3004538118839264
vn -0.4909150302410126 -0.8331878185272217 0.25455939769744873
vn -0.19537363946437836 -0.8218685984611511 -0.5351272225379944
vn -0.47439560294151306 -0.8782142996788025 -0.060733042657375336
vn 0.01777728833258152 -0.9113742113113403 -0.41119474172592163
vn -0.4905902147293091 -0.7001868486404419 0.5187095999717712
vn 0.1943543404340744 -0.7441549897193909 0.6391085386276245
vn 0.10676586627960205 -0.9880040884017944 0.11157499998807907
vn -0.16650676727294922 -0.7144651412963867 -0.6795698404312134
vn 0.799351692199707 0.46869492530822754 -0.37598133087158203
vn 0.7424003481864929 0.5426257848739624 -0.3929365277290344
vn 0.6570385694503784 0.579699695110321 -0.48192155361175537
vn 0.6548747420310974 0.43540871143341064 -0.6177040338516235
vn 0.6721756458282471 0.6502702832221985 -0.3540176451206207
vn 0.3382854163646698 0.6896185874938965 -0.6403040885925293
vn 0.8669983148574829 0.3097955286502838 -0.3903082609176636
vn -0.7951286435127258 -0.5597086548805237 -0.23344539105892181
vn -0.7126356363296509 -0.47406789660453796 0.5171170234680176
vn -0.2909873425960541 -0.25090116262435913 0.9232416152954102
vn 0.08081500977277756 -0.7204946875572205 0.68873530626297
vn 0.4160599112510681 -0.8867123126983643 -0.20158232748508453
vn 0.6991550922393799 0.4742780923843384 0.5350163578987122
vn 0.5248779654502869 0.6062419414520264 0.5974729061126709
vn 0.5534679889678955 0.7751107215881348 0.3047565221786499
vn 0.8173689246177673 0.5145533680915833 0.25911930203437805
vn 0.7600545287132263 0.37624892592430115 0.5298622250556946
vn 0.5433307886123657 0.5415052175521851 0.641532301902771
vn 0.7559583187103271 0.46221551299095154 0.4635557532310486
vn 0.5805867314338684 0.46180588006973267 0.6705626249313354
vn 0.7975486516952515 0.3786129355430603 -0.46964704990386963
vn 0.6332282423973083 0.6606388688087463 -0.4032098948955536
vn 0.40577512979507446 0.44656115770339966 -0.7974519729614258
vn 0.5697726011276245 0.13125663995742798 -0.8112525939941406
vn 0.7903608679771423 0.16091904044151306 -0.5911301374435425
vn 0.5216248631477356 0.206659197807312 -0.8277677297592163
vn 0.8574221730232239 0.42994797229766846 -0.28279346227645874
vn 0.4228953421115875 0.6967698335647583 -0.5793713927268982
vn 0.1330946981906891 0.10612224787473679 -0.985405445098877
vn 0.6007514595985413 0.1478748917579651 -0.785640299320221
vn 0.966040313243866 0.25838106870651245 -0.002348142210394144
vn -0.22876782715320587 0.31605055928230286 -0.920748233795166
vn -0.32820314168930054 0.29233041405677795 -0.8982347846031189
vn 0.2678768038749695 -0.0460432805120945 0.9623522758483887
vn 0.34767746925354004 0.4012407064437866 0.8474233150482178
vn 0.08169016242027283 0.4902452528476715 0.8677477836608887
vn 0.09263228625059128 0.3880694508552551 0.9169631600379944
vn -0.2183917760848999 0.05748675763607025 0.9741664528846741
vn 0.38285472989082336 -0.2255142629146576 0.8958602547645569
vn -0.14461317658424377 -0.12004756927490234 0.9821789264678955
vn 0.3997839391231537 -0.014919310808181763 -0.916487991809845
vn 0.10548003762960434 -0.25288814306259155 -0.9617284536361694
vn 0.46299728751182556 -0.2815054953098297 -0.8404690027236938
vn 0.590998649597168 -0.25026267766952515 -0.7668696045875549
vn 0.5474196076393127 0.04606279358267784 -0.835589587688446
vn 0.05839616060256958 0.5794427394866943 -0.8129181861877441
vn 0.8424375653266907 0.28649431467056274 0.4563113749027252
vn 0.6544455885887146 0.29798102378845215 0.6949160695075989
vn 0.7284257411956787 0.2629011571407318 0.6326760649681091
vn 0.8756500482559204 0.27788764238357544 0.3949880003929138
vn 0.3479420840740204 0.8430122137069702 -0.4102031886577606
vn 0.5538575649261475 0.8060738444328308 0.20853476226329803
vn 0.8817118406295776 0.38933828473091125 -0.2664579153060913
vn 0.8924314975738525 0.4169203042984009 0.1724628061056137
vn 0.8340471982955933 0.5385989546775818 0.11948385834693909
vn -0.18699730932712555 0.6743752956390381 0.714317798614502
vn 0.6871422529220581 0.6968245506286621 0.20559953153133392
vn -0.7151907682418823 0.3984835743904114 0.5742063522338867
vn -0.658652663230896 0.44048169255256653 0.6100431680679321
vn -0.8461661338806152 0.43335452675819397 0.3101721405982971
vn 0.9283499121665955 0.00028804608155041933 -0.371707558631897
vn 0.9518794417381287 -0.02007201500236988 -0.3058149218559265
vn 0.8485742211341858 -0.2998349070549011 -0.43591371178627014
vn 0.7929120063781738 -0.2749514579772949 -0.5437759160995483
vn 0.8718901872634888 0.2258186638355255 -0.434526652097702
vn 0.9490565061569214 0.08670632541179657 -0.30294182896614075
vn 0.6622591614723206 0.14883482456207275 -0.734343945980072
vn 0.04836015775799751 0.8503104448318481 0.524054765701294
vn -0.7085949778556824 0.6646888852119446 -0.2368161976337433
vn 0.6962704062461853 0.7139994502067566 0.07356881350278854
vn 0.8851825594902039 0.4422757923603058 0.14437422156333923
vn 0.20643894374370575 0.5083131194114685 0.8360626101493835
vn -0.1921226978302002 0.2618935704231262 0.9457803964614868
vn -0.6405093669891357 0.4095901846885681 0.6496027112007141
vn -0.8849579095840454 0.4545416831970215 -0.10119926929473877
vn -0.5768165588378906 -0.7906860709190369 -0.20517849922180176
vn -0.6510365605354309 -0.7396671175956726 -0.17042307555675507
vn -0.7129690051078796 0.1120966449379921 -0.6921774744987488
vn -0.9142172932624817 0.2666953206062317 -0.30509093403816223
vn -0.8548505902290344 -0.515268862247467 -0.061061784625053406
vn 0.3020589053630829 -0.8045918941497803 -0.5112653374671936
vn 0.16458438336849213 -0.910368800163269 -0.37965846061706543
vn -0.9737071394920349 0.157638818025589 0.16445164382457733
vn 0.5836330056190491 -0.7581421136856079 -0.29084882140159607
vn 0.43132394552230835 -0.7812508940696716 0.4512278735637665
vn 0.6025213003158569 -0.5211060047149658 0.6044970154762268
vn 0.7141039967536926 -0.6992604732513428 0.03301994130015373
vn 0.539183497428894 -0.692633867263794 -0.47910276055336
vn 0.526688814163208 -0.514251708984375 -0.6768633723258972
vn 0.5932254195213318 -0.4914114773273468 -0.6376506686210632
vn 0.5065487623214722 -0.6821027994155884 -0.527393639087677
vn 0.723805844783783 0.1317930817604065 -0.6773003935813904
vn 0.45022931694984436 0.8646764755249023 0.22277387976646423
vn 0.5053532719612122 0.08788951486349106 -0.8584250807762146
vn 0.3420880436897278 0.6462816596031189 -0.6821258068084717
vn -0.7484988570213318 0.3484188914299011 -0.5642284154891968
vn -0.6963797807693481 0.29165661334991455 -0.6557374000549316
vn -0.5320317149162292 0.5516163110733032 -0.6423874497413635
vn -0.19936564564704895 0.4884832203388214 -0.8494924902915955
vn -0.6993531584739685 0.36325037479400635 -0.6155927181243896
vn -0.6663186550140381 0.3542223572731018 -0.6561599969863892
vn -0.849455714225769 0.441733181476593 -0.2886117398738861
vn -0.6636282801628113 0.30343595147132874 -0.6837574243545532
vn -0.6487235426902771 0.31090304255485535 -0.6946200132369995
vn -0.5876237154006958 0.29466843605041504 -0.7535707354545593
vn -0.3681289553642273 0.9036452770233154 -0.21887478232383728
vn -0.6343762278556824 0.530403733253479 0.5623510479927063
vn -0.9522610902786255 -0.2887912094593048 0.09898638725280762
vn -0.9530125856399536 -0.2864217162132263 0.09863896667957306
vn -0.7799266576766968 -0.5811644792556763 -0.2322978526353836
vn -0.4321432113647461 -0.8979553580284119 0.08323771506547928
vn -0.42322584986686707 -0.8432595729827881 0.33135056495666504
vn -0.733615517616272 -0.5781455636024475 -0.3571498990058899
vn -0.3275929093360901 0.5909209847450256 0.737221360206604
vn -0.5807158946990967 0.37352675199508667 0.7233580350875854
vn -0.5979121923446655 0.3958119750022888 0.6970178484916687
vn 0.47495293617248535 0.5196371078491211 0.7102090120315552
vn 0.8638576865196228 0.2665112018585205 0.4274595379829407
vn 0.45647335052490234 0.8813934326171875 -0.12156388908624649
vn -0.4738338887691498 0.8787660598754883 -0.0570230558514595
vn -0.7713142037391663 0.6210632920265198 0.13912087678909302
vn 0.13641490042209625 0.3557538390159607 0.9245702624320984
vn 0.7433189153671265 -0.023995395749807358 0.6685068011283875
vn -0.6985834836959839 0.6191813349723816 -0.35860225558280945
vn -0.11637541651725769 0.5154848694801331 0.8489594459533691
vn -0.7436540722846985 0.5571159720420837 0.36959490180015564
vn -0.8319851160049438 0.43568211793899536 -0.34348493814468384
vn -0.8806528449058533 0.24778878688812256 0.4037960469722748
vn -0.9010533094406128 0.32355791330337524 0.2888132929801941
vn -0.7880657315254211 0.5263077020645142 0.3193002939224243
vn -0.7885249257087708 0.4936447739601135 0.3668014705181122
vn -0.881114661693573 0.3550182282924652 0.3124082684516907
vn -0.8695884346961975 0.24522587656974792 0.42857953906059265
vn -0.9019924998283386 0.30014151334762573 0.3103618025779724
vn 0.13783371448516846 -0.3841458559036255 -0.9129259586334229
vn 0.3990466296672821 -0.6895781755447388 -0.6043540239334106
vn -0.697464108467102 -0.6303785443305969 -0.34083232283592224
vn -0.8697453141212463 -0.06342153996229172 -0.4894086718559265
vn -0.6153663992881775 0.49104541540145874 -0.6166024804115295
vn -0.7388604283332825 -0.5171444416046143 -0.4320264160633087
vn -0.760365903377533 -0.6235669851303101 -0.18168064951896667
vn -0.9271670579910278 -0.18488602340221405 0.325850248336792
vn -0.7898265719413757 -0.5849001407623291 0.18456906080245972
vn -0.6496130228042603 0.6583698391914368 0.38019993901252747
vn -0.7364701628684998 0.5780834555625916 -0.3513279855251312
vn -0.29564520716667175 0.6963303089141846 0.6540015339851379
vn -0.2406291514635086 0.8736675977706909 0.42285051941871643
vn -0.36505454778671265 0.9176796078681946 -0.1568414866924286
vn 0.4522230625152588 -0.701735258102417 0.5505104660987854
vn 0.5607977509498596 -0.6134434938430786 0.5560513138771057
vn 0.4952186048030853 -0.7492281198501587 0.4397905766963959
vn 0.2839880585670471 -0.6487957835197449 0.7059849500656128
vn 0.6496157050132751 -0.7481969594955444 0.13491009175777435
vn 0.3673580288887024 -0.9160400629043579 0.1609926074743271
vn 0.3203217089176178 -0.7785550355911255 0.5396720767021179
vn 0.54240882396698 -0.6563625931739807 0.5243861675262451
vn -0.9483509659767151 0.18942274153232574 0.254459023475647
vn -0.9320170879364014 0.1404353827238083 0.33409878611564636
vn -0.37248995900154114 0.8779857754707336 -0.3006531000137329
vn -0.5046936869621277 0.49113279581069946 -0.7099809050559998
vn -0.3362137973308563 0.8706446290016174 0.3590796887874603
vn -0.6784672737121582 0.40181607007980347 -0.6150007843971252
vn -0.4138313829898834 0.9005874395370483 -0.132987841963768
vn -0.29831209778785706 0.875043511390686 0.38119378685951233
vn -0.06177305430173874 0.9004175662994385 -0.430618554353714
vn -0.46457862854003906 0.512617826461792 -0.7220733165740967
vn 0.004822795279324055 0.9996832609176636 0.02470257505774498
vn -0.626558780670166 -0.4376167058944702 0.6449152827262878
vn -0.5002354979515076 -0.6985339522361755 0.5116783380508423
vn -0.6856157183647156 -0.629209041595459 0.36609727144241333
vn -0.8077349066734314 -0.4865359961986542 0.3329371511936188
vn -0.8818973898887634 -0.2525469958782196 0.3980916440486908
vn -0.7261143922805786 -0.619313657283783 0.29867780208587646
vn -0.8427709341049194 -0.32895413041114807 0.4260590672492981
vn -0.16289405524730682 0.22677981853485107 -0.9602272510528564
vn -0.3816552460193634 0.23395925760269165 -0.89420485496521
vn -0.8312253355979919 -0.16099755465984344 -0.5321130156517029
vn -0.5931917428970337 -0.3037063479423523 -0.7455776929855347
vn -0.9024389982223511 0.2376905083656311 -0.35931453108787537
vn -0.8710223436355591 0.2802422046661377 0.40346550941467285
vn -0.8248983025550842 0.5436042547225952 0.15503926575183868
vn -0.9761065244674683 -0.2019597291946411 0.08017687499523163
vn -0.8834486603736877 0.19136080145835876 -0.42766743898391724
vn -0.7578887939453125 0.2509765625 0.6021755337715149
vn -0.3958498239517212 0.8281285166740417 -0.39687037467956543
vn -0.21142658591270447 0.8818275332450867 -0.4215199053287506
vn -0.6101217269897461 -0.2880198061466217 0.7381030917167664
vn -0.128003790974617 0.1844702512025833 0.9744668006896973
vn -0.8101563453674316 0.5011543035507202 0.3041234314441681
vn -0.9821373224258423 0.14280034601688385 -0.1225336566567421
vn -0.46714967489242554 -0.7704808712005615 0.4337400794029236
vn 0.425569623708725 -0.35171619057655334 0.8337782025337219
vn -0.9435427784919739 -0.25395336747169495 -0.212684765458107
vn -0.8639748692512512 -0.4491642415523529 -0.22759369015693665
vn -0.7978890538215637 -0.41353899240493774 0.438586950302124
vn -0.8860870003700256 -0.4168753921985626 -0.20264439284801483
vn -0.5641517043113708 0.07496191561222076 0.8222612738609314
vn -0.8047165870666504 -0.5711057186126709 0.16207872331142426
vn -0.7893812656402588 0.04771912097930908 0.6120458841323853
vn -0.3195602297782898 -0.2806752920150757 0.9050428867340088
vn -0.7232593297958374 -0.6162459850311279 0.31166815757751465
vn -0.7397807836532593 0.33431804180145264 -0.5839141607284546
vn -0.3865450620651245 0.2882724404335022 0.876060426235199
vn -0.33637282252311707 0.6934491395950317 0.6371669173240662
vn -0.5216899514198303 0.45865970849990845 0.7193544507026672
vn -0.4154863953590393 0.2832828760147095 0.8643621206283569
vn -0.2860742211341858 -0.0947267934679985 -0.9535137414932251
vn -0.35936087369918823 0.3038249909877777 -0.8823549151420593
vn -0.7808387875556946 0.23841477930545807 -0.5774505734443665
vn -0.5343911051750183 0.8448492884635925 0.025610031560063362
vn -0.43329179286956787 0.8445327281951904 -0.31467902660369873
vn -0.15682688355445862 0.9186789989471436 -0.36253851652145386
vn 0.24545475840568542 -0.6677538752555847 -0.7027493715286255
vn 0.6738139390945435 -0.7217503190040588 -0.1582757830619812
vn 0.7797561287879944 -0.62345290184021 0.05733077973127365
vn 0.18935254216194153 -0.35856521129608154 -0.9140987396240234
vn 0.026253104209899902 -0.33570030331611633 -0.9416029453277588
vn 0.1745016723871231 -0.667134165763855 -0.7242106795310974
vn 0.40847668051719666 -0.912009060382843 -0.03723243623971939
vn 0.44874387979507446 -0.8777749538421631 -0.16774994134902954
vn -0.3460375666618347 0.7783191800117493 -0.5239057540893555
vn -0.6638475656509399 0.6561710834503174 -0.3588118851184845
vn -0.6301199197769165 0.6369041204452515 -0.4441869556903839
vn -0.5216339230537415 0.636813759803772 -0.5677732229232788
vn -0.5911118388175964 0.7310475707054138 -0.3408171534538269
vn -0.6631267070770264 0.4988504648208618 -0.5580422282218933
vn 0.5761557221412659 -0.5899729132652283 -0.5656646490097046
vn 0.6249932646751404 -0.7105405926704407 -0.32328861951828003
vn 0.6665623784065247 -0.5927337408065796 -0.45206350088119507
vn 0.5297594666481018 -0.5656844973564148 -0.6319462060928345
vn 0.5829755663871765 -0.43103575706481934 -0.6887290477752686
vn 0.625182032585144 0.6784077882766724 0.3858887255191803
vn 0.22204571962356567 0.8178461194038391 0.5308704376220703
vn 0.4432925581932068 -0.7961698770523071 -0.41183140873908997
vn -0.11323688179254532 0.032498881220817566 -0.9930363893508911
vn -0.14166344702243805 0.14204706251621246 -0.9796704053878784
vn -0.38991791009902954 0.14598363637924194 -0.909204363822937
vn 0.033863019198179245 0.045878179371356964 -0.9983729124069214
vn -0.025852207094430923 0.1549721658229828 -0.9875804781913757
vn -0.7644770741462708 0.6218035817146301 0.1701030731201172
vn -0.6618022322654724 0.7420779466629028 -0.10647998750209808
vn -0.5956577062606812 0.7723219394683838 0.22070492804050446
vn -0.6275255680084229 0.7183470129966736 0.3003150224685669
vn -0.7385538220405579 0.44027116894721985 0.5105874538421631
vn -0.7412393093109131 0.5573076009750366 -0.37412920594215393
vn -0.6116483807563782 0.6796848177909851 0.40486398339271545
vn 0.5108603239059448 -0.4172563850879669 0.7516109347343445
vn 0.6648078560829163 -0.5043295621871948 0.5510736107826233
vn 0.6002421975135803 -0.6273281574249268 0.4961538314819336
vn 0.5893518924713135 -0.5517372488975525 0.5901272892951965
vn 0.6155227422714233 -0.5480743050575256 0.566344678401947
vn 0.7100799679756165 -0.6719558835029602 0.21038447320461273
vn 0.48544251918792725 -0.48094117641448975 0.7300967574119568
vn 0.679020881652832 -0.7277528047561646 0.09647022932767868
vn 0.46108099818229675 -0.8684095740318298 0.18239811062812805
vn 0.5754854083061218 -0.744715690612793 -0.3379572331905365
vn -0.2512580454349518 0.6945963501930237 0.6740959286689758
vn -0.20832037925720215 0.7978167533874512 0.565765917301178
vn -0.4227483868598938 0.5526669025421143 0.7182222008705139
vn -0.3209260404109955 0.7078269720077515 0.6292753219604492
vn 0.10152962058782578 0.9702835083007812 0.21963970363140106
vn 0.6644384860992432 0.7452764511108398 -0.055538494139909744
vn 0.5720357298851013 -0.4529187083244324 -0.6838418841362
vn 0.6627506613731384 -0.5515139102935791 -0.506551206111908
vn 0.7142308354377747 -0.4915871024131775 -0.49821335077285767
vn 0.6219683885574341 -0.3331780731678009 -0.7086237668991089
vn 0.5941420793533325 -0.3633354604244232 -0.7176228761672974
vn 0.5543683767318726 -0.46211180090904236 -0.6921910047531128
vn 0.5011449456214905 -0.26301687955856323 -0.8244244456291199
vn 0.676437258720398 -0.5637561678886414 -0.47393184900283813
vn 0.5623091459274292 -0.26657548546791077 -0.7827808260917664
vn 0.4807608425617218 0.014462746679782867 -0.8767325282096863
vn 0.5582822561264038 -0.43480801582336426 -0.7065854072570801
vn -0.2790561318397522 -0.23397281765937805 -0.9313347339630127
vn -0.8340215682983398 -0.3168987035751343 -0.4516448676586151
vn 0.11746442317962646 0.059946101158857346 -0.9912661910057068
vn 0.20960399508476257 0.020678840577602386 -0.9775676727294922
vn -0.6843234300613403 0.3705326318740845 -0.6280183792114258
vn 0.36798736453056335 -0.8621193766593933 0.34833234548568726
vn 0.31503430008888245 -0.9489619135856628 -0.014994642697274685
vn 0.45464104413986206 -0.8307362794876099 0.32121431827545166
vn 0.2556245028972626 -0.918635368347168 -0.30127260088920593
vn 0.08527138829231262 -0.9924829602241516 0.08778519183397293
vn -0.21961261332035065 -0.9146656394004822 -0.3393478989601135
vn 0.4223094880580902 -0.6361797451972961 -0.6457012295722961
vn 0.4737396240234375 -0.7623744010925293 -0.4408583343029022
vn 0.4110982120037079 -0.583247184753418 0.7005860805511475
vn -0.16223876178264618 -0.7745866179466248 0.6113053560256958
vn -0.5687262415885925 -0.6871212124824524 0.4521227478981018
vn 0.18038314580917358 -0.8168734312057495 -0.5478866100311279
vn 0.5422344207763672 -0.33059239387512207 0.772457480430603
vn 0.5911466479301453 -0.3826759457588196 0.7100032567977905
vn 0.2283572405576706 0.15800248086452484 0.9606706500053406
vn 0.058158885687589645 -0.06063748151063919 0.9964640140533447
vn 0.11456982791423798 -0.35144537687301636 0.9291716814041138
vn 0.5998061895370483 -0.3115657567977905 0.7369934320449829
vn 0.661524772644043 -0.38192611932754517 0.6453817486763
vn 0.09094521403312683 -0.8106064796447754 0.5784859657287598
vn 0.690294623374939 -0.5884163975715637 0.4210221469402313
vn -0.7340149879455566 -0.5418046712875366 -0.40947505831718445
vn 0.1853763908147812 -0.8538213968276978 -0.48644065856933594
vn -0.8151884078979492 -0.39972984790802 0.4191466271877289
vn -0.8706575632095337 -0.125448539853096 0.47562387585639954
vn -0.6442027688026428 0.4206761121749878 0.6387757658958435
vn -0.34592005610466003 0.11367078870534897 -0.9313529133796692
vn -0.25599339604377747 -0.051675789058208466 -0.9652962684631348
vn 0.5988488793373108 -0.4298379421234131 -0.6757361888885498
vn -0.18321050703525543 -0.18561868369579315 0.9653909802436829
vn -0.6942135691642761 0.7179388403892517 0.0512976311147213
vn -0.9100727438926697 0.41256341338157654 -0.03948456421494484
vn -0.8319419622421265 0.3038988411426544 0.4642391502857208
vn -0.3772107660770416 0.7056549191474915 0.5998026132583618
vn -0.38699573278427124 0.8452645540237427 0.368459016084671
vn -0.5195178985595703 0.8146599531173706 0.25774088501930237
vn -0.7955420613288879 0.5182687044143677 0.3138635754585266
vn 0.1462002992630005 -0.6314931511878967 -0.7614734172821045
vn 0.09840962290763855 -0.41914790868759155 -0.9025688767433167
vn 0.22631731629371643 -0.08961165696382523 -0.9699228405952454
vn -0.8201723098754883 -0.562258780002594 -0.10574688762426376
vn -0.4868873357772827 -0.5538124442100525 0.6754499077796936
vn -0.901997447013855 -0.15545594692230225 0.4027829170227051
vn 0.032767537981271744 -0.5429520606994629 0.8391242027282715
vn 0.5784052610397339 0.8107178211212158 0.09046521782875061
vn -0.15194790065288544 0.9697197675704956 0.19119460880756378
vn -0.40726029872894287 0.88798588514328 0.21358855068683624
vn -0.3665066957473755 0.6201096773147583 0.6936403512954712
vn -0.16421326994895935 0.9372449517250061 -0.30758070945739746
vn 0.7888649106025696 0.580865740776062 0.20071662962436676
vn -0.3926874101161957 0.6622017621994019 -0.6381891369819641
vn -0.34522274136543274 0.616558313369751 -0.7075853943824768
vn -0.34111079573631287 0.8521637320518494 -0.39681291580200195
vn -0.49900346994400024 0.5487185716629028 -0.6707484722137451
vn -0.5864402651786804 0.5779312252998352 -0.5675239562988281
vn -0.47521376609802246 0.6357916593551636 -0.6082276105880737
vn -0.354605495929718 0.6164177656173706 -0.70305335521698
vn -0.665012001991272 0.7199112772941589 -0.1987130492925644
vn -0.5508008599281311 0.716225802898407 -0.42853114008903503
vn -0.4718523621559143 0.7840736508369446 -0.40321677923202515
vn -0.4921053647994995 0.8276100754737854 -0.2699887156486511
vn -0.34946948289871216 0.8336945176124573 -0.42757996916770935
vn -0.3134036362171173 0.8519396781921387 -0.4194960594177246
vn -0.5643063187599182 0.6877723336219788 -0.4566480815410614
vn -0.8818451762199402 0.4691318869590759 0.04758680984377861
vn -0.9106087684631348 0.32933562994003296 -0.24965927004814148
vn -0.8329623937606812 0.3419291377067566 -0.4350380301475525
vn -0.9354583621025085 0.35320213437080383 0.012882905080914497
vn -0.8439344763755798 -0.37740108370780945 0.3812386989593506
vn -0.6128389239311218 0.3624674677848816 0.7021721601486206
vn -0.912075936794281 0.39580902457237244 -0.10701712965965271
vn -0.8050349950790405 -0.3886573016643524 -0.4481786787509918
vn -0.5941433310508728 -0.6859743595123291 0.4200393557548523
vn -0.16380351781845093 -0.052311379462480545 0.985105037689209
vn -0.6984353065490723 -0.6988016963005066 -0.15448100864887238
vn -0.8954161405563354 0.1043349951505661 -0.43283259868621826
vn 0.6366766691207886 -0.7588627338409424 0.13700436055660248
vn 0.36913517117500305 -0.8261212110519409 0.42574986815452576
vn 0.6830056309700012 -0.6654570698738098 0.3011147975921631
vn 0.6759642362594604 -0.6953712105751038 -0.2439904659986496
vn 0.6675766706466675 -0.7028698325157166 -0.2455916851758957
vn 0.24610799551010132 -0.918270468711853 0.31017786264419556
vn 0.07702644169330597 -0.8667163848876953 0.4928179979324341
vn 0.13230861723423004 -0.887378990650177 -0.4416479170322418
vn 0.04934859275817871 -0.8193751573562622 -0.5711297392845154
vn 0.0684172660112381 -0.9947814345359802 -0.07568912953138351
vn -0.37482720613479614 -0.533376157283783 0.7582970857620239
vn -0.12804695963859558 -0.36325812339782715 0.9228474497795105
vn -0.07586506009101868 -0.30643758177757263 0.9488627314567566
vn -0.14838208258152008 -0.8068208694458008 0.5718591213226318
vn -0.24777786433696747 -0.9612588286399841 -0.12077923119068146
vn -0.0027608636301010847 0.5150175094604492 0.8571751713752747
vn 0.16578638553619385 0.6893591284751892 0.7051941752433777
vn -0.0677482858300209 0.2561550438404083 0.9642586708068848
vn -0.209120973944664 0.47204604744911194 0.8564116954803467
vn -0.0830129086971283 0.8910848498344421 0.4461801052093506
vn 0.2172003984451294 0.9658865928649902 0.14102141559123993
vn -0.24093660712242126 0.6283235549926758 0.7397019863128662
vn -0.055248476564884186 -0.45448508858680725 -0.8890392780303955
vn -0.255005806684494 -0.6607080698013306 -0.7060006260871887
vn -0.1915368288755417 0.3080894351005554 -0.9318768382072449
vn -0.15676869451999664 0.282375693321228 -0.9464076161384583
vn -0.11077750474214554 0.18534745275974274 -0.9764090776443481
vn -0.1249997690320015 0.235769584774971 -0.963736355304718
vn -0.27600744366645813 -0.06588125973939896 -0.9588949084281921
vn -0.2316688895225525 0.12070822715759277 -0.9652765989303589
vn -0.2983418405056 0.40409719944000244 -0.8646950721740723
vn -0.039792705327272415 -0.22792045772075653 0.9728662371635437
vn -0.002676802920177579 0.0013544574612751603 0.9999955296516418
vn -0.013915018178522587 0.02921285293996334 0.9994763135910034
vn -0.4194174110889435 -0.12255679070949554 0.8994824886322021
vn -0.4730244278907776 -0.656340479850769 0.5877627730369568
vn -0.1693069487810135 0.18392981588840485 -0.9682484865188599
vn -0.10371487587690353 0.25989121198654175 -0.9600520133972168
vn -0.18250125646591187 0.20215193927288055 -0.9621995091438293
vn -0.3153820335865021 -0.06832335144281387 -0.9465020298957825
vn -0.5175334811210632 -0.500216007232666 -0.6942211985588074
vn -0.7016443610191345 -0.13567565381526947 -0.6994907855987549
vn -0.30168986320495605 0.1254730522632599 -0.9451135993003845
vn -0.19775183498859406 -0.2073039710521698 -0.9580810070037842
vn -0.07443252205848694 0.08508604019880295 0.9935895204544067
vn -0.1909504234790802 0.04293578118085861 0.9806602001190186
vn -0.1410898119211197 0.0911523848772049 0.9857915639877319
vn -0.16612999141216278 0.13899658620357513 0.9762585759162903
vn -0.4377000331878662 0.0897960215806961 0.8946258425712585
vn -0.042408473789691925 0.1282484233379364 0.9908348917961121
vn -0.08549059182405472 0.0503472238779068 0.9950661063194275
vn 0.3181135952472687 0.9478856921195984 0.017785711213946342
vn 0.3400227129459381 0.9401336312294006 -0.02309531345963478
vn 0.32380974292755127 0.9422095417976379 0.08595632761716843
vn 0.343983918428421 0.9369386434555054 0.061815209686756134
vn 0.3656005263328552 0.928372859954834 0.06678476929664612
vn 0.3268584609031677 0.941211998462677 0.08534326404333115
vn 0.39096081256866455 0.9191532135009766 0.04803106561303139
vn 0.39344140887260437 0.8102642893791199 0.43436822295188904
vn 0.5412485599517822 0.6794559359550476 0.49536803364753723
vn 0.8118227124214172 0.559407651424408 0.1673528105020523
vn 0.8207399845123291 0.5506262183189392 -0.152304008603096
vn 0.49285534024238586 0.8682970404624939 -0.05615941435098648
vn 0.6590425372123718 -0.08439404517412186 0.7473557591438293
vn 0.9134091138839722 -0.25240620970726013 0.3193352520465851
vn 0.9632254242897034 -0.20757155120372772 -0.17061848938465118
vn 0.7526248693466187 -0.10857360064983368 -0.6494364738464355
vn 0.7290494441986084 0.4812915325164795 -0.48666757345199585
vn 0.8450899720191956 -0.4681650698184967 0.2581559121608734
vn 0.8642588257789612 -0.4858711063861847 -0.13033051788806915
vn 0.6572684645652771 -0.41201668977737427 -0.631062924861908
vn 0.24891681969165802 -0.2439102679491043 -0.9373089671134949
vn 0.35940253734588623 0.0486554354429245 -0.9319133162498474
vn 0.8853475451469421 -0.40981343388557434 -0.2195739448070526
vn 0.7475320100784302 -0.31939947605133057 -0.5823914408683777
vn 0.32675522565841675 -0.13434788584709167 -0.9355115294456482
vn 0.7264771461486816 -0.18876191973686218 -0.6607571244239807
vn 0.46072182059288025 0.05001571774482727 -0.8861342072486877
vn 0.811884880065918 -0.13900068402290344 -0.567028820514679
vn 0.5561822056770325 0.016866013407707214 -0.8308892250061035
vn 0.2484731376171112 0.2382356971502304 -0.9388848543167114
vn -0.11337672919034958 0.3484724462032318 -0.9304367899894714
vn 0.36077162623405457 -0.23139578104019165 -0.9034931659698486
vn 0.13627390563488007 -0.18138965964317322 -0.9739235639572144
vn -0.28515318036079407 -0.007033555768430233 -0.9584562182426453
vn -0.7009027600288391 0.1332750916481018 -0.7006946802139282
vn -0.5442544221878052 0.3866964876651764 -0.7444816827774048
vn -0.7105482220649719 -0.5999479293823242 -0.3676733076572418
vn -0.6481286883354187 0.25769200921058655 -0.7166059613227844
vn -0.8132407069206238 0.2899499535560608 -0.5045479536056519
vn -0.8981800675392151 0.16469459235668182 -0.40761280059814453
vn -0.8123769760131836 -0.10429570823907852 -0.573729932308197
vn -0.927018940448761 0.3586564362049103 -0.10955052077770233
vn -0.9258635640144348 0.34811827540397644 -0.14693652093410492
vn -0.8973724842071533 0.3989279866218567 -0.18862459063529968
vn -0.9301083087921143 0.36683693528175354 -0.018143747001886368
vn -0.9029059410095215 0.4293409287929535 -0.02066858485341072
vn -0.8535513281822205 0.5202723145484924 -0.027689924463629723
vn -0.8991169929504395 0.4212321639060974 0.11896288394927979
vn -0.9544590711593628 0.2976323962211609 -0.020561140030622482
vn -0.9389463067054749 0.3426935076713562 0.030673392117023468
vn -0.83576899766922 0.39959654211997986 0.37658044695854187
vn -0.769490122795105 0.42957785725593567 0.4725969135761261
vn -0.7063870429992676 0.36244896054267883 0.6079868078231812
vn -0.7050381302833557 0.38980329036712646 0.5924311876296997
vn -0.8662202954292297 0.15660007297992706 0.4744877815246582
vn -0.9422374963760376 -0.20264749228954315 0.2666880190372467
vn -0.5446503162384033 0.3218187987804413 0.7744601964950562
vn -0.5371371507644653 0.026490991935133934 0.8430787920951843
vn -0.8045839071273804 -0.19914230704307556 0.5594525337219238
vn 0.05048925429582596 0.2491605579853058 0.9671452045440674
vn 0.27730485796928406 0.2384365200996399 0.9307254552841187
vn -0.3971128463745117 0.18245381116867065 0.8994510173797607
vn 0.008586078882217407 0.12361007183790207 0.992293655872345
vn 0.25261422991752625 0.018435031175613403 0.9673914313316345
vn 0.5544542074203491 -0.11597348749637604 0.8240938782691956
vn 0.47877559065818787 0.11292056739330292 0.8706451058387756
vn -0.24926568567752838 -0.501141369342804 0.8286880254745483
vn -0.10663429647684097 -0.6373245120048523 0.7631818652153015
vn 0.09731463342905045 -0.7558811902999878 0.6474360227584839
vn 0.40982264280319214 -0.805357813835144 0.428303986787796
vn 0.7495026588439941 -0.2937362492084503 0.5932661294937134
vn -0.4360145628452301 -0.8953354954719543 0.09091503173112869
vn -0.4446270763874054 -0.8956862688064575 -0.00726955384016037
vn -0.46863794326782227 -0.8821829557418823 -0.04617074877023697
vn -0.5838754773139954 -0.8072908520698547 -0.08585406094789505
vn -0.12450351566076279 -0.990771472454071 0.05357983335852623
vn -0.46733590960502625 -0.8653868436813354 -0.180839404463768
vn -0.4237340986728668 -0.9022808074951172 -0.07961657643318176
vn -0.3482443392276764 -0.9318624138832092 -0.10177623480558395
vn -0.3042922616004944 -0.9014366269111633 -0.30792585015296936
vn -0.40664228796958923 -0.9131051301956177 -0.029685018584132195
vn -0.4737953841686249 -0.880631148815155 0.0025883761700242758
vn -0.3070358335971832 -0.9496830701828003 -0.061896033585071564
vn -0.5224536061286926 -0.8526296019554138 0.00806066207587719
vn -0.4476326107978821 -0.893695592880249 -0.030550513416528702
vn -0.5152847170829773 -0.8568956255912781 -0.014543652534484863
vn -0.452602744102478 -0.8905828595161438 -0.04486565664410591
vn -0.21528689563274384 -0.9765012860298157 0.009833550080657005
vn -0.4081072211265564 -0.9127337336540222 -0.019117575138807297
vn -0.4333361089229584 -0.8998610973358154 -0.049697838723659515
vn -0.42081785202026367 -0.9068808555603027 0.021899573504924774
vn -0.40686845779418945 -0.9126929044723511 0.03807489946484566
vn -0.4819541871547699 -0.8757732510566711 0.027228130027651787
vn -0.46356001496315 -0.8858036994934082 0.021538279950618744
vn -0.39810848236083984 -0.9038758873939514 0.15658243000507355
vn -0.44401413202285767 -0.8918427228927612 0.08641830086708069
vn -0.46169513463974 -0.8856684565544128 0.04928380623459816
vn -0.47826287150382996 -0.8702563047409058 0.11797738820314407
vn -0.4729338586330414 -0.8267415761947632 0.3046833574771881
vn -0.4812425971031189 -0.8716607689857483 0.09280674159526825
vn -0.5357280969619751 -0.8355493545532227 0.12187215685844421
vn -0.5649168491363525 -0.8220473527908325 0.07146289199590683
vn -0.1961236447095871 -0.9683723449707031 -0.15424130856990814
vn 0.34989452362060547 -0.9242931008338928 -0.15249890089035034
vn 0.7097032070159912 -0.41232365369796753 -0.5712360739707947
vn 0.8477159142494202 -0.4818267822265625 -0.2218576818704605
vn 0.9074698090553284 -0.39370056986808777 0.1466231495141983
vn 0.9520657062530518 -0.2110643982887268 -0.22141048312187195
vn 0.968374490737915 -0.21965156495571136 0.11833842843770981
vn 0.8137980103492737 -0.11780562251806259 0.5690823793411255
vn 0.9366303086280823 -0.2771361470222473 0.21428796648979187
vn 0.7253575921058655 -0.20529775321483612 0.6570457816123962
vn 0.9021316766738892 -0.3885810673236847 0.18751822412014008
vn 0.6204251050949097 -0.32897430658340454 0.7119329571723938
vn 0.6000356674194336 -0.42862468957901 0.6754540801048279
vn 0.18920281529426575 -0.334788978099823 0.9231027364730835
vn 0.31104016304016113 0.10094526410102844 0.9450206756591797
vn 0.9352652430534363 -0.2927880585193634 -0.1988821178674698
vn -0.18393656611442566 -0.8777936697006226 -0.4423184394836426
vn -0.4945034980773926 -0.8684495687484741 -0.035518139600753784
vn -0.5066890716552734 -0.8616492748260498 0.02875143475830555
vn -0.9681764841079712 -0.21771693229675293 -0.1234249472618103
vn -0.7960571050643921 -0.4929477870464325 -0.351134717464447
vn -0.7448903918266296 -0.6670726537704468 -0.012339456006884575
vn -0.979191243648529 -0.202752947807312 -0.008696131408214569
vn -0.9097929000854492 0.3913308084011078 -0.13833701610565186
vn -0.5903168320655823 -0.8055683374404907 -0.0508500374853611
vn -0.9701628684997559 -0.23371203243732452 0.06451796740293503
vn -0.8868261575698853 -0.3134300112724304 0.33956027030944824
vn -0.8003496527671814 -0.3739355802536011 0.46862831711769104
vn -0.5785754323005676 -0.6138793230056763 0.5370314121246338
vn -0.4371388554573059 -0.8964977264404297 0.07212074846029282
vn -0.7461555004119873 -0.6604499816894531 0.0840105414390564
vn -0.7943570613861084 -0.573638916015625 -0.19983789324760437
vn 0.021138610318303108 0.1157320886850357 -0.993055522441864
vn 0.2279203236103058 0.6279813051223755 -0.7441046833992004
vn 0.46412214636802673 0.7246775031089783 -0.5093458890914917
vn 0.3737885653972626 0.9032261371612549 -0.2108660340309143
vn 0.4100809097290039 0.8974078893661499 -0.16276590526103973
vn 0.44928622245788574 0.8823429942131042 -0.1400459259748459
vn -0.02063838019967079 0.28283295035362244 -0.9589471220970154
vn 0.29222890734672546 0.5674018263816833 -0.7698423862457275
vn 0.3913800120353699 0.22167344391345978 -0.8931307196617126
vn 0.6257113218307495 0.27473118901252747 -0.7300739884376526
vn 0.335348516702652 -0.15082302689552307 -0.9299428462982178
vn 0.5537572503089905 -0.2742001414299011 -0.7862361669540405
vn 0.7754548192024231 -0.21866290271282196 -0.5923312902450562
vn 0.8469242453575134 0.17474527657032013 -0.5021786689758301
vn 0.9347530007362366 0.03794640302658081 -0.35326603055000305
vn 0.9548755884170532 0.12797759473323822 -0.2680191397666931
vn 0.8493661880493164 -0.26133036613464355 -0.4585666060447693
vn 0.48940640687942505 0.8683967590332031 -0.07980295270681381
vn -0.04395051300525665 0.9990302920341492 0.0026154271326959133
vn -0.745927631855011 0.6595208644866943 0.09286557883024216
vn -0.4923665225505829 0.7670753598213196 -0.4113035202026367
vn -0.8593363165855408 0.5107327103614807 0.026330241933465004
vn -0.513102650642395 0.6724918484687805 -0.5333670973777771
vn -0.17177067697048187 0.5875471234321594 -0.7907485365867615
vn -0.04185764119029045 0.5761526823043823 -0.81626957654953
vn 0.08778751641511917 0.35737529397010803 -0.9298259615898132
vn 0.27756866812705994 0.2860821485519409 -0.917121946811676
vn 0.41106513142585754 0.061563488095998764 -0.9095247983932495
vn 0.26018378138542175 0.15845412015914917 -0.9524686932563782
vn -0.5590861439704895 0.806698203086853 -0.1914699375629425
vn -0.21014715731143951 0.5386782288551331 -0.8158822655677795
vn -0.5830610394477844 0.6570349335670471 -0.4778546690940857
vn -0.8639647364616394 -0.03878289833664894 -0.5020566582679749
vn -0.8722420930862427 0.48808184266090393 0.031141892075538635
vn -0.122352235019207 0.9442814588546753 -0.30555272102355957
vn -0.3422749638557434 -0.06085425615310669 0.9376270771026611
vn -0.27614644169807434 0.07212875783443451 0.9584051966667175
vn -0.2403073012828827 -0.08517343550920486 0.9669528603553772
vn -0.5842617154121399 -0.3808459937572479 0.7166551351547241
vn -0.6394125819206238 -0.13778337836265564 0.7564173936843872
vn -0.8766878247261047 -0.1926896572113037 0.44078245759010315
vn -0.633699357509613 0.3602422773838043 0.6845806241035461
vn -0.3922679126262665 0.3045324981212616 0.8679779767990112
vn -0.7341604232788086 -0.652843177318573 0.186558797955513
vn -0.7442982196807861 -0.6599955558776855 -0.10210786759853363
vn -0.9333080053329468 -0.015652399510145187 0.3587357699871063
vn -0.4891725778579712 -0.8480324745178223 0.20384149253368378
vn -0.38062235713005066 -0.8938930034637451 -0.23681630194187164
vn 0.1611267477273941 -0.9441137909889221 -0.28755390644073486
vn 0.47168076038360596 -0.6940291523933411 -0.5439124703407288
vn 0.5484805107116699 -0.6097592115402222 -0.5721563100814819
vn 0.655674159526825 -0.7191674709320068 -0.22997725009918213
vn 0.6132870316505432 -0.574783980846405 -0.5417585968971252
vn 0.7884748578071594 -0.5755748152732849 -0.21684333682060242
vn 0.7450367212295532 -0.4356485605239868 -0.5051046013832092
vn 0.8950744271278381 -0.4267759919166565 -0.12924401462078094
vn 0.7918899655342102 -0.37388572096824646 -0.48282456398010254
vn 0.6201573014259338 -0.33388856053352356 -0.7098755836486816
vn 0.5462014675140381 -0.2969111204147339 -0.7832673192024231
vn 0.8996907472610474 -0.10805562138557434 -0.42294254899024963
vn 0.7508856654167175 0.1618557572364807 -0.6402917504310608
vn 0.516875147819519 0.07051221281290054 -0.853151798248291
vn 0.9926291704177856 -0.1209075003862381 0.008289281278848648
vn 0.8846101760864258 -0.3842321038246155 0.26425477862358093
vn 0.8984548449516296 -0.20147892832756042 0.390109121799469
vn 0.7741053104400635 -0.37470513582229614 0.5102518796920776
vn 0.7035930156707764 -0.29920148849487305 0.6445427536964417
vn 0.6005495190620422 -0.3475646376609802 0.7200967073440552
vn 0.5868232250213623 -0.2744341790676117 0.7617903351783752
vn 0.5046619176864624 -0.25321289896965027 0.8253481984138489
vn 0.5239896774291992 -0.1718469262123108 0.8342083096504211
vn 0.3908325433731079 -0.43272992968559265 0.8124005794525146
vn -0.10970283299684525 -0.4327325224876404 0.8948227763175964
vn 0.7669094800949097 -0.5782603025436401 0.27832508087158203
vn 0.6156045198440552 -0.7432101368904114 0.2620491683483124
vn -0.9788007140159607 0.017060961574316025 0.20410333573818207
vn -0.543402910232544 0.6342867016792297 0.5499033331871033
vn -0.7100194096565247 -0.6582651734352112 -0.2501188814640045
vn -0.7239629030227661 -0.44705119729042053 -0.525378942489624
vn -0.9911847710609436 0.021926261484622955 -0.13065989315509796
vn -0.017924156039953232 -0.9293831586837769 -0.3686811327934265
vn -0.1975046843290329 -0.48055481910705566 -0.8544347882270813
vn -0.37295806407928467 0.7594277858734131 0.533077597618103
vn -0.31365659832954407 0.6046679019927979 0.7321175932884216
vn -0.39670586585998535 0.7327727675437927 0.5528729557991028
vn -0.2907254993915558 0.5784066319465637 0.7621839046478271
vn -0.5043421983718872 0.6172878742218018 0.6038166880607605
vn -0.38992029428482056 0.5487717390060425 0.7394672632217407
vn -0.7825867533683777 0.5005882382392883 0.3700937032699585
vn -0.9758813977241516 0.05368347093462944 0.2115979939699173
vn -0.9302387237548828 -0.3609534800052643 0.06609554588794708
vn -0.49764591455459595 -0.8588384985923767 -0.12142862379550934
vn -0.6989505290985107 0.14177577197551727 -0.7009763121604919
vn -0.47914600372314453 0.5547756552696228 -0.680178701877594
vn -0.24034817516803741 0.6376192569732666 0.73189777135849
vn -0.044391877949237823 0.9607324600219727 -0.2739020586013794
vn 0.07625127583742142 0.7269520163536072 -0.6824414730072021
vn -0.18168474733829498 0.9638144969940186 -0.19507041573524475
vn -0.10252813249826431 0.6131442189216614 -0.7832894325256348
vn -0.11740035563707352 0.3381708562374115 -0.9337332248687744
vn -0.23933137953281403 0.5408148765563965 -0.8063744902610779
vn -0.3209853768348694 0.526150643825531 -0.7874858379364014
vn -0.39090749621391296 0.6692467331886292 -0.6319019794464111
vn -0.43930068612098694 0.6626168489456177 -0.6065919399261475
vn -0.581108570098877 0.39002224802970886 -0.7142797708511353
vn -0.8484411835670471 -0.3986769914627075 -0.3481440246105194
vn -0.5673120021820068 -0.5726709961891174 -0.5917811393737793
vn -0.550101637840271 -0.8292920589447021 -0.09829971939325333
vn -0.3885437846183777 -0.8372477293014526 -0.38477271795272827
vn -0.17034755647182465 -0.983456552028656 0.06160266697406769
vn -0.5582737922668457 -0.7852798104286194 0.26770511269569397
vn 0.05477036535739899 -0.9583024382591248 0.28045791387557983
vn -0.9888579249382019 -0.1457567662000656 -0.030248768627643585
vn -0.5590569972991943 0.6619635224342346 -0.49925902485847473
vn -0.5696446895599365 0.6252729296684265 -0.5334217548370361
vn -0.1666969507932663 -0.6083759665489197 -0.7759450078010559
vn -0.45666101574897766 -0.08357022702693939 0.8857069611549377
vn 0.3419204354286194 0.2698109745979309 0.9001624584197998
vn 0.27389055490493774 0.3561868667602539 0.8933728337287903
vn -0.08133435994386673 0.7232546210289001 0.685775101184845
vn 0.4815692603588104 0.39273321628570557 0.7834868431091309
vn 0.32642829418182373 0.6602818369865417 0.6763671040534973
vn -0.13170532882213593 0.7891551852226257 -0.5999065041542053
vn -0.39125949144363403 0.6892197728157043 -0.6098294854164124
vn -0.35781246423721313 0.46568217873573303 -0.8093888163566589
vn 0.583766520023346 0.34472838044166565 0.7351047396659851
vn 0.2283814400434494 0.47521376609802246 -0.8497139811515808
vn 0.021934350952506065 0.5582015514373779 -0.8294154405593872
vn -0.18145078420639038 0.4564901292324066 -0.8710294961929321
vn 0.11071502417325974 0.08356859534978867 -0.9903324842453003
vn -0.30721360445022583 0.2619742453098297 -0.9148712158203125
vn -0.21072012186050415 0.06988454610109329 -0.9750451445579529
vn -0.05742375925183296 -0.24678586423397064 -0.9673671126365662
vn 0.2851698100566864 -0.3948444426059723 -0.8733705282211304
vn 0.09274780750274658 -0.7822626233100891 -0.6160057783126831
vn 0.5590111613273621 -0.7354589700698853 -0.38289251923561096
vn -0.38941502571105957 -0.3643784821033478 -0.8459221124649048
vn -0.5507476925849915 -0.2086796760559082 -0.8081644177436829
vn -0.8142516613006592 -0.5007173418998718 -0.2937283217906952
vn -0.6389914751052856 -0.7156179547309875 -0.28210094571113586
vn -0.5493708848953247 -0.8048503398895264 0.22451654076576233
vn -0.3897867798805237 -0.8778101801872253 0.2784160375595093
vn -0.5860044956207275 -0.11691631376743317 -0.8018288016319275
vn 0.04103195667266846 -0.3630959391593933 0.9308478832244873
vn 0.7011101245880127 -0.669383704662323 0.2457030862569809
vn 0.12213612347841263 0.5726516842842102 0.8106496930122375
vn -0.05508335307240486 0.3897016644477844 0.9192923903465271
vn 0.34206753969192505 -0.07233640551567078 0.9368870258331299
vn 0.11693690717220306 -0.16958341002464294 0.9785535931587219
vn -0.1616474688053131 0.025783024728298187 0.9865117073059082
vn 0.5717246532440186 -0.21183635294437408 0.7926262617111206
vn 0.6417779326438904 -0.490017294883728 0.5899186730384827
vn -0.7223107814788818 0.47014716267585754 -0.5071772933006287
vn -0.7934999465942383 0.3700745403766632 -0.4831177294254303
vn -0.9455177783966064 -0.15810754895210266 -0.2846018970012665
vn -0.21555307507514954 -0.835053026676178 0.5061850547790527
vn 0.4750519096851349 -0.6758202910423279 0.5635535717010498
vn 0.6644459366798401 -0.3486655354499817 0.6610172986984253
vn 0.9026587605476379 -0.08030962198972702 0.42279738187789917
vn 0.8838497400283813 -0.028790058568120003 0.4668840765953064
vn 0.9562858939170837 0.08400813490152359 0.2801070511341095
vn 0.9138801097869873 0.23644140362739563 0.3300281763076782
vn -0.14686641097068787 0.9068161845207214 -0.3951135575771332
vn 0.8766739368438721 -0.022563552483916283 0.4805557131767273
vn 0.8987367153167725 0.2442535012960434 0.36416003108024597
vn 0.8123339414596558 0.07892999798059464 0.5778265595436096
vn 0.7524445652961731 0.29838186502456665 0.5871928930282593
vn 0.6182592511177063 0.06574717164039612 0.7832195162773132
vn 0.5477937459945679 0.30500733852386475 0.7790329456329346
vn 0.3029298186302185 0.5374242067337036 0.7870252132415771
vn 0.5007115006446838 -0.6150431036949158 0.6091059446334839
vn -0.0544278584420681 -0.9016829133033752 0.42895883321762085
vn 0.5359025597572327 -0.6113880276679993 0.582248330116272
vn 0.42231929302215576 -0.5417801141738892 -0.7267192006111145
vn 0.03183479979634285 -0.5714411735534668 -0.8200253248214722
vn -0.3975890576839447 -0.5473839640617371 -0.7364059686660767
vn -0.46688079833984375 -0.1553116887807846 -0.8705748319625854
vn -0.35707011818885803 0.3384456932544708 -0.8706064224243164
vn -0.8223080039024353 0.25506389141082764 -0.5086766481399536
vn -0.9258022308349609 0.2749498188495636 -0.25940847396850586
vn -0.9389878511428833 0.26441407203674316 -0.21997080743312836
vn -0.9353994727134705 0.3532103896141052 -0.0164354145526886
vn -0.6954147815704346 0.7166708707809448 -0.052737046033144
vn -0.9060778617858887 0.3528083264827728 0.23355735838413239
vn -0.6042853593826294 0.7777909636497498 -0.17285969853401184
vn -0.048508185893297195 0.9987928867340088 0.00772852310910821
vn 0.3893546760082245 0.9201110601425171 0.04240858554840088
vn -0.7075896263122559 0.2675042748451233 0.6540323495864868
vn -0.8202019333839417 0.29531827569007874 -0.4899548292160034
vn -0.7305647134780884 0.44999250769615173 -0.5135970711708069
vn -0.4127214252948761 -0.9075953364372253 0.07701781392097473
vn -0.44874072074890137 -0.885158121585846 0.1229916661977768
vn -0.4210267961025238 -0.9063369035720825 -0.03591257333755493
vn -0.38655221462249756 -0.9152235388755798 -0.11376867443323135
vn -0.3017744719982147 -0.9532255530357361 -0.017128117382526398
vn -0.3044436573982239 -0.9320209622383118 0.1965983510017395
vn -0.3447447717189789 -0.901162326335907 -0.2627881169319153
vn -0.28736016154289246 -0.9159359931945801 -0.2801523804664612
vn -0.31023839116096497 -0.8216637372970581 -0.47814300656318665
vn -0.198643296957016 -0.8556855916976929 -0.4778525233268738
vn -0.01036466471850872 -0.9675013422966003 -0.2526532709598541
vn -0.10792425274848938 -0.9893408417701721 -0.0977596640586853
vn -0.09674281626939774 -0.9166557192802429 -0.387792706489563
vn -0.1436227560043335 -0.04089886695146561 0.9887869954109192
vn 0.14784927666187286 0.03223679959774017 0.9884843826293945
vn 0.07650533318519592 -0.17455297708511353 0.9816710948944092
vn -0.0859735831618309 -0.1632380485534668 0.9828335642814636
vn -0.060955651104450226 -0.07631023228168488 0.9952191114425659
vn -0.06612630188465118 -0.22361165285110474 0.972432553768158
vn -0.21872709691524506 0.23153571784496307 0.9479185938835144
vn 0.09275395423173904 0.23249004781246185 0.9681658744812012
vn -0.2268105000257492 -0.5595665574073792 0.7971463203430176
vn -0.4323488175868988 -0.3728005290031433 0.8210323452949524
vn -0.5292040705680847 0.050966933369636536 0.8469624519348145
vn 0.2379523068666458 -0.9642502665519714 -0.11661961674690247
vn -0.005882924422621727 -0.9698532819747925 -0.24361854791641235
vn -0.049530595541000366 -0.9964361786842346 -0.06827592104673386
vn 0.06807150691747665 -0.9966344237327576 -0.04567291587591171
vn -0.20546415448188782 -0.955674409866333 -0.21088148653507233
vn 0.21583756804466248 -0.9743962287902832 -0.06297682970762253
vn 0.08437903225421906 -0.9778504371643066 -0.19154253602027893
vn 0.2923271954059601 0.9549612998962402 0.05092984437942505
vn 0.19909889996051788 0.9799789190292358 -0.0009415653767064214
vn 0.23258079588413239 0.9723916053771973 0.018998313695192337
vn 0.18250273168087006 0.9827389121055603 0.030283238738775253
vn 0.2831159234046936 0.9535411596298218 0.10297856479883194
vn -0.032752782106399536 0.9991883039474487 0.02345266006886959
vn 0.20164798200130463 0.9785993695259094 0.04100439324975014
vn -0.1846461296081543 -0.9799151420593262 -0.07531373202800751
vn -0.13784463703632355 -0.9855934381484985 0.09800191968679428
vn -0.5127232074737549 -0.8576197624206543 -0.040040258318185806
vn -0.5726340413093567 -0.6604238748550415 -0.48572680354118347
vn -0.18560978770256042 -0.9746432900428772 -0.12497757375240326
vn -0.127863809466362 -0.9868502020835876 0.09888061881065369
vn -0.27050212025642395 -0.7915346622467041 -0.547997772693634
vn 0.38995349407196045 0.9207122325897217 0.01500743068754673
vn 0.17494343221187592 0.9774847030639648 -0.11797552555799484
vn 0.23139582574367523 0.9723926186561584 0.030141467228531837
vn 0.39366811513900757 0.9157050848007202 0.08068230748176575
vn 0.0210572499781847 0.9983096122741699 0.054170940071344376
vn 0.16779343783855438 0.9679303169250488 0.186966210603714
vn 0.12535250186920166 0.9733450412750244 0.19205735623836517
vn -0.9018603563308716 0.09927768260240555 -0.4204665422439575
vn -0.9755846858024597 0.05030578374862671 -0.21378491818904877
vn -0.9787402749061584 0.1407182216644287 -0.14921770989894867
vn -0.8957686424255371 0.264081746339798 -0.35757410526275635
vn -0.974758505821228 0.1180005744099617 -0.18953019380569458
vn -0.9496464729309082 -0.039695192128419876 -0.3107989728450775
vn -0.7811382412910461 -0.06727902591228485 -0.6207225918769836
vn -0.945909857749939 0.26346394419670105 -0.18931758403778076
vn -0.8803010582923889 0.14060911536216736 0.45309939980506897
vn -0.9238114953041077 0.07482808083295822 0.3754638731479645
vn -0.7929781675338745 0.023120224475860596 0.6088112592697144
vn -0.8680461645126343 -0.02130989544093609 0.49602600932121277
vn -0.9408343434333801 0.22114205360412598 0.2567623555660248
vn -0.9814363121986389 0.13107168674468994 0.140011265873909
vn -0.935985803604126 0.1863476186990738 0.2986721694469452
vn -0.7788016200065613 0.2867434620857239 -0.5578945279121399
vn -0.5675103068351746 0.3150715231895447 -0.7606983184814453
vn -0.676056444644928 0.024793505668640137 -0.7364326119422913
vn -0.9866797924041748 -0.002745195059105754 -0.16265155375003815
vn -0.989288330078125 0.12193925678730011 -0.08024565875530243
vn -0.8800766468048096 0.11282794177532196 -0.4612320065498352
vn -0.9635269045829773 0.09716885536909103 0.24934734404087067
vn -0.7564532160758972 -0.6154253482818604 0.22142738103866577
vn -0.3066492974758148 0.7335469126701355 0.6065272092819214
vn -0.10701632499694824 0.4579585790634155 0.8825086355209351
vn -0.12673291563987732 0.18704549968242645 0.9741421341896057
vn -0.19023823738098145 -0.004027818329632282 0.9817296862602234
vn -0.6173089146614075 0.7770183682441711 -0.12317538261413574
vn -0.32233452796936035 0.9454229474067688 -0.04770722985267639
vn -0.02014000527560711 0.7696208953857422 0.6381834745407104
vn -0.03203295171260834 0.37603873014450073 0.9260501265525818
vn -0.02251150645315647 -0.12875640392303467 -0.9914207458496094
vn -0.40005528926849365 -0.0796363577246666 -0.9130245447158813
vn -0.6561176180839539 -0.2631424069404602 -0.7072945833206177
vn -0.41874635219573975 -0.7259549498558044 -0.5455647706985474
vn -0.10078252106904984 0.025992101058363914 -0.994568943977356
vn -0.1642182618379593 0.07995740324258804 -0.9831780791282654
vn 0.004379897844046354 0.2998068332672119 -0.9539898633956909
vn -0.16203095018863678 0.06241017207503319 -0.9848101139068604
vn 0.35863521695137024 -0.12212353944778442 -0.9254547953605652
vn 0.31613725423812866 0.2457476407289505 -0.9163325428962708
vn 0.18093489110469818 -0.7603887915611267 -0.623755931854248
vn -0.8598757982254028 0.18235959112644196 -0.47682124376296997
vn -0.6252771019935608 0.44250911474227905 -0.642817497253418
vn -0.4537320137023926 0.8895147442817688 -0.05376593396067619
vn -0.860312283039093 0.443221777677536 0.2518279552459717
vn -0.13917237520217896 0.984358549118042 0.10802473872900009
vn 0.14790157973766327 0.9618628025054932 -0.23009806871414185
vn -0.07034286856651306 0.5925114154815674 -0.802484929561615
vn -0.3247118592262268 0.3689913749694824 -0.8708659410476685
vn -0.692025899887085 0.3017117381095886 0.6557973623275757
vn -0.940199077129364 0.11754649877548218 0.3197003901004791
vn -0.08890870958566666 0.9953055381774902 -0.038237206637859344
vn -0.32908064126968384 0.40694355964660645 0.8521167039871216
vn -0.21909987926483154 0.6226899027824402 -0.7511674165725708
vn 0.18389789760112762 -0.7742244005203247 0.6056056022644043
vn 0.16366571187973022 -0.36055752635002136 0.9182656407356262
vn 0.4059979319572449 -0.4976080656051636 0.76651930809021
vn 0.01706821285188198 -0.7257682681083679 0.6877275705337524
vn 0.16417929530143738 -0.5917007327079773 0.789262592792511
vn 0.569252073764801 -0.7396772503852844 0.35892853140830994
vn 0.3544304668903351 -0.8093981146812439 -0.4682454764842987
vn -0.21890951693058014 -0.9287900924682617 -0.29904451966285706
vn -0.09918425977230072 -0.8552442193031311 -0.5086450576782227
vn -0.11737748235464096 -0.8964003324508667 -0.4274212121963501
vn 0.3902245759963989 -0.6009652614593506 -0.6975424885749817
vn 0.5087113380432129 0.610638439655304 0.6069048643112183
vn 0.24034623801708221 0.7065421342849731 0.6656063795089722
vn 0.32434025406837463 0.9436652660369873 0.06556828320026398
vn 0.6355692744255066 0.7135998010635376 0.2946644723415375
vn 0.6816238164901733 0.3169303238391876 0.6595029830932617
vn 0.32371145486831665 0.4339081645011902 0.8407940864562988
vn 0.27506956458091736 0.8921160101890564 0.35842108726501465
vn 0.8142649531364441 0.3497854471206665 0.4632739722728729
vn 0.13508111238479614 -0.9188641905784607 0.37073132395744324
vn -0.5136324167251587 -0.8454375267028809 0.1463460624217987
vn -0.3250437080860138 -0.6753060221672058 0.6620486974716187
vn -0.09010685235261917 -0.39767181873321533 0.9130924940109253
vn 0.5053703188896179 -0.03407500684261322 0.8622295260429382
vn 0.03874802961945534 -0.09412550181150436 0.9948061108589172
vn 0.05421683192253113 0.1780853122472763 0.982520341873169
vn 0.41962283849716187 0.18701235949993134 0.888224720954895
vn 0.5239611864089966 -0.2583966553211212 0.8116008043289185
vn 0.1557878851890564 -0.22182290256023407 0.9625614881515503
vn 0.71198570728302 -0.09756749868392944 0.6953825950622559
vn 0.7257692217826843 -0.23095087707042694 0.6480129957199097
vn 0.014232808724045753 0.17835882306098938 0.983862578868866
vn 0.3868657946586609 0.29190701246261597 0.8747143149375916
vn 0.5420296788215637 0.29883480072021484 -0.7854307889938354
vn -0.16932713985443115 0.4969562292098999 -0.8510950207710266
vn -0.22651512920856476 -0.09334690868854523 -0.9695242047309875
vn 0.24605807662010193 -0.1111772283911705 -0.9628577828407288
vn 0.5703410506248474 -0.026691803708672523 -0.8209741711616516
vn 0.265167236328125 0.07741403579711914 -0.9610896706581116
vn 0.12889079749584198 0.17901551723480225 -0.9753668904304504
vn 0.936294436454773 0.3148348927497864 -0.15566569566726685
vn 0.8043283820152283 0.5090359449386597 0.3064936399459839
vn 0.24591855704784393 -0.21146291494369507 -0.9459426999092102
vn 0.5851632952690125 -0.21507562696933746 -0.7818737626075745
vn 0.7352733612060547 -0.18187877535820007 -0.6529114842414856
vn 0.6487699747085571 0.028750279918313026 -0.7604413628578186
vn -0.24295954406261444 0.6638496518135071 -0.7073006629943848
vn -0.15344509482383728 0.3589787483215332 -0.9206459522247314
vn -0.284600168466568 0.2583704888820648 -0.9231724143028259
vn 0.24663043022155762 -0.7514938712120056 -0.6119072437286377
vn -0.25958412885665894 -0.31838712096214294 -0.9117268323898315
vn -0.4442089796066284 -0.688845694065094 -0.5728612542152405
vn 0.39280927181243896 -0.9031838178634644 0.1730891913175583
vn 0.6122939586639404 -0.7904350161552429 0.01756119541823864
vn -0.5021056532859802 -0.855767548084259 -0.1247071772813797
vn -0.5126312375068665 -0.808748185634613 0.28833240270614624
vn -0.5656160712242126 -0.8230116367340088 -0.05225280299782753
vn -0.6667875051498413 -0.7445666790008545 0.03185882419347763
vn -0.43020930886268616 -0.6229645609855652 0.6533262133598328
vn 0.8006179332733154 -0.1928885281085968 -0.5672786235809326
vn 0.7880548238754272 -0.339594304561615 -0.5134640336036682
vn 0.8377646207809448 -0.36053210496902466 -0.4100818634033203
vn 0.8066698312759399 -0.3357921838760376 -0.4863407611846924
vn 0.6829919815063477 -0.40873777866363525 -0.6053555607795715
vn 0.8404847979545593 -0.44470420479774475 -0.30955377221107483
vn 0.9663504362106323 -0.19304803013801575 -0.1699976921081543
vn 0.7890241146087646 0.11259923875331879 -0.6039556264877319
vn 0.9612029194831848 0.052174944430589676 -0.2708628177642822
vn 0.695602536201477 0.33819931745529175 0.6338441371917725
vn 0.8387688994407654 0.46380820870399475 0.28521716594696045
vn 0.450481116771698 0.7565790414810181 0.4739777445793152
vn 0.5009129643440247 0.3119131624698639 0.8073390126228333
vn 0.5152294039726257 0.519699215888977 0.6815066933631897
vn 0.35273686051368713 0.677688479423523 0.645224928855896
vn 0.008063730783760548 0.751913845539093 0.659212052822113
vn -0.39439067244529724 0.8966121077537537 0.2013523429632187
vn -0.5825837254524231 0.11589489132165909 0.8044654726982117
vn -0.38178661465644836 0.6178823709487915 0.6873575448989868
vn -0.26160916686058044 -0.09905850887298584 0.9600771069526672
vn -0.3431602418422699 -0.052366968244314194 0.9378159642219543
vn -0.7188987731933594 0.043755169957876205 0.6937362551689148
vn -0.9576416611671448 0.28609222173690796 -0.03276796266436577
vn -0.5996062755584717 0.40651166439056396 0.6893624067306519
vn -0.4792323708534241 0.2841496169567108 0.8304187655448914
vn -0.7328187823295593 0.6568559408187866 0.17753027379512787
vn -0.6238066554069519 0.7414323091506958 0.2472720742225647
vn 0.45076867938041687 -0.12722031772136688 0.883528470993042
vn 0.5279258489608765 -0.2540036141872406 0.8104174733161926
vn 0.6156349778175354 -0.15688090026378632 0.7722577452659607
vn 0.4899754524230957 -0.15874949097633362 0.8571596145629883
vn 0.4061328172683716 -0.14761202037334442 0.9018130302429199
vn 0.4339126646518707 -0.10353638976812363 0.894986093044281
vn 0.47909310460090637 -0.2542223632335663 0.8401433229446411
vn -0.592201828956604 0.7294082641601562 -0.34243330359458923
vn -0.6781806349754333 0.509482204914093 -0.5296214818954468
vn -0.5147829055786133 0.7823255658149719 -0.35066404938697815
vn -0.434890478849411 0.6622008681297302 -0.6102133393287659
vn 0.8541414737701416 -0.4274177551269531 0.2962372899055481
vn 0.8305279016494751 -0.5196219086647034 0.20054033398628235
vn 0.7822738289833069 -0.2795046865940094 0.5567089915275574
vn 0.8738588690757751 -0.38992926478385925 0.29038891196250916
vn 0.8423172235488892 -0.30939677357673645 -0.441333532333374
vn 0.7290307879447937 -0.5476900935173035 -0.4105480909347534
vn 0.834560751914978 -0.3839087188243866 0.39512327313423157
vn 0.9223813414573669 -0.20584248006343842 -0.3268665671348572
vn 0.657681941986084 -0.6087552309036255 0.44370198249816895
vn 0.5675815939903259 -0.4983583390712738 0.6553548574447632
vn 0.6975470781326294 -0.5142839550971985 0.49893900752067566
vn -0.6135812401771545 0.21397581696510315 -0.7600871324539185
vn -0.4399164319038391 0.20336782932281494 -0.8747086524963379
vn -0.34112897515296936 0.6747034192085266 -0.654527485370636
vn 0.296804279088974 0.7057136297225952 -0.6433315873146057
vn -0.4938090443611145 0.2617257535457611 -0.8292480111122131
vn -0.6099662780761719 0.22616031765937805 -0.759468674659729
vn 0.7793206572532654 -0.17918764054775238 0.6004591584205627
vn 0.9410266280174255 -0.19285805523395538 0.2779831290245056
vn 0.6438177227973938 -0.7123443484306335 -0.2793996334075928
vn 0.48646578192710876 -0.4879816472530365 -0.7247240543365479
vn 0.6088335514068604 -0.39678171277046204 -0.686939537525177
vn 0.5668190717697144 -0.5080085396766663 -0.6485702991485596
vn 0.3558700680732727 -0.4538716971874237 -0.8169191479682922
vn 0.0210817139595747 -0.7079964280128479 -0.7059012055397034
vn 0.6074236035346985 -0.7696226835250854 0.1967671662569046
vn 0.34315168857574463 -0.8218819499015808 0.4547055661678314
vn -0.31127655506134033 -0.8702712059020996 -0.38175246119499207
vn 0.4635202884674072 -0.6137300729751587 -0.6391278505325317
vn 0.8486856818199158 -0.5213607549667358 0.08896981924772263
vn -0.16864784061908722 -0.661415696144104 -0.730812668800354
vn 0.2945531904697418 -0.5542647242546082 -0.7784786224365234
vn -0.6926538944244385 -0.5319314002990723 -0.4871136546134949
vn -0.6032975316047668 -0.537513792514801 -0.5891611576080322
vn -0.525757372379303 -0.6812006831169128 -0.5094553828239441
vn -0.23274283111095428 0.9708735346794128 0.056879229843616486
vn -0.7540568113327026 0.5997613072395325 -0.2677401006221771
vn 0.37409508228302 0.8672556281089783 -0.3285124897956848
vn -0.22562842071056366 0.9282416701316833 0.2957352101802826
vn -0.12497277557849884 0.9885759949684143 0.08425816893577576
vn -0.47777485847473145 0.838979184627533 -0.26047083735466003
vn -0.7020373940467834 -0.6193552017211914 0.3514863848686218
vn -0.8470273017883301 -0.46722298860549927 0.25347059965133667
vn -0.6220059394836426 -0.29690974950790405 0.7245365381240845
vn -0.6050464510917664 -0.793976366519928 0.059331052005290985
vn 0.4852598011493683 -0.6861485838890076 -0.5419620871543884
vn 0.7171322703361511 0.645189106464386 -0.2635382413864136
vn -0.07348217815160751 0.966403067111969 0.24630333483219147
vn 0.20024873316287994 -0.3173956871032715 0.9269091486930847
vn 0.10008548945188522 -0.15577976405620575 0.9827083349227905
vn -0.5680443644523621 -0.28772979974746704 0.7710623741149902
vn -0.592216968536377 -0.7553227543830872 0.2806539237499237
vn 0.28917068243026733 -0.8717514872550964 0.39551201462745667
vn 0.3122030794620514 -0.9228445887565613 0.2255813181400299
vn -0.6622567176818848 -0.7179816365242004 -0.2142859250307083
vn -0.952509880065918 -0.2400762438774109 -0.187318354845047
vn -0.9315285086631775 -0.3371601104736328 0.13629989326000214
vn -0.8146793246269226 -0.5324353575706482 0.22980456054210663
vn -0.5715242028236389 -0.8157630562782288 -0.08882948011159897
vn -0.6072489023208618 -0.7934843897819519 -0.040389418601989746
vn -0.6369624733924866 -0.7706196308135986 0.020595960319042206
vn 0.20736239850521088 -0.8855853080749512 -0.415619432926178
vn -0.7920258641242981 -0.6059350371360779 0.07441742718219757
vn 0.022424373775720596 -0.9707043170928955 -0.23922868072986603
vn -0.7573781609535217 -0.23325729370117188 -0.6098929643630981
vn -0.9789003133773804 -0.09832167625427246 -0.17912866175174713
vn -0.9817377328872681 -0.14615778625011444 0.12177389860153198
vn 0.45469537377357483 0.7269089818000793 0.5146411657333374
vn -0.47913995385169983 0.8612221479415894 -0.16947348415851593
vn -0.7168678045272827 0.6213021874427795 -0.3163610100746155
vn -0.5375791788101196 0.5275617241859436 -0.6577897071838379
vn -0.4184698760509491 0.36746516823768616 -0.8305734992027283
vn -0.19190332293510437 0.5970740914344788 -0.7788939476013184
vn 0.5531104207038879 0.833050549030304 0.009773303754627705
vn -0.7553905844688416 0.6550989747047424 -0.015181394293904305
vn -0.9854561686515808 0.005634946282953024 -0.16983690857887268
vn -0.9271246790885925 0.33715125918388367 -0.16361169517040253
vn -0.786063015460968 0.5890441536903381 -0.18743495643138885
vn 0.9822033047676086 -0.013576995581388474 0.18732933700084686
vn 0.8063803911209106 -0.04324131831526756 0.5898143649101257
vn -0.24088610708713531 0.8111448884010315 -0.5329334139823914
vn -0.08866449445486069 0.9907630681991577 0.10260163992643356
vn 0.38573917746543884 0.04722752794623375 -0.9213983416557312
vn 0.5174077153205872 -0.06426455080509186 -0.8533225655555725
vn 0.4381922781467438 -0.03850381448864937 -0.898056149482727
vn 0.3892097473144531 0.047223255038261414 -0.9199379682540894
vn 0.35384780168533325 0.039286404848098755 -0.9344775676727295
vn 0.5298291444778442 -0.06035254895687103 -0.8459542989730835
vn 0.3547849953174591 0.049367234110832214 -0.933643639087677
vn -0.6939322352409363 -0.3821779787540436 -0.6102443933486938
vn -0.5573093295097351 -0.6771584749221802 -0.4804818034172058
vn -0.4143863916397095 -0.32242780923843384 -0.8510724306106567
vn -0.7490209937095642 -0.6368853449821472 -0.1826051026582718
vn -0.8192664384841919 -0.3267568349838257 0.47120317816734314
vn -0.8685264587402344 0.47312653064727783 -0.14769239723682404
vn -0.548273503780365 0.7510620355606079 -0.3678343594074249
vn -0.5589932799339294 0.8162712454795837 0.1456979364156723
vn -0.85958331823349 0.3554271161556244 0.3671349585056305
vn -0.6810307502746582 0.16853457689285278 -0.71259605884552
vn -0.45889022946357727 0.31146758794784546 -0.8321104645729065
vn -0.9692602157592773 0.24536767601966858 0.018148113042116165
vn -0.9957821369171143 0.08001047372817993 -0.04490232467651367
vn 0.36939695477485657 0.35777372121810913 -0.8576385974884033
vn 0.5231838822364807 0.8178502917289734 -0.23958180844783783
vn 0.6940414905548096 0.42752134799957275 -0.5792511701583862
vn 0.37759554386138916 0.415339857339859 -0.8275955319404602
vn 0.2468651533126831 0.38883888721466064 -0.8876159191131592
vn 0.17727042734622955 0.3848439157009125 -0.9057981371879578
vn 0.08932895213365555 0.7458932399749756 -0.660048246383667
vn 0.8909326195716858 0.16177816689014435 0.4243427813053131
vn 0.8790780901908875 0.16002696752548218 0.4490135610103607
vn 0.6577104330062866 0.7102752327919006 0.25085049867630005
vn 0.12018009275197983 0.9793611168861389 0.16250725090503693
vn 0.8883215188980103 0.12738896906375885 0.4411993622779846
vn 0.8954376578330994 0.055744413286447525 0.44168317317962646
vn 0.5361610651016235 0.5198795199394226 0.6650237441062927
vn 0.14958710968494415 -0.5507614016532898 0.8211489319801331
vn 0.5387263894081116 -0.7541767954826355 0.3754879832267761
vn 0.891934871673584 -0.09589499980211258 0.4418783485889435
vn 0.29131606221199036 0.2633794844150543 0.9196555018424988
vn -0.8635615110397339 0.10677771270275116 0.4928082227706909
vn -0.8509467244148254 -0.49518635869026184 0.1751575469970703
vn -0.43876805901527405 -0.8973362445831299 -0.0476476289331913
vn -0.34748321771621704 -0.041116129606962204 0.9367843866348267
vn 0.016366461291909218 0.48804283142089844 0.8726661801338196
vn -0.2283739447593689 0.7107586860656738 0.6653324365615845
vn -0.16766239702701569 -0.0679742842912674 0.9834982752799988
vn -0.33808982372283936 0.05792975798249245 0.9393291473388672
vn 0.6227766275405884 0.4037925899028778 0.6701498627662659
vn -0.2771565020084381 -0.00401531346142292 0.9608163237571716
vn -0.5711692571640015 -0.804929792881012 0.1607910841703415
vn -0.9337702989578247 -0.3344736695289612 -0.12728165090084076
vn -0.35605576634407043 0.03216683492064476 0.9339108467102051
vn -0.04225588217377663 -0.03395853936672211 0.9985294938087463
vn -0.5495699048042297 -0.6926050186157227 0.46719488501548767
vn 0.8529574275016785 -0.2930879294872284 -0.43192949891090393
vn 0.8767441511154175 -0.28326675295829773 -0.38868963718414307
vn 0.34148043394088745 -0.8475416302680969 -0.4062810242176056
vn 0.2323015034198761 -0.648586094379425 -0.7248255014419556
vn 0.882045328617096 0.008922112174332142 -0.4710800349712372
vn 0.9379420876502991 -0.07919427007436752 -0.3376283347606659
vn -0.07993228733539581 -0.05707697570323944 -0.9951647520065308
vn 0.04458964988589287 -0.5149837732315063 -0.8560394048690796
vn 0.4900403320789337 -0.47316959500312805 -0.7321003675460815
vn 0.24198982119560242 -0.9646791219711304 -0.10409236699342728
vn -0.7257378697395325 -0.6873357892036438 0.02956559509038925
vn -0.19649501144886017 -0.10072047263383865 -0.9753179550170898
vn -0.8786924481391907 -0.2914299964904785 -0.37811145186424255
vn -0.2749387323856354 -0.7791188359260559 0.5633670687675476
vn 0.023686174303293228 -0.5839429497718811 0.8114491105079651
vn -0.5467097759246826 -0.4041503071784973 0.7333285808563232
vn -0.8098719120025635 -0.3118888735771179 0.4968227744102478
vn 0.41854196786880493 -0.7559772729873657 0.5033100843429565
vn 0.8181554079055786 0.3617124855518341 -0.44697389006614685
vn 0.8490092158317566 0.18444812297821045 -0.495138555765152
vn 0.14850416779518127 0.41053280234336853 -0.8996717929840088
vn 0.04870527982711792 0.7855074405670166 -0.6169326901435852
vn 0.8500310182571411 0.356082022190094 -0.388140469789505
vn 0.9292641282081604 0.08638573437929153 -0.3591737449169159
vn -0.0696008950471878 0.9974592328071594 0.015190362930297852
vn -0.8169296383857727 0.2943079173564911 -0.4959928095340729
vn -0.8121857047080994 0.4686165452003479 -0.3474951982498169
vn -0.8764176964759827 0.37793415784835815 -0.2984256148338318
vn -0.8728512525558472 0.22069574892520905 -0.4352288246154785
vn -0.6644317507743835 0.6428133845329285 -0.3812102675437927
vn -0.6484802961349487 0.6740966439247131 -0.35364803671836853
vn -0.8242610096931458 0.5651009678840637 0.035420991480350494
vn -0.7590908408164978 0.21990279853343964 0.6127183437347412
vn -0.8720899224281311 0.32458987832069397 0.3661975562572479
vn -0.7532296776771545 0.3802473843097687 0.5367094874382019
vn -0.5204868316650391 0.42753157019615173 0.739128053188324
vn -0.5263979434967041 0.39160698652267456 0.7546848058700562
vn -0.7428635358810425 0.5058367848396301 0.4385007619857788
vn -0.7767652273178101 0.6206247806549072 0.10705417394638062
vn -0.7021800875663757 0.6470543742179871 -0.2970922589302063
vn -0.7800983190536499 0.5758938193321228 -0.24452602863311768
vn -0.6480618119239807 0.656991183757782 -0.38519904017448425
vn -0.8642045855522156 0.16476978361606598 0.4753960072994232
vn -0.952932596206665 0.27881887555122375 0.11907732486724854
vn -0.9811204671859741 -0.09181135892868042 0.17021586000919342
vn -0.6996370553970337 -0.6603618264198303 -0.27281907200813293
vn -0.9203491806983948 0.27833643555641174 0.2747475504875183
vn 0.28600600361824036 0.5406436324119568 0.7911416292190552
vn 0.4579308331012726 0.46509453654289246 0.7576189637184143
vn 0.2304917722940445 0.6225283741950989 0.74788498878479
vn -0.09239795058965683 0.8923888802528381 0.4417065680027008
vn -0.21754339337348938 0.8671372532844543 0.44804883003234863
vn 0.20769989490509033 0.5073686838150024 0.8363239765167236
vn 0.17844043672084808 0.23753440380096436 0.9548488855361938
vn 0.12639960646629333 0.3705506920814514 0.920171320438385
vn -0.1410333514213562 0.5991630554199219 0.7881074547767639
vn -0.7541531324386597 -0.5227186679840088 -0.3975149691104889
vn -0.6931139230728149 -0.7173321843147278 -0.07090755552053452
vn -0.9449857473373413 -0.06569281965494156 -0.32044723629951477
vn -0.9334264397621155 -0.09802935272455215 -0.34511634707450867
vn -0.8566678166389465 -0.182569220662117 0.4824818968772888
vn -0.5102105140686035 -0.5985193252563477 0.6176243424415588
vn -0.8250083327293396 -0.4650784134864807 0.3210349380970001
vn -0.8283525109291077 -0.4369238615036011 0.35061317682266235
vn -0.8957192301750183 -0.18960869312286377 0.4021635949611664
vn -0.7022907733917236 -0.7075079679489136 0.07886747270822525
vn -0.4499811828136444 0.5955110192298889 -0.6654949188232422
vn -0.4725596606731415 0.5769594311714172 -0.6661869883537292
vn -0.5086539387702942 0.23656851053237915 -0.8278324007987976
vn -0.37580278515815735 0.4426693320274353 -0.8141351938247681
vn -0.29659780859947205 0.21474094688892365 -0.9305461645126343
vn -0.3588104546070099 0.4364152252674103 -0.8251041173934937
vn -0.2129306197166443 0.241914302110672 -0.9466456770896912
vn -0.3168146312236786 0.5711925029754639 -0.7572104334831238
vn -0.6619588732719421 0.6390761137008667 0.3916529715061188
vn -0.5462770462036133 0.632095992565155 0.5495780110359192
vn -0.3844868838787079 0.7449970245361328 0.5451139807701111
vn -0.307937890291214 0.3216409385204315 0.8953889012336731
vn -0.19345422089099884 0.2872602939605713 0.9381135106086731
vn -0.3200342655181885 0.3305830955505371 0.8878586292266846
vn -0.4978542625904083 0.4228787124156952 0.7571755051612854
vn -0.5053835511207581 -0.3800289034843445 0.7747036218643188
vn -0.8557087779045105 -0.4872570335865021 0.17419272661209106
vn 0.3387252390384674 -0.936187744140625 0.09390339255332947
vn 0.38685253262519836 -0.795751690864563 -0.46596601605415344
vn 0.10674189776182175 -0.9491015076637268 -0.29633164405822754
vn 0.21460093557834625 -0.97048419713974 0.11003080010414124
vn 0.5587355494499207 -0.7921144962310791 0.24570119380950928
vn 0.028613945469260216 -0.8212400674819946 0.5698648691177368
vn 0.3468915820121765 -0.648000180721283 0.6780574917793274
vn 0.12620089948177338 -0.7765102386474609 -0.6173372268676758
vn -0.30710384249687195 -0.9469114542007446 -0.09511063247919083
vn -0.3733534812927246 -0.8598021268844604 0.3483496904373169
vn -0.8785902261734009 0.46913373470306396 -0.08940231055021286
vn -0.9626578688621521 0.14078496396541595 -0.2312341034412384
vn -0.9318745732307434 0.10523571074008942 0.3471818268299103
vn -0.8440307974815369 0.37431055307388306 0.3840620219707489
vn -0.6786474585533142 0.5818118453025818 -0.44825518131256104
vn -0.7020320296287537 0.48222941160202026 -0.5240284204483032
vn -0.9032047986984253 0.2643660306930542 -0.3381298780441284
vn -0.856454074382782 0.2259288728237152 -0.4641577899456024
vn -0.3558174967765808 0.371507465839386 -0.8575408458709717
vn -0.3399119973182678 0.34821608662605286 0.8736162781715393
vn -0.26859745383262634 -0.060341838747262955 0.9613606333732605
vn 0.051285091787576675 -0.13202257454395294 0.9899190664291382
vn 0.10259655117988586 -0.03373417258262634 0.9941508769989014
vn -0.15137730538845062 -0.016472723335027695 0.988338828086853
vn -0.6152433753013611 -0.699306845664978 0.36393043398857117
vn -0.3835584819316864 0.0921049639582634 0.9189121127128601
vn -0.6956621408462524 -0.16385731101036072 0.6994318962097168
vn -0.9306932687759399 -0.36580052971839905 -0.000051240109314676374
vn -0.6580444574356079 -0.7187150120735168 -0.2245578169822693
vn -0.5641645193099976 -0.8256242275238037 -0.007927541621029377
vn -0.15687114000320435 0.4856468737125397 0.8599642515182495
vn -0.4291457235813141 -0.8244359493255615 0.368970662355423
vn -0.26716113090515137 -0.6360955238342285 0.7238835692405701
vn 0.03110816329717636 -0.4716845154762268 0.8812184929847717
vn 0.2761191427707672 -0.7992442846298218 0.5338227152824402
vn 0.2653123140335083 -0.7850865721702576 -0.559686005115509
vn -0.8806338906288147 0.38051700592041016 0.28229567408561707
vn -0.21872317790985107 0.4498041868209839 -0.8659308552742004
vn -0.49702882766723633 0.4467169940471649 -0.7439127564430237
vn -0.2903353273868561 0.21472027897834778 -0.9325237274169922
vn -0.09307219833135605 0.3284091055393219 -0.9399388432502747
vn -0.9309583306312561 0.19332870841026306 -0.3097429871559143
vn -0.6580650210380554 -0.13359230756759644 -0.7410151958465576
vn -0.3891221284866333 0.2235940396785736 0.8936384916305542
vn -0.5762139558792114 0.3128933310508728 0.7550333738327026
vn -0.09617956727743149 0.23122955858707428 0.9681334495544434
vn -0.18689094483852386 0.25728949904441833 0.9480896592140198
vn -0.16377446055412292 0.20700180530548096 0.9645352363586426
vn -0.17686614394187927 0.3732180595397949 -0.9107286930084229
vn -0.8341401815414429 0.3716830015182495 -0.407507061958313
vn -0.4154733419418335 0.7481229305267334 -0.5173916220664978
vn 0.15420065820217133 0.4736776351928711 -0.8670937418937683
vn 0.1406085342168808 0.3680742383003235 -0.9191031455993652
vn -0.15069666504859924 0.2575230300426483 -0.9544487595558167
vn -0.02229245752096176 0.2627410590648651 0.9646087884902954
vn 0.1301659494638443 0.15123656392097473 0.979889988899231
vn 0.09742211550474167 0.15323059260845184 0.9833764433860779
vn 0.015362434089183807 0.1633816510438919 0.986443281173706
vn -0.12530972063541412 0.035061877220869064 -0.9914979934692383
vn -0.27561962604522705 -0.2536490857601166 -0.9271978735923767
vn -0.14342765510082245 -0.20587536692619324 -0.9680103659629822
vn 0.06255418807268143 -0.07906916737556458 -0.9949045181274414
vn 0.054289016872644424 -0.07778871804475784 -0.9954906105995178
vn -0.19270938634872437 0.09671005606651306 -0.9764784574508667
vn -0.2794060707092285 0.28216034173965454 -0.9177786707878113
vn -0.20220734179019928 0.2527112066745758 -0.9461761116981506
vn -0.12959791719913483 0.25904688239097595 -0.9571306109428406
vn -0.5368398427963257 0.5624838471412659 -0.6288203001022339
vn -0.1226884126663208 0.46346041560173035 -0.8775829672813416
vn -0.6555814743041992 0.5031619668006897 -0.5630638599395752
vn -0.11157644540071487 -0.27926474809646606 -0.9537095427513123
vn 0.12048090249300003 -0.1822085976600647 -0.975850522518158
vn 0.1299571841955185 -0.6739300489425659 -0.7272753715515137
vn -0.4000281095504761 -0.8416942954063416 -0.3626681864261627
vn -0.7876926064491272 -0.3152824342250824 -0.5292800068855286
vn -0.1990669220685959 -0.05631859228014946 -0.9783662557601929
vn -0.39766767621040344 -0.025539176538586617 0.9171739220619202
vn -0.36163878440856934 0.179162859916687 0.9149414896965027
vn -0.7466726899147034 0.33831778168678284 0.5727311372756958
vn -0.9414592981338501 -0.12223003059625626 0.31418800354003906
vn -0.07182008773088455 -0.204108327627182 0.9763102531433105
vn -0.03209850192070007 0.011360731907188892 0.999420166015625
vn -0.46676310896873474 -0.61564701795578 0.6349102854728699
vn 0.01837860606610775 0.9987590312957764 0.04628844931721687
vn -0.009543410502374172 0.9962648153305054 0.0858217254281044
vn 0.03543994575738907 0.998079240322113 0.05081193521618843
vn 0.0647238940000534 0.996239185333252 0.0576055645942688
vn 0.03006584756076336 0.9995479583740234 0.00022755535610485822
vn 0.025471961125731468 0.9992350339889526 0.029673974961042404
vn 0.06944211572408676 0.9971904158592224 0.028089139610528946
vn 0.10618309676647186 -0.07669703662395477 0.9913842082023621
vn -0.0764259472489357 -0.0581929087638855 0.9953756332397461
vn 0.019564636051654816 -0.07462547719478607 0.9970197081565857
vn -0.15683968365192413 0.05005316063761711 0.9863549470901489
vn -0.0067036147229373455 0.9969406723976135 -0.07787317782640457
vn 0.002170808147639036 0.9984976649284363 -0.0547509528696537
vn 0.036547739058732986 0.998799204826355 -0.03262396156787872
vn -0.021061120554804802 0.9996401071548462 -0.016611138358712196
vn 0.055546924471855164 0.9968509078025818 0.05659231171011925
vn 0.0672062560915947 0.9976050853729248 -0.016351906582713127
vn 0.0051903557032346725 0.999983012676239 -0.0026890349108725786
vn 0.06381538510322571 0.9609518647193909 0.2692563533782959
vn 0.19713105261325836 0.932832658290863 0.3015998303890228
vn 0.358309268951416 0.9181396961212158 0.16921615600585938
vn 0.09024560451507568 0.6599806547164917 0.7458426356315613
vn 0.3995586037635803 0.29771363735198975 0.8670176267623901
vn 0.843056857585907 0.3086124658584595 0.4404696524143219
vn 0.9282678961753845 0.3507992923259735 -0.12352591007947922
vn 0.4192030131816864 0.9078794717788696 0.004875592887401581
vn 0.5001052618026733 -0.2692820429801941 0.8230321407318115
vn 0.7892583012580872 -0.32812201976776123 0.5190445184707642
vn 0.9736079573631287 -0.22472955286502838 -0.03980043902993202
vn 0.7111502885818481 -0.14052198827266693 -0.6888533234596252
vn 0.802164614200592 0.17050431668758392 -0.5722414255142212
vn 0.8150068521499634 -0.28793320059776306 0.5028502345085144
vn 0.9637976288795471 -0.25351014733314514 0.08262412250041962
vn 0.7722993493080139 -0.19070389866828918 -0.6059585809707642
vn 0.3030834197998047 -0.20270873606204987 -0.9311549663543701
vn 0.28637370467185974 -0.2003716081380844 -0.9369319081306458
vn 0.9908413290977478 -0.13502193987369537 0.0015437210677191615
vn 0.862413227558136 -0.1062120720744133 -0.49493664503097534
vn 0.4017939865589142 0.01707887277007103 -0.9155707955360413
vn 0.10164659470319748 0.10063803941011429 -0.9897171258926392
vn 0.013028890825808048 -0.08502312749624252 -0.9962937831878662
vn 0.8139110803604126 -0.015643863007426262 -0.5807788968086243
vn 0.5400695204734802 0.1353403776884079 -0.8306671977043152
vn 0.1407601535320282 0.24208231270313263 -0.9599910378456116
vn -0.2269486039876938 0.2525126039981842 -0.9406017661094666
vn 0.5132034420967102 0.2298629730939865 -0.8269131183624268
vn 0.2059093415737152 0.2821536958217621 -0.9370115995407104
vn -0.2476741373538971 0.2737096846103668 -0.9293764233589172
vn -0.5479713082313538 0.16190987825393677 -0.820678174495697
vn 0.04663102701306343 -0.032117947936058044 -0.9983956217765808
vn -0.29973304271698 -0.18368978798389435 -0.9361720085144043
vn -0.12439560145139694 -0.8004577159881592 -0.5863388180732727
vn 0.5039755702018738 -0.16106244921684265 -0.8485680222511292
vn 0.20911456644535065 -0.854867160320282 -0.47484034299850464
vn -0.2605190575122833 -0.9651964902877808 0.022922838106751442
vn -0.21131110191345215 -0.9772412776947021 0.018632330000400543
vn -0.34568795561790466 -0.9190142750740051 0.18950600922107697
vn -0.2137623280286789 -0.9503441452980042 0.22616702318191528
vn -0.19706834852695465 -0.9618465304374695 0.18977709114551544
vn -0.03768116980791092 -0.9855860471725464 0.1649247258901596
vn -0.09568179398775101 -0.9882574677467346 0.11913104355335236
vn -0.12620697915554047 -0.9913055896759033 0.03721565008163452
vn -0.047834817320108414 -0.998403787612915 0.03002827800810337
vn -0.12532103061676025 -0.9867708086967468 0.10284890234470367
vn -0.6936330199241638 -0.6481349468231201 0.31431591510772705
vn -0.08329787850379944 -0.9963460564613342 0.018869008868932724
vn -0.1621798276901245 -0.9862745404243469 -0.030986038967967033
vn -0.6703935265541077 -0.7273153066635132 -0.14691783487796783
vn -0.9805783629417419 0.005663919262588024 -0.19604584574699402
vn -0.9495111703872681 0.07975100725889206 0.303427517414093
vn 0.05790673568844795 -0.9830892086029053 -0.17373113334178925
vn -0.2399875968694687 -0.9059866070747375 -0.3487037122249603
vn -0.8616459965705872 -0.09799333661794662 -0.49795934557914734
vn -0.8720962405204773 0.3358393907546997 -0.35589349269866943
vn -0.9654269814491272 0.22918199002742767 -0.12420263886451721
vn -0.8710502982139587 -0.3806307911872864 -0.31046977639198303
vn -0.9502493143081665 0.22713205218315125 -0.21316033601760864
vn -0.9803208708763123 0.05338195711374283 0.1900562047958374
vn -0.8795414566993713 0.316956102848053 0.3548882305622101
vn -0.6724353432655334 -0.7332762479782104 0.1006806418299675
vn -0.33941778540611267 -0.9074710607528687 0.24757176637649536
vn -0.7302147746086121 -0.2755340039730072 0.6251938343048096
vn -0.3521708846092224 -0.47504863142967224 0.8064146041870117
vn -0.3648475110530853 0.18851734697818756 0.9117826223373413
vn -0.5942705869674683 0.3359324634075165 0.7307474613189697
vn -0.27631840109825134 -0.9551445245742798 0.1065225899219513
vn -0.20478041470050812 -0.9718620777130127 0.11640030145645142
vn -0.09101595729589462 -0.7334246635437012 0.6736500859260559
vn -0.17073257267475128 -0.9722486138343811 -0.1599472165107727
vn -0.21699008345603943 -0.9639877676963806 -0.15376314520835876
vn -0.23296597599983215 -0.9542770385742188 -0.18730266392230988
vn -0.21079030632972717 -0.9772208333015442 -0.02463304065167904
vn -0.27302390336990356 -0.9587644338607788 -0.07892140001058578
vn 0.1295090764760971 -0.9746667742729187 0.1823512762784958
vn 0.29191502928733826 -0.6938367486000061 0.6583130955696106
vn -0.3179554343223572 -0.9400870203971863 -0.12304788827896118
vn -0.3007603585720062 -0.9536953568458557 -0.0028878538869321346
vn -0.36876147985458374 -0.9141919612884521 -0.16813066601753235
vn -0.24760876595973969 -0.9663318991661072 -0.06994599103927612
vn -0.09934289008378983 -0.9947819709777832 0.023234795778989792
vn 0.04308488592505455 -0.998410165309906 -0.036343399435281754
vn -0.30926963686943054 -0.9481406807899475 0.07335875928401947
vn 0.1232629343867302 -0.9795727133750916 -0.15888233482837677
vn 0.5897929668426514 -0.806951105594635 0.031209733337163925
vn 0.8096303343772888 -0.3956056535243988 -0.43358370661735535
vn 0.993007481098175 -0.1180361807346344 -0.0018705512629821897
vn 0.8419981002807617 -0.10595326125621796 0.5289734601974487
vn 0.9859769344329834 0.1248331144452095 0.11075278371572495
vn 0.8628970980644226 0.15526731312274933 0.48093724250793457
vn 0.5676154494285583 0.22116981446743011 0.7930300831794739
vn 0.4175069034099579 0.03472655639052391 0.908009946346283
vn 0.19927576184272766 0.3039945363998413 0.931598961353302
vn 0.03941502794623375 0.10206551849842072 0.9939965009689331
vn -0.2712717354297638 0.29834574460983276 0.9150963425636292
vn -0.6738952398300171 0.16356684267520905 0.7204936146736145
vn -0.906805157661438 -0.2528842091560364 0.3372741937637329
vn -0.9646270275115967 0.09416361898183823 0.24622738361358643
vn -0.6491515040397644 -0.7449292540550232 0.15389221906661987
vn -0.5185191035270691 -0.3465798497200012 -0.7816779613494873
vn -0.333865761756897 -0.16991299390792847 -0.927180290222168
vn 0.18406541645526886 -0.4437442123889923 -0.8770467638969421
vn 0.6130920648574829 -0.4291612207889557 -0.6632788181304932
vn 0.7572434544563293 -0.6140759587287903 -0.2224702090024948
vn 0.8247779011726379 -0.5242260098457336 0.2119632214307785
vn 0.899688720703125 -0.3962659239768982 -0.18312129378318787
vn 0.9176351428031921 -0.3178381621837616 0.2385890930891037
vn 0.8893930912017822 -0.2574158012866974 -0.37777891755104065
vn 0.897580623626709 -0.23835502564907074 0.370858371257782
vn 0.6691781878471375 -0.40583470463752747 -0.6224940419197083
vn 0.6727076172828674 -0.28411009907722473 0.6831880807876587
vn 0.6539449691772461 -0.20764046907424927 0.7274898290634155
vn 0.42386698722839355 -0.19681350886821747 0.8840821385383606
vn 0.49199390411376953 -0.14671553671360016 0.8581472039222717
vn 0.24588437378406525 -0.1415160894393921 0.9589128494262695
vn 0.38440290093421936 -0.06027569994330406 0.9211955070495605
vn -0.021916616708040237 0.09467801451683044 0.9952667355537415
vn -0.11063706129789352 0.20708967745304108 0.9720458984375
vn 0.06653543561697006 -0.022886227816343307 0.9975215792655945
vn -0.628570020198822 0.4389112591743469 0.6420721411705017
vn -0.681624174118042 0.3705484867095947 0.6309375762939453
vn -0.8319845199584961 0.5398153066635132 0.12806665897369385
vn -0.8209320306777954 0.5155539512634277 0.24550899863243103
vn -0.8183109164237976 0.5722277164459229 0.05406223237514496
vn -0.7651874423027039 0.5980103015899658 0.2384783923625946
vn -0.5922513604164124 0.571471631526947 0.5680303573608398
vn -0.7974852323532104 0.3527441620826721 0.4894781708717346
vn -0.6464591026306152 -0.04278014972805977 0.7617483139038086
vn -0.9109910130500793 -0.24703799188137054 0.3302540183067322
vn -0.5389676094055176 -0.8083842992782593 -0.2367037683725357
vn -0.14211930334568024 -0.8114955425262451 -0.5668129324913025
vn -0.1333749145269394 -0.7560575008392334 -0.6407715678215027
vn 0.13957074284553528 -0.6447005271911621 -0.751585841178894
vn 0.31963732838630676 -0.6446139812469482 -0.6944817304611206
vn -0.30990490317344666 -0.05556322634220123 0.9491426348686218
vn -0.08668117225170135 -0.012668909505009651 0.9961555004119873
vn -0.007032646331936121 0.02600174956023693 0.9996371269226074
vn 0.03437068685889244 -0.2535671889781952 0.9667069911956787
vn 0.10586832463741302 -0.9465043544769287 0.30483004450798035
vn -0.8811072707176208 0.47281041741371155 0.010010342113673687
vn -0.9218011498451233 0.3688948452472687 0.11916033923625946
vn -0.7760767936706543 0.3686582148075104 0.5116601586341858
vn -0.797059953212738 0.1723392903804779 0.5787872672080994
vn -0.28915610909461975 -0.04490969330072403 0.9562278985977173
vn -0.8322991132736206 -0.15687920153141022 0.5316645503044128
vn -0.20680800080299377 0.009530482813715935 0.9783350825309753
vn 0.17426253855228424 -0.21864554286003113 0.9601180553436279
vn -0.06295471638441086 -0.26394087076187134 0.962482213973999
vn 0.3144342005252838 -0.30333906412124634 0.8995090126991272
vn 0.5991390347480774 -0.47094398736953735 0.6474907994270325
vn -0.7143935561180115 -0.6337095499038696 0.2967388331890106
vn -0.8684248328208923 -0.38137274980545044 -0.31684884428977966
vn -0.6205666065216064 -0.3461449146270752 -0.7036197781562805
vn -0.5105010867118835 -0.001453819335438311 -0.8598758578300476
vn -0.47615712881088257 0.0001384876959491521 -0.8793601393699646
vn -0.3082033395767212 0.1237972304224968 -0.9432311058044434
vn -0.3112839162349701 0.09730032831430435 -0.9453226923942566
vn -0.36425456404685974 0.15062470734119415 -0.9190380573272705
vn -0.48904949426651 0.12079763412475586 -0.8638509511947632
vn -0.6414951682090759 0.36796054244041443 -0.6731187701225281
vn -0.7323815822601318 0.19420570135116577 -0.652611255645752
vn -0.8083679676055908 0.4192056655883789 -0.4132891595363617
vn -0.322628915309906 0.18975003063678741 -0.9273108839988708
vn -0.37832823395729065 0.24537506699562073 -0.8925574421882629
vn -0.48652228713035583 0.8308991193771362 -0.2700050175189972
vn -0.2992829978466034 0.8663807511329651 -0.3997674584388733
vn -0.460155189037323 0.10393752157688141 -0.8817335963249207
vn -0.6325305104255676 0.5887038707733154 -0.5033218860626221
vn -0.7006567716598511 -0.0420248880982399 -0.7122597098350525
vn -0.8990694880485535 0.01288584340363741 -0.4376164376735687
vn -0.9664722681045532 0.07946938276290894 -0.24416400492191315
vn -0.9888890981674194 0.009420858696103096 -0.1483563333749771
vn -0.9428604245185852 0.3237634599208832 0.07868491113185883
vn -0.9860485792160034 0.02311229705810547 0.16484540700912476
vn -0.9909537434577942 0.025192342698574066 0.13181842863559723
vn -0.8950090408325195 -0.005417863838374615 0.4460149109363556
vn -0.7060307264328003 -0.010918881744146347 0.7080971002578735
vn -0.3884124159812927 -0.054957613348960876 0.9198454022407532
vn -0.4898872971534729 -0.13245704770088196 0.8616644144058228
vn 0.1092187687754631 -0.47680652141571045 0.8721964359283447
vn -0.5858817100524902 -0.37137579917907715 0.720293402671814
vn -0.007111114915460348 -0.8915198445320129 0.4529259502887726
vn -0.5246222019195557 -0.8198674321174622 0.22932229936122894
vn -0.9670851230621338 -0.24465765058994293 0.06992003321647644
vn 0.6118549108505249 -0.5202063918113708 0.5958346128463745
vn 0.7725221514701843 -0.5236863493919373 0.3591129183769226
vn 0.8299809694290161 -0.5192550420761108 0.20372964441776276
vn 0.652837336063385 -0.7427668571472168 -0.14866329729557037
vn 0.7705481648445129 -0.23838673532009125 0.5911237001419067
vn 0.746006965637207 -0.11802080273628235 0.6553965210914612
vn 0.6746348738670349 0.16672217845916748 0.7190768718719482
vn 0.4039321839809418 -0.6361280083656311 -0.6574039459228516
vn 0.2169588804244995 -0.698442280292511 -0.6819877028465271
vn 0.02318970300257206 -0.5054144859313965 -0.8625649809837341
vn -0.11773517727851868 -0.19610773026943207 -0.9734886884689331
vn -0.39715006947517395 0.1086287572979927 -0.9113020896911621
vn -0.5333435535430908 0.08405856788158417 -0.8417118191719055
vn 0.1648484766483307 -0.17429736256599426 -0.9707962274551392
vn 0.1749023199081421 0.1372559517621994 -0.9749717712402344
vn 0.5234673619270325 -0.24866025149822235 -0.8149539828300476
vn 0.4461495280265808 -0.04443737864494324 -0.893854558467865
vn -0.439181923866272 0.8961690068244934 0.06324834376573563
vn -0.6894400119781494 0.704522967338562 -0.16828513145446777
vn 0.028568284586071968 0.9987106323242188 -0.04196357727050781
vn 0.30574679374694824 0.9502322673797607 0.05981217324733734
vn 0.1616045981645584 0.9842842221260071 0.07119322568178177
vn 0.5230482816696167 0.16550128161907196 0.8360798954963684
vn 0.8580640554428101 0.07126399129629135 0.5085740089416504
vn 0.8592873811721802 -0.10107449442148209 0.5014072060585022
vn 0.48757532238960266 -0.09932677447795868 0.8674125075340271
vn 0.43741440773010254 -0.3082885444164276 0.8447644114494324
vn 0.04154268279671669 -0.1799042820930481 0.9828064441680908
vn 0.9971807599067688 -0.026154404506087303 0.07033110409975052
vn 0.8931246399879456 0.05312439054250717 -0.4466612935066223
vn -0.07595264911651611 -0.1171111911535263 -0.9902101755142212
vn 0.30249038338661194 0.40446361899375916 -0.8630809187889099
vn 0.11150733381509781 0.9727398157119751 -0.20333079993724823
vn 0.3030802607536316 0.9310628175735474 -0.20313608646392822
vn -0.2020927369594574 0.4377305507659912 0.8760995864868164
vn -0.6356701850891113 0.6274651288986206 0.4496787488460541
vn -0.9002265930175781 0.0818324014544487 0.4276629686355591
vn -0.8132597208023071 -0.09190995991230011 -0.574596643447876
vn -0.7331532835960388 -0.40032973885536194 -0.5497474670410156
vn -0.2240707129240036 0.33257827162742615 -0.9160699248313904
vn -0.4824830889701843 0.4466108977794647 -0.7534910440444946
vn 0.03677467256784439 0.4846153259277344 -0.8739539980888367
vn -0.3658654987812042 0.6663773059844971 -0.6496797800064087
vn -0.782505989074707 0.6191551685333252 -0.06581190228462219
vn -0.826204776763916 0.5013062357902527 -0.2570558786392212
vn -0.023358693346381187 0.5578628182411194 -0.8296043872833252
vn -0.178948312997818 0.7684213519096375 -0.6144153475761414
vn -0.5179606080055237 0.8553826212882996 0.006115613039582968
vn -0.3625255823135376 0.8419293165206909 0.3996627926826477
vn -0.8376135230064392 0.4000735580921173 0.37194740772247314
vn 0.000880851352121681 0.8948208093643188 -0.4464247524738312
vn 0.14445388317108154 0.9814356565475464 -0.12616339325904846
vn 0.6753565669059753 0.7171831130981445 -0.17187760770320892
vn 0.7934617400169373 0.40368977189064026 -0.45547011494636536
vn 0.8947187662124634 0.0646543949842453 -0.44192540645599365
vn 0.8094269037246704 0.0007935222238302231 -0.5872201323509216
vn 0.8789041638374329 -0.08385644108057022 -0.469569593667984
vn 0.6256453990936279 -0.4378145933151245 -0.645667314529419
vn 0.7644073963165283 -0.46421775221824646 -0.4474182724952698
vn 0.6197409629821777 -0.02243560552597046 -0.7844856977462769
vn 0.4833132028579712 0.4790727198123932 -0.7327330708503723
vn -0.9348106384277344 0.26646721363067627 0.23478549718856812
vn -0.9757500290870667 -0.08229546248912811 0.2028278410434723
vn 0.2058495283126831 0.5279973149299622 -0.8239204287528992
vn 0.14335130155086517 0.42512229084968567 -0.893712043762207
vn 0.31460440158843994 0.487296998500824 -0.8145954608917236
vn 0.3959931433200836 0.6636377573013306 -0.6346450448036194
vn 0.11188308149576187 0.460562139749527 -0.8805480003356934
vn -0.22189170122146606 0.9073976874351501 -0.35692229866981506
vn -0.1893186867237091 0.20915791392326355 0.9593806862831116
vn 0.21094399690628052 0.044215764850378036 0.9764976501464844
vn -0.4766639769077301 0.7199846506118774 0.5043942928314209
vn -0.8367029428482056 0.498517781496048 0.22673393785953522
vn -0.8161973357200623 0.33312731981277466 -0.47206777334213257
vn 0.044710248708724976 0.12584619224071503 0.9910417795181274
vn -0.17251548171043396 0.96281898021698 -0.20788922905921936
vn -0.2868148982524872 0.7703671455383301 -0.5694485902786255
vn 0.02408832684159279 -0.33928611874580383 -0.9403747916221619
vn -0.266323447227478 -0.6271759867668152 -0.7319304347038269
vn -0.6645663976669312 -0.6161259412765503 -0.4227769076824188
vn -0.6552287936210632 -0.003753318917006254 -0.7554212212562561
vn -0.8895614147186279 -0.4251663088798523 -0.167075052857399
vn -0.8970873951911926 -0.43861114978790283 0.053426697850227356
vn -0.6268076300621033 -0.6999331712722778 0.3423532545566559
vn -0.08548661321401596 -0.6732443571090698 0.7344616651535034
vn 0.08240329474210739 -0.6183909773826599 0.7815384268760681
vn 0.28897449374198914 -0.6062195897102356 0.7409396171569824
vn 0.508551836013794 -0.5572605729103088 0.656380832195282
vn 0.6962584257125854 -0.6201682090759277 -0.36140763759613037
vn 0.9160875678062439 -0.3957814872264862 -0.06434633582830429
vn -0.95106440782547 -0.14694733917713165 -0.2718140780925751
vn 0.09544941782951355 0.06581903994083405 -0.9932559132575989
vn -0.6799039840698242 0.3808169364929199 0.6266650557518005
vn -0.8755730390548706 0.4570770263671875 0.15637262165546417
vn -0.617317795753479 0.7606652975082397 0.2007664293050766
vn 0.09306030720472336 0.08514253795146942 0.9920133352279663
vn 0.8460466861724854 0.44452404975891113 0.2942846417427063
vn 0.6221661567687988 0.5076406598091125 -0.5959951877593994
vn 0.8550354838371277 -0.2444203794002533 0.45735424757003784
vn 0.7951181530952454 -0.323583722114563 0.5129138827323914
vn 0.8428349494934082 -0.008598643355071545 0.5381035208702087
vn 0.7042921781539917 -0.03864910453557968 0.7088574171066284
vn 0.6901946067810059 -0.40779200196266174 0.5977768898010254
vn 0.4531719982624054 -0.06836455315351486 0.8887977004051208
vn 0.09353592991828918 -0.05889276787638664 0.9938725233078003
vn 0.4621366560459137 0.6129947304725647 -0.6408331990242004
vn 0.25928759574890137 0.6743304133415222 -0.6914104223251343
vn 0.6591575741767883 0.7519959807395935 -0.0036510706413537264
vn 0.2951916456222534 0.8169214725494385 0.49548056721687317
vn -0.2724533975124359 -0.9612491726875305 0.04206176474690437
vn -0.24874994158744812 -0.9666975736618042 0.060160841792821884
vn -0.23188117146492004 -0.9649909138679504 0.12257056683301926
vn -0.2637872099876404 -0.9645624160766602 -0.0059859054163098335
vn -0.3161572813987732 -0.9482434988021851 0.029642613604664803
vn -0.3053884208202362 -0.948518693447113 0.08396457880735397
vn -0.11247354000806808 -0.9870449900627136 0.11441974341869354
vn -0.35731130838394165 -0.9322871565818787 0.056296057999134064
vn -0.28962403535842896 -0.9538000822067261 -0.07989449799060822
vn -0.39618733525276184 -0.9166568517684937 -0.052687279880046844
vn -0.3365550935268402 -0.9280667304992676 0.15944550931453705
vn -0.19030365347862244 -0.9812648296356201 -0.030062666162848473
vn -0.05771157890558243 -0.9914707541465759 -0.11685578525066376
vn -0.3134668469429016 -0.9472973346710205 0.0660771057009697
vn 0.13174918293952942 0.9704328775405884 -0.20224213600158691
vn 0.14713403582572937 0.9654049873352051 -0.21527865529060364
vn 0.12012765556573868 0.9907599687576294 -0.06295990943908691
vn 0.152253195643425 0.9874897599220276 -0.04102329909801483
vn 0.2498244345188141 0.9664581418037415 -0.059551749378442764
vn 0.2002219259738922 0.963401734828949 -0.17823700606822968
vn 0.12242935597896576 0.9658222794532776 -0.22846923768520355
vn 0.13868306577205658 0.9878472685813904 0.0701768696308136
vn 0.1272697150707245 0.9871052503585815 0.09708588570356369
vn 0.13588595390319824 0.9768814444541931 0.16503848135471344
vn 0.23908588290214539 0.9686775207519531 0.06709549576044083
vn 0.050205543637275696 -0.002790916943922639 -0.9987350106239319
vn 0.21574777364730835 -0.011630331166088581 -0.9763798713684082
vn 0.2625180184841156 0.12537425756454468 -0.9567474126815796
vn 0.11918285489082336 0.1928960531949997 -0.9739541411399841
vn -0.04407615587115288 -0.2065710872411728 -0.9774383306503296
vn 0.1417793482542038 -0.20506225526332855 -0.9684256315231323
vn 0.05878914147615433 -0.003836634336039424 -0.9982630014419556
vn -0.09385181963443756 0.2164897918701172 -0.9717633724212646
vn -0.17127759754657745 -0.9741870164871216 0.1470499187707901
vn -0.1042034775018692 -0.9845691323280334 0.14058922231197357
vn -0.3610091507434845 -0.9299572706222534 0.06965672969818115
vn -0.44490179419517517 -0.8322396874427795 -0.33081626892089844
vn -0.31809112429618835 -0.9059094190597534 -0.27954626083374023
vn -0.3331102728843689 -0.942428469657898 0.02942698821425438
vn -0.29173457622528076 -0.9393133521080017 0.1805032640695572
vn 0.3696167469024658 0.9209422469139099 -0.12348595261573792
vn 0.2826821804046631 0.9585418701171875 -0.03589237108826637
vn 0.14573855698108673 0.6805735230445862 -0.7180390357971191
vn -0.02509547770023346 0.8243318200111389 -0.5655502676963806
vn -0.1947307586669922 0.8904663324356079 -0.41127809882164
vn 0.2957601249217987 0.9444500803947449 -0.14331790804862976
vn 0.43642425537109375 0.8994517922401428 0.022809576243162155
vn 0.2749345600605011 0.9614627957344055 0.0005276122246868908
vn 0.16623449325561523 0.9691599011421204 -0.18192075192928314
vn 0.30782023072242737 0.9461402893066406 -0.10032587498426437
vn 0.3963020443916321 0.9180092811584473 -0.014268169179558754
vn 0.08610345423221588 0.9947416186332703 0.05545661970973015
vn 0.07458851486444473 0.9777519702911377 0.1960550993680954
vn 0.14188089966773987 0.9898061752319336 0.01239223126322031
vn -0.20620135962963104 -0.9761629104614258 -0.06772769242525101
vn -0.2121388167142868 -0.9740657210350037 -0.0786965861916542
vn -0.2826058268547058 -0.9586305022239685 -0.03408287093043327
vn -0.28276965022087097 -0.9582818746566772 0.04168173298239708
vn -0.36172887682914734 -0.8165743947029114 0.4498427212238312
vn -0.5184078216552734 -0.8137320280075073 0.26285654306411743
vn -0.5417765974998474 -0.8396762013435364 0.0377083346247673
vn 0.19024336338043213 0.05627893656492233 -0.9801225066184998
vn 0.3186418414115906 0.48499515652656555 -0.8143997192382812
vn 0.0541984923183918 0.7892436981201172 -0.61168372631073
vn -0.48395267128944397 0.47720858454704285 -0.7335270047187805
vn -0.43126869201660156 0.0787087082862854 -0.898783802986145
vn 0.5515377521514893 0.7471843361854553 -0.37083908915519714
vn 0.11299148947000504 -0.06404612213373184 0.991529643535614
vn -0.02725166268646717 -0.17445001006126404 0.9842889308929443
vn -0.15559418499469757 0.07717394828796387 0.9848018288612366
vn -0.09338875859975815 0.37268221378326416 0.9232478737831116
vn -0.021140994504094124 -0.14188410341739655 0.989657461643219
vn 0.05395588278770447 -0.13923697173595428 0.9887880086898804
vn -0.018397023901343346 -0.48558640480041504 0.8739951252937317
vn -0.10988669097423553 -0.3174484372138977 0.9418871402740479
vn 0.4580529034137726 -0.03920231759548187 0.8880600929260254
vn 0.27604541182518005 -0.5058416128158569 0.8172657489776611
vn 0.42788636684417725 0.3331611156463623 0.8401886224746704
vn -0.27951163053512573 0.7135383486747742 0.6424456238746643
vn -0.5652402639389038 0.8246476054191589 -0.021440701559185982
vn -0.4576047360897064 0.8549628853797913 0.24420566856861115
vn -0.26437902450561523 0.7247718572616577 0.6362464427947998
vn -0.9678111672401428 0.23467549681663513 0.09093436598777771
vn -0.9603664875030518 0.21182043850421906 0.18118594586849213
vn -0.9001703262329102 0.09910675138235092 0.4241121709346771
vn -0.9494513273239136 -0.025830740109086037 0.3128495216369629
vn -0.9724929332733154 -0.20967404544353485 0.10145996510982513
vn -0.9539401531219482 0.016062425449490547 -0.2995665371417999
vn -0.9475851058959961 0.3001650273799896 -0.10946883261203766
vn -0.9606316089630127 0.26402559876441956 -0.08647214621305466
vn -0.9657842516899109 0.10531217604875565 -0.2370024174451828
vn -0.9286242723464966 0.20843471586704254 -0.30693957209587097
vn -0.9572756290435791 0.28294646739959717 0.05970477685332298
vn -0.9990237355232239 0.01618742197751999 -0.04110521823167801
vn -0.9629034996032715 0.2656182646751404 -0.0475793294608593
vn -0.9672927856445312 0.24350348114967346 -0.0710684061050415
vn -0.8809447288513184 0.41537588834762573 -0.22671368718147278
vn -0.7042297720909119 0.6649935245513916 -0.24868464469909668
vn -0.48849570751190186 0.8700432777404785 0.06630630791187286
vn -0.18007712066173553 0.9696415066719055 0.165431410074234
vn -0.4235785901546478 0.569413423538208 0.7045207619667053
vn -0.7622668743133545 0.5691914558410645 0.30817240476608276
vn -0.6429191827774048 0.6329185962677002 -0.43135711550712585
vn -0.7999749779701233 0.6000162959098816 -0.004541551228612661
vn -0.20013901591300964 -0.8447423577308655 0.49634143710136414
vn 0.1461631953716278 -0.8730481266975403 0.46521320939064026
vn -0.47107258439064026 -0.7390249967575073 0.48159393668174744
vn -0.010095523670315742 -0.9122620224952698 0.40948283672332764
vn -0.026296816766262054 -0.9910755753517151 -0.13068093359470367
vn -0.22388651967048645 -0.8911684155464172 -0.3945804834365845
vn -0.21226300299167633 -0.9769140481948853 0.024156777188181877
vn -0.1999458521604538 -0.8035937547683716 0.5605878829956055
vn 0.08442291617393494 -0.9060389399528503 0.41468799114227295
vn 0.011978031136095524 -0.9903439283370972 -0.13811402022838593
vn -0.3989761471748352 -0.798760712146759 -0.4503324329853058
vn -0.7041559219360352 -0.6690855026245117 0.23767419159412384
vn -0.01610555686056614 -0.7815691232681274 -0.6236107349395752
vn 0.6138690114021301 0.6370556354522705 0.4661811888217926
vn 0.20488199591636658 0.7159948945045471 0.6673639416694641
vn 0.0408475287258625 0.9343112111091614 0.3541100323200226
vn 0.41551753878593445 0.8696063160896301 0.26670223474502563
vn 0.693767786026001 0.658082902431488 0.2925969660282135
vn 0.5081681609153748 0.7071089744567871 0.4916929304599762
vn 0.7058727145195007 0.2917228639125824 0.6454777121543884
vn 0.8744704127311707 0.360727459192276 0.324310302734375
vn 0.8666525483131409 0.24915699660778046 0.4322431683540344
vn 0.509166419506073 0.843501091003418 0.17104199528694153
vn 0.5538308024406433 0.19399027526378632 -0.8097154498100281
vn 0.4267224073410034 0.5478333234786987 -0.7195739150047302
vn 0.9694234132766724 0.24104106426239014 0.04601508378982544
vn 0.9401028156280518 0.30222150683403015 -0.15769906342029572
vn 0.8234973549842834 0.4947108030319214 -0.2776930630207062
vn 0.5242652297019958 0.10640006512403488 -0.8448816537857056
vn -0.5555522441864014 0.4391814172267914 -0.7060321569442749
vn -0.37380170822143555 0.4289681017398834 -0.8223495483398438
vn 0.43390917778015137 0.220127135515213 -0.8736514449119568
vn -0.45320916175842285 0.6217443943023682 -0.638776421546936
vn 0.6781125068664551 -0.08598402887582779 -0.7299110293388367
vn 0.5857784152030945 0.6103987693786621 -0.5331763625144958
vn 0.638664722442627 0.6461774110794067 -0.41780635714530945
vn 0.8587300181388855 0.4730442464351654 -0.19700759649276733
vn 0.7385969758033752 0.2918902039527893 0.6076796650886536
vn 0.5522645711898804 0.6648533344268799 0.5029650926589966
vn 0.673328161239624 0.49118179082870483 -0.5526027083396912
vn 0.06565829366445541 0.4536592960357666 -0.8887531757354736
vn 0.1262122392654419 -0.02007334679365158 -0.9918002486228943
vn 0.46146419644355774 -0.09353390336036682 -0.8822144269943237
vn 0.658771812915802 -0.11636611819267273 -0.743289053440094
vn 0.1073346883058548 -0.9488885998725891 0.2967990040779114
vn -0.612659215927124 -0.7815003991127014 0.11792244017124176
vn -0.7847210168838501 -0.6171987056732178 0.05726012587547302
vn -0.7337924242019653 -0.5888662338256836 0.33879968523979187
vn -0.5199247598648071 -0.25967469811439514 0.81378573179245
vn -0.34793728590011597 -0.3722875416278839 0.8604311943054199
vn -0.0038231429643929005 -0.8321911096572876 0.5544756650924683
vn 0.7829064130783081 0.3297745883464813 0.5275475382804871
vn 0.8204180002212524 0.4292064309120178 0.3777516186237335
vn 0.7143194079399109 0.6993280053138733 -0.026229064911603928
vn 0.5973465442657471 0.5296843647956848 0.6021723747253418
vn 0.2698217034339905 0.519526481628418 0.8107333183288574
vn 0.0858626738190651 0.6440404653549194 0.760157585144043
vn -0.29455795884132385 0.9151893854141235 0.27507102489471436
vn -0.29799699783325195 -0.8522815108299255 -0.4298999011516571
vn 0.16420204937458038 -0.9593218564987183 -0.22965027391910553
vn -0.1035764068365097 -0.610347330570221 -0.7853330969810486
vn -0.4860574007034302 -0.29047971963882446 -0.8242388963699341
vn -0.6742455363273621 -0.6651949882507324 -0.32079383730888367
vn -0.6377146244049072 -0.7684978246688843 0.05226070061326027
vn 0.22879134118556976 -0.8985394239425659 -0.3745415210723877
vn 0.22787918150424957 -0.773668646812439 -0.5911918878555298
vn 0.5880349278450012 -0.04135526344180107 0.8077775835990906
vn 0.5436298847198486 0.04757000878453255 0.8379759192466736
vn -0.17828699946403503 0.2067563384771347 0.9620112180709839
vn -0.2284814715385437 0.46416059136390686 0.8557752370834351
vn 0.41831156611442566 -0.05078033357858658 0.9068830013275146
vn 0.37372779846191406 0.07250683754682541 0.924700140953064
vn 0.6080397367477417 -0.18668913841247559 0.7716442346572876
vn 0.4069663882255554 -0.1575835645198822 0.8997476100921631
vn -0.00675358809530735 0.6936585903167725 0.7202722430229187
vn 0.6302933096885681 -0.10863188654184341 0.7687194347381592
vn 0.6193444728851318 -0.21543174982070923 0.754984438419342
vn 0.751373291015625 0.2788412868976593 0.598068356513977
vn -0.2633071541786194 0.2174433022737503 0.9398870468139648
vn -0.3466198742389679 0.29639342427253723 0.8899469971656799
vn 0.9308875203132629 0.2856278717517853 -0.2277393639087677
vn -0.7544136643409729 0.3490578532218933 -0.5558944344520569
vn -0.5624586343765259 0.278391569852829 -0.7785488963127136
vn -0.3604313135147095 0.49260637164115906 -0.7921037077903748
vn -0.7327598333358765 0.39527061581611633 -0.5539171099662781
vn -0.5754829049110413 0.3109849989414215 -0.7563779950141907
vn 0.6992810368537903 0.3052956163883209 0.6463748812675476
vn 0.9117720127105713 0.2185736894607544 0.3477030396461487
vn 0.5936264395713806 0.781538188457489 0.19184835255146027
vn -0.1891203224658966 0.8670620322227478 0.4609087407588959
vn 0.6221617460250854 0.08725403249263763 0.7780112624168396
vn 0.8903917074203491 0.08181005716323853 0.44778311252593994
vn 0.02967091277241707 0.3315962851047516 0.9429547190666199
vn -0.9713605046272278 -0.23200435936450958 0.05131195858120918
vn -0.757808268070221 -0.6510131359100342 0.04368686303496361
vn -0.7534739375114441 -0.6559396982192993 0.04494725167751312
vn -0.7704131603240967 -0.6280773282051086 -0.1094638854265213
vn -0.8614403009414673 0.5002413988113403 -0.08763059973716736
vn -0.6803311109542847 0.6346134543418884 0.3666270077228546
vn -0.8400429487228394 0.0018655360909178853 0.5425168871879578
vn -0.6803649663925171 -0.6803595423698425 0.27242311835289
vn 0.5661265850067139 0.35924941301345825 -0.7419168949127197
vn 0.6238622069358826 0.6238575577735901 -0.47074154019355774
vn 0.6856468915939331 0.4050814211368561 -0.6048117876052856
vn 0.3975573480129242 0.4181674122810364 -0.8167522549629211
vn 0.2871879041194916 0.48807987570762634 -0.8241972923278809
vn 0.2720315456390381 0.6510689854621887 -0.7085958123207092
vn -0.19045507907867432 0.9049192070960999 -0.38058918714523315
vn 0.5407586097717285 0.6949139833450317 -0.4739985764026642
vn 0.6388767957687378 0.6497554779052734 -0.4118909239768982
vn 0.6634975671768188 0.7104297876358032 -0.2346496731042862
vn 0.411989688873291 0.9026497006416321 -0.12445046007633209
vn -0.6676209568977356 0.563501238822937 0.48656806349754333
vn -0.6772074103355408 0.6951346397399902 0.24120114743709564
vn -0.20550258457660675 0.8113381266593933 -0.5472652316093445
vn -0.01586167700588703 0.5440100431442261 -0.838928759098053
vn 0.01183026097714901 0.5903428792953491 -0.8070659637451172
vn 0.40253952145576477 0.5934615731239319 -0.6969686150550842
vn -0.52723228931427 0.3926747441291809 0.7535467743873596
vn -0.7278509140014648 0.5212830901145935 0.44552987813949585
vn -0.34819743037223816 0.8426876664161682 -0.4106529653072357
vn -0.8193134069442749 0.48922500014305115 0.2989724278450012
vn -0.7668148279190063 0.2051243931055069 0.6082096695899963
vn -0.6893174648284912 0.1510075330734253 0.7085465788841248
vn -0.703559160232544 0.14204050600528717 0.696296751499176
vn -0.6026291251182556 0.29433053731918335 0.7417597770690918
vn -0.6937439441680908 0.714923083782196 0.08720342814922333
vn -0.32238146662712097 0.944309651851654 -0.06594978272914886
vn -0.44712021946907043 0.7836467623710632 -0.4312553107738495
vn -0.6442909836769104 0.6900102496147156 -0.3298107385635376
vn -0.7259024977684021 0.5166335701942444 -0.454043447971344
vn -0.59773850440979 0.6945866346359253 -0.4003225862979889
vn -0.4822428226470947 0.4767885208129883 -0.7349249124526978
vn -0.5464953184127808 0.4360106289386749 -0.7150087952613831
vn -0.8522562384605408 0.4395528733730316 -0.2836417853832245
vn -0.6556742191314697 0.41492760181427 -0.6308139562606812
vn -0.4252573251724243 0.9020905494689941 0.07340860366821289
vn -0.8376513123512268 0.4076615273952484 0.3635275065898895
vn -0.2892697751522064 0.9572475552558899 -0.00040954005089588463
vn -0.13391350209712982 -0.4578428566455841 0.8788896799087524
vn 0.3516269326210022 -0.7696261405944824 0.53294837474823
vn 0.525691032409668 -0.15819840133190155 0.8358362317085266
vn -0.1233241930603981 0.07860362529754639 0.989248514175415
vn -0.9002727270126343 0.024226432666182518 0.43465182185173035
vn -0.8426895141601562 -0.5122414231300354 0.16578014194965363
vn -0.4618247449398041 -0.8867633938789368 -0.019199104979634285
vn -0.09547347575426102 -0.23952341079711914 0.9661849737167358
vn -0.38550445437431335 -0.4700610935688019 0.7939955592155457
vn -0.27121806144714355 -0.46698451042175293 0.8416449427604675
vn -0.1852704882621765 -0.23231565952301025 0.9548320770263672
vn -0.23347152769565582 -0.005287623964250088 0.972349226474762
vn -0.18891264498233795 -0.022443100810050964 0.9817374348640442
vn -0.7007470726966858 0.16088277101516724 0.69503253698349
vn -0.5296145081520081 0.12525290250778198 0.838939905166626
vn -0.5224121809005737 0.06602796912193298 0.8501327633857727
vn -0.7502237558364868 0.21095003187656403 0.6266294717788696
vn -0.6030595898628235 0.13063015043735504 0.7869274616241455
vn 0.16384047269821167 -0.45898136496543884 0.873208224773407
vn -0.14167346060276031 -0.25862497091293335 0.9555321931838989
vn -0.6972162127494812 0.21967804431915283 0.6823717355728149
vn -0.48075124621391296 0.4466850161552429 0.7545533180236816
vn 0.012302304618060589 0.27680665254592896 0.9608468413352966
vn -0.7536230683326721 0.0035969491582363844 0.6572970151901245
vn 0.2734941840171814 -0.12223639339208603 0.9540749788284302
vn 0.690846860408783 -0.34566810727119446 -0.6350150108337402
vn 0.6547976732254028 -0.623859703540802 -0.42666035890579224
vn 0.672761082649231 -0.5615695714950562 -0.4816971719264984
vn 0.5716908574104309 -0.5863198637962341 -0.573932409286499
vn 0.7472639083862305 -0.20640315115451813 -0.631659984588623
vn 0.6828892230987549 -0.17553764581680298 -0.7091182470321655
vn 0.6530147194862366 -0.1720939725637436 -0.7375333309173584
vn 0.5942097902297974 -0.6149346232414246 -0.5184302926063538
vn 0.7682154774665833 -0.48992493748664856 -0.4120905101299286
vn 0.8686832189559937 -0.28648483753204346 -0.40412360429763794
vn -0.8127681612968445 0.15963824093341827 -0.5602887272834778
vn -0.8098039031028748 0.41990649700164795 -0.4097512364387512
vn -0.9142463207244873 0.17181426286697388 -0.3669244945049286
vn -0.829547107219696 0.16650813817977905 -0.533035397529602
vn -0.7497723698616028 0.5505913496017456 -0.36700239777565
vn -0.6360799670219421 0.5934054851531982 -0.49322643876075745
vn -0.935165286064148 0.3490380048751831 0.060318317264318466
vn -0.6935232281684875 -0.720423698425293 -0.003912017680704594
vn -0.6606248617172241 -0.7440452575683594 0.09985702484846115
vn -0.6120315790176392 -0.7670987248420715 -0.19229358434677124
vn -0.5447392463684082 -0.6957823038101196 -0.4681303799152374
vn -0.8246561288833618 -0.4598444700241089 -0.3293711543083191
vn -0.7150387763977051 -0.6990522146224976 -0.0067581674084067345
vn -0.8065364360809326 -0.4582957923412323 -0.3734486699104309
vn -0.8973859548568726 0.10385745763778687 -0.4288497269153595
vn -0.8573171496391296 -0.13489338755607605 -0.4968006908893585
vn -0.6839715242385864 0.01960332691669464 0.7292452454566956
vn -0.7978476285934448 0.09255827963352203 0.5957114100456238
vn -0.9188824892044067 0.3819774091243744 0.09873339533805847
vn 0.6523390412330627 -0.5350791215896606 0.5367905497550964
vn 0.7196030616760254 -0.5637021064758301 0.4054766297340393
vn 0.5464884042739868 -0.6584563851356506 0.5174800753593445
vn 0.6352207064628601 -0.5905829071998596 0.4977013170719147
vn 0.6987662315368652 -0.29584529995918274 0.6513074040412903
vn 0.856961727142334 -0.3713332712650299 0.35739079117774963
vn 0.7043785452842712 -0.5922202467918396 0.391313374042511
vn 0.5445563197135925 -0.6876118779182434 0.4802587628364563
vn 0.6196345686912537 -0.5982778668403625 -0.5080517530441284
vn 0.39233022928237915 -0.5731263160705566 -0.7194464802742004
vn 0.738373339176178 -0.40631258487701416 -0.538251519203186
vn 0.7823387980461121 -0.4083741009235382 -0.47029417753219604
vn 0.8934763669967651 -0.43112653493881226 -0.12581686675548553
vn 0.8349316120147705 -0.3933652937412262 0.3849062919616699
vn 0.7853590250015259 -0.4771677851676941 0.39436283707618713
vn 0.5807881951332092 -0.7701662182807922 -0.26368388533592224
vn -0.02153555490076542 -0.7882977724075317 -0.6149168610572815
vn -0.011994617991149426 -0.7806764245033264 -0.624820351600647
vn 0.02315378375351429 -0.7921691536903381 -0.6098622679710388
vn -0.639473021030426 -0.7669093608856201 -0.054076600819826126
vn -0.6342003345489502 -0.710322916507721 0.3053380250930786
vn -0.5623391270637512 -0.7962918877601624 0.22292159497737885
vn -0.5245546102523804 -0.8349865078926086 -0.16625265777111053
vn -0.5681208968162537 -0.7695598006248474 0.2915757894515991
vn -0.6985267996788025 -0.3272823691368103 0.6363541483879089
vn -0.6960145831108093 -0.4960888922214508 0.5190950036048889
vn -0.982492983341217 0.18541724979877472 0.018108468502759933
vn -0.9756708741188049 -0.05630374327301979 -0.21188713610172272
vn -0.8328539133071899 0.5213261842727661 -0.1859387755393982
vn -0.9222230911254883 0.38665124773979187 0.0023376711178570986
vn -0.8453067541122437 0.5162075161933899 0.1377905160188675
vn 0.6637192964553833 -0.09235109388828278 0.7422586679458618
vn 0.6361243724822998 -0.15557006001472473 0.7557404637336731
vn 0.5050398111343384 -0.10487767308950424 0.8567003607749939
vn 0.39116260409355164 -0.025425095111131668 0.9199702739715576
vn 0.4795851707458496 -0.3170582056045532 0.8182128667831421
vn -0.033593375235795975 -0.980115532875061 0.19556346535682678
vn -0.4915078580379486 -0.7476543188095093 -0.446579247713089
vn -0.47754672169685364 -0.7334092855453491 -0.4837973713874817
vn -0.687788724899292 -0.7092693448066711 -0.15454384684562683
vn -0.7302907109260559 -0.6797466278076172 -0.06797058135271072
vn -0.3331017792224884 -0.29551228880882263 -0.8953857421875
vn -0.8738633990287781 0.2327311933040619 -0.4268478751182556
vn -0.8753769993782043 0.21288496255874634 0.4340450167655945
vn -0.8926696181297302 -0.3312113285064697 0.3056795001029968
vn -0.8140999674797058 -0.5614429116249084 -0.14840160310268402
vn -0.7151448130607605 0.6961942911148071 0.06229960545897484
vn -0.846917986869812 0.4195777475833893 -0.32662591338157654
vn -0.5905410647392273 0.6522587537765503 -0.4752049744129181
vn -0.676220715045929 0.7080139517784119 -0.20357251167297363
vn -0.6539033651351929 0.6753194332122803 -0.34110701084136963
vn -0.6575638651847839 0.6597992777824402 -0.36369600892066956
vn -0.2600356340408325 0.1933189183473587 -0.9460492730140686
vn -0.24714559316635132 0.1085660383105278 -0.9628771543502808
vn -0.3764779567718506 0.16412217915058136 -0.9117720127105713
vn -0.38138023018836975 0.3042560815811157 -0.872913122177124
vn -0.16082698106765747 0.21967419981956482 -0.9622254967689514
vn -0.15066072344779968 0.16099371016025543 -0.9753883481025696
vn -0.32228463888168335 0.2947050631046295 -0.8996007442474365
vn -0.7265114784240723 -0.3210110366344452 0.6075631976127625
vn -0.5770453214645386 -0.7477557063102722 0.32845115661621094
vn -0.6395823359489441 -0.5335133671760559 -0.5534418225288391
vn -0.7736769318580627 -0.3710680305957794 -0.5135490298271179
vn 0.7358035445213318 -0.43899112939834595 0.51563560962677
vn 0.7152510285377502 -0.5208422541618347 0.4659820795059204
vn 0.2982334494590759 -0.7004887461662292 0.6483612656593323
vn 0.228013277053833 -0.7311866283416748 0.6429432034492493
vn 0.7870792746543884 -0.39851319789886475 0.4708433449268341
vn 0.8002231121063232 -0.42627114057540894 0.42182454466819763
vn 0.8565083742141724 -0.47060108184814453 -0.21196256577968597
vn 0.8765291571617126 -0.47575241327285767 0.07318642735481262
vn 0.6478779911994934 -0.7617424130439758 -0.0015940738376230001
vn -0.16438497602939606 -0.9446563720703125 0.2839049994945526
vn 0.34802475571632385 -0.7962302565574646 -0.49486973881721497
vn 0.643427848815918 -0.3682188391685486 -0.6711300015449524
vn 0.5823717713356018 0.3686840236186981 -0.7245103716850281
vn 0.7307421565055847 0.3409368097782135 -0.5914202928543091
vn 0.6934941411018372 0.19368557631969452 -0.6939393877983093
vn 0.4839169383049011 0.2891051769256592 -0.8259798288345337
vn -0.45015761256217957 0.5300102233886719 -0.7186426520347595
vn -0.3247036635875702 0.8877676129341125 -0.3262457847595215
vn 0.32787635922431946 0.9440944194793701 0.03439253196120262
vn -0.6349889039993286 -0.5957108736038208 0.49185118079185486
vn 0.4372323751449585 -0.1091649979352951 -0.8926986455917358
vn 0.6762092709541321 -0.17907090485095978 -0.714614987373352
vn -0.16461430490016937 -0.918464183807373 -0.3596188724040985
vn -0.534262478351593 -0.40964317321777344 -0.7394295930862427
vn 0.4545326232910156 0.1781916469335556 -0.8727242946624756
vn 0.7138679623603821 0.05175246298313141 -0.6983652710914612
vn -0.4990721046924591 0.15992219746112823 -0.8516759872436523
vn -0.6284266710281372 0.4738713204860687 0.6168678402900696
vn -0.6835233569145203 0.3384491205215454 0.6467210650444031
vn -0.3970370292663574 0.4657862186431885 0.790825366973877
vn -0.41329681873321533 0.6282361745834351 0.6591699719429016
vn -0.5709880590438843 0.756665825843811 0.3184798061847687
vn -0.4915996789932251 -0.36649030447006226 0.7899459004402161
vn 0.07930577546358109 -0.22451910376548767 0.9712373614311218
vn 0.08642980456352234 0.02121065743267536 0.9960320591926575
vn -0.4029722809791565 -0.1374078392982483 0.9048383235931396
vn -0.7107433080673218 -0.6030433177947998 0.36219167709350586
vn -0.6913400292396545 -0.0314154252409935 0.7218462824821472
vn -0.7612925171852112 -0.10159444063901901 0.6404000520706177
vn -0.4989318251609802 0.34007030725479126 0.7971318364143372
vn -0.6842333078384399 0.4531829059123993 0.5713581442832947
vn -0.9254581332206726 0.20350243151187897 0.319553017616272
vn -0.6505488157272339 -0.1875387281179428 -0.7359452247619629
vn -0.8895977139472961 -0.3680102527141571 0.2705259919166565
vn -0.7201921343803406 -0.4661252200603485 0.513858437538147
vn -0.7550279498100281 -0.24708589911460876 0.607356071472168
vn -0.9559982419013977 -0.024648349732160568 0.29233503341674805
vn 0.03450372442603111 0.9868924617767334 0.15764783322811127
vn -0.037462178617715836 0.9331985712051392 0.35740306973457336
vn 0.7094401121139526 0.5441533923149109 -0.4478747844696045
vn 0.9201746582984924 0.36659201979637146 -0.1374361515045166
vn 0.6839300394058228 0.7083832621574402 0.1744505912065506
vn 0.16703881323337555 0.9858421683311462 0.01460604090243578
vn -0.2527143359184265 0.8442875742912292 -0.47256097197532654
vn -0.20639736950397491 0.6649817228317261 0.717773973941803
vn -0.2430134415626526 0.42748892307281494 0.8707454800605774
vn -0.45967796444892883 0.5185739398002625 0.7209557294845581
vn -0.3893026113510132 0.05248526111245155 0.9196133017539978
vn -0.34018802642822266 -0.03654170781373978 0.9396471977233887
vn -0.1763102412223816 -0.023413285613059998 0.9840560555458069
vn -0.2955408990383148 0.08765652030706406 0.9513000845909119
vn -0.4952206015586853 0.055816613137722015 0.8669723868370056
vn -0.46123018860816956 0.03539462760090828 0.8865743279457092
vn -0.4696628451347351 0.0964462161064148 0.8775619268417358
vn -0.32577648758888245 0.6987048387527466 -0.6369311213493347
vn -0.4561169147491455 0.5458850860595703 -0.7028277516365051
vn -0.33828654885292053 0.44565549492836 -0.8288265466690063
vn 0.0024085461627691984 0.9705160856246948 -0.24102427065372467
vn -0.4886173605918884 -0.30121320486068726 -0.8188550472259521
vn 0.05529741942882538 -0.672814130783081 -0.7377421855926514
vn -0.5438199639320374 -0.8391724824905396 -0.007027592044323683
vn -0.9891881942749023 -0.09825630486011505 -0.1088680773973465
vn -0.13548558950424194 -0.08206873387098312 -0.9873745441436768
vn 0.39795881509780884 -0.26822540163993835 -0.8773162961006165
vn -0.8752577900886536 0.19128088653087616 -0.44422447681427
vn 0.5254776477813721 -0.8296562433242798 -0.18853087723255157
vn 0.6689949631690979 -0.5894789695739746 -0.45272544026374817
vn 0.47451478242874146 -0.550887405872345 -0.686555802822113
vn 0.12320899218320847 -0.8221405744552612 -0.5557916760444641
vn 0.5682353377342224 -0.8079633116722107 0.15589633584022522
vn 0.7484528422355652 -0.6401335000991821 0.1733425110578537
vn 0.45409104228019714 -0.8498829007148743 0.2673952281475067
vn 0.20753660798072815 -0.9110087156295776 -0.35635894536972046
vn -0.06464044004678726 -0.9694827795028687 0.23648397624492645
vn 0.045297764241695404 -0.7532528042793274 0.6561693549156189
vn -0.07204251736402512 -0.9775893688201904 -0.19781050086021423
vn -0.8526081442832947 -0.5091964602470398 0.11738143116235733
vn -0.863571286201477 -0.1135857105255127 0.4912664592266083
vn -0.9188593626022339 0.1299048513174057 -0.3725883364677429
vn -0.6955644488334656 -0.14258767664432526 -0.7041724324226379
vn -0.6609066724777222 0.47818997502326965 -0.578391432762146
vn -0.2520414888858795 0.14657513797283173 -0.9565514922142029
vn -0.6927323937416077 0.44703611731529236 0.5659335255622864
vn -0.210875004529953 -0.07367026060819626 0.9747329950332642
vn -0.1465638428926468 0.02042427659034729 0.9889903664588928
vn -0.5971208810806274 0.2753256559371948 0.7534205317497253
vn -0.877269983291626 -0.09136932343244553 0.4712207615375519
vn -0.21779657900333405 -0.10489396005868912 0.970341145992279
vn -0.09890783578157425 -0.0032709205988794565 0.9950911402702332
vn -0.5290528535842896 -0.09623398631811142 -0.8431145548820496
vn -0.20766395330429077 0.24120107293128967 -0.9479966759681702
vn -0.20747190713882446 0.19622166454792023 -0.9583593606948853
vn -0.8761825561523438 -0.33543863892555237 -0.3460997939109802
vn -0.6766862273216248 0.4209991991519928 -0.6040327548980713
vn 0.2742331624031067 -0.9175055623054504 -0.28806182742118835
vn 0.0903211236000061 -0.5589630603790283 -0.8242586255073547
vn -0.07864905893802643 -0.694675862789154 -0.715010404586792
vn -0.49209916591644287 -0.7464408874511719 -0.4479556977748871
vn -0.1784503310918808 0.3651388883590698 0.9136898517608643
vn -0.1408318281173706 0.41001972556114197 0.9011383056640625
vn -0.02399873547255993 0.2738989293575287 0.9614590406417847
vn -0.047138262540102005 0.2919805347919464 0.9552618861198425
vn -0.3208859860897064 0.51305091381073 0.7961224317550659
vn -0.30137404799461365 0.5113935470581055 0.8047671914100647
vn -0.2682415246963501 0.07451038062572479 0.9604658484458923
vn -0.5106287002563477 0.257808119058609 0.8202397227287292
vn -0.11454606801271439 0.2202916443347931 0.9686851501464844
vn -0.36098578572273254 -0.42943885922431946 0.8278112411499023
vn -0.6410632133483887 -0.3975858688354492 0.6564779281616211
vn -0.03799718990921974 0.08755993843078613 0.9954342842102051
vn 0.04297398403286934 -0.1860254406929016 0.9816046953201294
vn -0.13225232064723969 0.18831361830234528 0.9731636047363281
vn 0.15122556686401367 -0.9880530834197998 -0.029696887359023094
vn 0.3674568235874176 -0.4904624819755554 0.7902037501335144
vn 0.08570078015327454 -0.7595003247261047 0.6448369026184082
vn -0.2161848247051239 -0.9731979370117188 0.07842087745666504
vn 0.08932188898324966 -0.990690290927887 -0.10273360460996628
vn 0.3768388330936432 -0.6113089323043823 -0.69591224193573
vn 0.19544853270053864 -0.5522982478141785 -0.8104113936424255
vn -0.2486906498670578 -0.9683644771575928 0.020573709160089493
vn 0.3543848693370819 -0.1616385281085968 0.9210235476493835
vn 0.3242906928062439 -0.1375264823436737 0.9359070658683777
vn 0.3035126030445099 -0.040740303695201874 0.9519560933113098
vn 0.13347454369068146 0.10151561349630356 0.9858392477035522
vn -0.1700773388147354 -0.3950696289539337 0.902769923210144
vn -0.07155492156744003 0.16980859637260437 -0.9828758835792542
vn -0.07736803591251373 0.1821783483028412 -0.9802168607711792
vn -0.09412822872400284 0.19257673621177673 -0.9767569303512573
vn -0.07348316162824631 0.17837098240852356 -0.9812155365943909
vn -0.09310433268547058 0.21776559948921204 -0.9715501666069031
vn -0.0699831172823906 0.248349130153656 -0.9661392569541931
vn -0.08658256381750107 0.182840496301651 -0.979322612285614
vn -0.035202041268348694 -0.26608461141586304 -0.963306725025177
vn 0.30839285254478455 -0.3494233191013336 -0.8847582340240479
vn 0.10096776485443115 -0.8702368140220642 -0.48217570781707764
vn -0.5254685282707214 -0.7739022970199585 -0.35349392890930176
vn -0.733332097530365 -0.34045615792274475 -0.5884842872619629
vn -0.13893243670463562 0.10683911293745041 -0.9845218062400818
vn 0.15975993871688843 0.0586501769721508 -0.985412061214447
vn -0.0446464866399765 0.2093825489282608 0.9768140912055969
vn -0.008450431749224663 0.20754756033420563 0.9781884551048279
vn -0.16445264220237732 0.20204666256904602 0.9654700756072998
vn -0.1128166913986206 0.18306659162044525 0.9766058325767517
vn -0.06311236321926117 0.2908911406993866 0.9546722769737244
vn -0.08967844396829605 0.20782819390296936 0.9740458130836487
vn -0.07639608532190323 0.29821211099624634 0.9514373540878296
vn -0.05677342414855957 0.3254627585411072 0.9438489675521851
vn 0.09020133316516876 0.19020196795463562 0.977592408657074
vn -0.27426594495773315 -0.94414883852005 0.18265028297901154
vn -0.44562098383903503 -0.8810518980026245 0.1586485505104065
vn -0.6013890504837036 -0.7940531969070435 0.08837839961051941
vn -0.7578182220458984 -0.6462903618812561 0.08955583721399307
vn -0.5299787521362305 -0.8019936680793762 0.27555176615715027
vn -0.7981171607971191 -0.4742285907268524 0.37164005637168884
vn -0.9583057761192322 -0.12447666376829147 0.25720730423927307
vn -0.8378990888595581 -0.5457841157913208 0.006694247014820576
vn -0.514729917049408 -0.028455911204218864 0.8568800091743469
vn -0.4264030158519745 0.28139540553092957 0.8596494197845459
vn -0.2926371097564697 0.21831770241260529 0.9309676885604858
vn -0.9116147756576538 0.36321136355400085 0.19244694709777832
vn -0.7260372638702393 0.27410221099853516 -0.630664587020874
vn -0.6049322485923767 0.09855303913354874 -0.7901546359062195
vn -0.13308291137218475 0.24865995347499847 -0.9594045877456665
vn -0.09296388179063797 0.21654683351516724 -0.9718359708786011
vn -0.06806199997663498 0.21620233356952667 -0.9739733338356018
vn 0.012838049791753292 0.21481108665466309 -0.976571261882782
vn -0.3967765271663666 0.4100612699985504 -0.8212296962738037
vn -0.6676938533782959 0.5462262630462646 0.5057883262634277
vn -0.4579886198043823 0.845089852809906 0.2758069634437561
vn -0.13840356469154358 0.49175330996513367 -0.8596644997596741
vn -0.08363036066293716 0.6056995391845703 -0.7912863492965698
vn -0.0656319186091423 0.9662703275680542 0.2490265667438507
vn -0.23622126877307892 0.9707211852073669 0.04358917474746704
vn -0.15527872741222382 0.5202471613883972 -0.8397805094718933
vn -0.28210845589637756 0.37363532185554504 -0.883635401725769
vn -0.16201592981815338 0.2775117754936218 -0.9469624757766724
vn -0.31550171971321106 0.3799741268157959 -0.8695276379585266
vn -0.1968121975660324 0.2683159112930298 -0.9430118799209595
vn -0.4032571017742157 0.36207109689712524 -0.840409517288208
vn -0.22482992708683014 0.23509982228279114 -0.9456107020378113
vn -0.45739009976387024 0.12595809996128082 -0.8803004622459412
vn -0.23657849431037903 0.02723921835422516 -0.9712304472923279
vn -0.06243351101875305 0.1308479905128479 -0.989434540271759
vn -0.1322147399187088 -0.145389586687088 -0.9805004596710205
vn 0.10107412189245224 -0.004640132654458284 -0.9948680996894836
vn 0.05628574267029762 -0.4190562069416046 -0.9062139987945557
vn 0.2917013466358185 -0.2248619645833969 -0.9297028183937073
vn -0.39185330271720886 -0.34247156977653503 -0.8539111018180847
vn -0.7125388979911804 -0.4251904785633087 -0.5581230521202087
vn -0.6919146180152893 0.1498887985944748 -0.7062490582466125
vn -0.9111893773078918 0.18654239177703857 -0.36733606457710266
vn -0.9093399047851562 -0.17325209081172943 -0.3782655596733093
vn -0.5579378008842468 0.5048004388809204 -0.6586971282958984
vn -0.7029585838317871 0.5836418867111206 -0.4064619839191437
vn -0.7226659059524536 0.6231341361999512 -0.29909515380859375
vn -0.8790768980979919 0.2525680363178253 -0.40426865220069885
vn -0.4788564145565033 0.5693091154098511 -0.668269157409668
vn -0.5917845368385315 0.6852769255638123 -0.42448389530181885
vn -0.6607211828231812 0.718650758266449 -0.21676859259605408
vn -0.6481801867485046 0.6945356130599976 -0.3122222125530243
vn -0.793310821056366 0.5318655371665955 -0.29627156257629395
vn -0.6552789807319641 0.5319463610649109 -0.5363232493400574
vn -0.9479885697364807 0.11347094178199768 -0.2973918616771698
vn -0.39329707622528076 0.6953246593475342 -0.6015321612358093
vn 0.09199610352516174 0.41066423058509827 -0.9071336984634399
vn -0.20743319392204285 0.24831058084964752 -0.9462099671363831
vn -0.3509843051433563 0.4955284595489502 -0.7945196032524109
vn 0.07705725729465485 0.28363722562789917 -0.9558305740356445
vn 0.3724590241909027 0.02943054959177971 -0.9275818467140198
vn 0.5487689971923828 0.05827916041016579 -0.8339401483535767
vn -0.32755857706069946 0.06126952916383743 -0.9428422451019287
vn -0.04382498562335968 0.0005803396925330162 -0.9990391135215759
vn -0.04133080318570137 -0.08852429687976837 -0.9952161908149719
vn 0.4102037847042084 -0.6816738843917847 -0.6058495044708252
vn 0.6609326004981995 -0.34775856137275696 -0.6650053858757019
vn -0.24598851799964905 -0.4114544093608856 -0.8776074647903442
vn 0.8610557317733765 -0.494384229183197 -0.1190260648727417
vn 0.8703734874725342 -0.4920676648616791 -0.017872614786028862
vn 0.734598696231842 -0.3475792407989502 -0.5827121734619141
vn 0.5744807720184326 -0.81097811460495 -0.11084355413913727
vn 0.4903038740158081 -0.8142344951629639 -0.31084421277046204
vn 0.6939752697944641 -0.6988170742988586 0.17335811257362366
vn 0.4547487795352936 -0.8757038712501526 0.16231566667556763
vn 0.6690629124641418 -0.5947666168212891 0.44565412402153015
vn 0.6601820588111877 -0.6895599961280823 0.29776978492736816
vn 0.3231305778026581 -0.579948902130127 0.7478274703025818
vn 0.3994005024433136 -0.3098372220993042 0.8628326058387756
vn 0.6314728856086731 -0.3116883635520935 0.7099946141242981
vn -0.1292223036289215 -0.465326189994812 0.8756558299064636
vn -0.08200495690107346 -0.2687140703201294 0.9597228765487671
vn -0.05004877597093582 -0.1357222944498062 0.9894819855690002
vn -0.6199061870574951 -0.3527754247188568 0.700903594493866
vn -0.7039828896522522 -0.09922782331705093 0.7032508254051208
vn -0.5557711720466614 -0.03039046749472618 0.8307796120643616
vn -0.49073678255081177 0.05207734927535057 0.8697502613067627
vn -0.04529038444161415 -0.0025654425844550133 0.9989705085754395
vn -0.8659748435020447 0.10312185436487198 0.48933979868888855
vn -0.8323363661766052 0.12542150914669037 0.5398939251899719
vn -0.9605193138122559 0.1242256909608841 0.24893875420093536
vn -0.9694468379020691 0.13832056522369385 0.2025839388370514
vn -0.9491926431655884 0.24282272160053253 0.2001761496067047
vn -0.8437615036964417 0.5206486582756042 0.1303512454032898
vn -0.9851914048194885 0.15803906321525574 -0.06649363785982132
vn -0.9729889035224915 0.22710579633712769 -0.04141940176486969
vn -0.9036614298820496 0.4264656901359558 -0.03902609273791313
vn -0.5113654732704163 0.8592478632926941 -0.014085065573453903
vn -0.39238137006759644 0.9105552434921265 0.13009952008724213
vn -0.9176735281944275 0.2536664605140686 -0.3058245778083801
vn -0.9328160881996155 0.15075761079788208 -0.32730117440223694
vn -0.7958890199661255 0.1415354162454605 -0.5886666178703308
vn -0.6514209508895874 0.4388549029827118 -0.6189160943031311
vn -0.379905641078949 0.06583143025636673 -0.9226798415184021
vn -0.2900165915489197 0.3820644021034241 -0.8774492144584656
vn -0.164445698261261 0.9449730515480042 -0.28281375765800476
vn 0.4096413552761078 0.842262864112854 -0.3504101037979126
vn -0.7284624576568604 0.11790300905704498 -0.6748639941215515
vn -0.44233644008636475 0.022962460294365883 -0.8965552449226379
vn 0.1252153515815735 -0.11750290542840958 -0.9851468205451965
vn -0.34131094813346863 -0.15695548057556152 -0.9267533421516418
vn 0.12827864289283752 -0.2586183249950409 -0.9574242234230042
vn 0.4943997263908386 -0.32226142287254333 -0.8072895407676697
vn 0.5542331337928772 -0.14827652275562286 -0.8190479874610901
vn 0.6781690716743469 -0.38475486636161804 -0.6261392831802368
vn 0.6563718914985657 -0.16685539484024048 -0.7357547879219055
vn 0.708085298538208 -0.4798343777656555 -0.5180483460426331
vn 0.589637815952301 -0.7473323941230774 -0.30630314350128174
vn 0.5861563682556152 -0.8085638284683228 -0.05143285170197487
vn 0.7106027603149414 -0.6563331484794617 -0.2535161077976227
vn 0.6331532001495361 -0.7531620860099792 0.1785043329000473
vn 0.8445988893508911 -0.5330217480659485 0.0504043810069561
vn 0.8664270639419556 -0.48926496505737305 0.09961877018213272
vn 0.7649033665657043 -0.46212270855903625 -0.44873765110969543
vn 0.6585142016410828 -0.4718044400215149 0.5863102674484253
vn 0.730605959892273 -0.39107292890548706 0.5597113966941833
vn 0.667391836643219 -0.289645254611969 0.6860712170600891
vn 0.5628907084465027 -0.2244122177362442 0.7954830527305603
vn 0.419617235660553 -0.23601680994033813 0.8764801621437073
vn 0.22258517146110535 0.14747723937034607 0.9636940956115723
vn 0.17698489129543304 0.0048634326085448265 0.9842016100883484
vn 0.19352710247039795 -0.11908099800348282 0.9738413095474243
vn -0.3289230465888977 0.41388192772865295 0.848829448223114
vn -0.7039248943328857 0.14091317355632782 0.6961560845375061
vn -0.7760874032974243 0.5444434881210327 0.3182288706302643
vn -0.8761469721794128 0.3027113378047943 0.3751431703567505
vn -0.9745112657546997 -0.19243118166923523 0.11531733721494675
vn -0.912325918674469 0.22140635550022125 0.34444260597229004
vn -0.971550464630127 -0.1892186552286148 0.142429381608963
vn -0.770596981048584 -0.6120944023132324 -0.17754040658473969
vn -0.7511993646621704 -0.5973514914512634 -0.2808392643928528
vn -0.8987951874732971 -0.35363757610321045 0.2590515911579132
vn -0.710687518119812 -0.700520396232605 -0.06476429104804993
vn -0.3652135729789734 -0.8347779512405396 -0.41202542185783386
vn -0.5993658304214478 -0.7880182266235352 0.14066995680332184
vn -0.8039509654045105 -0.17070871591567993 0.5696678757667542
vn -0.4618279039859772 -0.6889937520027161 0.5585718750953674
vn -0.20262454450130463 -0.44659069180488586 0.8714929819107056
vn 0.13336771726608276 -0.25350844860076904 0.9580951929092407
vn 0.1423712521791458 -0.4929502010345459 0.8583300709724426
vn -0.8486108779907227 0.3054801821708679 0.4319044351577759
vn -0.5850664377212524 0.44743117690086365 0.6763893961906433
vn -0.6074248552322388 0.6877593994140625 0.39751988649368286
vn -0.42449429631233215 0.6421141624450684 0.638352632522583
vn -0.5875086188316345 0.7633183002471924 0.26866111159324646
vn -0.40277472138404846 0.6547231674194336 0.6396170854568481
vn -0.6639636158943176 0.7311246991157532 0.15687265992164612
vn -0.7164450883865356 0.697596549987793 -0.0080911535769701
vn -0.7176082134246826 0.6408199071884155 0.27274248003959656
vn -0.6463580131530762 0.7107008099555969 0.27771517634391785
vn -0.24179576337337494 0.561149001121521 0.7916101217269897
vn -0.8100565075874329 0.5575039386749268 0.1816529631614685
vn 0.4280235171318054 -0.8132663369178772 0.3942001163959503
vn 0.3951834440231323 -0.9166052937507629 -0.06053755059838295
vn 0.13110233843326569 -0.8908710479736328 0.4349263608455658
vn 0.2938154935836792 -0.9342066049575806 -0.20231270790100098
vn 0.49573591351509094 -0.6484553813934326 -0.57771235704422
vn 0.11183150112628937 -0.5617086887359619 -0.8197420835494995
vn -0.45350995659828186 -0.3960084617137909 -0.7984397411346436
vn -0.769934356212616 0.03008873388171196 -0.6374133825302124
vn -0.8685733079910278 -0.050701651722192764 -0.49296027421951294
vn -0.8570153117179871 -0.4708636999130249 -0.20931299030780792
vn -0.8652374148368835 -0.3330591917037964 0.3747473955154419
vn -0.5868967175483704 -0.5452423095703125 0.5985507369041443
vn -0.38019466400146484 -0.21205195784568787 0.9002699851989746
vn -0.0893741324543953 -0.0301860012114048 0.9955406188964844
vn -0.8760530352592468 0.03894716501235962 0.4806392788887024
vn -0.5975428819656372 0.10736523568630219 0.7946164011955261
vn -0.12068763375282288 0.14257904887199402 0.9823979139328003
vn 0.14068232476711273 0.11496029049158096 0.983357846736908
vn 0.07845796644687653 -0.033721283078193665 0.9963469505310059
vn -0.5238866806030273 0.3248845040798187 0.7873961925506592
vn -0.20268157124519348 0.3362653851509094 0.9196987748146057
vn 0.1594279408454895 0.2790950834751129 0.9469364881515503
vn 0.4014093279838562 0.18721528351306915 0.896560549736023
vn 0.28208890557289124 0.14680516719818115 0.9480896592140198
vn -0.1747037172317505 0.014887217432260513 0.9845084547996521
vn 0.12870478630065918 0.1316646933555603 0.9829036593437195
vn 0.39297011494636536 0.13762888312339783 0.9091935753822327
vn 0.7443440556526184 0.04000932350754738 0.6665967702865601
vn 0.7493941187858582 0.035530198365449905 0.6611703038215637
vn -0.09677425771951675 -0.45424753427505493 0.885603666305542
vn 0.042807888239622116 -0.6581518650054932 0.7516671419143677
vn 0.4171942174434662 -0.7071475982666016 0.5708688497543335
vn 0.5859904885292053 -0.7701601982116699 0.25192907452583313
vn 0.9304474592208862 -0.1450241506099701 0.3365049660205841
vn 0.98026442527771 -0.19031605124473572 -0.053490880876779556
vn 0.9956740140914917 -0.0854346826672554 0.0365251787006855
vn 0.9372726082801819 -0.09097025543451309 0.3365180492401123
vn 0.5888887643814087 -0.8074586391448975 -0.03493478521704674
vn 0.4574044644832611 -0.8400623798370361 -0.29167863726615906
vn 0.8801268935203552 -0.2903496026992798 -0.3755978047847748
vn -0.11472555994987488 -0.992992639541626 -0.028346924111247063
vn -0.33888888359069824 -0.9408251047134399 0.001543987775221467
vn -0.35041874647140503 -0.9362844228744507 -0.024046771228313446
vn -0.33300498127937317 -0.9428814053535461 0.009073366411030293
vn -0.34716829657554626 -0.9374763369560242 -0.024743281304836273
vn -0.35198044776916504 -0.9352701306343079 -0.03714410588145256
vn -0.3138452172279358 -0.9297334551811218 0.19260531663894653
vn -0.33087509870529175 -0.9414049386978149 -0.06540916115045547
vn -0.2812017798423767 -0.9594100117683411 -0.021400688216090202
vn -0.3348536789417267 -0.9387649297714233 -0.08119996637105942
vn -0.25022047758102417 -0.966354489326477 0.05956939235329628
vn -0.6006177663803101 -0.7973400950431824 -0.059220779687166214
vn -0.6644752621650696 -0.7390024662017822 0.11112141609191895
vn -0.9811251163482666 -0.18741664290428162 -0.04762838035821915
vn -0.9811645746231079 -0.1678580343723297 0.09560135006904602
vn -0.9507330656051636 -0.13291126489639282 -0.28007376194000244
vn -0.6466315388679504 -0.2226417064666748 -0.729587733745575
vn -0.9423319101333618 0.333236962556839 0.031042804941534996
vn -0.8983287811279297 0.3449830710887909 -0.27201464772224426
vn -0.6060832142829895 0.23444832861423492 -0.7600638270378113
vn -0.6716315150260925 -0.11268703639507294 -0.7322654724121094
vn -0.21608708798885345 -0.021841391921043396 -0.9761298298835754
vn -0.11727055162191391 0.1781270056962967 -0.976994514465332
vn -0.2368648201227188 -0.18433241546154022 -0.9538955092430115
vn 0.08453451842069626 -0.06657222658395767 -0.9941942095756531
vn -0.22982598841190338 -0.7518112659454346 -0.6180288791656494
vn 0.1658044010400772 -0.015367217361927032 -0.9860389828681946
vn -0.01730552688241005 -0.7463884353637695 -0.6652855277061462
vn -0.32731831073760986 -0.938818097114563 0.10716007649898529
vn 0.5992518067359924 -0.10205448418855667 -0.7940291166305542
vn 0.34101712703704834 -0.8164675831794739 -0.4659271240234375
vn 0.6651102900505066 0.04025043174624443 -0.745659589767456
vn 0.9283396601676941 -0.05867160111665726 -0.3670734763145447
vn 0.6014096736907959 -0.033115584403276443 -0.7982543110847473
vn 0.8693639636039734 -0.18861530721187592 -0.4567610025405884
vn 0.97990882396698 -0.1994151473045349 0.0035070828162133694
vn 0.8529534339904785 -0.26378294825553894 -0.45043206214904785
vn 0.9637984037399292 -0.266586571931839 -0.004929033108055592
vn 0.8792688846588135 -0.26037243008613586 0.3988640308380127
vn 0.8660297393798828 -0.14908233284950256 0.47724929451942444
vn 0.5510095953941345 -0.18862326443195343 0.8129020929336548
vn 0.557786762714386 0.0030455798842012882 0.8299787044525146
vn 0.20403186976909637 -0.1092887669801712 0.9728447198867798
vn 0.35512393712997437 -0.2935424745082855 0.887535810470581
vn 0.09847193956375122 -0.3050024211406708 0.9472470283508301
vn 0.36221951246261597 -0.3274246156215668 0.8726913332939148
vn 0.034471191465854645 -0.2556473910808563 0.9661552906036377
vn 0.459098756313324 0.1205950677394867 0.8801621198654175
vn 0.014970543794333935 0.14711157977581024 0.9890066385269165
vn 0.36274680495262146 0.7165800333023071 0.5957581996917725
vn 0.07600022107362747 0.8605329990386963 0.5036932826042175
vn 0.18057788908481598 0.9806267619132996 -0.07591314613819122
vn 0.2478705197572708 0.9590211510658264 -0.13725435733795166
vn 0.46593302488327026 0.8762074708938599 0.12315410375595093
vn 0.2626420557498932 0.9648661017417908 0.0072408514097332954
vn 0.11597491800785065 0.9898900389671326 -0.081654392182827
vn 0.803176760673523 0.3429177403450012 0.48714932799339294
vn 0.89557284116745 0.4439723789691925 0.02894739620387554
vn 0.7109019160270691 0.6561935544013977 -0.253038227558136
vn 0.35810568928718567 0.9336634278297424 -0.005732413846999407
vn 0.8258781433105469 -0.23688282072544098 0.5116755962371826
vn 0.9686084985733032 -0.24498127400875092 0.04220934212207794
vn 0.8797147870063782 -0.10554716736078262 -0.4636397659778595
vn 0.5086185932159424 -0.09237245470285416 -0.8560224175453186
vn 0.5479331612586975 0.48730501532554626 -0.679928719997406
vn 0.9436166286468506 -0.32363876700401306 0.06960992515087128
vn 0.8685717582702637 -0.29575103521347046 -0.3976358473300934
vn 0.4572139382362366 -0.2605951726436615 -0.8503208160400391
vn 0.12984265387058258 -0.30961668491363525 -0.9419546127319336
vn 0.16745543479919434 -0.05089033395051956 -0.984565258026123
vn 0.5211275815963745 -0.15213163197040558 -0.8398107290267944
vn -0.0748671442270279 0.07586092501878738 -0.994303822517395
vn 0.2314295619726181 0.8395559787750244 -0.49151408672332764
vn -0.09186697751283646 -0.20856153964996338 -0.9736850261688232
vn -0.398346871137619 0.27020132541656494 -0.8765335083007812
vn 0.1827997863292694 0.9826751351356506 -0.030558982864022255
vn 0.22374416887760162 0.9744695425033569 0.018646344542503357
vn 0.18115028738975525 0.9743456244468689 0.1335485875606537
vn 0.1295066773891449 0.9697132110595703 0.20708508789539337
vn 0.07695269584655762 0.9869598150253296 0.14138084650039673
vn 0.3103332817554474 0.943513810634613 0.11608172953128815
vn 0.4862862229347229 0.872837483882904 0.040992699563503265
vn 0.4193224310874939 0.9070743322372437 0.0372142419219017
vn 0.41760218143463135 0.9083366394042969 0.023086415603756905
vn 0.32383641600608826 0.9459791779518127 -0.015916023403406143
vn 0.3867177367210388 0.9208948612213135 -0.049011554569005966
vn 0.25017139315605164 0.9635786414146423 0.0945010557770729
vn 0.03660503402352333 0.9993284940719604 -0.0016668306197971106
vn 0.36693769693374634 0.9300676584243774 0.018188834190368652
vn -0.3490538001060486 0.935509979724884 -0.054612379521131516
vn 0.7209338545799255 -0.31695762276649475 0.6162728071212769
vn -0.703241765499115 -0.4033310115337372 -0.5854700803756714
vn -0.11561765521764755 -0.17166756093502045 -0.9783469438552856
vn 0.1607336848974228 -0.2841777205467224 -0.9452024698257446
vn 0.42218974232673645 -0.2794719934463501 -0.8623520731925964
vn 0.5850069522857666 0.1874091774225235 -0.7890783548355103
vn 0.6580207347869873 -0.21321508288383484 -0.7221828699111938
vn 0.7857609987258911 0.2370537519454956 -0.5713013410568237
vn 0.8106930255889893 -0.004017328377813101 -0.5854576230049133
vn 0.8363213539123535 0.24109843373298645 -0.49237993359565735
vn 0.8096251487731934 0.08467810600996017 -0.5808070302009583
vn 0.7911792993545532 0.3226957619190216 -0.5195217132568359
vn 0.7404592633247375 0.12157832831144333 -0.6610134243965149
vn 0.7510059475898743 0.30892467498779297 -0.5835716128349304
vn 0.40104836225509644 0.9056592583656311 0.13762804865837097
vn 0.7317559123039246 -0.01196860522031784 -0.6814615726470947
vn 0.748619556427002 -0.2271583378314972 -0.622870683670044
vn 0.4934319257736206 -0.695393979549408 -0.5224483013153076
vn 0.6609905958175659 -0.4030497074127197 -0.6329631805419922
vn 0.5765779614448547 -0.5723981261253357 -0.5830249786376953
vn -0.03384336829185486 -0.9939478039741516 -0.10451049357652664
vn -0.3013942539691925 -0.9480600953102112 -0.10170386731624603
vn -0.7266866564750671 -0.6644270420074463 0.17453742027282715
vn -0.7748401761054993 -0.528244137763977 0.3472476601600647
vn -0.8675258159637451 -0.1836993545293808 0.4622268080711365
vn -0.9316664338111877 -0.3353506922721863 0.13977666199207306
vn -0.5281983613967896 -0.8456990718841553 -0.0761551707983017
vn -0.9774906635284424 -0.2067045271396637 -0.04225093126296997
vn -0.9498326778411865 -0.17886687815189362 0.2565627098083496
vn -0.8784564733505249 0.3017365038394928 0.37049880623817444
vn -0.6975171566009521 -0.08237510919570923 0.7118174433708191
vn -0.2884547710418701 -0.9574924111366272 0.001429472933523357
vn -0.29784661531448364 -0.9546014070510864 -0.004862353205680847
vn -0.327761173248291 -0.9446413516998291 -0.015011156909167767
vn -0.30016592144966125 -0.9350326657295227 0.18871775269508362
vn -0.929704487323761 0.1776377558708191 -0.3226366341114044
vn -0.9854350686073303 0.17000150680541992 -0.004134202841669321
vn 0.11722041666507721 0.4326414465904236 0.8939131498336792
vn 0.31280994415283203 0.9498155117034912 0.0006235981127247214
vn 0.5754934549331665 -0.36367881298065186 0.7324923872947693
vn 0.7041845917701721 -0.5059614777565002 0.4981233775615692
vn 0.6807937026023865 -0.38780656456947327 -0.6213902831077576
vn 0.44347134232521057 -0.24093294143676758 -0.8632986545562744
vn -0.9736719131469727 -0.01734399050474167 -0.22729334235191345
vn -0.949221134185791 -0.21759431064128876 -0.22722655534744263
vn -0.8290640115737915 -0.5272064208984375 0.18629597127437592
vn -0.5888970494270325 -0.7398149967193604 0.3253830373287201
vn -0.6198264360427856 -0.7840814590454102 -0.032115500420331955
vn -0.22592003643512726 -0.8560899496078491 0.46483343839645386
vn 0.09091140329837799 -0.9280170202255249 0.361274778842926
vn 0.05110324174165726 -0.7982915043830872 0.6000992059707642
vn 0.34236329793930054 -0.7233790159225464 0.5995916128158569
vn 0.4696837365627289 -0.5908565521240234 0.655961811542511
vn 0.5550217032432556 -0.46472904086112976 0.6899114847183228
vn 0.715628981590271 -0.4202873110771179 0.557883083820343
vn 0.5461472272872925 -0.5283966064453125 0.6500155329704285
vn 0.671396791934967 -0.7345898747444153 0.09800129383802414
vn 0.6444400548934937 -0.7644941806793213 0.015674177557229996
vn 0.5275399684906006 -0.61983323097229 -0.5809546709060669
vn 0.5393807291984558 -0.47555607557296753 -0.6949208974838257
vn 0.8370710611343384 -0.5470545291900635 -0.006593932863324881
vn 0.9555906057357788 -0.29344362020492554 -0.02715437486767769
vn 0.9954239726066589 -0.08726207166910172 -0.03894348815083504
vn 0.876190185546875 -0.12991216778755188 -0.4641267955303192
vn 0.9234511256217957 -0.12855412065982819 0.36154109239578247
vn 0.7157829403877258 -0.1933380365371704 0.6710254549980164
vn 0.5982124209403992 0.58579421043396 0.5467971563339233
vn 0.6198110580444336 0.6351771354675293 -0.4608516991138458
vn 0.7112648487091064 -0.10478267073631287 -0.6950703859329224
vn 0.09777070581912994 0.5351563692092896 -0.839076042175293
vn 0.6836907267570496 -0.11674170196056366 -0.7203738689422607
vn -0.26608335971832275 -0.7698374390602112 0.5801291465759277
vn -0.49262750148773193 0.4976789951324463 -0.7138864398002625
vn -0.3976668119430542 0.8225560784339905 0.4065249562263489
vn -0.1608039140701294 0.7180579304695129 -0.6771520972251892
vn 0.047184836119413376 0.3526504933834076 -0.9345647692680359
vn 0.06408221274614334 0.35452085733413696 -0.932849645614624
vn 0.11778828501701355 0.7858638167381287 -0.6070782542228699
vn 0.2520737051963806 0.466793954372406 -0.847680389881134
vn 0.20607446134090424 0.4203393757343292 -0.8836560249328613
vn -0.2544514238834381 0.8758050203323364 0.4101463854312897
vn -0.21426312625408173 0.896894097328186 0.38687488436698914
vn -0.2634384334087372 0.096432164311409 0.9598442316055298
vn -0.41169607639312744 0.045849479734897614 0.9101670980453491
vn 0.3539397120475769 0.6157786250114441 0.7039483785629272
vn -0.1295587420463562 0.014534267596900463 0.9914652109146118
vn -0.2915581166744232 0.4086214601993561 -0.8648828864097595
vn -0.29848796129226685 0.07386355102062225 0.9515509605407715
vn -0.4287627637386322 -0.06938911974430084 0.9007483720779419
vn -0.47166597843170166 0.022130807861685753 0.8814995288848877
vn -0.42573079466819763 0.09137953817844391 0.9002238512039185
vn -0.18761137127876282 0.05860259756445885 0.9804935455322266
vn 0.019535446539521217 0.30583953857421875 0.9518826603889465
vn -0.2726244330406189 0.7859385013580322 0.5549563765525818
vn -0.4066939055919647 0.5118627548217773 -0.7567011713981628
vn -0.1342059224843979 0.9830189347267151 -0.12514986097812653
vn -0.29140505194664 0.2552374303340912 -0.9219201803207397
vn 0.08651301264762878 0.8826884627342224 -0.4619271159172058
vn -0.4026228189468384 0.17900092899799347 -0.8976935148239136
vn 0.2531915605068207 0.5943448543548584 0.7633139491081238
vn 0.5412380695343018 0.571853756904602 0.6164776682853699
vn 0.2538192868232727 0.40829116106033325 0.8768545985221863
vn 0.602920413017273 0.45315301418304443 0.6566119194030762
vn 0.021279657259583473 0.2155865728855133 0.9762529134750366
vn -0.12843304872512817 0.37202781438827515 0.9192932844161987
vn -0.40407341718673706 0.1853581964969635 0.8957494497299194
vn -0.5525358319282532 -0.016980338841676712 0.8333162665367126
vn -0.34237784147262573 0.5502381324768066 0.7615875005722046
vn -0.2209843397140503 0.0509130023419857 0.9739475250244141
vn -0.306235671043396 0.04821190610527992 -0.9507341384887695
vn -0.5696675181388855 0.14846128225326538 -0.8083552122116089
vn -0.5312885046005249 0.6685043573379517 0.5204176902770996
vn -0.641987681388855 -0.7656204700469971 0.04095175489783287
vn -0.6435485482215881 -0.5901174545288086 0.4874492585659027
vn -0.8924463987350464 -0.3339987099170685 -0.3032894432544708
vn -0.3625422418117523 -0.9296254515647888 -0.06602749973535538
vn 0.4877851903438568 -0.796941876411438 0.35629937052726746
vn -0.23383024334907532 -0.9556384086608887 0.17910520732402802
vn 0.6184398531913757 -0.666914165019989 0.4156412184238434
vn 0.901829719543457 -0.17272593080997467 0.39606669545173645
vn 0.8329141139984131 -0.2224564105272293 0.506722092628479
vn -0.024999093264341354 -0.9457237720489502 0.324008584022522
vn 0.6974636912345886 -0.5543316602706909 0.4541594684123993
vn 0.8695051074028015 -0.12866520881652832 0.47687119245529175
vn 0.9424278736114502 0.11721299588680267 0.31319451332092285
vn 0.5886134505271912 -0.5946155786514282 0.547692060470581
vn 0.667397141456604 -0.11149165034294128 0.7363088726997375
vn 0.930598795413971 0.30343523621559143 0.2047262191772461
vn -0.08012472093105316 0.9557337760925293 -0.28311270475387573
vn -0.6348341107368469 0.7391628623008728 -0.22499752044677734
f 1//1 2//2 3//3
f 1//1 3//3 4//4
f 1//1 4//4 5//5
f 1//1 5//5 6//6
f 1//1 6//6 7//7
f 1//1 7//7 2//2
f 8//8 9//9 10//10
f 8//8 10//10 11//11
f 8//8 11//11 12//12
f 8//8 12//12 13//13
f 8//8 13//13 14//14
f 8//8 14//14 9//9
f 15//15 16//16 17//17
f 15//15 17//17 18//18
f 19//19 20//20 21//21
f 19//19 21//21 22//22
f 23//23 24//24 25//25
f 23//23 25//25 26//26
f 23//23 27//27 28//28
f 23//23 28//28 24//24
f 23//23 26//26 29//29
f 23//23 29//29 27//27
f 30//30 31//31 32//32
f 30//30 32//32 33//33
f 30//30 34//34 35//35
f 30//30 35//35 31//31
f 30//30 33//33 36//36
f 30//30 36//36 34//34
f 17//17 16//16 37//37
f 17//17 37//37 38//38
f 17//17 39//39 40//40
f 17//17 40//40 18//18
f 17//17 38//38 41//41
f 17//17 41//41 42//42
f 17//17 42//42 43//43
f 17//17 43//43 39//39
f 44//44 45//45 46//46
f 44//44 46//46 47//47
f 44//44 47//47 48//48
f 44//44 48//48 49//49
f 44//44 50//50 51//51
f 44//44 51//51 52//52
f 44//44 49//49 53//53
f 44//44 53//53 50//50
f 33//33 54//54 55//55
f 33//33 55//55 36//36
f 56//56 57//57 58//58
f 56//56 58//58 59//59
f 56//56 38//38 37//37
f 56//56 37//37 57//57
f 56//56 60//60 41//41
f 56//56 41//41 38//38
f 61//61 33//33 32//32
f 61//61 32//32 62//62
f 61//61 62//62 63//63
f 61//61 63//63 64//64
f 61//61 64//64 54//54
f 61//61 54//54 33//33
f 65//65 66//66 67//67
f 65//65 67//67 68//68
f 65//65 69//69 70//70
f 65//65 70//70 66//66
f 65//65 68//68 71//71
f 65//65 71//71 72//72
f 73//73 74//74 75//75
f 73//73 75//75 76//76
f 73//73 77//77 78//78
f 73//73 78//78 74//74
f 73//73 76//76 79//79
f 73//73 79//79 77//77
f 80//80 81//81 82//82
f 80//80 82//82 83//83
f 80//80 84//84 85//85
f 80//80 85//85 81//81
f 80//80 83//83 86//86
f 80//80 86//86 84//84
f 87//87 88//88 89//89
f 87//87 89//89 90//90
f 87//87 51//51 50//50
f 87//87 50//50 88//88
f 87//87 90//90 91//91
f 87//87 91//91 51//51
f 92//92 48//48 36//36
f 92//92 36//36 55//55
f 92//92 93//93 49//49
f 92//92 49//49 48//48
f 92//92 94//94 95//95
f 92//92 95//95 96//96
f 92//92 55//55 97//97
f 92//92 97//97 94//94
f 92//92 96//96 98//98
f 92//92 98//98 93//93
f 99//99 100//100 54//54
f 99//99 54//54 64//64
f 99//99 101//101 102//102
f 99//99 102//102 100//100
f 99//99 103//103 104//104
f 99//99 104//104 101//101
f 105//105 106//106 107//107
f 105//105 107//107 108//108
f 105//105 108//108 109//109
f 105//105 109//109 110//110
f 105//105 110//110 111//111
f 105//105 111//111 106//106
f 112//112 113//113 114//114
f 112//112 114//114 115//115
f 112//112 115//115 116//116
f 112//112 116//116 117//117
f 112//112 118//118 119//119
f 112//112 119//119 113//113
f 120//120 121//121 122//122
f 120//120 122//122 123//123
f 120//120 123//123 124//124
f 120//120 124//124 125//125
f 120//120 125//125 126//126
f 120//120 126//126 121//121
f 127//127 128//128 129//129
f 127//127 129//129 130//130
f 127//127 131//131 132//132
f 127//127 132//132 133//133
f 127//127 133//133 134//134
f 127//127 134//134 128//128
f 131//131 135//135 136//136
f 131//131 136//136 132//132
f 131//131 137//137 138//138
f 131//131 138//138 139//139
f 131//131 139//139 140//140
f 131//131 140//140 135//135
f 131//131 127//127 141//141
f 131//131 141//141 137//137
f 142//142 143//143 144//144
f 142//142 144//144 145//145
f 142//142 146//146 147//147
f 142//142 147//147 143//143
f 142//142 148//148 149//149
f 142//142 149//149 146//146
f 133//133 150//150 151//151
f 133//133 151//151 152//152
f 133//133 152//152 153//153
f 133//133 153//153 134//134
f 154//154 155//155 156//156
f 154//154 156//156 157//157
f 154//154 157//157 158//158
f 154//154 158//158 159//159
f 154//154 159//159 160//160
f 154//154 160//160 161//161
f 162//162 163//163 161//161
f 162//162 161//161 164//164
f 162//162 137//137 141//141
f 162//162 141//141 163//163
f 162//162 164//164 165//165
f 162//162 165//165 166//166
f 162//162 167//167 138//138
f 162//162 138//138 137//137
f 162//162 166//166 168//168
f 162//162 168//168 167//167
f 169//169 170//170 171//171
f 169//169 171//171 172//172
f 169//169 173//173 174//174
f 169//169 174//174 170//170
f 169//169 172//172 175//175
f 169//169 175//175 176//176
f 177//177 178//178 179//179
f 177//177 179//179 180//180
f 177//177 180//180 181//181
f 177//177 181//181 182//182
f 177//177 182//182 183//183
f 177//177 183//183 178//178
f 184//184 185//185 186//186
f 184//184 186//186 112//112
f 179//179 187//187 185//185
f 179//179 185//185 184//184
f 184//184 112//112 117//117
f 184//184 117//117 179//179
f 188//188 189//189 136//136
f 188//188 136//136 190//190
f 188//188 190//190 191//191
f 188//188 191//191 192//192
f 188//188 193//193 194//194
f 188//188 194//194 195//195
f 188//188 195//195 196//196
f 188//188 196//196 189//189
f 151//151 197//197 181//181
f 151//151 181//181 152//152
f 151//151 150//150 198//198
f 151//151 198//198 199//199
f 151//151 200//200 201//201
f 151//151 201//201 197//197
f 151//151 199//199 202//202
f 151//151 202//202 200//200
f 203//203 204//204 205//205
f 203//203 205//205 206//206
f 203//203 206//206 207//207
f 203//203 207//207 208//208
f 203//203 208//208 209//209
f 203//203 209//209 204//204
f 210//210 211//211 212//212
f 210//210 212//212 213//213
f 210//210 214//214 215//215
f 210//210 215//215 211//211
f 210//210 213//213 216//216
f 210//210 216//216 214//214
f 147//147 217//217 207//207
f 147//147 207//207 218//218
f 147//147 146//146 219//219
f 147//147 219//219 220//220
f 147//147 220//220 221//221
f 147//147 221//221 217//217
f 222//222 223//223 206//206
f 222//222 206//206 205//205
f 222//222 205//205 224//224
f 222//222 224//224 225//225
f 222//222 225//225 226//226
f 222//222 226//226 227//227
f 222//222 227//227 228//228
f 222//222 228//228 160//160
f 222//222 160//160 159//159
f 222//222 159//159 223//223
f 227//227 226//226 229//229
f 227//227 229//229 230//230
f 231//231 232//232 201//201
f 231//231 201//201 233//233
f 231//231 234//234 235//235
f 231//231 235//235 232//232
f 231//231 233//233 236//236
f 231//231 236//236 234//234
f 237//237 238//238 239//239
f 237//237 239//239 240//240
f 237//237 240//240 241//241
f 237//237 241//241 242//242
f 237//237 242//242 243//243
f 237//237 243//243 244//244
f 237//237 245//245 246//246
f 237//237 246//246 238//238
f 247//247 248//248 249//249
f 247//247 249//249 250//250
f 247//247 250//250 251//251
f 247//247 251//251 252//252
f 247//247 252//252 253//253
f 247//247 253//253 248//248
f 254//254 209//209 208//208
f 254//254 208//208 255//255
f 254//254 256//256 257//257
f 254//254 257//257 258//258
f 254//254 255//255 259//259
f 254//254 259//259 256//256
f 260//260 261//261 262//262
f 260//260 262//262 263//263
f 260//260 263//263 264//264
f 260//260 264//264 265//265
f 260//260 265//265 212//212
f 260//260 212//212 261//261
f 256//256 259//259 266//266
f 256//256 266//266 257//257
f 267//267 268//268 269//269
f 267//267 269//269 270//270
f 267//267 241//241 240//240
f 267//267 240//240 268//268
f 267//267 270//270 271//271
f 267//267 271//271 241//241
f 272//272 273//273 274//274
f 272//272 274//274 275//275
f 272//272 276//276 277//277
f 272//272 277//277 278//278
f 272//272 275//275 279//279
f 272//272 279//279 276//276
f 280//280 281//281 234//234
f 280//280 234//234 236//236
f 280//280 282//282 283//283
f 280//280 283//283 281//281
f 280//280 236//236 284//284
f 280//280 284//284 282//282
f 285//285 286//286 287//287
f 285//285 287//287 288//288
f 285//285 289//289 224//224
f 285//285 224//224 286//286
f 285//285 288//288 290//290
f 285//285 290//290 289//289
f 291//291 292//292 176//176
f 291//291 176//176 175//175
f 291//291 175//175 293//293
f 291//291 293//293 294//294
f 291//291 294//294 295//295
f 291//291 295//295 296//296
f 291//291 296//296 297//297
f 291//291 297//297 298//298
f 299//299 230//230 300//300
f 299//299 300//300 301//301
f 299//299 301//301 302//302
f 299//299 302//302 303//303
f 299//299 303//303 304//304
f 299//299 304//304 305//305
f 306//306 307//307 308//308
f 306//306 308//308 309//309
f 306//306 310//310 311//311
f 306//306 311//311 194//194
f 306//306 309//309 312//312
f 306//306 312//312 310//310
f 284//284 313//313 314//314
f 284//284 314//314 315//315
f 284//284 315//315 316//316
f 284//284 316//316 317//317
f 284//284 317//317 318//318
f 284//284 318//318 282//282
f 319//319 226//226 225//225
f 319//319 225//225 320//320
f 321//321 229//229 226//226
f 321//321 226//226 319//319
f 319//319 320//320 322//322
f 319//319 322//322 321//321
f 323//323 292//292 291//291
f 323//323 291//291 298//298
f 323//323 298//298 324//324
f 323//323 324//324 325//325
f 323//323 326//326 327//327
f 323//323 327//327 292//292
f 323//323 325//325 328//328
f 323//323 328//328 329//329
f 330//330 331//331 332//332
f 330//330 332//332 333//333
f 330//330 334//334 335//335
f 330//330 335//335 331//331
f 330//330 333//333 336//336
f 330//330 336//336 334//334
f 337//337 338//338 253//253
f 337//337 253//253 339//339
f 337//337 340//340 341//341
f 337//337 341//341 338//338
f 337//337 339//339 342//342
f 337//337 342//342 340//340
f 308//308 317//317 316//316
f 308//308 316//316 309//309
f 308//308 307//307 343//343
f 308//308 343//343 344//344
f 308//308 344//344 345//345
f 308//308 345//345 346//346
f 308//308 346//346 318//318
f 308//308 318//318 317//317
f 347//347 279//279 275//275
f 347//347 275//275 348//348
f 347//347 349//349 350//350
f 347//347 350//350 279//279
f 347//347 348//348 351//351
f 347//347 351//351 349//349
f 352//352 353//353 354//354
f 352//352 354//354 355//355
f 352//352 356//356 357//357
f 352//352 357//357 353//353
f 352//352 355//355 345//345
f 352//352 345//345 356//356
f 358//358 295//295 294//294
f 358//358 294//294 359//359
f 358//358 359//359 360//360
f 358//358 360//360 361//361
f 358//358 362//362 363//363
f 358//358 363//363 364//364
f 358//358 364//364 365//365
f 358//358 365//365 295//295
f 358//358 361//361 366//366
f 358//358 366//366 362//362
f 296//296 295//295 365//365
f 296//296 365//365 297//297
f 367//367 368//368 369//369
f 367//367 369//369 370//370
f 367//367 371//371 372//372
f 367//367 372//372 368//368
f 367//367 370//370 373//373
f 367//367 373//373 371//371
f 374//374 370//370 369//369
f 374//374 369//369 375//375
f 374//374 375//375 376//376
f 374//374 376//376 377//377
f 374//374 377//377 373//373
f 374//374 373//373 370//370
f 378//378 283//283 282//282
f 378//378 282//282 318//318
f 378//378 318//318 346//346
f 378//378 346//346 379//379
f 378//378 379//379 380//380
f 378//378 380//380 283//283
f 381//381 382//382 383//383
f 381//381 383//383 384//384
f 381//381 384//384 385//385
f 381//381 385//385 386//386
f 381//381 386//386 387//387
f 381//381 387//387 388//388
f 381//381 389//389 390//390
f 381//381 390//390 382//382
f 361//361 360//360 391//391
f 361//361 391//391 392//392
f 361//361 393//393 394//394
f 361//361 394//394 366//366
f 361//361 392//392 395//395
f 361//361 395//395 393//393
f 396//396 397//397 398//398
f 396//396 398//398 383//383
f 396//396 399//399 400//400
f 396//396 400//400 401//401
f 396//396 401//401 312//312
f 396//396 312//312 397//397
f 396//396 390//390 402//402
f 396//396 402//402 399//399
f 396//396 383//383 382//382
f 396//396 382//382 390//390
f 403//403 364//364 363//363
f 403//403 363//363 404//404
f 403//403 405//405 406//406
f 403//403 406//406 407//407
f 403//403 407//407 365//365
f 403//403 365//365 364//364
f 408//408 409//409 410//410
f 408//408 410//410 411//411
f 408//408 412//412 413//413
f 408//408 413//413 409//409
f 408//408 411//411 414//414
f 408//408 414//414 412//412
f 415//415 416//416 409//409
f 415//415 409//409 413//413
f 415//415 351//351 417//417
f 415//415 417//417 416//416
f 415//415 413//413 418//418
f 415//415 418//418 419//419
f 420//420 421//421 422//422
f 420//420 422//422 405//405
f 420//420 405//405 403//403
f 420//420 403//403 423//423
f 420//420 423//423 424//424
f 420//420 424//424 421//421
f 425//425 426//426 427//427
f 425//425 427//427 428//428
f 425//425 429//429 430//430
f 425//425 430//430 426//426
f 425//425 428//428 431//431
f 425//425 431//431 429//429
f 432//432 433//433 434//434
f 432//432 434//434 435//435
f 432//432 436//436 437//437
f 432//432 437//437 433//433
f 432//432 435//435 438//438
f 432//432 438//438 436//436
f 439//439 410//410 440//440
f 439//439 440//440 441//441
f 439//439 441//441 442//442
f 439//439 442//442 443//443
f 439//439 443//443 411//411
f 439//439 411//411 410//410
f 412//412 414//414 418//418
f 412//412 418//418 413//413
f 444//444 445//445 446//446
f 444//444 446//446 447//447
f 444//444 448//448 404//404
f 444//444 404//404 445//445
f 444//444 447//447 449//449
f 444//444 449//449 448//448
f 450//450 350//350 349//349
f 450//450 349//349 451//451
f 450//450 452//452 453//453
f 450//450 453//453 350//350
f 450//450 451//451 454//454
f 450//450 454//454 455//455
f 427//427 456//456 457//457
f 427//427 457//457 458//458
f 427//427 426//426 302//302
f 427//427 302//302 456//456
f 427//427 458//458 459//459
f 427//427 459//459 460//460
f 427//427 460//460 461//461
f 427//427 461//461 428//428
f 434//434 433//433 462//462
f 434//434 462//462 463//463
f 434//434 463//463 464//464
f 434//434 464//464 435//435
f 465//465 466//466 467//467
f 465//465 467//467 468//468
f 465//465 468//468 469//469
f 465//465 469//469 470//470
f 465//465 471//471 472//472
f 465//465 472//472 466//466
f 465//465 473//473 474//474
f 465//465 474//474 471//471
f 465//465 470//470 475//475
f 465//465 475//475 473//473
f 476//476 477//477 478//478
f 476//476 478//478 452//452
f 476//476 479//479 480//480
f 476//476 480//480 481//481
f 476//476 452//452 450//450
f 476//476 450//450 479//479
f 476//476 481//481 482//482
f 476//476 482//482 483//483
f 476//476 483//483 484//484
f 476//476 484//484 477//477
f 466//466 472//472 485//485
f 466//466 485//485 486//486
f 481//481 487//487 488//488
f 481//481 488//488 482//482
f 481//481 489//489 490//490
f 481//481 490//490 487//487
f 481//481 480//480 491//491
f 481//481 491//491 489//489
f 492//492 493//493 494//494
f 492//492 494//494 495//495
f 492//492 495//495 496//496
f 492//492 496//496 497//497
f 492//492 497//497 498//498
f 492//492 498//498 493//493
f 499//499 500//500 501//501
f 499//499 501//501 502//502
f 499//499 503//503 504//504
f 499//499 504//504 500//500
f 499//499 502//502 505//505
f 499//499 505//505 503//503
f 506//506 507//507 504//504
f 506//506 504//504 503//503
f 506//506 508//508 509//509
f 506//506 509//509 507//507
f 506//506 503//503 505//505
f 506//506 505//505 508//508
f 510//510 511//511 512//512
f 510//510 512//512 513//513
f 513//513 514//514 515//515
f 513//513 515//515 516//516
f 513//513 516//516 490//490
f 513//513 490//490 510//510
f 513//513 512//512 517//517
f 513//513 517//517 514//514
f 517//517 502//502 501//501
f 517//517 501//501 514//514
f 517//517 512//512 518//518
f 517//517 518//518 519//519
f 517//517 519//519 505//505
f 517//517 505//505 502//502
f 519//519 518//518 496//496
f 519//519 496//496 520//520
f 519//519 520//520 508//508
f 519//519 508//508 505//505
f 520//520 496//496 495//495
f 520//520 495//495 521//521
f 520//520 521//521 509//509
f 520//520 509//509 508//508
f 521//521 495//495 494//494
f 521//521 494//494 522//522
f 521//521 522//522 523//523
f 521//521 523//523 509//509
f 523//523 522//522 524//524
f 523//523 524//524 485//485
f 523//523 485//485 472//472
f 523//523 472//472 525//525
f 523//523 525//525 507//507
f 523//523 507//507 509//509
f 525//525 472//472 471//471
f 525//525 471//471 526//526
f 525//525 526//526 504//504
f 525//525 504//504 507//507
f 526//526 471//471 474//474
f 526//526 474//474 527//527
f 526//526 527//527 500//500
f 526//526 500//500 504//504
f 527//527 474//474 528//528
f 527//527 528//528 529//529
f 527//527 529//529 501//501
f 527//527 501//501 500//500
f 529//529 528//528 530//530
f 529//529 530//530 515//515
f 529//529 515//515 514//514
f 529//529 514//514 501//501
f 530//530 528//528 531//531
f 530//530 531//531 532//532
f 530//530 532//532 533//533
f 530//530 533//533 534//534
f 530//530 534//534 516//516
f 530//530 516//516 515//515
f 534//534 533//533 488//488
f 534//534 488//488 487//487
f 534//534 487//487 490//490
f 534//534 490//490 516//516
f 533//533 532//532 535//535
f 533//533 535//535 536//536
f 533//533 536//536 537//537
f 533//533 537//537 488//488
f 537//537 536//536 538//538
f 537//537 538//538 539//539
f 537//537 539//539 460//460
f 537//537 460//460 459//459
f 537//537 459//459 482//482
f 537//537 482//482 488//488
f 539//539 538//538 540//540
f 539//539 540//540 541//541
f 539//539 541//541 461//461
f 539//539 461//461 460//460
f 541//541 540//540 542//542
f 541//541 542//542 543//543
f 541//541 543//543 544//544
f 541//541 544//544 461//461
f 544//544 543//543 464//464
f 544//544 464//464 463//463
f 544//544 463//463 462//462
f 544//544 462//462 431//431
f 544//544 431//431 428//428
f 544//544 428//428 461//461
f 543//543 542//542 545//545
f 543//543 545//545 464//464
f 545//545 392//392 391//391
f 545//545 391//391 438//438
f 545//545 438//438 435//435
f 545//545 435//435 464//464
f 545//545 542//542 395//395
f 545//545 395//395 392//392
f 542//542 540//540 546//546
f 542//542 546//546 395//395
f 546//546 547//547 393//393
f 546//546 393//393 395//395
f 546//546 540//540 538//538
f 546//546 538//538 548//548
f 546//546 548//548 549//549
f 546//546 549//549 547//547
f 549//549 550//550 551//551
f 549//549 551//551 547//547
f 549//549 548//548 535//535
f 549//549 535//535 552//552
f 549//549 552//552 475//475
f 549//549 475//475 550//550
f 552//552 535//535 532//532
f 552//552 532//532 531//531
f 552//552 531//531 473//473
f 552//552 473//473 475//475
f 551//551 553//553 321//321
f 551//551 321//321 394//394
f 551//551 394//394 393//393
f 551//551 393//393 547//547
f 551//551 550//550 554//554
f 551//551 554//554 553//553
f 554//554 555//555 556//556
f 554//554 556//556 553//553
f 554//554 550//550 475//475
f 554//554 475//475 470//470
f 554//554 470//470 469//469
f 554//554 469//469 555//555
f 556//556 300//300 230//230
f 556//556 230//230 229//229
f 556//556 229//229 321//321
f 556//556 321//321 553//553
f 556//556 555//555 557//557
f 556//556 557//557 300//300
f 557//557 558//558 301//301
f 557//557 301//301 300//300
f 557//557 555//555 469//469
f 557//557 469//469 559//559
f 557//557 559//559 560//560
f 557//557 560//560 558//558
f 560//560 457//457 456//456
f 560//560 456//456 558//558
f 560//560 559//559 561//561
f 560//560 561//561 562//562
f 560//560 562//562 484//484
f 560//560 484//484 457//457
f 562//562 561//561 563//563
f 562//562 563//563 564//564
f 562//562 564//564 477//477
f 562//562 477//477 484//484
f 564//564 563//563 387//387
f 564//564 387//387 565//565
f 564//564 565//565 478//478
f 564//564 478//478 477//477
f 565//565 387//387 386//386
f 565//565 386//386 566//566
f 565//565 566//566 567//567
f 565//565 567//567 478//478
f 567//567 566//566 568//568
f 567//567 568//568 277//277
f 567//567 277//277 276//276
f 567//567 276//276 453//453
f 567//567 453//453 452//452
f 567//567 452//452 478//478
f 568//568 385//385 569//569
f 568//568 569//569 570//570
f 568//568 570//570 278//278
f 568//568 278//278 277//277
f 568//568 566//566 386//386
f 568//568 386//386 385//385
f 570//570 569//569 202//202
f 570//570 202//202 199//199
f 570//570 199//199 198//198
f 570//570 198//198 278//278
f 569//569 571//571 314//314
f 569//569 314//314 202//202
f 569//569 385//385 384//384
f 569//569 384//384 571//571
f 571//571 398//398 315//315
f 571//571 315//315 314//314
f 571//571 384//384 383//383
f 571//571 383//383 398//398
f 563//563 467//467 388//388
f 563//563 388//388 387//387
f 563//563 561//561 468//468
f 563//563 468//468 467//467
f 561//561 559//559 469//469
f 561//561 469//469 468//468
f 558//558 456//456 302//302
f 558//558 302//302 301//301
f 548//548 538//538 536//536
f 548//548 536//536 535//535
f 531//531 528//528 474//474
f 531//531 474//474 473//473
f 524//524 572//572 573//573
f 524//524 573//573 574//574
f 524//524 574//574 486//486
f 524//524 486//486 485//485
f 524//524 522//522 494//494
f 524//524 494//494 572//572
f 574//574 573//573 575//575
f 574//574 575//575 576//576
f 574//574 576//576 577//577
f 574//574 577//577 486//486
f 577//577 576//576 578//578
f 577//577 578//578 579//579
f 577//577 579//579 389//389
f 577//577 389//389 580//580
f 577//577 580//580 466//466
f 577//577 466//466 486//486
f 580//580 389//389 381//381
f 580//580 381//381 388//388
f 580//580 388//388 467//467
f 580//580 467//467 466//466
f 579//579 578//578 581//581
f 579//579 581//581 402//402
f 579//579 402//402 390//390
f 579//579 390//390 389//389
f 581//581 582//582 583//583
f 581//581 583//583 584//584
f 581//581 584//584 399//399
f 581//581 399//399 402//402
f 581//581 578//578 585//585
f 581//581 585//585 582//582
f 585//585 586//586 587//587
f 585//585 587//587 582//582
f 585//585 578//578 576//576
f 585//585 576//576 575//575
f 585//585 575//575 588//588
f 585//585 588//588 586//586
f 588//588 455//455 454//454
f 588//588 454//454 586//586
f 588//588 575//575 573//573
f 588//588 573//573 589//589
f 588//588 589//589 590//590
f 588//588 590//590 455//455
f 590//590 479//479 450//450
f 590//590 450//450 455//455
f 590//590 589//589 591//591
f 590//590 591//591 592//592
f 590//590 592//592 480//480
f 590//590 480//480 479//479
f 592//592 591//591 493//493
f 592//592 493//493 498//498
f 592//592 498//498 491//491
f 592//592 491//491 480//480
f 591//591 589//589 573//573
f 591//591 573//573 572//572
f 591//591 572//572 494//494
f 591//591 494//494 493//493
f 587//587 419//419 418//418
f 587//587 418//418 593//593
f 587//587 593//593 583//583
f 587//587 583//583 582//582
f 587//587 586//586 454//454
f 587//587 454//454 419//419
f 593//593 418//418 414//414
f 593//593 414//414 594//594
f 593//593 594//594 595//595
f 593//593 595//595 583//583
f 595//595 594//594 443//443
f 595//595 443//443 442//442
f 595//595 442//442 596//596
f 595//595 596//596 597//597
f 595//595 597//597 584//584
f 595//595 584//584 583//583
f 597//597 596//596 598//598
f 597//597 598//598 400//400
f 597//597 400//400 399//399
f 597//597 399//399 584//584
f 598//598 596//596 599//599
f 598//598 599//599 600//600
f 598//598 600//600 601//601
f 598//598 601//601 602//602
f 598//598 602//602 401//401
f 598//598 401//401 400//400
f 602//602 601//601 311//311
f 602//602 311//311 310//310
f 602//602 310//310 312//312
f 602//602 312//312 401//401
f 601//601 600//600 603//603
f 601//601 603//603 604//604
f 601//601 604//604 605//605
f 601//601 605//605 311//311
f 605//605 604//604 274//274
f 605//605 274//274 273//273
f 605//605 273//273 196//196
f 605//605 196//196 195//195
f 605//605 195//195 194//194
f 605//605 194//194 311//311
f 604//604 603//603 606//606
f 604//604 606//606 274//274
f 606//606 417//417 351//351
f 606//606 351//351 348//348
f 606//606 348//348 275//275
f 606//606 275//275 274//274
f 606//606 603//603 607//607
f 606//606 607//607 417//417
f 607//607 440//440 416//416
f 607//607 416//416 417//417
f 607//607 603//603 600//600
f 607//607 600//600 599//599
f 607//607 599//599 441//441
f 607//607 441//441 440//440
f 599//599 596//596 442//442
f 599//599 442//442 441//441
f 594//594 414//414 411//411
f 594//594 411//411 443//443
f 518//518 608//608 497//497
f 518//518 497//497 496//496
f 518//518 512//512 511//511
f 518//518 511//511 608//608
f 608//608 511//511 489//489
f 608//608 489//489 491//491
f 608//608 491//491 498//498
f 608//608 498//498 497//497
f 511//511 510//510 490//490
f 511//511 490//490 489//489
f 484//484 483//483 458//458
f 484//484 458//458 457//457
f 483//483 482//482 459//459
f 483//483 459//459 458//458
f 462//462 433//433 437//437
f 462//462 437//437 609//609
f 462//462 609//609 429//429
f 462//462 429//429 431//431
f 609//609 610//610 430//430
f 609//609 430//430 429//429
f 609//609 437//437 611//611
f 609//609 611//611 610//610
f 611//611 612//612 304//304
f 611//611 304//304 610//610
f 611//611 437//437 436//436
f 611//611 436//436 613//613
f 611//611 613//613 614//614
f 611//611 614//614 612//612
f 614//614 615//615 616//616
f 614//614 616//616 612//612
f 614//614 613//613 391//391
f 614//614 391//391 360//360
f 614//614 360//360 359//359
f 614//614 359//359 615//615
f 616//616 617//617 618//618
f 616//616 618//618 305//305
f 616//616 305//305 304//304
f 616//616 304//304 612//612
f 616//616 615//615 293//293
f 616//616 293//293 617//617
f 618//618 171//171 619//619
f 618//618 619//619 620//620
f 618//618 620//620 299//299
f 618//618 299//299 305//305
f 618//618 617//617 172//172
f 618//618 172//172 171//171
f 620//620 619//619 228//228
f 620//620 228//228 227//227
f 620//620 227//227 230//230
f 620//620 230//230 299//299
f 619//619 171//171 170//170
f 619//619 170//170 165//165
f 619//619 165//165 164//164
f 619//619 164//164 228//228
f 617//617 293//293 175//175
f 617//617 175//175 172//172
f 615//615 359//359 294//294
f 615//615 294//294 293//293
f 613//613 436//436 438//438
f 613//613 438//438 391//391
f 610//610 304//304 303//303
f 610//610 303//303 430//430
f 454//454 451//451 415//415
f 454//454 415//415 419//419
f 453//453 276//276 279//279
f 453//453 279//279 350//350
f 451//451 349//349 351//351
f 451//451 351//351 415//415
f 449//449 447//447 336//336
f 449//449 336//336 621//621
f 449//449 621//621 622//622
f 449//449 622//622 424//424
f 449//449 424//424 423//423
f 449//449 423//423 448//448
f 622//622 621//621 258//258
f 622//622 258//258 257//257
f 622//622 257//257 266//266
f 622//622 266//266 623//623
f 622//622 623//623 421//421
f 622//622 421//421 424//424
f 623//623 266//266 624//624
f 623//623 624//624 625//625
f 623//623 625//625 422//422
f 623//623 422//422 421//421
f 625//625 624//624 626//626
f 625//625 626//626 627//627
f 625//625 627//627 628//628
f 625//625 628//628 422//422
f 628//628 406//406 405//405
f 628//628 405//405 422//422
f 628//628 627//627 629//629
f 628//628 629//629 630//630
f 628//628 630//630 631//631
f 628//628 631//631 406//406
f 631//631 632//632 407//407
f 631//631 407//407 406//406
f 631//631 630//630 633//633
f 631//631 633//633 634//634
f 631//631 634//634 324//324
f 631//631 324//324 632//632
f 634//634 633//633 635//635
f 634//634 635//635 636//636
f 634//634 636//636 325//325
f 634//634 325//325 324//324
f 636//636 635//635 637//637
f 636//636 637//637 638//638
f 636//636 638//638 328//328
f 636//636 328//328 325//325
f 638//638 637//637 372//372
f 638//638 372//372 371//371
f 638//638 371//371 373//373
f 638//638 373//373 328//328
f 637//637 635//635 639//639
f 637//637 639//639 640//640
f 637//637 640//640 641//641
f 637//637 641//641 372//372
f 641//641 640//640 642//642
f 641//641 642//642 643//643
f 641//641 643//643 338//338
f 641//641 338//338 341//341
f 641//641 341//341 368//368
f 641//641 368//368 372//372
f 643//643 642//642 249//249
f 643//643 249//249 248//248
f 643//643 248//248 253//253
f 643//643 253//253 338//338
f 642//642 640//640 639//639
f 642//642 639//639 644//644
f 642//642 644//644 645//645
f 642//642 645//645 249//249
f 645//645 644//644 646//646
f 645//645 646//646 647//647
f 645//645 647//647 149//149
f 645//645 149//149 648//648
f 645//645 648//648 250//250
f 645//645 250//250 249//249
f 648//648 149//149 148//148
f 648//648 148//148 649//649
f 648//648 649//649 251//251
f 648//648 251//251 250//250
f 649//649 148//148 650//650
f 649//649 650//650 651//651
f 649//649 651//651 652//652
f 649//649 652//652 251//251
f 652//652 651//651 653//653
f 652//652 653//653 654//654
f 652//652 654//654 655//655
f 652//652 655//655 656//656
f 652//652 656//656 252//252
f 652//652 252//252 251//251
f 656//656 655//655 342//342
f 656//656 342//342 339//339
f 656//656 339//339 253//253
f 656//656 253//253 252//252
f 655//655 654//654 657//657
f 655//655 657//657 376//376
f 655//655 376//376 375//375
f 655//655 375//375 342//342
f 657//657 654//654 653//653
f 657//657 653//653 326//326
f 657//657 326//326 323//323
f 657//657 323//323 329//329
f 657//657 329//329 377//377
f 657//657 377//377 376//376
f 653//653 651//651 650//650
f 653//653 650//650 658//658
f 653//653 658//658 327//327
f 653//653 327//327 326//326
f 658//658 650//650 98//98
f 658//658 98//98 96//96
f 658//658 96//96 95//95
f 658//658 95//95 327//327
f 650//650 148//148 142//142
f 650//650 142//142 98//98
f 647//647 646//646 659//659
f 647//647 659//659 219//219
f 647//647 219//219 146//146
f 647//647 146//146 149//149
f 659//659 629//629 627//627
f 659//659 627//627 626//626
f 659//659 626//626 220//220
f 659//659 220//220 219//219
f 659//659 646//646 660//660
f 659//659 660//660 629//629
f 660//660 633//633 630//630
f 660//660 630//630 629//629
f 660//660 646//646 644//644
f 660//660 644//644 639//639
f 660//660 639//639 635//635
f 660//660 635//635 633//633
f 632//632 297//297 365//365
f 632//632 365//365 407//407
f 632//632 324//324 298//298
f 632//632 298//298 297//297
f 626//626 624//624 221//221
f 626//626 221//221 220//220
f 624//624 266//266 259//259
f 624//624 259//259 221//221
f 621//621 336//336 333//333
f 621//621 333//333 258//258
f 448//448 423//423 403//403
f 448//448 403//403 404//404
f 447//447 446//446 334//334
f 447//447 334//334 336//336
f 446//446 445//445 661//661
f 446//446 661//661 662//662
f 446//446 662//662 335//335
f 446//446 335//335 334//334
f 662//662 661//661 663//663
f 662//662 663//663 664//664
f 662//662 664//664 290//290
f 662//662 290//290 335//335
f 664//664 663//663 322//322
f 664//664 322//322 320//320
f 664//664 320//320 289//289
f 664//664 289//289 290//290
f 663//663 661//661 363//363
f 663//663 363//363 362//362
f 663//663 362//362 366//366
f 663//663 366//366 322//322
f 661//661 445//445 404//404
f 661//661 404//404 363//363
f 440//440 410//410 409//409
f 440//440 409//409 416//416
f 430//430 303//303 302//302
f 430//430 302//302 426//426
f 398//398 397//397 316//316
f 398//398 316//316 315//315
f 397//397 312//312 309//309
f 397//397 309//309 316//316
f 394//394 321//321 322//322
f 394//394 322//322 366//366
f 380//380 379//379 355//355
f 380//380 355//355 354//354
f 380//380 354//354 665//665
f 380//380 665//665 666//666
f 380//380 666//666 281//281
f 380//380 281//281 283//283
f 666//666 665//665 667//667
f 666//666 667//667 235//235
f 666//666 235//235 234//234
f 666//666 234//234 281//281
f 667//667 665//665 668//668
f 667//667 668//668 183//183
f 667//667 183//183 182//182
f 667//667 182//182 669//669
f 667//667 669//669 232//232
f 667//667 232//232 235//235
f 669//669 182//182 181//181
f 669//669 181//181 197//197
f 669//669 197//197 201//201
f 669//669 201//201 232//232
f 668//668 665//665 354//354
f 668//668 354//354 353//353
f 668//668 353//353 357//357
f 668//668 357//357 670//670
f 668//668 670//670 178//178
f 668//668 178//178 183//183
f 670//670 357//357 671//671
f 670//670 671//671 187//187
f 670//670 187//187 179//179
f 670//670 179//179 178//178
f 671//671 357//357 356//356
f 671//671 356//356 672//672
f 671//671 672//672 673//673
f 671//671 673//673 674//674
f 671//671 674//674 185//185
f 671//671 185//185 187//187
f 674//674 673//673 675//675
f 674//674 675//675 676//676
f 674//674 676//676 186//186
f 674//674 186//186 185//185
f 676//676 675//675 677//677
f 676//676 677//677 678//678
f 676//676 678//678 679//679
f 676//676 679//679 186//186
f 679//679 678//678 680//680
f 679//679 680//680 681//681
f 679//679 681//681 682//682
f 679//679 682//682 118//118
f 679//679 118//118 112//112
f 679//679 112//112 186//186
f 682//682 681//681 262//262
f 682//682 262//262 683//683
f 682//682 683//683 121//121
f 682//682 121//121 126//126
f 682//682 126//126 119//119
f 682//682 119//119 118//118
f 683//683 262//262 261//261
f 683//683 261//261 684//684
f 683//683 684//684 122//122
f 683//683 122//122 121//121
f 684//684 261//261 212//212
f 684//684 212//212 211//211
f 684//684 211//211 215//215
f 684//684 215//215 122//122
f 681//681 680//680 263//263
f 681//681 263//263 262//262
f 680//680 678//678 677//677
f 680//680 677//677 685//685
f 680//680 685//685 264//264
f 680//680 264//264 263//263
f 685//685 677//677 686//686
f 685//685 686//686 271//271
f 685//685 271//271 270//270
f 685//685 270//270 264//264
f 686//686 687//687 243//243
f 686//686 243//243 242//242
f 686//686 242//242 241//241
f 686//686 241//241 271//271
f 686//686 677//677 675//675
f 686//686 675//675 687//687
f 687//687 343//343 307//307
f 687//687 307//307 243//243
f 687//687 675//675 673//673
f 687//687 673//673 343//343
f 673//673 672//672 344//344
f 673//673 344//344 343//343
f 672//672 356//356 345//345
f 672//672 345//345 344//344
f 379//379 346//346 345//345
f 379//379 345//345 355//355
f 377//377 329//329 328//328
f 377//377 328//328 373//373
f 375//375 369//369 340//340
f 375//375 340//340 342//342
f 369//369 368//368 341//341
f 369//369 341//341 340//340
f 335//335 290//290 288//288
f 335//335 288//288 331//331
f 333//333 332//332 254//254
f 333//333 254//254 258//258
f 332//332 331//331 288//288
f 332//332 288//288 287//287
f 332//332 287//287 209//209
f 332//332 209//209 254//254
f 327//327 95//95 176//176
f 327//327 176//176 292//292
f 320//320 225//225 224//224
f 320//320 224//224 289//289
f 314//314 313//313 200//200
f 314//314 200//200 202//202
f 313//313 284//284 236//236
f 313//313 236//236 233//233
f 313//313 233//233 201//201
f 313//313 201//201 200//200
f 307//307 306//306 244//244
f 307//307 244//244 243//243
f 306//306 194//194 193//193
f 306//306 193//193 244//244
f 287//287 286//286 204//204
f 287//287 204//204 209//209
f 286//286 224//224 205//205
f 286//286 205//205 204//204
f 278//278 198//198 688//688
f 278//278 688//688 272//272
f 688//688 198//198 150//150
f 688//688 150//150 689//689
f 688//688 689//689 189//189
f 688//688 189//189 196//196
f 688//688 196//196 273//273
f 688//688 273//273 272//272
f 689//689 150//150 133//133
f 689//689 133//133 132//132
f 689//689 132//132 136//136
f 689//689 136//136 189//189
f 270//270 269//269 265//265
f 270//270 265//265 264//264
f 269//269 268//268 216//216
f 269//269 216//216 213//213
f 269//269 213//213 212//212
f 269//269 212//212 265//265
f 268//268 240//240 239//239
f 268//268 239//239 216//216
f 259//259 255//255 217//217
f 259//259 217//217 221//221
f 255//255 208//208 207//207
f 255//255 207//207 217//217
f 246//246 245//245 192//192
f 246//246 192//192 690//690
f 246//246 690//690 691//691
f 246//246 691//691 692//692
f 246//246 692//692 693//693
f 246//246 693//693 238//238
f 693//693 692//692 694//694
f 693//693 694//694 695//695
f 693//693 695//695 696//696
f 693//693 696//696 697//697
f 693//693 697//697 239//239
f 693//693 239//239 238//238
f 697//697 696//696 215//215
f 697//697 215//215 214//214
f 697//697 214//214 216//216
f 697//697 216//216 239//239
f 696//696 695//695 124//124
f 696//696 124//124 123//123
f 696//696 123//123 122//122
f 696//696 122//122 215//215
f 695//695 694//694 698//698
f 695//695 698//698 124//124
f 698//698 694//694 699//699
f 698//698 699//699 700//700
f 698//698 700//700 701//701
f 698//698 701//701 702//702
f 698//698 702//702 125//125
f 698//698 125//125 124//124
f 702//702 701//701 113//113
f 702//702 113//113 119//119
f 702//702 119//119 126//126
f 702//702 126//126 125//125
f 701//701 700//700 703//703
f 701//701 703//703 704//704
f 701//701 704//704 114//114
f 701//701 114//114 113//113
f 704//704 703//703 43//43
f 704//704 43//43 42//42
f 704//704 42//42 41//41
f 704//704 41//41 114//114
f 703//703 705//705 706//706
f 703//703 706//706 43//43
f 703//703 700//700 699//699
f 703//703 699//699 705//705
f 706//706 707//707 66//66
f 706//706 66//66 70//70
f 706//706 70//70 39//39
f 706//706 39//39 43//43
f 706//706 705//705 708//708
f 706//706 708//708 707//707
f 708//708 709//709 710//710
f 708//708 710//710 707//707
f 708//708 705//705 699//699
f 708//708 699//699 691//691
f 708//708 691//691 690//690
f 708//708 690//690 709//709
f 710//710 711//711 712//712
f 710//710 712//712 67//67
f 710//710 67//67 66//66
f 710//710 66//66 707//707
f 710//710 709//709 191//191
f 710//710 191//191 711//711
f 712//712 713//713 714//714
f 712//712 714//714 715//715
f 712//712 715//715 68//68
f 712//712 68//68 67//67
f 712//712 711//711 716//716
f 712//712 716//716 713//713
f 716//716 135//135 140//140
f 716//716 140//140 713//713
f 716//716 711//711 191//191
f 716//716 191//191 190//190
f 716//716 190//190 136//136
f 716//716 136//136 135//135
f 715//715 714//714 717//717
f 715//715 717//717 718//718
f 715//715 718//718 71//71
f 715//715 71//71 68//68
f 718//718 717//717 719//719
f 718//718 719//719 79//79
f 718//718 79//79 76//76
f 718//718 76//76 71//71
f 719//719 720//720 721//721
f 719//719 721//721 722//722
f 719//719 722//722 77//77
f 719//719 77//77 79//79
f 719//719 717//717 723//723
f 719//719 723//723 720//720
f 723//723 724//724 725//725
f 723//723 725//725 720//720
f 723//723 717//717 714//714
f 723//723 714//714 726//726
f 723//723 726//726 727//727
f 723//723 727//727 724//724
f 727//727 728//728 729//729
f 727//727 729//729 724//724
f 727//727 726//726 140//140
f 727//727 140//140 139//139
f 727//727 139//139 138//138
f 727//727 138//138 728//728
f 729//729 730//730 731//731
f 729//729 731//731 732//732
f 729//729 732//732 725//725
f 729//729 725//725 724//724
f 729//729 728//728 733//733
f 729//729 733//733 730//730
f 733//733 734//734 735//735
f 733//733 735//735 730//730
f 733//733 728//728 138//138
f 733//733 138//138 167//167
f 733//733 167//167 168//168
f 733//733 168//168 734//734
f 735//735 736//736 108//108
f 735//735 108//108 107//107
f 735//735 107//107 731//731
f 735//735 731//731 730//730
f 735//735 734//734 737//737
f 735//735 737//737 736//736
f 737//737 101//101 104//104
f 737//737 104//104 736//736
f 737//737 734//734 168//168
f 737//737 168//168 738//738
f 737//737 738//738 102//102
f 737//737 102//102 101//101
f 738//738 168//168 166//166
f 738//738 166//166 174//174
f 738//738 174//174 173//173
f 738//738 173//173 102//102
f 736//736 104//104 109//109
f 736//736 109//109 108//108
f 732//732 731//731 739//739
f 732//732 739//739 740//740
f 732//732 740//740 741//741
f 732//732 741//741 725//725
f 741//741 740//740 742//742
f 741//741 742//742 743//743
f 741//741 743//743 744//744
f 741//741 744//744 721//721
f 741//741 721//721 720//720
f 741//741 720//720 725//725
f 744//744 743//743 745//745
f 744//744 745//745 20//20
f 744//744 20//20 19//19
f 744//744 19//19 746//746
f 744//744 746//746 722//722
f 744//744 722//722 721//721
f 746//746 19//19 22//22
f 746//746 22//22 78//78
f 746//746 78//78 77//77
f 746//746 77//77 722//722
f 745//745 747//747 748//748
f 745//745 748//748 749//749
f 745//745 749//749 21//21
f 745//745 21//21 20//20
f 745//745 743//743 742//742
f 745//745 742//742 747//747
f 749//749 748//748 750//750
f 749//749 750//750 751//751
f 749//749 751//751 752//752
f 749//749 752//752 21//21
f 752//752 751//751 753//753
f 752//752 753//753 754//754
f 752//752 754//754 755//755
f 752//752 755//755 756//756
f 752//752 756//756 22//22
f 752//752 22//22 21//21
f 756//756 755//755 75//75
f 756//756 75//75 74//74
f 756//756 74//74 78//78
f 756//756 78//78 22//22
f 755//755 754//754 757//757
f 755//755 757//757 758//758
f 755//755 758//758 72//72
f 755//755 72//72 75//75
f 758//758 757//757 759//759
f 758//758 759//759 760//760
f 758//758 760//760 65//65
f 758//758 65//65 72//72
f 760//760 759//759 761//761
f 760//760 761//761 762//762
f 760//760 762//762 69//69
f 760//760 69//69 65//65
f 762//762 761//761 763//763
f 762//762 763//763 764//764
f 762//762 764//764 40//40
f 762//762 40//40 69//69
f 764//764 763//763 765//765
f 764//764 765//765 766//766
f 764//764 766//766 18//18
f 764//764 18//18 40//40
f 766//766 765//765 767//767
f 766//766 767//767 768//768
f 766//766 768//768 15//15
f 766//766 15//15 18//18
f 768//768 767//767 769//769
f 768//768 769//769 770//770
f 768//768 770//770 16//16
f 768//768 16//16 15//15
f 770//770 769//769 771//771
f 770//770 771//771 772//772
f 770//770 772//772 37//37
f 770//770 37//37 16//16
f 772//772 771//771 773//773
f 772//772 773//773 774//774
f 772//772 774//774 57//57
f 772//772 57//57 37//37
f 774//774 773//773 775//775
f 774//774 775//775 776//776
f 774//774 776//776 58//58
f 774//774 58//58 57//57
f 776//776 775//775 777//777
f 776//776 777//777 778//778
f 776//776 778//778 779//779
f 776//776 779//779 58//58
f 779//779 778//778 9//9
f 779//779 9//9 14//14
f 779//779 14//14 81//81
f 779//779 81//81 85//85
f 779//779 85//85 59//59
f 779//779 59//59 58//58
f 778//778 777//777 10//10
f 778//778 10//10 9//9
f 777//777 780//780 781//781
f 777//777 781//781 10//10
f 777//777 775//775 782//782
f 777//777 782//782 780//780
f 782//782 783//783 3//3
f 782//782 3//3 780//780
f 782//782 775//775 773//773
f 782//782 773//773 784//784
f 782//782 784//784 785//785
f 782//782 785//785 783//783
f 785//785 786//786 787//787
f 785//785 787//787 783//783
f 785//785 784//784 788//788
f 785//785 788//788 789//789
f 785//785 789//789 790//790
f 785//785 790//790 786//786
f 790//790 46//46 45//45
f 790//790 45//45 786//786
f 790//790 789//789 791//791
f 790//790 791//791 792//792
f 790//790 792//792 35//35
f 790//790 35//35 46//46
f 792//792 791//791 793//793
f 792//792 793//793 794//794
f 792//792 794//794 31//31
f 792//792 31//31 35//35
f 794//794 793//793 795//795
f 794//794 795//795 796//796
f 794//794 796//796 32//32
f 794//794 32//32 31//31
f 796//796 795//795 797//797
f 796//796 797//797 798//798
f 796//796 798//798 62//62
f 796//796 62//62 32//32
f 798//798 797//797 799//799
f 798//798 799//799 800//800
f 798//798 800//800 63//63
f 798//798 63//63 62//62
f 800//800 799//799 801//801
f 800//800 801//801 802//802
f 800//800 802//802 803//803
f 800//800 803//803 63//63
f 803//803 99//99 64//64
f 803//803 64//64 63//63
f 803//803 802//802 804//804
f 803//803 804//804 805//805
f 803//803 805//805 103//103
f 803//803 103//103 99//99
f 805//805 804//804 806//806
f 805//805 806//806 807//807
f 805//805 807//807 808//808
f 805//805 808//808 103//103
f 808//808 109//109 104//104
f 808//808 104//104 103//103
f 808//808 807//807 27//27
f 808//808 27//27 29//29
f 808//808 29//29 110//110
f 808//808 110//110 109//109
f 807//807 806//806 28//28
f 807//807 28//28 27//27
f 806//806 804//804 809//809
f 806//806 809//809 810//810
f 806//806 810//810 750//750
f 806//806 750//750 28//28
f 810//810 809//809 811//811
f 810//810 811//811 753//753
f 810//810 753//753 751//751
f 810//810 751//751 750//750
f 811//811 809//809 801//801
f 811//811 801//801 812//812
f 811//811 812//812 759//759
f 811//811 759//759 757//757
f 811//811 757//757 754//754
f 811//811 754//754 753//753
f 812//812 801//801 799//799
f 812//812 799//799 813//813
f 812//812 813//813 761//761
f 812//812 761//761 759//759
f 813//813 799//799 797//797
f 813//813 797//797 814//814
f 813//813 814//814 763//763
f 813//813 763//763 761//761
f 814//814 797//797 795//795
f 814//814 795//795 815//815
f 814//814 815//815 765//765
f 814//814 765//765 763//763
f 815//815 795//795 793//793
f 815//815 793//793 816//816
f 815//815 816//816 767//767
f 815//815 767//767 765//765
f 816//816 793//793 791//791
f 816//816 791//791 817//817
f 816//816 817//817 769//769
f 816//816 769//769 767//767
f 817//817 791//791 789//789
f 817//817 789//789 788//788
f 817//817 788//788 771//771
f 817//817 771//771 769//769
f 809//809 804//804 802//802
f 809//809 802//802 801//801
f 788//788 784//784 773//773
f 788//788 773//773 771//771
f 787//787 818//818 5//5
f 787//787 5//5 4//4
f 787//787 4//4 3//3
f 787//787 3//3 783//783
f 787//787 786//786 45//45
f 787//787 45//45 818//818
f 818//818 52//52 819//819
f 818//818 819//819 5//5
f 818//818 45//45 44//44
f 818//818 44//44 52//52
f 819//819 52//52 51//51
f 819//819 51//51 91//91
f 819//819 91//91 820//820
f 819//819 820//820 821//821
f 819//819 821//821 6//6
f 819//819 6//6 5//5
f 821//821 820//820 822//822
f 821//821 822//822 823//823
f 821//821 823//823 7//7
f 821//821 7//7 6//6
f 823//823 822//822 824//824
f 823//823 824//824 825//825
f 823//823 825//825 826//826
f 823//823 826//826 7//7
f 826//826 825//825 12//12
f 826//826 12//12 11//11
f 826//826 11//11 10//10
f 826//826 10//10 781//781
f 826//826 781//781 2//2
f 826//826 2//2 7//7
f 825//825 824//824 827//827
f 825//825 827//827 12//12
f 827//827 824//824 828//828
f 827//827 828//828 829//829
f 827//827 829//829 83//83
f 827//827 83//83 82//82
f 827//827 82//82 13//13
f 827//827 13//13 12//12
f 829//829 828//828 830//830
f 829//829 830//830 831//831
f 829//829 831//831 86//86
f 829//829 86//86 83//83
f 831//831 830//830 832//832
f 831//831 832//832 833//833
f 831//831 833//833 834//834
f 831//831 834//834 86//86
f 834//834 833//833 130//130
f 834//834 130//130 129//129
f 834//834 129//129 835//835
f 834//834 835//835 836//836
f 834//834 836//836 84//84
f 834//834 84//84 86//86
f 836//836 59//59 85//85
f 836//836 85//85 84//84
f 836//836 835//835 56//56
f 836//836 56//56 59//59
f 835//835 129//129 128//128
f 835//835 128//128 837//837
f 835//835 837//837 60//60
f 835//835 60//60 56//56
f 837//837 128//128 134//134
f 837//837 134//134 116//116
f 837//837 116//116 115//115
f 837//837 115//115 60//60
f 833//833 832//832 838//838
f 833//833 838//838 130//130
f 838//838 839//839 163//163
f 838//838 163//163 141//141
f 838//838 141//141 127//127
f 838//838 127//127 130//130
f 838//838 832//832 840//840
f 838//838 840//840 839//839
f 840//840 155//155 154//154
f 840//840 154//154 839//839
f 840//840 832//832 830//830
f 840//840 830//830 841//841
f 840//840 841//841 842//842
f 840//840 842//842 155//155
f 842//842 89//89 156//156
f 842//842 156//156 155//155
f 842//842 841//841 843//843
f 842//842 843//843 844//844
f 842//842 844//844 90//90
f 842//842 90//90 89//89
f 844//844 843//843 822//822
f 844//844 822//822 820//820
f 844//844 820//820 91//91
f 844//844 91//91 90//90
f 843//843 841//841 830//830
f 843//843 830//830 828//828
f 843//843 828//828 824//824
f 843//843 824//824 822//822
f 839//839 154//154 161//161
f 839//839 161//161 163//163
f 781//781 780//780 3//3
f 781//781 3//3 2//2
f 750//750 748//748 24//24
f 750//750 24//24 28//28
f 748//748 747//747 25//25
f 748//748 25//25 24//24
f 747//747 742//742 845//845
f 747//747 845//845 25//25
f 845//845 111//111 26//26
f 845//845 26//26 25//25
f 845//845 742//742 740//740
f 845//845 740//740 739//739
f 845//845 739//739 106//106
f 845//845 106//106 111//111
f 739//739 731//731 107//107
f 739//739 107//107 106//106
f 726//726 714//714 713//713
f 726//726 713//713 140//140
f 709//709 690//690 192//192
f 709//709 192//192 191//191
f 699//699 694//694 692//692
f 699//699 692//692 691//691
f 245//245 193//193 188//188
f 245//245 188//188 192//192
f 245//245 237//237 244//244
f 245//245 244//244 193//193
f 228//228 164//164 161//161
f 228//228 161//161 160//160
f 223//223 159//159 158//158
f 223//223 158//158 218//218
f 223//223 218//218 207//207
f 223//223 207//207 206//206
f 218//218 158//158 143//143
f 218//218 143//143 147//147
f 181//181 180//180 153//153
f 181//181 153//153 152//152
f 180//180 179//179 117//117
f 180//180 117//117 153//153
f 176//176 95//95 94//94
f 176//176 94//94 169//169
f 174//174 166//166 165//165
f 174//174 165//165 170//170
f 173//173 97//97 100//100
f 173//173 100//100 102//102
f 173//173 169//169 94//94
f 173//173 94//94 97//97
f 158//158 157//157 144//144
f 158//158 144//144 143//143
f 157//157 156//156 846//846
f 157//157 846//846 144//144
f 846//846 156//156 89//89
f 846//846 89//89 88//88
f 846//846 88//88 50//50
f 846//846 50//50 53//53
f 846//846 53//53 145//145
f 846//846 145//145 144//144
f 153//153 117//117 116//116
f 153//153 116//116 134//134
f 142//142 145//145 93//93
f 142//142 93//93 98//98
f 145//145 53//53 49//49
f 145//145 49//49 93//93
f 115//115 114//114 41//41
f 115//115 41//41 60//60
f 111//111 110//110 29//29
f 111//111 29//29 26//26
f 100//100 97//97 55//55
f 100//100 55//55 54//54
f 82//82 81//81 14//14
f 82//82 14//14 13//13
f 76//76 75//75 72//72
f 76//76 72//72 71//71
f 70//70 69//69 40//40
f 70//70 40//40 39//39
f 48//48 47//47 34//34
f 48//48 34//34 36//36
f 47//47 46//46 35//35
f 47//47 35//35 34//34
f 847//847 848//848 849//849
f 847//847 849//849 850//850
f 847//847 851//851 852//852
f 847//847 852//852 848//848
f 847//847 850//850 853//853
f 847//847 853//853 854//854
f 847//847 855//855 856//856
f 847//847 856//856 851//851
f 847//847 854//854 857//857
f 847//847 857//857 855//855
f 858//858 859//859 860//860
f 858//858 860//860 861//861
f 858//858 862//862 863//863
f 858//858 863//863 859//859
f 858//858 864//864 865//865
f 858//858 865//865 862//862
f 858//858 866//866 867//867
f 858//858 867//867 864//864
f 858//858 861//861 868//868
f 858//858 868//868 866//866
f 869//869 870//870 871//871
f 869//869 871//871 872//872
f 869//869 873//873 874//874
f 869//869 874//874 875//875
f 869//869 872//872 876//876
f 869//869 876//876 873//873
f 869//869 875//875 877//877
f 869//869 877//877 878//878
f 869//869 878//878 879//879
f 869//869 879//879 870//870
f 880//880 881//881 882//882
f 880//880 882//882 883//883
f 880//880 884//884 885//885
f 880//880 885//885 881//881
f 880//880 886//886 887//887
f 880//880 887//887 884//884
f 880//880 883//883 888//888
f 880//880 888//888 889//889
f 880//880 889//889 890//890
f 880//880 890//890 886//886
f 891//891 892//892 893//893
f 891//891 893//893 894//894
f 891//891 895//895 896//896
f 891//891 896//896 892//892
f 891//891 894//894 897//897
f 891//891 897//897 895//895
f 895//895 897//897 898//898
f 895//895 898//898 896//896
f 899//899 900//900 901//901
f 899//899 901//901 902//902
f 899//899 903//903 904//904
f 899//899 904//904 905//905
f 899//899 905//905 906//906
f 899//899 906//906 907//907
f 899//899 907//907 908//908
f 899//899 908//908 900//900
f 899//899 902//902 909//909
f 899//899 909//909 903//903
f 910//910 911//911 912//912
f 910//910 912//912 913//913
f 910//910 913//913 914//914
f 910//910 914//914 915//915
f 910//910 915//915 916//916
f 910//910 916//916 911//911
f 917//917 918//918 919//919
f 917//917 919//919 920//920
f 917//917 920//920 921//921
f 917//917 921//921 922//922
f 917//917 923//923 924//924
f 917//917 924//924 918//918
f 917//917 925//925 926//926
f 917//917 926//926 923//923
f 917//917 922//922 927//927
f 917//917 927//927 925//925
f 928//928 929//929 860//860
f 928//928 860//860 859//859
f 928//928 859//859 856//856
f 928//928 856//856 855//855
f 928//928 855//855 857//857
f 928//928 857//857 929//929
f 930//930 931//931 932//932
f 930//930 932//932 933//933
f 930//930 933//933 934//934
f 930//930 934//934 935//935
f 930//930 936//936 937//937
f 930//930 937//937 931//931
f 930//930 935//935 938//938
f 930//930 938//938 939//939
f 930//930 939//939 940//940
f 930//930 940//940 936//936
f 921//921 941//941 942//942
f 921//921 942//942 943//943
f 921//921 943//943 944//944
f 921//921 944//944 922//922
f 921//921 945//945 946//946
f 921//921 946//946 941//941
f 921//921 920//920 947//947
f 921//921 947//947 945//945
f 948//948 949//949 950//950
f 948//948 950//950 951//951
f 948//948 951//951 862//862
f 948//948 862//862 865//865
f 948//948 865//865 952//952
f 948//948 952//952 949//949
f 953//953 954//954 955//955
f 953//953 955//955 956//956
f 953//953 956//956 957//957
f 953//953 957//957 958//958
f 953//953 958//958 959//959
f 953//953 959//959 954//954
f 960//960 961//961 962//962
f 960//960 962//962 963//963
f 960//960 963//963 964//964
f 960//960 964//964 965//965
f 960//960 965//965 966//966
f 960//960 966//966 961//961
f 967//967 968//968 969//969
f 967//967 969//969 970//970
f 967//967 971//971 972//972
f 967//967 972//972 968//968
f 967//967 973//973 974//974
f 967//967 974//974 971//971
f 967//967 975//975 976//976
f 967//967 976//976 973//973
f 967//967 970//970 977//977
f 967//967 977//977 975//975
f 978//978 979//979 980//980
f 978//978 980//980 981//981
f 978//978 982//982 983//983
f 978//978 983//983 979//979
f 978//978 981//981 984//984
f 978//978 984//984 985//985
f 978//978 985//985 986//986
f 978//978 986//986 987//987
f 978//978 987//987 988//988
f 978//978 988//988 982//982
f 989//989 990//990 991//991
f 989//989 991//991 992//992
f 989//989 993//993 994//994
f 989//989 994//994 990//990
f 989//989 992//992 995//995
f 989//989 995//995 993//993
f 996//996 993//993 995//995
f 996//996 995//995 997//997
f 996//996 997//997 998//998
f 996//996 998//998 999//999
f 996//996 999//999 994//994
f 996//996 994//994 993//993
f 1000//1000 1001//1001 1002//1002
f 1000//1000 1002//1002 1003//1003
f 1000//1000 1003//1003 1004//1004
f 1000//1000 1004//1004 1005//1005
f 1000//1000 1005//1005 1006//1006
f 1000//1000 1006//1006 1007//1007
f 1000//1000 1007//1007 1008//1008
f 1000//1000 1008//1008 1009//1009
f 1000//1000 1009//1009 1010//1010
f 1000//1000 1010//1010 1001//1001
f 1009//1009 1008//1008 1011//1011
f 1009//1009 1011//1011 1010//1010
f 936//936 940//940 1012//1012
f 936//936 1012//1012 937//937
f 1013//1013 1014//1014 1015//1015
f 1013//1013 1015//1015 1016//1016
f 1013//1013 1017//1017 1018//1018
f 1013//1013 1018//1018 1014//1014
f 1013//1013 1016//1016 1019//1019
f 1013//1013 1019//1019 1017//1017
f 1020//1020 1021//1021 1022//1022
f 1020//1020 1022//1022 1023//1023
f 1020//1020 1024//1024 1025//1025
f 1020//1020 1025//1025 1026//1026
f 1020//1020 1026//1026 1027//1027
f 1020//1020 1027//1027 1021//1021
f 1028//1028 1029//1029 1030//1030
f 1028//1028 1030//1030 1031//1031
f 1028//1028 1018//1018 1032//1032
f 1028//1028 1032//1032 1029//1029
f 1028//1028 1031//1031 1014//1014
f 1028//1028 1014//1014 1018//1018
f 1033//1033 1032//1032 1034//1034
f 1033//1033 1034//1034 1035//1035
f 1033//1033 1036//1036 1029//1029
f 1033//1033 1029//1029 1032//1032
f 1033//1033 1035//1035 1037//1037
f 1033//1033 1037//1037 1036//1036
f 1038//1038 1039//1039 1040//1040
f 1038//1038 1040//1040 1041//1041
f 1038//1038 1041//1041 1042//1042
f 1038//1038 1042//1042 1043//1043
f 1038//1038 1043//1043 1044//1044
f 1038//1038 1044//1044 1039//1039
f 1045//1045 1046//1046 1047//1047
f 1045//1045 1047//1047 1048//1048
f 1045//1045 1048//1048 1049//1049
f 1045//1045 1049//1049 1050//1050
f 1045//1045 1050//1050 1051//1051
f 1045//1045 1051//1051 1046//1046
f 1052//1052 1053//1053 1054//1054
f 1052//1052 1054//1054 1055//1055
f 1052//1052 1055//1055 1056//1056
f 1052//1052 1056//1056 1057//1057
f 1052//1052 1057//1057 1058//1058
f 1052//1052 1058//1058 1053//1053
f 1059//1059 1060//1060 1061//1061
f 1059//1059 1061//1061 898//898
f 1059//1059 898//898 897//897
f 1059//1059 897//897 1062//1062
f 1059//1059 1062//1062 1063//1063
f 1059//1059 1063//1063 1060//1060
f 1064//1064 1065//1065 1066//1066
f 1064//1064 1066//1066 1067//1067
f 1064//1064 1067//1067 1068//1068
f 1064//1064 1068//1068 1069//1069
f 1064//1064 1069//1069 1070//1070
f 1064//1064 1070//1070 1065//1065
f 1071//1071 1072//1072 1073//1073
f 1071//1071 1073//1073 1074//1074
f 1071//1071 1074//1074 982//982
f 1071//1071 982//982 988//988
f 1071//1071 1075//1075 1076//1076
f 1071//1071 1076//1076 1072//1072
f 1071//1071 988//988 1077//1077
f 1071//1071 1077//1077 1078//1078
f 1071//1071 1078//1078 1079//1079
f 1071//1071 1079//1079 1075//1075
f 1080//1080 1037//1037 1081//1081
f 1080//1080 1081//1081 1082//1082
f 1080//1080 1082//1082 1083//1083
f 1080//1080 1083//1083 1084//1084
f 1080//1080 1084//1084 1085//1085
f 1080//1080 1085//1085 1086//1086
f 1087//1087 1088//1088 1089//1089
f 1087//1087 1089//1089 1090//1090
f 1087//1087 1091//1091 1092//1092
f 1087//1087 1092//1092 1088//1088
f 1087//1087 1090//1090 1093//1093
f 1087//1087 1093//1093 1094//1094
f 1087//1087 1094//1094 1095//1095
f 1087//1087 1095//1095 1096//1096
f 1087//1087 1096//1096 1097//1097
f 1087//1087 1097//1097 1091//1091
f 1097//1097 1098//1098 1099//1099
f 1097//1097 1099//1099 1091//1091
f 1097//1097 1100//1100 1101//1101
f 1097//1097 1101//1101 1098//1098
f 1097//1097 1102//1102 1103//1103
f 1097//1097 1103//1103 1100//1100
f 1097//1097 1096//1096 1104//1104
f 1097//1097 1104//1104 1102//1102
f 1105//1105 1106//1106 1107//1107
f 1105//1105 1107//1107 1108//1108
f 1105//1105 1109//1109 1110//1110
f 1105//1105 1110//1110 1106//1106
f 1105//1105 1108//1108 1111//1111
f 1105//1105 1111//1111 1109//1109
f 1112//1112 1113//1113 1114//1114
f 1112//1112 1114//1114 1115//1115
f 1112//1112 1115//1115 1116//1116
f 1112//1112 1116//1116 1117//1117
f 1112//1112 1118//1118 1119//1119
f 1112//1112 1119//1119 1113//1113
f 1112//1112 1120//1120 1121//1121
f 1112//1112 1121//1121 1118//1118
f 1112//1112 1117//1117 1122//1122
f 1112//1112 1122//1122 1120//1120
f 1123//1123 1124//1124 1125//1125
f 1123//1123 1125//1125 1126//1126
f 1123//1123 1127//1127 1128//1128
f 1123//1123 1128//1128 1124//1124
f 1123//1123 1126//1126 1129//1129
f 1123//1123 1129//1129 1127//1127
f 1130//1130 1131//1131 1132//1132
f 1130//1130 1132//1132 1133//1133
f 1130//1130 1134//1134 1135//1135
f 1130//1130 1135//1135 1131//1131
f 1130//1130 1133//1133 1136//1136
f 1130//1130 1136//1136 1134//1134
f 1137//1137 1138//1138 1139//1139
f 1137//1137 1139//1139 1006//1006
f 1137//1137 1006//1006 1005//1005
f 1137//1137 1005//1005 1140//1140
f 1137//1137 1140//1140 1141//1141
f 1137//1137 1141//1141 1138//1138
f 1142//1142 1143//1143 1101//1101
f 1142//1142 1101//1101 1144//1144
f 1142//1142 1145//1145 1146//1146
f 1142//1142 1146//1146 1143//1143
f 1142//1142 1144//1144 1147//1147
f 1142//1142 1147//1147 1145//1145
f 1148//1148 1149//1149 1150//1150
f 1148//1148 1150//1150 1151//1151
f 1148//1148 1152//1152 1153//1153
f 1148//1148 1153//1153 1149//1149
f 1148//1148 1151//1151 1154//1154
f 1148//1148 1154//1154 1152//1152
f 1155//1155 1156//1156 1157//1157
f 1155//1155 1157//1157 1158//1158
f 1155//1155 1159//1159 1160//1160
f 1155//1155 1160//1160 1156//1156
f 1155//1155 1158//1158 1161//1161
f 1155//1155 1161//1161 1159//1159
f 1122//1122 1162//1162 1163//1163
f 1122//1122 1163//1163 1120//1120
f 1122//1122 1164//1164 1165//1165
f 1122//1122 1165//1165 1162//1162
f 1122//1122 1166//1166 868//868
f 1122//1122 868//868 1164//1164
f 1122//1122 1117//1117 1167//1167
f 1122//1122 1167//1167 1166//1166
f 1168//1168 1169//1169 924//924
f 1168//1168 924//924 1170//1170
f 1168//1168 1171//1171 1172//1172
f 1168//1168 1172//1172 1169//1169
f 1168//1168 1170//1170 1173//1173
f 1168//1168 1173//1173 1171//1171
f 965//965 964//964 1174//1174
f 965//965 1174//1174 966//966
f 906//906 905//905 1175//1175
f 906//906 1175//1175 1176//1176
f 906//906 1177//1177 1178//1178
f 906//906 1178//1178 907//907
f 906//906 1179//1179 1180//1180
f 906//906 1180//1180 1177//1177
f 906//906 1176//1176 1181//1181
f 906//906 1181//1181 1179//1179
f 957//957 1182//1182 1183//1183
f 957//957 1183//1183 958//958
f 957//957 956//956 1184//1184
f 957//957 1184//1184 1182//1182
f 1185//1185 1186//1186 999//999
f 1185//1185 999//999 998//998
f 1185//1185 1187//1187 1188//1188
f 1185//1185 1188//1188 1186//1186
f 1185//1185 998//998 1189//1189
f 1185//1185 1189//1189 1187//1187
f 1190//1190 1191//1191 1192//1192
f 1190//1190 1192//1192 1193//1193
f 1190//1190 1193//1193 1194//1194
f 1190//1190 1194//1194 1195//1195
f 1190//1190 1195//1195 1021//1021
f 1190//1190 1021//1021 1027//1027
f 1190//1190 1196//1196 1197//1197
f 1190//1190 1197//1197 1191//1191
f 1190//1190 1027//1027 1198//1198
f 1190//1190 1198//1198 1196//1196
f 1199//1199 1147//1147 1150//1150
f 1199//1199 1150//1150 1149//1149
f 1199//1199 1149//1149 1153//1153
f 1199//1199 1153//1153 1200//1200
f 1199//1199 1200//1200 1145//1145
f 1199//1199 1145//1145 1147//1147
f 1201//1201 1202//1202 1203//1203
f 1201//1201 1203//1203 1204//1204
f 1201//1201 1205//1205 1206//1206
f 1201//1201 1206//1206 1207//1207
f 1201//1201 1207//1207 1208//1208
f 1201//1201 1208//1208 1202//1202
f 1201//1201 1209//1209 1210//1210
f 1201//1201 1210//1210 1205//1205
f 1201//1201 1204//1204 1211//1211
f 1201//1201 1211//1211 1209//1209
f 884//884 1212//1212 1213//1213
f 884//884 1213//1213 885//885
f 884//884 1214//1214 1215//1215
f 884//884 1215//1215 1212//1212
f 884//884 887//887 1216//1216
f 884//884 1216//1216 1214//1214
f 1217//1217 1218//1218 1119//1119
f 1217//1217 1119//1119 1219//1219
f 1220//1220 1221//1221 1218//1218
f 1220//1220 1218//1218 1217//1217
f 1217//1217 1219//1219 1222//1222
f 1217//1217 1222//1222 1220//1220
f 1223//1223 1224//1224 1046//1046
f 1223//1223 1046//1046 1051//1051
f 1223//1223 1107//1107 1106//1106
f 1223//1223 1106//1106 1224//1224
f 1223//1223 1051//1051 1225//1225
f 1223//1223 1225//1225 1107//1107
f 1136//1136 1226//1226 1227//1227
f 1136//1136 1227//1227 1228//1228
f 1136//1136 1229//1229 1230//1230
f 1136//1136 1230//1230 1226//1226
f 1136//1136 1133//1133 1231//1231
f 1136//1136 1231//1231 1229//1229
f 1232//1232 1233//1233 1056//1056
f 1232//1232 1056//1056 1234//1234
f 1232//1232 1234//1234 1235//1235
f 1232//1232 1235//1235 1236//1236
f 1232//1232 1237//1237 1238//1238
f 1232//1232 1238//1238 1233//1233
f 1239//1239 1240//1240 1241//1241
f 1239//1239 1241//1241 1242//1242
f 1239//1239 1242//1242 1243//1243
f 1239//1239 1243//1243 1244//1244
f 1239//1239 1244//1244 1245//1245
f 1239//1239 1245//1245 1240//1240
f 1246//1246 1247//1247 1248//1248
f 1246//1246 1248//1248 1249//1249
f 1246//1246 1250//1250 1251//1251
f 1246//1246 1251//1251 1247//1247
f 1246//1246 1249//1249 1252//1252
f 1246//1246 1252//1252 1250//1250
f 1253//1253 1254//1254 1255//1255
f 1253//1253 1255//1255 1256//1256
f 1253//1253 1257//1257 1258//1258
f 1253//1253 1258//1258 1254//1254
f 1253//1253 1256//1256 1259//1259
f 1253//1253 1259//1259 1257//1257
f 1256//1256 1255//1255 1260//1260
f 1256//1256 1260//1260 1259//1259
f 1261//1261 1030//1030 1029//1029
f 1261//1261 1029//1029 1036//1036
f 1261//1261 1080//1080 1086//1086
f 1261//1261 1086//1086 1030//1030
f 1261//1261 1036//1036 1037//1037
f 1261//1261 1037//1037 1080//1080
f 985//985 1262//1262 1263//1263
f 985//985 1263//1263 1264//1264
f 985//985 1264//1264 1265//1265
f 985//985 1265//1265 986//986
f 985//985 984//984 1266//1266
f 985//985 1266//1266 1262//1262
f 1231//1231 1133//1133 1132//1132
f 1231//1231 1132//1132 1267//1267
f 1231//1231 1267//1267 1268//1268
f 1231//1231 1268//1268 1269//1269
f 859//859 863//863 1270//1270
f 859//859 1270//1270 856//856
f 1271//1271 1272//1272 1273//1273
f 1271//1271 1273//1273 1274//1274
f 1271//1271 1275//1275 888//888
f 1271//1271 888//888 883//883
f 1271//1271 883//883 882//882
f 1271//1271 882//882 1272//1272
f 1276//1276 888//888 1275//1275
f 1276//1276 1275//1275 1277//1277
f 1276//1276 1278//1278 889//889
f 1276//1276 889//889 888//888
f 1276//1276 1279//1279 1280//1280
f 1276//1276 1280//1280 1278//1278
f 1276//1276 1277//1277 1281//1281
f 1276//1276 1281//1281 1282//1282
f 1276//1276 1282//1282 1283//1283
f 1276//1276 1283//1283 1279//1279
f 1284//1284 1285//1285 1286//1286
f 1284//1284 1286//1286 1287//1287
f 1284//1284 1288//1288 1289//1289
f 1284//1284 1289//1289 1290//1290
f 1284//1284 1291//1291 1292//1292
f 1284//1284 1292//1292 1288//1288
f 1284//1284 1287//1287 1293//1293
f 1284//1284 1293//1293 1291//1291
f 1294//1294 974//974 973//973
f 1294//1294 973//973 1295//1295
f 1294//1294 1296//1296 1297//1297
f 1294//1294 1297//1297 974//974
f 1294//1294 1298//1298 1299//1299
f 1294//1294 1299//1299 1300//1300
f 1294//1294 1300//1300 1301//1301
f 1294//1294 1301//1301 1296//1296
f 1294//1294 1295//1295 1302//1302
f 1294//1294 1302//1302 1298//1298
f 1303//1303 1304//1304 1099//1099
f 1303//1303 1099//1099 1098//1098
f 1303//1303 1098//1098 1101//1101
f 1303//1303 1101//1101 1143//1143
f 1303//1303 1305//1305 1306//1306
f 1303//1303 1306//1306 1304//1304
f 1303//1303 1143//1143 1146//1146
f 1303//1303 1146//1146 1307//1307
f 1303//1303 1307//1307 1308//1308
f 1303//1303 1308//1308 1305//1305
f 1056//1056 1233//1233 1309//1309
f 1056//1056 1309//1309 1310//1310
f 1056//1056 1310//1310 1311//1311
f 1056//1056 1311//1311 1057//1057
f 1056//1056 1055//1055 1312//1312
f 1056//1056 1312//1312 1234//1234
f 1313//1313 1314//1314 942//942
f 1313//1313 942//942 1315//1315
f 1313//1313 1315//1315 1316//1316
f 1313//1313 1316//1316 1317//1317
f 1313//1313 1318//1318 1319//1319
f 1313//1313 1319//1319 1314//1314
f 1313//1313 1317//1317 1320//1320
f 1313//1313 1320//1320 1321//1321
f 1313//1313 1321//1321 1322//1322
f 1313//1313 1322//1322 1318//1318
f 1078//1078 1323//1323 1324//1324
f 1078//1078 1324//1324 1079//1079
f 1078//1078 1325//1325 1326//1326
f 1078//1078 1326//1326 1323//1323
f 1078//1078 1077//1077 1327//1327
f 1078//1078 1327//1327 1325//1325
f 1221//1221 1328//1328 1329//1329
f 1221//1221 1329//1329 1218//1218
f 1221//1221 1220//1220 1330//1330
f 1221//1221 1330//1330 1328//1328
f 1331//1331 1332//1332 1333//1333
f 1331//1331 1333//1333 1334//1334
f 1331//1331 1335//1335 1336//1336
f 1331//1331 1336//1336 1332//1332
f 1331//1331 1334//1334 1337//1337
f 1331//1331 1337//1337 1335//1335
f 1338//1338 1339//1339 1340//1340
f 1338//1338 1340//1340 1341//1341
f 1338//1338 1342//1342 1343//1343
f 1338//1338 1343//1343 1339//1339
f 1338//1338 1341//1341 1344//1344
f 1338//1338 1344//1344 1342//1342
f 1345//1345 1346//1346 1347//1347
f 1345//1345 1347//1347 1348//1348
f 1345//1345 1348//1348 1349//1349
f 1345//1345 1349//1349 1350//1350
f 1345//1345 1350//1350 1351//1351
f 1345//1345 1351//1351 1346//1346
f 1352//1352 1353//1353 1354//1354
f 1352//1352 1354//1354 1188//1188
f 1352//1352 1188//1188 1187//1187
f 1352//1352 1187//1187 1355//1355
f 1352//1352 1321//1321 1320//1320
f 1352//1352 1320//1320 1353//1353
f 1352//1352 1355//1355 1356//1356
f 1352//1352 1356//1356 1357//1357
f 1352//1352 1357//1357 1322//1322
f 1352//1352 1322//1322 1321//1321
f 1358//1358 1359//1359 1360//1360
f 1358//1358 1360//1360 934//934
f 1358//1358 934//934 933//933
f 1358//1358 933//933 1347//1347
f 1358//1358 1016//1016 1015//1015
f 1358//1358 1015//1015 1359//1359
f 1358//1358 1361//1361 1019//1019
f 1358//1358 1019//1019 1016//1016
f 1358//1358 1347//1347 1346//1346
f 1358//1358 1346//1346 1361//1361
f 1362//1362 1104//1104 1363//1363
f 1362//1362 1363//1363 1364//1364
f 1362//1362 1364//1364 1365//1365
f 1362//1362 1365//1365 1293//1293
f 1362//1362 1293//1293 1287//1287
f 1362//1362 1287//1287 1366//1366
f 1362//1362 1366//1366 1367//1367
f 1362//1362 1367//1367 1368//1368
f 1362//1362 1368//1368 1102//1102
f 1362//1362 1102//1102 1104//1104
f 1369//1369 1370//1370 1371//1371
f 1369//1369 1371//1371 1372//1372
f 1369//1369 1372//1372 1373//1373
f 1369//1369 1373//1373 1374//1374
f 1369//1369 1374//1374 1375//1375
f 1369//1369 1375//1375 1370//1370
f 1376//1376 1377//1377 1378//1378
f 1376//1376 1378//1378 1379//1379
f 1376//1376 1380//1380 1381//1381
f 1376//1376 1381//1381 1377//1377
f 1376//1376 1382//1382 1383//1383
f 1376//1376 1383//1383 1380//1380
f 1384//1384 1385//1385 1386//1386
f 1384//1384 1386//1386 1387//1387
f 1384//1384 1387//1387 1388//1388
f 1384//1384 1388//1388 1389//1389
f 1384//1384 1390//1390 1391//1391
f 1384//1384 1391//1391 1392//1392
f 1384//1384 1389//1389 1393//1393
f 1384//1384 1393//1393 1390//1390
f 1384//1384 1392//1392 1394//1394
f 1384//1384 1394//1394 1385//1385
f 1395//1395 1396//1396 1397//1397
f 1395//1395 1397//1397 1398//1398
f 1395//1395 1399//1399 1400//1400
f 1395//1395 1400//1400 1401//1401
f 1395//1395 1398//1398 1394//1394
f 1395//1395 1394//1394 1392//1392
f 1395//1395 1392//1392 1391//1391
f 1395//1395 1391//1391 1399//1399
f 1401//1401 1402//1402 1396//1396
f 1401//1401 1396//1396 1395//1395
f 1401//1401 1400//1400 1213//1213
f 1401//1401 1213//1213 1403//1403
f 1401//1401 1403//1403 1089//1089
f 1401//1401 1089//1089 1402//1402
f 1403//1403 1213//1213 1212//1212
f 1403//1403 1212//1212 1404//1404
f 1403//1403 1404//1404 1090//1090
f 1403//1403 1090//1090 1089//1089
f 1404//1404 1212//1212 1215//1215
f 1404//1404 1215//1215 1405//1405
f 1404//1404 1405//1405 1093//1093
f 1404//1404 1093//1093 1090//1090
f 1405//1405 1215//1215 1202//1202
f 1405//1405 1202//1202 1208//1208
f 1405//1405 1208//1208 1406//1406
f 1405//1405 1406//1406 1093//1093
f 1406//1406 1407//1407 1094//1094
f 1406//1406 1094//1094 1093//1093
f 1406//1406 1208//1208 1207//1207
f 1406//1406 1207//1207 1408//1408
f 1406//1406 1408//1408 1409//1409
f 1406//1406 1409//1409 1407//1407
f 1409//1409 1238//1238 1237//1237
f 1409//1409 1237//1237 1407//1407
f 1409//1409 1408//1408 1410//1410
f 1409//1409 1410//1410 1411//1411
f 1409//1409 1411//1411 1412//1412
f 1409//1409 1412//1412 1238//1238
f 1412//1412 1309//1309 1233//1233
f 1412//1412 1233//1233 1238//1238
f 1412//1412 1411//1411 1413//1413
f 1412//1412 1413//1413 1414//1414
f 1412//1412 1414//1414 1415//1415
f 1412//1412 1415//1415 1309//1309
f 1415//1415 1416//1416 1310//1310
f 1415//1415 1310//1310 1309//1309
f 1415//1415 1414//1414 1417//1417
f 1415//1415 1417//1417 1418//1418
f 1415//1415 1418//1418 1419//1419
f 1415//1415 1419//1419 1416//1416
f 1419//1419 1420//1420 1421//1421
f 1419//1419 1421//1421 1416//1416
f 1419//1419 1418//1418 1422//1422
f 1419//1419 1422//1422 1423//1423
f 1419//1419 1423//1423 1424//1424
f 1419//1419 1424//1424 1420//1420
f 1424//1424 1425//1425 1426//1426
f 1424//1424 1426//1426 1420//1420
f 1424//1424 1423//1423 1131//1131
f 1424//1424 1131//1131 1135//1135
f 1424//1424 1135//1135 1427//1427
f 1424//1424 1427//1427 1425//1425
f 1427//1427 1428//1428 1429//1429
f 1427//1427 1429//1429 1425//1425
f 1427//1427 1135//1135 1134//1134
f 1427//1427 1134//1134 1430//1430
f 1427//1427 1430//1430 1431//1431
f 1427//1427 1431//1431 1428//1428
f 1431//1431 1432//1432 1241//1241
f 1431//1431 1241//1241 1428//1428
f 1431//1431 1430//1430 1228//1228
f 1431//1431 1228//1228 1433//1433
f 1431//1431 1433//1433 1434//1434
f 1431//1431 1434//1434 1432//1432
f 1434//1434 1435//1435 1436//1436
f 1434//1434 1436//1436 1432//1432
f 1434//1434 1433//1433 1437//1437
f 1434//1434 1437//1437 1438//1438
f 1434//1434 1438//1438 1439//1439
f 1434//1434 1439//1439 1435//1435
f 1439//1439 1440//1440 1441//1441
f 1439//1439 1441//1441 1435//1435
f 1439//1439 1438//1438 1442//1442
f 1439//1439 1442//1442 1443//1443
f 1439//1439 1443//1443 1444//1444
f 1439//1439 1444//1444 1440//1440
f 1444//1444 1445//1445 1446//1446
f 1444//1444 1446//1446 1440//1440
f 1444//1444 1443//1443 1447//1447
f 1444//1444 1447//1447 1448//1448
f 1444//1444 1448//1448 1449//1449
f 1444//1444 1449//1449 1445//1445
f 1449//1449 1450//1450 1451//1451
f 1449//1449 1451//1451 1445//1445
f 1449//1449 1448//1448 1452//1452
f 1449//1449 1452//1452 1453//1453
f 1449//1449 1453//1453 1454//1454
f 1449//1449 1454//1454 1450//1450
f 1454//1454 1455//1455 1456//1456
f 1454//1454 1456//1456 1450//1450
f 1454//1454 1453//1453 1457//1457
f 1454//1454 1457//1457 1458//1458
f 1454//1454 1458//1458 1459//1459
f 1454//1454 1459//1459 1455//1455
f 1459//1459 1382//1382 1376//1376
f 1459//1459 1376//1376 1455//1455
f 1459//1459 1458//1458 1460//1460
f 1459//1459 1460//1460 1461//1461
f 1459//1459 1461//1461 1462//1462
f 1459//1459 1462//1462 1382//1382
f 1462//1462 1463//1463 1383//1383
f 1462//1462 1383//1383 1382//1382
f 1462//1462 1461//1461 1464//1464
f 1462//1462 1464//1464 1465//1465
f 1462//1462 1465//1465 1466//1466
f 1462//1462 1466//1466 1463//1463
f 1466//1466 1467//1467 1468//1468
f 1466//1466 1468//1468 1463//1463
f 1466//1466 1465//1465 1469//1469
f 1466//1466 1469//1469 1251//1251
f 1466//1466 1251//1251 1250//1250
f 1466//1466 1250//1250 1467//1467
f 1469//1469 1465//1465 1464//1464
f 1469//1469 1464//1464 1470//1470
f 1469//1469 1470//1470 1471//1471
f 1469//1469 1471//1471 1472//1472
f 1469//1469 1472//1472 1247//1247
f 1469//1469 1247//1247 1251//1251
f 1472//1472 1471//1471 1473//1473
f 1472//1472 1473//1473 1474//1474
f 1472//1472 1474//1474 1248//1248
f 1472//1472 1248//1248 1247//1247
f 1474//1474 1473//1473 1333//1333
f 1474//1474 1333//1333 1475//1475
f 1474//1474 1475//1475 1476//1476
f 1474//1474 1476//1476 1248//1248
f 1476//1476 1477//1477 1249//1249
f 1476//1476 1249//1249 1248//1248
f 1476//1476 1475//1475 1478//1478
f 1476//1476 1478//1478 1479//1479
f 1476//1476 1479//1479 1480//1480
f 1476//1476 1480//1480 1477//1477
f 1480//1480 1481//1481 1482//1482
f 1480//1480 1482//1482 1477//1477
f 1480//1480 1479//1479 1483//1483
f 1480//1480 1483//1483 1484//1484
f 1480//1480 1484//1484 1485//1485
f 1480//1480 1485//1485 1481//1481
f 1485//1485 1486//1486 1487//1487
f 1485//1485 1487//1487 1481//1481
f 1485//1485 1484//1484 1488//1488
f 1485//1485 1488//1488 1489//1489
f 1485//1485 1489//1489 1490//1490
f 1485//1485 1490//1490 1486//1486
f 1490//1490 1491//1491 1492//1492
f 1490//1490 1492//1492 1486//1486
f 1490//1490 1489//1489 1493//1493
f 1490//1490 1493//1493 1494//1494
f 1490//1490 1494//1494 1495//1495
f 1490//1490 1495//1495 1491//1491
f 1495//1495 1496//1496 1497//1497
f 1495//1495 1497//1497 1491//1491
f 1495//1495 1494//1494 1498//1498
f 1495//1495 1498//1498 1324//1324
f 1495//1495 1324//1324 1323//1323
f 1495//1495 1323//1323 1496//1496
f 1498//1498 1494//1494 1493//1493
f 1498//1498 1493//1493 912//912
f 1498//1498 912//912 911//911
f 1498//1498 911//911 1499//1499
f 1498//1498 1499//1499 1079//1079
f 1498//1498 1079//1079 1324//1324
f 1499//1499 911//911 916//916
f 1499//1499 916//916 1500//1500
f 1499//1499 1500//1500 1075//1075
f 1499//1499 1075//1075 1079//1079
f 1500//1500 1501//1501 1076//1076
f 1500//1500 1076//1076 1075//1075
f 1500//1500 916//916 1502//1502
f 1500//1500 1502//1502 1501//1501
f 1502//1502 1503//1503 1504//1504
f 1502//1502 1504//1504 1501//1501
f 1502//1502 916//916 915//915
f 1502//1502 915//915 1505//1505
f 1502//1502 1505//1505 1373//1373
f 1502//1502 1373//1373 1503//1503
f 1505//1505 915//915 914//914
f 1505//1505 914//914 1506//1506
f 1505//1505 1506//1506 1374//1374
f 1505//1505 1374//1374 1373//1373
f 1506//1506 914//914 1507//1507
f 1506//1506 1507//1507 1508//1508
f 1506//1506 1508//1508 1375//1375
f 1506//1506 1375//1375 1374//1374
f 1508//1508 1507//1507 1509//1509
f 1508//1508 1509//1509 1510//1510
f 1508//1508 1510//1510 1511//1511
f 1508//1508 1511//1511 1375//1375
f 1511//1511 1510//1510 1512//1512
f 1511//1511 1512//1512 1336//1336
f 1511//1511 1336//1336 1335//1335
f 1511//1511 1335//1335 1513//1513
f 1511//1511 1513//1513 1370//1370
f 1511//1511 1370//1370 1375//1375
f 1513//1513 1335//1335 1337//1337
f 1513//1513 1337//1337 1514//1514
f 1513//1513 1514//1514 1371//1371
f 1513//1513 1371//1371 1370//1370
f 1514//1514 1337//1337 1515//1515
f 1514//1514 1515//1515 1516//1516
f 1514//1514 1516//1516 1517//1517
f 1514//1514 1517//1517 1371//1371
f 1517//1517 1516//1516 1518//1518
f 1517//1517 1518//1518 1519//1519
f 1517//1517 1519//1519 1520//1520
f 1517//1517 1520//1520 1521//1521
f 1517//1517 1521//1521 1372//1372
f 1517//1517 1372//1372 1371//1371
f 1521//1521 1520//1520 1504//1504
f 1521//1521 1504//1504 1503//1503
f 1521//1521 1503//1503 1373//1373
f 1521//1521 1373//1373 1372//1372
f 1520//1520 1519//1519 1522//1522
f 1520//1520 1522//1522 1523//1523
f 1520//1520 1523//1523 1524//1524
f 1520//1520 1524//1524 1504//1504
f 1524//1524 1523//1523 1525//1525
f 1524//1524 1525//1525 1526//1526
f 1524//1524 1526//1526 1072//1072
f 1524//1524 1072//1072 1076//1076
f 1524//1524 1076//1076 1501//1501
f 1524//1524 1501//1501 1504//1504
f 1526//1526 1525//1525 1527//1527
f 1526//1526 1527//1527 1528//1528
f 1526//1526 1528//1528 1073//1073
f 1526//1526 1073//1073 1072//1072
f 1528//1528 1527//1527 1529//1529
f 1528//1528 1529//1529 1530//1530
f 1528//1528 1530//1530 1531//1531
f 1528//1528 1531//1531 1073//1073
f 1531//1531 1530//1530 1532//1532
f 1531//1531 1532//1532 1533//1533
f 1531//1531 1533//1533 1534//1534
f 1531//1531 1534//1534 1535//1535
f 1531//1531 1535//1535 1074//1074
f 1531//1531 1074//1074 1073//1073
f 1535//1535 1534//1534 1536//1536
f 1535//1535 1536//1536 983//983
f 1535//1535 983//983 982//982
f 1535//1535 982//982 1074//1074
f 1536//1536 1534//1534 1537//1537
f 1536//1536 1537//1537 1538//1538
f 1536//1536 1538//1538 1539//1539
f 1536//1536 1539//1539 1540//1540
f 1536//1536 1540//1540 979//979
f 1536//1536 979//979 983//983
f 1540//1540 1539//1539 1541//1541
f 1540//1540 1541//1541 1542//1542
f 1540//1540 1542//1542 980//980
f 1540//1540 980//980 979//979
f 1542//1542 1541//1541 1178//1178
f 1542//1542 1178//1178 1177//1177
f 1542//1542 1177//1177 1180//1180
f 1542//1542 1180//1180 980//980
f 1541//1541 1539//1539 1543//1543
f 1541//1541 1543//1543 1544//1544
f 1541//1541 1544//1544 1545//1545
f 1541//1541 1545//1545 1178//1178
f 1545//1545 1544//1544 1546//1546
f 1545//1545 1546//1546 1547//1547
f 1545//1545 1547//1547 1548//1548
f 1545//1545 1548//1548 908//908
f 1545//1545 908//908 907//907
f 1545//1545 907//907 1178//1178
f 1548//1548 1547//1547 1549//1549
f 1548//1548 1549//1549 1550//1550
f 1548//1548 1550//1550 1169//1169
f 1548//1548 1169//1169 1172//1172
f 1548//1548 1172//1172 900//900
f 1548//1548 900//900 908//908
f 1550//1550 1549//1549 919//919
f 1550//1550 919//919 918//918
f 1550//1550 918//918 924//924
f 1550//1550 924//924 1169//1169
f 1549//1549 1551//1551 1552//1552
f 1549//1549 1552//1552 919//919
f 1549//1549 1547//1547 1546//1546
f 1549//1549 1546//1546 1551//1551
f 1552//1552 1553//1553 1554//1554
f 1552//1552 1554//1554 947//947
f 1552//1552 947//947 920//920
f 1552//1552 920//920 919//919
f 1552//1552 1551//1551 1555//1555
f 1552//1552 1555//1555 1553//1553
f 1555//1555 1229//1229 1231//1231
f 1555//1555 1231//1231 1553//1553
f 1555//1555 1551//1551 1546//1546
f 1555//1555 1546//1546 1556//1556
f 1555//1555 1556//1556 1230//1230
f 1555//1555 1230//1230 1229//1229
f 1556//1556 1546//1546 1544//1544
f 1556//1556 1544//1544 1543//1543
f 1556//1556 1543//1543 1557//1557
f 1556//1556 1557//1557 1230//1230
f 1557//1557 1558//1558 1226//1226
f 1557//1557 1226//1226 1230//1230
f 1557//1557 1543//1543 1539//1539
f 1557//1557 1539//1539 1538//1538
f 1557//1557 1538//1538 1537//1537
f 1557//1557 1537//1537 1558//1558
f 1558//1558 1559//1559 1227//1227
f 1558//1558 1227//1227 1226//1226
f 1558//1558 1537//1537 1560//1560
f 1558//1558 1560//1560 1559//1559
f 1560//1560 1561//1561 1562//1562
f 1560//1560 1562//1562 1559//1559
f 1560//1560 1537//1537 1534//1534
f 1560//1560 1534//1534 1533//1533
f 1560//1560 1533//1533 1532//1532
f 1560//1560 1532//1532 1561//1561
f 1562//1562 1442//1442 1438//1438
f 1562//1562 1438//1438 1437//1437
f 1562//1562 1437//1437 1227//1227
f 1562//1562 1227//1227 1559//1559
f 1562//1562 1561//1561 1563//1563
f 1562//1562 1563//1563 1442//1442
f 1563//1563 1447//1447 1443//1443
f 1563//1563 1443//1443 1442//1442
f 1563//1563 1561//1561 1532//1532
f 1563//1563 1532//1532 1564//1564
f 1563//1563 1564//1564 1565//1565
f 1563//1563 1565//1565 1447//1447
f 1565//1565 1452//1452 1448//1448
f 1565//1565 1448//1448 1447//1447
f 1565//1565 1564//1564 1529//1529
f 1565//1565 1529//1529 1566//1566
f 1565//1565 1566//1566 1567//1567
f 1565//1565 1567//1567 1452//1452
f 1567//1567 1457//1457 1453//1453
f 1567//1567 1453//1453 1452//1452
f 1567//1567 1566//1566 1568//1568
f 1567//1567 1568//1568 1569//1569
f 1567//1567 1569//1569 1570//1570
f 1567//1567 1570//1570 1457//1457
f 1570//1570 1460//1460 1458//1458
f 1570//1570 1458//1458 1457//1457
f 1570//1570 1569//1569 1571//1571
f 1570//1570 1571//1571 1572//1572
f 1570//1570 1572//1572 1573//1573
f 1570//1570 1573//1573 1460//1460
f 1573//1573 1464//1464 1461//1461
f 1573//1573 1461//1461 1460//1460
f 1573//1573 1572//1572 1574//1574
f 1573//1573 1574//1574 1575//1575
f 1573//1573 1575//1575 1470//1470
f 1573//1573 1470//1470 1464//1464
f 1575//1575 1574//1574 1576//1576
f 1575//1575 1576//1576 1577//1577
f 1575//1575 1577//1577 1471//1471
f 1575//1575 1471//1471 1470//1470
f 1577//1577 1576//1576 1515//1515
f 1577//1577 1515//1515 1578//1578
f 1577//1577 1578//1578 1473//1473
f 1577//1577 1473//1473 1471//1471
f 1578//1578 1515//1515 1337//1337
f 1578//1578 1337//1337 1334//1334
f 1578//1578 1334//1334 1333//1333
f 1578//1578 1333//1333 1473//1473
f 1576//1576 1574//1574 1579//1579
f 1576//1576 1579//1579 1518//1518
f 1576//1576 1518//1518 1516//1516
f 1576//1576 1516//1516 1515//1515
f 1579//1579 1574//1574 1572//1572
f 1579//1579 1572//1572 1571//1571
f 1579//1579 1571//1571 1580//1580
f 1579//1579 1580//1580 1522//1522
f 1579//1579 1522//1522 1519//1519
f 1579//1579 1519//1519 1518//1518
f 1580//1580 1571//1571 1569//1569
f 1580//1580 1569//1569 1568//1568
f 1580//1580 1568//1568 1527//1527
f 1580//1580 1527//1527 1525//1525
f 1580//1580 1525//1525 1523//1523
f 1580//1580 1523//1523 1522//1522
f 1568//1568 1566//1566 1529//1529
f 1568//1568 1529//1529 1527//1527
f 1564//1564 1532//1532 1530//1530
f 1564//1564 1530//1530 1529//1529
f 1554//1554 1553//1553 1231//1231
f 1554//1554 1231//1231 1269//1269
f 1554//1554 1269//1269 1581//1581
f 1554//1554 1581//1581 1582//1582
f 1554//1554 1582//1582 945//945
f 1554//1554 945//945 947//947
f 1582//1582 1581//1581 1583//1583
f 1582//1582 1583//1583 1584//1584
f 1582//1582 1584//1584 946//946
f 1582//1582 946//946 945//945
f 1584//1584 1583//1583 1325//1325
f 1584//1584 1325//1325 1327//1327
f 1584//1584 1327//1327 1585//1585
f 1584//1584 1585//1585 946//946
f 1585//1585 1327//1327 1077//1077
f 1585//1585 1077//1077 1586//1586
f 1585//1585 1586//1586 1587//1587
f 1585//1585 1587//1587 1588//1588
f 1585//1585 1588//1588 941//941
f 1585//1585 941//941 946//946
f 1588//1588 1587//1587 1316//1316
f 1588//1588 1316//1316 1315//1315
f 1588//1588 1315//1315 942//942
f 1588//1588 942//942 941//941
f 1587//1587 1586//1586 987//987
f 1587//1587 987//987 986//986
f 1587//1587 986//986 1265//1265
f 1587//1587 1265//1265 1316//1316
f 1586//1586 1077//1077 988//988
f 1586//1586 988//988 987//987
f 1583//1583 1581//1581 1589//1589
f 1583//1583 1589//1589 1590//1590
f 1583//1583 1590//1590 1326//1326
f 1583//1583 1326//1326 1325//1325
f 1590//1590 1589//1589 1591//1591
f 1590//1590 1591//1591 1592//1592
f 1590//1590 1592//1592 1593//1593
f 1590//1590 1593//1593 1326//1326
f 1593//1593 1592//1592 1594//1594
f 1593//1593 1594//1594 1595//1595
f 1593//1593 1595//1595 1497//1497
f 1593//1593 1497//1497 1496//1496
f 1593//1593 1496//1496 1323//1323
f 1593//1593 1323//1323 1326//1326
f 1595//1595 1594//1594 1596//1596
f 1595//1595 1596//1596 1597//1597
f 1595//1595 1597//1597 1598//1598
f 1595//1595 1598//1598 1497//1497
f 1598//1598 1597//1597 1205//1205
f 1598//1598 1205//1205 1210//1210
f 1598//1598 1210//1210 1599//1599
f 1598//1598 1599//1599 1492//1492
f 1598//1598 1492//1492 1491//1491
f 1598//1598 1491//1491 1497//1497
f 1599//1599 1210//1210 1209//1209
f 1599//1599 1209//1209 1600//1600
f 1599//1599 1600//1600 1601//1601
f 1599//1599 1601//1601 1487//1487
f 1599//1599 1487//1487 1486//1486
f 1599//1599 1486//1486 1492//1492
f 1601//1601 1600//1600 1602//1602
f 1601//1601 1602//1602 1603//1603
f 1601//1601 1603//1603 1252//1252
f 1601//1601 1252//1252 1482//1482
f 1601//1601 1482//1482 1481//1481
f 1601//1601 1481//1481 1487//1487
f 1603//1603 1602//1602 1468//1468
f 1603//1603 1468//1468 1467//1467
f 1603//1603 1467//1467 1250//1250
f 1603//1603 1250//1250 1252//1252
f 1602//1602 1600//1600 1209//1209
f 1602//1602 1209//1209 1211//1211
f 1602//1602 1211//1211 1604//1604
f 1602//1602 1604//1604 1468//1468
f 1604//1604 1211//1211 1204//1204
f 1604//1604 1204//1204 1605//1605
f 1604//1604 1605//1605 1380//1380
f 1604//1604 1380//1380 1383//1383
f 1604//1604 1383//1383 1463//1463
f 1604//1604 1463//1463 1468//1468
f 1605//1605 1204//1204 1203//1203
f 1605//1605 1203//1203 1606//1606
f 1605//1605 1606//1606 1381//1381
f 1605//1605 1381//1381 1380//1380
f 1606//1606 1216//1216 1607//1607
f 1606//1606 1607//1607 1381//1381
f 1606//1606 1203//1203 1214//1214
f 1606//1606 1214//1214 1216//1216
f 1607//1607 1608//1608 1609//1609
f 1607//1607 1609//1609 1610//1610
f 1607//1607 1610//1610 1377//1377
f 1607//1607 1377//1377 1381//1381
f 1607//1607 1216//1216 887//887
f 1607//1607 887//887 1608//1608
f 1610//1610 1609//1609 1611//1611
f 1610//1610 1611//1611 1612//1612
f 1610//1610 1612//1612 1378//1378
f 1610//1610 1378//1378 1377//1377
f 1612//1612 1611//1611 1613//1613
f 1612//1612 1613//1613 1614//1614
f 1612//1612 1614//1614 1615//1615
f 1612//1612 1615//1615 1378//1378
f 1615//1615 1614//1614 1235//1235
f 1615//1615 1235//1235 1616//1616
f 1615//1615 1616//1616 1617//1617
f 1615//1615 1617//1617 1618//1618
f 1615//1615 1618//1618 1379//1379
f 1615//1615 1379//1379 1378//1378
f 1618//1618 1617//1617 1619//1619
f 1618//1618 1619//1619 1620//1620
f 1618//1618 1620//1620 1456//1456
f 1618//1618 1456//1456 1379//1379
f 1620//1620 1619//1619 1621//1621
f 1620//1620 1621//1621 1451//1451
f 1620//1620 1451//1451 1450//1450
f 1620//1620 1450//1450 1456//1456
f 1621//1621 1619//1619 1622//1622
f 1621//1621 1622//1622 1623//1623
f 1621//1621 1623//1623 1624//1624
f 1621//1621 1624//1624 1446//1446
f 1621//1621 1446//1446 1445//1445
f 1621//1621 1445//1445 1451//1451
f 1624//1624 1623//1623 1625//1625
f 1624//1624 1625//1625 1626//1626
f 1624//1624 1626//1626 1627//1627
f 1624//1624 1627//1627 1441//1441
f 1624//1624 1441//1441 1440//1440
f 1624//1624 1440//1440 1446//1446
f 1627//1627 1626//1626 1628//1628
f 1627//1627 1628//1628 1243//1243
f 1627//1627 1243//1243 1242//1242
f 1627//1627 1242//1242 1436//1436
f 1627//1627 1436//1436 1435//1435
f 1627//1627 1435//1435 1441//1441
f 1628//1628 1629//1629 1341//1341
f 1628//1628 1341//1341 1340//1340
f 1628//1628 1340//1340 1244//1244
f 1628//1628 1244//1244 1243//1243
f 1628//1628 1626//1626 1625//1625
f 1628//1628 1625//1625 1629//1629
f 1629//1629 1630//1630 1344//1344
f 1629//1629 1344//1344 1341//1341
f 1629//1629 1625//1625 1631//1631
f 1629//1629 1631//1631 1630//1630
f 1631//1631 1054//1054 1053//1053
f 1631//1631 1053//1053 1630//1630
f 1631//1631 1625//1625 1623//1623
f 1631//1631 1623//1623 1622//1622
f 1631//1631 1622//1622 1632//1632
f 1631//1631 1632//1632 1054//1054
f 1632//1632 1312//1312 1055//1055
f 1632//1632 1055//1055 1054//1054
f 1632//1632 1622//1622 1619//1619
f 1632//1632 1619//1619 1617//1617
f 1632//1632 1617//1617 1616//1616
f 1632//1632 1616//1616 1312//1312
f 1630//1630 1053//1053 1058//1058
f 1630//1630 1058//1058 1344//1344
f 1616//1616 1235//1235 1234//1234
f 1616//1616 1234//1234 1312//1312
f 1614//1614 1613//1613 1236//1236
f 1614//1614 1236//1236 1235//1235
f 1613//1613 1365//1365 1364//1364
f 1613//1613 1364//1364 1236//1236
f 1613//1613 1611//1611 1633//1633
f 1613//1613 1633//1633 1365//1365
f 1633//1633 1291//1291 1293//1293
f 1633//1633 1293//1293 1365//1365
f 1633//1633 1611//1611 1609//1609
f 1633//1633 1609//1609 1634//1634
f 1633//1633 1634//1634 1292//1292
f 1633//1633 1292//1292 1291//1291
f 1634//1634 1609//1609 1608//1608
f 1634//1634 1608//1608 1635//1635
f 1634//1634 1635//1635 1636//1636
f 1634//1634 1636//1636 1292//1292
f 1636//1636 1637//1637 1288//1288
f 1636//1636 1288//1288 1292//1292
f 1636//1636 1635//1635 886//886
f 1636//1636 886//886 890//890
f 1636//1636 890//890 1638//1638
f 1636//1636 1638//1638 1637//1637
f 1638//1638 1639//1639 1640//1640
f 1638//1638 1640//1640 1637//1637
f 1638//1638 890//890 889//889
f 1638//1638 889//889 1278//1278
f 1638//1638 1278//1278 1280//1280
f 1638//1638 1280//1280 1639//1639
f 1640//1640 1061//1061 1060//1060
f 1640//1640 1060//1060 1289//1289
f 1640//1640 1289//1289 1288//1288
f 1640//1640 1288//1288 1637//1637
f 1640//1640 1639//1639 1641//1641
f 1640//1640 1641//1641 1061//1061
f 1641//1641 896//896 898//898
f 1641//1641 898//898 1061//1061
f 1641//1641 1639//1639 1280//1280
f 1641//1641 1280//1280 1642//1642
f 1641//1641 1642//1642 892//892
f 1641//1641 892//892 896//896
f 1642//1642 1280//1280 1279//1279
f 1642//1642 1279//1279 1643//1643
f 1642//1642 1643//1643 893//893
f 1642//1642 893//893 892//892
f 1643//1643 1279//1279 1283//1283
f 1643//1643 1283//1283 1070//1070
f 1643//1643 1070//1070 1069//1069
f 1643//1643 1069//1069 893//893
f 1635//1635 1608//1608 887//887
f 1635//1635 887//887 886//886
f 1597//1597 1596//1596 1206//1206
f 1597//1597 1206//1206 1205//1205
f 1596//1596 1644//1644 1410//1410
f 1596//1596 1410//1410 1206//1206
f 1596//1596 1594//1594 1645//1645
f 1596//1596 1645//1645 1644//1644
f 1645//1645 1646//1646 1413//1413
f 1645//1645 1413//1413 1644//1644
f 1645//1645 1594//1594 1592//1592
f 1645//1645 1592//1592 1591//1591
f 1645//1645 1591//1591 1647//1647
f 1645//1645 1647//1647 1646//1646
f 1647//1647 1648//1648 1417//1417
f 1647//1647 1417//1417 1646//1646
f 1647//1647 1591//1591 1589//1589
f 1647//1647 1589//1589 1268//1268
f 1647//1647 1268//1268 1267//1267
f 1647//1647 1267//1267 1648//1648
f 1648//1648 1422//1422 1418//1418
f 1648//1648 1418//1418 1417//1417
f 1648//1648 1267//1267 1132//1132
f 1648//1648 1132//1132 1422//1422
f 1646//1646 1417//1417 1414//1414
f 1646//1646 1414//1414 1413//1413
f 1644//1644 1413//1413 1411//1411
f 1644//1644 1411//1411 1410//1410
f 1589//1589 1581//1581 1269//1269
f 1589//1589 1269//1269 1268//1268
f 1512//1512 1483//1483 1479//1479
f 1512//1512 1479//1479 1478//1478
f 1512//1512 1478//1478 1332//1332
f 1512//1512 1332//1332 1336//1336
f 1512//1512 1510//1510 1509//1509
f 1512//1512 1509//1509 1483//1483
f 1509//1509 1488//1488 1484//1484
f 1509//1509 1484//1484 1483//1483
f 1509//1509 1507//1507 1649//1649
f 1509//1509 1649//1649 1488//1488
f 1649//1649 1493//1493 1489//1489
f 1649//1649 1489//1489 1488//1488
f 1649//1649 1507//1507 914//914
f 1649//1649 914//914 913//913
f 1649//1649 913//913 912//912
f 1649//1649 912//912 1493//1493
f 1482//1482 1252//1252 1249//1249
f 1482//1482 1249//1249 1477//1477
f 1478//1478 1475//1475 1333//1333
f 1478//1478 1333//1333 1332//1332
f 1456//1456 1455//1455 1376//1376
f 1456//1456 1376//1376 1379//1379
f 1437//1437 1433//1433 1228//1228
f 1437//1437 1228//1228 1227//1227
f 1436//1436 1242//1242 1241//1241
f 1436//1436 1241//1241 1432//1432
f 1430//1430 1134//1134 1136//1136
f 1430//1430 1136//1136 1228//1228
f 1429//1429 1240//1240 1245//1245
f 1429//1429 1245//1245 1650//1650
f 1429//1429 1650//1650 1426//1426
f 1429//1429 1426//1426 1425//1425
f 1429//1429 1428//1428 1241//1241
f 1429//1429 1241//1241 1240//1240
f 1650//1650 1245//1245 1339//1339
f 1650//1650 1339//1339 1343//1343
f 1650//1650 1343//1343 1651//1651
f 1650//1650 1651//1651 1426//1426
f 1651//1651 1343//1343 1342//1342
f 1651//1651 1342//1342 1652//1652
f 1651//1651 1652//1652 1311//1311
f 1651//1651 1311//1311 1421//1421
f 1651//1651 1421//1421 1420//1420
f 1651//1651 1420//1420 1426//1426
f 1652//1652 1342//1342 1344//1344
f 1652//1652 1344//1344 1058//1058
f 1652//1652 1058//1058 1057//1057
f 1652//1652 1057//1057 1311//1311
f 1423//1423 1422//1422 1132//1132
f 1423//1423 1132//1132 1131//1131
f 1421//1421 1311//1311 1310//1310
f 1421//1421 1310//1310 1416//1416
f 1410//1410 1408//1408 1207//1207
f 1410//1410 1207//1207 1206//1206
f 1407//1407 1237//1237 1095//1095
f 1407//1407 1095//1095 1094//1094
f 1402//1402 1653//1653 1654//1654
f 1402//1402 1654//1654 1396//1396
f 1402//1402 1089//1089 1088//1088
f 1402//1402 1088//1088 1653//1653
f 1654//1654 1655//1655 1193//1193
f 1654//1654 1193//1193 1192//1192
f 1654//1654 1192//1192 1397//1397
f 1654//1654 1397//1397 1396//1396
f 1654//1654 1653//1653 1656//1656
f 1654//1654 1656//1656 1655//1655
f 1656//1656 1657//1657 1658//1658
f 1656//1656 1658//1658 1655//1655
f 1656//1656 1653//1653 1088//1088
f 1656//1656 1088//1088 1092//1092
f 1656//1656 1092//1092 1659//1659
f 1656//1656 1659//1659 1657//1657
f 1659//1659 1660//1660 1661//1661
f 1659//1659 1661//1661 1657//1657
f 1659//1659 1092//1092 1091//1091
f 1659//1659 1091//1091 1099//1099
f 1659//1659 1099//1099 1304//1304
f 1659//1659 1304//1304 1660//1660
f 1661//1661 1662//1662 876//876
f 1661//1661 876//876 1663//1663
f 1661//1661 1663//1663 1658//1658
f 1661//1661 1658//1658 1657//1657
f 1661//1661 1660//1660 1664//1664
f 1661//1661 1664//1664 1662//1662
f 1664//1664 1273//1273 1665//1665
f 1664//1664 1665//1665 1662//1662
f 1664//1664 1660//1660 1304//1304
f 1664//1664 1304//1304 1306//1306
f 1664//1664 1306//1306 1274//1274
f 1664//1664 1274//1274 1273//1273
f 1665//1665 1666//1666 874//874
f 1665//1665 874//874 873//873
f 1665//1665 873//873 876//876
f 1665//1665 876//876 1662//1662
f 1665//1665 1273//1273 1272//1272
f 1665//1665 1272//1272 1666//1666
f 1666//1666 1667//1667 1668//1668
f 1666//1666 1668//1668 874//874
f 1666//1666 1272//1272 882//882
f 1666//1666 882//882 1667//1667
f 1668//1668 1669//1669 1670//1670
f 1668//1668 1670//1670 1671//1671
f 1668//1668 1671//1671 875//875
f 1668//1668 875//875 874//874
f 1668//1668 1667//1667 1672//1672
f 1668//1668 1672//1672 1669//1669
f 1672//1672 1673//1673 1674//1674
f 1672//1672 1674//1674 1669//1669
f 1672//1672 1667//1667 882//882
f 1672//1672 882//882 881//881
f 1672//1672 881//881 885//885
f 1672//1672 885//885 1673//1673
f 1674//1674 1399//1399 1391//1391
f 1674//1674 1391//1391 1675//1675
f 1674//1674 1675//1675 1670//1670
f 1674//1674 1670//1670 1669//1669
f 1674//1674 1673//1673 1400//1400
f 1674//1674 1400//1400 1399//1399
f 1675//1675 1391//1391 1390//1390
f 1675//1675 1390//1390 1676//1676
f 1675//1675 1676//1676 1677//1677
f 1675//1675 1677//1677 1670//1670
f 1677//1677 1676//1676 1678//1678
f 1677//1677 1678//1678 1679//1679
f 1677//1677 1679//1679 1680//1680
f 1677//1677 1680//1680 1681//1681
f 1677//1677 1681//1681 1671//1671
f 1677//1677 1671//1671 1670//1670
f 1681//1681 1680//1680 1682//1682
f 1681//1681 1682//1682 877//877
f 1681//1681 877//877 875//875
f 1681//1681 875//875 1671//1671
f 1682//1682 1680//1680 1109//1109
f 1682//1682 1109//1109 1111//1111
f 1682//1682 1111//1111 1220//1220
f 1682//1682 1220//1220 1222//1222
f 1682//1682 1222//1222 878//878
f 1682//1682 878//878 877//877
f 1680//1680 1679//1679 1110//1110
f 1680//1680 1110//1110 1109//1109
f 1679//1679 1678//1678 1683//1683
f 1679//1679 1683//1683 1110//1110
f 1683//1683 1047//1047 1046//1046
f 1683//1683 1046//1046 1224//1224
f 1683//1683 1224//1224 1106//1106
f 1683//1683 1106//1106 1110//1110
f 1683//1683 1678//1678 1393//1393
f 1683//1683 1393//1393 1047//1047
f 1678//1678 1676//1676 1390//1390
f 1678//1678 1390//1390 1393//1393
f 1673//1673 885//885 1213//1213
f 1673//1673 1213//1213 1400//1400
f 1663//1663 876//876 872//872
f 1663//1663 872//872 1684//1684
f 1663//1663 1684//1684 1194//1194
f 1663//1663 1194//1194 1658//1658
f 1684//1684 872//872 871//871
f 1684//1684 871//871 1685//1685
f 1684//1684 1685//1685 1195//1195
f 1684//1684 1195//1195 1194//1194
f 1685//1685 871//871 1686//1686
f 1685//1685 1686//1686 1022//1022
f 1685//1685 1022//1022 1021//1021
f 1685//1685 1021//1021 1195//1195
f 1686//1686 1687//1687 1688//1688
f 1686//1686 1688//1688 1689//1689
f 1686//1686 1689//1689 1023//1023
f 1686//1686 1023//1023 1022//1022
f 1686//1686 871//871 870//870
f 1686//1686 870//870 1687//1687
f 1689//1689 1688//1688 1690//1690
f 1689//1689 1690//1690 1691//1691
f 1689//1689 1691//1691 1692//1692
f 1689//1689 1692//1692 1023//1023
f 1692//1692 1691//1691 1693//1693
f 1692//1692 1693//1693 1694//1694
f 1692//1692 1694//1694 1695//1695
f 1692//1692 1695//1695 1696//1696
f 1692//1692 1696//1696 1020//1020
f 1692//1692 1020//1020 1023//1023
f 1696//1696 1695//1695 1697//1697
f 1696//1696 1697//1697 1698//1698
f 1696//1696 1698//1698 1024//1024
f 1696//1696 1024//1024 1020//1020
f 1698//1698 1697//1697 932//932
f 1698//1698 932//932 931//931
f 1698//1698 931//931 937//937
f 1698//1698 937//937 1024//1024
f 1697//1697 1695//1695 1699//1699
f 1697//1697 1699//1699 1349//1349
f 1697//1697 1349//1349 1348//1348
f 1697//1697 1348//1348 932//932
f 1699//1699 1044//1044 1043//1043
f 1699//1699 1043//1043 1700//1700
f 1699//1699 1700//1700 1350//1350
f 1699//1699 1350//1350 1349//1349
f 1699//1699 1695//1695 1694//1694
f 1699//1699 1694//1694 1044//1044
f 1700//1700 1043//1043 1042//1042
f 1700//1700 1042//1042 1701//1701
f 1700//1700 1701//1701 1351//1351
f 1700//1700 1351//1351 1350//1350
f 1701//1701 1702//1702 1703//1703
f 1701//1701 1703//1703 1351//1351
f 1701//1701 1042//1042 1704//1704
f 1701//1701 1704//1704 1702//1702
f 1704//1704 1081//1081 1705//1705
f 1704//1704 1705//1705 1702//1702
f 1704//1704 1042//1042 1041//1041
f 1704//1704 1041//1041 1706//1706
f 1704//1704 1706//1706 1082//1082
f 1704//1704 1082//1082 1081//1081
f 1706//1706 1041//1041 1040//1040
f 1706//1706 1040//1040 1707//1707
f 1706//1706 1707//1707 1083//1083
f 1706//1706 1083//1083 1082//1082
f 1707//1707 1040//1040 1708//1708
f 1707//1707 1708//1708 1709//1709
f 1707//1707 1709//1709 1710//1710
f 1707//1707 1710//1710 1083//1083
f 1710//1710 1711//1711 1084//1084
f 1710//1710 1084//1084 1083//1083
f 1710//1710 1709//1709 1712//1712
f 1710//1710 1712//1712 1713//1713
f 1710//1710 1713//1713 1714//1714
f 1710//1710 1714//1714 1711//1711
f 1714//1714 1163//1163 1715//1715
f 1714//1714 1715//1715 1711//1711
f 1714//1714 1713//1713 1716//1716
f 1714//1714 1716//1716 1121//1121
f 1714//1714 1121//1121 1120//1120
f 1714//1714 1120//1120 1163//1163
f 1716//1716 1713//1713 1712//1712
f 1716//1716 1712//1712 1717//1717
f 1716//1716 1717//1717 1718//1718
f 1716//1716 1718//1718 1719//1719
f 1716//1716 1719//1719 1118//1118
f 1716//1716 1118//1118 1121//1121
f 1719//1719 1718//1718 879//879
f 1719//1719 879//879 1219//1219
f 1719//1719 1219//1219 1119//1119
f 1719//1719 1119//1119 1118//1118
f 1718//1718 1717//1717 1688//1688
f 1718//1718 1688//1688 1687//1687
f 1718//1718 1687//1687 870//870
f 1718//1718 870//870 879//879
f 1717//1717 1712//1712 1690//1690
f 1717//1717 1690//1690 1688//1688
f 1715//1715 1720//1720 1721//1721
f 1715//1715 1721//1721 1085//1085
f 1715//1715 1085//1085 1084//1084
f 1715//1715 1084//1084 1711//1711
f 1715//1715 1163//1163 1162//1162
f 1715//1715 1162//1162 1720//1720
f 1721//1721 1359//1359 1015//1015
f 1721//1721 1015//1015 1722//1722
f 1721//1721 1722//1722 1086//1086
f 1721//1721 1086//1086 1085//1085
f 1721//1721 1720//1720 1360//1360
f 1721//1721 1360//1360 1359//1359
f 1722//1722 1015//1015 1014//1014
f 1722//1722 1014//1014 1031//1031
f 1722//1722 1031//1031 1030//1030
f 1722//1722 1030//1030 1086//1086
f 1720//1720 1162//1162 1165//1165
f 1720//1720 1165//1165 1360//1360
f 1712//1712 1709//1709 1708//1708
f 1712//1712 1708//1708 1690//1690
f 1708//1708 1040//1040 1039//1039
f 1708//1708 1039//1039 1693//1693
f 1708//1708 1693//1693 1691//1691
f 1708//1708 1691//1691 1690//1690
f 1705//1705 1035//1035 1034//1034
f 1705//1705 1034//1034 1723//1723
f 1705//1705 1723//1723 1703//1703
f 1705//1705 1703//1703 1702//1702
f 1705//1705 1081//1081 1037//1037
f 1705//1705 1037//1037 1035//1035
f 1723//1723 1034//1034 1017//1017
f 1723//1723 1017//1017 1019//1019
f 1723//1723 1019//1019 1361//1361
f 1723//1723 1361//1361 1703//1703
f 1703//1703 1361//1361 1346//1346
f 1703//1703 1346//1346 1351//1351
f 1694//1694 1693//1693 1039//1039
f 1694//1694 1039//1039 1044//1044
f 1658//1658 1194//1194 1193//1193
f 1658//1658 1193//1193 1655//1655
f 1398//1398 1397//1397 1724//1724
f 1398//1398 1724//1724 1725//1725
f 1398//1398 1725//1725 1726//1726
f 1398//1398 1726//1726 1394//1394
f 1726//1726 1725//1725 1319//1319
f 1726//1726 1319//1319 1318//1318
f 1726//1726 1318//1318 1322//1322
f 1726//1726 1322//1322 1727//1727
f 1726//1726 1727//1727 1385//1385
f 1726//1726 1385//1385 1394//1394
f 1727//1727 1322//1322 1357//1357
f 1727//1727 1357//1357 1728//1728
f 1727//1727 1728//1728 1386//1386
f 1727//1727 1386//1386 1385//1385
f 1728//1728 1729//1729 1116//1116
f 1728//1728 1116//1116 1386//1386
f 1728//1728 1357//1357 1356//1356
f 1728//1728 1356//1356 1729//1729
f 1729//1729 1167//1167 1117//1117
f 1729//1729 1117//1117 1116//1116
f 1729//1729 1356//1356 1730//1730
f 1729//1729 1730//1730 1167//1167
f 1730//1730 1731//1731 1166//1166
f 1730//1730 1166//1166 1167//1167
f 1730//1730 1356//1356 1355//1355
f 1730//1730 1355//1355 1732//1732
f 1730//1730 1732//1732 1733//1733
f 1730//1730 1733//1733 1731//1731
f 1733//1733 867//867 866//866
f 1733//1733 866//866 1731//1731
f 1733//1733 1732//1732 1189//1189
f 1733//1733 1189//1189 1734//1734
f 1733//1733 1734//1734 1735//1735
f 1733//1733 1735//1735 867//867
f 1735//1735 1736//1736 864//864
f 1735//1735 864//864 867//867
f 1735//1735 1734//1734 997//997
f 1735//1735 997//997 995//995
f 1735//1735 995//995 992//992
f 1735//1735 992//992 1736//1736
f 1736//1736 952//952 865//865
f 1736//1736 865//865 864//864
f 1736//1736 992//992 991//991
f 1736//1736 991//991 952//952
f 1734//1734 1189//1189 998//998
f 1734//1734 998//998 997//997
f 1732//1732 1355//1355 1187//1187
f 1732//1732 1187//1187 1189//1189
f 1731//1731 866//866 868//868
f 1731//1731 868//868 1166//1166
f 1725//1725 1724//1724 1737//1737
f 1725//1725 1737//1737 1319//1319
f 1737//1737 1197//1197 1738//1738
f 1737//1737 1738//1738 1739//1739
f 1737//1737 1739//1739 1314//1314
f 1737//1737 1314//1314 1319//1319
f 1737//1737 1724//1724 1191//1191
f 1737//1737 1191//1191 1197//1197
f 1739//1739 1738//1738 944//944
f 1739//1739 944//944 943//943
f 1739//1739 943//943 942//942
f 1739//1739 942//942 1314//1314
f 1738//1738 1740//1740 1741//1741
f 1738//1738 1741//1741 944//944
f 1738//1738 1197//1197 1196//1196
f 1738//1738 1196//1196 1740//1740
f 1741//1741 1742//1742 1743//1743
f 1741//1741 1743//1743 927//927
f 1741//1741 927//927 922//922
f 1741//1741 922//922 944//944
f 1741//1741 1740//1740 1744//1744
f 1741//1741 1744//1744 1742//1742
f 1744//1744 850//850 849//849
f 1744//1744 849//849 1742//1742
f 1744//1744 1740//1740 1196//1196
f 1744//1744 1196//1196 1198//1198
f 1744//1744 1198//1198 853//853
f 1744//1744 853//853 850//850
f 1743//1743 1745//1745 1746//1746
f 1743//1743 1746//1746 1747//1747
f 1743//1743 1747//1747 925//925
f 1743//1743 925//925 927//927
f 1743//1743 1742//1742 849//849
f 1743//1743 849//849 1745//1745
f 1747//1747 1746//1746 1748//1748
f 1747//1747 1748//1748 1749//1749
f 1747//1747 1749//1749 926//926
f 1747//1747 926//926 925//925
f 1749//1749 1748//1748 1750//1750
f 1749//1749 1750//1750 1139//1139
f 1749//1749 1139//1139 1138//1138
f 1749//1749 1138//1138 926//926
f 1750//1750 1751//1751 1008//1008
f 1750//1750 1008//1008 1007//1007
f 1750//1750 1007//1007 1006//1006
f 1750//1750 1006//1006 1139//1139
f 1750//1750 1748//1748 1752//1752
f 1750//1750 1752//1752 1751//1751
f 1752//1752 1300//1300 1299//1299
f 1752//1752 1299//1299 1751//1751
f 1752//1752 1748//1748 1746//1746
f 1752//1752 1746//1746 1753//1753
f 1752//1752 1753//1753 1301//1301
f 1752//1752 1301//1301 1300//1300
f 1753//1753 1746//1746 1745//1745
f 1753//1753 1745//1745 1754//1754
f 1753//1753 1754//1754 1755//1755
f 1753//1753 1755//1755 1301//1301
f 1755//1755 1756//1756 1296//1296
f 1755//1755 1296//1296 1301//1301
f 1755//1755 1754//1754 848//848
f 1755//1755 848//848 852//852
f 1755//1755 852//852 1757//1757
f 1755//1755 1757//1757 1756//1756
f 1757//1757 1758//1758 1759//1759
f 1757//1757 1759//1759 1756//1756
f 1757//1757 852//852 851//851
f 1757//1757 851//851 1760//1760
f 1757//1757 1760//1760 1761//1761
f 1757//1757 1761//1761 1758//1758
f 1761//1761 1762//1762 1263//1263
f 1761//1761 1263//1263 1758//1758
f 1761//1761 1760//1760 1270//1270
f 1761//1761 1270//1270 1763//1763
f 1761//1761 1763//1763 1764//1764
f 1761//1761 1764//1764 1762//1762
f 1764//1764 1765//1765 1766//1766
f 1764//1764 1766//1766 1762//1762
f 1764//1764 1763//1763 1767//1767
f 1764//1764 1767//1767 1768//1768
f 1764//1764 1768//1768 1769//1769
f 1764//1764 1769//1769 1765//1765
f 1769//1769 1770//1770 1771//1771
f 1769//1769 1771//1771 1765//1765
f 1769//1769 1768//1768 950//950
f 1769//1769 950//950 1772//1772
f 1769//1769 1772//1772 1773//1773
f 1769//1769 1773//1773 1770//1770
f 1773//1773 1354//1354 1353//1353
f 1773//1773 1353//1353 1770//1770
f 1773//1773 1772//1772 1774//1774
f 1773//1773 1774//1774 1775//1775
f 1773//1773 1775//1775 1776//1776
f 1773//1773 1776//1776 1354//1354
f 1776//1776 1186//1186 1188//1188
f 1776//1776 1188//1188 1354//1354
f 1776//1776 1775//1775 990//990
f 1776//1776 990//990 994//994
f 1776//1776 994//994 999//999
f 1776//1776 999//999 1186//1186
f 1775//1775 1774//1774 991//991
f 1775//1775 991//991 990//990
f 1774//1774 1772//1772 950//950
f 1774//1774 950//950 949//949
f 1774//1774 949//949 952//952
f 1774//1774 952//952 991//991
f 1771//1771 1320//1320 1317//1317
f 1771//1771 1317//1317 1777//1777
f 1771//1771 1777//1777 1766//1766
f 1771//1771 1766//1766 1765//1765
f 1771//1771 1770//1770 1353//1353
f 1771//1771 1353//1353 1320//1320
f 1777//1777 1317//1317 1316//1316
f 1777//1777 1316//1316 1265//1265
f 1777//1777 1265//1265 1264//1264
f 1777//1777 1264//1264 1766//1766
f 1768//1768 1767//1767 951//951
f 1768//1768 951//951 950//950
f 1767//1767 1763//1763 1270//1270
f 1767//1767 1270//1270 863//863
f 1767//1767 863//863 862//862
f 1767//1767 862//862 951//951
f 1766//1766 1264//1264 1263//1263
f 1766//1766 1263//1263 1762//1762
f 1760//1760 851//851 856//856
f 1760//1760 856//856 1270//1270
f 1759//1759 1262//1262 1266//1266
f 1759//1759 1266//1266 1297//1297
f 1759//1759 1297//1297 1296//1296
f 1759//1759 1296//1296 1756//1756
f 1759//1759 1758//1758 1263//1263
f 1759//1759 1263//1263 1262//1262
f 1754//1754 1745//1745 849//849
f 1754//1754 849//849 848//848
f 1751//1751 1299//1299 1011//1011
f 1751//1751 1011//1011 1008//1008
f 1724//1724 1397//1397 1192//1192
f 1724//1724 1192//1192 1191//1191
f 1393//1393 1389//1389 1048//1048
f 1393//1393 1048//1048 1047//1047
f 1389//1389 1388//1388 1049//1049
f 1389//1389 1049//1049 1048//1048
f 1388//1388 1114//1114 1778//1778
f 1388//1388 1778//1778 1049//1049
f 1388//1388 1387//1387 1115//1115
f 1388//1388 1115//1115 1114//1114
f 1778//1778 1329//1329 1328//1328
f 1778//1778 1328//1328 1779//1779
f 1778//1778 1779//1779 1050//1050
f 1778//1778 1050//1050 1049//1049
f 1778//1778 1114//1114 1113//1113
f 1778//1778 1113//1113 1329//1329
f 1779//1779 1328//1328 1330//1330
f 1779//1779 1330//1330 1225//1225
f 1779//1779 1225//1225 1051//1051
f 1779//1779 1051//1051 1050//1050
f 1387//1387 1386//1386 1116//1116
f 1387//1387 1116//1116 1115//1115
f 1368//1368 1367//1367 1780//1780
f 1368//1368 1780//1780 1781//1781
f 1368//1368 1781//1781 1103//1103
f 1368//1368 1103//1103 1102//1102
f 1781//1781 1780//1780 1782//1782
f 1781//1781 1782//1782 1783//1783
f 1781//1781 1783//1783 1784//1784
f 1781//1781 1784//1784 1103//1103
f 1784//1784 1785//1785 1100//1100
f 1784//1784 1100//1100 1103//1103
f 1784//1784 1783//1783 1154//1154
f 1784//1784 1154//1154 1151//1151
f 1784//1784 1151//1151 1150//1150
f 1784//1784 1150//1150 1785//1785
f 1785//1785 1144//1144 1101//1101
f 1785//1785 1101//1101 1100//1100
f 1785//1785 1150//1150 1147//1147
f 1785//1785 1147//1147 1144//1144
f 1783//1783 1782//1782 1786//1786
f 1783//1783 1786//1786 1154//1154
f 1786//1786 1782//1782 1787//1787
f 1786//1786 1787//1787 1788//1788
f 1786//1786 1788//1788 1789//1789
f 1786//1786 1789//1789 1790//1790
f 1786//1786 1790//1790 1152//1152
f 1786//1786 1152//1152 1154//1154
f 1790//1790 1789//1789 1791//1791
f 1790//1790 1791//1791 1792//1792
f 1790//1790 1792//1792 1153//1153
f 1790//1790 1153//1153 1152//1152
f 1792//1792 1791//1791 1793//1793
f 1792//1792 1793//1793 1794//1794
f 1792//1792 1794//1794 1200//1200
f 1792//1792 1200//1200 1153//1153
f 1794//1794 1793//1793 1307//1307
f 1794//1794 1307//1307 1146//1146
f 1794//1794 1146//1146 1145//1145
f 1794//1794 1145//1145 1200//1200
f 1793//1793 1791//1791 1795//1795
f 1793//1793 1795//1795 1796//1796
f 1793//1793 1796//1796 1308//1308
f 1793//1793 1308//1308 1307//1307
f 1796//1796 1795//1795 1129//1129
f 1796//1796 1129//1129 1126//1126
f 1796//1796 1126//1126 1125//1125
f 1796//1796 1125//1125 1308//1308
f 1795//1795 1791//1791 1789//1789
f 1795//1795 1789//1789 1157//1157
f 1795//1795 1157//1157 1156//1156
f 1795//1795 1156//1156 1129//1129
f 1789//1789 1788//1788 1158//1158
f 1789//1789 1158//1158 1157//1157
f 1788//1788 1787//1787 1161//1161
f 1788//1788 1161//1161 1158//1158
f 1787//1787 1782//1782 1780//1780
f 1787//1787 1780//1780 1797//1797
f 1787//1787 1797//1797 1798//1798
f 1787//1787 1798//1798 1161//1161
f 1798//1798 1797//1797 1799//1799
f 1798//1798 1799//1799 1800//1800
f 1798//1798 1800//1800 1801//1801
f 1798//1798 1801//1801 1802//1802
f 1798//1798 1802//1802 1159//1159
f 1798//1798 1159//1159 1161//1161
f 1802//1802 1801//1801 1803//1803
f 1802//1802 1803//1803 1804//1804
f 1802//1802 1804//1804 1160//1160
f 1802//1802 1160//1160 1159//1159
f 1804//1804 1803//1803 1805//1805
f 1804//1804 1805//1805 1128//1128
f 1804//1804 1128//1128 1127//1127
f 1804//1804 1127//1127 1160//1160
f 1805//1805 1803//1803 1277//1277
f 1805//1805 1277//1277 1275//1275
f 1805//1805 1275//1275 1271//1271
f 1805//1805 1271//1271 1806//1806
f 1805//1805 1806//1806 1124//1124
f 1805//1805 1124//1124 1128//1128
f 1806//1806 1271//1271 1274//1274
f 1806//1806 1274//1274 1807//1807
f 1806//1806 1807//1807 1125//1125
f 1806//1806 1125//1125 1124//1124
f 1807//1807 1274//1274 1306//1306
f 1807//1807 1306//1306 1305//1305
f 1807//1807 1305//1305 1308//1308
f 1807//1807 1308//1308 1125//1125
f 1803//1803 1801//1801 1281//1281
f 1803//1803 1281//1281 1277//1277
f 1801//1801 1800//1800 1808//1808
f 1801//1801 1808//1808 1281//1281
f 1808//1808 1809//1809 1286//1286
f 1808//1808 1286//1286 1810//1810
f 1808//1808 1810//1810 1282//1282
f 1808//1808 1282//1282 1281//1281
f 1808//1808 1800//1800 1799//1799
f 1808//1808 1799//1799 1809//1809
f 1810//1810 1286//1286 1285//1285
f 1810//1810 1285//1285 1811//1811
f 1810//1810 1811//1811 1283//1283
f 1810//1810 1283//1283 1282//1282
f 1811//1811 1285//1285 1066//1066
f 1811//1811 1066//1066 1065//1065
f 1811//1811 1065//1065 1070//1070
f 1811//1811 1070//1070 1283//1283
f 1809//1809 1366//1366 1287//1287
f 1809//1809 1287//1287 1286//1286
f 1809//1809 1799//1799 1367//1367
f 1809//1809 1367//1367 1366//1366
f 1799//1799 1797//1797 1780//1780
f 1799//1799 1780//1780 1367//1367
f 1364//1364 1363//1363 1232//1232
f 1364//1364 1232//1232 1236//1236
f 1363//1363 1104//1104 1096//1096
f 1363//1363 1096//1096 1095//1095
f 1363//1363 1095//1095 1237//1237
f 1363//1363 1237//1237 1232//1232
f 1360//1360 1165//1165 935//935
f 1360//1360 935//935 934//934
f 1348//1348 1347//1347 933//933
f 1348//1348 933//933 932//932
f 1340//1340 1339//1339 1245//1245
f 1340//1340 1245//1245 1244//1244
f 1330//1330 1220//1220 1111//1111
f 1330//1330 1111//1111 1108//1108
f 1330//1330 1108//1108 1107//1107
f 1330//1330 1107//1107 1225//1225
f 1329//1329 1113//1113 1119//1119
f 1329//1329 1119//1119 1218//1218
f 1302//1302 1254//1254 1258//1258
f 1302//1302 1258//1258 1298//1298
f 1302//1302 1295//1295 1812//1812
f 1302//1302 1812//1812 1813//1813
f 1302//1302 1813//1813 1255//1255
f 1302//1302 1255//1255 1254//1254
f 1813//1813 1812//1812 1814//1814
f 1813//1813 1814//1814 1815//1815
f 1813//1813 1815//1815 1260//1260
f 1813//1813 1260//1260 1255//1255
f 1815//1815 1814//1814 903//903
f 1815//1815 903//903 909//909
f 1815//1815 909//909 1002//1002
f 1815//1815 1002//1002 1260//1260
f 1814//1814 1812//1812 976//976
f 1814//1814 976//976 1816//1816
f 1814//1814 1816//1816 904//904
f 1814//1814 904//904 903//903
f 1816//1816 976//976 975//975
f 1816//1816 975//975 1817//1817
f 1816//1816 1817//1817 1818//1818
f 1816//1816 1818//1818 904//904
f 1818//1818 1817//1817 1819//1819
f 1818//1818 1819//1819 1820//1820
f 1818//1818 1820//1820 1821//1821
f 1818//1818 1821//1821 1175//1175
f 1818//1818 1175//1175 905//905
f 1818//1818 905//905 904//904
f 1821//1821 1820//1820 955//955
f 1821//1821 955//955 954//954
f 1821//1821 954//954 959//959
f 1821//1821 959//959 1822//1822
f 1821//1821 1822//1822 1176//1176
f 1821//1821 1176//1176 1175//1175
f 1822//1822 959//959 1823//1823
f 1822//1822 1823//1823 1824//1824
f 1822//1822 1824//1824 1181//1181
f 1822//1822 1181//1181 1176//1176
f 1824//1824 1823//1823 1174//1174
f 1824//1824 1174//1174 1825//1825
f 1824//1824 1825//1825 1826//1826
f 1824//1824 1826//1826 1181//1181
f 1826//1826 1827//1827 1179//1179
f 1826//1826 1179//1179 1181//1181
f 1826//1826 1825//1825 1828//1828
f 1826//1826 1828//1828 969//969
f 1826//1826 969//969 968//968
f 1826//1826 968//968 1827//1827
f 1828//1828 1825//1825 1174//1174
f 1828//1828 1174//1174 964//964
f 1828//1828 964//964 963//963
f 1828//1828 963//963 1829//1829
f 1828//1828 1829//1829 970//970
f 1828//1828 970//970 969//969
f 1829//1829 963//963 962//962
f 1829//1829 962//962 1830//1830
f 1829//1829 1830//1830 977//977
f 1829//1829 977//977 970//970
f 1830//1830 962//962 1184//1184
f 1830//1830 1184//1184 1831//1831
f 1830//1830 1831//1831 1819//1819
f 1830//1830 1819//1819 977//977
f 1831//1831 1184//1184 956//956
f 1831//1831 956//956 955//955
f 1831//1831 955//955 1820//1820
f 1831//1831 1820//1820 1819//1819
f 1827//1827 1832//1832 1180//1180
f 1827//1827 1180//1180 1179//1179
f 1827//1827 968//968 972//972
f 1827//1827 972//972 1832//1832
f 1832//1832 981//981 980//980
f 1832//1832 980//980 1180//1180
f 1832//1832 972//972 984//984
f 1832//1832 984//984 981//981
f 1823//1823 959//959 958//958
f 1823//1823 958//958 1183//1183
f 1823//1823 1183//1183 966//966
f 1823//1823 966//966 1174//1174
f 1819//1819 1817//1817 975//975
f 1819//1819 975//975 977//977
f 1812//1812 1295//1295 973//973
f 1812//1812 973//973 976//976
f 1299//1299 1298//1298 1258//1258
f 1299//1299 1258//1258 1011//1011
f 1297//1297 1266//1266 971//971
f 1297//1297 971//971 974//974
f 1290//1290 1063//1063 1067//1067
f 1290//1290 1067//1067 1066//1066
f 1290//1290 1066//1066 1285//1285
f 1290//1290 1285//1285 1284//1284
f 1290//1290 1289//1289 1060//1060
f 1290//1290 1060//1060 1063//1063
f 1266//1266 984//984 972//972
f 1266//1266 972//972 971//971
f 1260//1260 1002//1002 1001//1001
f 1260//1260 1001//1001 1259//1259
f 1259//1259 1001//1001 1010//1010
f 1259//1259 1010//1010 1257//1257
f 1258//1258 1257//1257 1010//1010
f 1258//1258 1010//1010 1011//1011
f 1222//1222 1219//1219 879//879
f 1222//1222 879//879 878//878
f 1215//1215 1214//1214 1203//1203
f 1215//1215 1203//1203 1202//1202
f 1198//1198 1027//1027 1026//1026
f 1198//1198 1026//1026 853//853
f 1184//1184 962//962 961//961
f 1184//1184 961//961 1182//1182
f 1183//1183 1182//1182 961//961
f 1183//1183 961//961 966//966
f 1173//1173 1140//1140 1005//1005
f 1173//1173 1005//1005 1004//1004
f 1173//1173 1004//1004 901//901
f 1173//1173 901//901 1171//1171
f 1173//1173 1170//1170 1141//1141
f 1173//1173 1141//1141 1140//1140
f 1172//1172 1171//1171 901//901
f 1172//1172 901//901 900//900
f 1170//1170 924//924 923//923
f 1170//1170 923//923 1141//1141
f 1165//1165 1164//1164 938//938
f 1165//1165 938//938 935//935
f 1164//1164 868//868 861//861
f 1164//1164 861//861 938//938
f 1160//1160 1127//1127 1129//1129
f 1160//1160 1129//1129 1156//1156
f 1141//1141 923//923 926//926
f 1141//1141 926//926 1138//1138
f 1069//1069 1068//1068 894//894
f 1069//1069 894//894 893//893
f 1068//1068 1067//1067 1063//1063
f 1068//1068 1063//1063 1062//1062
f 1068//1068 1062//1062 897//897
f 1068//1068 897//897 894//894
f 1034//1034 1032//1032 1018//1018
f 1034//1034 1018//1018 1017//1017
f 1026//1026 1025//1025 854//854
f 1026//1026 854//854 853//853
f 1025//1025 1012//1012 857//857
f 1025//1025 857//857 854//854
f 1025//1025 1024//1024 937//937
f 1025//1025 937//937 1012//1012
f 1012//1012 940//940 929//929
f 1012//1012 929//929 857//857
f 1004//1004 1003//1003 902//902
f 1004//1004 902//902 901//901
f 1003//1003 1002//1002 909//909
f 1003//1003 909//909 902//902
f 940//940 939//939 860//860
f 940//940 860//860 929//929
f 939//939 938//938 861//861
f 939//939 861//861 860//860
f 1833//1833 1834//1834 1835//1835
f 1833//1833 1835//1835 1836//1836
f 1833//1833 1837//1837 1838//1838
f 1833//1833 1838//1838 1834//1834
f 1833//1833 1836//1836 1839//1839
f 1833//1833 1839//1839 1837//1837
f 1840//1840 1841//1841 1842//1842
f 1840//1840 1842//1842 1843//1843
f 1840//1840 1844//1844 1845//1845
f 1840//1840 1845//1845 1841//1841
f 1840//1840 1846//1846 1847//1847
f 1840//1840 1847//1847 1844//1844
f 1848//1848 1843//1843 1849//1849
f 1848//1848 1849//1849 1850//1850
f 1848//1848 1850//1850 1851//1851
f 1848//1848 1851//1851 1852//1852
f 1848//1848 1852//1852 1840//1840
f 1848//1848 1840//1840 1843//1843
f 1853//1853 1854//1854 1855//1855
f 1853//1853 1855//1855 1856//1856
f 1853//1853 1856//1856 1857//1857
f 1853//1853 1857//1857 1858//1858
f 1853//1853 1858//1858 1859//1859
f 1853//1853 1859//1859 1860//1860
f 1861//1861 1862//1862 1839//1839
f 1861//1861 1839//1839 1863//1863
f 1861//1861 1864//1864 1865//1865
f 1861//1861 1865//1865 1862//1862
f 1861//1861 1863//1863 1866//1866
f 1861//1861 1866//1866 1864//1864
f 1867//1867 1868//1868 1869//1869
f 1867//1867 1869//1869 1870//1870
f 1867//1867 1857//1857 1856//1856
f 1867//1867 1856//1856 1868//1868
f 1867//1867 1870//1870 1871//1871
f 1867//1867 1871//1871 1857//1857
f 1872//1872 1873//1873 1874//1874
f 1872//1872 1874//1874 1875//1875
f 1874//1874 1876//1876 1877//1877
f 1874//1874 1877//1877 1878//1878
f 1879//1879 1880//1880 1881//1881
f 1879//1879 1881//1881 1882//1882
f 1879//1879 1882//1882 1883//1883
f 1879//1879 1883//1883 1884//1884
f 1879//1879 1884//1884 1885//1885
f 1879//1879 1885//1885 1886//1886
f 1887//1887 1888//1888 1889//1889
f 1887//1887 1889//1889 1890//1890
f 1887//1887 1890//1890 1891//1891
f 1887//1887 1891//1891 1892//1892
f 1887//1887 1892//1892 1893//1893
f 1887//1887 1893//1893 1888//1888
f 1894//1894 1895//1895 1896//1896
f 1894//1894 1896//1896 1897//1897
f 1894//1894 1897//1897 1898//1898
f 1894//1894 1898//1898 1899//1899
f 1900//1900 1870//1870 1869//1869
f 1900//1900 1869//1869 1901//1901
f 1902//1902 1871//1871 1870//1870
f 1902//1902 1870//1870 1900//1900
f 1900//1900 1901//1901 1903//1903
f 1900//1900 1903//1903 1902//1902
f 1904//1904 1905//1905 1847//1847
f 1904//1904 1847//1847 1906//1906
f 1904//1904 1906//1906 1907//1907
f 1904//1904 1907//1907 1908//1908
f 1858//1858 1909//1909 1910//1910
f 1858//1858 1910//1910 1911//1911
f 1858//1858 1911//1911 1912//1912
f 1858//1858 1912//1912 1859//1859
f 1898//1898 1913//1913 1914//1914
f 1898//1898 1914//1914 1915//1915
f 1898//1898 1915//1915 1916//1916
f 1898//1898 1916//1916 1899//1899
f 1902//1902 1903//1903 1917//1917
f 1902//1902 1917//1917 1918//1918
f 1919//1919 1903//1903 1901//1901
f 1919//1919 1901//1901 1920//1920
f 1921//1921 1917//1917 1903//1903
f 1921//1921 1903//1903 1919//1919
f 1919//1919 1920//1920 1908//1908
f 1919//1919 1908//1908 1921//1921
f 1899//1899 1922//1922 1923//1923
f 1899//1899 1923//1923 1924//1924
f 1899//1899 1916//1916 1925//1925
f 1899//1899 1925//1925 1922//1922
f 1921//1921 1926//1926 1927//1927
f 1921//1921 1927//1927 1928//1928
f 1921//1921 1928//1928 1929//1929
f 1921//1921 1929//1929 1917//1917
f 1930//1930 1931//1931 1932//1932
f 1930//1930 1932//1932 1933//1933
f 1930//1930 1934//1934 1935//1935
f 1930//1930 1935//1935 1931//1931
f 1930//1930 1936//1936 1937//1937
f 1930//1930 1937//1937 1938//1938
f 1930//1930 1938//1938 1939//1939
f 1930//1930 1939//1939 1934//1934
f 1940//1940 1941//1941 1942//1942
f 1940//1940 1942//1942 1943//1943
f 1940//1940 1944//1944 1945//1945
f 1940//1940 1945//1945 1941//1941
f 1946//1946 1947//1947 1948//1948
f 1946//1946 1948//1948 1949//1949
f 1950//1950 1951//1951 1952//1952
f 1950//1950 1952//1952 1953//1953
f 1950//1950 1954//1954 1955//1955
f 1950//1950 1955//1955 1951//1951
f 1950//1950 1953//1953 1956//1956
f 1950//1950 1956//1956 1957//1957
f 1958//1958 1959//1959 1960//1960
f 1958//1958 1960//1960 1961//1961
f 1958//1958 1962//1962 1945//1945
f 1958//1958 1945//1945 1963//1963
f 1958//1958 1961//1961 1964//1964
f 1958//1958 1964//1964 1962//1962
f 1951//1951 1965//1965 1966//1966
f 1951//1951 1966//1966 1967//1967
f 1951//1951 1967//1967 1968//1968
f 1951//1951 1968//1968 1952//1952
f 1969//1969 1970//1970 1971//1971
f 1969//1969 1971//1971 1972//1972
f 1973//1973 1974//1974 1970//1970
f 1973//1973 1970//1970 1969//1969
f 1969//1969 1972//1972 1975//1975
f 1969//1969 1975//1975 1973//1973
f 1961//1961 1960//1960 1976//1976
f 1961//1961 1976//1976 1977//1977
f 1961//1961 1977//1977 1978//1978
f 1961//1961 1978//1978 1979//1979
f 1961//1961 1979//1979 1980//1980
f 1961//1961 1980//1980 1964//1964
f 1981//1981 1982//1982 1983//1983
f 1981//1981 1983//1983 1984//1984
f 1981//1981 1984//1984 1985//1985
f 1981//1981 1985//1985 1986//1986
f 1981//1981 1987//1987 1988//1988
f 1981//1981 1988//1988 1982//1982
f 1989//1989 1990//1990 1971//1971
f 1989//1989 1971//1971 1970//1970
f 1989//1989 1970//1970 1974//1974
f 1989//1989 1974//1974 1991//1991
f 1989//1989 1991//1991 1992//1992
f 1989//1989 1992//1992 1993//1993
f 1994//1994 1995//1995 1996//1996
f 1994//1994 1996//1996 1997//1997
f 1994//1994 1998//1998 1999//1999
f 1994//1994 1999//1999 1995//1995
f 1994//1994 2000//2000 2001//2001
f 1994//1994 2001//2001 1998//1998
f 2002//2002 2003//2003 2004//2004
f 2002//2002 2004//2004 2005//2005
f 2002//2002 2006//2006 1925//1925
f 2002//2002 1925//1925 2003//2003
f 2002//2002 2007//2007 2008//2008
f 2002//2002 2008//2008 2006//2006
f 2009//2009 1997//1997 2010//2010
f 2009//2009 2010//2010 2011//2011
f 2009//2009 2011//2011 2012//2012
f 2009//2009 2012//2012 2013//2013
f 2009//2009 2013//2013 2014//2014
f 2009//2009 2014//2014 2000//2000
f 2015//2015 2016//2016 2017//2017
f 2015//2015 2017//2017 2018//2018
f 2015//2015 2019//2019 2020//2020
f 2015//2015 2020//2020 2016//2016
f 2015//2015 2018//2018 2021//2021
f 2015//2015 2021//2021 2019//2019
f 2004//2004 2022//2022 2023//2023
f 2004//2004 2023//2023 2024//2024
f 2004//2004 2003//2003 2025//2025
f 2004//2004 2025//2025 2022//2022
f 2004//2004 2024//2024 2026//2026
f 2004//2004 2026//2026 2027//2027
f 2004//2004 2027//2027 2028//2028
f 2004//2004 2028//2028 2005//2005
f 2029//2029 2030//2030 2031//2031
f 2029//2029 2031//2031 2032//2032
f 2029//2029 2033//2033 2034//2034
f 2029//2029 2034//2034 2030//2030
f 2029//2029 2032//2032 2035//2035
f 2029//2029 2035//2035 2033//2033
f 2036//2036 2037//2037 2038//2038
f 2036//2036 2038//2038 2039//2039
f 2036//2036 2039//2039 1987//1987
f 2036//2036 1987//1987 1981//1981
f 2036//2036 1981//1981 1986//1986
f 2036//2036 1986//1986 2040//2040
f 2036//2036 2040//2040 2041//2041
f 2036//2036 2041//2041 2042//2042
f 2036//2036 2042//2042 2043//2043
f 2036//2036 2043//2043 2037//2037
f 2044//2044 2045//2045 2046//2046
f 2044//2044 2046//2046 2047//2047
f 2044//2044 2048//2048 2049//2049
f 2044//2044 2049//2049 2050//2050
f 2044//2044 2047//2047 2051//2051
f 2044//2044 2051//2051 2048//2048
f 2052//2052 2053//2053 2054//2054
f 2052//2052 2054//2054 2055//2055
f 2052//2052 2056//2056 2057//2057
f 2052//2052 2057//2057 2058//2058
f 2052//2052 2055//2055 2059//2059
f 2052//2052 2059//2059 2056//2056
f 2060//2060 2061//2061 2023//2023
f 2060//2060 2023//2023 1993//1993
f 2060//2060 2062//2062 2063//2063
f 2060//2060 2063//2063 2061//2061
f 2060//2060 1993//1993 1992//1992
f 2060//2060 1992//1992 2062//2062
f 2064//2064 2065//2065 2066//2066
f 2064//2064 2066//2066 2067//2067
f 2064//2064 2068//2068 2069//2069
f 2064//2064 2069//2069 2065//2065
f 2064//2064 2067//2067 2001//2001
f 2064//2064 2001//2001 2068//2068
f 2070//2070 2071//2071 2000//2000
f 2070//2070 2000//2000 2014//2014
f 2070//2070 2072//2072 2073//2073
f 2070//2070 2073//2073 2071//2071
f 2070//2070 2014//2014 2074//2074
f 2070//2070 2074//2074 2075//2075
f 2076//2076 2043//2043 2042//2042
f 2076//2076 2042//2042 2077//2077
f 2076//2076 2078//2078 2079//2079
f 2076//2076 2079//2079 2080//2080
f 2076//2076 2077//2077 2081//2081
f 2076//2076 2081//2081 2078//2078
f 2026//2026 2024//2024 2082//2082
f 2026//2026 2082//2082 2083//2083
f 2026//2026 2083//2083 2084//2084
f 2026//2026 2084//2084 2027//2027
f 2085//2085 2086//2086 2087//2087
f 2085//2085 2087//2087 2088//2088
f 2085//2085 2088//2088 2089//2089
f 2085//2085 2089//2089 2090//2090
f 2085//2085 2090//2090 2091//2091
f 2085//2085 2091//2091 2086//2086
f 2028//2028 2092//2092 2093//2093
f 2028//2028 2093//2093 2005//2005
f 2028//2028 2094//2094 2095//2095
f 2028//2028 2095//2095 2092//2092
f 2096//2096 2097//2097 2098//2098
f 2096//2096 2098//2098 2099//2099
f 2096//2096 2099//2099 2100//2100
f 2096//2096 2100//2100 2101//2101
f 2096//2096 2101//2101 2102//2102
f 2096//2096 2102//2102 2097//2097
f 2103//2103 2104//2104 2105//2105
f 2103//2103 2105//2105 2106//2106
f 2103//2103 2035//2035 2032//2032
f 2103//2103 2032//2032 2104//2104
f 2103//2103 2106//2106 2107//2107
f 2103//2103 2107//2107 2035//2035
f 2108//2108 2109//2109 1976//1976
f 2108//2108 1976//1976 2081//2081
f 2108//2108 2081//2081 2077//2077
f 2108//2108 2077//2077 2110//2110
f 2108//2108 2110//2110 2111//2111
f 2108//2108 2111//2111 2109//2109
f 2112//2112 2113//2113 2070//2070
f 2112//2112 2070//2070 2075//2075
f 2112//2112 2075//2075 2114//2114
f 2112//2112 2114//2114 2115//2115
f 2112//2112 2115//2115 2116//2116
f 2112//2112 2116//2116 2113//2113
f 2117//2117 2118//2118 2119//2119
f 2117//2117 2119//2119 2120//2120
f 2117//2117 2121//2121 2122//2122
f 2117//2117 2122//2122 2123//2123
f 2117//2117 2120//2120 2124//2124
f 2117//2117 2124//2124 2121//2121
f 2125//2125 2100//2100 2107//2107
f 2125//2125 2107//2107 2106//2106
f 2125//2125 2106//2106 2105//2105
f 2125//2125 2105//2105 2126//2126
f 2125//2125 2126//2126 2101//2101
f 2125//2125 2101//2101 2100//2100
f 2116//2116 2127//2127 2128//2128
f 2116//2116 2128//2128 2113//2113
f 2116//2116 2115//2115 2129//2129
f 2116//2116 2129//2129 2127//2127
f 2088//2088 2087//2087 2130//2130
f 2088//2088 2130//2130 2089//2089
f 2131//2131 2095//2095 2094//2094
f 2131//2131 2094//2094 2132//2132
f 2131//2131 2133//2133 2134//2134
f 2131//2131 2134//2134 2095//2095
f 2131//2131 2132//2132 2135//2135
f 2131//2131 2135//2135 2133//2133
f 2136//2136 2137//2137 2138//2138
f 2136//2136 2138//2138 2139//2139
f 2136//2136 2140//2140 2141//2141
f 2136//2136 2141//2141 2137//2137
f 2136//2136 2139//2139 2142//2142
f 2136//2136 2142//2142 2140//2140
f 2073//2073 2069//2069 2068//2068
f 2073//2073 2068//2068 2071//2071
f 2073//2073 2143//2143 2144//2144
f 2073//2073 2144//2144 2069//2069
f 2073//2073 2145//2145 2146//2146
f 2073//2073 2146//2146 2143//2143
f 2073//2073 2072//2072 2147//2147
f 2073//2073 2147//2147 2145//2145
f 2148//2148 2149//2149 2094//2094
f 2148//2148 2094//2094 2028//2028
f 2150//2150 2151//2151 2149//2149
f 2150//2150 2149//2149 2148//2148
f 2148//2148 2028//2028 2152//2152
f 2148//2148 2152//2152 2150//2150
f 2134//2134 2153//2153 2092//2092
f 2134//2134 2092//2092 2095//2095
f 2134//2134 2133//2133 2154//2154
f 2134//2134 2154//2154 2153//2153
f 2155//2155 2156//2156 2157//2157
f 2155//2155 2157//2157 2158//2158
f 2155//2155 2159//2159 2160//2160
f 2155//2155 2160//2160 2156//2156
f 2155//2155 2158//2158 2161//2161
f 2155//2155 2161//2161 2159//2159
f 2150//2150 2142//2142 2139//2139
f 2150//2150 2139//2139 2162//2162
f 2150//2150 2163//2163 2164//2164
f 2150//2150 2164//2164 2142//2142
f 2150//2150 2152//2152 2165//2165
f 2150//2150 2165//2165 2163//2163
f 2166//2166 2167//2167 2168//2168
f 2166//2166 2168//2168 2169//2169
f 2166//2166 2145//2145 2147//2147
f 2166//2166 2147//2147 2167//2167
f 2158//2158 2157//2157 2170//2170
f 2158//2158 2170//2170 2161//2161
f 2171//2171 2172//2172 2173//2173
f 2171//2171 2173//2173 2174//2174
f 2171//2171 2083//2083 2082//2082
f 2171//2171 2082//2082 2172//2172
f 2171//2171 2174//2174 2084//2084
f 2171//2171 2084//2084 2083//2083
f 2164//2164 2175//2175 2176//2176
f 2164//2164 2176//2176 2177//2177
f 2164//2164 2177//2177 2140//2140
f 2164//2164 2140//2140 2142//2142
f 2135//2135 2132//2132 2178//2178
f 2135//2135 2178//2178 2179//2179
f 2135//2135 2179//2179 2180//2180
f 2135//2135 2180//2180 2133//2133
f 2181//2181 2182//2182 2183//2183
f 2181//2181 2183//2183 2184//2184
f 2181//2181 2184//2184 2185//2185
f 2181//2181 2185//2185 2186//2186
f 2181//2181 2186//2186 2187//2187
f 2181//2181 2187//2187 2188//2188
f 2133//2133 2180//2180 2189//2189
f 2133//2133 2189//2189 2154//2154
f 2190//2190 2191//2191 2179//2179
f 2190//2190 2179//2179 2178//2178
f 2192//2192 2193//2193 2191//2191
f 2192//2192 2191//2191 2190//2190
f 2190//2190 2178//2178 2194//2194
f 2190//2190 2194//2194 2192//2192
f 2195//2195 2196//2196 2197//2197
f 2195//2195 2197//2197 2198//2198
f 2195//2195 2199//2199 2057//2057
f 2195//2195 2057//2057 2056//2056
f 2195//2195 2056//2056 2059//2059
f 2195//2195 2059//2059 2196//2196
f 2154//2154 2200//2200 2201//2201
f 2154//2154 2201//2201 2153//2153
f 2186//2186 2185//2185 2202//2202
f 2186//2186 2202//2202 2187//2187
f 2203//2203 2204//2204 2205//2205
f 2203//2203 2205//2205 2144//2144
f 2203//2203 2144//2144 2143//2143
f 2203//2203 2143//2143 2206//2206
f 2203//2203 2206//2206 2207//2207
f 2203//2203 2207//2207 2204//2204
f 2208//2208 2209//2209 2210//2210
f 2208//2208 2210//2210 2211//2211
f 2212//2212 2213//2213 2209//2209
f 2212//2212 2209//2209 2208//2208
f 2208//2208 2211//2211 2214//2214
f 2208//2208 2214//2214 2212//2212
f 2118//2118 2215//2215 2216//2216
f 2118//2118 2216//2216 2217//2217
f 2118//2118 2217//2217 2218//2218
f 2118//2118 2218//2218 2219//2219
f 2118//2118 2219//2219 2220//2220
f 2118//2118 2220//2220 2119//2119
f 2118//2118 2117//2117 2221//2221
f 2118//2118 2221//2221 2215//2215
f 2222//2222 2223//2223 2224//2224
f 2222//2222 2224//2224 2197//2197
f 2222//2222 2188//2188 2187//2187
f 2222//2222 2187//2187 2223//2223
f 2222//2222 2197//2197 2196//2196
f 2222//2222 2196//2196 2188//2188
f 2225//2225 2226//2226 2227//2227
f 2225//2225 2227//2227 2228//2228
f 2229//2229 2230//2230 2226//2226
f 2229//2229 2226//2226 2225//2225
f 2225//2225 2228//2228 2114//2114
f 2225//2225 2114//2114 2229//2229
f 2231//2231 2232//2232 2233//2233
f 2231//2231 2233//2233 2234//2234
f 2231//2231 2234//2234 2235//2235
f 2231//2231 2235//2235 2236//2236
f 2231//2231 2237//2237 2238//2238
f 2231//2231 2238//2238 2232//2232
f 2231//2231 2239//2239 2240//2240
f 2231//2231 2240//2240 2237//2237
f 2231//2231 2236//2236 2241//2241
f 2231//2231 2241//2241 2239//2239
f 2242//2242 2175//2175 2164//2164
f 2242//2242 2164//2164 2243//2243
f 2242//2242 2244//2244 2245//2245
f 2242//2242 2245//2245 2175//2175
f 2242//2242 2243//2243 2246//2246
f 2242//2242 2246//2246 2244//2244
f 2220//2220 2219//2219 2247//2247
f 2220//2220 2247//2247 2248//2248
f 2220//2220 2248//2248 2249//2249
f 2220//2220 2249//2249 2119//2119
f 2250//2250 2224//2224 2223//2223
f 2250//2250 2223//2223 2251//2251
f 2250//2250 2252//2252 2253//2253
f 2250//2250 2253//2253 2224//2224
f 2254//2254 2233//2233 2255//2255
f 2254//2254 2255//2255 2256//2256
f 2254//2254 2256//2256 2257//2257
f 2254//2254 2257//2257 2258//2258
f 2254//2254 2258//2258 2234//2234
f 2254//2254 2234//2234 2233//2233
f 2259//2259 2260//2260 2261//2261
f 2259//2259 2261//2261 2262//2262
f 2259//2259 2262//2262 2263//2263
f 2259//2259 2263//2263 2264//2264
f 2259//2259 2264//2264 2265//2265
f 2259//2259 2265//2265 2260//2260
f 2266//2266 2267//2267 2264//2264
f 2266//2266 2264//2264 2263//2263
f 2266//2266 2268//2268 2269//2269
f 2266//2266 2269//2269 2267//2267
f 2266//2266 2263//2263 2270//2270
f 2266//2266 2270//2270 2268//2268
f 2271//2271 2272//2272 2246//2246
f 2271//2271 2246//2246 2243//2243
f 2271//2271 2163//2163 2165//2165
f 2271//2271 2165//2165 2272//2272
f 2271//2271 2243//2243 2164//2164
f 2271//2271 2164//2164 2163//2163
f 2273//2273 2207//2207 2206//2206
f 2273//2273 2206//2206 2274//2274
f 2236//2236 2235//2235 2275//2275
f 2236//2236 2275//2275 2241//2241
f 2256//2256 2255//2255 2276//2276
f 2256//2256 2276//2276 2257//2257
f 2277//2277 2278//2278 2279//2279
f 2277//2277 2279//2279 2280//2280
f 2277//2277 2280//2280 2281//2281
f 2277//2277 2281//2281 2282//2282
f 2277//2277 2282//2282 2283//2283
f 2277//2277 2283//2283 2278//2278
f 2275//2275 2235//2235 2284//2284
f 2275//2275 2284//2284 2285//2285
f 2275//2275 2285//2285 2286//2286
f 2275//2275 2286//2286 2241//2241
f 2257//2257 2287//2287 2284//2284
f 2257//2257 2284//2284 2258//2258
f 2257//2257 2288//2288 2289//2289
f 2257//2257 2289//2289 2287//2287
f 2257//2257 2276//2276 2290//2290
f 2257//2257 2290//2290 2288//2288
f 2226//2226 2230//2230 2291//2291
f 2226//2226 2291//2291 2292//2292
f 2226//2226 2292//2292 2293//2293
f 2226//2226 2293//2293 2294//2294
f 2295//2295 2292//2292 2291//2291
f 2295//2295 2291//2291 2296//2296
f 2295//2295 2297//2297 2298//2298
f 2295//2295 2298//2298 2299//2299
f 2295//2295 2299//2299 2293//2293
f 2295//2295 2293//2293 2292//2292
f 2300//2300 2297//2297 2189//2189
f 2300//2300 2189//2189 2301//2301
f 2300//2300 2301//2301 2302//2302
f 2300//2300 2302//2302 2303//2303
f 2300//2300 2303//2303 2298//2298
f 2300//2300 2298//2298 2297//2297
f 2304//2304 2305//2305 2306//2306
f 2304//2304 2306//2306 2307//2307
f 2304//2304 2307//2307 2308//2308
f 2304//2304 2308//2308 2309//2309
f 2304//2304 2309//2309 2310//2310
f 2304//2304 2310//2310 2311//2311
f 2304//2304 2312//2312 2313//2313
f 2304//2304 2313//2313 2305//2305
f 2304//2304 2311//2311 2314//2314
f 2304//2304 2314//2314 2312//2312
f 2315//2315 2316//2316 2317//2317
f 2315//2315 2317//2317 2318//2318
f 2315//2315 2319//2319 2320//2320
f 2315//2315 2320//2320 2316//2316
f 2315//2315 2318//2318 2321//2321
f 2315//2315 2321//2321 2319//2319
f 2311//2311 2310//2310 2322//2322
f 2311//2311 2322//2322 2314//2314
f 2323//2323 2324//2324 2218//2218
f 2323//2323 2218//2218 2325//2325
f 2323//2323 2325//2325 2326//2326
f 2323//2323 2326//2326 2327//2327
f 2323//2323 2327//2327 2328//2328
f 2323//2323 2328//2328 2329//2329
f 2323//2323 2329//2329 2330//2330
f 2323//2323 2330//2330 2331//2331
f 2323//2323 2331//2331 2332//2332
f 2323//2323 2332//2332 2324//2324
f 2329//2329 2328//2328 2333//2333
f 2329//2329 2333//2333 2334//2334
f 2329//2329 2334//2334 2335//2335
f 2329//2329 2335//2335 2336//2336
f 2329//2329 2336//2336 2337//2337
f 2329//2329 2337//2337 2330//2330
f 2338//2338 2339//2339 2340//2340
f 2338//2338 2340//2340 2341//2341
f 2342//2342 2343//2343 2339//2339
f 2342//2342 2339//2339 2338//2338
f 2338//2338 2341//2341 2344//2344
f 2338//2338 2344//2344 2342//2342
f 2345//2345 2346//2346 2331//2331
f 2345//2345 2331//2331 2330//2330
f 2347//2347 2348//2348 2349//2349
f 2347//2347 2349//2349 2350//2350
f 2351//2351 2352//2352 2348//2348
f 2351//2351 2348//2348 2347//2347
f 2347//2347 2350//2350 2353//2353
f 2347//2347 2353//2353 2351//2351
f 2354//2354 2335//2335 2355//2355
f 2354//2354 2355//2355 2356//2356
f 2354//2354 2356//2356 2357//2357
f 2354//2354 2357//2357 2358//2358
f 2354//2354 2358//2358 2336//2336
f 2354//2354 2336//2336 2335//2335
f 2349//2349 2359//2359 2360//2360
f 2349//2349 2360//2360 2350//2350
f 2349//2349 2348//2348 2361//2361
f 2349//2349 2361//2361 2359//2359
f 2362//2362 2363//2363 2364//2364
f 2362//2362 2364//2364 2365//2365
f 2362//2362 2365//2365 2352//2352
f 2362//2362 2352//2352 2366//2366
f 2367//2367 2368//2368 2369//2369
f 2367//2367 2369//2369 2370//2370
f 2367//2367 2370//2370 2371//2371
f 2367//2367 2371//2371 2372//2372
f 2367//2367 2372//2372 2373//2373
f 2367//2367 2373//2373 2368//2368
f 1842//1842 1841//1841 2374//2374
f 1842//1842 2374//2374 2375//2375
f 1842//1842 2375//2375 1849//1849
f 1842//1842 1849//1849 1843//1843
f 1845//1845 2376//2376 2374//2374
f 1845//1845 2374//2374 1841//1841
f 1845//1845 1844//1844 2377//2377
f 1845//1845 2377//2377 2376//2376
f 2377//2377 1844//1844 1847//1847
f 2377//2377 1847//1847 1905//1905
f 2377//2377 1905//1905 1920//1920
f 2377//2377 1920//1920 2378//2378
f 2377//2377 2378//2378 2379//2379
f 2377//2377 2379//2379 2376//2376
f 2379//2379 2380//2380 2374//2374
f 2379//2379 2374//2374 2376//2376
f 2379//2379 2378//2378 2381//2381
f 2379//2379 2381//2381 2382//2382
f 2379//2379 2382//2382 2383//2383
f 2379//2379 2383//2383 2380//2380
f 2383//2383 2384//2384 2385//2385
f 2383//2383 2385//2385 2380//2380
f 2383//2383 2382//2382 2386//2386
f 2383//2383 2386//2386 2387//2387
f 2383//2383 2387//2387 2388//2388
f 2383//2383 2388//2388 2384//2384
f 2388//2388 2389//2389 2390//2390
f 2388//2388 2390//2390 2384//2384
f 2388//2388 2387//2387 2391//2391
f 2388//2388 2391//2391 2392//2392
f 2388//2388 2392//2392 2393//2393
f 2388//2388 2393//2393 2389//2389
f 2393//2393 2394//2394 2395//2395
f 2393//2393 2395//2395 2389//2389
f 2393//2393 2392//2392 2396//2396
f 2393//2393 2396//2396 2397//2397
f 2393//2393 2397//2397 2398//2398
f 2393//2393 2398//2398 2394//2394
f 2398//2398 1879//1879 1886//1886
f 2398//2398 1886//1886 2394//2394
f 2398//2398 2397//2397 2399//2399
f 2398//2398 2399//2399 2400//2400
f 2398//2398 2400//2400 1880//1880
f 2398//2398 1880//1880 1879//1879
f 2400//2400 2399//2399 2401//2401
f 2400//2400 2401//2401 2402//2402
f 2400//2400 2402//2402 2403//2403
f 2400//2400 2403//2403 1880//1880
f 2403//2403 2404//2404 1881//1881
f 2403//2403 1881//1881 1880//1880
f 2403//2403 2402//2402 2405//2405
f 2403//2403 2405//2405 2406//2406
f 2403//2403 2406//2406 2407//2407
f 2403//2403 2407//2407 2404//2404
f 2407//2407 2408//2408 2409//2409
f 2407//2407 2409//2409 2404//2404
f 2407//2407 2406//2406 1877//1877
f 2407//2407 1877//1877 1876//1876
f 2407//2407 1876//1876 2410//2410
f 2407//2407 2410//2410 2408//2408
f 2409//2409 2411//2411 1881//1881
f 2409//2409 1881//1881 2404//2404
f 2412//2412 2413//2413 2414//2414
f 2412//2412 2414//2414 2411//2411
f 2415//2415 1938//1938 1937//1937
f 2415//2415 1937//1937 2413//2413
f 2416//2416 2417//2417 2418//2418
f 2416//2416 2418//2418 2419//2419
f 2415//2415 2420//2420 1939//1939
f 2415//2415 1939//1939 1938//1938
f 2419//2419 2418//2418 2421//2421
f 2419//2419 2421//2421 1947//1947
f 2420//2420 1946//1946 1940//1940
f 2420//2420 1940//1940 1939//1939
f 2421//2421 2418//2418 2422//2422
f 2421//2421 2422//2422 2423//2423
f 2421//2421 2423//2423 2424//2424
f 2421//2421 2424//2424 2425//2425
f 2421//2421 2425//2425 1948//1948
f 2421//2421 1948//1948 1947//1947
f 2425//2425 2424//2424 2426//2426
f 2425//2425 2426//2426 2427//2427
f 2425//2425 2427//2427 2428//2428
f 2425//2425 2428//2428 1948//1948
f 2428//2428 2429//2429 1949//1949
f 2428//2428 1949//1949 1948//1948
f 2428//2428 2427//2427 2430//2430
f 2428//2428 2430//2430 2431//2431
f 2428//2428 2431//2431 2432//2432
f 2428//2428 2432//2432 2429//2429
f 2433//2433 2434//2434 1853//1853
f 2433//2433 1853//1853 1860//1860
f 2430//2430 2427//2427 2426//2426
f 2430//2430 2426//2426 2435//2435
f 2433//2433 2436//2436 2437//2437
f 2433//2433 2437//2437 2434//2434
f 2437//2437 2438//2438 2439//2439
f 2437//2437 2439//2439 2434//2434
f 2437//2437 2436//2436 2440//2440
f 2437//2437 2440//2440 2441//2441
f 2437//2437 2441//2441 2442//2442
f 2437//2437 2442//2442 2438//2438
f 2442//2442 2443//2443 2444//2444
f 2442//2442 2444//2444 2438//2438
f 2442//2442 2441//2441 2445//2445
f 2442//2442 2445//2445 2446//2446
f 2442//2442 2446//2446 2447//2447
f 2442//2442 2447//2447 2443//2443
f 2447//2447 2448//2448 2449//2449
f 2447//2447 2449//2449 2443//2443
f 2447//2447 2446//2446 2450//2450
f 2447//2447 2450//2450 1835//1835
f 2447//2447 1835//1835 1834//1834
f 2447//2447 1834//1834 2448//2448
f 2450//2450 2446//2446 2445//2445
f 2450//2450 2445//2445 2451//2451
f 2450//2450 2451//2451 2452//2452
f 2450//2450 2452//2452 2453//2453
f 2450//2450 2453//2453 1836//1836
f 2450//2450 1836//1836 1835//1835
f 2453//2453 2452//2452 1866//1866
f 2453//2453 1866//1866 1863//1863
f 2453//2453 1863//1863 1839//1839
f 2453//2453 1839//1839 1836//1836
f 2452//2452 2451//2451 2454//2454
f 2452//2452 2454//2454 2455//2455
f 2452//2452 2455//2455 2456//2456
f 2452//2452 2456//2456 1866//1866
f 2457//2457 2458//2458 2459//2459
f 2457//2457 2459//2459 2460//2460
f 2456//2456 2461//2461 1864//1864
f 2456//2456 1864//1864 1866//1866
f 2457//2457 1893//1893 1892//1892
f 2457//2457 1892//1892 2458//2458
f 2460//2460 2459//2459 2462//2462
f 2460//2460 2462//2462 2463//2463
f 2461//2461 2464//2464 1865//1865
f 2461//2461 1865//1865 1864//1864
f 2463//2463 2462//2462 2465//2465
f 2463//2463 2465//2465 2466//2466
f 2464//2464 2467//2467 2468//2468
f 2464//2464 2468//2468 1865//1865
f 2468//2468 2467//2467 2469//2469
f 2468//2468 2469//2469 2470//2470
f 2468//2468 2470//2470 2471//2471
f 2468//2468 2471//2471 2472//2472
f 2468//2468 2472//2472 1862//1862
f 2468//2468 1862//1862 1865//1865
f 2472//2472 2471//2471 1838//1838
f 2472//2472 1838//1838 1837//1837
f 2472//2472 1837//1837 1839//1839
f 2472//2472 1839//1839 1862//1862
f 2471//2471 2470//2470 2473//2473
f 2471//2471 2473//2473 2474//2474
f 2471//2471 2474//2474 2475//2475
f 2471//2471 2475//2475 1838//1838
f 2475//2475 2474//2474 2476//2476
f 2475//2475 2476//2476 2477//2477
f 2475//2475 2477//2477 2449//2449
f 2475//2475 2449//2449 2448//2448
f 2475//2475 2448//2448 1834//1834
f 2475//2475 1834//1834 1838//1838
f 2477//2477 2476//2476 2478//2478
f 2477//2477 2478//2478 2479//2479
f 2477//2477 2479//2479 2480//2480
f 2477//2477 2480//2480 2449//2449
f 2480//2480 2479//2479 2481//2481
f 2480//2480 2481//2481 2482//2482
f 2480//2480 2482//2482 2483//2483
f 2480//2480 2483//2483 2444//2444
f 2480//2480 2444//2444 2443//2443
f 2480//2480 2443//2443 2449//2449
f 2483//2483 2482//2482 2484//2484
f 2483//2483 2484//2484 2485//2485
f 2483//2483 2485//2485 1854//1854
f 2483//2483 1854//1854 2439//2439
f 2483//2483 2439//2439 2438//2438
f 2483//2483 2438//2438 2444//2444
f 2485//2485 2484//2484 2486//2486
f 2485//2485 2486//2486 2487//2487
f 2485//2485 2487//2487 1855//1855
f 2485//2485 1855//1855 1854//1854
f 2487//2487 2486//2486 2391//2391
f 2487//2487 2391//2391 2488//2488
f 2487//2487 2488//2488 2489//2489
f 2487//2487 2489//2489 1855//1855
f 2489//2489 2488//2488 2386//2386
f 2489//2489 2386//2386 2490//2490
f 2489//2489 2490//2490 1869//1869
f 2489//2489 1869//1869 1868//1868
f 2489//2489 1868//1868 1856//1856
f 2489//2489 1856//1856 1855//1855
f 2490//2490 2386//2386 2382//2382
f 2490//2490 2382//2382 2381//2381
f 2490//2490 2381//2381 1901//1901
f 2490//2490 1901//1901 1869//1869
f 2488//2488 2391//2391 2387//2387
f 2488//2488 2387//2387 2386//2386
f 2486//2486 2396//2396 2392//2392
f 2486//2486 2392//2392 2391//2391
f 2486//2486 2484//2484 2491//2491
f 2486//2486 2491//2491 2396//2396
f 2491//2491 2399//2399 2397//2397
f 2491//2491 2397//2397 2396//2396
f 2491//2491 2484//2484 2482//2482
f 2491//2491 2482//2482 2481//2481
f 2491//2491 2481//2481 2401//2401
f 2491//2491 2401//2401 2399//2399
f 2481//2481 2479//2479 2478//2478
f 2481//2481 2478//2478 2401//2401
f 2478//2478 2405//2405 2402//2402
f 2478//2478 2402//2402 2401//2401
f 2478//2478 2476//2476 2492//2492
f 2478//2478 2492//2492 2405//2405
f 2492//2492 1877//1877 2406//2406
f 2492//2492 2406//2406 2405//2405
f 2492//2492 2476//2476 2474//2474
f 2492//2492 2474//2474 2473//2473
f 2492//2492 2473//2473 1878//1878
f 2492//2492 1878//1878 1877//1877
f 2473//2473 2470//2470 2469//2469
f 2473//2473 2469//2469 1878//1878
f 2466//2466 2465//2465 1872//1872
f 2466//2466 1872//1872 1875//1875
f 2465//2465 2493//2493 1873//1873
f 2465//2465 1873//1873 1872//1872
f 2465//2465 2462//2462 2494//2494
f 2465//2465 2494//2494 2493//2493
f 2494//2494 2495//2495 2496//2496
f 2494//2494 2496//2496 2493//2493
f 2494//2494 2462//2462 2459//2459
f 2494//2494 2459//2459 2497//2497
f 2494//2494 2497//2497 2498//2498
f 2494//2494 2498//2498 2495//2495
f 2498//2498 2422//2422 2499//2499
f 2498//2498 2499//2499 2495//2495
f 2498//2498 2497//2497 2500//2500
f 2498//2498 2500//2500 2501//2501
f 2498//2498 2501//2501 2423//2423
f 2498//2498 2423//2423 2422//2422
f 2501//2501 2500//2500 1891//1891
f 2501//2501 1891//1891 2502//2502
f 2501//2501 2502//2502 2424//2424
f 2501//2501 2424//2424 2423//2423
f 2502//2502 1891//1891 1890//1890
f 2502//2502 1890//1890 2503//2503
f 2502//2502 2503//2503 2426//2426
f 2502//2502 2426//2426 2424//2424
f 2503//2503 2504//2504 2435//2435
f 2503//2503 2435//2435 2426//2426
f 2503//2503 1890//1890 1889//1889
f 2503//2503 1889//1889 2504//2504
f 2500//2500 2497//2497 2459//2459
f 2500//2500 2459//2459 2458//2458
f 2500//2500 2458//2458 1892//1892
f 2500//2500 1892//1892 1891//1891
f 2451//2451 2445//2445 2505//2505
f 2451//2451 2505//2505 2454//2454
f 2445//2445 2441//2441 2440//2440
f 2445//2445 2440//2440 2505//2505
f 2439//2439 1854//1854 1853//1853
f 2439//2439 1853//1853 2434//2434
f 2506//2506 1963//1963 1945//1945
f 2506//2506 1945//1945 1944//1944
f 2506//2506 1859//1859 1912//1912
f 2506//2506 1912//1912 1963//1963
f 2422//2422 2418//2418 2417//2417
f 2422//2422 2417//2417 2499//2499
f 2414//2414 2507//2507 1883//1883
f 2414//2414 1883//1883 1882//1882
f 2414//2414 1882//1882 1881//1881
f 2414//2414 1881//1881 2411//2411
f 2414//2414 2413//2413 1937//1937
f 2414//2414 1937//1937 2507//2507
f 2507//2507 1955//1955 1954//1954
f 2507//2507 1954//1954 1883//1883
f 2507//2507 1937//1937 1936//1936
f 2507//2507 1936//1936 1955//1955
f 2395//2395 2508//2508 2509//2509
f 2395//2395 2509//2509 2510//2510
f 2395//2395 2510//2510 2390//2390
f 2395//2395 2390//2390 2389//2389
f 2395//2395 2394//2394 1886//1886
f 2395//2395 1886//1886 2508//2508
f 2510//2510 2509//2509 2511//2511
f 2510//2510 2511//2511 2512//2512
f 2510//2510 2512//2512 2513//2513
f 2510//2510 2513//2513 2390//2390
f 2513//2513 2512//2512 1850//1850
f 2513//2513 1850//1850 1849//1849
f 2513//2513 1849//1849 2375//2375
f 2513//2513 2375//2375 2385//2385
f 2513//2513 2385//2385 2384//2384
f 2513//2513 2384//2384 2390//2390
f 2512//2512 2511//2511 1851//1851
f 2512//2512 1851//1851 1850//1850
f 2511//2511 1898//1898 1897//1897
f 2511//2511 1897//1897 1851//1851
f 2511//2511 2509//2509 1913//1913
f 2511//2511 1913//1913 1898//1898
f 2509//2509 2508//2508 2514//2514
f 2509//2509 2514//2514 1913//1913
f 2514//2514 2515//2515 1914//1914
f 2514//2514 1914//1914 1913//1913
f 2514//2514 2508//2508 1886//1886
f 2514//2514 1886//1886 1885//1885
f 2514//2514 1885//1885 2516//2516
f 2514//2514 2516//2516 2515//2515
f 2516//2516 2517//2517 1972//1972
f 2516//2516 1972//1972 2515//2515
f 2516//2516 1885//1885 1884//1884
f 2516//2516 1884//1884 2518//2518
f 2516//2516 2518//2518 2519//2519
f 2516//2516 2519//2519 2517//2517
f 2519//2519 2520//2520 2521//2521
f 2519//2519 2521//2521 2517//2517
f 2519//2519 2518//2518 1954//1954
f 2519//2519 1954//1954 1950//1950
f 2519//2519 1950//1950 1957//1957
f 2519//2519 1957//1957 2520//2520
f 2521//2521 2522//2522 2523//2523
f 2521//2521 2523//2523 1975//1975
f 2521//2521 1975//1975 1972//1972
f 2521//2521 1972//1972 2517//2517
f 2521//2521 2520//2520 2524//2524
f 2521//2521 2524//2524 2522//2522
f 2524//2524 2031//2031 2030//2030
f 2524//2524 2030//2030 2522//2522
f 2524//2524 2520//2520 1957//1957
f 2524//2524 1957//1957 2050//2050
f 2524//2524 2050//2050 2049//2049
f 2524//2524 2049//2049 2031//2031
f 2523//2523 2034//2034 2525//2525
f 2523//2523 2525//2525 2526//2526
f 2523//2523 2526//2526 1973//1973
f 2523//2523 1973//1973 1975//1975
f 2523//2523 2522//2522 2030//2030
f 2523//2523 2030//2030 2034//2034
f 2526//2526 2525//2525 2098//2098
f 2526//2526 2098//2098 2527//2527
f 2526//2526 2527//2527 2528//2528
f 2526//2526 2528//2528 1973//1973
f 2528//2528 2527//2527 2529//2529
f 2528//2528 2529//2529 2530//2530
f 2528//2528 2530//2530 2531//2531
f 2528//2528 2531//2531 2532//2532
f 2528//2528 2532//2532 1974//1974
f 2528//2528 1974//1974 1973//1973
f 2532//2532 2531//2531 2533//2533
f 2532//2532 2533//2533 2534//2534
f 2532//2532 2534//2534 1991//1991
f 2532//2532 1991//1991 1974//1974
f 2534//2534 2533//2533 2245//2245
f 2534//2534 2245//2245 2535//2535
f 2534//2534 2535//2535 1992//1992
f 2534//2534 1992//1992 1991//1991
f 2535//2535 2245//2245 2244//2244
f 2535//2535 2244//2244 2536//2536
f 2535//2535 2536//2536 2062//2062
f 2535//2535 2062//2062 1992//1992
f 2536//2536 2244//2244 2246//2246
f 2536//2536 2246//2246 2537//2537
f 2536//2536 2537//2537 2063//2063
f 2536//2536 2063//2063 2062//2062
f 2537//2537 2246//2246 2272//2272
f 2537//2537 2272//2272 2173//2173
f 2537//2537 2173//2173 2172//2172
f 2537//2537 2172//2172 2063//2063
f 2533//2533 2531//2531 2538//2538
f 2533//2533 2538//2538 2176//2176
f 2533//2533 2176//2176 2175//2175
f 2533//2533 2175//2175 2245//2245
f 2538//2538 2539//2539 2046//2046
f 2538//2538 2046//2046 2540//2540
f 2538//2538 2540//2540 2177//2177
f 2538//2538 2177//2177 2176//2176
f 2538//2538 2531//2531 2530//2530
f 2538//2538 2530//2530 2539//2539
f 2540//2540 2046//2046 2045//2045
f 2540//2540 2045//2045 2141//2141
f 2540//2540 2141//2141 2140//2140
f 2540//2540 2140//2140 2177//2177
f 2539//2539 2541//2541 2047//2047
f 2539//2539 2047//2047 2046//2046
f 2539//2539 2530//2530 2529//2529
f 2539//2539 2529//2529 2541//2541
f 2541//2541 2102//2102 2051//2051
f 2541//2541 2051//2051 2047//2047
f 2541//2541 2529//2529 2097//2097
f 2541//2541 2097//2097 2102//2102
f 2529//2529 2527//2527 2098//2098
f 2529//2529 2098//2098 2097//2097
f 2525//2525 2542//2542 2099//2099
f 2525//2525 2099//2099 2098//2098
f 2525//2525 2034//2034 2033//2033
f 2525//2525 2033//2033 2542//2542
f 2542//2542 2107//2107 2100//2100
f 2542//2542 2100//2100 2099//2099
f 2542//2542 2033//2033 2035//2035
f 2542//2542 2035//2035 2107//2107
f 2518//2518 1884//1884 1883//1883
f 2518//2518 1883//1883 1954//1954
f 2515//2515 1972//1972 1971//1971
f 2515//2515 1971//1971 1914//1914
f 2385//2385 2375//2375 2374//2374
f 2385//2385 2374//2374 2380//2380
f 2381//2381 2378//2378 1920//1920
f 2381//2381 1920//1920 1901//1901
f 2373//2373 2543//2543 2544//2544
f 2373//2373 2544//2544 2368//2368
f 2373//2373 2372//2372 2356//2356
f 2373//2373 2356//2356 2355//2355
f 2373//2373 2355//2355 2545//2545
f 2373//2373 2545//2545 2543//2543
f 2545//2545 2546//2546 2547//2547
f 2545//2545 2547//2547 2543//2543
f 2545//2545 2355//2355 2335//2335
f 2545//2545 2335//2335 2334//2334
f 2545//2545 2334//2334 2333//2333
f 2545//2545 2333//2333 2546//2546
f 2547//2547 2548//2548 2549//2549
f 2547//2547 2549//2549 2550//2550
f 2547//2547 2550//2550 2544//2544
f 2547//2547 2544//2544 2543//2543
f 2547//2547 2546//2546 2551//2551
f 2547//2547 2551//2551 2548//2548
f 2551//2551 2552//2552 2553//2553
f 2551//2551 2553//2553 2548//2548
f 2551//2551 2546//2546 2333//2333
f 2551//2551 2333//2333 2554//2554
f 2551//2551 2554//2554 2555//2555
f 2551//2551 2555//2555 2552//2552
f 2554//2554 2333//2333 2328//2328
f 2554//2554 2328//2328 2556//2556
f 2554//2554 2556//2556 2252//2252
f 2554//2554 2252//2252 2555//2555
f 2556//2556 2328//2328 2327//2327
f 2556//2556 2327//2327 2557//2557
f 2556//2556 2557//2557 2253//2253
f 2556//2556 2253//2253 2252//2252
f 2557//2557 2327//2327 2326//2326
f 2557//2557 2326//2326 2558//2558
f 2557//2557 2558//2558 2198//2198
f 2557//2557 2198//2198 2253//2253
f 2558//2558 2326//2326 2559//2559
f 2558//2558 2559//2559 2560//2560
f 2558//2558 2560//2560 2195//2195
f 2558//2558 2195//2195 2198//2198
f 2560//2560 2559//2559 2561//2561
f 2560//2560 2561//2561 2562//2562
f 2560//2560 2562//2562 2199//2199
f 2560//2560 2199//2199 2195//2195
f 2562//2562 2561//2561 2563//2563
f 2562//2562 2563//2563 2564//2564
f 2562//2562 2564//2564 2565//2565
f 2562//2562 2565//2565 2199//2199
f 2565//2565 2566//2566 2057//2057
f 2565//2565 2057//2057 2199//2199
f 2565//2565 2564//2564 2567//2567
f 2565//2565 2567//2567 2568//2568
f 2565//2565 2568//2568 2569//2569
f 2565//2565 2569//2569 2566//2566
f 2569//2569 2013//2013 2012//2012
f 2569//2569 2012//2012 2566//2566
f 2569//2569 2568//2568 2229//2229
f 2569//2569 2229//2229 2074//2074
f 2569//2569 2074//2074 2014//2014
f 2569//2569 2014//2014 2013//2013
f 2568//2568 2567//2567 2230//2230
f 2568//2568 2230//2230 2229//2229
f 2567//2567 2564//2564 2563//2563
f 2567//2567 2563//2563 2570//2570
f 2567//2567 2570//2570 2291//2291
f 2567//2567 2291//2291 2230//2230
f 2570//2570 2563//2563 2571//2571
f 2570//2570 2571//2571 2572//2572
f 2570//2570 2572//2572 2296//2296
f 2570//2570 2296//2296 2291//2291
f 2572//2572 2571//2571 2573//2573
f 2572//2572 2573//2573 2574//2574
f 2572//2572 2574//2574 2200//2200
f 2572//2572 2200//2200 2296//2296
f 2574//2574 2573//2573 2575//2575
f 2574//2574 2575//2575 2576//2576
f 2574//2574 2576//2576 2201//2201
f 2574//2574 2201//2201 2200//2200
f 2576//2576 2575//2575 2577//2577
f 2576//2576 2577//2577 2578//2578
f 2576//2576 2578//2578 2093//2093
f 2576//2576 2093//2093 2201//2201
f 2578//2578 2577//2577 2007//2007
f 2578//2578 2007//2007 2002//2002
f 2578//2578 2002//2002 2005//2005
f 2578//2578 2005//2005 2093//2093
f 2577//2577 2575//2575 2215//2215
f 2577//2577 2215//2215 2221//2221
f 2577//2577 2221//2221 2579//2579
f 2577//2577 2579//2579 2007//2007
f 2579//2579 2221//2221 2117//2117
f 2579//2579 2117//2117 2123//2123
f 2579//2579 2123//2123 1966//1966
f 2579//2579 1966//1966 2580//2580
f 2579//2579 2580//2580 2008//2008
f 2579//2579 2008//2008 2007//2007
f 2580//2580 1966//1966 1965//1965
f 2580//2580 1965//1965 1933//1933
f 2580//2580 1933//1933 1932//1932
f 2580//2580 1932//1932 2008//2008
f 2575//2575 2573//2573 2216//2216
f 2575//2575 2216//2216 2215//2215
f 2573//2573 2571//2571 2581//2581
f 2573//2573 2581//2581 2216//2216
f 2581//2581 2561//2561 2559//2559
f 2581//2581 2559//2559 2582//2582
f 2581//2581 2582//2582 2217//2217
f 2581//2581 2217//2217 2216//2216
f 2581//2581 2571//2571 2563//2563
f 2581//2581 2563//2563 2561//2561
f 2582//2582 2559//2559 2326//2326
f 2582//2582 2326//2326 2325//2325
f 2582//2582 2325//2325 2218//2218
f 2582//2582 2218//2218 2217//2217
f 2566//2566 2012//2012 2058//2058
f 2566//2566 2058//2058 2057//2057
f 2553//2553 2583//2583 2283//2283
f 2553//2553 2283//2283 2584//2584
f 2553//2553 2584//2584 2549//2549
f 2553//2553 2549//2549 2548//2548
f 2553//2553 2552//2552 2585//2585
f 2553//2553 2585//2585 2583//2583
f 2585//2585 2586//2586 2587//2587
f 2585//2585 2587//2587 2583//2583
f 2585//2585 2552//2552 2555//2555
f 2585//2585 2555//2555 2588//2588
f 2585//2585 2588//2588 2589//2589
f 2585//2585 2589//2589 2586//2586
f 2589//2589 2269//2269 2268//2268
f 2589//2589 2268//2268 2586//2586
f 2589//2589 2588//2588 2202//2202
f 2589//2589 2202//2202 2185//2185
f 2589//2589 2185//2185 2184//2184
f 2589//2589 2184//2184 2269//2269
f 2587//2587 2270//2270 2279//2279
f 2587//2587 2279//2279 2278//2278
f 2587//2587 2278//2278 2283//2283
f 2587//2587 2283//2283 2583//2583
f 2587//2587 2586//2586 2268//2268
f 2587//2587 2268//2268 2270//2270
f 2584//2584 2283//2283 2282//2282
f 2584//2584 2282//2282 2590//2590
f 2584//2584 2590//2590 2591//2591
f 2584//2584 2591//2591 2549//2549
f 2591//2591 2590//2590 2592//2592
f 2591//2591 2592//2592 2593//2593
f 2591//2591 2593//2593 2344//2344
f 2591//2591 2344//2344 2341//2341
f 2591//2591 2341//2341 2550//2550
f 2591//2591 2550//2550 2549//2549
f 2593//2593 2592//2592 2594//2594
f 2593//2593 2594//2594 2595//2595
f 2593//2593 2595//2595 2294//2294
f 2593//2593 2294//2294 2344//2344
f 2594//2594 2210//2210 2129//2129
f 2594//2594 2129//2129 2228//2228
f 2594//2594 2228//2228 2227//2227
f 2594//2594 2227//2227 2595//2595
f 2594//2594 2592//2592 2211//2211
f 2594//2594 2211//2211 2210//2210
f 2592//2592 2590//2590 2282//2282
f 2592//2592 2282//2282 2211//2211
f 2550//2550 2341//2341 2340//2340
f 2550//2550 2340//2340 2544//2544
f 2544//2544 2340//2340 2369//2369
f 2544//2544 2369//2369 2368//2368
f 2372//2372 2371//2371 2357//2357
f 2372//2372 2357//2357 2356//2356
f 2371//2371 2370//2370 2596//2596
f 2371//2371 2596//2596 2597//2597
f 2371//2371 2597//2597 2598//2598
f 2371//2371 2598//2598 2357//2357
f 2598//2598 2599//2599 2358//2358
f 2598//2598 2358//2358 2357//2357
f 2598//2598 2597//2597 2600//2600
f 2598//2598 2600//2600 2364//2364
f 2598//2598 2364//2364 2363//2363
f 2598//2598 2363//2363 2599//2599
f 2600//2600 2597//2597 2596//2596
f 2600//2600 2596//2596 2601//2601
f 2600//2600 2601//2601 2359//2359
f 2600//2600 2359//2359 2361//2361
f 2600//2600 2361//2361 2365//2365
f 2600//2600 2365//2365 2364//2364
f 2601//2601 2596//2596 2602//2602
f 2601//2601 2602//2602 2603//2603
f 2601//2601 2603//2603 2360//2360
f 2601//2601 2360//2360 2359//2359
f 2603//2603 2602//2602 2339//2339
f 2603//2603 2339//2339 2343//2343
f 2603//2603 2343//2343 2604//2604
f 2603//2603 2604//2604 2360//2360
f 2604//2604 2343//2343 2342//2342
f 2604//2604 2342//2342 2605//2605
f 2604//2604 2605//2605 2606//2606
f 2604//2604 2606//2606 2607//2607
f 2604//2604 2607//2607 2350//2350
f 2604//2604 2350//2350 2360//2360
f 2607//2607 2606//2606 2608//2608
f 2607//2607 2608//2608 2609//2609
f 2607//2607 2609//2609 2353//2353
f 2607//2607 2353//2353 2350//2350
f 2609//2609 2608//2608 2610//2610
f 2609//2609 2610//2610 2611//2611
f 2609//2609 2611//2611 2612//2612
f 2609//2609 2612//2612 2353//2353
f 2612//2612 2611//2611 2305//2305
f 2612//2612 2305//2305 2313//2313
f 2612//2612 2313//2313 2613//2613
f 2612//2612 2613//2613 2614//2614
f 2612//2612 2614//2614 2351//2351
f 2612//2612 2351//2351 2353//2353
f 2614//2614 2613//2613 2615//2615
f 2614//2614 2615//2615 2616//2616
f 2614//2614 2616//2616 2346//2346
f 2614//2614 2346//2346 2351//2351
f 2616//2616 2615//2615 2617//2617
f 2616//2616 2617//2617 2332//2332
f 2616//2616 2332//2332 2331//2331
f 2616//2616 2331//2331 2346//2346
f 2617//2617 2615//2615 2618//2618
f 2617//2617 2618//2618 2619//2619
f 2617//2617 2619//2619 2248//2248
f 2617//2617 2248//2248 2247//2247
f 2617//2617 2247//2247 2324//2324
f 2617//2617 2324//2324 2332//2332
f 2619//2619 2618//2618 2288//2288
f 2619//2619 2288//2288 2290//2290
f 2619//2619 2290//2290 2249//2249
f 2619//2619 2249//2249 2248//2248
f 2618//2618 2615//2615 2613//2613
f 2618//2618 2613//2613 2620//2620
f 2618//2618 2620//2620 2289//2289
f 2618//2618 2289//2289 2288//2288
f 2620//2620 2613//2613 2313//2313
f 2620//2620 2313//2313 2312//2312
f 2620//2620 2312//2312 2314//2314
f 2620//2620 2314//2314 2289//2289
f 2611//2611 2610//2610 2306//2306
f 2611//2611 2306//2306 2305//2305
f 2610//2610 2608//2608 2303//2303
f 2610//2610 2303//2303 2302//2302
f 2610//2610 2302//2302 2621//2621
f 2610//2610 2621//2621 2306//2306
f 2621//2621 2302//2302 2301//2301
f 2621//2621 2301//2301 2622//2622
f 2621//2621 2622//2622 2191//2191
f 2621//2621 2191//2191 2193//2193
f 2621//2621 2193//2193 2307//2307
f 2621//2621 2307//2307 2306//2306
f 2622//2622 2301//2301 2189//2189
f 2622//2622 2189//2189 2180//2180
f 2622//2622 2180//2180 2179//2179
f 2622//2622 2179//2179 2191//2191
f 2608//2608 2606//2606 2298//2298
f 2608//2608 2298//2298 2303//2303
f 2606//2606 2605//2605 2299//2299
f 2606//2606 2299//2299 2298//2298
f 2605//2605 2342//2342 2293//2293
f 2605//2605 2293//2293 2299//2299
f 2602//2602 2369//2369 2340//2340
f 2602//2602 2340//2340 2339//2339
f 2602//2602 2596//2596 2370//2370
f 2602//2602 2370//2370 2369//2369
f 2599//2599 2337//2337 2336//2336
f 2599//2599 2336//2336 2358//2358
f 2599//2599 2363//2363 2623//2623
f 2599//2599 2623//2623 2337//2337
f 2365//2365 2361//2361 2348//2348
f 2365//2365 2348//2348 2352//2352
f 2363//2363 2362//2362 2366//2366
f 2363//2363 2366//2366 2623//2623
f 2351//2351 2346//2346 2345//2345
f 2351//2351 2345//2345 2623//2623
f 2366//2366 2352//2352 2351//2351
f 2366//2366 2351//2351 2623//2623
f 2623//2623 2345//2345 2330//2330
f 2623//2623 2330//2330 2337//2337
f 2342//2342 2344//2344 2294//2294
f 2342//2342 2294//2294 2293//2293
f 2324//2324 2247//2247 2219//2219
f 2324//2324 2219//2219 2218//2218
f 2322//2322 2310//2310 2286//2286
f 2322//2322 2286//2286 2285//2285
f 2322//2322 2285//2285 2284//2284
f 2322//2322 2284//2284 2287//2287
f 2322//2322 2287//2287 2289//2289
f 2322//2322 2289//2289 2314//2314
f 2320//2320 2624//2624 2625//2625
f 2320//2320 2625//2625 2626//2626
f 2320//2320 2626//2626 2627//2627
f 2320//2320 2627//2627 2316//2316
f 2320//2320 2319//2319 2111//2111
f 2320//2320 2111//2111 2624//2624
f 2627//2627 2626//2626 2628//2628
f 2627//2627 2628//2628 2629//2629
f 2627//2627 2629//2629 2630//2630
f 2627//2627 2630//2630 2631//2631
f 2627//2627 2631//2631 2317//2317
f 2627//2627 2317//2317 2316//2316
f 2631//2631 2630//2630 2204//2204
f 2631//2631 2204//2204 2207//2207
f 2631//2631 2207//2207 2273//2273
f 2631//2631 2273//2273 2317//2317
f 2630//2630 2629//2629 2020//2020
f 2630//2630 2020//2020 2632//2632
f 2630//2630 2632//2632 2205//2205
f 2630//2630 2205//2205 2204//2204
f 2632//2632 2020//2020 2019//2019
f 2632//2632 2019//2019 2066//2066
f 2632//2632 2066//2066 2065//2065
f 2632//2632 2065//2065 2205//2205
f 2629//2629 2628//2628 2016//2016
f 2629//2629 2016//2016 2020//2020
f 2628//2628 2633//2633 2017//2017
f 2628//2628 2017//2017 2016//2016
f 2628//2628 2626//2626 2625//2625
f 2628//2628 2625//2625 2633//2633
f 2633//2633 1986//1986 1985//1985
f 2633//2633 1985//1985 2017//2017
f 2633//2633 2625//2625 2040//2040
f 2633//2633 2040//2040 1986//1986
f 2625//2625 2624//2624 2041//2041
f 2625//2625 2041//2041 2040//2040
f 2624//2624 2111//2111 2110//2110
f 2624//2624 2110//2110 2041//2041
f 2318//2318 2317//2317 2273//2273
f 2318//2318 2273//2273 2274//2274
f 2318//2318 2274//2274 2146//2146
f 2318//2318 2146//2146 2321//2321
f 2310//2310 2309//2309 2634//2634
f 2310//2310 2634//2634 2286//2286
f 2634//2634 2309//2309 2308//2308
f 2634//2634 2308//2308 2635//2635
f 2634//2634 2635//2635 2240//2240
f 2634//2634 2240//2240 2239//2239
f 2634//2634 2239//2239 2241//2241
f 2634//2634 2241//2241 2286//2286
f 2635//2635 2308//2308 2192//2192
f 2635//2635 2192//2192 2636//2636
f 2635//2635 2636//2636 2637//2637
f 2635//2635 2637//2637 2240//2240
f 2637//2637 2636//2636 2638//2638
f 2637//2637 2638//2638 2639//2639
f 2637//2637 2639//2639 2640//2640
f 2637//2637 2640//2640 2641//2641
f 2637//2637 2641//2641 2237//2237
f 2637//2637 2237//2237 2240//2240
f 2641//2641 2640//2640 2642//2642
f 2641//2641 2642//2642 2643//2643
f 2641//2641 2643//2643 2238//2238
f 2641//2641 2238//2238 2237//2237
f 2643//2643 2642//2642 2122//2122
f 2643//2643 2122//2122 2121//2121
f 2643//2643 2121//2121 2124//2124
f 2643//2643 2124//2124 2238//2238
f 2642//2642 2640//2640 2644//2644
f 2642//2642 2644//2644 1968//1968
f 2642//2642 1968//1968 1967//1967
f 2642//2642 1967//1967 2122//2122
f 2644//2644 2645//2645 2646//2646
f 2644//2644 2646//2646 2647//2647
f 2644//2644 2647//2647 1952//1952
f 2644//2644 1952//1952 1968//1968
f 2644//2644 2640//2640 2639//2639
f 2644//2644 2639//2639 2645//2645
f 2647//2647 2646//2646 2138//2138
f 2647//2647 2138//2138 2648//2648
f 2647//2647 2648//2648 1953//1953
f 2647//2647 1953//1953 1952//1952
f 2648//2648 2649//2649 1956//1956
f 2648//2648 1956//1956 1953//1953
f 2648//2648 2138//2138 2137//2137
f 2648//2648 2137//2137 2649//2649
f 2649//2649 2045//2045 2044//2044
f 2649//2649 2044//2044 1956//1956
f 2649//2649 2137//2137 2141//2141
f 2649//2649 2141//2141 2045//2045
f 2646//2646 2162//2162 2139//2139
f 2646//2646 2139//2139 2138//2138
f 2646//2646 2645//2645 2650//2650
f 2646//2646 2650//2650 2162//2162
f 2650//2650 2151//2151 2150//2150
f 2650//2650 2150//2150 2162//2162
f 2650//2650 2645//2645 2639//2639
f 2650//2650 2639//2639 2638//2638
f 2650//2650 2638//2638 2194//2194
f 2650//2650 2194//2194 2151//2151
f 2638//2638 2636//2636 2192//2192
f 2638//2638 2192//2192 2194//2194
f 2308//2308 2307//2307 2193//2193
f 2308//2308 2193//2193 2192//2192
f 2297//2297 2295//2295 2154//2154
f 2297//2297 2154//2154 2189//2189
f 2295//2295 2296//2296 2200//2200
f 2295//2295 2200//2200 2154//2154
f 2290//2290 2276//2276 2651//2651
f 2290//2290 2651//2651 2249//2249
f 2651//2651 2276//2276 2255//2255
f 2651//2651 2255//2255 2652//2652
f 2651//2651 2652//2652 2124//2124
f 2651//2651 2124//2124 2120//2120
f 2651//2651 2120//2120 2119//2119
f 2651//2651 2119//2119 2249//2249
f 2652//2652 2255//2255 2233//2233
f 2652//2652 2233//2233 2232//2232
f 2652//2652 2232//2232 2238//2238
f 2652//2652 2238//2238 2124//2124
f 2284//2284 2235//2235 2234//2234
f 2284//2284 2234//2234 2258//2258
f 2282//2282 2281//2281 2214//2214
f 2282//2282 2214//2214 2211//2211
f 2281//2281 2653//2653 2654//2654
f 2281//2281 2654//2654 2214//2214
f 2281//2281 2280//2280 2261//2261
f 2281//2281 2261//2261 2653//2653
f 2654//2654 2655//2655 2656//2656
f 2654//2654 2656//2656 2657//2657
f 2654//2654 2657//2657 2212//2212
f 2654//2654 2212//2212 2214//2214
f 2654//2654 2653//2653 2658//2658
f 2654//2654 2658//2658 2655//2655
f 2658//2658 2659//2659 2054//2054
f 2658//2658 2054//2054 2655//2655
f 2658//2658 2653//2653 2261//2261
f 2658//2658 2261//2261 2260//2260
f 2658//2658 2260//2260 2265//2265
f 2658//2658 2265//2265 2659//2659
f 2659//2659 2182//2182 2055//2055
f 2659//2659 2055//2055 2054//2054
f 2659//2659 2265//2265 2183//2183
f 2659//2659 2183//2183 2182//2182
f 2657//2657 2656//2656 1978//1978
f 2657//2657 1978//1978 2168//2168
f 2657//2657 2168//2168 2167//2167
f 2657//2657 2167//2167 2212//2212
f 2656//2656 2053//2053 1979//1979
f 2656//2656 1979//1979 1978//1978
f 2656//2656 2655//2655 2054//2054
f 2656//2656 2054//2054 2053//2053
f 2280//2280 2279//2279 2262//2262
f 2280//2280 2262//2262 2261//2261
f 2279//2279 2270//2270 2263//2263
f 2279//2279 2263//2263 2262//2262
f 2274//2274 2206//2206 2143//2143
f 2274//2274 2143//2143 2146//2146
f 2272//2272 2165//2165 2174//2174
f 2272//2272 2174//2174 2173//2173
f 2269//2269 2184//2184 2183//2183
f 2269//2269 2183//2183 2267//2267
f 2267//2267 2183//2183 2265//2265
f 2267//2267 2265//2265 2264//2264
f 2253//2253 2198//2198 2197//2197
f 2253//2253 2197//2197 2224//2224
f 2251//2251 2202//2202 2588//2588
f 2251//2251 2588//2588 2555//2555
f 2251//2251 2555//2555 2252//2252
f 2251//2251 2252//2252 2250//2250
f 2251//2251 2223//2223 2187//2187
f 2251//2251 2187//2187 2202//2202
f 2229//2229 2114//2114 2075//2075
f 2229//2229 2075//2075 2074//2074
f 2228//2228 2129//2129 2115//2115
f 2228//2228 2115//2115 2114//2114
f 2227//2227 2226//2226 2294//2294
f 2227//2227 2294//2294 2595//2595
f 2213//2213 2212//2212 2167//2167
f 2213//2213 2167//2167 2147//2147
f 2213//2213 2147//2147 2072//2072
f 2213//2213 2072//2072 2128//2128
f 2213//2213 2128//2128 2127//2127
f 2213//2213 2127//2127 2209//2209
f 2210//2210 2209//2209 2127//2127
f 2210//2210 2127//2127 2129//2129
f 2205//2205 2065//2065 2069//2069
f 2205//2205 2069//2069 2144//2144
f 2201//2201 2093//2093 2092//2092
f 2201//2201 2092//2092 2153//2153
f 2196//2196 2059//2059 2181//2181
f 2196//2196 2181//2181 2188//2188
f 2194//2194 2178//2178 2149//2149
f 2194//2194 2149//2149 2151//2151
f 2182//2182 2181//2181 2059//2059
f 2182//2182 2059//2059 2055//2055
f 2178//2178 2132//2132 2094//2094
f 2178//2178 2094//2094 2149//2149
f 2174//2174 2165//2165 2152//2152
f 2174//2174 2152//2152 2084//2084
f 2172//2172 2082//2082 2061//2061
f 2172//2172 2061//2061 2063//2063
f 2170//2170 2157//2157 2089//2089
f 2170//2170 2089//2089 2130//2130
f 2170//2170 2130//2130 2660//2660
f 2170//2170 2660//2660 2661//2661
f 2170//2170 2661//2661 2662//2662
f 2170//2170 2662//2662 2161//2161
f 2662//2662 2661//2661 2043//2043
f 2662//2662 2043//2043 2076//2076
f 2662//2662 2076//2076 2080//2080
f 2662//2662 2080//2080 2663//2663
f 2662//2662 2663//2663 2159//2159
f 2662//2662 2159//2159 2161//2161
f 2663//2663 2080//2080 2664//2664
f 2663//2663 2664//2664 2665//2665
f 2663//2663 2665//2665 2160//2160
f 2663//2663 2160//2160 2159//2159
f 2665//2665 2664//2664 2666//2666
f 2665//2665 2666//2666 2667//2667
f 2665//2665 2667//2667 2091//2091
f 2665//2665 2091//2091 2160//2160
f 2667//2667 2666//2666 2668//2668
f 2667//2667 2668//2668 2669//2669
f 2667//2667 2669//2669 2086//2086
f 2667//2667 2086//2086 2091//2091
f 2669//2669 2668//2668 2038//2038
f 2669//2669 2038//2038 2670//2670
f 2669//2669 2670//2670 2087//2087
f 2669//2669 2087//2087 2086//2086
f 2670//2670 2038//2038 2037//2037
f 2670//2670 2037//2037 2660//2660
f 2670//2670 2660//2660 2130//2130
f 2670//2670 2130//2130 2087//2087
f 2668//2668 2666//2666 2671//2671
f 2668//2668 2671//2671 2672//2672
f 2668//2668 2672//2672 2039//2039
f 2668//2668 2039//2039 2038//2038
f 2672//2672 2671//2671 2673//2673
f 2672//2672 2673//2673 2674//2674
f 2672//2672 2674//2674 1987//1987
f 2672//2672 1987//1987 2039//2039
f 2674//2674 2673//2673 2675//2675
f 2674//2674 2675//2675 2676//2676
f 2674//2674 2676//2676 1988//1988
f 2674//2674 1988//1988 1987//1987
f 2676//2676 2675//2675 1911//1911
f 2676//2676 1911//1911 1910//1910
f 2676//2676 1910//1910 2677//2677
f 2676//2676 2677//2677 1988//1988
f 2677//2677 1910//1910 1909//1909
f 2677//2677 1909//1909 1918//1918
f 2677//2677 1918//1918 1917//1917
f 2677//2677 1917//1917 1929//1929
f 2677//2677 1929//1929 1982//1982
f 2677//2677 1982//1982 1988//1988
f 2675//2675 2673//2673 2678//2678
f 2675//2675 2678//2678 2679//2679
f 2675//2675 2679//2679 1912//1912
f 2675//2675 1912//1912 1911//1911
f 2679//2679 2678//2678 1959//1959
f 2679//2679 1959//1959 1958//1958
f 2679//2679 1958//1958 1963//1963
f 2679//2679 1963//1963 1912//1912
f 2678//2678 2680//2680 2079//2079
f 2678//2678 2079//2079 1959//1959
f 2678//2678 2673//2673 2671//2671
f 2678//2678 2671//2671 2680//2680
f 2680//2680 2664//2664 2080//2080
f 2680//2680 2080//2080 2079//2079
f 2680//2680 2671//2671 2666//2666
f 2680//2680 2666//2666 2664//2664
f 2661//2661 2660//2660 2037//2037
f 2661//2661 2037//2037 2043//2043
f 2168//2168 1978//1978 1977//1977
f 2168//2168 1977//1977 2169//2169
f 2166//2166 2169//2169 2109//2109
f 2166//2166 2109//2109 2111//2111
f 2166//2166 2111//2111 2319//2319
f 2166//2166 2319//2319 2321//2321
f 2166//2166 2321//2321 2146//2146
f 2166//2166 2146//2146 2145//2145
f 2169//2169 1977//1977 1976//1976
f 2169//2169 1976//1976 2109//2109
f 2160//2160 2091//2091 2090//2090
f 2160//2160 2090//2090 2156//2156
f 2157//2157 2156//2156 2090//2090
f 2157//2157 2090//2090 2089//2089
f 2152//2152 2028//2028 2027//2027
f 2152//2152 2027//2027 2084//2084
f 2128//2128 2072//2072 2070//2070
f 2128//2128 2070//2070 2113//2113
f 2126//2126 2105//2105 2048//2048
f 2126//2126 2048//2048 2051//2051
f 2126//2126 2051//2051 2102//2102
f 2126//2126 2102//2102 2101//2101
f 2123//2123 2122//2122 1967//1967
f 2123//2123 1967//1967 1966//1966
f 2110//2110 2077//2077 2042//2042
f 2110//2110 2042//2042 2041//2041
f 2105//2105 2104//2104 2049//2049
f 2105//2105 2049//2049 2048//2048
f 2104//2104 2032//2032 2031//2031
f 2104//2104 2031//2031 2049//2049
f 2082//2082 2024//2024 2023//2023
f 2082//2082 2023//2023 2061//2061
f 2081//2081 1976//1976 1960//1960
f 2081//2081 1960//1960 2078//2078
f 2079//2079 2078//2078 1960//1960
f 2079//2079 1960//1960 1959//1959
f 2071//2071 2068//2068 2001//2001
f 2071//2071 2001//2001 2000//2000
f 2067//2067 2066//2066 2019//2019
f 2067//2067 2019//2019 2021//2021
f 2067//2067 2021//2021 1998//1998
f 2067//2067 1998//1998 2001//2001
f 2058//2058 2681//2681 1980//1980
f 2058//2058 1980//1980 2052//2052
f 2058//2058 2012//2012 2011//2011
f 2058//2058 2011//2011 2681//2681
f 2681//2681 2682//2682 1964//1964
f 2681//2681 1964//1964 1980//1980
f 2681//2681 2011//2011 2010//2010
f 2681//2681 2010//2010 2682//2682
f 2682//2682 2683//2683 1962//1962
f 2682//2682 1962//1962 1964//1964
f 2682//2682 2010//2010 2684//2684
f 2682//2682 2684//2684 2683//2683
f 2684//2684 2685//2685 2686//2686
f 2684//2684 2686//2686 1942//1942
f 2684//2684 1942//1942 1941//1941
f 2684//2684 1941//1941 2683//2683
f 2684//2684 2010//2010 1997//1997
f 2684//2684 1997//1997 2685//2685
f 2686//2686 1926//1926 2687//2687
f 2686//2686 2687//2687 2688//2688
f 2686//2686 2688//2688 1943//1943
f 2686//2686 1943//1943 1942//1942
f 2686//2686 2685//2685 1927//1927
f 2686//2686 1927//1927 1926//1926
f 2688//2688 2687//2687 2689//2689
f 2688//2688 2689//2689 1935//1935
f 2688//2688 1935//1935 1934//1934
f 2688//2688 1934//1934 1943//1943
f 2689//2689 2690//2690 1923//1923
f 2689//2689 1923//1923 2691//2691
f 2689//2689 2691//2691 1931//1931
f 2689//2689 1931//1931 1935//1935
f 2689//2689 2687//2687 2692//2692
f 2689//2689 2692//2692 2690//2690
f 2692//2692 1907//1907 2693//2693
f 2692//2692 2693//2693 2690//2690
f 2692//2692 2687//2687 1926//1926
f 2692//2692 1926//1926 1921//1921
f 2692//2692 1921//1921 1908//1908
f 2692//2692 1908//1908 1907//1907
f 2693//2693 2694//2694 1895//1895
f 2693//2693 1895//1895 1924//1924
f 2693//2693 1924//1924 1923//1923
f 2693//2693 1923//1923 2690//2690
f 2693//2693 1907//1907 1906//1906
f 2693//2693 1906//1906 2694//2694
f 2694//2694 1846//1846 1896//1896
f 2694//2694 1896//1896 1895//1895
f 2694//2694 1906//1906 1847//1847
f 2694//2694 1847//1847 1846//1846
f 2691//2691 1923//1923 1922//1922
f 2691//2691 1922//1922 2695//2695
f 2691//2691 2695//2695 1932//1932
f 2691//2691 1932//1932 1931//1931
f 2695//2695 1922//1922 1925//1925
f 2695//2695 1925//1925 2006//2006
f 2695//2695 2006//2006 2008//2008
f 2695//2695 2008//2008 1932//1932
f 2685//2685 1997//1997 1996//1996
f 2685//2685 1996//1996 1927//1927
f 2683//2683 1941//1941 1945//1945
f 2683//2683 1945//1945 1962//1962
f 2053//2053 2052//2052 1980//1980
f 2053//2053 1980//1980 1979//1979
f 2050//2050 1957//1957 1956//1956
f 2050//2050 1956//1956 2044//2044
f 2025//2025 2003//2003 1925//1925
f 2025//2025 1925//1925 1916//1916
f 2025//2025 1916//1916 1915//1915
f 2025//2025 1915//1915 1990//1990
f 2025//2025 1990//1990 1989//1989
f 2025//2025 1989//1989 2022//2022
f 2023//2023 2022//2022 1989//1989
f 2023//2023 1989//1989 1993//1993
f 2021//2021 2018//2018 1999//1999
f 2021//2021 1999//1999 1998//1998
f 2018//2018 2017//2017 1985//1985
f 2018//2018 1985//1985 1999//1999
f 1999//1999 1985//1985 1984//1984
f 1999//1999 1984//1984 1995//1995
f 1996//1996 1995//1995 1984//1984
f 1996//1996 1984//1984 1983//1983
f 1996//1996 1983//1983 1928//1928
f 1996//1996 1928//1928 1927//1927
f 1990//1990 1915//1915 1914//1914
f 1990//1990 1914//1914 1971//1971
f 1983//1983 1982//1982 1929//1929
f 1983//1983 1929//1929 1928//1928
f 1965//1965 1951//1951 1955//1955
f 1965//1965 1955//1955 1936//1936
f 1965//1965 1936//1936 1930//1930
f 1965//1965 1930//1930 1933//1933
f 1940//1940 1943//1943 1934//1934
f 1940//1940 1934//1934 1939//1939
f 1924//1924 1895//1895 1894//1894
f 1924//1924 1894//1894 1899//1899
f 1920//1920 1905//1905 1904//1904
f 1920//1920 1904//1904 1908//1908
f 1918//1918 1909//1909 1871//1871
f 1918//1918 1871//1871 1902//1902
f 1909//1909 1858//1858 1857//1857
f 1909//1909 1857//1857 1871//1871
f 1897//1897 1896//1896 1852//1852
f 1897//1897 1852//1852 1851//1851
f 1896//1896 1846//1846 1840//1840
f 1896//1896 1840//1840 1852//1852
f 2009//2009 2000//2000 1994//1994
f 2009//2009 1994//1994 1997//1997
f 2493//2493 2496//2496 2410//2410
f 2493//2493 2410//2410 1873//1873
f 1876//1876 1874//1874 1873//1873
f 1876//1876 1873//1873 2410//2410
f 2496//2496 2696//2696 2408//2408
f 2496//2496 2408//2408 2410//2410
f 2495//2495 2499//2499 2696//2696
f 2495//2495 2696//2696 2496//2496
f 2697//2697 2409//2409 2408//2408
f 2697//2697 2408//2408 2696//2696
f 2499//2499 2417//2417 2697//2697
f 2499//2499 2697//2697 2696//2696
f 2412//2412 2411//2411 2409//2409
f 2412//2412 2409//2409 2697//2697
f 2417//2417 2416//2416 2412//2412
f 2417//2417 2412//2412 2697//2697
f 1874//1874 1878//1878 2469//2469
f 1874//1874 2469//2469 1875//1875
f 2467//2467 2466//2466 1875//1875
f 2467//2467 1875//1875 2469//2469
f 2464//2464 2463//2463 2466//2466
f 2464//2464 2466//2466 2467//2467
f 2461//2461 2460//2460 2463//2463
f 2461//2461 2463//2463 2464//2464
f 2456//2456 2457//2457 2460//2460
f 2456//2456 2460//2460 2461//2461
f 2456//2456 2455//2455 1893//1893
f 2456//2456 1893//1893 2457//2457
f 1888//1888 1893//1893 2455//2455
f 1888//1888 2455//2455 2454//2454
f 1889//1889 1888//1888 2454//2454
f 1889//1889 2454//2454 2505//2505
f 2504//2504 1889//1889 2505//2505
f 2504//2504 2505//2505 2440//2440
f 2435//2435 2504//2504 2440//2440
f 2435//2435 2440//2440 2436//2436
f 2433//2433 2430//2430 2435//2435
f 2433//2433 2435//2435 2436//2436
f 2431//2431 2430//2430 2433//2433
f 2431//2431 2433//2433 1860//1860
f 2429//2429 2432//2432 1859//1859
f 2429//2429 1859//1859 2506//2506
f 1949//1949 2429//2429 2506//2506
f 1949//1949 2506//2506 1944//1944
f 1940//1940 1946//1946 1949//1949
f 1940//1940 1949//1949 1944//1944
f 2432//2432 2431//2431 1860//1860
f 2432//2432 1860//1860 1859//1859
f 2416//2416 2415//2415 2413//2413
f 2416//2416 2413//2413 2412//2412
f 2416//2416 2419//2419 2420//2420
f 2416//2416 2420//2420 2415//2415
f 2419//2419 1947//1947 1946//1946
f 2419//2419 1946//1946 2420//2420
f 2698//2698 2699//2699 2700//2700
f 2698//2698 2700//2700 2701//2701
f 2698//2698 2701//2701 2702//2702
f 2698//2698 2702//2702 2703//2703
f 2704//2704 2705//2705 2706//2706
f 2704//2704 2706//2706 2707//2707
f 2704//2704 2707//2707 2708//2708
f 2704//2704 2708//2708 2709//2709
f 2707//2707 2706//2706 2710//2710
f 2707//2707 2710//2710 2708//2708
f 2711//2711 2712//2712 2713//2713
f 2711//2711 2713//2713 2714//2714
f 2711//2711 2714//2714 2715//2715
f 2711//2711 2715//2715 2716//2716
f 2711//2711 2717//2717 2718//2718
f 2711//2711 2718//2718 2712//2712
f 2711//2711 2716//2716 2719//2719
f 2711//2711 2719//2719 2720//2720
f 2711//2711 2720//2720 2721//2721
f 2711//2711 2721//2721 2717//2717
f 2722//2722 2723//2723 2724//2724
f 2722//2722 2724//2724 2725//2725
f 2722//2722 2725//2725 2726//2726
f 2722//2722 2726//2726 2727//2727
f 2722//2722 2727//2727 2728//2728
f 2722//2722 2728//2728 2723//2723
f 2729//2729 2730//2730 2731//2731
f 2729//2729 2731//2731 2732//2732
f 2729//2729 2733//2733 2734//2734
f 2729//2729 2734//2734 2730//2730
f 2729//2729 2732//2732 2735//2735
f 2729//2729 2735//2735 2733//2733
f 2736//2736 2737//2737 2738//2738
f 2736//2736 2738//2738 2739//2739
f 2736//2736 2740//2740 2741//2741
f 2736//2736 2741//2741 2737//2737
f 2736//2736 2739//2739 2742//2742
f 2736//2736 2742//2742 2740//2740
f 2743//2743 2744//2744 2745//2745
f 2743//2743 2745//2745 2746//2746
f 2743//2743 2746//2746 2747//2747
f 2743//2743 2747//2747 2748//2748
f 2743//2743 2748//2748 2749//2749
f 2743//2743 2749//2749 2744//2744
f 2750//2750 2751//2751 2752//2752
f 2750//2750 2752//2752 2753//2753
f 2750//2750 2754//2754 2755//2755
f 2750//2750 2755//2755 2756//2756
f 2750//2750 2753//2753 2757//2757
f 2750//2750 2757//2757 2754//2754
f 2758//2758 2759//2759 2760//2760
f 2758//2758 2760//2760 2761//2761
f 2762//2762 2763//2763 2759//2759
f 2762//2762 2759//2759 2758//2758
f 2758//2758 2761//2761 2764//2764
f 2758//2758 2764//2764 2762//2762
f 2765//2765 2766//2766 2767//2767
f 2765//2765 2767//2767 2768//2768
f 2768//2768 2769//2769 2770//2770
f 2768//2768 2770//2770 2765//2765
f 2768//2768 2771//2771 2764//2764
f 2768//2768 2764//2764 2769//2769
f 2768//2768 2738//2738 2772//2772
f 2768//2768 2772//2772 2771//2771
f 2773//2773 2774//2774 2749//2749
f 2773//2773 2749//2749 2748//2748
f 2773//2773 2775//2775 2776//2776
f 2773//2773 2776//2776 2774//2774
f 2773//2773 2748//2748 2747//2747
f 2773//2773 2747//2747 2777//2777
f 2773//2773 2777//2777 2778//2778
f 2773//2773 2778//2778 2779//2779
f 2773//2773 2779//2779 2780//2780
f 2773//2773 2780//2780 2775//2775
f 2781//2781 2782//2782 2783//2783
f 2781//2781 2783//2783 2784//2784
f 2781//2781 2785//2785 2786//2786
f 2781//2781 2786//2786 2782//2782
f 2781//2781 2787//2787 2788//2788
f 2781//2781 2788//2788 2785//2785
f 2781//2781 2789//2789 2790//2790
f 2781//2781 2790//2790 2787//2787
f 2781//2781 2784//2784 2791//2791
f 2781//2781 2791//2791 2789//2789
f 2777//2777 2792//2792 2793//2793
f 2777//2777 2793//2793 2778//2778
f 2794//2794 2795//2795 2796//2796
f 2794//2794 2796//2796 2797//2797
f 2794//2794 2797//2797 2798//2798
f 2794//2794 2798//2798 2799//2799
f 2794//2794 2800//2800 2801//2801
f 2794//2794 2801//2801 2795//2795
f 2794//2794 2802//2802 2803//2803
f 2794//2794 2803//2803 2800//2800
f 2794//2794 2799//2799 2804//2804
f 2794//2794 2804//2804 2802//2802
f 2805//2805 2806//2806 2807//2807
f 2805//2805 2807//2807 2808//2808
f 2805//2805 2719//2719 2716//2716
f 2805//2805 2716//2716 2806//2806
f 2805//2805 2808//2808 2809//2809
f 2805//2805 2809//2809 2810//2810
f 2805//2805 2811//2811 2812//2812
f 2805//2805 2812//2812 2719//2719
f 2813//2813 2814//2814 2815//2815
f 2813//2813 2815//2815 2791//2791
f 2816//2816 2817//2817 2818//2818
f 2816//2816 2818//2818 2819//2819
f 2816//2816 2820//2820 2821//2821
f 2816//2816 2821//2821 2817//2817
f 2816//2816 2822//2822 2823//2823
f 2816//2816 2823//2823 2820//2820
f 2808//2808 2824//2824 2825//2825
f 2808//2808 2825//2825 2826//2826
f 2808//2808 2826//2826 2827//2827
f 2808//2808 2827//2827 2809//2809
f 2828//2828 2829//2829 2830//2830
f 2828//2828 2830//2830 2831//2831
f 2828//2828 2832//2832 2833//2833
f 2828//2828 2833//2833 2829//2829
f 2828//2828 2834//2834 2835//2835
f 2828//2828 2835//2835 2832//2832
f 2828//2828 2836//2836 2837//2837
f 2828//2828 2837//2837 2834//2834
f 2838//2838 2819//2819 2818//2818
f 2838//2838 2818//2818 2839//2839
f 2838//2838 2839//2839 2840//2840
f 2838//2838 2840//2840 2841//2841
f 2838//2838 2841//2841 2842//2842
f 2838//2838 2842//2842 2843//2843
f 2838//2838 2843//2843 2844//2844
f 2838//2838 2844//2844 2845//2845
f 2838//2838 2845//2845 2846//2846
f 2838//2838 2846//2846 2819//2819
f 2842//2842 2841//2841 2847//2847
f 2842//2842 2847//2847 2848//2848
f 2842//2842 2848//2848 2849//2849
f 2842//2842 2849//2849 2850//2850
f 2842//2842 2850//2850 2851//2851
f 2842//2842 2851//2851 2852//2852
f 2842//2842 2852//2852 2853//2853
f 2842//2842 2853//2853 2843//2843
f 2813//2813 2854//2854 2855//2855
f 2813//2813 2855//2855 2856//2856
f 2813//2813 2857//2857 2858//2858
f 2813//2813 2858//2858 2854//2854
f 2813//2813 2856//2856 2859//2859
f 2813//2813 2859//2859 2814//2814
f 2860//2860 2825//2825 2861//2861
f 2860//2860 2861//2861 2862//2862
f 2860//2860 2863//2863 2826//2826
f 2860//2860 2826//2826 2825//2825
f 2864//2864 2849//2849 2865//2865
f 2864//2864 2865//2865 2866//2866
f 2864//2864 2866//2866 2867//2867
f 2864//2864 2867//2867 2868//2868
f 2864//2864 2868//2868 2869//2869
f 2864//2864 2869//2869 2870//2870
f 2864//2864 2871//2871 2850//2850
f 2864//2864 2850//2850 2849//2849
f 2864//2864 2870//2870 2872//2872
f 2864//2864 2872//2872 2871//2871
f 2873//2873 2874//2874 2875//2875
f 2873//2873 2875//2875 2876//2876
f 2873//2873 2846//2846 2845//2845
f 2873//2873 2845//2845 2874//2874
f 2873//2873 2876//2876 2877//2877
f 2873//2873 2877//2877 2846//2846
f 2822//2822 2816//2816 2877//2877
f 2822//2822 2877//2877 2878//2878
f 2822//2822 2878//2878 2879//2879
f 2822//2822 2879//2879 2880//2880
f 2881//2881 2882//2882 2837//2837
f 2881//2881 2837//2837 2836//2836
f 2881//2881 2883//2883 2884//2884
f 2881//2881 2884//2884 2885//2885
f 2881//2881 2885//2885 2886//2886
f 2881//2881 2886//2886 2882//2882
f 2887//2887 2885//2885 2884//2884
f 2887//2887 2884//2884 2888//2888
f 2887//2887 2889//2889 2886//2886
f 2887//2887 2886//2886 2885//2885
f 2887//2887 2888//2888 2890//2890
f 2887//2887 2890//2890 2889//2889
f 2891//2891 2892//2892 2893//2893
f 2891//2891 2893//2893 2894//2894
f 2891//2891 2894//2894 2895//2895
f 2891//2891 2895//2895 2896//2896
f 2891//2891 2896//2896 2897//2897
f 2891//2891 2897//2897 2892//2892
f 2898//2898 2899//2899 2886//2886
f 2898//2898 2886//2886 2889//2889
f 2898//2898 2889//2889 2890//2890
f 2898//2898 2890//2890 2900//2900
f 2898//2898 2900//2900 2901//2901
f 2898//2898 2901//2901 2899//2899
f 2902//2902 2903//2903 2904//2904
f 2902//2902 2904//2904 2905//2905
f 2902//2902 2906//2906 2907//2907
f 2902//2902 2907//2907 2903//2903
f 2902//2902 2908//2908 2909//2909
f 2902//2902 2909//2909 2906//2906
f 2902//2902 2905//2905 2910//2910
f 2902//2902 2910//2910 2911//2911
f 2902//2902 2911//2911 2912//2912
f 2902//2902 2912//2912 2908//2908
f 2913//2913 2914//2914 2915//2915
f 2913//2913 2915//2915 2916//2916
f 2913//2913 2916//2916 2844//2844
f 2913//2913 2844//2844 2917//2917
f 2913//2913 2917//2917 2918//2918
f 2913//2913 2918//2918 2914//2914
f 2905//2905 2904//2904 2919//2919
f 2905//2905 2919//2919 2920//2920
f 2905//2905 2920//2920 2870//2870
f 2905//2905 2870//2870 2869//2869
f 2905//2905 2869//2869 2921//2921
f 2905//2905 2921//2921 2910//2910
f 2868//2868 2922//2922 2921//2921
f 2868//2868 2921//2921 2869//2869
f 2868//2868 2867//2867 2923//2923
f 2868//2868 2923//2923 2924//2924
f 2868//2868 2924//2924 2925//2925
f 2868//2868 2925//2925 2922//2922
f 2926//2926 2927//2927 2928//2928
f 2926//2926 2928//2928 2929//2929
f 2926//2926 2930//2930 2931//2931
f 2926//2926 2931//2931 2927//2927
f 2926//2926 2932//2932 2933//2933
f 2926//2926 2933//2933 2930//2930
f 2926//2926 2929//2929 2934//2934
f 2926//2926 2934//2934 2935//2935
f 2926//2926 2935//2935 2936//2936
f 2926//2926 2936//2936 2932//2932
f 2937//2937 2938//2938 2851//2851
f 2937//2937 2851//2851 2939//2939
f 2937//2937 2939//2939 2940//2940
f 2937//2937 2940//2940 2941//2941
f 2937//2937 2941//2941 2942//2942
f 2937//2937 2942//2942 2938//2938
f 2943//2943 2944//2944 2945//2945
f 2943//2943 2945//2945 2863//2863
f 2862//2862 2946//2946 2944//2944
f 2862//2862 2944//2944 2943//2943
f 2943//2943 2863//2863 2860//2860
f 2943//2943 2860//2860 2862//2862
f 2922//2922 2925//2925 2947//2947
f 2922//2922 2947//2947 2921//2921
f 2939//2939 2948//2948 2949//2949
f 2939//2939 2949//2949 2940//2940
f 2950//2950 2897//2897 2896//2896
f 2950//2950 2896//2896 2951//2951
f 2950//2950 2951//2951 2952//2952
f 2950//2950 2952//2952 2953//2953
f 2950//2950 2953//2953 2928//2928
f 2950//2950 2928//2928 2897//2897
f 2929//2929 2928//2928 2953//2953
f 2929//2929 2953//2953 2934//2934
f 2861//2861 2954//2954 2955//2955
f 2861//2861 2955//2955 2956//2956
f 2861//2861 2956//2956 2957//2957
f 2861//2861 2957//2957 2958//2958
f 2861//2861 2958//2958 2959//2959
f 2861//2861 2959//2959 2862//2862
f 2960//2960 2859//2859 2961//2961
f 2960//2960 2961//2961 2962//2962
f 2960//2960 2963//2963 2814//2814
f 2960//2960 2814//2814 2859//2859
f 2960//2960 2964//2964 2965//2965
f 2960//2960 2965//2965 2963//2963
f 2960//2960 2962//2962 2966//2966
f 2960//2960 2966//2966 2967//2967
f 2960//2960 2967//2967 2968//2968
f 2960//2960 2968//2968 2964//2964
f 2901//2901 2969//2969 2970//2970
f 2901//2901 2970//2970 2899//2899
f 2901//2901 2900//2900 2971//2971
f 2901//2901 2971//2971 2972//2972
f 2901//2901 2972//2972 2973//2973
f 2901//2901 2973//2973 2974//2974
f 2901//2901 2974//2974 2975//2975
f 2901//2901 2975//2975 2969//2969
f 2890//2890 2976//2976 2971//2971
f 2890//2890 2971//2971 2900//2900
f 2890//2890 2888//2888 2977//2977
f 2890//2890 2977//2977 2978//2978
f 2890//2890 2978//2978 2979//2979
f 2890//2890 2979//2979 2976//2976
f 2975//2975 2980//2980 2981//2981
f 2975//2975 2981//2981 2969//2969
f 2975//2975 2974//2974 2982//2982
f 2975//2975 2982//2982 2983//2983
f 2975//2975 2948//2948 2872//2872
f 2975//2975 2872//2872 2980//2980
f 2975//2975 2983//2983 2949//2949
f 2975//2975 2949//2949 2948//2948
f 2984//2984 2985//2985 2986//2986
f 2984//2984 2986//2986 2987//2987
f 2984//2984 2988//2988 2989//2989
f 2984//2984 2989//2989 2985//2985
f 2984//2984 2987//2987 2990//2990
f 2984//2984 2990//2990 2988//2988
f 2991//2991 2992//2992 2993//2993
f 2991//2991 2993//2993 2977//2977
f 2994//2994 2961//2961 2992//2992
f 2994//2994 2992//2992 2991//2991
f 2991//2991 2977//2977 2995//2995
f 2991//2991 2995//2995 2994//2994
f 2996//2996 2997//2997 2998//2998
f 2996//2996 2998//2998 2999//2999
f 2996//2996 3000//3000 3001//3001
f 2996//2996 3001//3001 2997//2997
f 2996//2996 3002//3002 3003//3003
f 2996//2996 3003//3003 3000//3000
f 3004//3004 3005//3005 3006//3006
f 3004//3004 3006//3006 3007//3007
f 3004//3004 3007//3007 3008//3008
f 3004//3004 3008//3008 3009//3009
f 3004//3004 3009//3009 3010//3010
f 3004//3004 3010//3010 3005//3005
f 3011//3011 3012//3012 3013//3013
f 3011//3011 3013//3013 3014//3014
f 3011//3011 3015//3015 3016//3016
f 3011//3011 3016//3016 3012//3012
f 3011//3011 3014//3014 3017//3017
f 3011//3011 3017//3017 3015//3015
f 3018//3018 3019//3019 3020//3020
f 3018//3018 3020//3020 3021//3021
f 3018//3018 3021//3021 3022//3022
f 3018//3018 3022//3022 3023//3023
f 3018//3018 3023//3023 3024//3024
f 3018//3018 3024//3024 3019//3019
f 3025//3025 3026//3026 3027//3027
f 3025//3025 3027//3027 3028//3028
f 3025//3025 3029//3029 3030//3030
f 3025//3025 3030//3030 3026//3026
f 3025//3025 3028//3028 3031//3031
f 3025//3025 3031//3031 3029//3029
f 2962//2962 2961//2961 2994//2994
f 2962//2962 2994//2994 3032//3032
f 2935//2935 2934//2934 3033//3033
f 2935//2935 3033//3033 2936//2936
f 2883//2883 2881//2881 3034//3034
f 2883//2883 3034//3034 3035//3035
f 2883//2883 3036//3036 2995//2995
f 2883//2883 2995//2995 2884//2884
f 3037//3037 3038//3038 3039//3039
f 3037//3037 3039//3039 3040//3040
f 3037//3037 3041//3041 3042//3042
f 3037//3037 3042//3042 3038//3038
f 3037//3037 3040//3040 3043//3043
f 3037//3037 3043//3043 3041//3041
f 2994//2994 2995//2995 3036//3036
f 2994//2994 3036//3036 3032//3032
f 3044//3044 3045//3045 3046//3046
f 3044//3044 3046//3046 3047//3047
f 3044//3044 3048//3048 2986//2986
f 3044//3044 2986//2986 3045//3045
f 3044//3044 3047//3047 3049//3049
f 3044//3044 3049//3049 3048//3048
f 3050//3050 3051//3051 3052//3052
f 3050//3050 3052//3052 3053//3053
f 3050//3050 3046//3046 3054//3054
f 3050//3050 3054//3054 3051//3051
f 3050//3050 3053//3053 3047//3047
f 3050//3050 3047//3047 3046//3046
f 3055//3055 3056//3056 3057//3057
f 3055//3055 3057//3057 3058//3058
f 3055//3055 3059//3059 3060//3060
f 3055//3055 3060//3060 3056//3056
f 3055//3055 3058//3058 3061//3061
f 3055//3055 3061//3061 3059//3059
f 3062//3062 3063//3063 3064//3064
f 3062//3062 3064//3064 3065//3065
f 3062//3062 3066//3066 3067//3067
f 3062//3062 3067//3067 3063//3063
f 3062//3062 3065//3065 3068//3068
f 3062//3062 3068//3068 3066//3066
f 3069//3069 3070//3070 2999//2999
f 3069//3069 2999//2999 3071//3071
f 3069//3069 3071//3071 3072//3072
f 3069//3069 3072//3072 3073//3073
f 3069//3069 3073//3073 3074//3074
f 3069//3069 3074//3074 3070//3070
f 3075//3075 3076//3076 2971//2971
f 3075//3075 2971//2971 2976//2976
f 3075//3075 2976//2976 2979//2979
f 3075//3075 2979//2979 3077//3077
f 3075//3075 3077//3077 3078//3078
f 3075//3075 3078//3078 3076//3076
f 3033//3033 2952//2952 3079//3079
f 3033//3033 3079//3079 3080//3080
f 3033//3033 2934//2934 2953//2953
f 3033//3033 2953//2953 2952//2952
f 3033//3033 3081//3081 3082//3082
f 3033//3033 3082//3082 2936//2936
f 3033//3033 3080//3080 3083//3083
f 3033//3033 3083//3083 3081//3081
f 3084//3084 3085//3085 3086//3086
f 3084//3084 3086//3086 3087//3087
f 3084//3084 3087//3087 3088//3088
f 3084//3084 3088//3088 3089//3089
f 3084//3084 3089//3089 3090//3090
f 3084//3084 3090//3090 3091//3091
f 3084//3084 2879//2879 2878//2878
f 3084//3084 2878//2878 3085//3085
f 3084//3084 3091//3091 3092//3092
f 3084//3084 3092//3092 2879//2879
f 3093//3093 3040//3040 3039//3039
f 3093//3093 3039//3039 3094//3094
f 3093//3093 3095//3095 3043//3043
f 3093//3093 3043//3043 3040//3040
f 3023//3023 3022//3022 3096//3096
f 3023//3023 3096//3096 3024//3024
f 3097//3097 3052//3052 3098//3098
f 3097//3097 3098//3098 3099//3099
f 3097//3097 3099//3099 3100//3100
f 3097//3097 3100//3100 3101//3101
f 3097//3097 3101//3101 3053//3053
f 3097//3097 3053//3053 3052//3052
f 3032//3032 3036//3036 3102//3102
f 3032//3032 3102//3102 2962//2962
f 3078//3078 3103//3103 3104//3104
f 3078//3078 3104//3104 3076//3076
f 3078//3078 3077//3077 3105//3105
f 3078//3078 3105//3105 3106//3106
f 3107//3107 2982//2982 2974//2974
f 3107//3107 2974//2974 2973//2973
f 3107//3107 2973//2973 3108//3108
f 3107//3107 3108//3108 3109//3109
f 3107//3107 3109//3109 3110//3110
f 3107//3107 3110//3110 2982//2982
f 3072//3072 3071//3071 3111//3111
f 3072//3072 3111//3111 3112//3112
f 3072//3072 3112//3112 3113//3113
f 3072//3072 3113//3113 3114//3114
f 3072//3072 3114//3114 3115//3115
f 3072//3072 3115//3115 3116//3116
f 3072//3072 3116//3116 3117//3117
f 3072//3072 3117//3117 3073//3073
f 3036//3036 3118//3118 3119//3119
f 3036//3036 3119//3119 3102//3102
f 3120//3120 3121//3121 3122//3122
f 3120//3120 3122//3122 3123//3123
f 3120//3120 3124//3124 2947//2947
f 3120//3120 2947//2947 3121//3121
f 3120//3120 3125//3125 3126//3126
f 3120//3120 3126//3126 3124//3124
f 3120//3120 3123//3123 3127//3127
f 3120//3120 3127//3127 3128//3128
f 3120//3120 3128//3128 3129//3129
f 3120//3120 3129//3129 3125//3125
f 3130//3130 3058//3058 3057//3057
f 3130//3130 3057//3057 3131//3131
f 3130//3130 3131//3131 3132//3132
f 3130//3130 3132//3132 3133//3133
f 3130//3130 3133//3133 3061//3061
f 3130//3130 3061//3061 3058//3058
f 3113//3113 2983//2983 2982//2982
f 3113//3113 2982//2982 3110//3110
f 3113//3113 3112//3112 2949//2949
f 3113//3113 2949//2949 2983//2983
f 3134//3134 3135//3135 3078//3078
f 3134//3134 3078//3078 3106//3106
f 3136//3136 3137//3137 3135//3135
f 3136//3136 3135//3135 3134//3134
f 3134//3134 3106//3106 3138//3138
f 3134//3134 3138//3138 3136//3136
f 3090//3090 3089//3089 3139//3139
f 3090//3090 3139//3139 3140//3140
f 3141//3141 2883//2883 3035//3035
f 3141//3141 3035//3035 3142//3142
f 3141//3141 3118//3118 3036//3036
f 3141//3141 3036//3036 2883//2883
f 3141//3141 3142//3142 3143//3143
f 3141//3141 3143//3143 3118//3118
f 3144//3144 3145//3145 3140//3140
f 3144//3144 3140//3140 3146//3146
f 3144//3144 2946//2946 2862//2862
f 3144//3144 2862//2862 2959//2959
f 3144//3144 3146//3146 3147//3147
f 3144//3144 3147//3147 3148//3148
f 3144//3144 3148//3148 3149//3149
f 3144//3144 3149//3149 2946//2946
f 3114//3114 3113//3113 3150//3150
f 3114//3114 3150//3150 3115//3115
f 3123//3123 3122//3122 3151//3151
f 3123//3123 3151//3151 3152//3152
f 3123//3123 3152//3152 3153//3153
f 3123//3123 3153//3153 3154//3154
f 3123//3123 3154//3154 3155//3155
f 3123//3123 3155//3155 3127//3127
f 3139//3139 3089//3089 3088//3088
f 3139//3139 3088//3088 3156//3156
f 3139//3139 3156//3156 3146//3146
f 3139//3139 3146//3146 3140//3140
f 3157//3157 3103//3103 3158//3158
f 3157//3157 3158//3158 3159//3159
f 3157//3157 3160//3160 3109//3109
f 3157//3157 3109//3109 3108//3108
f 3157//3157 3108//3108 3104//3104
f 3157//3157 3104//3104 3103//3103
f 3147//3147 3146//3146 3156//3156
f 3147//3147 3156//3156 3161//3161
f 3147//3147 3161//3161 3162//3162
f 3147//3147 3162//3162 3148//3148
f 3116//3116 3163//3163 3164//3164
f 3116//3116 3164//3164 3117//3117
f 3116//3116 3115//3115 3165//3165
f 3116//3116 3165//3165 3166//3166
f 3116//3116 3166//3166 3167//3167
f 3116//3116 3167//3167 3163//3163
f 3168//3168 3169//3169 3170//3170
f 3168//3168 3170//3170 3171//3171
f 3168//3168 3171//3171 3172//3172
f 3168//3168 3172//3172 3173//3173
f 3174//3174 3166//3166 3165//3165
f 3174//3174 3165//3165 3175//3175
f 3174//3174 3175//3175 3176//3176
f 3174//3174 3176//3176 3177//3177
f 3174//3174 3177//3177 3167//3167
f 3174//3174 3167//3167 3166//3166
f 3178//3178 3159//3159 3179//3179
f 3178//3178 3179//3179 3180//3180
f 3178//3178 3180//3180 3181//3181
f 3178//3178 3181//3181 3182//3182
f 3178//3178 3182//3182 3183//3183
f 3178//3178 3183//3183 3184//3184
f 3178//3178 3184//3184 3185//3185
f 3178//3178 3185//3185 3186//3186
f 3185//3185 3187//3187 3188//3188
f 3185//3185 3188//3188 3186//3186
f 3185//3185 3184//3184 3189//3189
f 3185//3185 3189//3189 3187//3187
f 3190//3190 3191//3191 3192//3192
f 3190//3190 3192//3192 3193//3193
f 3190//3190 3193//3193 3194//3194
f 3190//3190 3194//3194 3195//3195
f 3190//3190 3195//3195 3181//3181
f 3190//3190 3181//3181 3191//3191
f 3182//3182 3181//3181 3195//3195
f 3182//3182 3195//3195 3183//3183
f 3196//3196 3197//3197 3198//3198
f 3196//3196 3198//3198 3199//3199
f 3196//3196 3200//3200 3201//3201
f 3196//3196 3201//3201 3197//3197
f 3196//3196 3199//3199 3202//3202
f 3196//3196 3202//3202 3200//3200
f 3203//3203 3204//3204 3205//3205
f 3203//3203 3205//3205 3206//3206
f 3203//3203 3207//3207 3208//3208
f 3203//3203 3208//3208 3204//3204
f 3203//3203 3206//3206 3209//3209
f 3203//3203 3209//3209 3207//3207
f 3210//3210 3211//3211 3212//3212
f 3210//3210 3212//3212 3213//3213
f 3210//3210 3142//3142 3035//3035
f 3210//3210 3035//3035 3211//3211
f 3210//3210 3213//3213 3143//3143
f 3210//3210 3143//3143 3142//3142
f 3214//3214 3215//3215 3216//3216
f 3214//3214 3216//3216 3217//3217
f 3214//3214 3218//3218 3219//3219
f 3214//3214 3219//3219 3215//3215
f 3214//3214 3217//3217 3220//3220
f 3214//3214 3220//3220 3218//3218
f 3220//3220 3217//3217 2745//2745
f 3220//3220 2745//2745 2744//2744
f 3220//3220 2744//2744 2749//2749
f 3220//3220 2749//2749 3221//3221
f 3220//3220 3221//3221 3222//3222
f 3220//3220 3222//3222 3218//3218
f 3222//3222 3223//3223 3219//3219
f 3222//3222 3219//3219 3218//3218
f 3222//3222 3221//3221 3224//3224
f 3222//3222 3224//3224 3225//3225
f 3222//3222 3225//3225 3226//3226
f 3222//3222 3226//3226 3223//3223
f 3226//3226 3227//3227 3228//3228
f 3226//3226 3228//3228 3223//3223
f 3226//3226 3225//3225 3229//3229
f 3226//3226 3229//3229 3230//3230
f 3226//3226 3230//3230 3231//3231
f 3226//3226 3231//3231 3227//3227
f 3231//3231 3232//3232 3233//3233
f 3231//3231 3233//3233 3227//3227
f 3231//3231 3230//3230 3234//3234
f 3231//3231 3234//3234 3235//3235
f 3231//3231 3235//3235 3236//3236
f 3231//3231 3236//3236 3232//3232
f 3236//3236 3237//3237 3238//3238
f 3236//3236 3238//3238 3232//3232
f 3236//3236 3235//3235 3239//3239
f 3236//3236 3239//3239 3240//3240
f 3236//3236 3240//3240 3241//3241
f 3236//3236 3241//3241 3237//3237
f 3241//3241 3242//3242 3243//3243
f 3241//3241 3243//3243 3237//3237
f 3241//3241 3240//3240 3244//3244
f 3241//3241 3244//3244 3245//3245
f 3241//3241 3245//3245 3246//3246
f 3241//3241 3246//3246 3242//3242
f 3246//3246 3247//3247 2786//2786
f 3246//3246 2786//2786 3242//3242
f 3246//3246 3245//3245 3248//3248
f 3246//3246 3248//3248 3249//3249
f 3246//3246 3249//3249 3250//3250
f 3246//3246 3250//3250 3247//3247
f 3250//3250 2766//2766 3251//3251
f 3250//3250 3251//3251 3247//3247
f 3250//3250 3249//3249 3252//3252
f 3250//3250 3252//3252 3253//3253
f 3250//3250 3253//3253 2767//2767
f 3250//3250 2767//2767 2766//2766
f 3253//3253 3252//3252 3254//3254
f 3253//3253 3254//3254 2742//2742
f 3253//3253 2742//2742 2739//2739
f 3253//3253 2739//2739 2767//2767
f 3254//3254 3252//3252 3255//3255
f 3254//3254 3255//3255 3256//3256
f 3254//3254 3256//3256 3257//3257
f 3254//3254 3257//3257 3258//3258
f 3254//3254 3258//3258 2740//2740
f 3254//3254 2740//2740 2742//2742
f 3258//3258 3257//3257 3259//3259
f 3258//3258 3259//3259 3260//3260
f 3258//3258 3260//3260 2741//2741
f 3258//3258 2741//2741 2740//2740
f 3260//3260 3259//3259 2703//2703
f 3260//3260 2703//2703 3261//3261
f 3260//3260 3261//3261 3262//3262
f 3260//3260 3262//3262 2741//2741
f 3262//3262 3263//3263 2737//2737
f 3262//3262 2737//2737 2741//2741
f 3262//3262 3261//3261 3264//3264
f 3262//3262 3264//3264 3265//3265
f 3262//3262 3265//3265 3266//3266
f 3262//3262 3266//3266 3263//3263
f 3266//3266 3267//3267 2772//2772
f 3266//3266 2772//2772 3263//3263
f 3266//3266 3265//3265 3268//3268
f 3266//3266 3268//3268 3269//3269
f 3266//3266 3269//3269 3270//3270
f 3266//3266 3270//3270 3267//3267
f 3270//3270 3271//3271 3272//3272
f 3270//3270 3272//3272 3267//3267
f 3270//3270 3269//3269 3273//3273
f 3270//3270 3273//3273 3274//3274
f 3270//3270 3274//3274 3275//3275
f 3270//3270 3275//3275 3271//3271
f 3275//3275 3276//3276 3277//3277
f 3275//3275 3277//3277 3271//3271
f 3275//3275 3274//3274 2726//2726
f 3275//3275 2726//2726 3278//3278
f 3275//3275 3278//3278 3279//3279
f 3275//3275 3279//3279 3276//3276
f 3279//3279 3280//3280 3281//3281
f 3279//3279 3281//3281 2757//2757
f 3279//3279 2757//2757 2753//2753
f 3279//3279 2753//2753 3276//3276
f 3279//3279 3278//3278 3282//3282
f 3279//3279 3282//3282 3280//3280
f 3282//3282 3283//3283 3284//3284
f 3282//3282 3284//3284 3280//3280
f 3282//3282 3278//3278 2726//2726
f 3282//3282 2726//2726 2725//2725
f 3282//3282 2725//2725 2724//2724
f 3282//3282 2724//2724 3283//3283
f 3284//3284 3285//3285 3286//3286
f 3284//3284 3286//3286 3287//3287
f 3284//3284 3287//3287 3281//3281
f 3284//3284 3281//3281 3280//3280
f 3284//3284 3283//3283 3288//3288
f 3284//3284 3288//3288 3285//3285
f 3288//3288 3289//3289 3290//3290
f 3288//3288 3290//3290 3285//3285
f 3288//3288 3283//3283 2724//2724
f 3288//3288 2724//2724 3291//3291
f 3288//3288 3291//3291 3292//3292
f 3288//3288 3292//3292 3289//3289
f 3292//3292 3293//3293 3294//3294
f 3292//3292 3294//3294 3289//3289
f 3292//3292 3291//3291 2710//2710
f 3292//3292 2710//2710 2706//2706
f 3292//3292 2706//2706 2705//2705
f 3292//3292 2705//2705 3293//3293
f 3294//3294 3295//3295 3296//3296
f 3294//3294 3296//3296 3297//3297
f 3294//3294 3297//3297 3290//3290
f 3294//3294 3290//3290 3289//3289
f 3294//3294 3293//3293 3298//3298
f 3294//3294 3298//3298 3295//3295
f 3298//3298 2700//2700 3299//3299
f 3298//3298 3299//3299 3295//3295
f 3298//3298 3293//3293 2705//2705
f 3298//3298 2705//2705 3300//3300
f 3298//3298 3300//3300 2701//2701
f 3298//3298 2701//2701 2700//2700
f 3300//3300 2705//2705 2704//2704
f 3300//3300 2704//2704 3301//3301
f 3300//3300 3301//3301 2702//2702
f 3300//3300 2702//2702 2701//2701
f 3301//3301 3302//3302 3264//3264
f 3301//3301 3264//3264 2702//2702
f 3301//3301 2704//2704 2709//2709
f 3301//3301 2709//2709 3302//3302
f 3302//3302 3268//3268 3265//3265
f 3302//3302 3265//3265 3264//3264
f 3302//3302 2709//2709 3303//3303
f 3302//3302 3303//3303 3268//3268
f 3303//3303 3273//3273 3269//3269
f 3303//3303 3269//3269 3268//3268
f 3303//3303 2709//2709 2708//2708
f 3303//3303 2708//2708 2728//2728
f 3303//3303 2728//2728 2727//2727
f 3303//3303 2727//2727 3273//3273
f 3299//3299 3304//3304 3305//3305
f 3299//3299 3305//3305 3306//3306
f 3299//3299 3306//3306 3296//3296
f 3299//3299 3296//3296 3295//3295
f 3299//3299 2700//2700 2699//2699
f 3299//3299 2699//2699 3304//3304
f 3306//3306 3305//3305 3307//3307
f 3306//3306 3307//3307 3308//3308
f 3306//3306 3308//3308 3309//3309
f 3306//3306 3309//3309 3296//3296
f 3309//3309 3308//3308 3310//3310
f 3309//3309 3310//3310 3311//3311
f 3309//3309 3311//3311 3312//3312
f 3309//3309 3312//3312 3313//3313
f 3309//3309 3313//3313 3297//3297
f 3309//3309 3297//3297 3296//3296
f 3313//3313 3312//3312 3314//3314
f 3313//3313 3314//3314 3315//3315
f 3313//3313 3315//3315 3290//3290
f 3313//3313 3290//3290 3297//3297
f 3315//3315 3314//3314 3316//3316
f 3315//3315 3316//3316 3286//3286
f 3315//3315 3286//3286 3285//3285
f 3315//3315 3285//3285 3290//3290
f 3316//3316 3314//3314 2718//2718
f 3316//3316 2718//2718 2717//2717
f 3316//3316 2717//2717 2721//2721
f 3316//3316 2721//2721 3317//3317
f 3316//3316 3317//3317 3287//3287
f 3316//3316 3287//3287 3286//3286
f 3317//3317 2721//2721 3318//3318
f 3317//3317 3318//3318 3319//3319
f 3317//3317 3319//3319 3281//3281
f 3317//3317 3281//3281 3287//3287
f 3319//3319 3318//3318 2755//2755
f 3319//3319 2755//2755 2754//2754
f 3319//3319 2754//2754 2757//2757
f 3319//3319 2757//2757 3281//3281
f 3318//3318 2721//2721 2720//2720
f 3318//3318 2720//2720 3320//3320
f 3318//3318 3320//3320 3321//3321
f 3318//3318 3321//3321 2755//2755
f 3321//3321 3322//3322 2756//2756
f 3321//3321 2756//2756 2755//2755
f 3321//3321 3320//3320 2812//2812
f 3321//3321 2812//2812 3323//3323
f 3321//3321 3323//3323 2847//2847
f 3321//3321 2847//2847 3322//3322
f 3323//3323 2812//2812 2811//2811
f 3323//3323 2811//2811 3324//3324
f 3323//3323 3324//3324 2848//2848
f 3323//3323 2848//2848 2847//2847
f 3324//3324 2811//2811 3325//3325
f 3324//3324 3325//3325 2865//2865
f 3324//3324 2865//2865 2849//2849
f 3324//3324 2849//2849 2848//2848
f 3325//3325 2811//2811 2805//2805
f 3325//3325 2805//2805 2810//2810
f 3325//3325 2810//2810 3326//3326
f 3325//3325 3326//3326 3327//3327
f 3325//3325 3327//3327 2866//2866
f 3325//3325 2866//2866 2865//2865
f 3327//3327 3326//3326 3328//3328
f 3327//3327 3328//3328 3329//3329
f 3327//3327 3329//3329 2867//2867
f 3327//3327 2867//2867 2866//2866
f 3329//3329 3328//3328 3330//3330
f 3329//3329 3330//3330 3331//3331
f 3329//3329 3331//3331 2923//2923
f 3329//3329 2923//2923 2867//2867
f 3331//3331 3330//3330 2931//2931
f 3331//3331 2931//2931 2930//2930
f 3331//3331 2930//2930 2933//2933
f 3331//3331 2933//2933 2923//2923
f 3330//3330 3328//3328 3332//3332
f 3330//3330 3332//3332 3333//3333
f 3330//3330 3333//3333 2893//2893
f 3330//3330 2893//2893 2931//2931
f 3333//3333 3332//3332 3334//3334
f 3333//3333 3334//3334 3335//3335
f 3333//3333 3335//3335 2894//2894
f 3333//3333 2894//2894 2893//2893
f 3335//3335 3334//3334 3336//3336
f 3335//3335 3336//3336 3337//3337
f 3335//3335 3337//3337 2895//2895
f 3335//3335 2895//2895 2894//2894
f 3337//3337 3336//3336 3338//3338
f 3337//3337 3338//3338 3339//3339
f 3337//3337 3339//3339 3340//3340
f 3337//3337 3340//3340 2895//2895
f 3340//3340 3339//3339 3341//3341
f 3340//3340 3341//3341 3079//3079
f 3340//3340 3079//3079 2952//2952
f 3340//3340 2952//2952 2951//2951
f 3340//3340 2951//2951 2896//2896
f 3340//3340 2896//2896 2895//2895
f 3341//3341 3339//3339 3338//3338
f 3341//3341 3338//3338 3342//3342
f 3341//3341 3342//3342 3343//3343
f 3341//3341 3343//3343 3344//3344
f 3341//3341 3344//3344 3080//3080
f 3341//3341 3080//3080 3079//3079
f 3344//3344 3343//3343 3345//3345
f 3344//3344 3345//3345 3346//3346
f 3344//3344 3346//3346 3083//3083
f 3344//3344 3083//3083 3080//3080
f 3346//3346 3345//3345 3074//3074
f 3346//3346 3074//3074 3347//3347
f 3346//3346 3347//3347 3348//3348
f 3346//3346 3348//3348 3083//3083
f 3348//3348 3347//3347 3117//3117
f 3348//3348 3117//3117 3164//3164
f 3348//3348 3164//3164 3349//3349
f 3348//3348 3349//3349 3350//3350
f 3348//3348 3350//3350 3081//3081
f 3348//3348 3081//3081 3083//3083
f 3350//3350 3349//3349 3151//3151
f 3350//3350 3151//3151 3351//3351
f 3350//3350 3351//3351 3082//3082
f 3350//3350 3082//3082 3081//3081
f 3351//3351 3151//3151 3122//3122
f 3351//3351 3122//3122 3352//3352
f 3351//3351 3352//3352 3353//3353
f 3351//3351 3353//3353 3082//3082
f 3353//3353 2932//2932 2936//2936
f 3353//3353 2936//2936 3082//3082
f 3353//3353 3352//3352 3354//3354
f 3353//3353 3354//3354 3355//3355
f 3353//3353 3355//3355 2933//2933
f 3353//3353 2933//2933 2932//2932
f 3355//3355 3354//3354 2925//2925
f 3355//3355 2925//2925 2924//2924
f 3355//3355 2924//2924 2923//2923
f 3355//3355 2923//2923 2933//2933
f 3354//3354 3352//3352 3122//3122
f 3354//3354 3122//3122 3121//3121
f 3354//3354 3121//3121 2947//2947
f 3354//3354 2947//2947 2925//2925
f 3349//3349 3164//3164 3163//3163
f 3349//3349 3163//3163 3356//3356
f 3349//3349 3356//3356 3152//3152
f 3349//3349 3152//3152 3151//3151
f 3356//3356 3163//3163 3167//3167
f 3356//3356 3167//3167 3357//3357
f 3356//3356 3357//3357 3153//3153
f 3356//3356 3153//3153 3152//3152
f 3357//3357 3167//3167 3177//3177
f 3357//3357 3177//3177 3358//3358
f 3357//3357 3358//3358 3359//3359
f 3357//3357 3359//3359 3153//3153
f 3359//3359 3358//3358 3201//3201
f 3359//3359 3201//3201 3200//3200
f 3359//3359 3200//3200 3202//3202
f 3359//3359 3202//3202 3360//3360
f 3359//3359 3360//3360 3154//3154
f 3359//3359 3154//3154 3153//3153
f 3360//3360 3202//3202 3193//3193
f 3360//3360 3193//3193 3192//3192
f 3360//3360 3192//3192 3155//3155
f 3360//3360 3155//3155 3154//3154
f 3358//3358 3177//3177 3176//3176
f 3358//3358 3176//3176 3201//3201
f 3347//3347 3074//3074 3073//3073
f 3347//3347 3073//3073 3117//3117
f 3345//3345 3343//3343 3361//3361
f 3345//3345 3361//3361 3362//3362
f 3345//3345 3362//3362 3070//3070
f 3345//3345 3070//3070 3074//3074
f 3362//3362 3361//3361 3002//3002
f 3362//3362 3002//3002 2996//2996
f 3362//3362 2996//2996 2999//2999
f 3362//3362 2999//2999 3070//3070
f 3361//3361 3363//3363 3364//3364
f 3361//3361 3364//3364 3002//3002
f 3361//3361 3343//3343 3342//3342
f 3361//3361 3342//3342 3363//3363
f 3364//3364 3365//3365 2945//2945
f 3364//3364 2945//2945 3366//3366
f 3364//3364 3366//3366 3003//3003
f 3364//3364 3003//3003 3002//3002
f 3364//3364 3363//3363 3367//3367
f 3364//3364 3367//3367 3365//3365
f 3367//3367 3368//3368 3369//3369
f 3367//3367 3369//3369 3365//3365
f 3367//3367 3363//3363 3342//3342
f 3367//3367 3342//3342 3338//3338
f 3367//3367 3338//3338 3336//3336
f 3367//3367 3336//3336 3368//3368
f 3369//3369 2827//2827 2826//2826
f 3369//3369 2826//2826 2863//2863
f 3369//3369 2863//2863 2945//2945
f 3369//3369 2945//2945 3365//3365
f 3369//3369 3368//3368 3370//3370
f 3369//3369 3370//3370 2827//2827
f 3370//3370 3371//3371 2809//2809
f 3370//3370 2809//2809 2827//2827
f 3370//3370 3368//3368 3336//3336
f 3370//3370 3336//3336 3334//3334
f 3370//3370 3334//3334 3332//3332
f 3370//3370 3332//3332 3371//3371
f 3371//3371 3326//3326 2810//2810
f 3371//3371 2810//2810 2809//2809
f 3371//3371 3332//3332 3328//3328
f 3371//3371 3328//3328 3326//3326
f 3366//3366 3372//3372 3373//3373
f 3366//3366 3373//3373 3003//3003
f 3366//3366 2945//2945 2944//2944
f 3366//3366 2944//2944 3372//3372
f 3373//3373 3374//3374 3375//3375
f 3373//3373 3375//3375 3376//3376
f 3373//3373 3376//3376 3000//3000
f 3373//3373 3000//3000 3003//3003
f 3373//3373 3372//3372 3149//3149
f 3373//3373 3149//3149 3374//3374
f 3376//3376 3375//3375 3377//3377
f 3376//3376 3377//3377 3378//3378
f 3376//3376 3378//3378 3001//3001
f 3376//3376 3001//3001 3000//3000
f 3378//3378 3377//3377 3379//3379
f 3378//3378 3379//3379 3380//3380
f 3378//3378 3380//3380 3381//3381
f 3378//3378 3381//3381 3001//3001
f 3381//3381 3380//3380 3382//3382
f 3381//3381 3382//3382 3383//3383
f 3381//3381 3383//3383 2938//2938
f 3381//3381 2938//2938 2942//2942
f 3381//3381 2942//2942 2997//2997
f 3381//3381 2997//2997 3001//3001
f 3383//3383 3382//3382 2853//2853
f 3383//3383 2853//2853 2852//2852
f 3383//3383 2852//2852 2851//2851
f 3383//3383 2851//2851 2938//2938
f 3382//3382 2918//2918 2917//2917
f 3382//3382 2917//2917 2853//2853
f 3382//3382 3380//3380 3379//3379
f 3382//3382 3379//3379 2918//2918
f 3379//3379 3384//3384 2914//2914
f 3379//3379 2914//2914 2918//2918
f 3379//3379 3377//3377 3385//3385
f 3379//3379 3385//3385 3384//3384
f 3385//3385 3386//3386 3387//3387
f 3385//3385 3387//3387 3384//3384
f 3385//3385 3377//3377 3375//3375
f 3385//3385 3375//3375 3388//3388
f 3385//3385 3388//3388 3389//3389
f 3385//3385 3389//3389 3386//3386
f 3389//3389 3088//3088 3087//3087
f 3389//3389 3087//3087 3386//3386
f 3389//3389 3388//3388 3162//3162
f 3389//3389 3162//3162 3161//3161
f 3389//3389 3161//3161 3156//3156
f 3389//3389 3156//3156 3088//3088
f 3388//3388 3375//3375 3374//3374
f 3388//3388 3374//3374 3162//3162
f 3387//3387 3086//3086 2875//2875
f 3387//3387 2875//2875 2915//2915
f 3387//3387 2915//2915 2914//2914
f 3387//3387 2914//2914 3384//3384
f 3387//3387 3386//3386 3087//3087
f 3387//3387 3087//3087 3086//3086
f 3374//3374 3149//3149 3148//3148
f 3374//3374 3148//3148 3162//3162
f 3372//3372 2944//2944 2946//2946
f 3372//3372 2946//2946 3149//3149
f 3322//3322 2840//2840 3390//3390
f 3322//3322 3390//3390 2756//2756
f 3322//3322 2847//2847 2841//2841
f 3322//3322 2841//2841 2840//2840
f 3390//3390 2793//2793 2792//2792
f 3390//3390 2792//2792 3391//3391
f 3390//3390 3391//3391 2750//2750
f 3390//3390 2750//2750 2756//2756
f 3390//3390 2840//2840 2839//2839
f 3390//3390 2839//2839 2793//2793
f 3391//3391 2792//2792 3392//3392
f 3391//3391 3392//3392 3393//3393
f 3391//3391 3393//3393 2751//2751
f 3391//3391 2751//2751 2750//2750
f 3393//3393 3392//3392 3394//3394
f 3393//3393 3394//3394 3395//3395
f 3393//3393 3395//3395 3396//3396
f 3393//3393 3396//3396 2751//2751
f 3396//3396 3395//3395 2801//2801
f 3396//3396 2801//2801 3397//3397
f 3396//3396 3397//3397 2759//2759
f 3396//3396 2759//2759 2763//2763
f 3396//3396 2763//2763 2752//2752
f 3396//3396 2752//2752 2751//2751
f 3397//3397 2801//2801 2800//2800
f 3397//3397 2800//2800 3398//3398
f 3397//3397 3398//3398 2760//2760
f 3397//3397 2760//2760 2759//2759
f 3398//3398 2800//2800 2803//2803
f 3398//3398 2803//2803 3399//3399
f 3398//3398 3399//3399 3400//3400
f 3398//3398 3400//3400 2760//2760
f 3400//3400 3399//3399 2829//2829
f 3400//3400 2829//2829 2833//2833
f 3400//3400 2833//2833 3401//3401
f 3400//3400 3401//3401 3402//3402
f 3400//3400 3402//3402 2761//2761
f 3400//3400 2761//2761 2760//2760
f 3402//3402 3401//3401 3403//3403
f 3402//3402 3403//3403 3404//3404
f 3402//3402 3404//3404 3405//3405
f 3402//3402 3405//3405 2761//2761
f 3405//3405 3404//3404 2784//2784
f 3405//3405 2784//2784 2783//2783
f 3405//3405 2783//2783 2770//2770
f 3405//3405 2770//2770 2769//2769
f 3405//3405 2769//2769 2764//2764
f 3405//3405 2764//2764 2761//2761
f 3404//3404 3403//3403 2791//2791
f 3404//3404 2791//2791 2784//2784
f 3401//3401 2833//2833 2832//2832
f 3401//3401 2832//2832 3406//3406
f 3401//3401 3406//3406 2857//2857
f 3401//3401 2857//2857 3403//3403
f 3406//3406 3407//3407 2858//2858
f 3406//3406 2858//2858 2857//2857
f 3406//3406 2832//2832 2835//2835
f 3406//3406 2835//2835 3407//3407
f 3407//3407 3408//3408 3409//3409
f 3407//3407 3409//3409 2858//2858
f 3407//3407 2835//2835 3410//3410
f 3407//3407 3410//3410 3408//3408
f 3410//3410 2904//2904 2903//2903
f 3410//3410 2903//2903 3408//3408
f 3410//3410 2835//2835 2834//2834
f 3410//3410 2834//2834 3411//3411
f 3410//3410 3411//3411 2919//2919
f 3410//3410 2919//2919 2904//2904
f 3411//3411 2834//2834 2837//2837
f 3411//3411 2837//2837 3412//3412
f 3411//3411 3412//3412 2981//2981
f 3411//3411 2981//2981 2919//2919
f 3412//3412 2837//2837 2882//2882
f 3412//3412 2882//2882 2970//2970
f 3412//3412 2970//2970 2969//2969
f 3412//3412 2969//2969 2981//2981
f 3409//3409 2907//2907 3413//3413
f 3409//3409 3413//3413 3414//3414
f 3409//3409 3414//3414 2854//2854
f 3409//3409 2854//2854 2858//2858
f 3409//3409 3408//3408 2903//2903
f 3409//3409 2903//2903 2907//2907
f 3414//3414 3413//3413 3415//3415
f 3414//3414 3415//3415 3416//3416
f 3414//3414 3416//3416 2855//2855
f 3414//3414 2855//2855 2854//2854
f 3416//3416 3415//3415 3417//3417
f 3416//3416 3417//3417 3418//3418
f 3416//3416 3418//3418 2993//2993
f 3416//3416 2993//2993 2855//2855
f 3418//3418 3417//3417 2979//2979
f 3418//3418 2979//2979 2978//2978
f 3418//3418 2978//2978 2977//2977
f 3418//3418 2977//2977 2993//2993
f 3417//3417 3105//3105 3077//3077
f 3417//3417 3077//3077 2979//2979
f 3417//3417 3415//3415 3419//3419
f 3417//3417 3419//3419 3105//3105
f 3419//3419 3420//3420 3106//3106
f 3419//3419 3106//3106 3105//3105
f 3419//3419 3415//3415 3413//3413
f 3419//3419 3413//3413 3421//3421
f 3419//3419 3421//3421 3422//3422
f 3419//3419 3422//3422 3420//3420
f 3422//3422 2988//2988 2990//2990
f 3422//3422 2990//2990 3420//3420
f 3422//3422 3421//3421 2906//2906
f 3422//3422 2906//2906 2909//2909
f 3422//3422 2909//2909 2989//2989
f 3422//3422 2989//2989 2988//2988
f 3421//3421 3413//3413 2907//2907
f 3421//3421 2907//2907 2906//2906
f 3420//3420 2990//2990 3138//3138
f 3420//3420 3138//3138 3106//3106
f 3399//3399 2803//2803 2830//2830
f 3399//3399 2830//2830 2829//2829
f 3395//3395 3394//3394 2795//2795
f 3395//3395 2795//2795 2801//2801
f 3394//3394 3423//3423 2796//2796
f 3394//3394 2796//2796 2795//2795
f 3394//3394 3392//3392 3424//3424
f 3394//3394 3424//3424 3423//3423
f 3424//3424 3425//3425 2734//2734
f 3424//3424 2734//2734 3423//3423
f 3424//3424 3392//3392 2792//2792
f 3424//3424 2792//2792 2777//2777
f 3424//3424 2777//2777 2747//2747
f 3424//3424 2747//2747 3425//3425
f 3425//3425 3426//3426 2730//2730
f 3425//3425 2730//2730 2734//2734
f 3425//3425 2747//2747 2746//2746
f 3425//3425 2746//2746 3426//3426
f 3426//3426 3427//3427 2731//2731
f 3426//3426 2731//2731 2730//2730
f 3426//3426 2746//2746 2745//2745
f 3426//3426 2745//2745 3427//3427
f 3427//3427 3216//3216 3209//3209
f 3427//3427 3209//3209 2731//2731
f 3427//3427 2745//2745 3217//3217
f 3427//3427 3217//3217 3216//3216
f 3423//3423 2734//2734 2733//2733
f 3423//3423 2733//2733 2796//2796
f 3320//3320 2720//2720 2719//2719
f 3320//3320 2719//2719 2812//2812
f 3314//3314 3312//3312 3428//3428
f 3314//3314 3428//3428 2718//2718
f 3428//3428 3429//3429 3430//3430
f 3428//3428 3430//3430 3431//3431
f 3428//3428 3431//3431 2712//2712
f 3428//3428 2712//2712 2718//2718
f 3428//3428 3312//3312 3311//3311
f 3428//3428 3311//3311 3429//3429
f 3431//3431 3430//3430 3234//3234
f 3431//3431 3234//3234 3432//3432
f 3431//3431 3432//3432 2713//2713
f 3431//3431 2713//2713 2712//2712
f 3432//3432 3234//3234 3230//3230
f 3432//3432 3230//3230 3229//3229
f 3432//3432 3229//3229 3433//3433
f 3432//3432 3433//3433 2713//2713
f 3433//3433 3229//3229 3225//3225
f 3433//3433 3225//3225 3224//3224
f 3433//3433 3224//3224 2774//2774
f 3433//3433 2774//2774 2776//2776
f 3433//3433 2776//2776 2714//2714
f 3433//3433 2714//2714 2713//2713
f 3430//3430 3239//3239 3235//3235
f 3430//3430 3235//3235 3234//3234
f 3430//3430 3429//3429 3434//3434
f 3430//3430 3434//3434 3239//3239
f 3434//3434 3244//3244 3240//3240
f 3434//3434 3240//3240 3239//3239
f 3434//3434 3429//3429 3311//3311
f 3434//3434 3311//3311 3310//3310
f 3434//3434 3310//3310 3435//3435
f 3434//3434 3435//3435 3244//3244
f 3435//3435 3248//3248 3245//3245
f 3435//3435 3245//3245 3244//3244
f 3435//3435 3310//3310 3308//3308
f 3435//3435 3308//3308 3307//3307
f 3435//3435 3307//3307 3255//3255
f 3435//3435 3255//3255 3248//3248
f 3307//3307 3305//3305 3256//3256
f 3307//3307 3256//3256 3255//3255
f 3305//3305 3304//3304 3257//3257
f 3305//3305 3257//3257 3256//3256
f 3304//3304 2699//2699 3259//3259
f 3304//3304 3259//3259 3257//3257
f 3291//3291 2724//2724 2723//2723
f 3291//3291 2723//2723 2710//2710
f 3277//3277 2752//2752 2763//2763
f 3277//3277 2763//2763 2762//2762
f 3277//3277 2762//2762 3272//3272
f 3277//3277 3272//3272 3271//3271
f 3277//3277 3276//3276 2753//2753
f 3277//3277 2753//2753 2752//2752
f 3274//3274 3273//3273 2727//2727
f 3274//3274 2727//2727 2726//2726
f 3272//3272 2762//2762 2764//2764
f 3272//3272 2764//2764 2771//2771
f 3272//3272 2771//2771 2772//2772
f 3272//3272 2772//2772 3267//3267
f 3264//3264 3261//3261 2703//2703
f 3264//3264 2703//2703 2702//2702
f 3263//3263 2772//2772 2738//2738
f 3263//3263 2738//2738 2737//2737
f 3259//3259 2699//2699 2698//2698
f 3259//3259 2698//2698 2703//2703
f 3255//3255 3252//3252 3249//3249
f 3255//3255 3249//3249 3248//3248
f 3251//3251 2770//2770 2783//2783
f 3251//3251 2783//2783 2782//2782
f 3251//3251 2782//2782 2786//2786
f 3251//3251 2786//2786 3247//3247
f 3251//3251 2766//2766 2765//2765
f 3251//3251 2765//2765 2770//2770
f 3243//3243 2785//2785 2788//2788
f 3243//3243 2788//2788 3436//3436
f 3243//3243 3436//3436 3238//3238
f 3243//3243 3238//3238 3237//3237
f 3243//3243 3242//3242 2786//2786
f 3243//3243 2786//2786 2785//2785
f 3436//3436 2788//2788 2799//2799
f 3436//3436 2799//2799 2798//2798
f 3436//3436 2798//2798 3437//3437
f 3436//3436 3437//3437 3238//3238
f 3437//3437 2798//2798 2797//2797
f 3437//3437 2797//2797 3438//3438
f 3437//3437 3438//3438 3439//3439
f 3437//3437 3439//3439 3233//3233
f 3437//3437 3233//3233 3232//3232
f 3437//3437 3232//3232 3238//3238
f 3439//3439 3438//3438 3205//3205
f 3439//3439 3205//3205 3204//3204
f 3439//3439 3204//3204 3208//3208
f 3439//3439 3208//3208 3228//3228
f 3439//3439 3228//3228 3227//3227
f 3439//3439 3227//3227 3233//3233
f 3438//3438 2797//2797 2735//2735
f 3438//3438 2735//2735 3205//3205
f 3228//3228 3208//3208 3219//3219
f 3228//3228 3219//3219 3223//3223
f 3224//3224 3221//3221 2749//2749
f 3224//3224 2749//2749 2774//2774
f 3219//3219 3208//3208 3207//3207
f 3219//3219 3207//3207 3215//3215
f 3216//3216 3215//3215 3207//3207
f 3216//3216 3207//3207 3209//3209
f 3213//3213 3212//3212 3440//3440
f 3213//3213 3440//3440 3441//3441
f 3213//3213 3441//3441 3442//3442
f 3213//3213 3442//3442 3143//3143
f 3442//3442 3119//3119 3118//3118
f 3442//3442 3118//3118 3143//3143
f 3442//3442 3441//3441 3170//3170
f 3442//3442 3170//3170 3169//3169
f 3442//3442 3169//3169 3443//3443
f 3442//3442 3443//3443 3119//3119
f 3443//3443 3444//3444 3102//3102
f 3443//3443 3102//3102 3119//3119
f 3443//3443 3169//3169 3168//3168
f 3443//3443 3168//3168 3173//3173
f 3443//3443 3173//3173 3445//3445
f 3443//3443 3445//3445 3444//3444
f 3445//3445 3446//3446 2966//2966
f 3445//3445 2966//2966 3444//3444
f 3445//3445 3173//3173 3172//3172
f 3445//3445 3172//3172 3447//3447
f 3445//3445 3447//3447 3448//3448
f 3445//3445 3448//3448 3446//3446
f 3448//3448 3449//3449 3450//3450
f 3448//3448 3450//3450 3446//3446
f 3448//3448 3447//3447 3451//3451
f 3448//3448 3451//3451 3452//3452
f 3448//3448 3452//3452 3453//3453
f 3448//3448 3453//3453 3449//3449
f 3453//3453 3454//3454 3455//3455
f 3453//3453 3455//3455 3449//3449
f 3453//3453 3452//3452 3456//3456
f 3453//3453 3456//3456 3457//3457
f 3453//3453 3457//3457 3458//3458
f 3453//3453 3458//3458 3454//3454
f 3458//3458 3059//3059 3061//3061
f 3458//3458 3061//3061 3454//3454
f 3458//3458 3457//3457 3459//3459
f 3458//3458 3459//3459 3460//3460
f 3458//3458 3460//3460 3060//3060
f 3458//3458 3060//3060 3059//3059
f 3460//3460 3459//3459 3461//3461
f 3460//3460 3461//3461 3462//3462
f 3460//3460 3462//3462 3042//3042
f 3460//3460 3042//3042 3060//3060
f 3462//3462 3461//3461 3463//3463
f 3462//3462 3463//3463 3464//3464
f 3462//3462 3464//3464 3038//3038
f 3462//3462 3038//3038 3042//3042
f 3464//3464 3463//3463 2963//2963
f 3464//3464 2963//2963 2965//2965
f 3464//3464 2965//2965 3039//3039
f 3464//3464 3039//3039 3038//3038
f 3463//3463 3461//3461 3465//3465
f 3463//3463 3465//3465 2815//2815
f 3463//3463 2815//2815 2814//2814
f 3463//3463 2814//2814 2963//2963
f 3465//3465 3461//3461 3459//3459
f 3465//3465 3459//3459 3466//3466
f 3465//3465 3466//3466 2790//2790
f 3465//3465 2790//2790 2789//2789
f 3465//3465 2789//2789 2791//2791
f 3465//3465 2791//2791 2815//2815
f 3455//3455 3133//3133 3132//3132
f 3455//3455 3132//3132 3467//3467
f 3455//3455 3467//3467 3450//3450
f 3455//3455 3450//3450 3449//3449
f 3455//3455 3454//3454 3061//3061
f 3455//3455 3061//3061 3133//3133
f 3467//3467 3132//3132 3468//3468
f 3467//3467 3468//3468 2968//2968
f 3467//3467 2968//2968 2967//2967
f 3467//3467 2967//2967 3450//3450
f 3468//3468 3095//3095 3093//3093
f 3468//3468 3093//3093 3094//3094
f 3468//3468 3094//3094 2964//2964
f 3468//3468 2964//2964 2968//2968
f 3468//3468 3132//3132 3131//3131
f 3468//3468 3131//3131 3095//3095
f 3452//3452 3451//3451 3469//3469
f 3452//3452 3469//3469 3456//3456
f 3469//3469 3451//3451 3470//3470
f 3469//3469 3470//3470 3008//3008
f 3469//3469 3008//3008 3007//3007
f 3469//3469 3007//3007 3471//3471
f 3469//3469 3471//3471 3472//3472
f 3469//3469 3472//3472 3456//3456
f 3470//3470 3451//3451 3447//3447
f 3470//3470 3447//3447 3172//3172
f 3470//3470 3172//3172 3171//3171
f 3470//3470 3171//3171 3473//3473
f 3470//3470 3473//3473 3009//3009
f 3470//3470 3009//3009 3008//3008
f 3473//3473 3171//3171 3170//3170
f 3473//3473 3170//3170 3474//3474
f 3473//3473 3474//3474 3010//3010
f 3473//3473 3010//3010 3009//3009
f 3474//3474 3170//3170 3441//3441
f 3474//3474 3441//3441 3440//3440
f 3474//3474 3440//3440 3027//3027
f 3474//3474 3027//3027 3010//3010
f 3450//3450 2967//2967 2966//2966
f 3450//3450 2966//2966 3446//3446
f 3444//3444 2966//2966 2962//2962
f 3444//3444 2962//2962 3102//3102
f 3440//3440 3212//3212 3028//3028
f 3440//3440 3028//3028 3027//3027
f 3212//3212 3211//3211 3031//3031
f 3212//3212 3031//3031 3028//3028
f 3211//3211 3035//3035 3034//3034
f 3211//3211 3034//3034 3031//3031
f 3209//3209 3206//3206 2732//2732
f 3209//3209 2732//2732 2731//2731
f 3206//3206 3205//3205 2735//2735
f 3206//3206 2735//2735 2732//2732
f 3202//3202 3199//3199 3194//3194
f 3202//3202 3194//3194 3193//3193
f 3201//3201 3176//3176 3475//3475
f 3201//3201 3475//3475 3197//3197
f 3475//3475 3176//3176 3175//3175
f 3475//3475 3175//3175 3476//3476
f 3475//3475 3476//3476 3477//3477
f 3475//3475 3477//3477 3478//3478
f 3475//3475 3478//3478 3198//3198
f 3475//3475 3198//3198 3197//3197
f 3478//3478 3477//3477 3187//3187
f 3478//3478 3187//3187 3189//3189
f 3478//3478 3189//3189 3479//3479
f 3478//3478 3479//3479 3198//3198
f 3479//3479 3189//3189 3184//3184
f 3479//3479 3184//3184 3183//3183
f 3479//3479 3183//3183 3195//3195
f 3479//3479 3195//3195 3194//3194
f 3479//3479 3194//3194 3199//3199
f 3479//3479 3199//3199 3198//3198
f 3477//3477 3476//3476 3480//3480
f 3477//3477 3480//3480 3481//3481
f 3477//3477 3481//3481 3188//3188
f 3477//3477 3188//3188 3187//3187
f 3481//3481 3482//3482 3160//3160
f 3481//3481 3160//3160 3188//3188
f 3481//3481 3480//3480 3150//3150
f 3481//3481 3150//3150 3482//3482
f 3482//3482 3110//3110 3109//3109
f 3482//3482 3109//3109 3160//3160
f 3482//3482 3150//3150 3113//3113
f 3482//3482 3113//3113 3110//3110
f 3480//3480 3476//3476 3175//3175
f 3480//3480 3175//3175 3165//3165
f 3480//3480 3165//3165 3115//3115
f 3480//3480 3115//3115 3150//3150
f 3192//3192 3191//3191 3483//3483
f 3192//3192 3483//3483 3155//3155
f 3483//3483 3484//3484 3127//3127
f 3483//3483 3127//3127 3155//3155
f 3483//3483 3191//3191 3181//3181
f 3483//3483 3181//3181 3180//3180
f 3483//3483 3180//3180 3179//3179
f 3483//3483 3179//3179 3484//3484
f 3484//3484 3485//3485 3128//3128
f 3484//3484 3128//3128 3127//3127
f 3484//3484 3179//3179 3486//3486
f 3484//3484 3486//3486 3485//3485
f 3486//3486 3137//3137 3487//3487
f 3486//3486 3487//3487 3485//3485
f 3486//3486 3179//3179 3159//3159
f 3486//3486 3159//3159 3158//3158
f 3486//3486 3158//3158 3135//3135
f 3486//3486 3135//3135 3137//3137
f 3487//3487 3488//3488 3489//3489
f 3487//3487 3489//3489 3129//3129
f 3487//3487 3129//3129 3128//3128
f 3487//3487 3128//3128 3485//3485
f 3487//3487 3137//3137 3136//3136
f 3487//3487 3136//3136 3488//3488
f 3489//3489 3099//3099 3098//3098
f 3489//3489 3098//3098 3490//3490
f 3489//3489 3490//3490 3125//3125
f 3489//3489 3125//3125 3129//3129
f 3489//3489 3488//3488 3100//3100
f 3489//3489 3100//3100 3099//3099
f 3490//3490 3098//3098 3491//3491
f 3490//3490 3491//3491 3492//3492
f 3490//3490 3492//3492 3126//3126
f 3490//3490 3126//3126 3125//3125
f 3492//3492 3491//3491 3493//3493
f 3492//3492 3493//3493 2912//2912
f 3492//3492 2912//2912 2911//2911
f 3492//3492 2911//2911 3126//3126
f 3493//3493 3054//3054 3494//3494
f 3493//3493 3494//3494 3495//3495
f 3493//3493 3495//3495 2908//2908
f 3493//3493 2908//2908 2912//2912
f 3493//3493 3491//3491 3051//3051
f 3493//3493 3051//3051 3054//3054
f 3495//3495 3494//3494 2985//2985
f 3495//3495 2985//2985 2989//2989
f 3495//3495 2989//2989 2909//2909
f 3495//3495 2909//2909 2908//2908
f 3494//3494 3045//3045 2986//2986
f 3494//3494 2986//2986 2985//2985
f 3494//3494 3054//3054 3046//3046
f 3494//3494 3046//3046 3045//3045
f 3491//3491 3098//3098 3052//3052
f 3491//3491 3052//3052 3051//3051
f 3488//3488 3136//3136 3496//3496
f 3488//3488 3496//3496 3100//3100
f 3496//3496 3049//3049 3101//3101
f 3496//3496 3101//3101 3100//3100
f 3496//3496 3136//3136 3138//3138
f 3496//3496 3138//3138 3497//3497
f 3496//3496 3497//3497 3048//3048
f 3496//3496 3048//3048 3049//3049
f 3497//3497 3138//3138 2990//2990
f 3497//3497 2990//2990 2987//2987
f 3497//3497 2987//2987 2986//2986
f 3497//3497 2986//2986 3048//3048
f 3188//3188 3160//3160 3157//3157
f 3188//3188 3157//3157 3186//3186
f 3186//3186 3157//3157 3159//3159
f 3186//3186 3159//3159 3178//3178
f 3158//3158 3103//3103 3078//3078
f 3158//3158 3078//3078 3135//3135
f 3145//3145 3144//3144 2959//2959
f 3145//3145 2959//2959 3498//3498
f 3145//3145 3498//3498 3092//3092
f 3145//3145 3092//3092 3091//3091
f 3145//3145 3091//3091 3090//3090
f 3145//3145 3090//3090 3140//3140
f 3498//3498 2959//2959 2958//2958
f 3498//3498 2958//2958 3499//3499
f 3498//3498 3499//3499 3500//3500
f 3498//3498 3500//3500 3092//3092
f 3500//3500 3499//3499 3064//3064
f 3500//3500 3064//3064 3063//3063
f 3500//3500 3063//3063 3067//3067
f 3500//3500 3067//3067 2880//2880
f 3500//3500 2880//2880 2879//2879
f 3500//3500 2879//2879 3092//3092
f 3499//3499 2958//2958 2957//2957
f 3499//3499 2957//2957 3064//3064
f 3131//3131 3057//3057 3043//3043
f 3131//3131 3043//3043 3095//3095
f 3126//3126 2911//2911 2910//2910
f 3126//3126 2910//2910 3124//3124
f 3124//3124 2910//2910 2921//2921
f 3124//3124 2921//2921 2947//2947
f 3112//3112 3111//3111 2940//2940
f 3112//3112 2940//2940 2949//2949
f 3111//3111 2998//2998 2941//2941
f 3111//3111 2941//2941 2940//2940
f 3111//3111 3071//3071 2999//2999
f 3111//3111 2999//2999 2998//2998
f 3108//3108 2973//2973 2972//2972
f 3108//3108 2972//2972 3104//3104
f 3104//3104 2972//2972 2971//2971
f 3104//3104 2971//2971 3076//3076
f 3101//3101 3049//3049 3047//3047
f 3101//3101 3047//3047 3053//3053
f 3096//3096 2957//2957 2956//2956
f 3096//3096 2956//2956 3024//3024
f 3096//3096 3022//3022 3068//3068
f 3096//3096 3068//3068 3065//3065
f 3096//3096 3065//3065 3064//3064
f 3096//3096 3064//3064 2957//2957
f 3094//3094 3039//3039 2965//2965
f 3094//3094 2965//2965 2964//2964
f 3086//3086 3085//3085 2876//2876
f 3086//3086 2876//2876 2875//2875
f 3085//3085 2878//2878 2877//2877
f 3085//3085 2877//2877 2876//2876
f 3068//3068 3017//3017 3014//3014
f 3068//3068 3014//3014 3066//3066
f 3068//3068 3022//3022 3021//3021
f 3068//3068 3021//3021 3017//3017
f 3067//3067 3066//3066 3014//3014
f 3067//3067 3014//3014 3013//3013
f 3067//3067 3013//3013 2822//2822
f 3067//3067 2822//2822 2880//2880
f 3060//3060 3042//3042 3041//3041
f 3060//3060 3041//3041 3056//3056
f 3057//3057 3056//3056 3041//3041
f 3057//3057 3041//3041 3043//3043
f 3034//3034 2881//2881 2836//2836
f 3034//3034 2836//2836 3501//3501
f 3034//3034 3501//3501 3029//3029
f 3034//3034 3029//3029 3031//3031
f 3030//3030 3502//3502 3503//3503
f 3030//3030 3503//3503 3006//3006
f 3030//3030 3006//3006 3005//3005
f 3030//3030 3005//3005 3026//3026
f 3030//3030 3029//3029 3501//3501
f 3030//3030 3501//3501 3502//3502
f 3027//3027 3026//3026 3005//3005
f 3027//3027 3005//3005 3010//3010
f 3024//3024 2956//2956 2955//2955
f 3024//3024 2955//2955 3019//3019
f 3021//3021 3020//3020 3015//3015
f 3021//3021 3015//3015 3017//3017
f 3020//3020 3504//3504 3016//3016
f 3020//3020 3016//3016 3015//3015
f 3020//3020 3019//3019 2955//2955
f 3020//3020 2955//2955 3504//3504
f 3504//3504 3505//3505 3506//3506
f 3504//3504 3506//3506 3016//3016
f 3504//3504 2955//2955 2954//2954
f 3504//3504 2954//2954 3505//3505
f 3506//3506 3507//3507 2820//2820
f 3506//3506 2820//2820 2823//2823
f 3506//3506 2823//2823 3012//3012
f 3506//3506 3012//3012 3016//3016
f 3506//3506 3505//3505 3508//3508
f 3506//3506 3508//3508 3507//3507
f 3508//3508 2807//2807 3509//3509
f 3508//3508 3509//3509 3507//3507
f 3508//3508 3505//3505 2954//2954
f 3508//3508 2954//2954 2824//2824
f 3508//3508 2824//2824 2808//2808
f 3508//3508 2808//2808 2807//2807
f 3509//3509 3510//3510 2780//2780
f 3509//3509 2780//2780 2821//2821
f 3509//3509 2821//2821 2820//2820
f 3509//3509 2820//2820 3507//3507
f 3509//3509 2807//2807 2806//2806
f 3509//3509 2806//2806 3510//3510
f 3510//3510 2715//2715 2775//2775
f 3510//3510 2775//2775 2780//2780
f 3510//3510 2806//2806 2716//2716
f 3510//3510 2716//2716 2715//2715
f 3013//3013 3012//3012 2823//2823
f 3013//3013 2823//2823 2822//2822
f 3007//3007 3006//3006 3503//3503
f 3007//3007 3503//3503 3471//3471
f 2998//2998 2997//2997 2942//2942
f 2998//2998 2942//2942 2941//2941
f 2995//2995 2977//2977 2888//2888
f 2995//2995 2888//2888 2884//2884
f 2993//2993 2992//2992 2856//2856
f 2993//2993 2856//2856 2855//2855
f 2992//2992 2961//2961 2859//2859
f 2992//2992 2859//2859 2856//2856
f 2981//2981 2980//2980 2920//2920
f 2981//2981 2920//2920 2919//2919
f 2980//2980 2872//2872 2870//2870
f 2980//2980 2870//2870 2920//2920
f 2970//2970 2882//2882 2886//2886
f 2970//2970 2886//2886 2899//2899
f 2954//2954 2861//2861 2825//2825
f 2954//2954 2825//2825 2824//2824
f 2948//2948 2939//2939 2871//2871
f 2948//2948 2871//2871 2872//2872
f 2939//2939 2851//2851 2850//2850
f 2939//2939 2850//2850 2871//2871
f 2931//2931 2893//2893 2892//2892
f 2931//2931 2892//2892 2927//2927
f 2928//2928 2927//2927 2892//2892
f 2928//2928 2892//2892 2897//2897
f 2917//2917 2844//2844 2843//2843
f 2917//2917 2843//2843 2853//2853
f 2916//2916 2915//2915 2875//2875
f 2916//2916 2875//2875 2874//2874
f 2916//2916 2874//2874 2845//2845
f 2916//2916 2845//2845 2844//2844
f 2877//2877 2816//2816 2819//2819
f 2877//2877 2819//2819 2846//2846
f 3466//3466 3511//3511 3512//3512
f 3466//3466 3512//3512 2790//2790
f 3512//3512 3511//3511 3513//3513
f 3512//3512 3513//3513 3514//3514
f 3512//3512 3514//3514 2802//2802
f 3512//3512 2802//2802 2804//2804
f 3512//3512 2804//2804 2787//2787
f 3512//3512 2787//2787 2790//2790
f 3514//3514 3513//3513 2831//2831
f 3514//3514 2831//2831 2830//2830
f 3514//3514 2830//2830 2803//2803
f 3514//3514 2803//2803 2802//2802
f 3511//3511 3503//3503 3502//3502
f 3511//3511 3502//3502 3513//3513
f 3472//3472 3471//3471 3503//3503
f 3472//3472 3503//3503 3511//3511
f 3472//3472 3511//3511 3466//3466
f 3472//3472 3466//3466 3459//3459
f 3472//3472 3459//3459 3457//3457
f 3472//3472 3457//3457 3456//3456
f 2839//2839 2818//2818 2778//2778
f 2839//2839 2778//2778 2793//2793
f 2831//2831 3513//3513 3502//3502
f 2831//2831 3502//3502 3501//3501
f 2831//2831 3501//3501 2836//2836
f 2831//2831 2836//2836 2828//2828
f 2821//2821 2780//2780 2779//2779
f 2821//2821 2779//2779 2817//2817
f 2818//2818 2817//2817 2779//2779
f 2818//2818 2779//2779 2778//2778
f 2804//2804 2799//2799 2788//2788
f 2804//2804 2788//2788 2787//2787
f 2797//2797 2796//2796 2733//2733
f 2797//2797 2733//2733 2735//2735
f 2776//2776 2775//2775 2715//2715
f 2776//2776 2715//2715 2714//2714
f 2768//2768 2767//2767 2739//2739
f 2768//2768 2739//2739 2738//2738
f 2728//2728 2708//2708 2710//2710
f 2728//2728 2710//2710 2723//2723
f 2791//2791 3403//3403 2857//2857
f 2791//2791 2857//2857 2813//2813
f 3515//3515 3516//3516 3517//3517
f 3515//3515 3517//3517 3518//3518
f 3515//3515 3518//3518 3519//3519
f 3515//3515 3519//3519 3520//3520
f 3515//3515 3520//3520 3521//3521
f 3515//3515 3521//3521 3516//3516
f 3522//3522 3523//3523 3524//3524
f 3522//3522 3524//3524 3525//3525
f 3522//3522 3526//3526 3527//3527
f 3522//3522 3527//3527 3523//3523
f 3522//3522 3525//3525 3528//3528
f 3522//3522 3528//3528 3526//3526
f 3529//3529 3530//3530 3531//3531
f 3529//3529 3531//3531 3532//3532
f 3529//3529 3532//3532 3533//3533
f 3529//3529 3533//3533 3534//3534
f 3529//3529 3534//3534 3535//3535
f 3529//3529 3535//3535 3530//3530
f 3536//3536 3537//3537 3538//3538
f 3536//3536 3538//3538 3539//3539
f 3536//3536 3539//3539 3533//3533
f 3536//3536 3533//3533 3532//3532
f 3540//3540 3541//3541 3542//3542
f 3540//3540 3542//3542 3543//3543
f 3540//3540 3544//3544 3545//3545
f 3540//3540 3545//3545 3541//3541
f 3540//3540 3546//3546 3547//3547
f 3540//3540 3547//3547 3544//3544
f 3548//3548 3549//3549 3550//3550
f 3548//3548 3550//3550 3551//3551
f 3548//3548 3551//3551 3552//3552
f 3548//3548 3552//3552 3553//3553
f 3548//3548 3553//3553 3554//3554
f 3548//3548 3554//3554 3549//3549
f 3555//3555 3556//3556 3557//3557
f 3555//3555 3557//3557 3558//3558
f 3555//3555 3558//3558 3559//3559
f 3555//3555 3559//3559 3560//3560
f 3555//3555 3560//3560 3561//3561
f 3555//3555 3561//3561 3556//3556
f 3562//3562 3563//3563 3564//3564
f 3562//3562 3564//3564 3565//3565
f 3562//3562 3565//3565 3566//3566
f 3562//3562 3566//3566 3567//3567
f 3562//3562 3567//3567 3568//3568
f 3562//3562 3568//3568 3563//3563
f 3569//3569 3570//3570 3571//3571
f 3569//3569 3571//3571 3572//3572
f 3569//3569 3572//3572 3573//3573
f 3569//3569 3573//3573 3574//3574
f 3569//3569 3574//3574 3575//3575
f 3569//3569 3575//3575 3570//3570
f 3547//3547 3546//3546 3576//3576
f 3547//3547 3576//3576 3577//3577
f 3547//3547 3578//3578 3579//3579
f 3547//3547 3579//3579 3580//3580
f 3547//3547 3577//3577 3581//3581
f 3547//3547 3581//3581 3578//3578
f 3582//3582 3583//3583 3584//3584
f 3582//3582 3584//3584 3585//3585
f 3582//3582 3586//3586 3587//3587
f 3582//3582 3587//3587 3583//3583
f 3582//3582 3588//3588 3589//3589
f 3582//3582 3589//3589 3586//3586
f 3582//3582 3590//3590 3591//3591
f 3582//3582 3591//3591 3588//3588
f 3582//3582 3585//3585 3592//3592
f 3582//3582 3592//3592 3590//3590
f 3593//3593 3567//3567 3566//3566
f 3593//3593 3566//3566 3594//3594
f 3593//3593 3594//3594 3595//3595
f 3593//3593 3595//3595 3596//3596
f 3593//3593 3596//3596 3585//3585
f 3593//3593 3585//3585 3584//3584
f 3597//3597 3598//3598 3599//3599
f 3597//3597 3599//3599 3600//3600
f 3597//3597 3600//3600 3601//3601
f 3597//3597 3601//3601 3602//3602
f 3597//3597 3603//3603 3604//3604
f 3597//3597 3604//3604 3598//3598
f 3603//3603 3605//3605 3606//3606
f 3603//3603 3606//3606 3604//3604
f 3603//3603 3607//3607 3608//3608
f 3603//3603 3608//3608 3605//3605
f 3603//3603 3609//3609 3610//3610
f 3603//3603 3610//3610 3607//3607
f 3594//3594 3611//3611 3612//3612
f 3594//3594 3612//3612 3595//3595
f 3613//3613 3614//3614 3615//3615
f 3613//3613 3615//3615 3616//3616
f 3617//3617 3579//3579 3614//3614
f 3617//3617 3614//3614 3613//3613
f 3613//3613 3616//3616 3618//3618
f 3613//3613 3618//3618 3617//3617
f 3619//3619 3588//3588 3591//3591
f 3619//3619 3591//3591 3620//3620
f 3619//3619 3620//3620 3621//3621
f 3619//3619 3621//3621 3622//3622
f 3619//3619 3622//3622 3623//3623
f 3619//3619 3623//3623 3624//3624
f 3625//3625 3626//3626 3627//3627
f 3625//3625 3627//3627 3628//3628
f 3629//3629 3630//3630 3626//3626
f 3629//3629 3626//3626 3625//3625
f 3625//3625 3628//3628 3631//3631
f 3625//3625 3631//3631 3629//3629
f 3632//3632 3633//3633 3634//3634
f 3632//3632 3634//3634 3635//3635
f 3632//3632 3635//3635 3636//3636
f 3632//3632 3636//3636 3637//3637
f 3632//3632 3638//3638 3592//3592
f 3632//3632 3592//3592 3633//3633
f 3632//3632 3639//3639 3640//3640
f 3632//3632 3640//3640 3638//3638
f 3632//3632 3637//3637 3641//3641
f 3632//3632 3641//3641 3639//3639
f 3642//3642 3643//3643 3644//3644
f 3642//3642 3644//3644 3645//3645
f 3642//3642 3645//3645 3646//3646
f 3642//3642 3646//3646 3647//3647
f 3642//3642 3648//3648 3649//3649
f 3642//3642 3649//3649 3643//3643
f 3642//3642 3650//3650 3651//3651
f 3642//3642 3651//3651 3648//3648
f 3642//3642 3647//3647 3652//3652
f 3642//3642 3652//3652 3650//3650
f 3581//3581 3577//3577 3653//3653
f 3581//3581 3653//3653 3654//3654
f 3581//3581 3655//3655 3656//3656
f 3581//3581 3656//3656 3657//3657
f 3581//3581 3654//3654 3658//3658
f 3581//3581 3658//3658 3655//3655
f 3647//3647 3659//3659 3660//3660
f 3647//3647 3660//3660 3661//3661
f 3647//3647 3661//3661 3662//3662
f 3647//3647 3662//3662 3652//3652
f 3621//3621 3620//3620 3663//3663
f 3621//3621 3663//3663 3664//3664
f 3621//3621 3664//3664 3665//3665
f 3621//3621 3665//3665 3666//3666
f 3621//3621 3666//3666 3667//3667
f 3621//3621 3667//3667 3668//3668
f 3621//3621 3668//3668 3669//3669
f 3621//3621 3669//3669 3622//3622
f 3644//3644 3670//3670 3671//3671
f 3644//3644 3671//3671 3645//3645
f 3644//3644 3643//3643 3672//3672
f 3644//3644 3672//3672 3670//3670
f 3637//3637 3673//3673 3674//3674
f 3637//3637 3674//3674 3675//3675
f 3637//3637 3675//3675 3676//3676
f 3637//3637 3676//3676 3641//3641
f 3637//3637 3636//3636 3671//3671
f 3637//3637 3671//3671 3673//3673
f 3677//3677 3628//3628 3678//3678
f 3677//3677 3678//3678 3679//3679
f 3677//3677 3679//3679 3680//3680
f 3677//3677 3680//3680 3681//3681
f 3677//3677 3681//3681 3682//3682
f 3677//3677 3682//3682 3683//3683
f 3677//3677 3684//3684 3631//3631
f 3677//3677 3631//3631 3628//3628
f 3685//3685 3686//3686 3687//3687
f 3685//3685 3687//3687 3688//3688
f 3685//3685 3689//3689 3690//3690
f 3685//3685 3690//3690 3686//3686
f 3685//3685 3691//3691 3692//3692
f 3685//3685 3692//3692 3689//3689
f 3685//3685 3688//3688 3693//3693
f 3685//3685 3693//3693 3694//3694
f 3685//3685 3694//3694 3695//3695
f 3685//3685 3695//3695 3691//3691
f 3656//3656 3696//3696 3697//3697
f 3656//3656 3697//3697 3698//3698
f 3656//3656 3655//3655 3699//3699
f 3656//3656 3699//3699 3696//3696
f 3656//3656 3698//3698 3687//3687
f 3656//3656 3687//3687 3686//3686
f 3656//3656 3686//3686 3690//3690
f 3656//3656 3690//3690 3657//3657
f 3700//3700 3701//3701 3702//3702
f 3700//3700 3702//3702 3649//3649
f 3700//3700 3649//3649 3648//3648
f 3700//3700 3648//3648 3703//3703
f 3700//3700 3703//3703 3704//3704
f 3700//3700 3704//3704 3701//3701
f 3705//3705 3706//3706 3707//3707
f 3705//3705 3707//3707 3708//3708
f 3705//3705 3709//3709 3710//3710
f 3705//3705 3710//3710 3706//3706
f 3705//3705 3708//3708 3711//3711
f 3705//3705 3711//3711 3709//3709
f 3712//3712 3713//3713 3714//3714
f 3712//3712 3714//3714 3715//3715
f 3712//3712 3716//3716 3717//3717
f 3712//3712 3717//3717 3718//3718
f 3712//3712 3718//3718 3719//3719
f 3712//3712 3719//3719 3713//3713
f 3720//3720 3721//3721 3699//3699
f 3720//3720 3699//3699 3722//3722
f 3720//3720 3722//3722 3723//3723
f 3720//3720 3723//3723 3724//3724
f 3720//3720 3724//3724 3725//3725
f 3720//3720 3725//3725 3721//3721
f 3726//3726 3727//3727 3728//3728
f 3726//3726 3728//3728 3729//3729
f 3726//3726 3729//3729 3730//3730
f 3726//3726 3730//3730 3731//3731
f 3726//3726 3731//3731 3732//3732
f 3726//3726 3732//3732 3733//3733
f 3726//3726 3733//3733 3734//3734
f 3726//3726 3734//3734 3735//3735
f 3726//3726 3735//3735 3736//3736
f 3726//3726 3736//3736 3727//3727
f 3732//3732 3731//3731 3737//3737
f 3732//3732 3737//3737 3738//3738
f 3732//3732 3738//3738 3739//3739
f 3732//3732 3739//3739 3733//3733
f 3740//3740 3741//3741 3742//3742
f 3740//3740 3742//3742 3743//3743
f 3740//3740 3743//3743 3744//3744
f 3740//3740 3744//3744 3745//3745
f 3740//3740 3688//3688 3687//3687
f 3740//3740 3687//3687 3741//3741
f 3740//3740 3746//3746 3693//3693
f 3740//3740 3693//3693 3688//3688
f 3740//3740 3745//3745 3747//3747
f 3740//3740 3747//3747 3746//3746
f 3748//3748 3749//3749 3651//3651
f 3748//3748 3651//3651 3750//3750
f 3748//3748 3751//3751 3752//3752
f 3748//3748 3752//3752 3749//3749
f 3748//3748 3753//3753 3754//3754
f 3748//3748 3754//3754 3751//3751
f 3748//3748 3755//3755 3756//3756
f 3748//3748 3756//3756 3753//3753
f 3748//3748 3750//3750 3757//3757
f 3748//3748 3757//3757 3755//3755
f 3758//3758 3759//3759 3760//3760
f 3758//3758 3760//3760 3761//3761
f 3758//3758 3761//3761 3762//3762
f 3758//3758 3762//3762 3763//3763
f 3758//3758 3763//3763 3764//3764
f 3758//3758 3764//3764 3759//3759
f 3765//3765 3766//3766 3767//3767
f 3765//3765 3767//3767 3768//3768
f 3765//3765 3769//3769 3667//3667
f 3765//3765 3667//3667 3766//3766
f 3765//3765 3768//3768 3770//3770
f 3765//3765 3770//3770 3769//3769
f 3771//3771 3697//3697 3772//3772
f 3771//3771 3772//3772 3773//3773
f 3771//3771 3774//3774 3698//3698
f 3771//3771 3698//3698 3697//3697
f 3771//3771 3773//3773 3775//3775
f 3771//3771 3775//3775 3774//3774
f 3770//3770 3776//3776 3777//3777
f 3770//3770 3777//3777 3769//3769
f 3770//3770 3778//3778 3779//3779
f 3770//3770 3779//3779 3780//3780
f 3770//3770 3768//3768 3781//3781
f 3770//3770 3781//3781 3778//3778
f 3770//3770 3780//3780 3782//3782
f 3770//3770 3782//3782 3776//3776
f 3783//3783 3784//3784 3785//3785
f 3783//3783 3785//3785 3786//3786
f 3783//3783 3787//3787 3788//3788
f 3783//3783 3788//3788 3789//3789
f 3783//3783 3786//3786 3790//3790
f 3783//3783 3790//3790 3791//3791
f 3783//3783 3791//3791 3792//3792
f 3783//3783 3792//3792 3787//3787
f 3793//3793 3794//3794 3795//3795
f 3793//3793 3795//3795 3796//3796
f 3793//3793 3797//3797 3798//3798
f 3793//3793 3798//3798 3794//3794
f 3793//3793 3796//3796 3799//3799
f 3793//3793 3799//3799 3797//3797
f 3800//3800 3801//3801 3802//3802
f 3800//3800 3802//3802 3803//3803
f 3800//3800 3803//3803 3804//3804
f 3800//3800 3804//3804 3805//3805
f 3800//3800 3805//3805 3806//3806
f 3800//3800 3806//3806 3807//3807
f 3763//3763 3762//3762 3808//3808
f 3763//3763 3808//3808 3764//3764
f 3738//3738 3809//3809 3810//3810
f 3738//3738 3810//3810 3811//3811
f 3738//3738 3811//3811 3807//3807
f 3738//3738 3807//3807 3739//3739
f 3812//3812 3813//3813 3814//3814
f 3812//3812 3814//3814 3815//3815
f 3812//3812 3816//3816 3817//3817
f 3812//3812 3817//3817 3813//3813
f 3812//3812 3815//3815 3818//3818
f 3812//3812 3818//3818 3819//3819
f 3820//3820 3821//3821 3822//3822
f 3820//3820 3822//3822 3823//3823
f 3820//3820 3823//3823 3824//3824
f 3820//3820 3824//3824 3825//3825
f 3820//3820 3825//3825 3826//3826
f 3820//3820 3826//3826 3827//3827
f 3820//3820 3827//3827 3828//3828
f 3820//3820 3828//3828 3829//3829
f 3820//3820 3829//3829 3830//3830
f 3820//3820 3830//3830 3821//3821
f 3831//3831 3832//3832 3833//3833
f 3831//3831 3833//3833 3834//3834
f 3831//3831 3834//3834 3835//3835
f 3831//3831 3835//3835 3836//3836
f 3831//3831 3836//3836 3837//3837
f 3831//3831 3837//3837 3832//3832
f 3753//3753 3838//3838 3839//3839
f 3753//3753 3839//3839 3754//3754
f 3753//3753 3840//3840 3841//3841
f 3753//3753 3841//3841 3838//3838
f 3753//3753 3756//3756 3842//3842
f 3753//3753 3842//3842 3840//3840
f 3843//3843 3844//3844 3845//3845
f 3843//3843 3845//3845 3846//3846
f 3843//3843 3846//3846 3847//3847
f 3843//3843 3847//3847 3826//3826
f 3843//3843 3826//3826 3825//3825
f 3843//3843 3825//3825 3844//3844
f 3828//3828 3827//3827 3848//3848
f 3828//3828 3848//3848 3849//3849
f 3828//3828 3849//3849 3850//3850
f 3828//3828 3850//3850 3829//3829
f 3804//3804 3851//3851 3852//3852
f 3804//3804 3852//3852 3805//3805
f 3804//3804 3803//3803 3853//3853
f 3804//3804 3853//3853 3854//3854
f 3804//3804 3854//3854 3855//3855
f 3804//3804 3855//3855 3856//3856
f 3804//3804 3856//3856 3857//3857
f 3804//3804 3857//3857 3851//3851
f 3858//3858 3745//3745 3744//3744
f 3858//3858 3744//3744 3855//3855
f 3858//3858 3855//3855 3854//3854
f 3858//3858 3854//3854 3859//3859
f 3858//3858 3860//3860 3747//3747
f 3858//3858 3747//3747 3745//3745
f 3858//3858 3861//3861 3862//3862
f 3858//3858 3862//3862 3860//3860
f 3858//3858 3859//3859 3863//3863
f 3858//3858 3863//3863 3861//3861
f 3864//3864 3865//3865 3866//3866
f 3864//3864 3866//3866 3867//3867
f 3864//3864 3868//3868 3869//3869
f 3864//3864 3869//3869 3865//3865
f 3864//3864 3867//3867 3870//3870
f 3864//3864 3870//3870 3868//3868
f 3832//3832 3871//3871 3767//3767
f 3832//3832 3767//3767 3833//3833
f 3832//3832 3872//3872 3873//3873
f 3832//3832 3873//3873 3874//3874
f 3832//3832 3874//3874 3839//3839
f 3832//3832 3839//3839 3871//3871
f 3875//3875 3876//3876 3877//3877
f 3875//3875 3877//3877 3878//3878
f 3875//3875 3879//3879 3880//3880
f 3875//3875 3880//3880 3876//3876
f 3875//3875 3881//3881 3882//3882
f 3875//3875 3882//3882 3879//3879
f 3875//3875 3878//3878 3883//3883
f 3875//3875 3883//3883 3881//3881
f 3883//3883 3878//3878 3884//3884
f 3883//3883 3884//3884 3885//3885
f 3883//3883 3885//3885 3886//3886
f 3883//3883 3886//3886 3881//3881
f 3887//3887 3888//3888 3889//3889
f 3887//3887 3889//3889 3890//3890
f 3887//3887 3890//3890 3891//3891
f 3887//3887 3891//3891 3892//3892
f 3887//3887 3892//3892 3893//3893
f 3887//3887 3893//3893 3888//3888
f 3851//3851 3857//3857 3894//3894
f 3851//3851 3894//3894 3852//3852
f 3895//3895 3896//3896 3897//3897
f 3895//3895 3897//3897 3898//3898
f 3895//3895 3899//3899 3900//3900
f 3895//3895 3900//3900 3896//3896
f 3895//3895 3898//3898 3901//3901
f 3895//3895 3901//3901 3899//3899
f 3902//3902 3903//3903 3904//3904
f 3902//3902 3904//3904 3905//3905
f 3902//3902 3842//3842 3756//3756
f 3902//3902 3756//3756 3903//3903
f 3902//3902 3905//3905 3906//3906
f 3902//3902 3906//3906 3842//3842
f 3832//3832 3837//3837 3907//3907
f 3832//3832 3907//3907 3872//3872
f 3908//3908 3847//3847 3846//3846
f 3908//3908 3846//3846 3909//3909
f 3908//3908 3909//3909 3910//3910
f 3908//3908 3910//3910 3911//3911
f 3908//3908 3911//3911 3848//3848
f 3908//3908 3848//3848 3847//3847
f 3912//3912 3913//3913 3810//3810
f 3912//3912 3810//3810 3809//3809
f 3912//3912 3809//3809 3914//3914
f 3912//3912 3914//3914 3915//3915
f 3912//3912 3915//3915 3916//3916
f 3912//3912 3916//3916 3913//3913
f 3852//3852 3917//3917 3806//3806
f 3852//3852 3806//3806 3805//3805
f 3918//3918 3919//3919 3920//3920
f 3918//3918 3920//3920 3921//3921
f 3918//3918 3921//3921 3901//3901
f 3918//3918 3901//3901 3898//3898
f 3918//3918 3898//3898 3897//3897
f 3918//3918 3897//3897 3919//3919
f 3922//3922 3923//3923 3924//3924
f 3922//3922 3924//3924 3925//3925
f 3922//3922 3925//3925 3926//3926
f 3922//3922 3926//3926 3927//3927
f 3922//3922 3927//3927 3928//3928
f 3922//3922 3928//3928 3929//3929
f 3922//3922 3929//3929 3930//3930
f 3922//3922 3930//3930 3931//3931
f 3932//3932 3933//3933 3934//3934
f 3932//3932 3934//3934 3935//3935
f 3932//3932 3936//3936 3937//3937
f 3932//3932 3937//3937 3933//3933
f 3932//3932 3935//3935 3938//3938
f 3932//3932 3938//3938 3936//3936
f 3928//3928 3939//3939 3940//3940
f 3928//3928 3940//3940 3941//3941
f 3928//3928 3927//3927 3942//3942
f 3928//3928 3942//3942 3939//3939
f 3943//3943 3944//3944 3945//3945
f 3943//3943 3945//3945 3946//3946
f 3943//3943 3947//3947 3948//3948
f 3943//3943 3948//3948 3944//3944
f 3943//3943 3946//3946 3949//3949
f 3943//3943 3949//3949 3947//3947
f 3950//3950 3951//3951 3952//3952
f 3950//3950 3952//3952 3953//3953
f 3950//3950 3954//3954 3955//3955
f 3950//3950 3955//3955 3951//3951
f 3950//3950 3956//3956 3957//3957
f 3950//3950 3957//3957 3954//3954
f 3950//3950 3958//3958 3959//3959
f 3950//3950 3959//3959 3956//3956
f 3950//3950 3953//3953 3960//3960
f 3950//3950 3960//3960 3958//3958
f 3961//3961 3962//3962 3963//3963
f 3961//3961 3963//3963 3964//3964
f 3961//3961 3872//3872 3907//3907
f 3961//3961 3907//3907 3962//3962
f 3961//3961 3964//3964 3873//3873
f 3961//3961 3873//3873 3872//3872
f 3963//3963 3965//3965 3966//3966
f 3963//3963 3966//3966 3964//3964
f 3963//3963 3962//3962 3967//3967
f 3963//3963 3967//3967 3965//3965
f 3968//3968 3969//3969 3970//3970
f 3968//3968 3970//3970 3971//3971
f 3968//3968 3972//3972 3973//3973
f 3968//3968 3973//3973 3969//3969
f 3968//3968 3971//3971 3894//3894
f 3968//3968 3894//3894 3972//3972
f 3974//3974 3975//3975 3976//3976
f 3974//3974 3976//3976 3917//3917
f 3974//3974 3917//3917 3852//3852
f 3974//3974 3852//3852 3977//3977
f 3974//3974 3977//3977 3978//3978
f 3974//3974 3978//3978 3975//3975
f 3957//3957 3956//3956 3979//3979
f 3957//3957 3979//3979 3980//3980
f 3957//3957 3980//3980 3981//3981
f 3957//3957 3981//3981 3982//3982
f 3983//3983 3984//3984 3985//3985
f 3983//3983 3985//3985 3986//3986
f 3983//3983 3930//3930 3929//3929
f 3983//3983 3929//3929 3984//3984
f 3983//3983 3987//3987 3988//3988
f 3983//3983 3988//3988 3930//3930
f 3983//3983 3989//3989 3990//3990
f 3983//3983 3990//3990 3987//3987
f 3983//3983 3986//3986 3991//3991
f 3983//3983 3991//3991 3989//3989
f 3989//3989 3992//3992 3993//3993
f 3989//3989 3993//3993 3990//3990
f 3989//3989 3994//3994 3995//3995
f 3989//3989 3995//3995 3992//3992
f 3989//3989 3991//3991 3996//3996
f 3989//3989 3996//3996 3994//3994
f 3997//3997 3998//3998 3999//3999
f 3997//3997 3999//3999 4000//4000
f 3997//3997 4001//4001 4002//4002
f 3997//3997 4002//4002 4003//4003
f 3997//3997 4000//4000 4004//4004
f 3997//3997 4004//4004 4001//4001
f 4005//4005 4006//4006 4007//4007
f 4005//4005 4007//4007 4008//4008
f 4005//4005 3999//3999 3998//3998
f 4005//4005 3998//3998 4006//4006
f 4005//4005 4008//4008 4009//4009
f 4005//4005 4009//4009 3999//3999
f 4010//4010 4011//4011 4012//4012
f 4010//4010 4012//4012 4013//4013
f 4010//4010 4014//4014 4015//4015
f 4010//4010 4015//4015 4011//4011
f 4010//4010 4013//4013 4016//4016
f 4010//4010 4016//4016 4014//4014
f 4017//4017 4018//4018 4019//4019
f 4017//4017 4019//4019 4020//4020
f 4017//4017 4020//4020 4021//4021
f 4017//4017 4021//4021 4022//4022
f 4017//4017 4022//4022 4023//4023
f 4017//4017 4023//4023 4018//4018
f 4024//4024 4025//4025 4026//4026
f 4024//4024 4026//4026 4027//4027
f 4024//4024 3986//3986 3985//3985
f 4024//4024 3985//3985 4025//4025
f 4024//4024 4027//4027 3991//3991
f 4024//4024 3991//3991 3986//3986
f 4028//4028 3996//3996 4029//4029
f 4028//4028 4029//4029 4030//4030
f 4028//4028 4030//4030 4031//4031
f 4028//4028 4031//4031 4032//4032
f 4028//4028 4032//4032 3994//3994
f 4028//4028 3994//3994 3996//3996
f 4033//4033 4004//4004 4034//4034
f 4033//4033 4034//4034 4035//4035
f 4033//4033 4035//4035 4020//4020
f 4033//4033 4020//4020 4019//4019
f 4033//4033 4019//4019 4001//4001
f 4033//4033 4001//4001 4004//4004
f 4036//4036 4034//4034 4037//4037
f 4036//4036 4037//4037 4038//4038
f 4036//4036 4038//4038 4039//4039
f 4036//4036 4039//4039 4040//4040
f 4036//4036 4040//4040 4035//4035
f 4036//4036 4035//4035 4034//4034
f 4039//4039 4038//4038 4041//4041
f 4039//4039 4041//4041 4042//4042
f 4039//4039 4042//4042 4043//4043
f 4039//4039 4043//4043 4044//4044
f 4039//4039 4044//4044 4045//4045
f 4039//4039 4045//4045 4046//4046
f 4039//4039 4046//4046 4021//4021
f 4039//4039 4021//4021 4040//4040
f 4046//4046 4047//4047 4022//4022
f 4046//4046 4022//4022 4021//4021
f 4046//4046 4045//4045 4048//4048
f 4046//4046 4048//4048 4047//4047
f 4048//4048 4049//4049 4050//4050
f 4048//4048 4050//4050 4047//4047
f 4048//4048 4045//4045 4051//4051
f 4048//4048 4051//4051 4016//4016
f 4048//4048 4016//4016 4013//4013
f 4048//4048 4013//4013 4049//4049
f 4051//4051 4045//4045 4044//4044
f 4051//4051 4044//4044 4052//4052
f 4051//4051 4052//4052 4053//4053
f 4051//4051 4053//4053 4054//4054
f 4051//4051 4054//4054 4014//4014
f 4051//4051 4014//4014 4016//4016
f 4054//4054 4055//4055 4015//4015
f 4054//4054 4015//4015 4014//4014
f 4054//4054 4053//4053 4056//4056
f 4054//4054 4056//4056 4055//4055
f 4056//4056 4057//4057 4058//4058
f 4056//4056 4058//4058 4055//4055
f 4056//4056 4053//4053 4025//4025
f 4056//4056 4025//4025 3985//3985
f 4056//4056 3985//3985 3984//3984
f 4056//4056 3984//3984 4057//4057
f 4058//4058 3941//3941 4059//4059
f 4058//4058 4059//4059 4060//4060
f 4058//4058 4060//4060 4015//4015
f 4058//4058 4015//4015 4055//4055
f 4058//4058 4057//4057 3928//3928
f 4058//4058 3928//3928 3941//3941
f 4060//4060 4059//4059 4061//4061
f 4060//4060 4061//4061 4062//4062
f 4060//4060 4062//4062 4011//4011
f 4060//4060 4011//4011 4015//4015
f 4062//4062 4061//4061 4063//4063
f 4062//4062 4063//4063 4064//4064
f 4062//4062 4064//4064 4012//4012
f 4062//4062 4012//4012 4011//4011
f 4064//4064 4063//4063 4065//4065
f 4064//4064 4065//4065 4066//4066
f 4064//4064 4066//4066 4067//4067
f 4064//4064 4067//4067 4012//4012
f 4067//4067 4066//4066 4068//4068
f 4067//4067 4068//4068 4069//4069
f 4067//4067 4069//4069 4050//4050
f 4067//4067 4050//4050 4049//4049
f 4067//4067 4049//4049 4013//4013
f 4067//4067 4013//4013 4012//4012
f 4069//4069 4068//4068 4070//4070
f 4069//4069 4070//4070 4071//4071
f 4069//4069 4071//4071 4023//4023
f 4069//4069 4023//4023 4050//4050
f 4071//4071 4070//4070 4003//4003
f 4071//4071 4003//4003 4002//4002
f 4071//4071 4002//4002 4018//4018
f 4071//4071 4018//4018 4023//4023
f 4070//4070 3981//3981 3980//3980
f 4070//4070 3980//3980 4003//4003
f 4070//4070 4068//4068 4072//4072
f 4070//4070 4072//4072 3981//3981
f 4072//4072 4073//4073 3982//3982
f 4072//4072 3982//3982 3981//3981
f 4072//4072 4068//4068 4066//4066
f 4072//4072 4066//4066 4065//4065
f 4072//4072 4065//4065 4074//4074
f 4072//4072 4074//4074 4073//4073
f 4074//4074 4075//4075 4076//4076
f 4074//4074 4076//4076 4073//4073
f 4074//4074 4065//4065 4063//4063
f 4074//4074 4063//4063 4077//4077
f 4074//4074 4077//4077 4078//4078
f 4074//4074 4078//4078 4075//4075
f 4078//4078 4079//4079 4080//4080
f 4078//4078 4080//4080 4075//4075
f 4078//4078 4077//4077 4081//4081
f 4078//4078 4081//4081 4082//4082
f 4078//4078 4082//4082 4083//4083
f 4078//4078 4083//4083 4079//4079
f 4083//4083 4084//4084 4085//4085
f 4083//4083 4085//4085 4079//4079
f 4083//4083 4082//4082 3862//3862
f 4083//4083 3862//3862 3861//3861
f 4083//4083 3861//3861 3863//3863
f 4083//4083 3863//3863 4084//4084
f 4085//4085 4086//4086 3949//3949
f 4085//4085 3949//3949 4087//4087
f 4085//4085 4087//4087 4080//4080
f 4085//4085 4080//4080 4079//4079
f 4085//4085 4084//4084 4088//4088
f 4085//4085 4088//4088 4086//4086
f 4088//4088 4089//4089 4090//4090
f 4088//4088 4090//4090 4086//4086
f 4088//4088 4084//4084 3863//3863
f 4088//4088 3863//3863 4091//4091
f 4088//4088 4091//4091 4092//4092
f 4088//4088 4092//4092 4089//4089
f 4092//4092 4093//4093 4094//4094
f 4092//4092 4094//4094 4089//4089
f 4092//4092 4091//4091 4095//4095
f 4092//4092 4095//4095 4096//4096
f 4092//4092 4096//4096 4097//4097
f 4092//4092 4097//4097 4093//4093
f 4097//4097 4098//4098 4099//4099
f 4097//4097 4099//4099 4093//4093
f 4097//4097 4096//4096 4100//4100
f 4097//4097 4100//4100 3680//3680
f 4097//4097 3680//3680 3679//3679
f 4097//4097 3679//3679 4098//4098
f 4100//4100 4096//4096 4095//4095
f 4100//4100 4095//4095 3853//3853
f 4100//4100 3853//3853 3803//3803
f 4100//4100 3803//3803 3802//3802
f 4100//4100 3802//3802 3681//3681
f 4100//4100 3681//3681 3680//3680
f 4099//4099 4101//4101 4102//4102
f 4099//4099 4102//4102 4103//4103
f 4099//4099 4103//4103 4094//4094
f 4099//4099 4094//4094 4093//4093
f 4099//4099 4098//4098 4104//4104
f 4099//4099 4104//4104 4101//4101
f 4104//4104 4105//4105 4106//4106
f 4104//4104 4106//4106 4101//4101
f 4104//4104 4098//4098 3679//3679
f 4104//4104 3679//3679 3678//3678
f 4104//4104 3678//3678 4107//4107
f 4104//4104 4107//4107 4105//4105
f 4107//4107 4108//4108 4109//4109
f 4107//4107 4109//4109 4105//4105
f 4107//4107 3678//3678 3628//3628
f 4107//4107 3628//3628 3627//3627
f 4107//4107 3627//3627 4110//4110
f 4107//4107 4110//4110 4108//4108
f 4110//4110 4111//4111 4112//4112
f 4110//4110 4112//4112 4108//4108
f 4110//4110 3627//3627 3626//3626
f 4110//4110 3626//3626 4113//4113
f 4110//4110 4113//4113 4114//4114
f 4110//4110 4114//4114 4111//4111
f 4114//4114 4115//4115 3692//3692
f 4114//4114 3692//3692 4111//4111
f 4114//4114 4113//4113 4116//4116
f 4114//4114 4116//4116 4117//4117
f 4114//4114 4117//4117 4118//4118
f 4114//4114 4118//4118 4115//4115
f 4118//4118 4119//4119 4120//4120
f 4118//4118 4120//4120 4115//4115
f 4118//4118 4117//4117 3599//3599
f 4118//4118 3599//3599 4121//4121
f 4118//4118 4121//4121 4122//4122
f 4118//4118 4122//4122 4119//4119
f 4122//4122 3616//3616 3615//3615
f 4122//4122 3615//3615 4119//4119
f 4122//4122 4121//4121 4123//4123
f 4122//4122 4123//4123 4124//4124
f 4122//4122 4124//4124 4125//4125
f 4122//4122 4125//4125 3616//3616
f 4125//4125 4126//4126 3618//3618
f 4125//4125 3618//3618 3616//3616
f 4125//4125 4124//4124 4127//4127
f 4125//4125 4127//4127 4128//4128
f 4125//4125 4128//4128 4129//4129
f 4125//4125 4129//4129 4126//4126
f 4129//4129 4130//4130 4131//4131
f 4129//4129 4131//4131 4126//4126
f 4129//4129 4128//4128 4132//4132
f 4129//4129 4132//4132 3611//3611
f 4129//4129 3611//3611 3594//3594
f 4129//4129 3594//3594 4130//4130
f 4132//4132 4128//4128 4127//4127
f 4132//4132 4127//4127 4133//4133
f 4132//4132 4133//4133 4134//4134
f 4132//4132 4134//4134 4135//4135
f 4132//4132 4135//4135 3612//3612
f 4132//4132 3612//3612 3611//3611
f 4135//4135 4134//4134 4136//4136
f 4135//4135 4136//4136 4137//4137
f 4135//4135 4137//4137 4138//4138
f 4135//4135 4138//4138 3612//3612
f 4138//4138 3634//3634 3595//3595
f 4138//4138 3595//3595 3612//3612
f 4138//4138 4137//4137 3659//3659
f 4138//4138 3659//3659 4139//4139
f 4138//4138 4139//4139 3635//3635
f 4138//4138 3635//3635 3634//3634
f 4139//4139 3659//3659 3647//3647
f 4139//4139 3647//3647 3646//3646
f 4139//4139 3646//3646 3636//3636
f 4139//4139 3636//3636 3635//3635
f 4137//4137 4136//4136 3660//3660
f 4137//4137 3660//3660 3659//3659
f 4136//4136 4134//4134 4140//4140
f 4136//4136 4140//4140 4141//4141
f 4136//4136 4141//4141 4142//4142
f 4136//4136 4142//4142 3660//3660
f 4142//4142 4141//4141 4143//4143
f 4142//4142 4143//4143 4144//4144
f 4142//4142 4144//4144 4145//4145
f 4142//4142 4145//4145 4146//4146
f 4142//4142 4146//4146 3661//3661
f 4142//4142 3661//3661 3660//3660
f 4146//4146 4145//4145 4147//4147
f 4146//4146 4147//4147 4148//4148
f 4146//4146 4148//4148 3662//3662
f 4146//4146 3662//3662 3661//3661
f 4148//4148 4147//4147 4149//4149
f 4148//4148 4149//4149 3789//3789
f 4148//4148 3789//3789 3788//3788
f 4148//4148 3788//3788 3662//3662
f 4149//4149 4147//4147 4150//4150
f 4149//4149 4150//4150 4151//4151
f 4149//4149 4151//4151 4152//4152
f 4149//4149 4152//4152 3784//3784
f 4149//4149 3784//3784 3783//3783
f 4149//4149 3783//3783 3789//3789
f 4152//4152 4151//4151 4153//4153
f 4152//4152 4153//4153 4154//4154
f 4152//4152 4154//4154 4155//4155
f 4152//4152 4155//4155 4156//4156
f 4152//4152 4156//4156 3785//3785
f 4152//4152 3785//3785 3784//3784
f 4156//4156 4155//4155 3824//3824
f 4156//4156 3824//3824 3823//3823
f 4156//4156 3823//3823 3822//3822
f 4156//4156 3822//3822 3785//3785
f 4155//4155 4154//4154 4157//4157
f 4155//4155 4157//4157 4158//4158
f 4155//4155 4158//4158 4159//4159
f 4155//4155 4159//4159 3824//3824
f 4159//4159 4158//4158 4160//4160
f 4159//4159 4160//4160 4161//4161
f 4159//4159 4161//4161 3845//3845
f 4159//4159 3845//3845 3844//3844
f 4159//4159 3844//3844 3825//3825
f 4159//4159 3825//3825 3824//3824
f 4161//4161 4160//4160 4162//4162
f 4161//4161 4162//4162 4163//4163
f 4161//4161 4163//4163 4164//4164
f 4161//4161 4164//4164 3845//3845
f 4164//4164 4163//4163 4165//4165
f 4164//4164 4165//4165 4166//4166
f 4164//4164 4166//4166 3910//3910
f 4164//4164 3910//3910 3909//3909
f 4164//4164 3909//3909 3846//3846
f 4164//4164 3846//3846 3845//3845
f 4166//4166 4165//4165 4167//4167
f 4166//4166 4167//4167 4168//4168
f 4166//4166 4168//4168 4169//4169
f 4166//4166 4169//4169 3910//3910
f 4169//4169 4168//4168 4170//4170
f 4169//4169 4170//4170 4171//4171
f 4169//4169 4171//4171 4172//4172
f 4169//4169 4172//4172 4173//4173
f 4169//4169 4173//4173 3911//3911
f 4169//4169 3911//3911 3910//3910
f 4173//4173 4172//4172 3850//3850
f 4173//4173 3850//3850 3849//3849
f 4173//4173 3849//3849 3848//3848
f 4173//4173 3848//3848 3911//3911
f 4172//4172 4171//4171 4174//4174
f 4172//4172 4174//4174 4175//4175
f 4172//4172 4175//4175 4176//4176
f 4172//4172 4176//4176 3850//3850
f 4176//4176 4175//4175 4177//4177
f 4176//4176 4177//4177 3960//3960
f 4176//4176 3960//3960 3953//3953
f 4176//4176 3953//3953 3830//3830
f 4176//4176 3830//3830 3829//3829
f 4176//4176 3829//3829 3850//3850
f 4177//4177 4175//4175 4174//4174
f 4177//4177 4174//4174 4178//4178
f 4177//4177 4178//4178 3993//3993
f 4177//4177 3993//3993 4179//4179
f 4177//4177 4179//4179 3958//3958
f 4177//4177 3958//3958 3960//3960
f 4179//4179 3993//3993 3992//3992
f 4179//4179 3992//3992 4180//4180
f 4179//4179 4180//4180 3959//3959
f 4179//4179 3959//3959 3958//3958
f 4180//4180 3992//3992 3995//3995
f 4180//4180 3995//3995 4181//4181
f 4180//4180 4181//4181 4182//4182
f 4180//4180 4182//4182 3959//3959
f 4182//4182 4181//4181 4006//4006
f 4182//4182 4006//4006 3998//3998
f 4182//4182 3998//3998 3997//3997
f 4182//4182 3997//3997 3979//3979
f 4182//4182 3979//3979 3956//3956
f 4182//4182 3956//3956 3959//3959
f 4181//4181 3995//3995 4007//4007
f 4181//4181 4007//4007 4006//4006
f 4178//4178 4174//4174 4183//4183
f 4178//4178 4183//4183 4184//4184
f 4178//4178 4184//4184 3990//3990
f 4178//4178 3990//3990 3993//3993
f 4184//4184 4183//4183 4185//4185
f 4184//4184 4185//4185 4186//4186
f 4184//4184 4186//4186 3987//3987
f 4184//4184 3987//3987 3990//3990
f 4186//4186 4185//4185 4187//4187
f 4186//4186 4187//4187 4188//4188
f 4186//4186 4188//4188 3988//3988
f 4186//4186 3988//3988 3987//3987
f 4188//4188 4187//4187 3906//3906
f 4188//4188 3906//3906 3905//3905
f 4188//4188 3905//3905 3904//3904
f 4188//4188 3904//3904 3988//3988
f 4187//4187 4189//4189 4190//4190
f 4187//4187 4190//4190 3906//3906
f 4187//4187 4185//4185 4191//4191
f 4187//4187 4191//4191 4189//4189
f 4191//4191 4167//4167 4192//4192
f 4191//4191 4192//4192 4189//4189
f 4191//4191 4185//4185 4183//4183
f 4191//4191 4183//4183 4170//4170
f 4191//4191 4170//4170 4168//4168
f 4191//4191 4168//4168 4167//4167
f 4192//4192 4193//4193 3779//3779
f 4192//4192 3779//3779 4194//4194
f 4192//4192 4194//4194 4190//4190
f 4192//4192 4190//4190 4189//4189
f 4192//4192 4167//4167 4165//4165
f 4192//4192 4165//4165 4193//4193
f 4194//4194 3779//3779 3778//3778
f 4194//4194 3778//3778 3841//3841
f 4194//4194 3841//3841 3840//3840
f 4194//4194 3840//3840 4190//4190
f 4193//4193 4162//4162 3780//3780
f 4193//4193 3780//3780 3779//3779
f 4193//4193 4165//4165 4163//4163
f 4193//4193 4163//4163 4162//4162
f 4190//4190 3840//3840 3842//3842
f 4190//4190 3842//3842 3906//3906
f 4183//4183 4174//4174 4171//4171
f 4183//4183 4171//4171 4170//4170
f 4162//4162 4160//4160 3782//3782
f 4162//4162 3782//3782 3780//3780
f 4160//4160 4158//4158 4157//4157
f 4160//4160 4157//4157 3782//3782
f 4157//4157 4154//4154 4153//4153
f 4157//4157 4153//4153 4195//4195
f 4157//4157 4195//4195 3776//3776
f 4157//4157 3776//3776 3782//3782
f 4195//4195 4153//4153 4196//4196
f 4195//4195 4196//4196 4197//4197
f 4195//4195 4197//4197 3777//3777
f 4195//4195 3777//3777 3776//3776
f 4197//4197 4196//4196 4198//4198
f 4197//4197 4198//4198 3669//3669
f 4197//4197 3669//3669 3668//3668
f 4197//4197 3668//3668 3777//3777
f 4198//4198 4199//4199 4200//4200
f 4198//4198 4200//4200 3623//3623
f 4198//4198 3623//3623 3622//3622
f 4198//4198 3622//3622 3669//3669
f 4198//4198 4196//4196 4150//4150
f 4198//4198 4150//4150 4199//4199
f 4200//4200 4144//4144 4143//4143
f 4200//4200 4143//4143 4201//4201
f 4200//4200 4201//4201 3624//3624
f 4200//4200 3624//3624 3623//3623
f 4200//4200 4199//4199 4145//4145
f 4200//4200 4145//4145 4144//4144
f 4201//4201 4143//4143 4202//4202
f 4201//4201 4202//4202 4203//4203
f 4201//4201 4203//4203 4204//4204
f 4201//4201 4204//4204 3624//3624
f 4204//4204 4203//4203 3605//3605
f 4204//4204 3605//3605 3608//3608
f 4204//4204 3608//3608 4205//4205
f 4204//4204 4205//4205 4206//4206
f 4204//4204 4206//4206 3619//3619
f 4204//4204 3619//3619 3624//3624
f 4206//4206 3589//3589 3588//3588
f 4206//4206 3588//3588 3619//3619
f 4206//4206 4205//4205 4207//4207
f 4206//4206 4207//4207 3589//3589
f 4207//4207 4208//4208 3586//3586
f 4207//4207 3586//3586 3589//3589
f 4207//4207 4205//4205 4209//4209
f 4207//4207 4209//4209 4210//4210
f 4207//4207 4210//4210 4211//4211
f 4207//4207 4211//4211 4208//4208
f 4211//4211 4212//4212 4213//4213
f 4211//4211 4213//4213 4208//4208
f 4211//4211 4210//4210 4214//4214
f 4211//4211 4214//4214 4215//4215
f 4211//4211 4215//4215 4216//4216
f 4211//4211 4216//4216 4212//4212
f 4216//4216 4217//4217 4218//4218
f 4216//4216 4218//4218 4212//4212
f 4216//4216 4215//4215 4219//4219
f 4216//4216 4219//4219 4220//4220
f 4216//4216 4220//4220 4221//4221
f 4216//4216 4221//4221 4217//4217
f 4221//4221 4222//4222 4223//4223
f 4221//4221 4223//4223 4217//4217
f 4221//4221 4220//4220 4224//4224
f 4221//4221 4224//4224 4225//4225
f 4221//4221 4225//4225 4226//4226
f 4221//4221 4226//4226 4222//4222
f 4226//4226 4227//4227 4228//4228
f 4226//4226 4228//4228 4222//4222
f 4226//4226 4225//4225 3517//3517
f 4226//4226 3517//3517 3516//3516
f 4226//4226 3516//3516 3521//3521
f 4226//4226 3521//3521 4227//4227
f 4228//4228 4229//4229 4230//4230
f 4228//4228 4230//4230 4231//4231
f 4228//4228 4231//4231 4223//4223
f 4228//4228 4223//4223 4222//4222
f 4228//4228 4227//4227 4232//4232
f 4228//4228 4232//4232 4229//4229
f 4232//4232 4233//4233 4234//4234
f 4232//4232 4234//4234 4229//4229
f 4232//4232 4227//4227 3521//3521
f 4232//4232 3521//3521 4235//4235
f 4232//4232 4235//4235 3527//3527
f 4232//4232 3527//3527 4233//4233
f 4235//4235 3521//3521 3520//3520
f 4235//4235 3520//3520 4236//4236
f 4235//4235 4236//4236 3523//3523
f 4235//4235 3523//3523 3527//3527
f 4236//4236 3520//3520 3519//3519
f 4236//4236 3519//3519 4237//4237
f 4236//4236 4237//4237 3524//3524
f 4236//4236 3524//3524 3523//3523
f 4237//4237 3519//3519 4238//4238
f 4237//4237 4238//4238 4239//4239
f 4237//4237 4239//4239 4240//4240
f 4237//4237 4240//4240 3524//3524
f 4240//4240 4241//4241 3525//3525
f 4240//4240 3525//3525 3524//3524
f 4240//4240 4239//4239 4242//4242
f 4240//4240 4242//4242 4243//4243
f 4240//4240 4243//4243 3554//3554
f 4240//4240 3554//3554 4241//4241
f 4243//4243 4242//4242 4244//4244
f 4243//4243 4244//4244 4245//4245
f 4243//4243 4245//4245 3549//3549
f 4243//4243 3549//3549 3554//3554
f 4245//4245 4244//4244 4246//4246
f 4245//4245 4246//4246 4247//4247
f 4245//4245 4247//4247 3550//3550
f 4245//4245 3550//3550 3549//3549
f 4247//4247 4246//4246 4248//4248
f 4247//4247 4248//4248 4249//4249
f 4247//4247 4249//4249 4250//4250
f 4247//4247 4250//4250 3550//3550
f 4250//4250 4251//4251 3551//3551
f 4250//4250 3551//3551 3550//3550
f 4250//4250 4249//4249 4252//4252
f 4250//4250 4252//4252 4253//4253
f 4250//4250 4253//4253 4254//4254
f 4250//4250 4254//4254 4251//4251
f 4254//4254 4253//4253 3602//3602
f 4254//4254 3602//3602 4255//4255
f 4254//4254 4255//4255 4256//4256
f 4254//4254 4256//4256 4257//4257
f 4254//4254 4257//4257 4258//4258
f 4254//4254 4258//4258 4251//4251
f 4258//4258 4257//4257 3543//3543
f 4258//4258 3543//3543 4259//4259
f 4258//4258 4259//4259 4260//4260
f 4258//4258 4260//4260 3552//3552
f 4258//4258 3552//3552 3551//3551
f 4258//4258 3551//3551 4251//4251
f 4260//4260 4259//4259 4261//4261
f 4260//4260 4261//4261 4262//4262
f 4260//4260 4262//4262 3528//3528
f 4260//4260 3528//3528 4263//4263
f 4260//4260 4263//4263 3553//3553
f 4260//4260 3553//3553 3552//3552
f 4263//4263 3528//3528 3525//3525
f 4263//4263 3525//3525 4241//4241
f 4263//4263 4241//4241 3554//3554
f 4263//4263 3554//3554 3553//3553
f 4262//4262 4261//4261 4264//4264
f 4262//4262 4264//4264 4265//4265
f 4262//4262 4265//4265 3526//3526
f 4262//4262 3526//3526 3528//3528
f 4265//4265 4264//4264 4234//4234
f 4265//4265 4234//4234 4233//4233
f 4265//4265 4233//4233 3527//3527
f 4265//4265 3527//3527 3526//3526
f 4264//4264 4261//4261 3542//3542
f 4264//4264 3542//3542 4266//4266
f 4264//4264 4266//4266 4267//4267
f 4264//4264 4267//4267 4234//4234
f 4267//4267 4266//4266 4268//4268
f 4267//4267 4268//4268 4269//4269
f 4267//4267 4269//4269 4270//4270
f 4267//4267 4270//4270 4230//4230
f 4267//4267 4230//4230 4229//4229
f 4267//4267 4229//4229 4234//4234
f 4270//4270 4269//4269 4271//4271
f 4270//4270 4271//4271 4272//4272
f 4270//4270 4272//4272 4273//4273
f 4270//4270 4273//4273 4274//4274
f 4270//4270 4274//4274 4231//4231
f 4270//4270 4231//4231 4230//4230
f 4274//4274 4273//4273 4275//4275
f 4274//4274 4275//4275 4276//4276
f 4274//4274 4276//4276 4223//4223
f 4274//4274 4223//4223 4231//4231
f 4276//4276 4275//4275 4277//4277
f 4276//4276 4277//4277 4218//4218
f 4276//4276 4218//4218 4217//4217
f 4276//4276 4217//4217 4223//4223
f 4277//4277 4275//4275 4278//4278
f 4277//4277 4278//4278 4279//4279
f 4277//4277 4279//4279 3587//3587
f 4277//4277 3587//3587 4213//4213
f 4277//4277 4213//4213 4212//4212
f 4277//4277 4212//4212 4218//4218
f 4279//4279 4278//4278 4280//4280
f 4279//4279 4280//4280 4281//4281
f 4279//4279 4281//4281 3583//3583
f 4279//4279 3583//3583 3587//3587
f 4281//4281 4280//4280 4282//4282
f 4281//4281 4282//4282 4283//4283
f 4281//4281 4283//4283 3584//3584
f 4281//4281 3584//3584 3583//3583
f 4283//4283 4282//4282 4284//4284
f 4283//4283 4284//4284 4285//4285
f 4283//4283 4285//4285 3593//3593
f 4283//4283 3593//3593 3584//3584
f 4285//4285 4284//4284 4286//4286
f 4285//4285 4286//4286 3568//3568
f 4285//4285 3568//3568 3567//3567
f 4285//4285 3567//3567 3593//3593
f 4286//4286 4287//4287 3530//3530
f 4286//4286 3530//3530 3535//3535
f 4286//4286 3535//3535 3563//3563
f 4286//4286 3563//3563 3568//3568
f 4286//4286 4284//4284 4288//4288
f 4286//4286 4288//4288 4287//4287
f 4288//4288 4289//4289 4290//4290
f 4288//4288 4290//4290 4287//4287
f 4288//4288 4284//4284 4282//4282
f 4288//4288 4282//4282 4291//4291
f 4288//4288 4291//4291 4292//4292
f 4288//4288 4292//4292 4289//4289
f 4292//4292 4293//4293 4294//4294
f 4292//4292 4294//4294 4289//4289
f 4292//4292 4291//4291 4295//4295
f 4292//4292 4295//4295 4296//4296
f 4292//4292 4296//4296 4297//4297
f 4292//4292 4297//4297 4293//4293
f 4297//4297 4298//4298 4299//4299
f 4297//4297 4299//4299 4293//4293
f 4297//4297 4296//4296 4300//4300
f 4297//4297 4300//4300 4301//4301
f 4297//4297 4301//4301 4302//4302
f 4297//4297 4302//4302 4298//4298
f 4302//4302 4303//4303 4304//4304
f 4302//4302 4304//4304 4298//4298
f 4302//4302 4301//4301 4271//4271
f 4302//4302 4271//4271 4305//4305
f 4302//4302 4305//4305 3545//3545
f 4302//4302 3545//3545 4303//4303
f 4305//4305 4271//4271 4269//4269
f 4305//4305 4269//4269 4268//4268
f 4305//4305 4268//4268 3541//3541
f 4305//4305 3541//3541 3545//3545
f 4304//4304 4306//4306 3557//3557
f 4304//4304 3557//3557 4307//4307
f 4304//4304 4307//4307 4299//4299
f 4304//4304 4299//4299 4298//4298
f 4304//4304 4303//4303 4308//4308
f 4304//4304 4308//4308 4306//4306
f 4308//4308 3580//3580 4309//4309
f 4308//4308 4309//4309 4306//4306
f 4308//4308 4303//4303 3545//3545
f 4308//4308 3545//3545 3544//3544
f 4308//4308 3544//3544 3547//3547
f 4308//4308 3547//3547 3580//3580
f 4309//4309 3617//3617 3559//3559
f 4309//4309 3559//3559 3558//3558
f 4309//4309 3558//3558 3557//3557
f 4309//4309 3557//3557 4306//4306
f 4309//4309 3580//3580 3579//3579
f 4309//4309 3579//3579 3617//3617
f 4307//4307 3557//3557 3556//3556
f 4307//4307 3556//3556 4310//4310
f 4307//4307 4310//4310 4311//4311
f 4307//4307 4311//4311 4299//4299
f 4311//4311 4310//4310 4312//4312
f 4311//4311 4312//4312 4313//4313
f 4311//4311 4313//4313 4314//4314
f 4311//4311 4314//4314 4294//4294
f 4311//4311 4294//4294 4293//4293
f 4311//4311 4293//4293 4299//4299
f 4314//4314 4313//4313 3538//3538
f 4314//4314 3538//3538 3537//3537
f 4314//4314 3537//3537 3531//3531
f 4314//4314 3531//3531 4290//4290
f 4314//4314 4290//4290 4289//4289
f 4314//4314 4289//4289 4294//4294
f 4313//4313 4312//4312 4315//4315
f 4313//4313 4315//4315 3538//3538
f 4315//4315 4316//4316 4317//4317
f 4315//4315 4317//4317 4318//4318
f 4315//4315 4318//4318 3539//3539
f 4315//4315 3539//3539 3538//3538
f 4315//4315 4312//4312 3561//3561
f 4315//4315 3561//3561 4316//4316
f 4318//4318 4317//4317 4319//4319
f 4318//4318 4319//4319 4320//4320
f 4318//4318 4320//4320 3533//3533
f 4318//4318 3533//3533 3539//3539
f 4320//4320 4319//4319 3565//3565
f 4320//4320 3565//3565 3564//3564
f 4320//4320 3564//3564 3534//3534
f 4320//4320 3534//3534 3533//3533
f 4319//4319 4317//4317 4321//4321
f 4319//4319 4321//4321 4322//4322
f 4319//4319 4322//4322 3566//3566
f 4319//4319 3566//3566 3565//3565
f 4322//4322 4321//4321 4131//4131
f 4322//4322 4131//4131 4130//4130
f 4322//4322 4130//4130 3594//3594
f 4322//4322 3594//3594 3566//3566
f 4321//4321 4317//4317 4316//4316
f 4321//4321 4316//4316 4323//4323
f 4321//4321 4323//4323 4324//4324
f 4321//4321 4324//4324 4131//4131
f 4324//4324 4323//4323 3560//3560
f 4324//4324 3560//3560 3559//3559
f 4324//4324 3559//3559 3617//3617
f 4324//4324 3617//3617 3618//3618
f 4324//4324 3618//3618 4126//4126
f 4324//4324 4126//4126 4131//4131
f 4323//4323 4316//4316 3561//3561
f 4323//4323 3561//3561 3560//3560
f 4312//4312 4310//4310 3556//3556
f 4312//4312 3556//3556 3561//3561
f 4301//4301 4300//4300 4272//4272
f 4301//4301 4272//4272 4271//4271
f 4300//4300 4296//4296 4295//4295
f 4300//4300 4295//4295 4325//4325
f 4300//4300 4325//4325 4273//4273
f 4300//4300 4273//4273 4272//4272
f 4325//4325 4295//4295 4280//4280
f 4325//4325 4280//4280 4278//4278
f 4325//4325 4278//4278 4275//4275
f 4325//4325 4275//4275 4273//4273
f 4295//4295 4291//4291 4282//4282
f 4295//4295 4282//4282 4280//4280
f 4290//4290 3531//3531 3530//3530
f 4290//4290 3530//3530 4287//4287
f 4268//4268 4266//4266 3542//3542
f 4268//4268 3542//3542 3541//3541
f 4261//4261 4259//4259 3543//3543
f 4261//4261 3543//3543 3542//3542
f 4257//4257 4256//4256 3540//3540
f 4257//4257 3540//3540 3543//3543
f 4256//4256 4255//4255 4326//4326
f 4256//4256 4326//4326 4327//4327
f 4256//4256 4327//4327 3546//3546
f 4256//4256 3546//3546 3540//3540
f 4327//4327 4326//4326 3629//3629
f 4327//4327 3629//3629 4328//4328
f 4327//4327 4328//4328 3576//3576
f 4327//4327 3576//3576 3546//3546
f 4328//4328 3629//3629 3631//3631
f 4328//4328 3631//3631 4329//4329
f 4328//4328 4329//4329 4330//4330
f 4328//4328 4330//4330 3576//3576
f 4330//4330 4329//4329 4331//4331
f 4330//4330 4331//4331 4332//4332
f 4330//4330 4332//4332 3728//3728
f 4330//4330 3728//3728 3653//3653
f 4330//4330 3653//3653 3577//3577
f 4330//4330 3577//3577 3576//3576
f 4332//4332 4331//4331 4333//4333
f 4332//4332 4333//4333 4334//4334
f 4332//4332 4334//4334 3729//3729
f 4332//4332 3729//3729 3728//3728
f 4334//4334 4333//4333 4335//4335
f 4334//4334 4335//4335 4336//4336
f 4334//4334 4336//4336 3730//3730
f 4334//4334 3730//3730 3729//3729
f 4336//4336 4335//4335 4337//4337
f 4336//4336 4337//4337 4338//4338
f 4336//4336 4338//4338 4339//4339
f 4336//4336 4339//4339 3730//3730
f 4339//4339 4338//4338 3888//3888
f 4339//4339 3888//3888 3893//3893
f 4339//4339 3893//3893 3914//3914
f 4339//4339 3914//3914 3737//3737
f 4339//4339 3737//3737 3731//3731
f 4339//4339 3731//3731 3730//3730
f 4338//4338 4337//4337 3889//3889
f 4338//4338 3889//3889 3888//3888
f 4337//4337 4340//4340 3900//3900
f 4337//4337 3900//3900 3889//3889
f 4337//4337 4335//4335 4341//4341
f 4337//4337 4341//4341 4340//4340
f 4341//4341 4342//4342 4343//4343
f 4341//4341 4343//4343 4340//4340
f 4341//4341 4335//4335 4333//4333
f 4341//4341 4333//4333 4344//4344
f 4341//4341 4344//4344 3683//3683
f 4341//4341 3683//3683 4342//4342
f 4344//4344 4333//4333 4331//4331
f 4344//4344 4331//4331 3684//3684
f 4344//4344 3684//3684 3677//3677
f 4344//4344 3677//3677 3683//3683
f 4343//4343 4345//4345 3897//3897
f 4343//4343 3897//3897 3896//3896
f 4343//4343 3896//3896 3900//3900
f 4343//4343 3900//3900 4340//4340
f 4343//4343 4342//4342 4346//4346
f 4343//4343 4346//4346 4345//4345
f 4346//4346 4347//4347 4348//4348
f 4346//4346 4348//4348 4345//4345
f 4346//4346 4342//4342 3683//3683
f 4346//4346 3683//3683 3682//3682
f 4346//4346 3682//3682 3801//3801
f 4346//4346 3801//3801 4347//4347
f 4348//4348 4349//4349 3920//3920
f 4348//4348 3920//3920 3919//3919
f 4348//4348 3919//3919 3897//3897
f 4348//4348 3897//3897 4345//4345
f 4348//4348 4347//4347 4350//4350
f 4348//4348 4350//4350 4349//4349
f 4350//4350 3811//3811 3810//3810
f 4350//4350 3810//3810 4349//4349
f 4350//4350 4347//4347 3801//3801
f 4350//4350 3801//3801 3800//3800
f 4350//4350 3800//3800 3807//3807
f 4350//4350 3807//3807 3811//3811
f 4349//4349 3810//3810 3913//3913
f 4349//4349 3913//3913 3920//3920
f 4331//4331 4329//4329 3631//3631
f 4331//4331 3631//3631 3684//3684
f 4326//4326 3601//3601 3630//3630
f 4326//4326 3630//3630 3629//3629
f 4326//4326 4255//4255 3602//3602
f 4326//4326 3602//3602 3601//3601
f 4253//4253 4252//4252 3597//3597
f 4253//4253 3597//3597 3602//3602
f 4252//4252 4249//4249 4248//4248
f 4252//4252 4248//4248 3609//3609
f 4252//4252 3609//3609 3603//3603
f 4252//4252 3603//3603 3597//3597
f 4248//4248 4246//4246 4351//4351
f 4248//4248 4351//4351 4352//4352
f 4248//4248 4352//4352 3610//3610
f 4248//4248 3610//3610 3609//3609
f 4352//4352 4351//4351 3575//3575
f 4352//4352 3575//3575 4353//4353
f 4352//4352 4353//4353 4354//4354
f 4352//4352 4354//4354 3610//3610
f 4354//4354 4214//4214 4210//4210
f 4354//4354 4210//4210 4209//4209
f 4354//4354 4209//4209 3607//3607
f 4354//4354 3607//3607 3610//3610
f 4354//4354 4353//4353 4355//4355
f 4354//4354 4355//4355 4214//4214
f 4355//4355 4219//4219 4215//4215
f 4355//4355 4215//4215 4214//4214
f 4355//4355 4353//4353 3575//3575
f 4355//4355 3575//3575 3574//3574
f 4355//4355 3574//3574 3573//3573
f 4355//4355 3573//3573 4219//4219
f 4351//4351 4246//4246 4244//4244
f 4351//4351 4244//4244 4356//4356
f 4351//4351 4356//4356 3570//3570
f 4351//4351 3570//3570 3575//3575
f 4356//4356 4244//4244 4242//4242
f 4356//4356 4242//4242 4357//4357
f 4356//4356 4357//4357 3571//3571
f 4356//4356 3571//3571 3570//3570
f 4357//4357 4242//4242 4239//4239
f 4357//4357 4239//4239 4238//4238
f 4357//4357 4238//4238 4358//4358
f 4357//4357 4358//4358 3571//3571
f 4358//4358 3518//3518 3517//3517
f 4358//4358 3517//3517 4359//4359
f 4358//4358 4359//4359 3572//3572
f 4358//4358 3572//3572 3571//3571
f 4358//4358 4238//4238 3519//3519
f 4358//4358 3519//3519 3518//3518
f 4359//4359 3517//3517 4225//4225
f 4359//4359 4225//4225 4224//4224
f 4359//4359 4224//4224 3573//3573
f 4359//4359 3573//3573 3572//3572
f 4224//4224 4220//4220 4219//4219
f 4224//4224 4219//4219 3573//3573
f 4213//4213 3587//3587 3586//3586
f 4213//4213 3586//3586 4208//4208
f 4209//4209 4205//4205 3608//3608
f 4209//4209 3608//3608 3607//3607
f 4203//4203 4202//4202 3606//3606
f 4203//4203 3606//3606 3605//3605
f 4202//4202 4140//4140 4360//4360
f 4202//4202 4360//4360 3606//3606
f 4202//4202 4143//4143 4141//4141
f 4202//4202 4141//4141 4140//4140
f 4360//4360 4133//4133 4127//4127
f 4360//4360 4127//4127 4361//4361
f 4360//4360 4361//4361 3604//3604
f 4360//4360 3604//3604 3606//3606
f 4360//4360 4140//4140 4134//4134
f 4360//4360 4134//4134 4133//4133
f 4361//4361 4127//4127 4124//4124
f 4361//4361 4124//4124 4123//4123
f 4361//4361 4123//4123 3598//3598
f 4361//4361 3598//3598 3604//3604
f 4199//4199 4150//4150 4147//4147
f 4199//4199 4147//4147 4145//4145
f 4196//4196 4153//4153 4151//4151
f 4196//4196 4151//4151 4150//4150
f 4123//4123 4121//4121 3599//3599
f 4123//4123 3599//3599 3598//3598
f 4120//4120 4362//4362 3690//3690
f 4120//4120 3690//3690 3689//3689
f 4120//4120 3689//3689 3692//3692
f 4120//4120 3692//3692 4115//4115
f 4120//4120 4119//4119 3615//3615
f 4120//4120 3615//3615 4362//4362
f 4362//4362 4363//4363 3657//3657
f 4362//4362 3657//3657 3690//3690
f 4362//4362 3615//3615 3614//3614
f 4362//4362 3614//3614 4363//4363
f 4363//4363 3578//3578 3581//3581
f 4363//4363 3581//3581 3657//3657
f 4363//4363 3614//3614 3579//3579
f 4363//4363 3579//3579 3578//3578
f 4117//4117 4116//4116 3600//3600
f 4117//4117 3600//3600 3599//3599
f 4116//4116 4113//4113 3626//3626
f 4116//4116 3626//3626 3630//3630
f 4116//4116 3630//3630 3601//3601
f 4116//4116 3601//3601 3600//3600
f 4112//4112 3691//3691 3695//3695
f 4112//4112 3695//3695 4364//4364
f 4112//4112 4364//4364 4109//4109
f 4112//4112 4109//4109 4108//4108
f 4112//4112 4111//4111 3692//3692
f 4112//4112 3692//3692 3691//3691
f 4364//4364 3695//3695 3816//3816
f 4364//4364 3816//3816 3812//3812
f 4364//4364 3812//3812 3819//3819
f 4364//4364 3819//3819 4109//4109
f 4109//4109 3819//3819 4106//4106
f 4109//4109 4106//4106 4105//4105
f 4106//4106 3819//3819 3818//3818
f 4106//4106 3818//3818 4365//4365
f 4106//4106 4365//4365 4102//4102
f 4106//4106 4102//4102 4101//4101
f 4365//4365 3818//3818 3880//3880
f 4365//4365 3880//3880 3879//3879
f 4365//4365 3879//3879 3882//3882
f 4365//4365 3882//3882 4102//4102
f 4103//4103 4102//4102 3882//3882
f 4103//4103 3882//3882 4366//4366
f 4103//4103 4366//4366 4367//4367
f 4103//4103 4367//4367 4094//4094
f 4367//4367 4366//4366 3886//3886
f 4367//4367 3886//3886 3948//3948
f 4367//4367 3948//3948 3947//3947
f 4367//4367 3947//3947 4090//4090
f 4367//4367 4090//4090 4089//4089
f 4367//4367 4089//4089 4094//4094
f 4366//4366 3882//3882 3881//3881
f 4366//4366 3881//3881 3886//3886
f 4095//4095 4091//4091 3863//3863
f 4095//4095 3863//3863 3859//3859
f 4095//4095 3859//3859 3854//3854
f 4095//4095 3854//3854 3853//3853
f 4090//4090 3947//3947 3949//3949
f 4090//4090 3949//3949 4086//4086
f 4087//4087 3949//3949 3946//3946
f 4087//4087 3946//3946 4368//4368
f 4087//4087 4368//4368 4369//4369
f 4087//4087 4369//4369 4080//4080
f 4369//4369 4368//4368 4370//4370
f 4369//4369 4370//4370 4371//4371
f 4369//4369 4371//4371 4372//4372
f 4369//4369 4372//4372 4076//4076
f 4369//4369 4076//4076 4075//4075
f 4369//4369 4075//4075 4080//4080
f 4372//4372 4371//4371 4373//4373
f 4372//4372 4373//4373 4374//4374
f 4372//4372 4374//4374 3957//3957
f 4372//4372 3957//3957 3982//3982
f 4372//4372 3982//3982 4073//4073
f 4372//4372 4073//4073 4076//4076
f 4374//4374 4373//4373 4375//4375
f 4374//4374 4375//4375 4376//4376
f 4374//4374 4376//4376 3954//3954
f 4374//4374 3954//3954 3957//3957
f 4376//4376 4375//4375 4377//4377
f 4376//4376 4377//4377 4378//4378
f 4376//4376 4378//4378 3955//3955
f 4376//4376 3955//3955 3954//3954
f 4378//4378 4377//4377 4379//4379
f 4378//4378 4379//4379 4380//4380
f 4378//4378 4380//4380 4381//4381
f 4378//4378 4381//4381 3955//3955
f 4381//4381 4380//4380 3814//3814
f 4381//4381 3814//3814 4382//4382
f 4381//4381 4382//4382 3790//3790
f 4381//4381 3790//3790 4383//4383
f 4381//4381 4383//4383 3951//3951
f 4381//4381 3951//3951 3955//3955
f 4383//4383 3790//3790 3786//3786
f 4383//4383 3786//3786 4384//4384
f 4383//4383 4384//4384 3952//3952
f 4383//4383 3952//3952 3951//3951
f 4384//4384 3786//3786 3785//3785
f 4384//4384 3785//3785 3822//3822
f 4384//4384 3822//3822 3821//3821
f 4384//4384 3821//3821 3952//3952
f 4382//4382 3814//3814 3813//3813
f 4382//4382 3813//3813 4385//4385
f 4382//4382 4385//4385 3791//3791
f 4382//4382 3791//3791 3790//3790
f 4385//4385 4386//4386 3792//3792
f 4385//4385 3792//3792 3791//3791
f 4385//4385 3813//3813 3817//3817
f 4385//4385 3817//3817 4386//4386
f 4386//4386 4387//4387 4388//4388
f 4386//4386 4388//4388 3792//3792
f 4386//4386 3817//3817 4389//4389
f 4386//4386 4389//4389 4387//4387
f 4389//4389 3926//3926 3925//3925
f 4389//4389 3925//3925 4387//4387
f 4389//4389 3817//3817 3816//3816
f 4389//4389 3816//3816 4390//4390
f 4389//4389 4390//4390 4391//4391
f 4389//4389 4391//4391 3926//3926
f 4391//4391 3942//3942 3927//3927
f 4391//4391 3927//3927 3926//3926
f 4391//4391 4390//4390 3694//3694
f 4391//4391 3694//3694 3693//3693
f 4391//4391 3693//3693 3746//3746
f 4391//4391 3746//3746 3942//3942
f 4390//4390 3816//3816 3695//3695
f 4390//4390 3695//3695 3694//3694
f 4388//4388 3924//3924 4392//4392
f 4388//4388 4392//4392 4393//4393
f 4388//4388 4393//4393 3787//3787
f 4388//4388 3787//3787 3792//3792
f 4388//4388 4387//4387 3925//3925
f 4388//4388 3925//3925 3924//3924
f 4393//4393 4392//4392 4394//4394
f 4393//4393 4394//4394 4395//4395
f 4393//4393 4395//4395 3788//3788
f 4393//4393 3788//3788 3787//3787
f 4395//4395 4394//4394 3650//3650
f 4395//4395 3650//3650 3652//3652
f 4395//4395 3652//3652 3662//3662
f 4395//4395 3662//3662 3788//3788
f 4394//4394 3750//3750 3651//3651
f 4394//4394 3651//3651 3650//3650
f 4394//4394 4392//4392 3757//3757
f 4394//4394 3757//3757 3750//3750
f 4392//4392 3924//3924 3923//3923
f 4392//4392 3923//3923 3757//3757
f 4380//4380 4379//4379 3815//3815
f 4380//4380 3815//3815 3814//3814
f 4379//4379 3880//3880 3818//3818
f 4379//4379 3818//3818 3815//3815
f 4379//4379 4377//4377 3876//3876
f 4379//4379 3876//3876 3880//3880
f 4377//4377 4375//4375 3877//3877
f 4377//4377 3877//3877 3876//3876
f 4375//4375 4373//4373 4396//4396
f 4375//4375 4396//4396 3877//3877
f 4396//4396 3884//3884 3878//3878
f 4396//4396 3878//3878 3877//3877
f 4396//4396 4373//4373 4371//4371
f 4396//4396 4371//4371 4370//4370
f 4396//4396 4370//4370 3945//3945
f 4396//4396 3945//3945 3884//3884
f 4370//4370 4368//4368 3946//3946
f 4370//4370 3946//3946 3945//3945
f 4082//4082 4081//4081 4397//4397
f 4082//4082 4397//4397 3862//3862
f 4397//4397 4081//4081 4061//4061
f 4397//4397 4061//4061 4059//4059
f 4397//4397 4059//4059 3941//3941
f 4397//4397 3941//3941 3940//3940
f 4397//4397 3940//3940 3860//3860
f 4397//4397 3860//3860 3862//3862
f 4081//4081 4077//4077 4063//4063
f 4081//4081 4063//4063 4061//4061
f 4057//4057 3984//3984 3929//3929
f 4057//4057 3929//3929 3928//3928
f 4053//4053 4052//4052 4026//4026
f 4053//4053 4026//4026 4025//4025
f 4052//4052 4044//4044 4043//4043
f 4052//4052 4043//4043 4026//4026
f 4050//4050 4023//4023 4022//4022
f 4050//4050 4022//4022 4047//4047
f 4043//4043 4042//4042 4030//4030
f 4043//4043 4030//4030 4029//4029
f 4043//4043 4029//4029 4027//4027
f 4043//4043 4027//4027 4026//4026
f 4042//4042 4041//4041 4031//4031
f 4042//4042 4031//4031 4030//4030
f 4041//4041 4038//4038 4037//4037
f 4041//4041 4037//4037 4009//4009
f 4041//4041 4009//4009 4008//4008
f 4041//4041 4008//4008 4031//4031
f 4040//4040 4021//4021 4020//4020
f 4040//4040 4020//4020 4035//4035
f 4037//4037 4034//4034 4004//4004
f 4037//4037 4004//4004 4000//4000
f 4037//4037 4000//4000 3999//3999
f 4037//4037 3999//3999 4009//4009
f 4032//4032 4031//4031 4008//4008
f 4032//4032 4008//4008 4007//4007
f 4032//4032 4007//4007 3995//3995
f 4032//4032 3995//3995 3994//3994
f 4029//4029 3996//3996 3991//3991
f 4029//4029 3991//3991 4027//4027
f 4019//4019 4018//4018 4002//4002
f 4019//4019 4002//4002 4001//4001
f 4003//4003 3980//3980 3979//3979
f 4003//4003 3979//3979 3997//3997
f 3988//3988 3904//3904 3931//3931
f 3988//3988 3931//3931 3930//3930
f 3978//3978 3977//3977 3971//3971
f 3978//3978 3971//3971 3970//3970
f 3978//3978 3970//3970 4398//4398
f 3978//3978 4398//4398 4399//4399
f 3978//3978 4399//4399 4400//4400
f 3978//3978 4400//4400 3975//3975
f 4400//4400 4401//4401 3976//3976
f 4400//4400 3976//3976 3975//3975
f 4400//4400 4399//4399 4402//4402
f 4400//4400 4402//4402 4403//4403
f 4400//4400 4403//4403 4404//4404
f 4400//4400 4404//4404 4401//4401
f 4404//4404 3735//3735 3734//3734
f 4404//4404 3734//3734 4401//4401
f 4404//4404 4403//4403 3724//3724
f 4404//4404 3724//3724 3723//3723
f 4404//4404 3723//3723 3736//3736
f 4404//4404 3736//3736 3735//3735
f 4403//4403 4402//4402 3725//3725
f 4403//4403 3725//3725 3724//3724
f 4402//4402 4399//4399 4398//4398
f 4402//4402 4398//4398 4405//4405
f 4402//4402 4405//4405 4406//4406
f 4402//4402 4406//4406 3725//3725
f 4406//4406 4405//4405 4407//4407
f 4406//4406 4407//4407 4408//4408
f 4406//4406 4408//4408 3772//3772
f 4406//4406 3772//3772 4409//4409
f 4406//4406 4409//4409 3721//3721
f 4406//4406 3721//3721 3725//3725
f 4409//4409 3772//3772 3697//3697
f 4409//4409 3697//3697 3696//3696
f 4409//4409 3696//3696 3699//3699
f 4409//4409 3699//3699 3721//3721
f 4408//4408 4407//4407 3933//3933
f 4408//4408 3933//3933 3937//3937
f 4408//4408 3937//3937 3773//3773
f 4408//4408 3773//3773 3772//3772
f 4407//4407 4405//4405 4398//4398
f 4407//4407 4398//4398 4410//4410
f 4407//4407 4410//4410 3934//3934
f 4407//4407 3934//3934 3933//3933
f 4410//4410 4398//4398 3970//3970
f 4410//4410 3970//3970 3969//3969
f 4410//4410 3969//3969 3973//3973
f 4410//4410 3973//3973 3934//3934
f 4401//4401 3734//3734 4411//4411
f 4401//4401 4411//4411 3976//3976
f 4411//4411 3739//3739 3807//3807
f 4411//4411 3807//3807 3806//3806
f 4411//4411 3806//3806 3917//3917
f 4411//4411 3917//3917 3976//3976
f 4411//4411 3734//3734 3733//3733
f 4411//4411 3733//3733 3739//3739
f 3977//3977 3852//3852 3894//3894
f 3977//3977 3894//3894 3971//3971
f 3973//3973 4412//4412 3935//3935
f 3973//3973 3935//3935 3934//3934
f 3973//3973 3972//3972 4413//4413
f 3973//3973 4413//4413 4412//4412
f 4413//4413 4414//4414 4415//4415
f 4413//4413 4415//4415 4412//4412
f 4413//4413 3972//3972 3894//3894
f 4413//4413 3894//3894 3857//3857
f 4413//4413 3857//3857 3856//3856
f 4413//4413 3856//3856 4414//4414
f 4415//4415 3743//3743 3742//3742
f 4415//4415 3742//3742 3938//3938
f 4415//4415 3938//3938 3935//3935
f 4415//4415 3935//3935 4412//4412
f 4415//4415 4414//4414 3744//3744
f 4415//4415 3744//3744 3743//3743
f 4414//4414 3856//3856 3855//3855
f 4414//4414 3855//3855 3744//3744
f 3967//3967 3962//3962 3907//3907
f 3967//3967 3907//3907 4416//4416
f 3967//3967 4416//4416 4417//4417
f 3967//3967 4417//4417 4418//4418
f 3967//3967 4418//4418 4419//4419
f 3967//3967 4419//4419 3965//3965
f 4419//4419 4418//4418 4420//4420
f 4419//4419 4420//4420 4421//4421
f 4419//4419 4421//4421 3865//3865
f 4419//4419 3865//3865 3869//3869
f 4419//4419 3869//3869 3966//3966
f 4419//4419 3966//3966 3965//3965
f 4421//4421 4420//4420 4422//4422
f 4421//4421 4422//4422 4423//4423
f 4421//4421 4423//4423 3866//3866
f 4421//4421 3866//3866 3865//3865
f 4423//4423 4422//4422 3702//3702
f 4423//4423 3702//3702 3701//3701
f 4423//4423 3701//3701 3704//3704
f 4423//4423 3704//3704 3866//3866
f 4422//4422 4420//4420 4424//4424
f 4422//4422 4424//4424 4425//4425
f 4422//4422 4425//4425 3672//3672
f 4422//4422 3672//3672 3702//3702
f 4425//4425 4424//4424 4426//4426
f 4425//4425 4426//4426 4427//4427
f 4425//4425 4427//4427 3670//3670
f 4425//4425 3670//3670 3672//3672
f 4427//4427 4426//4426 3674//3674
f 4427//4427 3674//3674 3673//3673
f 4427//4427 3673//3673 3671//3671
f 4427//4427 3671//3671 3670//3670
f 4426//4426 4428//4428 4429//4429
f 4426//4426 4429//4429 3674//3674
f 4426//4426 4424//4424 4417//4417
f 4426//4426 4417//4417 4428//4428
f 4429//4429 4430//4430 4431//4431
f 4429//4429 4431//4431 4432//4432
f 4429//4429 4432//4432 3675//3675
f 4429//4429 3675//3675 3674//3674
f 4429//4429 4428//4428 4433//4433
f 4429//4429 4433//4433 4430//4430
f 4433//4433 3837//3837 3836//3836
f 4433//4433 3836//3836 4430//4430
f 4433//4433 4428//4428 4417//4417
f 4433//4433 4417//4417 4416//4416
f 4433//4433 4416//4416 3907//3907
f 4433//4433 3907//3907 3837//3837
f 4432//4432 4431//4431 3718//3718
f 4432//4432 3718//3718 3717//3717
f 4432//4432 3717//3717 3676//3676
f 4432//4432 3676//3676 3675//3675
f 4431//4431 3835//3835 3719//3719
f 4431//4431 3719//3719 3718//3718
f 4431//4431 4430//4430 3836//3836
f 4431//4431 3836//3836 3835//3835
f 4424//4424 4420//4420 4418//4418
f 4424//4424 4418//4418 4417//4417
f 3966//3966 3869//3869 3868//3868
f 3966//3966 3868//3868 4434//4434
f 3966//3966 4434//4434 3873//3873
f 3966//3966 3873//3873 3964//3964
f 4434//4434 3868//3868 3870//3870
f 4434//4434 3870//3870 4435//4435
f 4434//4434 4435//4435 3874//3874
f 4434//4434 3874//3874 3873//3873
f 4435//4435 3870//3870 3751//3751
f 4435//4435 3751//3751 3754//3754
f 4435//4435 3754//3754 3839//3839
f 4435//4435 3839//3839 3874//3874
f 3953//3953 3952//3952 3821//3821
f 3953//3953 3821//3821 3830//3830
f 3948//3948 3886//3886 3885//3885
f 3948//3948 3885//3885 3944//3944
f 3945//3945 3944//3944 3885//3885
f 3945//3945 3885//3885 3884//3884
f 3942//3942 3746//3746 3747//3747
f 3942//3942 3747//3747 3939//3939
f 3940//3940 3939//3939 3747//3747
f 3940//3940 3747//3747 3860//3860
f 3938//3938 3742//3742 3775//3775
f 3938//3938 3775//3775 3936//3936
f 3937//3937 3936//3936 3775//3775
f 3937//3937 3775//3775 3773//3773
f 3931//3931 4436//4436 3923//3923
f 3931//3931 3923//3923 3922//3922
f 3931//3931 3904//3904 3903//3903
f 3931//3931 3903//3903 4436//4436
f 4436//4436 3903//3903 3756//3756
f 4436//4436 3756//3756 3755//3755
f 4436//4436 3755//3755 3757//3757
f 4436//4436 3757//3757 3923//3923
f 3921//3921 3920//3920 3913//3913
f 3921//3921 3913//3913 3916//3916
f 3921//3921 3916//3916 3891//3891
f 3921//3921 3891//3891 3901//3901
f 3916//3916 3915//3915 3892//3892
f 3916//3916 3892//3892 3891//3891
f 3915//3915 3914//3914 3893//3893
f 3915//3915 3893//3893 3892//3892
f 3914//3914 3809//3809 3738//3738
f 3914//3914 3738//3738 3737//3737
f 3901//3901 3891//3891 3890//3890
f 3901//3901 3890//3890 3899//3899
f 3900//3900 3899//3899 3890//3890
f 3900//3900 3890//3890 3889//3889
f 3871//3871 3839//3839 3838//3838
f 3871//3871 3838//3838 3781//3781
f 3871//3871 3781//3781 3768//3768
f 3871//3871 3768//3768 3767//3767
f 3870//3870 3867//3867 3752//3752
f 3870//3870 3752//3752 3751//3751
f 3867//3867 3866//3866 3704//3704
f 3867//3867 3704//3704 3752//3752
f 3848//3848 3827//3827 3826//3826
f 3848//3848 3826//3826 3847//3847
f 3841//3841 3778//3778 3781//3781
f 3841//3841 3781//3781 3838//3838
f 3835//3835 3834//3834 4437//4437
f 3835//3835 4437//4437 3719//3719
f 4437//4437 3665//3665 3713//3713
f 4437//4437 3713//3713 3719//3719
f 4437//4437 3834//3834 3833//3833
f 4437//4437 3833//3833 4438//4438
f 4437//4437 4438//4438 3666//3666
f 4437//4437 3666//3666 3665//3665
f 4438//4438 3833//3833 3767//3767
f 4438//4438 3767//3767 3766//3766
f 4438//4438 3766//3766 3667//3667
f 4438//4438 3667//3667 3666//3666
f 3808//3808 3762//3762 3799//3799
f 3808//3808 3799//3799 3796//3796
f 3808//3808 3796//3796 3795//3795
f 3808//3808 3795//3795 4439//4439
f 3808//3808 4439//4439 4440//4440
f 3808//3808 4440//4440 3764//3764
f 4440//4440 4441//4441 3759//3759
f 4440//4440 3759//3759 3764//3764
f 4440//4440 4439//4439 3715//3715
f 4440//4440 3715//3715 4442//4442
f 4440//4440 4442//4442 4443//4443
f 4440//4440 4443//4443 4441//4441
f 4443//4443 4444//4444 4445//4445
f 4443//4443 4445//4445 4441//4441
f 4443//4443 4442//4442 4446//4446
f 4443//4443 4446//4446 4447//4447
f 4443//4443 4447//4447 4448//4448
f 4443//4443 4448//4448 4444//4444
f 4448//4448 3640//3640 4449//4449
f 4448//4448 4449//4449 4444//4444
f 4448//4448 4447//4447 4450//4450
f 4448//4448 4450//4450 4451//4451
f 4448//4448 4451//4451 3638//3638
f 4448//4448 3638//3638 3640//3640
f 4451//4451 4450//4450 3591//3591
f 4451//4451 3591//3591 3590//3590
f 4451//4451 3590//3590 3592//3592
f 4451//4451 3592//3592 3638//3638
f 4450//4450 4447//4447 4446//4446
f 4450//4450 4446//4446 3663//3663
f 4450//4450 3663//3663 3620//3620
f 4450//4450 3620//3620 3591//3591
f 4449//4449 4452//4452 3706//3706
f 4449//4449 3706//3706 3710//3710
f 4449//4449 3710//3710 4445//4445
f 4449//4449 4445//4445 4444//4444
f 4449//4449 3640//3640 3639//3639
f 4449//4449 3639//3639 4452//4452
f 4452//4452 4453//4453 3707//3707
f 4452//4452 3707//3707 3706//3706
f 4452//4452 3639//3639 3641//3641
f 4452//4452 3641//3641 4453//4453
f 4453//4453 4454//4454 3798//3798
f 4453//4453 3798//3798 3707//3707
f 4453//4453 3641//3641 3676//3676
f 4453//4453 3676//3676 4454//4454
f 4454//4454 3716//3716 3794//3794
f 4454//4454 3794//3794 3798//3798
f 4454//4454 3676//3676 3717//3717
f 4454//4454 3717//3717 3716//3716
f 4446//4446 4442//4442 3715//3715
f 4446//4446 3715//3715 3714//3714
f 4446//4446 3714//3714 3664//3664
f 4446//4446 3664//3664 3663//3663
f 4445//4445 3710//3710 3709//3709
f 4445//4445 3709//3709 3760//3760
f 4445//4445 3760//3760 3759//3759
f 4445//4445 3759//3759 4441//4441
f 4439//4439 3795//3795 3712//3712
f 4439//4439 3712//3712 3715//3715
f 3802//3802 3801//3801 3682//3682
f 3802//3802 3682//3682 3681//3681
f 3799//3799 3762//3762 3761//3761
f 3799//3799 3761//3761 3711//3711
f 3799//3799 3711//3711 3708//3708
f 3799//3799 3708//3708 3797//3797
f 3798//3798 3797//3797 3708//3708
f 3798//3798 3708//3708 3707//3707
f 3795//3795 3794//3794 3716//3716
f 3795//3795 3716//3716 3712//3712
f 3777//3777 3668//3668 3667//3667
f 3777//3777 3667//3667 3769//3769
f 3775//3775 3742//3742 3741//3741
f 3775//3775 3741//3741 3774//3774
f 3774//3774 3741//3741 3687//3687
f 3774//3774 3687//3687 3698//3698
f 3761//3761 3760//3760 3709//3709
f 3761//3761 3709//3709 3711//3711
f 3752//3752 3704//3704 3703//3703
f 3752//3752 3703//3703 3749//3749
f 3749//3749 3703//3703 3648//3648
f 3749//3749 3648//3648 3651//3651
f 3736//3736 3723//3723 3722//3722
f 3736//3736 3722//3722 3658//3658
f 3736//3736 3658//3658 3654//3654
f 3736//3736 3654//3654 3727//3727
f 3728//3728 3727//3727 3654//3654
f 3728//3728 3654//3654 3653//3653
f 3722//3722 3699//3699 3655//3655
f 3722//3722 3655//3655 3658//3658
f 3714//3714 3713//3713 3665//3665
f 3714//3714 3665//3665 3664//3664
f 3702//3702 3672//3672 3643//3643
f 3702//3702 3643//3643 3649//3649
f 3671//3671 3636//3636 3646//3646
f 3671//3671 3646//3646 3645//3645
f 3634//3634 3633//3633 3596//3596
f 3634//3634 3596//3596 3595//3595
f 3633//3633 3592//3592 3585//3585
f 3633//3633 3585//3585 3596//3596
f 3564//3564 3563//3563 3535//3535
f 3564//3564 3535//3535 3534//3534
f 3537//3537 3536//3536 3532//3532
f 3537//3537 3532//3532 3531//3531
