# Generated by Visualization Toolkit
v 0.041153255850076675 -0.1559375524520874 0.00813847966492176
v 0.040843453258275986 -0.15440624952316284 0.00788315013051033
v 0.03978778421878815 -0.15514856576919556 0.007333969697356224
v 0.04076144099235535 -0.1569860726594925 0.007653025910258293
v 0.04237426072359085 -0.15692761540412903 0.007684124633669853
v 0.042459383606910706 -0.15583762526512146 0.00825820304453373
v 0.04383905231952667 -0.15587295591831207 0.008153541013598442
v 0.044061943888664246 -0.15681079030036926 0.007434898987412453
v 0.04438721388578415 -0.15430188179016113 0.007892986759543419
v 0.04266125336289406 -0.15411579608917236 0.007888907566666603
v 0.0447411835193634 -0.1549375355243683 0.006860340014100075
v 0.04224488139152527 -0.1569923311471939 0.006882807239890099
v 0.04114038124680519 -0.15697132050991058 0.006528656929731369
v 0.04190315306186676 -0.15660105645656586 0.005647657439112663
v 0.04315496236085892 -0.15674430131912231 0.006356554105877876
v 0.04088239744305611 -0.1559051275253296 0.005480492487549782
v 0.040018338710069656 -0.15578855574131012 0.006174545735120773
v 0.04005630686879158 -0.15402688086032867 0.0057717300951480865
v 0.04089760780334473 -0.1548926830291748 0.004992084577679634
v 0.042341671884059906 -0.155363991856575 0.005054976791143417
v 0.037382062524557114 -0.14277377724647522 0.0018624197691679
v 0.03794325143098831 -0.1434745192527771 0.0009988080710172653
v 0.037446528673172 -0.14471814036369324 0.0010956404730677605
v 0.03715012967586517 -0.1435558795928955 0.0024760235100984573
v 0.039880480617284775 -0.143406942486763 0.0006629982963204384
v 0.041150905191898346 -0.14307472109794617 0.000560389831662178
v 0.04110926762223244 -0.14336766302585602 -0.0005173124372959137
v 0.039189718663692474 -0.14381277561187744 -0.00001933891326189041
v 0.03942563384771347 -0.1427501142024994 0.0013950709253549576
v 0.041129838675260544 -0.14219124615192413 0.001467968337237835
v 0.04240906611084938 -0.14281533658504486 0.0006099063903093338
v 0.042817387729883194 -0.14229007065296173 0.001267382875084877
v 0.04401484131813049 -0.14230646193027496 0.0008535096421837807
v 0.04302376136183739 -0.14292964339256287 -0.000026599504053592682
v 0.04345288500189781 -0.14420416951179504 0.00021324772387742996
v 0.041362959891557693 -0.14463496208190918 -0.00036681629717350006
v 0.044633422046899796 -0.14340275526046753 0.0013084737583994865
v 0.04160642996430397 -0.14580245316028595 0.0005772151052951813
v 0.0397477000951767 -0.14590804278850555 0.000829632394015789
v 0.039108600467443466 -0.14503054320812225 -0.00010874494910240173
v 0.043307218700647354 -0.1455020010471344 0.0012290682643651962
v 0.04299863800406456 -0.14694343507289886 0.002085583284497261
v 0.041736848652362823 -0.14735330641269684 0.0012224167585372925
v 0.04439582675695419 -0.14491011202335358 0.002288045361638069
v 0.04394357278943062 -0.1465175449848175 0.003130398690700531
v 0.04370937868952751 -0.14815185964107513 0.003767896443605423
v 0.04298975691199303 -0.14867475628852844 0.0026788637042045593
v 0.04396912828087807 -0.14392158389091492 0.0034594088792800903
v 0.043591830879449844 -0.14595161378383636 0.004109116271138191
v 0.043423429131507874 -0.14767003059387207 0.004667170345783234
v 0.04349873587489128 -0.149253249168396 0.005309823900461197
v 0.04375268518924713 -0.14974738657474518 0.004402179270982742
v 0.04204310476779938 -0.1457773596048355 0.004592385143041611
v 0.04211660102009773 -0.14753198623657227 0.005167506635189056
v 0.04223478212952614 -0.1492663323879242 0.005716333165764809
v 0.04244503751397133 -0.15092341601848602 0.006346141919493675
v 0.043701089918613434 -0.15081118047237396 0.005997790023684502
v 0.04065718874335289 -0.14794661104679108 0.0051096361130476
v 0.04082407429814339 -0.14958555996418 0.0056940000504255295
v 0.0409519337117672 -0.1512094885110855 0.0062926169484853745
v 0.04085370525717735 -0.15271097421646118 0.007108194753527641
v 0.04267338290810585 -0.15250185132026672 0.007107550278306007
v 0.03986664488911629 -0.1501886248588562 0.00519481860101223
v 0.03992290794849396 -0.15164397656917572 0.0058585479855537415
v 0.039593614637851715 -0.15309447050094604 0.0066948141902685165
v 0.040201183408498764 -0.1525963842868805 0.005077153444290161
v 0.0401790514588356 -0.1511353701353073 0.004354735836386681
v 0.04091788828372955 -0.15207204222679138 0.0036389026790857315
v 0.040946114808321 -0.15354639291763306 0.004372434690594673
v 0.042176440358161926 -0.15239547193050385 0.003581717610359192
v 0.04234811291098595 -0.1539718359708786 0.004333892837166786
v 0.04327981919050217 -0.15196794271469116 0.00422331877052784
v 0.04355069249868393 -0.15359921753406525 0.005064873024821281
v 0.04376297444105148 -0.15531818568706512 0.005762869492173195
v 0.04437033832073212 -0.15292058885097504 0.006036367267370224
v 0.043904997408390045 -0.1512971669435501 0.005162248387932777
v 0.0442434661090374 -0.15229730308055878 0.006931772455573082
v 0.0430247001349926 -0.1503203809261322 0.0034307222813367844
v 0.04197368770837784 -0.1507938802242279 0.0026760343462228775
v 0.04181448742747307 -0.14906668663024902 0.0018818015232682228
v 0.04078405350446701 -0.15051349997520447 0.002820134162902832
v 0.040522586554288864 -0.1488632708787918 0.0020790118724107742
v 0.04023155942559242 -0.1472039818763733 0.0015326505526900291
v 0.03976160287857056 -0.1481393575668335 0.0030832290649414062
v 0.039157405495643616 -0.1467331051826477 0.0025394875556230545
v 0.03824325278401375 -0.14572830498218536 0.0018301131203770638
v 0.03874252736568451 -0.14595918357372284 0.003454091027379036
v 0.0378941185772419 -0.1447637528181076 0.002969462424516678
v 0.039940666407346725 -0.14476528763771057 0.004012223333120346
v 0.03947536274790764 -0.14338989555835724 0.003583233803510666
v 0.03911827504634857 -0.1422729194164276 0.0030114930123090744
v 0.041591331362724304 -0.14252395927906036 0.0038780998438596725
v 0.04131263867020607 -0.14148381352424622 0.0029924176633358
v 0.041027434170246124 -0.14064759016036987 0.0020186742767691612
v 0.038825687021017075 -0.14156736433506012 0.0020966529846191406
v 0.043393298983573914 -0.14147397875785828 0.002759072929620743
v 0.04316936805844307 -0.1412532776594162 0.0017983857542276382
v 0.041913047432899475 -0.14412184059619904 0.00401613675057888
v 0.040351368486881256 -0.14629556238651276 0.004570251330733299
v 0.03934952989220619 -0.14728525280952454 0.004022451117634773
v 0.03975134342908859 -0.1487288922071457 0.004572009667754173
v 0.040024708956480026 -0.14966583251953125 0.003657672554254532
v 0.04431651160120964 -0.14162008464336395 0.0015780609101057053
v 0.04491034895181656 -0.14219491183757782 0.0024488773196935654
v 0.04325580969452858 -0.14239244163036346 0.0035494770854711533
v -0.031962718814611435 -0.13289989531040192 0.003991240635514259
v -0.032611072063446045 -0.13278427720069885 0.004004918038845062
v -0.033211562782526016 -0.1328984647989273 0.0035279598087072372
v -0.03216104581952095 -0.13382959365844727 0.0033154767006635666
v -0.031025931239128113 -0.13334502279758453 0.0028334911912679672
v -0.03135263919830322 -0.132428377866745 0.003453018143773079
v -0.03202763572335243 -0.13141155242919922 0.0037461407482624054
v -0.032251425087451935 -0.1321842521429062 0.0040947068482637405
v -0.03266366943717003 -0.13222096860408783 0.00410076230764389
v -0.03332170844078064 -0.13136091828346252 0.003791194409132004
v -0.03450123593211174 -0.13119351863861084 0.003031015396118164
v -0.034298837184906006 -0.1325964629650116 0.003138834610581398
v -0.033496059477329254 -0.13373738527297974 0.0032786112278699875
v -0.03287477418780327 -0.1339753270149231 0.002976858988404274
v -0.034074924886226654 -0.1334000676870346 0.0031563546508550644
v -0.033711135387420654 -0.13416485488414764 0.0030078180134296417
v -0.03424680233001709 -0.13379575312137604 0.0027629155665636063
v -0.03378450125455856 -0.1341908872127533 0.0022331178188323975
v -0.033311061561107635 -0.13422177731990814 0.002701716497540474
v -0.034772250801324844 -0.13283683359622955 0.002405000850558281
v -0.031224556267261505 -0.13114267587661743 0.00327933207154274
v -0.03130033612251282 -0.1299946904182434 0.002961117774248123
v -0.032179348170757294 -0.12965278327465057 0.003441357985138893
v -0.03254322707653046 -0.13410282135009766 0.0026510022580623627
v -0.032071374356746674 -0.13441364467144012 0.00247383676469326
v -0.032827943563461304 -0.1344033032655716 0.0025633443146944046
v -0.03334801644086838 -0.12962281703948975 0.0031276047229766846
v -0.034392792731523514 -0.12967060506343842 0.0025220252573490143
v -0.032837580889463425 -0.13438549637794495 0.002095656469464302
v -0.030449040234088898 -0.12275028973817825 0.00108372513204813
v -0.031217727810144424 -0.12420970946550369 0.0015484504401683807
v -0.03049076348543167 -0.12496097385883331 0.0010455623269081116
v -0.02947019226849079 -0.1239333227276802 0.0008313562721014023
v -0.028871705755591393 -0.12237858027219772 0.0007090345025062561
v -0.028947211802005768 -0.12132541835308075 0.0003088507801294327
v -0.030709635466337204 -0.12101513147354126 0.0006977636367082596
v -0.028142288327217102 -0.12314058840274811 0.0005793916061520576
v -0.027637789025902748 -0.12208602577447891 -0.00016858521848917007
v -0.03454151749610901 -0.12132923305034637 -0.0009406516328454018
v -0.034329820424318314 -0.12218909710645676 -0.0004719030112028122
v -0.034136973321437836 -0.12134558707475662 0.0003592129796743393
v -0.03397008776664734 -0.12054893374443054 -0.0005800537765026093
v -0.027622446417808533 -0.12304264307022095 -0.0006394600495696068
v -0.028267549350857735 -0.12371859699487686 -0.00015020929276943207
v -0.029097547754645348 -0.12355851382017136 -0.0009368844330310822
v -0.02833523042500019 -0.12283998727798462 -0.0014161616563796997
v -0.028420215472579002 -0.12174985557794571 -0.0010874085128307343
v -0.03232130408287048 -0.12066163122653961 -0.001068316400051117
v -0.0325525626540184 -0.12024857848882675 -0.00026633869856595993
v -0.030961472541093826 -0.12057824432849884 -0.00017425045371055603
v -0.031201554462313652 -0.12085574865341187 -0.0011767391115427017
v -0.03305592015385628 -0.12073097378015518 -0.001656590960919857
v -0.03141080588102341 -0.12094437330961227 -0.0022079329937696457
v -0.03006926365196705 -0.1212124228477478 -0.0011625587940216064
v -0.02948346734046936 -0.12113507837057114 -0.0004624500870704651
v -0.02967282570898533 -0.121441550552845 -0.0018821340054273605
v -0.029758302494883537 -0.12239161133766174 -0.002255929633975029
v -0.031710185110569 -0.1218978613615036 -0.0026253368705511093
v -0.031885452568531036 -0.12304587662220001 -0.0019465312361717224
v -0.03338085860013962 -0.12269927561283112 -0.001471908763051033
v -0.03364042192697525 -0.12156637012958527 -0.002022271044552326
v -0.030317967757582664 -0.12337008118629456 -0.0017227083444595337
v -0.030758768320083618 -0.12447429448366165 -0.0011688079684972763
v -0.03210294991731644 -0.12427940964698792 -0.0013659968972206116
v -0.029709406197071075 -0.124546580016613 -0.0005522612482309341
v -0.03014460951089859 -0.1258263885974884 -0.00024990178644657135
v -0.03105880320072174 -0.1257925182580948 -0.0008291872218251228
v -0.029189184308052063 -0.12456785142421722 0.00021461956202983856
v -0.029890775680541992 -0.12562045454978943 0.0005514379590749741
v -0.030436711385846138 -0.12673261761665344 0.0008966447785496712
v -0.0304909348487854 -0.1271207481622696 0.00012184120714664459
v -0.030933722853660583 -0.1261364370584488 0.0015193577855825424
v -0.03120419569313526 -0.1273929923772812 0.001980166882276535
v -0.03069867379963398 -0.12794184684753418 0.0013300199061632156
v -0.031600724905729294 -0.12561292946338654 0.0019503990188241005
v -0.031869977712631226 -0.12697845697402954 0.0023918822407722473
v -0.03210217133164406 -0.1283220797777176 0.0028221365064382553
v -0.03134748339653015 -0.12867844104766846 0.002450922504067421
v -0.03255525231361389 -0.12556622922420502 0.0016928799450397491
v -0.03279898315668106 -0.12695305049419403 0.002065381035208702
v -0.03311256319284439 -0.1282687932252884 0.002521943300962448
v -0.03368113189935684 -0.12710556387901306 0.0014461483806371689
v -0.03403753042221069 -0.12835529446601868 0.0019376901909708977
v -0.034063905477523804 -0.12751638889312744 0.0007378123700618744
v -0.034371692687273026 -0.12877099215984344 0.001195165328681469
v -0.03469650074839592 -0.13009002804756165 0.0016804272308945656
v -0.03484361618757248 -0.1314796805381775 0.002086276188492775
v -0.03381137549877167 -0.1293877363204956 0.0005503296852111816
v -0.03399183601140976 -0.1306595802307129 0.0010160952806472778
v -0.03415285050868988 -0.13194730877876282 0.00134328193962574
v -0.03414011746644974 -0.13326895236968994 0.0016698706895112991
v -0.032819412648677826 -0.1311257928609848 0.0006697848439216614
v -0.03285229206085205 -0.13239780068397522 0.0010263454169034958
v -0.0328630693256855 -0.13361896574497223 0.0014481991529464722
v -0.031468380242586136 -0.1325155347585678 0.0013540927320718765
v -0.03159237280488014 -0.13376818597316742 0.0018700724467635155
v -0.030603250488638878 -0.13217748701572418 0.002175062894821167
v -0.03158450126647949 -0.13123802840709686 0.0008785286918282509
v -0.03086232580244541 -0.1308545619249344 0.001574789173901081
v -0.030805131420493126 -0.13039584457874298 0.002281234599649906
v -0.03073466755449772 -0.1316380500793457 0.0028961487114429474
v -0.030906660482287407 -0.1296478807926178 0.0010277796536684036
v -0.030934730544686317 -0.1291697472333908 0.0017387280240654945
v -0.03077220730483532 -0.12838587164878845 0.0005529485642910004
v -0.031588099896907806 -0.1299504190683365 0.00038357265293598175
v -0.031471505761146545 -0.12858973443508148 -0.00006698351353406906
v -0.03129033371806145 -0.12719537317752838 -0.0004767347127199173
v -0.03258977085351944 -0.1283828318119049 -0.00010849349200725555
v -0.032424163073301315 -0.12696047127246857 -0.00047715846449136734
v -0.03226512670516968 -0.12560464441776276 -0.0008998457342386246
v -0.03345034271478653 -0.12665341794490814 -0.00026137102395296097
v -0.03337761014699936 -0.1252633035182953 -0.0006369948387145996
v -0.03333881124854088 -0.12392211705446243 -0.0010324111208319664
v -0.03385455906391144 -0.12482856959104538 0.000037610530853271484
v -0.03399743139743805 -0.12344054877758026 -0.0001536831259727478
v -0.03341081738471985 -0.12448664754629135 0.0007519479840993881
v -0.033844828605651855 -0.1229628473520279 0.0007605124264955521
v -0.032395005226135254 -0.12411624938249588 0.0013098875060677528
v -0.032441481947898865 -0.12254459410905838 0.0010453052818775177
v -0.03256632760167122 -0.12098078429698944 0.0005972506478428841
v -0.03340001404285431 -0.1258697360754013 0.0010074721649289131
v -0.03396156430244446 -0.126204714179039 0.0003307759761810303
v -0.03364052623510361 -0.128076434135437 0.00007524155080318451
v -0.03272368758916855 -0.12978753447532654 0.0002818536013364792
v 0.015917515382170677 -0.16482606530189514 0.008412949740886688
v 0.015185218304395676 -0.16435357928276062 0.009213952347636223
v 0.013949546962976456 -0.1645030975341797 0.008848782628774643
v 0.014472585171461105 -0.16509316861629486 0.008321162313222885
v 0.016351625323295593 -0.16385643184185028 0.009230082854628563
v 0.015651345252990723 -0.1633206158876419 0.009639756754040718
v 0.016685286536812782 -0.16356465220451355 0.007936043664813042
v 0.016686933115124702 -0.16284410655498505 0.008946185931563377
v 0.015557736158370972 -0.16220873594284058 0.009299414232373238
v 0.01696145348250866 -0.16136223077774048 0.008289709687232971
v 0.015511643141508102 -0.16096314787864685 0.00864495150744915
v 0.014103034511208534 -0.16109049320220947 0.008612731471657753
v 0.014369470998644829 -0.16210360825061798 0.009222431108355522
v 0.014013847336173058 -0.16492238640785217 0.00752941332757473
v 0.015275197103619576 -0.16460488736629486 0.0075528305023908615
v 0.01557622104883194 -0.1637008637189865 0.007139386609196663
v 0.013979917392134666 -0.1636015921831131 0.006939491257071495
v 0.014151502400636673 -0.15994803607463837 0.007812920957803726
v 0.012757165357470512 -0.16004236042499542 0.007751941680908203
v 0.01293129287660122 -0.16137626767158508 0.008608253672719002
v 0.01249205693602562 -0.14932270348072052 0.003355005756020546
v 0.011891530826687813 -0.15030746161937714 0.0037710610777139664
v 0.014001747593283653 -0.15008747577667236 0.004140513017773628
v 0.014154156669974327 -0.14887502789497375 0.003357512876391411
v 0.014322007074952126 -0.15053726732730865 0.0025631841272115707
v 0.012494824826717377 -0.150470569729805 0.0025665536522865295
v 0.018304184079170227 -0.15279844403266907 0.0027856044471263885
v 0.017596544697880745 -0.15399402379989624 0.003306834027171135
v 0.01633603870868683 -0.15395519137382507 0.0020373212173581123
v 0.016969997435808182 -0.15291135013103485 0.0012724734842777252
v 0.010804010555148125 -0.15087755024433136 0.002360653132200241
v 0.012933986261487007 -0.1514904797077179 0.0016313409432768822
v 0.011947402730584145 -0.15193209052085876 0.0008254451677203178
v 0.011919248849153519 -0.1535310596227646 0.001374412328004837
v 0.010350458323955536 -0.15254776179790497 0.002828715369105339
v 0.017823977395892143 -0.15101556479930878 0.0027841292321681976
v 0.016240645200014114 -0.15000467002391815 0.003120463341474533
v 0.01626657135784626 -0.1502293050289154 0.004074741154909134
v 0.017958994954824448 -0.150778129696846 0.003764856606721878
v 0.01669229194521904 -0.15157784521579742 0.0017205886542797089
v 0.015943529084324837 -0.15095753967761993 0.002422163262963295
v 0.01457272656261921 -0.1515621840953827 0.001346813514828682
v 0.01451488770544529 -0.152472123503685 0.00015815161168575287
v 0.014348223805427551 -0.15382245182991028 0.0011335257440805435
v 0.015908842906355858 -0.15518291294574738 0.002827761694788933
v 0.014272645115852356 -0.1550886631011963 0.002226129174232483
v 0.012476563453674316 -0.15478020906448364 0.0025049764662981033
v 0.011231638491153717 -0.15405309200286865 0.0035614613443613052
v 0.01418398879468441 -0.15662343800067902 0.0030511226505041122
v 0.012758834287524223 -0.1561712622642517 0.0033950861543416977
v 0.011804170906543732 -0.15539908409118652 0.004266051575541496
v 0.012311341241002083 -0.1544816493988037 0.005127128213644028
v 0.011943373829126358 -0.15304763615131378 0.004597296938300133
v 0.012848472222685814 -0.15760092437267303 0.004171881824731827
v 0.012068036943674088 -0.15677203238010406 0.004937691614031792
v 0.012619363144040108 -0.1559673398733139 0.005659749731421471
v 0.014020625501871109 -0.15545007586479187 0.006014866754412651
v 0.0139741450548172 -0.1539800465106964 0.005392307415604591
v 0.012203823775053024 -0.15815892815589905 0.005620663985610008
v 0.012772899121046066 -0.15742358565330505 0.006258780136704445
v 0.01406984031200409 -0.15699858963489532 0.00659932941198349
v 0.015435712411999702 -0.15700647234916687 0.006393594667315483
v 0.015534386038780212 -0.15544851124286652 0.0059362053871154785
v 0.012837350368499756 -0.15880419313907623 0.006928212940692902
v 0.014154419302940369 -0.15854407846927643 0.007141118869185448
v 0.015503562986850739 -0.15845929086208344 0.006981799378991127
v 0.01654186099767685 -0.15859583020210266 0.006541188806295395
v 0.01652662828564644 -0.15723608434200287 0.005941711366176605
v 0.015608368441462517 -0.1598433405160904 0.0077009908854961395
v 0.01690022647380829 -0.1598629653453827 0.007416563108563423
v 0.01667478121817112 -0.16055911779403687 0.006523033604025841
v 0.016358720138669014 -0.15918870270252228 0.005709974095225334
v 0.016848182305693626 -0.16201376914978027 0.0073383767157793045
v 0.015644852072000504 -0.16242457926273346 0.006514737382531166
v 0.015542576089501381 -0.16106058657169342 0.0057698823511600494
v 0.014054831117391586 -0.16112378239631653 0.005412926897406578
v 0.01404234953224659 -0.15970662236213684 0.0045830439776182175
v 0.01543218269944191 -0.15964436531066895 0.004970995709300041
v 0.014035895466804504 -0.16242630779743195 0.006197666749358177
v 0.012641768902540207 -0.16167889535427094 0.006598684936761856
v 0.012758910655975342 -0.16043303906917572 0.005724571645259857
v 0.012423653155565262 -0.16308137774467468 0.0074098240584135056
v 0.01220497116446495 -0.15947464108467102 0.00635184720158577
v 0.012804806232452393 -0.15906648337841034 0.004912188276648521
v 0.012023305520415306 -0.16070444881916046 0.007242539897561073
v 0.01208578422665596 -0.16212740540504456 0.008242635056376457
v 0.01408313773572445 -0.15817224979400635 0.0038178768008947372
v 0.0156389232724905 -0.15670230984687805 0.003486825153231621
v 0.015443556010723114 -0.15816903114318848 0.004227958619594574
v 0.016646837815642357 -0.15644873678684235 0.0044132862240076065
v 0.016439732164144516 -0.1578281819820404 0.005020080134272575
v 0.01667359657585621 -0.1558809131383896 0.0054132696241140366
v 0.017055412754416466 -0.1551341563463211 0.003857273608446121
v 0.017004285007715225 -0.15453709661960602 0.004920255392789841
v 0.015743346884846687 -0.15390656888484955 0.005462242290377617
v 0.017529550939798355 -0.1532530039548874 0.004619631916284561
v 0.015870334580540657 -0.1525443196296692 0.0048900265246629715
v 0.013883313164114952 -0.15254999697208405 0.00491776317358017
v 0.01616021618247032 -0.15116837620735168 0.004844585433602333
v 0.013848602771759033 -0.15110567212104797 0.004872644320130348
v 0.01149030216038227 -0.15149860084056854 0.004349380731582642
v 0.01810629479587078 -0.15191927552223206 0.004285169765353203
v 0.012855114415287971 -0.16428174078464508 0.008293058723211288
v 0.013735324144363403 -0.16369709372520447 0.009478768333792686
v 0.012769581750035286 -0.1632799506187439 0.009004039689898491
v 0.014591101557016373 -0.16364340484142303 0.009495619684457779
v 0.014708198606967926 -0.16290183365345 0.009753001853823662
v 0.01398320309817791 -0.16291701793670654 0.009473543614149094
v 0.01344357244670391 -0.16242679953575134 0.009130241349339485
v -0.009218582883477211 -0.1506112962961197 0.010316014289855957
v -0.01030904334038496 -0.15052026510238647 0.010117605328559875
v -0.010179385542869568 -0.15119265019893646 0.009876025840640068
v -0.009517855942249298 -0.15132246911525726 0.009837135672569275
v -0.008866175077855587 -0.14968547224998474 0.010129965841770172
v -0.010201094672083855 -0.14943063259124756 0.009834058582782745
v -0.010830008424818516 -0.15076909959316254 0.009592058137059212
v -0.010650468990206718 -0.15142317116260529 0.00937250442802906
v -0.009861462749540806 -0.1518646478652954 0.009162187576293945
v -0.007335169240832329 -0.15111596882343292 0.009648077189922333
v -0.007790121249854565 -0.15048453211784363 0.01005966030061245
v -0.008378103375434875 -0.15125946700572968 0.009995175525546074
v -0.00776028074324131 -0.15190304815769196 0.00936899334192276
v -0.008886013180017471 -0.15157248079776764 0.009712360799312592
v -0.008813141845166683 -0.15212714672088623 0.00911681167781353
v -0.010974121280014515 -0.14987881481647491 0.009221870452165604
v -0.010948444716632366 -0.1506129801273346 0.008636454120278358
v -0.005406686570495367 -0.1419845074415207 0.004400227218866348
v -0.00625243503600359 -0.14126430451869965 0.004710134118795395
v -0.006522873882204294 -0.14260689914226532 0.005113830789923668
v -0.0057730949483811855 -0.14353740215301514 0.004175668582320213
v -0.005223442334681749 -0.14157447218894958 0.0036166273057460785
v -0.006271119229495525 -0.14080274105072021 0.0038657579571008682
v -0.012080084532499313 -0.14096781611442566 0.0031738821417093277
v -0.011698259972035885 -0.14145255088806152 0.0023078657686710358
v -0.011896677315235138 -0.1426750123500824 0.0024513602256774902
v -0.012477703392505646 -0.14181050658226013 0.003651309758424759
v -0.011198967695236206 -0.14082403481006622 0.0043436940759420395
v -0.011032264679670334 -0.14025646448135376 0.003508547320961952
v -0.007347439415752888 -0.14432328939437866 0.0030691716820001602
v -0.009341706521809101 -0.14480392634868622 0.003181183710694313
v -0.009798986837267876 -0.14392223954200745 0.002425922080874443
v -0.008411942049860954 -0.14395557343959808 0.002224894240498543
v -0.008395303972065449 -0.14330914616584778 0.001472538337111473
v -0.006569314748048782 -0.14334645867347717 0.002017687074840069
v -0.005343212280422449 -0.1427232176065445 0.0029579661786556244
v -0.007079094648361206 -0.14218780398368835 0.0019469084218144417
v -0.006029924843460321 -0.141968235373497 0.0026424452662467957
v -0.005753683857619762 -0.14151760935783386 0.003148891031742096
v -0.006735455710440874 -0.14159700274467468 0.002777380868792534
v -0.006531151942908764 -0.14107538759708405 0.0032429788261651993
v -0.0076493872329592705 -0.14157405495643616 0.002509184181690216
v -0.007766625378280878 -0.1406714916229248 0.0032316502183675766
v -0.010106616653501987 -0.14164341986179352 0.0021184533834457397
v -0.01057189330458641 -0.14098882675170898 0.0027458220720291138
v -0.009200753644108772 -0.14062200486660004 0.003047240898013115
v -0.00896497629582882 -0.14162541925907135 0.002242373302578926
v -0.008671652525663376 -0.1422472894191742 0.001360258087515831
v -0.010452679358422756 -0.14209376275539398 0.0015287045389413834
v -0.01036265678703785 -0.1431046575307846 0.0016032475978136063
v -0.011232039891183376 -0.14365337789058685 0.0030789729207754135
v -0.011832045391201973 -0.14296166598796844 0.004095291718840599
v -0.010663027875125408 -0.14452864229679108 0.0037766676396131516
v -0.011322157457470894 -0.1440390646457672 0.0045617371797561646
v -0.010772698558866978 -0.14326927065849304 0.005304222926497459
v -0.011005392298102379 -0.14206618070602417 0.0048147160559892654
v -0.010375562123954296 -0.14564545452594757 0.00442073680460453
v -0.010973922908306122 -0.14514929056167603 0.005111338570713997
v -0.010577364824712276 -0.14445175230503082 0.00585954450070858
v -0.009529790841042995 -0.14408400654792786 0.006310611963272095
v -0.009538252837955952 -0.14292380213737488 0.005674201995134354
v -0.010809986852109432 -0.14629174768924713 0.0057228803634643555
v -0.010468075051903725 -0.145621195435524 0.006446579471230507
v -0.009555299766361713 -0.14522045850753784 0.006977928802371025
v -0.008455190807580948 -0.14548666775226593 0.007079124450683594
v -0.008277257904410362 -0.14436224102973938 0.00640466995537281
v -0.01051351148635149 -0.1466938704252243 0.007125861942768097
v -0.009647399187088013 -0.1462746262550354 0.007710428908467293
v -0.008542116731405258 -0.14649052917957306 0.007870513945817947
v -0.0077652959153056145 -0.14732038974761963 0.00754193402826786
v -0.0076329694129526615 -0.14632101356983185 0.006787605583667755
v -0.009796692058444023 -0.14728078246116638 0.008485643193125725
v -0.008539041504263878 -0.14742277562618256 0.00875757448375225
v -0.007650112733244896 -0.1482178121805191 0.00842144526541233
v -0.007371842861175537 -0.1491660475730896 0.007931895554065704
v -0.007521160878241062 -0.1483025848865509 0.007039017975330353
v -0.008627612143754959 -0.14852187037467957 0.009568437933921814
v -0.0075032468885183334 -0.1492246389389038 0.009396594017744064
v -0.007083512376993895 -0.15017490088939667 0.008905855938792229
v -0.007720517925918102 -0.15107843279838562 0.008402960374951363
v -0.007967735640704632 -0.15009786188602448 0.007506728172302246
v -0.008940953761339188 -0.1505170613527298 0.007346438243985176
v -0.009029403328895569 -0.14950674772262573 0.006413543596863747
v -0.008107023313641548 -0.14913801848888397 0.00660155713558197
v -0.008840255439281464 -0.15140938758850098 0.008244667202234268
v -0.010016915388405323 -0.15112806856632233 0.008343445137143135
v -0.010082297027111053 -0.1501680165529251 0.007526477798819542
v -0.010968387126922607 -0.1494968980550766 0.007934322580695152
v -0.010881091468036175 -0.14843355119228363 0.007199646905064583
v -0.01010950468480587 -0.14915300905704498 0.006680380553007126
v -0.010807409882545471 -0.1473827064037323 0.0064384229481220245
v -0.010140947997570038 -0.1480383723974228 0.005858397111296654
v -0.009075709618628025 -0.14829830825328827 0.0055798497051000595
v -0.010205864906311035 -0.14683254063129425 0.005110917612910271
v -0.009103952907025814 -0.1470625400543213 0.004761092364788055
v -0.007974228821694851 -0.14686252176761627 0.004919307306408882
v -0.008079919964075089 -0.14805439114570618 0.005731089040637016
v -0.00719565711915493 -0.14621922373771667 0.0055211614817380905
v -0.007480415515601635 -0.1473059058189392 0.0062368083745241165
v -0.007319256663322449 -0.14521630108356476 0.0061507876962423325
v -0.006696315016597509 -0.14500482380390167 0.004850344732403755
v -0.006952433381229639 -0.14400231838226318 0.005548473447561264
v -0.008119944483041763 -0.1432388871908188 0.005714511498808861
v -0.007905466482043266 -0.14193758368492126 0.005261171609163284
v -0.009512746706604958 -0.14170679450035095 0.005159391090273857
v -0.007780318148434162 -0.14075392484664917 0.004684939980506897
v -0.0094610545784235 -0.1405402421951294 0.004584921523928642
v -0.007677902467548847 -0.13995029032230377 0.0039239488542079926
v -0.009404945187270641 -0.13967987895011902 0.0037725642323493958
v -0.007714197039604187 -0.14559631049633026 0.004143575206398964
v -0.009169245138764381 -0.14579641819000244 0.004025155678391457
v -0.010786919854581356 -0.14761397242546082 0.007903022691607475
v -0.011027084663510323 -0.1486484855413437 0.008660085499286652
v -0.0100004393607378 -0.14829610288143158 0.009242871776223183
v 0.05639560893177986 -0.10088196396827698 0.015303907915949821
v 0.055238913744688034 -0.10025431215763092 0.01442478783428669
v 0.05620158836245537 -0.10115926712751389 0.01340404711663723
v 0.05778612568974495 -0.10166369378566742 0.015038957819342613
v 0.058036383241415024 -0.10027901083230972 0.016723772510886192
v 0.056179340928792953 -0.09974373877048492 0.01617601327598095
v 0.05519561842083931 -0.09913863986730576 0.015270765870809555
v 0.05853230133652687 -0.09922284632921219 0.01587933488190174
v 0.05811047926545143 -0.09975560754537582 0.014695839956402779
v 0.054685983806848526 -0.09761981666088104 0.015279242768883705
v 0.05390297248959541 -0.09839765727519989 0.013832071796059608
v 0.05586175248026848 -0.0976296216249466 0.016725892201066017
v 0.0572383888065815 -0.10000383853912354 0.013585517182946205
v 0.056309040635824203 -0.09800955653190613 0.01335817389190197
v 0.057550784200429916 -0.09745194762945175 0.01455739326775074
v 0.0520755909383297 -0.08429545164108276 0.016836365684866905
v 0.052904095500707626 -0.0841698870062828 0.017498403787612915
v 0.0525030754506588 -0.08196593075990677 0.018015239387750626
v 0.0510413721203804 -0.08284109085798264 0.01685059256851673
v 0.052063554525375366 -0.08600360155105591 0.016099853441119194
v 0.052904222160577774 -0.08620323240756989 0.01710284873843193
v 0.05105467885732651 -0.08582018315792084 0.014643678441643715
v 0.05187810957431793 -0.08823607116937637 0.015624558553099632
v 0.05294710770249367 -0.0883568674325943 0.016788145527243614
v 0.05132539942860603 -0.08782131969928741 0.01449158601462841
v 0.05184275284409523 -0.09171237051486969 0.014133324846625328
v 0.0519988127052784 -0.09207241982221603 0.013082923367619514
v 0.05276283621788025 -0.09399361908435822 0.013498147949576378
v 0.05304528400301933 -0.09332321584224701 0.015080509707331657
v 0.05099955573678017 -0.08970008045434952 0.013827038928866386
v 0.05137638747692108 -0.09024794399738312 0.012454550713300705
v 0.05212067440152168 -0.09076084196567535 0.015273207798600197
v 0.050552964210510254 -0.0806753858923912 0.01712230034172535
v 0.050167202949523926 -0.08013942837715149 0.01602139137685299
v 0.050372254103422165 -0.08208267390727997 0.015574323013424873
v 0.0506947822868824 -0.08752748370170593 0.012767517939209938
v 0.050113920122385025 -0.0842529907822609 0.014057056978344917
v 0.04947896674275398 -0.08604319393634796 0.012282690033316612
v 0.0497853085398674 -0.08156996965408325 0.014768743887543678
v 0.049365025013685226 -0.08024197071790695 0.014593569561839104
v 0.04927121475338936 -0.08286599814891815 0.013556750491261482
v 0.05345400795340538 -0.07959751039743423 0.01475280150771141
v 0.052341654896736145 -0.07925830036401749 0.015402907505631447
v 0.05357792600989342 -0.07942835241556168 0.016741739585995674
v 0.054795969277620316 -0.07955243438482285 0.015155212953686714
v 0.05327310785651207 -0.07991611957550049 0.013288823887705803
v 0.051587868481874466 -0.07989628612995148 0.013798737898468971
v 0.048119090497493744 -0.08280384540557861 0.011778615415096283
v 0.048592936247587204 -0.0824645534157753 0.010530026629567146
v 0.04921827092766762 -0.08503882586956024 0.009814983233809471
v 0.048223432153463364 -0.08454317599534988 0.011915493756532669
v 0.05015546455979347 -0.08171417564153671 0.010957283899188042
v 0.0508592389523983 -0.08075165748596191 0.012156831100583076
v 0.05240156129002571 -0.0806346908211708 0.011491866782307625
v 0.0510067418217659 -0.08202953636646271 0.01029210351407528
v 0.04915381595492363 -0.08044759929180145 0.012329481542110443
v 0.0496310293674469 -0.0828934907913208 0.009630171582102776
v 0.04874895513057709 -0.08140860497951508 0.012968605384230614
v 0.05200177803635597 -0.08440747112035751 0.010077904909849167
v 0.05207753926515579 -0.08603517711162567 0.010903798043727875
v 0.050011999905109406 -0.08682259917259216 0.010842446237802505
v 0.05009648948907852 -0.08367881923913956 0.009255321696400642
v 0.05182201415300369 -0.08272416144609451 0.009584706276655197
v 0.05365781858563423 -0.08105189353227615 0.01087232492864132
v 0.054135512560606 -0.08302530646324158 0.011184295639395714
v 0.054055359214544296 -0.08503516018390656 0.01177266426384449
v 0.05496479943394661 -0.07982345670461655 0.012950373813509941
v 0.05537409707903862 -0.0820145308971405 0.013073081150650978
v 0.05519791319966316 -0.08422438055276871 0.013351686298847198
v 0.055446404963731766 -0.08637364208698273 0.013595102354884148
v 0.054272230714559555 -0.08708779513835907 0.012210255488753319
v 0.05516917631030083 -0.08161265403032303 0.015253737568855286
v 0.055062923580408096 -0.08383667469024658 0.015249373391270638
v 0.05515482649207115 -0.08598309755325317 0.015289759263396263
v 0.055470261722803116 -0.08809646964073181 0.01544698141515255
v 0.05564987286925316 -0.08853349834680557 0.01386316679418087
v 0.05411865934729576 -0.08386775106191635 0.016820257529616356
v 0.054268185049295425 -0.08599457889795303 0.016704125329852104
v 0.054565344005823135 -0.08807842433452606 0.016747400164604187
v 0.05505378916859627 -0.09020990133285522 0.01688033528625965
v 0.05593065544962883 -0.09024875611066818 0.01567886956036091
v 0.05344301089644432 -0.09068221598863602 0.016613753512501717
v 0.05433337017893791 -0.09297790378332138 0.016604406759142876
v 0.05569786950945854 -0.0924355760216713 0.017064398154616356
v 0.05659499391913414 -0.09477609395980835 0.017516644671559334
v 0.057080965489149094 -0.09483791142702103 0.01611706055700779
v 0.056481461971998215 -0.09251030534505844 0.01590980775654316
v 0.05521273985505104 -0.09528245031833649 0.01683943159878254
v 0.05750126764178276 -0.0974910631775856 0.017427189275622368
v 0.05410223826766014 -0.09566739201545715 0.015287889167666435
v 0.0533430390059948 -0.09607095271348953 0.013679811730980873
v 0.05368838086724281 -0.09391264617443085 0.012690695002675056
v 0.05408496782183647 -0.09608323127031326 0.012753909453749657
v 0.05470557138323784 -0.09866590797901154 0.012710152193903923
v 0.05581807717680931 -0.09566184133291245 0.013179829344153404
v 0.05543593689799309 -0.09343686699867249 0.013019293546676636
v 0.056559424847364426 -0.09287682175636292 0.014311708509922028
v 0.057109277695417404 -0.09513039141893387 0.014436563476920128
v 0.058030012995004654 -0.09717089682817459 0.016128115355968475
v 0.05498934164643288 -0.09130406379699707 0.012832915410399437
v 0.056039560586214066 -0.09069100022315979 0.014117645099759102
v 0.05459403619170189 -0.08919607102870941 0.012558409944176674
v 0.05325138941407204 -0.09189735352993011 0.012436334043741226
v 0.052869763225317 -0.08993200212717056 0.011970123276114464
v 0.05245891213417053 -0.08788011968135834 0.011554073542356491
v 0.050801832228899 -0.08842652291059494 0.011648701503872871
v 0.054187875241041183 -0.08158870041370392 0.017081137746572495
v 0.051748063415288925 -0.07960870862007141 0.017605507746338844
v 0.05077827721834183 -0.07859818637371063 0.016028529033064842
v 0.0499015673995018 -0.07918071746826172 0.014159796759486198
v 0.00791303813457489 -0.021763719618320465 0.00024037621915340424
v 0.006079137325286865 -0.021998131647706032 -0.0002942020073533058
v 0.006488405168056488 -0.02121790312230587 -0.002302665263414383
v 0.008306918665766716 -0.020346185192465782 -0.0013855202123522758
v 0.007500806823372841 -0.020464202389121056 0.0012239646166563034
v 0.005322699435055256 -0.020527498796582222 0.0008420515805482864
v 0.008512748405337334 -0.020111670717597008 0.0005822023376822472
v 0.009113309904932976 -0.018197093158960342 -0.0005340119823813438
v 0.008360283449292183 -0.018507501110434532 0.001206742599606514
v 0.004748069681227207 -0.009218604303896427 0.0025997962802648544
v 0.004950701259076595 -0.011585568077862263 0.003096042200922966
v 0.006792133674025536 -0.011912007816135883 0.003014950081706047
v 0.0068902187049388885 -0.0089124059304595 0.003561468794941902
v 0.0015327883884310722 -0.007157685700803995 0.002800583839416504
v 0.001276923343539238 -0.005943254567682743 0.0028408318758010864
v -0.000043268315494060516 -0.005111102480441332 0.002302260138094425
v -0.0008888551965355873 -0.0070405323058366776 0.0017866222187876701
v 0.003490358591079712 -0.006744417827576399 0.003744201734662056
v 0.0026096347719430923 -0.0053596110083162785 0.002965332940220833
v 0.002128138206899166 -0.008348039351403713 0.002767670899629593
v 0.0006905421614646912 -0.008266662247478962 0.0022429684177041054
v 0.001051260158419609 -0.009540427476167679 0.0021635955199599266
v 0.002603999339044094 -0.009593562223017216 0.002585502341389656
v 0.00893373042345047 -0.013231540098786354 0.0015230709686875343
v 0.008876591920852661 -0.015651075169444084 0.0006388667970895767
v 0.010123120620846748 -0.014400399290025234 -0.0009148931130766869
v 0.00950753316283226 -0.010686129331588745 0.0012362636625766754
v 0.0035315854474902153 -0.004438510164618492 0.003507109358906746
v 0.002750694751739502 -0.0035894662141799927 0.002785133197903633
v 0.001690112054347992 -0.004062343388795853 0.0026827212423086166
v 0.00449946615844965 -0.003252477152273059 0.0027791541069746017
v 0.005146173760294914 -0.005871861707419157 0.0039005354046821594
v 0.006407558917999268 -0.00474817818030715 0.003502940759062767
v -0.0010302336886525154 -0.009458999149501324 0.0007820688188076019
v -0.0012191999703645706 -0.009149938821792603 -0.0003428459167480469
v -0.00021070893853902817 -0.011856026016175747 -0.0014883168041706085
v -0.000054632313549518585 -0.012080538086593151 0.0001611132174730301
v -0.0015272237360477448 -0.007872050628066063 0.0009213387966156006
v -0.0017551742494106293 -0.007304995320737362 0.000020636245608329773
v 0.008212421089410782 -0.009491074830293655 0.003036322072148323
v 0.008255669847130775 -0.012794437818229198 0.0025243647396564484
v 0.010632667690515518 -0.012989459559321404 -0.0023965416476130486
v 0.010368263348937035 -0.009801516309380531 -0.0009432453662157059
v 0.004789026454091072 -0.021082043647766113 -0.002537880092859268
v 0.003828996792435646 -0.020343534648418427 -0.00405269768089056
v 0.006238766014575958 -0.020222995430231094 -0.00441026221960783
v -0.00010381173342466354 -0.012556347995996475 -0.002592429518699646
v 0.00029753427952528 -0.01427758950740099 -0.0030553974211215973
v 0.000776657834649086 -0.014789564535021782 -0.0016956310719251633
v -0.0010707303881645203 -0.008421530947089195 -0.0020386911928653717
v -0.0006582029163837433 -0.010477771982550621 -0.0031600939109921455
v 0.000781339593231678 -0.014932462014257908 -0.0002676974982023239
v -0.0022710240446031094 -0.0054860482923686504 0.0007521053776144981
v -0.0019806460477411747 -0.006627857685089111 -0.0014217430725693703
v 0.009997298941016197 -0.017303384840488434 -0.0032570715993642807
v 0.009714150801301003 -0.01748451218008995 -0.0061065424233675
v 0.010082650929689407 -0.01550479605793953 -0.006431838031858206
v 0.010542094707489014 -0.014994454570114613 -0.00436809379607439
v 0.008188478648662567 -0.01914915442466736 -0.004002357833087444
v 0.008327530696988106 -0.019033851101994514 -0.006155779119580984
v 0.0047978609800338745 -0.019907141104340553 -0.005620313808321953
v 0.004020859487354755 -0.019788522273302078 -0.006525252014398575
v 0.005804103799164295 -0.019379474222660065 -0.007252817042171955
v 0.0063823070377111435 -0.019675418734550476 -0.006141455378383398
v 0.002294621430337429 -0.02022978477180004 -0.00569517444819212
v -0.0020475471392273903 -0.0064288415014743805 -0.0027260584756731987
v -0.0026383260264992714 -0.0045821149833500385 -0.0010258806869387627
v -0.0019978834316134453 -0.0050025503151118755 -0.003319532610476017
v -0.0009931214153766632 -0.006796774920076132 -0.00463096983730793
v -0.0011980338022112846 -0.007702630013227463 -0.003505181521177292
v 0.009441586211323738 -0.007355182431638241 -0.0004325844347476959
v 0.009236067533493042 -0.008030304685235023 -0.0018840227276086807
v 0.008502773940563202 -0.00695852842181921 -0.002334224060177803
v 0.008293965831398964 -0.005389027763158083 -0.0005117068067193031
v 0.00950930081307888 -0.009775789454579353 -0.002644406631588936
v 0.009288756176829338 -0.012041959911584854 -0.003481541760265827
v 0.007679762318730354 -0.010918780229985714 -0.004374494776129723
v 0.008253758773207664 -0.008677259087562561 -0.0034168921411037445
v 0.0045496029779314995 -0.00261228671297431 -0.0019676340743899345
v 0.003514452837407589 -0.0019893592689186335 0.0004078773781657219
v 0.005417460575699806 -0.002671243390068412 0.0011787805706262589
v 0.0065805334597826 -0.003779767546802759 -0.0012913551181554794
v 0.0010213423520326614 -0.004016079939901829 -0.0038623781874775887
v -0.0006074802950024605 -0.002992989495396614 -0.0008308989927172661
v 0.0015665730461478233 -0.002055533928796649 -0.0002663685008883476
v 0.002663826569914818 -0.0021594867575913668 -0.0021071657538414
v 0.00954434834420681 -0.013411354273557663 -0.004700294695794582
v 0.008732311427593231 -0.012886556796729565 -0.006547899916768074
v 0.002897588536143303 -0.019818557426333427 -0.007990289479494095
v 0.004945257678627968 -0.019422948360443115 -0.008125735446810722
v 0.00029642414301633835 -0.0064343954436481 -0.004796282388269901
v 0.0012986939400434494 -0.008154099807143211 -0.005532096605747938
v -0.00014710798859596252 -0.008618105202913284 -0.00578721659258008
v 0.0026358626782894135 -0.0069510419853031635 -0.004954911768436432
v 0.009109651669859886 -0.01760282553732395 -0.008222400210797787
v 0.009292574599385262 -0.015977371484041214 -0.007977440021932125
v 0.006815603002905846 -0.0056328014470636845 -0.003434610553085804
v 0.004616308957338333 -0.004563582595437765 -0.004274499602615833
v 0.0029274774715304375 -0.01038995012640953 -0.0063498723320662975
v 0.0010170992463827133 -0.010806330479681492 -0.00667441776022315
v 0.007715556770563126 -0.019031956791877747 -0.007977894507348537
v 0.005252750590443611 -0.018597610294818878 -0.009653761051595211
v 0.007185021415352821 -0.01676754467189312 -0.009988036938011646
v -0.00042185932397842407 -0.019144225865602493 -0.008941812440752983
v 0.0006724391132593155 -0.02010487951338291 -0.0074582407251000404
v 0.0004319380968809128 -0.0180107019841671 -0.0066167451441287994
v -0.0003110785037279129 -0.016874141991138458 -0.008303983137011528
v 0.00043925363570451736 -0.016172366216778755 -0.009628440253436565
v 0.001540614292025566 -0.019304970279335976 -0.009948586113750935
v 0.0030121589079499245 -0.01549907773733139 -0.009899608790874481
v 0.0051157064735889435 -0.014765956439077854 -0.009800233878195286
v 0.0064807068556547165 -0.01376301608979702 -0.009352141991257668
v 0.008124001324176788 -0.014692745171487331 -0.009060350246727467
v 0.004049011506140232 -0.01268882118165493 -0.00793263129889965
v 0.006210723891854286 -0.012066132389008999 -0.007540892343968153
v 0.001850123517215252 -0.01299991738051176 -0.00823522824794054
v 0.005149954929947853 -0.00988500565290451 -0.0050714341923594475
v -0.00013070181012153625 -0.0133775994181633 -0.00807929877191782
v -0.0005903057754039764 -0.011318781413137913 -0.00627193134278059
v -0.0002282680943608284 -0.01454221736639738 -0.006893002428114414
v -0.00069460179656744 -0.012387547641992569 -0.005114929750561714
v -0.0008442550897598267 -0.009399336762726307 -0.0047372328117489815
v 0.00038424693048000336 -0.015851473435759544 -0.005519125610589981
v 0.0012594247236847878 -0.018929142504930496 -0.004794077016413212
v 0.0008736066520214081 -0.016747435554862022 -0.003937185741961002
v -0.00020262598991394043 -0.013514026999473572 -0.004168604500591755
v 0.00206803809851408 -0.019806889817118645 -0.002727142535150051
v 0.0017682723701000214 -0.01730685494840145 -0.002304193563759327
v 0.0024643894284963608 -0.019150836393237114 -0.0014420617371797562
v 0.0038033518940210342 -0.021283457055687904 -0.0012734532356262207
v 0.0032076146453619003 -0.019969914108514786 -0.0003579370677471161
v 0.0023394087329506874 -0.017560236155986786 -0.0011920696124434471
v 0.0026524681597948074 -0.017824450507760048 0.00033357739448547363
v 0.004574218764901161 -0.018552225083112717 0.0015966342762112617
v 0.004046509973704815 -0.016379762440919876 0.002152097411453724
v 0.0028962399810552597 -0.016236040741205215 0.001485135406255722
v 0.006417900323867798 -0.007507793139666319 -0.00436566025018692
v 0.004586867988109589 -0.006390516646206379 -0.00481073372066021
v -0.0007800627499818802 -0.003808305598795414 0.0011127060279250145
v 0.0013478947803378105 -0.002818376524373889 0.0014808336272835732
v 0.0070257410407066345 -0.004404747858643532 0.0018079597502946854
v 0.0029784897342324257 -0.002666634973138571 0.001958484761416912
v 0.008414061740040779 -0.007106308359652758 0.001742321066558361
v 0.007622241973876953 -0.00691075948998332 0.0033736061304807663
v 0.0061668530106544495 -0.007267731707543135 0.003841463476419449
v 0.008220249786973 -0.015766015276312828 0.002013908699154854
v 0.006842255592346191 -0.015166849829256535 0.002816705033183098
v 0.005190156400203705 -0.014345322735607624 0.003022562712430954
v 0.005398878827691078 -0.016533035784959793 0.002605542540550232
v 0.006930116564035416 -0.018402740359306335 0.0021218368783593178
v 0.004243948496878147 -0.00799438264220953 0.003322085365653038
v 0.0007965974509716034 -0.012158013880252838 0.001142585650086403
v 0.0013708742335438728 -0.014908254146575928 0.0008448818698525429
v 0.0021732179448008537 -0.01432169508188963 0.0019233878701925278
v 0.0014898627996444702 -0.01205049641430378 0.002272169105708599
v -0.00014878995716571808 -0.009328879415988922 0.0014601023867726326
v 0.0029872003942728043 -0.011679220013320446 0.0028784163296222687
v 0.003562500700354576 -0.013832109980285168 0.0025534145534038544
v -0.00003529805690050125 -0.011946515180170536 -0.003211994655430317
v -0.02165292762219906 -0.06416545063257217 -0.003401421941816807
v -0.023524388670921326 -0.06188791245222092 -0.003677627071738243
v -0.02513258159160614 -0.06403164565563202 -0.0039215534925460815
v -0.022766364738345146 -0.06682414561510086 -0.0033457130193710327
v -0.024577133357524872 -0.06294506043195724 -0.00654635252431035
v -0.025550510734319687 -0.06567796319723129 -0.006325173191726208
v -0.019671577960252762 -0.06086701154708862 -0.003946579992771149
v -0.018407180905342102 -0.06468424201011658 -0.003830866888165474
v -0.015546298585832119 -0.06513206660747528 -0.005157357081770897
v -0.016359766945242882 -0.061683572828769684 -0.005448312032967806
v -0.01635204255580902 -0.05854088068008423 -0.005818954668939114
v -0.01912686787545681 -0.05752211809158325 -0.0046252114698290825
v -0.017939068377017975 -0.07040127366781235 -0.007303257472813129
v -0.01806967332959175 -0.069022998213768 -0.009233338758349419
v -0.01725987158715725 -0.06746494024991989 -0.007915349677205086
v -0.01672235317528248 -0.06851985305547714 -0.005915690679103136
v -0.024864278733730316 -0.06627160310745239 -0.008424420841038227
v -0.024901099503040314 -0.06370715796947479 -0.008979430422186852
v -0.02302035689353943 -0.06497751176357269 -0.01089443452656269
v -0.024106871336698532 -0.06897716224193573 -0.009735366329550743
v -0.02428562194108963 -0.06997282803058624 -0.00592097407206893
v -0.016703633591532707 -0.06625600159168243 -0.01035327184945345
v -0.016411788761615753 -0.06533324718475342 -0.007885076105594635
v -0.008075118064880371 -0.02073053829371929 0.0005115056410431862
v -0.008365603163838387 -0.023083196952939034 0.001105109229683876
v -0.0063837626948952675 -0.023012446239590645 -0.001482752151787281
v -0.007539571262896061 -0.02002701908349991 -0.0015462469309568405
v -0.015363002195954323 -0.01987597346305847 -0.001266716979444027
v -0.014329255558550358 -0.018004147335886955 -0.0025646956637501717
v -0.01589951105415821 -0.021054038777947426 -0.004463492892682552
v -0.01652848906815052 -0.022437809035182 -0.002175724133849144
v -0.012403903529047966 -0.02115672267973423 0.0004975683987140656
v -0.011032010428607464 -0.01896338164806366 -0.00025346968322992325
v -0.010097846388816833 -0.019186528399586678 -0.0018933312967419624
v -0.008533193729817867 -0.020722707733511925 -0.0046471040695905685
v -0.011657865718007088 -0.01945832185447216 -0.003915531560778618
v -0.006940357852727175 -0.022892246022820473 -0.004002047702670097
v -0.0063354745507240295 -0.02669258788228035 -0.0025033410638570786
v -0.007230726070702076 -0.025116248056292534 -0.0050544412806630135
v -0.009658554568886757 -0.02283419296145439 -0.006665235385298729
v -0.008650962263345718 -0.02791479416191578 -0.005438254214823246
v -0.011131126433610916 -0.02623157948255539 -0.006333686411380768
v -0.014023452997207642 -0.024956563487648964 -0.0066835470497608185
v -0.013070319779217243 -0.02159866690635681 -0.005615759640932083
v -0.016471724957227707 -0.024526705965399742 -0.005619503557682037
v -0.014828242361545563 -0.02836589701473713 -0.007153946440666914
v -0.017195556312799454 -0.027854418382048607 -0.006509698461741209
v -0.01753455400466919 -0.028657976537942886 -0.004485446959733963
v -0.0170858483761549 -0.02552337385714054 -0.0033122189342975616
v -0.01522994227707386 -0.030044609680771828 -0.0029054395854473114
v -0.014526518061757088 -0.02726755104959011 -0.0016852766275405884
v -0.013672379776835442 -0.024364665150642395 -0.00013954564929008484
v -0.010992045514285564 -0.028696805238723755 -0.001728864386677742
v -0.009674083441495895 -0.02622390352189541 -0.0002933330833911896
v -0.007977697998285294 -0.029397573322057724 -0.0033492334187030792
v -0.012073641642928123 -0.03129521757364273 -0.002496045082807541
v -0.009538790211081505 -0.03184424713253975 -0.0038879048079252243
v -0.009679690934717655 -0.031015845015645027 -0.005719367880374193
v -0.010767338797450066 -0.034522537142038345 -0.004338438622653484
v -0.010687971487641335 -0.03397130221128464 -0.006003683432936668
v -0.012799814343452454 -0.032745346426963806 -0.006993482355028391
v -0.01204942911863327 -0.029553690925240517 -0.006548906210809946
v -0.015354547649621964 -0.031725477427244186 -0.007804087828844786
v -0.013328288681805134 -0.03590908274054527 -0.0076628015376627445
v -0.015804819762706757 -0.03508984297513962 -0.008426847867667675
v -0.018025660887360573 -0.03478902950882912 -0.00783965177834034
v -0.017731688916683197 -0.031338587403297424 -0.0072921039536595345
v -0.018347181379795074 -0.03510797768831253 -0.006189209409058094
v -0.01790689304471016 -0.03188088908791542 -0.0054327985271811485
v -0.016557510942220688 -0.035937439650297165 -0.004677978344261646
v -0.01590178720653057 -0.0329330638051033 -0.0038504954427480698
v -0.014003239572048187 -0.0368560254573822 -0.004020523279905319
v -0.013071920722723007 -0.034020647406578064 -0.003349272534251213
v -0.011730880476534367 -0.03738827630877495 -0.004769916646182537
v -0.014879361726343632 -0.03979313746094704 -0.004553463310003281
v -0.012570141814649105 -0.04032672941684723 -0.0051898229867219925
v -0.012022643350064754 -0.039965320378541946 -0.006940503139048815
v -0.011434399522840977 -0.03694671764969826 -0.006462845019996166
v -0.013718772679567337 -0.03907708078622818 -0.008360273204743862
v -0.012487116269767284 -0.04306914657354355 -0.007399763911962509
v -0.013988026417791843 -0.042308494448661804 -0.008980951271951199
v -0.016408737748861313 -0.04186698794364929 -0.00945991463959217
v -0.016199111938476562 -0.03845452144742012 -0.009035129100084305
v -0.018686722964048386 -0.041593726724386215 -0.008701237849891186
v -0.0183895081281662 -0.03819501772522926 -0.008324798196554184
v -0.019589370116591454 -0.04148499667644501 -0.007280608173459768
v -0.018914218991994858 -0.03830454871058464 -0.006796360481530428
v -0.018123377114534378 -0.04197784513235092 -0.005816749297082424
v -0.01727384887635708 -0.0389510877430439 -0.005356183275580406
v -0.015759442001581192 -0.04272729530930519 -0.005045262165367603
v -0.01898219622671604 -0.045036278665065765 -0.0060799564234912395
v -0.016608212143182755 -0.045691248029470444 -0.005230620503425598
v -0.014092318713665009 -0.046303052455186844 -0.005926323588937521
v -0.0133621571585536 -0.043313756585121155 -0.0055899545550346375
v -0.013017851859331131 -0.04621575400233269 -0.0078055779449641705
v -0.014705868437886238 -0.04935647174715996 -0.006158161908388138
v -0.013375711627304554 -0.0494915135204792 -0.008131412789225578
v -0.01429682970046997 -0.049079086631536484 -0.010058132000267506
v -0.014174172654747963 -0.04562085121870041 -0.009569362737238407
v -0.01672675833106041 -0.04870126396417618 -0.010275715962052345
v -0.016568543389439583 -0.045269131660461426 -0.009920278564095497
v -0.019297689199447632 -0.04819198697805405 -0.009505869820713997
v -0.01898786425590515 -0.044929977506399155 -0.009124868549406528
v -0.020925387740135193 -0.04779360443353653 -0.007991040125489235
v -0.020308788865804672 -0.04465825483202934 -0.007669990882277489
v -0.019784921780228615 -0.048107534646987915 -0.006241351366043091
v -0.021562915295362473 -0.050880320370197296 -0.008283691480755806
v -0.020531848073005676 -0.05112769082188606 -0.006418374367058277
v -0.017863159999251366 -0.051705632358789444 -0.005195586942136288
v -0.017285272479057312 -0.04871181398630142 -0.005263323895633221
v -0.015253597870469093 -0.052458737045526505 -0.006232789251953363
v -0.018519243225455284 -0.05460463464260101 -0.005044376477599144
v -0.01584695652127266 -0.055518608540296555 -0.006117539014667273
v -0.01451384648680687 -0.056226179003715515 -0.008356168866157532
v -0.013946887105703354 -0.05285593122243881 -0.008346544578671455
v -0.014954913407564163 -0.05627879500389099 -0.010413842275738716
v -0.01451527327299118 -0.05269084498286247 -0.010323616676032543
v -0.017652995884418488 -0.055539846420288086 -0.010792176239192486
v -0.01709464006125927 -0.05213280767202377 -0.010571642778813839
v -0.020516056567430496 -0.05462471768260002 -0.01025410182774067
v -0.019819466397166252 -0.05139954388141632 -0.009889531880617142
v -0.022348962724208832 -0.05398824065923691 -0.00858253426849842
v -0.021303964778780937 -0.057902365922927856 -0.010543549433350563
v -0.023173648864030838 -0.05718574300408363 -0.008830774575471878
v -0.02239181287586689 -0.05699383094906807 -0.006425086408853531
v -0.021366190165281296 -0.05408620089292526 -0.006540945265442133
v -0.024059532210230827 -0.06041568145155907 -0.009002685546875
v -0.023450015112757683 -0.059976957738399506 -0.006296579260379076
v -0.022155459970235825 -0.06125352159142494 -0.010782372206449509
v -0.01835489459335804 -0.05888306722044945 -0.011000141501426697
v -0.019117217510938644 -0.06221320480108261 -0.011216715909540653
v -0.01972344145178795 -0.06599072366952896 -0.01126848254352808
v -0.016495512798428535 -0.06282041221857071 -0.010182039812207222
v -0.020554615184664726 -0.07036018371582031 -0.010104161687195301
v -0.02022785320878029 -0.07175608724355698 -0.006484786048531532
v -0.018831832334399223 -0.06871019303798676 -0.003971574828028679
v -0.015600045211613178 -0.05971396341919899 -0.010331965982913971
v -0.015189813449978828 -0.05945887044072151 -0.008166723884642124
v -0.01586357317864895 -0.06249356269836426 -0.007874778471887112
v 0.04019106552004814 -0.0493776910007 0.014946723356842995
v 0.042396362870931625 -0.04974852874875069 0.015640392899513245
v 0.04291980341076851 -0.0456717349588871 0.014912819489836693
v 0.0403863750398159 -0.04728700593113899 0.01319628395140171
v 0.04079609736800194 -0.04961216449737549 0.012636041268706322
v 0.040324606001377106 -0.05125071480870247 0.013552559539675713
v 0.042343515902757645 -0.05257154628634453 0.014199288561940193
v 0.046764615923166275 -0.04899616166949272 0.014394573867321014
v 0.04507213830947876 -0.049843624234199524 0.015183083713054657
v 0.04544880986213684 -0.05212721601128578 0.013819487765431404
v 0.047971900552511215 -0.05014685541391373 0.01302972063422203
v 0.047034744173288345 -0.04651736468076706 0.014426635578274727
v 0.04499387368559837 -0.04736858233809471 0.014947157353162766
v 0.04559796676039696 -0.04370279237627983 0.013812944293022156
v 0.04366745054721832 -0.0409616194665432 0.013082925230264664
v 0.04157698154449463 -0.04219845309853554 0.013551590964198112
v 0.03964722529053688 -0.044218722730875015 0.01204398088157177
v 0.04010521620512009 -0.049952249974012375 0.011025501415133476
v 0.04035617411136627 -0.051958441734313965 0.011397091671824455
v 0.03989453613758087 -0.047994326800107956 0.01112997904419899
v 0.03859074413776398 -0.046527355909347534 0.00983264110982418
v 0.03897576406598091 -0.049672260880470276 0.009287139400839806
v 0.03745958209037781 -0.05189318209886551 0.008275512605905533
v 0.038877975195646286 -0.05213594064116478 0.009627362713217735
v 0.037289466708898544 -0.04958931729197502 0.007875768467783928
v 0.03830285370349884 -0.0414358414709568 0.01135304570198059
v 0.037126146256923676 -0.04328916221857071 0.009508172050118446
v 0.036947838962078094 -0.04413563013076782 0.007454138249158859
v 0.03771177679300308 -0.04692002385854721 0.007691750302910805
v 0.044885385781526566 -0.051817070692777634 0.005411224439740181
v 0.042641084641218185 -0.053227752447128296 0.006142929196357727
v 0.04185989871621132 -0.05050921067595482 0.0054910872131586075
v 0.04438994452357292 -0.04920000955462456 0.005035156384110451
v 0.04662289842963219 -0.048356179147958755 0.00693659670650959
v 0.04639784246683121 -0.05155351012945175 0.007431279867887497
v 0.026814348995685577 -0.019878895953297615 0.010205822065472603
v 0.02488751709461212 -0.020683512091636658 0.00988188199698925
v 0.026503685861825943 -0.022628430277109146 0.009252144023776054
v 0.02829858288168907 -0.021116144955158234 0.00971275381743908
v 0.027384772896766663 -0.017911309376358986 0.010426457971334457
v 0.024082515388727188 -0.018512753769755363 0.010646292939782143
v 0.029767096042633057 -0.019236396998167038 0.00917392410337925
v 0.018435487523674965 -0.022877756506204605 0.00585554912686348
v 0.01924544759094715 -0.02193513698875904 0.007704658433794975
v 0.01805119961500168 -0.01971520110964775 0.007400527596473694
v 0.017828218638896942 -0.02155432105064392 0.005197810009121895
v 0.020096225664019585 -0.02506595477461815 0.004416273906826973
v 0.021077144891023636 -0.02439931221306324 0.007294133305549622
v 0.019513089209794998 -0.022665733471512794 0.0030812453478574753
v 0.021771352738142014 -0.01660899445414543 0.005932468920946121
v 0.021503450348973274 -0.01735781878232956 0.007383240386843681
v 0.023992128670215607 -0.015405205078423023 0.007380329072475433
v 0.022899866104125977 -0.014920086599886417 0.005218183621764183
v 0.021983366459608078 -0.0228080116212368 0.0014444217085838318
v 0.02253086119890213 -0.02501947619020939 0.0025944430381059647
v 0.01893126778304577 -0.02035571075975895 0.005001317709684372
v 0.019581634551286697 -0.018936388194561005 0.006226805970072746
v 0.020809480920433998 -0.017841754481196404 0.004627641290426254
v 0.019990986213088036 -0.020137645304203033 0.0034487228840589523
v 0.02976270020008087 -0.017716800794005394 0.006522597745060921
v 0.027321707457304 -0.015985220670700073 0.008522894233465195
v 0.03156992420554161 -0.02156403660774231 0.008516451343894005
v 0.03184080123901367 -0.021030409261584282 0.006245533004403114
v 0.02810809016227722 -0.015918880701065063 0.005278974771499634
v 0.026614319533109665 -0.014700466766953468 0.006391305476427078
v 0.028856981545686722 -0.018892988562583923 0.0034463051706552505
v 0.027138862758874893 -0.016444692388176918 0.003267720341682434
v 0.03083561733365059 -0.021730996668338776 0.0037754327058792114
v 0.02477041631937027 -0.02600429765880108 0.0026455335319042206
v 0.023792985826730728 -0.026831939816474915 0.0046708714216947556
v 0.02515818178653717 -0.01497283298522234 0.00400899164378643
v 0.025712359696626663 -0.023247335106134415 0.0007959753274917603
v 0.02429506927728653 -0.019446304067969322 0.0004366692155599594
v 0.027031991630792618 -0.01950269751250744 0.0014628106728196144
v 0.02861935645341873 -0.022520823404192924 0.001672564074397087
v 0.021435802802443504 -0.01947336457669735 0.001316196285188198
v 0.02599896863102913 -0.017105862498283386 0.0015597045421600342
v 0.02373555675148964 -0.016115330159664154 0.0014325324445962906
v 0.021261882036924362 -0.01598200760781765 0.0027010012418031693
v 0.03093268722295761 -0.025740979239344597 0.002121228724718094
v 0.029018837958574295 -0.026899274438619614 0.0014261286705732346
v 0.027770113199949265 -0.028000157326459885 0.002845030277967453
v 0.031320784240961075 -0.030160723254084587 0.0016986019909381866
v 0.030059196054935455 -0.03065275400876999 0.003022449091076851
v 0.029119864106178284 -0.03092947043478489 0.005039971321821213
v 0.02665252983570099 -0.028829962015151978 0.004845110699534416
v 0.028567608445882797 -0.03063608519732952 0.00711284764111042
v 0.02634994313120842 -0.028508784249424934 0.006935231387615204
v 0.023783810436725616 -0.02643357589840889 0.006921188905835152
v 0.02724134922027588 -0.02661304362118244 0.00829741545021534
v 0.024981439113616943 -0.024394989013671875 0.008278144523501396
v 0.022791124880313873 -0.022359710186719894 0.008859960362315178
v 0.02119758166372776 -0.020100228488445282 0.009483309462666512
v 0.020649708807468414 -0.018206963315606117 0.00879049301147461
v 0.02405363693833351 -0.01673329435288906 0.009162575006484985
v 0.028528839349746704 -0.02473742514848709 0.00925726629793644
v 0.0294039323925972 -0.028887268155813217 0.008571423590183258
v 0.03066449612379074 -0.026958584785461426 0.009543141350150108
v 0.03223723545670509 -0.025164883583784103 0.009826762601733208
v 0.03020654246211052 -0.022982779890298843 0.009593183174729347
v 0.033415067940950394 -0.024119853973388672 0.008419880643486977
v 0.03429390490055084 -0.027485592290759087 0.010185783728957176
v 0.035466618835926056 -0.026603491976857185 0.008649228140711784
v 0.03558794781565666 -0.02679942175745964 0.006537320092320442
v 0.03365983068943024 -0.02400340884923935 0.006268234923481941
v 0.0345161035656929 -0.027746479958295822 0.0044700875878334045
v 0.032572440803050995 -0.024816682562232018 0.004076698794960976
v 0.03305608034133911 -0.02887798100709915 0.002622431144118309
v 0.03635222837328911 -0.030631588771939278 0.004955107346177101
v 0.03500232473015785 -0.03185204416513443 0.0032444149255752563
v 0.03338818997144699 -0.033083826303482056 0.0024655405431985855
v 0.036853447556495667 -0.03472902998328209 0.0038780756294727325
v 0.03524508327245712 -0.03588113561272621 0.003169247880578041
v 0.033879414200782776 -0.036052580922842026 0.004259800538420677
v 0.03209938481450081 -0.033355750143527985 0.003601446747779846
v 0.03269468620419502 -0.03595781698822975 0.006015075370669365
v 0.031027425080537796 -0.03335219621658325 0.00546656921505928
v 0.03221053257584572 -0.035409264266490936 0.007988659664988518
v 0.03042866289615631 -0.03294882923364639 0.007473021745681763
v 0.033144108951091766 -0.033748481422662735 0.009564150124788284
v 0.03131730481982231 -0.03127199411392212 0.009024076163768768
v 0.034556448459625244 -0.03177957236766815 0.01057281531393528
v 0.032641660422086716 -0.029343483969569206 0.010034190490841866
v 0.03629186749458313 -0.029928872361779213 0.010603150352835655
v 0.03645896166563034 -0.03422272577881813 0.011157648637890816
v 0.03822033107280731 -0.03242171183228493 0.011199930682778358
v 0.039384711533784866 -0.031981658190488815 0.009580064564943314
v 0.037530094385147095 -0.029138069599866867 0.009070998057723045
v 0.03919654339551926 -0.03252061456441879 0.007447635754942894
v 0.037382643669843674 -0.0296351108700037 0.0069608185440301895
v 0.03820560500025749 -0.03349841758608818 0.0054777879267930984
v 0.04100394994020462 -0.03544778376817703 0.007939223200082779
v 0.04002111777663231 -0.0364200584590435 0.005990741774439812
v 0.038580406457185745 -0.037580378353595734 0.00447201170027256
v 0.041731901466846466 -0.03943932056427002 0.006440360099077225
v 0.040177516639232635 -0.04048736393451691 0.004922548308968544
v 0.038414761424064636 -0.04137400537729263 0.004298144951462746
v 0.03691798076033592 -0.03858285769820213 0.0038388799875974655
v 0.03685586154460907 -0.04157619923353195 0.005340879783034325
v 0.035407379269599915 -0.03881564736366272 0.004836352542042732
v 0.03573369234800339 -0.04136546328663826 0.007073516026139259
v 0.03426793962717056 -0.03865259140729904 0.00656619668006897
v 0.03562728688120842 -0.04054004326462746 0.009064780548214912
v 0.03400979936122894 -0.037915199995040894 0.008520621806383133
v 0.03672853857278824 -0.03878462687134743 0.010738315060734749
v 0.0350068174302578 -0.0362369529902935 0.010103808715939522
v 0.03831888735294342 -0.03671176731586456 0.011879106983542442
v 0.04009074345231056 -0.039353903383016586 0.012629343196749687
v 0.041925545781850815 -0.03796425089240074 0.012576257809996605
v 0.04011784866452217 -0.03506621718406677 0.011938286945223808
v 0.04285797104239464 -0.03791215270757675 0.010610878467559814
v 0.041070692241191864 -0.03496536985039711 0.010121962055563927
v 0.042772624641656876 -0.038460955023765564 0.008389512076973915
v 0.044684998691082 -0.04091738164424896 0.011027442291378975
v 0.04449489340186119 -0.041598401963710785 0.008794335648417473
v 0.04329872503876686 -0.042566973716020584 0.006837790831923485
v 0.04643939435482025 -0.044690459966659546 0.009146293625235558
v 0.04487600177526474 -0.045606017112731934 0.007080519571900368
v 0.04303828254342079 -0.046388912945985794 0.005271324887871742
v 0.041648317128419876 -0.04345587268471718 0.005241507664322853
v 0.04095498472452164 -0.047321464866399765 0.005067620426416397
v 0.03976063057780266 -0.04426559433341026 0.004747001454234123
v 0.03897390142083168 -0.0473957359790802 0.006101114675402641
v 0.03803662955760956 -0.044463567435741425 0.005717460066080093
v 0.03932518884539604 -0.050356462597846985 0.006582094356417656
v 0.03935050591826439 -0.053251586854457855 0.007065838202834129
v 0.04400791972875595 -0.05371006950736046 0.00830979086458683
v 0.04086136072874069 -0.053872011601924896 0.009061599150300026
v 0.04504811018705368 -0.053020987659692764 0.01106937974691391
v 0.04215889796614647 -0.05327169597148895 0.011466963216662407
v 0.04758452624082565 -0.05096342787146568 0.010266505181789398
v 0.04866345226764679 -0.04760667309165001 0.009400246664881706
v 0.04889838770031929 -0.04663983732461929 0.012308124452829361
v 0.04693080112338066 -0.04371556267142296 0.011549333110451698
v -0.006401168182492256 -0.0724276751279831 -0.005670073442161083
v -0.008510873652994633 -0.07061782479286194 -0.005584715865552425
v -0.009788339026272297 -0.0748838409781456 -0.0061755371280014515
v -0.00657345075160265 -0.07572674006223679 -0.0061832633800804615
v -0.0030522882007062435 -0.07557983696460724 -0.0064848377369344234
v -0.0036872876808047295 -0.07131218910217285 -0.005655872635543346
v -0.00575983664020896 -0.06715404242277145 -0.0061389608308672905
v -0.0022484194487333298 -0.07065487653017044 -0.007814846001565456
v -0.0028037489391863346 -0.06711345911026001 -0.008115703240036964
v -0.00546686677262187 -0.06298501789569855 -0.007167818024754524
v -0.008346064947545528 -0.06268686801195145 -0.00849399995058775
v -0.009119581431150436 -0.06604602932929993 -0.007864437997341156
v -0.0030386759899556637 -0.06359903514385223 -0.008727924898266792
v -0.010672499425709248 -0.0692436471581459 -0.007106669247150421
v -0.011164681054651737 -0.07389526814222336 -0.010041732341051102
v -0.011003457941114902 -0.07207715511322021 -0.009332868270576
v -0.010838277637958527 -0.07187694311141968 -0.011175915598869324
v -0.010873164981603622 -0.07364581525325775 -0.011113266460597515
v -0.011873113922774792 -0.07558421045541763 -0.00963205099105835
v -0.01195887103676796 -0.07312432676553726 -0.007428774610161781
v -0.011163415387272835 -0.07484521716833115 -0.011867815628647804
v -0.003167207818478346 -0.07534677535295486 -0.010039133951067924
v -0.002596263773739338 -0.07371923327445984 -0.00874350406229496
v -0.0033566378988325596 -0.0777716264128685 -0.00956221204251051
v -0.002881464082747698 -0.07489461451768875 -0.01143164373934269
v -0.002180187962949276 -0.07323044538497925 -0.011152906343340874
v -0.003572210669517517 -0.07642613351345062 -0.012447930872440338
v -0.010831818915903568 -0.07219023257493973 -0.012758513912558556
v -0.011165323667228222 -0.06994389742612839 -0.010924526490271091
v -0.010843715630471706 -0.06930992752313614 -0.00930015742778778
v -0.010441958904266357 -0.06644155085086823 -0.010777778923511505
v -0.010979310609400272 -0.06919565051794052 -0.01233625691384077
v -0.003081904724240303 -0.07342734187841415 -0.013356935232877731
v -0.009826271794736385 -0.06276624649763107 -0.011016568168997765
v -0.008557629771530628 -0.06625117361545563 -0.013237141072750092
v -0.008784989826381207 -0.06932549178600311 -0.013449846766889095
v -0.00823906809091568 -0.06308002769947052 -0.013023711740970612
v -0.004836204461753368 -0.02245611511170864 -0.0007456149905920029
v -0.006221226882189512 -0.021199248731136322 -0.0018418896943330765
v -0.00624811090528965 -0.023530544713139534 -0.002546948380768299
v -0.0037658181972801685 -0.024679183959960938 -0.001738954335451126
v -0.003485088236629963 -0.021601902320981026 -0.0007330514490604401
v -0.0037149121053516865 -0.020332466810941696 -0.0023175086826086044
v -0.0016423007473349571 -0.022371020168066025 -0.001594829373061657
v -0.00645858608186245 -0.024416429921984673 -0.00419070478528738
v -0.005093821324408054 -0.02765948697924614 -0.002948715351521969
v -0.0002854634076356888 -0.02604242041707039 -0.001573825255036354
v 0.0005472786724567413 -0.023040298372507095 -0.0034162383526563644
v -0.0009921537712216377 -0.02908341959118843 -0.002848159521818161
v 0.0013670474290847778 -0.0266801118850708 -0.005184255540370941
v -0.006188862957060337 -0.03014400601387024 -0.004903940483927727
v -0.007295205257833004 -0.02945970930159092 -0.007575558498501778
v -0.006660986691713333 -0.033044833689928055 -0.0077834418043494225
v -0.005895170383155346 -0.033932965248823166 -0.005665101110935211
v -0.002857715357095003 -0.03438765928149223 -0.00539989210665226
v -0.0021028276532888412 -0.03159886598587036 -0.004437901079654694
v -0.00676750810816884 -0.021429015323519707 -0.004339148290455341
v -0.001522829756140709 -0.020390164107084274 -0.0023992499336600304
v -0.0016130032017827034 -0.020929288119077682 -0.004290338605642319
v -0.004578887019306421 -0.02034938894212246 -0.004590249620378017
v 0.00020697899162769318 -0.022519642487168312 -0.005971846170723438
v -0.001766684465110302 -0.020912162959575653 -0.006720921956002712
v 0.0007640738040208817 -0.02462739311158657 -0.0076527963392436504
v 0.00011802185326814651 -0.02121908962726593 -0.007906284183263779
v -0.00546207744628191 -0.020482435822486877 -0.006908665411174297
v -0.0007207738235592842 -0.022012492641806602 -0.008549433201551437
v -0.0026439111679792404 -0.02207283116877079 -0.00821097381412983
v -0.005939141847193241 -0.021573049947619438 -0.008779646828770638
v -0.008282666094601154 -0.02237507328391075 -0.008237095549702644
v -0.00804942101240158 -0.021581150591373444 -0.006473688408732414
v -0.008008580654859543 -0.025435764342546463 -0.007956876419484615
v -0.007537208031862974 -0.025309719145298004 -0.005961648188531399
v -0.0059943487867712975 -0.024875864386558533 -0.009107692167162895
v -0.0006913961842656136 -0.024771684780716896 -0.009382200427353382
v 0.0002481350675225258 -0.0294569730758667 -0.008141711354255676
v -0.0012152809649705887 -0.02889101952314377 -0.009585516527295113
v -0.0034918696619570255 -0.028460728004574776 -0.009434204548597336
v -0.0030886558815836906 -0.02476351149380207 -0.00913955271244049
v -0.006046232767403126 -0.028696632012724876 -0.009207697585225105
v -0.0038964245468378067 -0.032085880637168884 -0.010126614011824131
v -0.005956346169114113 -0.032277703285217285 -0.009625887498259544
v -0.004346723668277264 -0.035529859364032745 -0.010938115417957306
v -0.006014158017933369 -0.03565245866775513 -0.010229505598545074
v -0.006671630311757326 -0.03628886118531227 -0.008438659831881523
v -0.006284595932811499 -0.039040058851242065 -0.010947459377348423
v -0.0068556321784853935 -0.03952091187238693 -0.009161682799458504
v -0.006122760009020567 -0.04016748443245888 -0.0073023270815610886
v -0.0059409295208752155 -0.03703693300485611 -0.006500747986137867
v -0.003975800704210997 -0.04055675119161606 -0.006699764169752598
v -0.0034973840229213238 -0.03740773722529411 -0.006116992793977261
v -0.002151140011847019 -0.040581114590168 -0.007656769827008247
v -0.0013732779771089554 -0.03753325343132019 -0.006991150323301554
v -0.00026251282542943954 -0.03435743972659111 -0.006413652561604977
v 0.0006693331524729729 -0.030600665137171745 -0.005962565075606108
v -0.0014488883316516876 -0.03684072196483612 -0.008714625611901283
v -0.0005857842043042183 -0.033434998244047165 -0.00826047733426094
v -0.002375382464379072 -0.03607442229986191 -0.010375389829277992
v -0.0017778892070055008 -0.0326392725110054 -0.009883701801300049
v -0.0018338491208851337 -0.04007986932992935 -0.009387852624058723
v -0.002787237521260977 -0.03943080082535744 -0.011039515025913715
v -0.00468571949750185 -0.03899332135915756 -0.011728987097740173
v -0.0029597338289022446 -0.04284423962235451 -0.011661585420370102
v -0.00480132969096303 -0.04256579652428627 -0.012366430833935738
v -0.006632511503994465 -0.04249953478574753 -0.011606686748564243
v -0.004863638896495104 -0.04614187404513359 -0.012778446078300476
v -0.006951471790671349 -0.04597833752632141 -0.01212313398718834
v -0.007443591021001339 -0.04615204036235809 -0.010322262533009052
v -0.0070820460096001625 -0.042821045964956284 -0.00979616679251194
v -0.00661870464682579 -0.04656510800123215 -0.008445700630545616
v -0.00634860061109066 -0.04334411397576332 -0.007959481328725815
v -0.004474158398807049 -0.04692211374640465 -0.007652790751308203
v -0.004276417661458254 -0.04373043775558472 -0.007238279562443495
v -0.002455745358020067 -0.04694670811295509 -0.008565940894186497
v -0.0023794802837073803 -0.043726298958063126 -0.008174007758498192
v -0.0022218022495508194 -0.04663677141070366 -0.01048495527356863
v -0.002036630641669035 -0.04332972690463066 -0.010000182315707207
v -0.0029698763974010944 -0.04630749672651291 -0.012200059369206429
v -0.0020905276760458946 -0.050004564225673676 -0.010887755081057549
v -0.002878273371607065 -0.049793317914009094 -0.012638594955205917
v -0.004947479348629713 -0.04970502480864525 -0.013084886595606804
v -0.002718459814786911 -0.05332324653863907 -0.012989431619644165
v -0.004986060317605734 -0.053277239203453064 -0.013293354772031307
v -0.0075117433443665504 -0.052975356578826904 -0.012771817855536938
v -0.0072301155887544155 -0.049473024904727936 -0.012518412433564663
v -0.008332923986017704 -0.05281500518321991 -0.011049054563045502
v -0.007812285330146551 -0.04949839413166046 -0.010761023499071598
v -0.0072381580248475075 -0.053005047142505646 -0.009018856100738049
v -0.00687590055167675 -0.04980131611227989 -0.008829858154058456
v -0.004775906912982464 -0.05332428216934204 -0.008023777976632118
v -0.00462986808270216 -0.05013582855463028 -0.00787795428186655
v -0.0026116236113011837 -0.05351681634783745 -0.009164001792669296
v -0.0025283796712756157 -0.050213683396577835 -0.008921976201236248
v -0.001982692629098892 -0.05344310402870178 -0.011188356205821037
v -0.0026994431391358376 -0.05684833228588104 -0.009215151891112328
v -0.0019316179677844048 -0.05694279447197914 -0.011298518627882004
v -0.0024629286490380764 -0.05692363902926445 -0.013187861070036888
v -0.0017467476427555084 -0.06046353653073311 -0.011205963790416718
v -0.002279495820403099 -0.06052528694272041 -0.013099436648190022
v -0.0049953823909163475 -0.060277774930000305 -0.013387920334935188
v -0.004967293236404657 -0.05682132765650749 -0.013343481346964836
v -0.007945549674332142 -0.05980841815471649 -0.012872575782239437
v -0.007704023737460375 -0.05644092336297035 -0.012817904353141785
v -0.009427471086382866 -0.05941874906420708 -0.011126893572509289
v -0.008873703889548779 -0.056117698550224304 -0.011152650229632854
v -0.00788479670882225 -0.059425413608551025 -0.008949440903961658
v -0.007531531620770693 -0.056210171431303024 -0.00910346582531929
v -0.005196993239223957 -0.05963433161377907 -0.0076768659055233
v -0.004961428232491016 -0.05648193880915642 -0.008033120073378086
v -0.0028501241467893124 -0.06019837409257889 -0.009059982374310493
v -0.001725960522890091 -0.06394819170236588 -0.010981660336256027
v -0.0018941382877528667 -0.06728652864694595 -0.010747882537543774
v -0.0024568475782871246 -0.06719862669706345 -0.012877627275884151
v -0.0022915275767445564 -0.06397800147533417 -0.012948304414749146
v -0.005360490642488003 -0.06677212566137314 -0.013630758970975876
v -0.00514494301751256 -0.06359732151031494 -0.013413374312222004
v -0.002462667878717184 -0.07027026265859604 -0.013133365660905838
v -0.005647891666740179 -0.06978484988212585 -0.013639027252793312
v -0.00606105150654912 -0.07303306460380554 -0.013536736369132996
v -0.008961169980466366 -0.07273376733064651 -0.013590378686785698
v -0.0064421966671943665 -0.07698582857847214 -0.012708300724625587
v -0.009591493755578995 -0.07662035524845123 -0.012652031145989895
v -0.006599097512662411 -0.07832951843738556 -0.0092612961307168
v -0.010078002698719501 -0.0779140368103981 -0.009225036017596722
v -0.0015529850497841835 -0.07047799974679947 -0.010685643181204796
v -0.007466647308319807 -0.016870804131031036 0.005340294912457466
v -0.005947775207459927 -0.015762384980916977 0.006405770778656006
v -0.007294335402548313 -0.013770352117717266 0.0040350425988435745
v -0.008752889931201935 -0.015576004981994629 0.0037716422230005264
v -0.00807076133787632 -0.01849023997783661 0.003020578995347023
v -0.0072156512178480625 -0.018741047009825706 0.004704363644123077
v -0.00510426564142108 -0.019690386950969696 0.0050363801419734955
v -0.005922889336943626 -0.020110445097088814 0.0021726470440626144
v -0.005628907587379217 -0.016109416261315346 0.004850277677178383
v -0.005225660279393196 -0.017744166776537895 0.004220057278871536
v -0.006128164939582348 -0.015246725641191006 0.0032471809536218643
v -0.005514085292816162 -0.017549259588122368 0.0025927238166332245
v -0.00697534903883934 -0.020190224051475525 0.0006160466000437737
v -0.008981081657111645 -0.018731078132987022 0.0009014839306473732
v -0.009220940992236137 -0.019187070429325104 -0.0007334202527999878
v -0.006232127547264099 -0.020205052569508553 -0.0010745646432042122
v -0.004987349268049002 -0.019002839922904968 0.00017969124019145966
v -0.010973025113344193 -0.01764117367565632 -0.0002569146454334259
v -0.011644509620964527 -0.017517417669296265 -0.0016631325706839561
v -0.009540158323943615 -0.01842879317700863 -0.0020687375217676163
v -0.009671585634350777 -0.015172618441283703 0.0006125308573246002
v -0.01122335810214281 -0.015136664733290672 -0.001030581071972847
v -0.007049466948956251 -0.019114380702376366 -0.0025148289278149605
v -0.008380429819226265 -0.012955568730831146 -0.00026249513030052185
v -0.008283172734081745 -0.01185979787260294 -0.001010512001812458
v -0.009649191983044147 -0.012713187374174595 -0.0012210886925458908
v -0.010029568336904049 -0.013706558384001255 -0.0011746883392333984
v -0.00662899948656559 -0.009369230829179287 -0.0006158659234642982
v -0.006397446617484093 -0.011726404540240765 0.00019956938922405243
v -0.004608999937772751 -0.011246781796216965 0.0005170777440071106
v -0.0046631330624222755 -0.008742677979171276 0.000267641618847847
v -0.006839249283075333 -0.013040497899055481 0.0010664770379662514
v -0.005361622665077448 -0.012545015662908554 0.0008218483999371529
v -0.0029962845146656036 -0.010719778947532177 0.00048770103603601456
v -0.0023623541928827763 -0.01308091077953577 -0.0000628465786576271
v -0.0008838465437293053 -0.012775839306414127 -0.0013767648488283157
v -0.0016743699088692665 -0.01015982311218977 -0.00022765249013900757
v -0.005559640470892191 -0.014459212310612202 0.001483788713812828
v -0.004724146332591772 -0.013990241102874279 0.000567789189517498
v -0.011029921472072601 -0.013308700174093246 -0.0021082405000925064
v -0.012605095282196999 -0.014323747716844082 -0.0022618984803557396
v -0.009063689038157463 -0.011270123533904552 -0.0022821957245469093
v -0.009978543035686016 -0.01253396738320589 -0.0017067007720470428
v -0.010904137045145035 -0.01792980544269085 -0.002891041338443756
v -0.011566055938601494 -0.01779492385685444 -0.003486067056655884
v -0.01065833494067192 -0.01783294975757599 -0.004000461660325527
v -0.009766979143023491 -0.018489912152290344 -0.0037186769768595695
v -0.012675407342612743 -0.016603559255599976 -0.0027368711307644844
v -0.002113153226673603 -0.018997332081198692 -0.0035207178443670273
v -0.00097682885825634 -0.019060282036662102 -0.003058314323425293
v -0.0034043537452816963 -0.019504114985466003 -0.002167855389416218
v -0.004248148296028376 -0.01907331869006157 -0.0031524384394288063
v -0.0047959680669009686 -0.018859975039958954 -0.004508273676037788
v -0.002072473056614399 -0.01878987066447735 -0.004837966524064541
v -0.00029899273067712784 -0.01812705397605896 -0.005127541720867157
v -0.012133038602769375 -0.01807335950434208 -0.004604572430253029
v -0.01102136168628931 -0.0182314682751894 -0.004559505730867386
v -0.010304632596671581 -0.0188643429428339 -0.0051023392006754875
v -0.00441773934289813 -0.006828852463513613 0.0002098316326737404
v -0.0027127289213240147 -0.007046054117381573 0.00007126014679670334
v -0.0035225595347583294 -0.0046889870427548885 -0.0006021773442625999
v -0.0054179043509066105 -0.0060051847249269485 -0.0005929945036768913
v -0.011903343722224236 -0.019229525700211525 -0.006086375564336777
v -0.001236594282090664 -0.009797140955924988 -0.0022793635725975037
v -0.0009007370099425316 -0.011578068137168884 -0.004197471775114536
v -0.001933780498802662 -0.0073488145135343075 -0.002506682649254799
v -0.001338479109108448 -0.009281205013394356 -0.003991993144154549
v -0.003401246853172779 -0.0044600763358175755 -0.0025444934144616127
v -0.0024634795263409615 -0.019022133201360703 -0.006758339703083038
v -0.0008394550532102585 -0.018316974863409996 -0.006848044693470001
v -0.012965832836925983 -0.013304793275892735 -0.005415678955614567
v -0.011307826265692711 -0.012447904795408249 -0.003631584346294403
v -0.011202816851437092 -0.010835623368620872 -0.005109456367790699
v -0.012260681949555874 -0.011530708521604538 -0.006185096222907305
v -0.010798301547765732 -0.011441799812018871 -0.007379748858511448
v -0.010955136269330978 -0.013613694347441196 -0.007782625965774059
v -0.010860779322683811 -0.016084248200058937 -0.008009829558432102
v -0.013046546839177608 -0.01536588091403246 -0.0067954775877296925
v -0.0003355797380208969 -0.014369857497513294 -0.004145005717873573
v -0.000645107589662075 -0.01422647200524807 -0.005935682449489832
v -0.0009314278140664101 -0.01238404680043459 -0.006245989352464676
v -0.0015167659148573875 -0.01112536620348692 -0.006613087374716997
v -0.0014041047543287277 -0.010073649697005749 -0.005694239865988493
v -0.0016367193311452866 -0.008904903195798397 -0.004775800742208958
v -0.00181563850492239 -0.007110303267836571 -0.004680872894823551
v -0.0004622777923941612 -0.015768960118293762 -0.005615790840238333
v -0.00007963273674249649 -0.016356127336621284 -0.004359596408903599
v -0.004343567416071892 -0.019059184938669205 -0.007772547192871571
v -0.006547071505337954 -0.019317179918289185 -0.0077238064259290695
v -0.00747756427153945 -0.01924898475408554 -0.00924430601298809
v -0.00464185094460845 -0.01902317814528942 -0.008955355733633041
v -0.010724905878305435 -0.009907281957566738 -0.0065920390188694
v -0.00920091662555933 -0.00980980321764946 -0.004625511355698109
v -0.009173964150249958 -0.009006740525364876 -0.007007183972746134
v -0.00244481535628438 -0.007605142425745726 -0.008068342693150043
v -0.0011721737682819366 -0.008158121258020401 -0.006590023636817932
v -0.0009428169578313828 -0.010049596428871155 -0.007541818544268608
v -0.0011334596201777458 -0.009496905840933323 -0.00849939789623022
v -0.002517424989491701 -0.011012171395123005 -0.008568113669753075
v -0.004448072984814644 -0.010621711611747742 -0.008362885564565659
v -0.004896312486380339 -0.007356683723628521 -0.007873224094510078
v -0.0012050624936819077 -0.011670068837702274 -0.00846882164478302
v -0.000548449344933033 -0.012106765061616898 -0.0075857797637581825
v -0.00025989580899477005 -0.014357100240886211 -0.007267693057656288
v -0.0006571710109710693 -0.014270586892962456 -0.00856203492730856
v -0.002095018047839403 -0.013988666236400604 -0.009152479469776154
v -0.00034676119685173035 -0.017268626019358635 -0.008274776861071587
v -0.001521633006632328 -0.016472894698381424 -0.00934249721467495
v -0.003196894656866789 -0.016857540234923363 -0.00935700535774231
v -0.004084727261215448 -0.013823717832565308 -0.008872942067682743
v -0.0055339764803647995 -0.016779737547039986 -0.009277738630771637
v -0.006251099053770304 -0.013847053050994873 -0.008625060319900513
v -0.006669517140835524 -0.010564303956925869 -0.008442852646112442
v -0.008570892736315727 -0.01390080340206623 -0.008602499961853027
v -0.008904137648642063 -0.010852326638996601 -0.008369064889848232
v -0.007137958891689777 -0.008102048188447952 -0.007507059257477522
v -0.0075025781989097595 -0.007871592417359352 -0.004806739278137684
v -0.005469784140586853 -0.005965905729681253 -0.004970652051270008
v -0.003157646395266056 -0.00508245499804616 -0.005141541361808777
v -0.007553297095000744 -0.00836120918393135 -0.002308689057826996
v -0.005859110504388809 -0.005476887337863445 -0.002438778057694435
v -0.008207036182284355 -0.016695557162165642 -0.009045744314789772
v -0.01046510599553585 -0.01862553507089615 -0.008220652118325233
v -0.002297829370945692 -0.019027747213840485 -0.008626786060631275
v -0.009488485753536224 -0.019995544105768204 -0.007364911958575249
v -0.00007509812712669373 -0.01654403656721115 -0.006464689038693905
v -0.0004676319658756256 -0.01509031094610691 -0.0019572842866182327
v -0.0005073174834251404 -0.017501939088106155 -0.002221282571554184
v -0.0018160110339522362 -0.015399043448269367 -0.0005557220429182053
v -0.001743498258292675 -0.016737578436732292 -0.0009085237979888916
v -0.0028540780767798424 -0.018506137654185295 -0.001421567052602768
v -0.0031097964383661747 -0.016986247152090073 -0.0006866790354251862
v -0.004090614151209593 -0.017448054626584053 -0.00012706313282251358
v -0.00503595732152462 -0.0168345607817173 0.0009590368717908859
v -0.004192067310214043 -0.01613030396401882 0.0001946277916431427
v -0.013025771826505661 -0.017515879124403 -0.006651178002357483
v -0.005391344893723726 -0.01911340281367302 -0.006073549389839172
v -0.00816704798489809 -0.019283685833215714 -0.005819672718644142
v -0.00741947814822197 -0.01911947689950466 -0.004284932278096676
v -0.013243134133517742 -0.016468659043312073 -0.0046418532729148865
v -0.0034292410127818584 -0.008747762069106102 0.0005575884133577347
v -0.0036628050729632378 -0.013411150313913822 0.00016272813081741333
v -0.0032199351117014885 -0.01557205431163311 -0.00040776655077934265
v -0.004193674772977829 -0.0029561754781752825 0.006079694256186485
v -0.0035581933334469795 -0.004385783802717924 0.0059043411165475845
v -0.0019920868799090385 -0.002836253261193633 0.006309645250439644
v -0.003517606295645237 -0.0014340720372274518 0.006560070440173149
v -0.005322124809026718 -0.0007291104411706328 0.005920415744185448
v -0.0055335285142064095 -0.0029556003864854574 0.005594268441200256
v -0.005333157256245613 -0.005058183800429106 0.0050246939063072205
v 0.0005822284147143364 -0.005074661690741777 0.0039824675768613815
v 0.00014115497469902039 -0.0031923875212669373 0.004786482080817223
v -0.0011324016377329826 -0.004636456724256277 0.005341900512576103
v -0.0002600597217679024 -0.006442731246352196 0.004246443510055542
v -0.0004736483097076416 -0.005963930394500494 0.00308338925242424
v -0.0019875033758580685 -0.0059484620578587055 0.0029801838099956512
v -0.0020286329090595245 -0.004081500228494406 0.0018934383988380432
v -0.000050479546189308167 -0.0042955935932695866 0.002178523689508438
v -0.0020142565481364727 -0.00748000293970108 0.0036763083189725876
v -0.00800443533807993 -0.0021264783572405577 0.0038222000002861023
v -0.008772431872785091 -0.0033651040866971016 0.0028573554009199142
v -0.007091715466231108 -0.004695126321166754 0.0038366690278053284
v -0.006987089291214943 -0.002637342317029834 0.004727611318230629
v -0.007082897704094648 -0.00033051459467969835 0.005196003243327141
v -0.008776494301855564 -0.00041045559919439256 0.004223214462399483
v -0.004879865795373917 -0.005354592110961676 0.0014645177870988846
v -0.005759705789387226 -0.006434689741581678 0.0014538215473294258
v -0.0067242830991744995 -0.0052808052860200405 0.00012204982340335846
v -0.005076575558632612 -0.004331810865551233 0.000766742043197155
v -0.0035387049429118633 -0.004105079919099808 0.0014452151954174042
v -0.003700805827975273 -0.005654289852827787 0.0022941110655665398
v -0.008615298196673393 -0.004430107306689024 0.0006461869925260544
v -0.01028434094041586 -0.0019172568572685122 0.0003691660240292549
v -0.010709904134273529 -0.0005793084856122732 -0.0014687031507492065
v -0.008974306285381317 -0.003275402821600437 -0.001378742977976799
v -0.00674818642437458 -0.006196047645062208 0.002397933043539524
v -0.010893158614635468 -0.0007244356675073504 0.0021653659641742706
v -0.006832940969616175 -0.004457488656044006 -0.0011522378772497177
v -0.003910929895937443 0.00331201683729887 0.004028066992759705
v -0.0019197482615709305 0.00248890183866024 0.0037406496703624725
v -0.0024385275319218636 0.0035579008981585503 0.0008477307856082916
v -0.005645117722451687 0.00458792969584465 0.0020168600603938103
v -0.0026532793417572975 -0.0028028087690472603 0.00020465627312660217
v -0.003999620676040649 -0.002908195136114955 -0.0015829885378479958
v -0.0014517968520522118 -0.0027523748576641083 -0.0015984633937478065
v -0.0008590510115027428 -0.0029980610124766827 0.0000689048320055008
v -0.008478582836687565 0.004652134608477354 0.0013084858655929565
v -0.008740411140024662 0.0024080441799014807 0.0035941973328590393
v -0.006701771169900894 0.002591799246147275 0.00461164303123951
v -0.005501859821379185 0.004776984453201294 -0.001354132778942585
v -0.007771133445203304 0.004758302588015795 -0.0011226246133446693
v -0.008572512306272984 0.00423026317730546 -0.0028419755399227142
v -0.010717135854065418 0.004170598462224007 0.0001275632530450821
v -0.0034291339106857777 -0.003347312565892935 -0.004429752938449383
v -0.001746373251080513 -0.0034360773861408234 -0.0047041187062859535
v -0.001620725728571415 -0.0028296473901718855 -0.003162338398396969
v -0.003913600463420153 -0.003030377672985196 -0.003319390118122101
v -0.009509200230240822 0.0026398065965622663 -0.004196525551378727
v -0.012007949873805046 0.002114701783284545 -0.001079624518752098
v -0.009548036381602287 -0.0004399951722007245 -0.004341314546763897
v -0.001014145091176033 -0.00016440401668660343 -0.005141876637935638
v -0.001170080155134201 0.0008074527140706778 -0.0036129113286733627
v -0.0005173850804567337 -0.0015538301086053252 -0.003309795632958412
v -0.0003849966451525688 -0.0023809762205928564 -0.005421833135187626
v -0.0008332980796694756 -0.00143149693030864 -0.007002532947808504
v -0.0028963261283934116 0.001230244874022901 -0.005943858064711094
v -0.00667601078748703 -0.0012214675080031157 -0.005915958434343338
v -0.006890710908919573 0.0004545226984191686 -0.005707785952836275
v -0.0042857034131884575 -0.00026730421814136207 -0.0066512832418084145
v -0.005150046665221453 -0.0026467146817594767 -0.006996059324592352
v -0.008052293211221695 -0.002024279208853841 -0.005767939146608114
v -0.0063543617725372314 0.002411054680123925 -0.005280873738229275
v -0.0017903163097798824 -0.004674927331507206 -0.006100746802985668
v -0.0001396089792251587 -0.004192375112324953 -0.006159135606139898
v -0.00044285599142313004 -0.0035886301193386316 -0.00700260978192091
v -0.002112163230776787 -0.003648230340331793 -0.007329439278692007
v -0.005639311857521534 0.0038815531879663467 -0.003848947584629059
v -0.0028035300783813 0.0028346034232527018 -0.004089071415364742
v -0.0023594405502080917 -0.0015178680187091231 -0.007164536044001579
v -0.004090921953320503 -0.004365310538560152 -0.005670393817126751
v -0.005738269537687302 -0.004193063359707594 -0.004261443391442299
v -0.007403717841953039 -0.003762362524867058 -0.005392406135797501
v -0.006494131404906511 -0.00427395710721612 -0.0026083430275321007
v -0.008523880504071712 -0.0031977694015949965 -0.0032771285623311996
v -0.0013333829119801521 0.0015444144373759627 -0.0016783634200692177
v -0.0005878955125808716 -0.00107196148019284 -0.00155599694699049
v -0.000959138385951519 0.0015017061959952116 0.0005255816504359245
v -0.0005101980641484261 -0.0011361722135916352 0.0003450503572821617
v -0.0004367949441075325 0.0006605350645259023 0.0032510906457901
v 0.00007443688809871674 -0.0019870689138770103 0.0026497356593608856
v -0.0024254643358290195 0.000759145594201982 0.005903676152229309
v -0.000690835528075695 -0.0009329282911494374 0.005466960370540619
v -0.00454967375844717 0.001870027626864612 0.005602864548563957
v -0.010438470169901848 0.001970102312043309 0.0023869499564170837
v -0.002695082686841488 0.003792816773056984 -0.0017831875011324883
v -0.004904231987893581 -0.0034313583746552467 -0.0003010546788573265
v -0.0035531572066247463 -0.0032008320558816195 0.0004060547798871994
v -0.004061538260430098 -0.007283483166247606 0.0027480293065309525
v -0.004708849824965 -0.006566333118826151 0.0038670990616083145
v -0.0027607441879808903 -0.005940629635006189 0.004912089556455612
v -0.012045204639434814 -0.01601220853626728 0.008417103439569473
v -0.012668734416365623 -0.016296207904815674 0.008604887872934341
v -0.01242307759821415 -0.017050402238965034 0.00751965306699276
v -0.011586619541049004 -0.01637928932905197 0.007721992209553719
v -0.011706776916980743 -0.014973611570894718 0.008899684995412827
v -0.012556142173707485 -0.014923186972737312 0.00941755436360836
v -0.015323828905820847 -0.012994413264095783 0.009403225034475327
v -0.015542751178145409 -0.012198938988149166 0.009270332753658295
v -0.01605958305299282 -0.012878197245299816 0.00848362036049366
v -0.015577365644276142 -0.013781904242932796 0.008976195007562637
v -0.01340770535171032 -0.017576320096850395 0.006114911288022995
v -0.01210278645157814 -0.01694786734879017 0.006396034732460976
v -0.013461409136652946 -0.01734376884996891 0.007535932585597038
v -0.013346554711461067 -0.01639365218579769 0.004969753324985504
v -0.012154214084148407 -0.015503143891692162 0.005543489009141922
v -0.010691985487937927 -0.015092641115188599 0.007327523082494736
v -0.011034789495170116 -0.015116280876100063 0.008119989186525345
v -0.011199843138456345 -0.01598479598760605 0.006761215627193451
v -0.016912132501602173 -0.010610764846205711 0.006602142006158829
v -0.016839168965816498 -0.011480527929961681 0.006891848519444466
v -0.0164928175508976 -0.01094614528119564 0.007757082581520081
v -0.016733065247535706 -0.010035024955868721 0.007154975086450577
v -0.017146192491054535 -0.00996553897857666 0.005664868280291557
v -0.017184581607580185 -0.011716187931597233 0.005653148517012596
v -0.015948176383972168 -0.0074392626993358135 0.007426792755723
v -0.016277749091386795 -0.007410697638988495 0.006737112998962402
v -0.016399769112467766 -0.008580412715673447 0.007099073380231857
v -0.01579463481903076 -0.00814467016607523 0.007879771292209625
v -0.013365969993174076 -0.006826401222497225 0.008417440578341484
v -0.013303402811288834 -0.0065757352858781815 0.0077223703265190125
v -0.014412266202270985 -0.006158169824630022 0.007708385586738586
v -0.014124351553618908 -0.006814612541347742 0.008543020114302635
v -0.016925295814871788 -0.01641729846596718 0.004620268940925598
v -0.016361813992261887 -0.016518814489245415 0.0054819658398628235
v -0.016786515712738037 -0.01544262282550335 0.005387963727116585
v -0.017362289130687714 -0.015651462599635124 0.004442855715751648
v -0.0173504501581192 -0.015804283320903778 0.003647763282060623
v -0.016753774136304855 -0.016892896965146065 0.004097646102309227
v -0.015674293041229248 -0.017269523814320564 0.00521232932806015
v -0.017419185489416122 -0.013616116717457771 0.0048742517828941345
v -0.017148472368717194 -0.014407316222786903 0.005089297890663147
v -0.016957223415374756 -0.013914365321397781 0.005826106294989586
v -0.017365075647830963 -0.01292403507977724 0.005183601751923561
v -0.017636898905038834 -0.012295558117330074 0.004310602322220802
v -0.017680633813142776 -0.0134753892198205 0.004235036671161652
v -0.017593441531062126 -0.014567431062459946 0.004295544698834419
v -0.017518769949674606 -0.010735548101365566 0.00442403182387352
v -0.01724701002240181 -0.008801691234111786 0.004725951701402664
v -0.016957677900791168 -0.013181350193917751 0.0065002236515283585
v -0.010820810683071613 -0.013892349787056446 0.006078233942389488
v -0.010441383346915245 -0.013617470860481262 0.007376363500952721
v -0.01048486027866602 -0.012118091806769371 0.006185228005051613
v -0.010381143540143967 -0.01207776553928852 0.007422570139169693
v -0.011212408542633057 -0.013632757589221 0.004646787419915199
v -0.010851098224520683 -0.012075317092239857 0.004940664395689964
v -0.015620818361639977 -0.016303179785609245 0.0037303082644939423
v -0.014640411362051964 -0.016557835042476654 0.004269510507583618
v -0.015000651590526104 -0.01736881397664547 0.00473502092063427
v -0.016172459349036217 -0.01671479269862175 0.0037802942097187042
v -0.01656917855143547 -0.01567266322672367 0.0034502726048231125
v -0.015615567564964294 -0.015626925975084305 0.0034589767456054688
v -0.014471974223852158 -0.015802986919879913 0.0035932380706071854
v -0.012394688092172146 -0.014671086333692074 0.003369782119989395
v -0.0133619774132967 -0.014887040480971336 0.0031126830726861954
v -0.013148867525160313 -0.013574213720858097 0.0032977350056171417
v -0.011961327865719795 -0.013558009639382362 0.003536643460392952
v -0.016288461163640022 -0.013402082026004791 0.002888686954975128
v -0.016536621376872063 -0.014717587269842625 0.003162804991006851
v -0.017396792769432068 -0.014593874104321003 0.0035037677735090256
v -0.017335589975118637 -0.013399018906056881 0.003382684662938118
v -0.015278901904821396 -0.01378004439175129 0.0029598046094179153
v -0.015541976317763329 -0.014865671284496784 0.0029954183846712112
v -0.014864854514598846 -0.012890523299574852 0.0031269676983356476
v -0.01513479184359312 -0.012280487455427647 0.003170780837535858
v -0.015473581850528717 -0.010531754232943058 0.003312584012746811
v -0.014778572134673595 -0.00968828983604908 0.0035445336252450943
v -0.014278030022978783 -0.010589190758764744 0.0036997701972723007
v -0.015348903834819794 -0.011319628916680813 0.003360321745276451
v -0.01637222431600094 -0.01180135179311037 0.003026941791176796
v -0.016190920025110245 -0.010418211109936237 0.003140447661280632
v -0.015580223873257637 -0.009033377282321453 0.003312995657324791
v -0.01631936803460121 -0.007301212754100561 0.004442254081368446
v -0.015474327839910984 -0.006760770455002785 0.004283616319298744
v -0.015191636048257351 -0.0072866203263401985 0.0035043880343437195
v -0.016499893739819527 -0.008277985267341137 0.0036227963864803314
v -0.01672271452844143 -0.007448855321854353 0.005552774295210838
v -0.01570211350917816 -0.006377723533660173 0.005387909710407257
v -0.012938856147229671 -0.007493804674595594 0.004111653193831444
v -0.012512631714344025 -0.008271769620478153 0.004316793754696846
v -0.013750509358942509 -0.008566169999539852 0.0038844645023345947
v -0.013852424919605255 -0.0073297047056257725 0.0037971679121255875
v -0.011969191022217274 -0.009378735907375813 0.004310121759772301
v -0.013138223439455032 -0.009875048883259296 0.004033736884593964
v -0.014836964197456837 -0.00815935991704464 0.003532513976097107
v -0.012810397893190384 -0.01106350589543581 0.003768010064959526
v -0.014002174139022827 -0.011596604250371456 0.0034830737859010696
v -0.011621376499533653 -0.010703741572797298 0.0040604118257761
v -0.011622967198491096 -0.012147387489676476 0.003767969086766243
v -0.012839313596487045 -0.012302347458899021 0.0035393666476011276
v -0.01119723916053772 -0.00893894862383604 0.005174905061721802
v -0.010772740468382835 -0.01047026738524437 0.005146555602550507
v -0.011230140924453735 -0.008962304331362247 0.006200745701789856
v -0.010538741946220398 -0.01052740029990673 0.006266675889492035
v -0.011003741063177586 -0.008950316347181797 0.007297242060303688
v -0.010479580610990524 -0.01055076438933611 0.00747038796544075
v -0.011012239381670952 -0.008868408389389515 0.008456723764538765
v -0.010562105104327202 -0.010420495644211769 0.008716616779565811
v -0.010480653494596481 -0.011980951763689518 0.00875558890402317
v -0.010704080574214458 -0.013555132783949375 0.008514674380421638
v -0.011224903166294098 -0.010189012624323368 0.009767618030309677
v -0.011119873262941837 -0.011808373965322971 0.009833140298724174
v -0.011343135498464108 -0.013464069925248623 0.00947422906756401
v -0.01218503713607788 -0.011665946803987026 0.010451076552271843
v -0.012285193428397179 -0.01335544791072607 0.010121028870344162
v -0.013427873142063618 -0.011644653044641018 0.010432682931423187
v -0.013417689129710197 -0.013187924399971962 0.010239904746413231
v -0.01359329279512167 -0.01478178147226572 0.009618762880563736
v -0.013670972548425198 -0.016270652413368225 0.008725181221961975
v -0.014534368179738522 -0.013102896511554718 0.009887151420116425
v -0.014653924852609634 -0.014394748024642467 0.009437505155801773
v -0.014788581058382988 -0.015690933912992477 0.008642073720693588
v -0.014733987860381603 -0.016737472265958786 0.007642928510904312
v -0.015785973519086838 -0.01480080559849739 0.008313683792948723
v -0.01587504707276821 -0.015722526237368584 0.007492536678910255
v -0.015895403921604156 -0.016270002350211143 0.006537845358252525
v -0.014848325401544571 -0.017243435606360435 0.006479887291789055
v -0.01638503558933735 -0.013668932020664215 0.007757240906357765
v -0.016551299020648003 -0.014433540403842926 0.007056074216961861
v -0.016460616141557693 -0.015039721503853798 0.006261937320232391
v -0.016660695895552635 -0.012527648359537125 0.00730062834918499
v -0.01627434976398945 -0.011891922913491726 0.00811735913157463
v -0.015710366889834404 -0.011211670003831387 0.008991820737719536
v -0.015958894044160843 -0.010278779082000256 0.008540300652384758
v -0.014767803251743317 -0.010670383460819721 0.009700477123260498
v -0.015055661089718342 -0.009664713405072689 0.009225202724337578
v -0.015450140461325645 -0.00883224606513977 0.008592300117015839
v -0.016205154359340668 -0.009449985809624195 0.007839763537049294
v -0.016806038096547127 -0.008984542451798916 0.006274040788412094
v -0.0139625770971179 -0.009083184413611889 0.009748723357915878
v -0.01447649672627449 -0.0081676309928298 0.009120913222432137
v -0.015060070902109146 -0.0073440722189843655 0.008430399000644684
v -0.013409093022346497 -0.007654850371181965 0.009278697893023491
v -0.015389197506010532 -0.006703041028231382 0.007601318880915642
v -0.014559200033545494 -0.006040274631232023 0.00652337446808815
v -0.015627827495336533 -0.006386654917150736 0.0065980348736047745
v -0.014449771493673325 -0.0062007480300962925 0.005398266017436981
v -0.013212301768362522 -0.006641815882176161 0.005608158186078072
v -0.012835478410124779 -0.006742861121892929 0.004626663401722908
v -0.014140838757157326 -0.006571948062628508 0.004404449835419655
v -0.013379239477217197 -0.0065788039937615395 0.006705503910779953
v -0.012071461416780949 -0.007549055851995945 0.007047625258564949
v -0.012159978039562702 -0.007615850307047367 0.005990233272314072
v -0.011928219348192215 -0.007405550684779882 0.008142737671732903
v -0.012444048188626766 -0.007455454673618078 0.008955225348472595
v -0.01160298753529787 -0.008691830560564995 0.009453363716602325
v -0.012716536410152912 -0.008685392327606678 0.009943200275301933
v -0.01233651302754879 -0.010066193528473377 0.010334724560379982
v -0.013621119782328606 -0.010222632437944412 0.010252857580780983
v -0.014587637037038803 -0.011843970976769924 0.009934987872838974
v -0.011888987384736538 -0.00766301853582263 0.004979556426405907
v -0.014243860729038715 -0.01375529170036316 0.0031067579984664917
v -0.014004554599523544 -0.012622538022696972 0.0033007822930812836
v -0.014435887336730957 -0.014971272088587284 0.00298321433365345
v -0.013309333473443985 -0.01571476273238659 0.003836587071418762
v -0.012200694531202316 -0.015085591934621334 0.004128405824303627
v -0.01712304726243019 -0.01032562181353569 0.0034778062254190445
v -0.017298106104135513 -0.012007889337837696 0.0034017208963632584
v 0.015111561864614487 -0.0034895031712949276 0.005393406376242638
v 0.014511620625853539 -0.0056147794239223 0.006130499765276909
v 0.016769591718912125 -0.0051626767963171005 0.005756178870797157
v 0.016626881435513496 -0.003574775066226721 0.004584059119224548
v 0.013996988534927368 -0.0020263679325580597 0.0035752281546592712
v 0.012455342337489128 -0.0030454809311777353 0.004873707890510559
v 0.017366021871566772 -0.0060770814307034016 0.005048826336860657
v 0.017725879326462746 -0.005010980647057295 0.0033168531954288483
v 0.016440000385046005 -0.007346625905483961 0.00042487960308790207
v 0.015432072803378105 -0.007649403065443039 -0.0009807227179408073
v 0.015381548553705215 -0.005058400798588991 -0.0016102883964776993
v 0.016576098278164864 -0.005667810793966055 0.00039290450513362885
v 0.017024172469973564 -0.006773351226001978 0.0026713181287050247
v 0.016106005758047104 -0.008481612429022789 0.0018651960417628288
v 0.015134252607822418 -0.00968728307634592 0.0005287202075123787
v 0.009515196084976196 -0.006741007789969444 -0.0002583898603916168
v 0.008601000532507896 -0.004987900145351887 -0.0004348261281847954
v 0.009295649826526642 -0.005482312757521868 -0.0021115047857165337
v 0.010195363312959671 -0.007765198592096567 -0.0013273358345031738
v 0.010511146858334541 -0.009842210449278355 0.0005334410816431046
v 0.009069161489605904 -0.007535291835665703 0.0010541286319494247
v 0.007794175297021866 -0.0051130191422998905 0.0012558037415146828
v 0.01385224238038063 -0.009807449765503407 -0.0008458122611045837
v 0.012386299669742584 -0.010852695442736149 -0.0003258315846323967
v 0.011577462777495384 -0.008279097266495228 -0.002504907548427582
v 0.013660160824656487 -0.007831265218555927 -0.0021473485976457596
v 0.013314582407474518 -0.010723345912992954 0.002102138474583626
v -0.0003427555784583092 0.000056026416132226586 0.0004794858396053314
v -0.0009048609063029289 0.0020380625501275063 0.0004761088639497757
v -0.0009330892935395241 0.0008455616189166903 -0.0023962687700986862
v 0.00004416145384311676 -0.0009123836643993855 -0.0013248380273580551
v 0.010456377640366554 0.0029339969623833895 0.000055704265832901
v 0.00905986875295639 0.001413733814842999 0.003065017983317375
v 0.0111079141497612 -0.0009816844249144197 0.0032918453216552734
v 0.012450603768229485 -0.00010698390542529523 0.001320570707321167
v 0.01425190083682537 -0.0003972957783844322 -0.0003243032842874527
v 0.012442480772733688 0.000889607472345233 -0.0022760313004255295
v 0.010343194007873535 0.001393051235936582 -0.003954277373850346
v 0.009325329214334488 0.002835603430867195 -0.0024281637743115425
v 0.003465515561401844 -0.0030504269525408745 -0.0035249125212430954
v 0.0026990752667188644 -0.0021953999530524015 -0.0021611154079437256
v 0.000891086645424366 -0.00216033891774714 -0.0033478746190667152
v 0.002838496118783951 -0.0036393930204212666 -0.004870329052209854
v 0.00546029768884182 -0.0035850368440151215 -0.0034915534779429436
v 0.004825735464692116 -0.002478453330695629 -0.0014911070466041565
v 0.010829228907823563 -0.004672047216445208 -0.0033152950927615166
v 0.013401804491877556 -0.004887698218226433 -0.002969648689031601
v 0.010740924626588821 -0.0014697295846417546 -0.003678492270410061
v 0.013026129454374313 -0.0019735353998839855 -0.0028299950063228607
v 0.007970396429300308 0.001085070427507162 -0.004471657797694206
v 0.007216110825538635 0.003200418781489134 -0.00264828372746706
v 0.0009437175467610359 0.0029306993819773197 -0.00355692021548748
v 0.0016766665503382683 0.0022232397459447384 -0.004447437822818756
v 0.0009086029604077339 0.001135234604589641 -0.005213555879890919
v -0.00042273662984371185 0.002428912092000246 -0.003169447183609009
v 0.0030808215960860252 0.0025777025148272514 -0.0041565122082829475
v 0.0033224066719412804 0.000683983089402318 -0.005604701582342386
v 0.001921256072819233 0.003893475979566574 -0.0025499751791357994
v 0.0038971658796072006 0.004726536106318235 -0.0010005803778767586
v 0.005011743865907192 0.003082504030317068 -0.003427603282034397
v 0.0003087753430008888 0.0037248418666422367 -0.0006959987804293633
v 0.0025596534833312035 0.004248493816703558 0.0016479697078466415
v 0.005903181619942188 0.003472202457487583 0.0030869320034980774
v 0.006671484559774399 0.004448991734534502 0.000010417774319648743
v 0.001441407948732376 0.0021590774413198233 0.003151804208755493
v 0.0048177242279052734 0.000984878744930029 0.004136322066187859
v 0.007527543231844902 -0.0008876259671524167 0.0038998927921056747
v 0.0013575227931141853 -0.0003941988979931921 0.0019050948321819305
v 0.0037739090621471405 -0.0013383697951212525 0.0031154323369264603
v 0.006290387362241745 -0.0027867958415299654 0.003193983808159828
v 0.008036984130740166 -0.004740232136100531 0.0030762609094381332
v 0.009386047720909119 -0.003024542471393943 0.003766607493162155
v 0.00397994089871645 -0.002057595644146204 0.0007776804268360138
v 0.0061918385326862335 -0.003080350114032626 0.0012201396748423576
v 0.006854373961687088 -0.003367522032931447 -0.0008583301678299904
v 0.0076302047818899155 -0.004197585396468639 -0.0028050653636455536
v 0.006056426092982292 -0.004273852799087763 -0.005238606594502926
v 0.008524784818291664 -0.0035833455622196198 -0.004229034297168255
v 0.006010880693793297 -0.0018659301567822695 -0.005751197692006826
v 0.00854717381298542 -0.0014501091791316867 -0.00475673284381628
v 0.005707713775336742 0.0007906017126515508 -0.005213809199631214
v 0.003063785843551159 -0.001699796412140131 -0.0058743758127093315
v 0.00024303048849105835 -0.000687045743688941 -0.004923935979604721
v 0.0017381608486175537 -0.0017952605849131942 -0.0001952294260263443
v 0.010901520028710365 -0.005234772805124521 0.004405494779348373
v 0.009525740519165993 -0.007149646058678627 0.0031773950904607773
v 0.011094484478235245 -0.00960566010326147 0.003094388172030449
v 0.012574665248394012 -0.007764187175780535 0.004966547712683678
v 0.014675041660666466 -0.008928126655519009 0.003718191757798195
v 0.015015413984656334 -0.0025573410093784332 -0.001460331492125988
v 0.016603384166955948 -0.0035001938231289387 0.00068686343729496
v 0.015622803941369057 -0.0018711871234700084 0.001956002786755562
v 0.016148077324032784 -0.007331616710871458 0.004755297675728798
v 0.0270511656999588 -0.08168557286262512 -0.004267320968210697
v 0.02499910444021225 -0.08084172755479813 -0.004572896286845207
v 0.024092689156532288 -0.08485300093889236 -0.005202870815992355
v 0.027196001261472702 -0.0845775157213211 -0.004775753244757652
v 0.030074704438447952 -0.0830695629119873 -0.00477304682135582
v 0.02924102544784546 -0.08000339567661285 -0.003539418801665306
v 0.027289804071187973 -0.07771334797143936 -0.0041182804852724075
v 0.029791709035634995 -0.08573386073112488 -0.006380814127624035
v 0.02754775434732437 -0.08715087920427322 -0.007194716017693281
v 0.03171129152178764 -0.08490008860826492 -0.007690315134823322
v 0.03290867060422897 -0.0813736617565155 -0.005261454731225967
v 0.02882980927824974 -0.08639723062515259 -0.009902721270918846
v 0.02460053563117981 -0.07566481828689575 -0.004886310547590256
v 0.022036854177713394 -0.0799112394452095 -0.004486473277211189
v 0.028700072318315506 -0.07407017797231674 -0.0057183681055903435
v 0.027505263686180115 -0.07153917104005814 -0.006519706919789314
v 0.02411353588104248 -0.07205627858638763 -0.0053266193717718124
v 0.030534006655216217 -0.07602459192276001 -0.004568619653582573
v 0.031846076250076294 -0.07850590348243713 -0.003733314573764801
v 0.03176668658852577 -0.07856045663356781 -0.006815092638134956
v 0.022098995745182037 -0.08432481437921524 -0.009077060967683792
v 0.02154013141989708 -0.08266301453113556 -0.007987123914062977
v 0.021429359912872314 -0.08208735287189484 -0.010299280285835266
v 0.022105179727077484 -0.08388701826334 -0.010294688865542412
v 0.02210986241698265 -0.0863218829035759 -0.008896056562662125
v 0.021347343921661377 -0.08423000574111938 -0.006093473173677921
v 0.02250225841999054 -0.08541551977396011 -0.011457931250333786
v 0.022212404757738113 -0.08254240453243256 -0.01263783685863018
v 0.030690226703882217 -0.0757434070110321 -0.00860149972140789
v 0.029674336314201355 -0.07174106687307358 -0.009068021550774574
v 0.03145848959684372 -0.08171670138835907 -0.008852008730173111
v 0.03174915537238121 -0.07919406145811081 -0.009865461848676205
v 0.02941914275288582 -0.08310055732727051 -0.011232985183596611
v 0.029843278229236603 -0.07954847812652588 -0.011971845291554928
v 0.029587294906377792 -0.07578379660844803 -0.011888387612998486
v 0.010829780250787735 -0.024199936538934708 0.0034106504172086716
v 0.009515507146716118 -0.022465607151389122 0.001321563497185707
v 0.008948370814323425 -0.0251777283847332 0.0007266895845532417
v 0.010451501235365868 -0.026202334091067314 0.002970511093735695
v 0.013455796986818314 -0.024968115612864494 0.0028375498950481415
v 0.012616539373993874 -0.02294296957552433 0.0009687179699540138
v 0.009726842865347862 -0.027496322989463806 0.0003979727625846863
v 0.012451903894543648 -0.028495153412222862 0.002418908290565014
v 0.011662425473332405 -0.031102513894438744 -0.0016909567639231682
v 0.015736911445856094 -0.032005246728658676 0.00046618562191724777
v 0.01692022569477558 -0.028814902529120445 0.0025457683950662613
v 0.010652093216776848 -0.027061279863119125 -0.0021561942994594574
v 0.009058177471160889 -0.024262389168143272 -0.002308380790054798
v 0.011275254189968109 -0.026465579867362976 -0.0051311831921339035
v 0.012574145570397377 -0.03010557033121586 -0.005323327146470547
v 0.014162873849272728 -0.033269450068473816 -0.005544611252844334
v 0.012941725552082062 -0.03444397822022438 -0.0031157266348600388
v 0.02235420048236847 -0.02380342036485672 -0.0028865262866020203
v 0.02209381014108658 -0.023094061762094498 -0.0007772054523229599
v 0.022620361298322678 -0.026741156354546547 -0.0007343143224716187
v 0.022705603390932083 -0.02629443071782589 -0.003530542366206646
v 0.019684631377458572 -0.025345278903841972 -0.005986496806144714
v 0.020763292908668518 -0.022755512967705727 -0.004086283966898918
v 0.020267795771360397 -0.020809242501854897 -0.002059471793472767
v 0.012343129143118858 -0.02151963673532009 -0.00404009036719799
v 0.012206126004457474 -0.022011058405041695 -0.0017572753131389618
v 0.014809925109148026 -0.02241693064570427 -0.002102496102452278
v 0.014599230140447617 -0.021898731589317322 -0.004872885532677174
v 0.010506544262170792 -0.02140231244266033 -0.005282794125378132
v 0.009415201842784882 -0.02139938995242119 -0.001984940841794014
v 0.010163210332393646 -0.02373567782342434 -0.004592481069266796
v 0.014006201177835464 -0.024599377065896988 -0.007088632322847843
v 0.018835682421922684 -0.020377466455101967 -0.0034717489033937454
v 0.018792249262332916 -0.02175190858542919 -0.004919139668345451
v 0.017061248421669006 -0.021348774433135986 -0.0027239955961704254
v 0.01794891059398651 -0.021471530199050903 -0.000403023324906826
v 0.01680469699203968 -0.021774765104055405 -0.004667172208428383
v 0.022095859050750732 -0.029362017288804054 -0.004074275493621826
v 0.019809531047940254 -0.02889144979417324 -0.006332822609692812
v 0.017528019845485687 -0.02328409254550934 -0.006242046598345041
v 0.01658785529434681 -0.023086605593562126 -0.005459191277623177
v 0.015383165329694748 -0.02333766035735607 -0.005644673015922308
v 0.015399901196360588 -0.023929079994559288 -0.006425981409847736
v 0.01572103053331375 -0.029138002544641495 -0.006779076065868139
v 0.020063186064362526 -0.03193362429738045 -0.006835400126874447
v 0.01678638905286789 -0.03237774968147278 -0.006956619210541248
v 0.020450502634048462 -0.03503118082880974 -0.007398429326713085
v 0.017708417028188705 -0.035480499267578125 -0.007468757219612598
v 0.01526787132024765 -0.03648906946182251 -0.006233559921383858
v 0.014199689030647278 -0.03766114264726639 -0.003997201099991798
v 0.018534990027546883 -0.0386386513710022 -0.008213117718696594
v 0.016364283859729767 -0.03964154049754143 -0.006905621383339167
v 0.015395281836390495 -0.040726277977228165 -0.0047986144199967384
v 0.017113689333200455 -0.04093578830361366 -0.002946987748146057
v 0.01649271510541439 -0.03784734755754471 -0.0020957626402378082
v 0.017331283539533615 -0.04276635870337486 -0.0076038530096411705
v 0.016438059508800507 -0.04373238980770111 -0.005596577655524015
v 0.017659146338701248 -0.04408882185816765 -0.003676343709230423
v 0.02047599107027054 -0.04374681040644646 -0.0032285526394844055
v 0.02018444612622261 -0.04066495969891548 -0.002323037013411522
v 0.017341647297143936 -0.046784158796072006 -0.006375298369675875
v 0.018200064077973366 -0.04726378619670868 -0.004356204532086849
v 0.020855547860264778 -0.0468585342168808 -0.003996959887444973
v 0.02294342964887619 -0.04598582163453102 -0.00531713105738163
v 0.0224093496799469 -0.04281603917479515 -0.0047081755474209785
v 0.018769124522805214 -0.05042777955532074 -0.005077672190964222
v 0.021339843049645424 -0.04999152943491936 -0.0046491436660289764
v 0.023589909076690674 -0.04917857050895691 -0.005772736854851246
v 0.02465757727622986 -0.048444390296936035 -0.007662598975002766
v 0.023965097963809967 -0.04517006501555443 -0.0072022005915641785
v 0.021911710500717163 -0.05315541476011276 -0.005113878287374973
v 0.02420422062277794 -0.052409470081329346 -0.006214143708348274
v 0.025342777371406555 -0.051732175052165985 -0.008089587092399597
v 0.023950718343257904 -0.05155510827898979 -0.010190087370574474
v 0.02316967397928238 -0.048223674297332764 -0.009681636467576027
v 0.024743031710386276 -0.05568176135420799 -0.006612012162804604
v 0.026001088321208954 -0.055040519684553146 -0.008492633700370789
v 0.02473655715584755 -0.05490987002849579 -0.010666528716683388
v 0.02190215513110161 -0.055316049605607986 -0.011413618922233582
v 0.021289439871907234 -0.05187636986374855 -0.010992491617798805
v 0.026700366288423538 -0.058361973613500595 -0.008821265771985054
v 0.02546406164765358 -0.05830550566315651 -0.011025781743228436
v 0.02249595895409584 -0.05875653401017189 -0.011765346862375736
v 0.019711071625351906 -0.059113699942827225 -0.011374988593161106
v 0.01936696656048298 -0.05569357052445412 -0.01074243150651455
v 0.02620808407664299 -0.06170075014233589 -0.011330057866871357
v 0.0231345035135746 -0.06220165267586708 -0.012072134763002396
v 0.020181236788630486 -0.06256565451622009 -0.011822691187262535
v 0.019710276275873184 -0.0628710612654686 -0.009500697255134583
v 0.019326481968164444 -0.0595305971801281 -0.009118117392063141
v 0.023785050958395004 -0.06566380709409714 -0.012368958443403244
v 0.020589640364050865 -0.06600309163331985 -0.01216065138578415
v 0.02011112868785858 -0.0661880373954773 -0.009781008586287498
v 0.020835040137171745 -0.06613472104072571 -0.0071358950808644295
v 0.02045849896967411 -0.06292520463466644 -0.007019840180873871
v 0.020985759794712067 -0.06942103803157806 -0.012360047549009323
v 0.02031932771205902 -0.0695047453045845 -0.009977718815207481
v 0.021195167675614357 -0.06935810297727585 -0.007156832609325647
v 0.023661267012357712 -0.06890446692705154 -0.0056659746915102005
v 0.023372944444417953 -0.06577038019895554 -0.005908653140068054
v 0.020466146990656853 -0.07277755439281464 -0.010068584233522415
v 0.021453799679875374 -0.07259098440408707 -0.007136738859117031
v 0.020626621320843697 -0.07600158452987671 -0.01007307879626751
v 0.021324152126908302 -0.07591234892606735 -0.00702904025092721
v 0.020624738186597824 -0.07920508831739426 -0.010161622427403927
v 0.020957309752702713 -0.07952683418989182 -0.0071014841087162495
v 0.021678298711776733 -0.07591484487056732 -0.012653502635657787
v 0.02177107334136963 -0.07912233471870422 -0.012719564139842987
v 0.025709036737680435 -0.07587092369794846 -0.012646117247641087
v 0.02584255486726761 -0.07914312183856964 -0.01253251638263464
v 0.02584703639149666 -0.0827489122748375 -0.012353655882179737
v 0.02551824226975441 -0.08654562383890152 -0.011367132887244225
v 0.024584826081991196 -0.08747407048940659 -0.008173851296305656
v 0.02137606404721737 -0.07272534817457199 -0.012529093772172928
v 0.025167107582092285 -0.07252583652734756 -0.012714281678199768
v 0.028828337788581848 -0.07204680144786835 -0.011979063041508198
v 0.024477355182170868 -0.06911765784025192 -0.012588264420628548
v 0.02789895609021187 -0.06854356825351715 -0.011816713027656078
v 0.028847038745880127 -0.0683557316660881 -0.009282039478421211
v 0.02700483798980713 -0.0651092529296875 -0.011598308570683002
v 0.02811547741293907 -0.06503927707672119 -0.009241079911589622
v 0.0261475071310997 -0.06545809656381607 -0.007147982716560364
v 0.026676524430513382 -0.06859830766916275 -0.0070152184925973415
v 0.027430109679698944 -0.06169359013438225 -0.00906427763402462
v 0.025746427476406097 -0.062219053506851196 -0.007065262645483017
v 0.023110665380954742 -0.06262584775686264 -0.00593149196356535
v 0.025306712836027145 -0.05894991010427475 -0.006863655522465706
v 0.02278628945350647 -0.05948461592197418 -0.005849359557032585
v 0.020125992596149445 -0.059739962220191956 -0.006786742247641087
v 0.022396359592676163 -0.05634195730090141 -0.005506943911314011
v 0.019851811230182648 -0.05659928917884827 -0.006395475938916206
v 0.018986685201525688 -0.056231312453746796 -0.008584282360970974
v 0.019361920654773712 -0.05352640524506569 -0.005782932974398136
v 0.018627971410751343 -0.053019966930150986 -0.007904653437435627
v 0.019011612981557846 -0.05236557126045227 -0.01001100055873394
v 0.01802174188196659 -0.049887675791978836 -0.007156197912991047
v 0.018569141626358032 -0.04911249876022339 -0.009228198789060116
v 0.020639320835471153 -0.0484783835709095 -0.01042168214917183
v 0.018063878640532494 -0.04591860622167587 -0.0083988718688488
v 0.019978465512394905 -0.045128993690013885 -0.009752126410603523
v 0.022429469972848892 -0.04488939419388771 -0.009155982173979282
v 0.019305303692817688 -0.04185765981674194 -0.008974749594926834
v 0.021720532327890396 -0.04155527800321579 -0.008594861254096031
v 0.023259751498699188 -0.04190824553370476 -0.00668072747066617
v 0.021045902743935585 -0.03824495151638985 -0.008015956729650497
v 0.02257698029279709 -0.03870018944144249 -0.006076148711144924
v 0.02207382768392563 -0.03965573012828827 -0.003939144313335419
v 0.022141724824905396 -0.03552941232919693 -0.0054123252630233765
v 0.021809186786413193 -0.03650709241628647 -0.003152298741042614
v 0.019893303513526917 -0.0376008115708828 -0.0014310171827673912
v 0.021552350372076035 -0.03334317356348038 -0.002407614141702652
v 0.019707893952727318 -0.03462344408035278 -0.00046882033348083496
v 0.015843745321035385 -0.03485168516635895 -0.0010485947132110596
v 0.019920695573091507 -0.03157941251993179 0.000560438260436058
v 0.021714866161346436 -0.030128246173262596 -0.0016139931976795197
v 0.020107368007302284 -0.027835646644234657 0.00108342245221138
v 0.019541818648576736 -0.023947950452566147 0.000957658514380455
v 0.016779042780399323 -0.024860527366399765 0.0024494361132383347
v 0.01552639901638031 -0.023063842207193375 0.0005064914003014565
v 0.021890807896852493 -0.03242402896285057 -0.004719178192317486
v 0.011954929679632187 -0.07568506896495819 -0.004683051258325577
v 0.0111521165817976 -0.07861439138650894 -0.0048341769725084305
v 0.014413122087717056 -0.0789412334561348 -0.005205675959587097
v 0.014514360576868057 -0.07521781325340271 -0.0048716068267822266
v 0.009744619950652122 -0.07270456850528717 -0.00518988911062479
v 0.007632177323102951 -0.07733841985464096 -0.004801107570528984
v 0.013391030952334404 -0.07184413075447083 -0.006223848555237055
v 0.012523254379630089 -0.06860784441232681 -0.007478628773242235
v 0.00968823954463005 -0.06846441328525543 -0.006104552652686834
v 0.006504777818918228 -0.06843934953212738 -0.006537030450999737
v 0.005722383037209511 -0.07201794534921646 -0.00602436438202858
v 0.015195684507489204 -0.07553368806838989 -0.006746754981577396
v 0.015005266293883324 -0.077906034886837 -0.007378736976534128
v 0.014638576656579971 -0.0731564313173294 -0.009003963321447372
v 0.01429704949259758 -0.07660244405269623 -0.009817824698984623
v 0.013690723106265068 -0.0816025659441948 -0.009252877905964851
v 0.014173371717333794 -0.08020755648612976 -0.008360380306839943
v 0.013727368786931038 -0.0821433961391449 -0.006622543558478355
v 0.012976143509149551 -0.08345281332731247 -0.008989766240119934
v 0.012740472331643105 -0.08241673558950424 -0.01130992453545332
v 0.013238493353128433 -0.08098258078098297 -0.010257602669298649
v 0.013464821502566338 -0.07908745855093002 -0.010182674042880535
v 0.004531726241111755 -0.08224514871835709 -0.00969222653657198
v 0.003828777000308037 -0.08040611445903778 -0.0076383487321436405
v 0.004801210947334766 -0.07875140011310577 -0.009593343362212181
v 0.0054312217980623245 -0.08082343637943268 -0.011323547922074795
v 0.01295013353228569 -0.07945369929075241 -0.01215768326073885
v 0.0047697219997644424 -0.0778045728802681 -0.011121852323412895
v 0.004063949920237064 -0.075804203748703 -0.00845913402736187
v 0.003950159065425396 -0.07564753293991089 -0.011010996997356415
v 0.004130193032324314 -0.07592818140983582 -0.01350557990372181
v 0.0053040459752082825 -0.07874159514904022 -0.012694480828940868
v 0.013823447749018669 -0.07645486295223236 -0.012410985305905342
v 0.014149963855743408 -0.07304579764604568 -0.01210610568523407
v 0.014039536938071251 -0.0692334696650505 -0.00987488217651844
v 0.014063144102692604 -0.06959869712591171 -0.012191064655780792
v 0.005706327967345715 -0.02250494621694088 -0.0004405900835990906
v 0.0067586749792099 -0.025197666138410568 -0.00018194504082202911
v 0.008540883660316467 -0.024039583280682564 -0.0028284937143325806
v 0.006824467331171036 -0.02167842909693718 -0.0026086540892720222
v 0.004727819003164768 -0.02149408869445324 -0.0033899229019880295
v 0.0027112187817692757 -0.02179558388888836 -0.0018841540440917015
v 0.002543224021792412 -0.024824796244502068 -0.0019079381600022316
v 0.005191204138100147 -0.021253366023302078 -0.005941084586083889
v 0.0022905943915247917 -0.021547066047787666 -0.005813436582684517
v 0.0018931357190012932 -0.02658965066075325 -0.0077517349272966385
v 0.0028882231563329697 -0.026825444772839546 -0.005516428034752607
v 0.0012937020510435104 -0.02367173135280609 -0.005677948705852032
v 0.0006899936124682426 -0.023768413811922073 -0.009674902074038982
v 0.0012728245928883553 -0.028784578666090965 -0.010857242159545422
v 0.0017398027703166008 -0.029334211722016335 -0.008224527351558208
v 0.0030399849638342857 -0.02988261729478836 -0.005825145170092583
v 0.012151258066296577 -0.022314848378300667 -0.007635111920535564
v 0.009352421388030052 -0.02155938744544983 -0.009745540097355843
v 0.010656287893652916 -0.019528651610016823 -0.00901910662651062
v 0.010949060320854187 -0.020832490175962448 -0.0070467619225382805
v 0.011428529396653175 -0.025145819410681725 -0.00654717069119215
v 0.01071254163980484 -0.024869970977306366 -0.009804938919842243
v 0.0100755225867033 -0.022788358852267265 -0.005493607837706804
v 0.007149050012230873 -0.020451661199331284 -0.007248404435813427
v 0.00788741372525692 -0.019944997504353523 -0.0076738083735108376
v 0.007755216211080551 -0.019595228135585785 -0.008915224112570286
v 0.005647315643727779 -0.02074575424194336 -0.0083826445043087
v 0.007792958989739418 -0.020806599408388138 -0.00560423918068409
v 0.009034555405378342 -0.019369512796401978 -0.007017627824097872
v 0.009326264262199402 -0.01818859949707985 -0.00867964792996645
v 0.0029318910092115402 -0.021453605964779854 -0.008955392055213451
v 0.0041817473247647285 -0.0227915421128273 -0.009875339455902576
v 0.003911864012479782 -0.02468123473227024 -0.010579496622085571
v 0.006258735433220863 -0.02255742996931076 -0.00951308198273182
v 0.007180696353316307 -0.025054940953850746 -0.010148024186491966
v 0.008089734241366386 -0.02833208441734314 -0.010226847603917122
v 0.004504780285060406 -0.028448309749364853 -0.011051591485738754
v 0.011690149083733559 -0.02840588428080082 -0.009763240814208984
v 0.011650636792182922 -0.031908340752124786 -0.009739918634295464
v 0.008765552192926407 -0.03161681070923805 -0.010550547391176224
v 0.012053631246089935 -0.028851622715592384 -0.007094074971973896
v 0.011966437101364136 -0.03227471560239792 -0.007735508028417826
v 0.011894555762410164 -0.03576330095529556 -0.008193186484277248
v 0.011417524889111519 -0.03535975515842438 -0.00992493238300085
v 0.010270027443766594 -0.02972116880118847 -0.004796674475073814
v 0.010074477642774582 -0.0327305942773819 -0.006066490896046162
v 0.010071560740470886 -0.03597696125507355 -0.006859657820314169
v 0.010107789188623428 -0.03930795192718506 -0.007364042568951845
v 0.011635316535830498 -0.03914254158735275 -0.008675401099026203
v 0.008193643763661385 -0.03368545323610306 -0.004444969817996025
v 0.008253473788499832 -0.036547694355249405 -0.005431454163044691
v 0.008296426385641098 -0.039604201912879944 -0.006147217936813831
v 0.008358653634786606 -0.042796790599823 -0.006585300900042057
v 0.01013251580297947 -0.042621977627277374 -0.007735108025372028
v 0.005683370865881443 -0.03667006269097328 -0.005516178905963898
v 0.006006625480949879 -0.039700884371995926 -0.0061253816820681095
v 0.006187211722135544 -0.0428604893386364 -0.006534965708851814
v 0.006333531811833382 -0.04608519747853279 -0.006866488140076399
v 0.008451767265796661 -0.04604656621813774 -0.006881904788315296
v 0.004615475423634052 -0.03949950262904167 -0.007597621064633131
v 0.004906998947262764 -0.04272206872701645 -0.00798819400370121
v 0.005135031417012215 -0.045963164418935776 -0.008340503089129925
v 0.005183689296245575 -0.0492500476539135 -0.008632284589111805
v 0.006392734125256538 -0.049360115081071854 -0.007069319486618042
v 0.004711080342531204 -0.04246019199490547 -0.009839707054197788
v 0.0050039999186992645 -0.045719049870967865 -0.010192682966589928
v 0.005051814951002598 -0.04902016371488571 -0.010541381314396858
v 0.00511727761477232 -0.05234374850988388 -0.010928172618150711
v 0.005312440916895866 -0.05254371836781502 -0.008940458297729492
v 0.0055544329807162285 -0.045453060418367386 -0.011958720162510872
v 0.005538629367947578 -0.04881524294614792 -0.012336187064647675
v 0.005420101806521416 -0.05219222605228424 -0.012755945324897766
v 0.005203268490731716 -0.05564208701252937 -0.013156541623175144
v 0.004849201068282127 -0.05569148063659668 -0.011285360902547836
v 0.007387127727270126 -0.04884347319602966 -0.013210892677307129
v 0.007417717948555946 -0.05234590545296669 -0.013414572924375534
v 0.007463030517101288 -0.05586330592632294 -0.013476184569299221
v 0.007627889513969421 -0.05937059968709946 -0.013576722703874111
v 0.005091606639325619 -0.0591842457652092 -0.013402240350842476
v 0.009902803227305412 -0.05231781676411629 -0.013168901205062866
v 0.010129528120160103 -0.05578916519880295 -0.013227148912847042
v 0.010471178218722343 -0.05923525243997574 -0.013197277672588825
v 0.01084611751139164 -0.06270428001880646 -0.013139136135578156
v 0.007852217182517052 -0.06281481683254242 -0.013586165383458138
v 0.012279024347662926 -0.05551751330494881 -0.012211238965392113
v 0.012798333540558815 -0.0589364618062973 -0.012378566898405552
v 0.013330314308404922 -0.06245230883359909 -0.01240807119756937
v 0.013759851455688477 -0.06603994965553284 -0.012328680604696274
v 0.011123256757855415 -0.06618920713663101 -0.0131519241258502
v 0.012764254584908485 -0.05893702432513237 -0.010409080423414707
v 0.013178221881389618 -0.0623420886695385 -0.010438185185194016
v 0.013610286638140678 -0.06578565388917923 -0.010276579298079014
v 0.01172560267150402 -0.06220778077840805 -0.008458922617137432
v 0.01212112046778202 -0.06541963666677475 -0.008123641833662987
v 0.009471554309129715 -0.062056224793195724 -0.006962907966226339
v 0.009641898795962334 -0.06519940495491028 -0.006630721036344767
v 0.006710788235068321 -0.06210591644048691 -0.007234059274196625
v 0.006740070879459381 -0.06522740423679352 -0.006986957974731922
v 0.005167863331735134 -0.062311504036188126 -0.009287668392062187
v 0.005062480457127094 -0.06554269045591354 -0.009092559106647968
v 0.004900917410850525 -0.06884383410215378 -0.008770763874053955
v 0.004416478797793388 -0.07224670797586441 -0.008409630507230759
v 0.00432804599404335 -0.06582587212324142 -0.011408422142267227
v 0.004082990810275078 -0.06915067136287689 -0.011178991757333279
v 0.003992005251348019 -0.07248102873563766 -0.011037741787731647
v 0.005031038075685501 -0.06929519772529602 -0.013199682347476482
v 0.0046228887513279915 -0.07248666137456894 -0.013308966532349586
v 0.007960863411426544 -0.06944632530212402 -0.013548659160733223
v 0.007607480511069298 -0.07261698693037033 -0.013634409755468369
v 0.007226353511214256 -0.07581274211406708 -0.013706128112971783
v 0.007280411198735237 -0.07941776514053345 -0.013703596778213978
v 0.010982250794768333 -0.07282806932926178 -0.013135744258761406
v 0.010489614680409431 -0.07589114457368851 -0.012963679619133472
v 0.010146142914891243 -0.07931536436080933 -0.012841078452765942
v 0.01005101390182972 -0.08312363922595978 -0.011928251944482327
v 0.0070174988359212875 -0.08296723663806915 -0.012341078370809555
v 0.006622610613703728 -0.08405281603336334 -0.009231564588844776
v 0.010011279955506325 -0.08426287025213242 -0.008815250359475613
v 0.010355297476053238 -0.08211947232484818 -0.006008113268762827
v 0.006610589101910591 -0.08161123842000961 -0.006271079648286104
v 0.004000432789325714 -0.07629581540822983 -0.005776049569249153
v 0.011186061426997185 -0.06960760802030563 -0.013157723471522331
v 0.008009430021047592 -0.06617950648069382 -0.013581828214228153
v 0.005097051151096821 -0.06606944650411606 -0.013328739441931248
v 0.005070844665169716 -0.06269476562738419 -0.013433435931801796
v 0.004460012540221214 -0.062465958297252655 -0.011564735323190689
v 0.004684268496930599 -0.05908213555812836 -0.011519787833094597
v 0.005229081958532333 -0.05907317250967026 -0.009318938478827477
v 0.005369503982365131 -0.055823296308517456 -0.00920814834535122
v 0.006663870066404343 -0.05898510292172432 -0.00740896537899971
v 0.006528964266180992 -0.05582333356142044 -0.007352098822593689
v 0.0065002478659152985 -0.05261417478322983 -0.00730594526976347
v 0.00902419164776802 -0.05575822666287422 -0.007242585066705942
v 0.008799858391284943 -0.05256155878305435 -0.007208866532891989
v 0.00861361250281334 -0.04931546375155449 -0.0070461127907037735
v 0.010712113231420517 -0.052448537200689316 -0.008393906056880951
v 0.010410267859697342 -0.04919074848294258 -0.008234730921685696
v 0.010220171883702278 -0.045916832983493805 -0.008016270585358143
v 0.011729802936315536 -0.04901272431015968 -0.00974259153008461
v 0.011570625007152557 -0.04575953632593155 -0.009436865337193012
v 0.01155422255396843 -0.04247719794511795 -0.009088332764804363
v 0.011200249195098877 -0.0455055832862854 -0.011200137436389923
v 0.011169936507940292 -0.04217376932501793 -0.01076490432024002
v 0.011249829083681107 -0.038791410624980927 -0.010303588584065437
v 0.00949728861451149 -0.04188041016459465 -0.01213589683175087
v 0.00940401665866375 -0.03842152655124664 -0.011594542302191257
v 0.009184541180729866 -0.0349896140396595 -0.01102681364864111
v 0.007006814703345299 -0.03841693326830864 -0.012100853025913239
v 0.0065654609352350235 -0.03509782254695892 -0.011551140807569027
v 0.005689576268196106 -0.031886596232652664 -0.011142375878989697
v 0.004378804005682468 -0.035687897354364395 -0.010802037082612514
v 0.0030864449217915535 -0.03258991613984108 -0.010724923573434353
v 0.0037782080471515656 -0.03596343472599983 -0.008980115875601768
v 0.0027092834934592247 -0.0326799713075161 -0.00864223949611187
v 0.004070143215358257 -0.03629300743341446 -0.0070450883358716965
v 0.003408864140510559 -0.03307851031422615 -0.006407841108739376
v 0.005134523846209049 -0.033876243978738785 -0.004541056230664253
v 0.004545851610600948 -0.031020447611808777 -0.003594346344470978
v 0.007983498275279999 -0.030993953347206116 -0.003179071471095085
v 0.0073314085602760315 -0.028311489149928093 -0.0017032483592629433
v 0.0035991370677948 -0.028209012001752853 -0.002622094936668873
v 0.009308332577347755 -0.02672726847231388 -0.003799332305788994
v 0.0042612385004758835 -0.0392308346927166 -0.009436583146452904
v 0.00504207331687212 -0.038843877613544464 -0.011163120158016682
v 0.005422202870249748 -0.04211294651031494 -0.011565323919057846
v 0.0072007011622190475 -0.04183463379740715 -0.012605911120772362
v 0.007298465818166733 -0.04533839225769043 -0.0129485372453928
v 0.00957431085407734 -0.045349642634391785 -0.012589134275913239
v 0.009730691090226173 -0.04882580041885376 -0.012962475419044495
v 0.011454928666353226 -0.04881841689348221 -0.01160355657339096
v 0.011824296787381172 -0.05215734243392944 -0.011945360340178013
v 0.011982498690485954 -0.05227796733379364 -0.01003582589328289
v 0.012369086965918541 -0.055583637207746506 -0.010256617330014706
v 0.011060388758778572 -0.055701907724142075 -0.008497178554534912
v 0.011398224160075188 -0.05895671993494034 -0.008530954830348492
v 0.009266247972846031 -0.058917973190546036 -0.007148969918489456
v 0.015853047370910645 -0.015384048223495483 0.009191164746880531
v 0.016445519402623177 -0.012830776162445545 0.009720984846353531
v 0.013508733361959457 -0.012921500019729137 0.009648773819208145
v 0.013847189024090767 -0.01540028303861618 0.008381877094507217
v 0.013309510424733162 -0.014130054973065853 0.007450230419635773
v 0.01316966861486435 -0.01228028628975153 0.008171303197741508
v 0.014128968119621277 -0.01210994366556406 0.006931578740477562
v 0.014101376757025719 -0.014240903779864311 0.00629778578877449
v 0.02424919605255127 -0.013135837391018867 0.008204998448491096
v 0.02251575142145157 -0.013386175967752934 0.008818062022328377
v 0.02308228611946106 -0.01586693711578846 0.008614018559455872
v 0.02524060755968094 -0.014719030819833279 0.007865365594625473
v 0.025440488010644913 -0.012499281205236912 0.00634477473795414
v 0.023844175040721893 -0.010970577597618103 0.007054954767227173
v 0.020741833373904228 -0.010060661472380161 0.007668429985642433
v 0.014735028147697449 -0.01642979308962822 0.006424641236662865
v 0.015953846275806427 -0.01746392622590065 0.005403438583016396
v 0.017054768279194832 -0.01763230934739113 0.006218079477548599
v 0.017320873215794563 -0.016051487997174263 0.008166998624801636
v 0.018747616559267044 -0.01719932071864605 0.006397221237421036
v 0.0173663217574358 -0.018983615562319756 0.004320915788412094
v 0.019779004156589508 -0.017841875553131104 0.0044356416910886765
v 0.020035918802022934 -0.01615331694483757 0.00823228433728218
v 0.02118466980755329 -0.01663602702319622 0.006193283945322037
v 0.0228227898478508 -0.016240619122982025 0.007135551422834396
v 0.02313438057899475 -0.015100513584911823 0.004727166146039963
v 0.024261359125375748 -0.015387019142508507 0.006459822878241539
v 0.015404373407363892 -0.007118925917893648 0.009751452133059502
v 0.017488792538642883 -0.007910637184977531 0.008556796237826347
v 0.016298899427056313 -0.006243192590773106 0.0077225323766469955
v 0.014003938063979149 -0.006180175580084324 0.009591629728674889
v 0.01343514770269394 -0.007177781313657761 0.008610641583800316
v 0.014139674603939056 -0.007128895726054907 0.007095148786902428
v 0.012827949598431587 -0.009477362036705017 0.008794989436864853
v 0.013130627572536469 -0.0093464944511652 0.010486766695976257
v 0.013443516567349434 -0.009794976562261581 0.007581455633044243
v 0.02517665922641754 -0.013824907131493092 0.005823802202939987
v 0.01909054070711136 -0.0070651560090482235 0.005518920719623566
v 0.017711497843265533 -0.010055522434413433 0.008897190913558006
v 0.019696032628417015 -0.011464731767773628 0.008176838979125023
v 0.012996051460504532 -0.010061558336019516 0.006465604528784752
v 0.012518325820565224 -0.008547610603272915 0.005956953391432762
v 0.011479273438453674 -0.010326504707336426 0.0051895007491111755
v 0.012911448255181313 -0.011727437376976013 0.0059131719172000885
v 0.015516761690378189 -0.018809176981449127 0.0036072563380002975
v 0.01412765309214592 -0.016431281343102455 0.00419539213180542
v 0.013693932443857193 -0.016303949058055878 0.002418234944343567
v 0.015374165028333664 -0.01853080466389656 0.0014342041686177254
v 0.0109483040869236 -0.012127558700740337 0.004427116364240646
v 0.012851662933826447 -0.013928855769336224 0.004842100664973259
v 0.012846305966377258 -0.010241551324725151 0.0038430672138929367
v 0.011684486642479897 -0.01188900601118803 0.0030386541038751602
v 0.013072334229946136 -0.013856831006705761 0.0029716212302446365
v 0.01971268281340599 -0.022194601595401764 0.0020370688289403915
v 0.01867995597422123 -0.02069121040403843 0.0028904732316732407
v 0.017222991213202477 -0.021306075155735016 0.002066589891910553
v 0.01883399486541748 -0.02265976369380951 0.0013494975864887238
v 0.01955614984035492 -0.02213764190673828 0.00017620623111724854
v 0.02101118303835392 -0.021526850759983063 0.0012473473325371742
v 0.020579379051923752 -0.019762827083468437 0.0026278868317604065
v 0.02455947920680046 -0.0133978221565485 0.004861203953623772
v 0.023834623396396637 -0.011193248443305492 0.004155425354838371
v 0.022865265607833862 -0.013080201111733913 0.002931050956249237
v 0.017294099554419518 -0.020712627097964287 0.0005301721394062042
v 0.015572670847177505 -0.008846140466630459 0.0033964384347200394
v 0.014301784336566925 -0.008598336018621922 0.00456589087843895
v 0.016237150877714157 -0.007264696527272463 0.0049736835062503815
v 0.016989586874842644 -0.007971839047968388 0.0029563698917627335
v 0.014758516103029251 -0.010107065550982952 0.002460319548845291
v 0.0165315680205822 -0.009463979862630367 0.0014250259846448898
v 0.018247175961732864 -0.019507067278027534 -0.00041582342237234116
v 0.02062371000647545 -0.0204743891954422 -0.0009390655905008316
v 0.021128272637724876 -0.008495432324707508 0.003088260069489479
v 0.022528253495693207 -0.008663208223879337 0.004926357418298721
v 0.02119164913892746 -0.009951534681022167 0.0020065652206540108
v 0.02183978259563446 -0.018957387655973434 -0.0015026750043034554
v 0.02166738361120224 -0.018835557624697685 -0.0021468279883265495
v 0.021866459399461746 -0.017753686755895615 -0.0026771696284413338
v 0.022274047136306763 -0.01731184497475624 -0.0012395167723298073
v 0.020479388535022736 -0.019468622282147408 -0.002292366698384285
v 0.022002767771482468 -0.019651060923933983 0.000016139820218086243
v 0.02076266147196293 -0.018416624516248703 -0.003123687580227852
v 0.018725410103797913 -0.01865561679005623 -0.00211268849670887
v 0.019759956747293472 -0.017453614622354507 -0.003437379375100136
v 0.021052377298474312 -0.016213687136769295 -0.003180474042892456
v 0.019931094720959663 -0.015188297256827354 -0.0031091123819351196
v 0.018702739849686623 -0.01581723242998123 -0.0031125256791710854
v 0.018047336488962173 -0.014053013175725937 -0.0022390922531485558
v 0.019826330244541168 -0.013939855620265007 -0.002296457067131996
v 0.02150185965001583 -0.01491850521415472 -0.0019521825015544891
v 0.019537635147571564 -0.012459546327590942 -0.0011505046859383583
v 0.021127887070178986 -0.013613305985927582 -0.0006103701889514923
v 0.021943964064121246 -0.015758607536554337 0.00027414411306381226
v 0.021837793290615082 -0.018079686909914017 0.0014724517241120338
v 0.02084580808877945 -0.012480984441936016 0.0007110796868801117
v 0.02214162051677704 -0.01444911677390337 0.0016580456867814064
v 0.021908078342676163 -0.016550850123167038 0.0030227601528167725
v 0.02066747285425663 -0.011554248631000519 0.0017141513526439667
v 0.01909458637237549 -0.011187184602022171 -0.0003159642219543457
v 0.019421124830842018 -0.010374272242188454 0.0005841953679919243
v 0.017517490312457085 -0.012261928990483284 -0.0013231486082077026
v 0.017359811812639236 -0.010387797839939594 -0.0007310891523957253
v 0.01855870522558689 -0.009204591624438763 0.0008243098855018616
v 0.016013184562325478 -0.012756520882248878 -0.0003177095204591751
v 0.015661273151636124 -0.01074644923210144 0.00021939072757959366
v 0.014583146199584007 -0.01332856621593237 0.0012283064424991608
v 0.01359032467007637 -0.011514676734805107 0.001400880515575409
v 0.01698710396885872 -0.014845924451947212 -0.0008647823706269264
v 0.015655631199479103 -0.01551283709704876 0.0007230378687381744
v 0.017723888158798218 -0.01682990975677967 -0.001638554036617279
v 0.016596782952547073 -0.01766589842736721 -0.00006320606917142868
v 0.01897844299674034 -0.007576895412057638 0.0026212912052869797
v 0.01543920487165451 -0.009620696306228638 0.010350581258535385
v 0.017899038270115852 -0.011650358326733112 0.009012540802359581
v 0.020320553332567215 -0.013792958110570908 0.008842363953590393
v 0.01878761127591133 -0.012210017070174217 0.00841139443218708
v 0.018217528238892555 -0.013811244629323483 0.00913485512137413
v 0.01343734934926033 -0.017178425565361977 0.00332011841237545
v 0.012472588568925858 -0.018463827669620514 0.0027046501636505127
v 0.014125799760222435 -0.01920480467379093 0.0019988911226391792
v 0.014801638200879097 -0.01717735081911087 0.0020153196528553963
v 0.013054506853222847 -0.01493111066520214 0.0021094530820846558
v 0.012446055188775063 -0.015540165826678276 0.0036208704113960266
v 0.010872600600123405 -0.01721189357340336 0.002893524244427681
v 0.010529188439249992 -0.01937081664800644 0.0022754259407520294
v 0.011745816096663475 -0.0203962754458189 0.001958797685801983
v 0.015208248049020767 -0.019754083827137947 0.001477162353694439
v 0.013784123584628105 -0.020822031423449516 0.0012085512280464172
v 0.015592863783240318 -0.020632442086935043 0.000635126605629921
v 0.01636304147541523 -0.01984398625791073 0.0005142241716384888
v 0.015707574784755707 -0.01876005530357361 0.0010971855372190475
v 0.01590249314904213 -0.015962565317749977 0.0005058292299509048
v 0.015128104016184807 -0.01404066663235426 0.000585438683629036
v 0.016590038314461708 -0.01775204762816429 -0.00004240404814481735
v 0.009212281554937363 -0.018160197883844376 -0.000008149072527885437
v 0.009333504363894463 -0.01945025660097599 0.001224643550813198
v 0.00895414873957634 -0.017065949738025665 0.0017867302522063255
v 0.009441399946808815 -0.016417380422353745 0.00014597363770008087
v 0.009765416383743286 -0.018013417720794678 -0.0011383257806301117
v 0.010986510664224625 -0.020175568759441376 -0.00006265006959438324
v 0.013520704582333565 -0.020739102736115456 -0.00043537747114896774
v 0.017022578045725822 -0.019521327689290047 -0.000521085225045681
v 0.009657923132181168 -0.01320863887667656 0.0019404906779527664
v 0.010951593518257141 -0.01366874948143959 0.0030399300158023834
v 0.011782573536038399 -0.013048027642071247 0.0015396643429994583
v 0.010340077802538872 -0.013085686601698399 0.0005199648439884186
v 0.009002748876810074 -0.014859652146697044 0.001866297796368599
v 0.010229017585515976 -0.015225806273519993 0.002803778275847435
v 0.009652819484472275 -0.014709827490150928 0.000257665291428566
v 0.014304988086223602 -0.012439192272722721 0.0003490867093205452
v 0.013264795765280724 -0.013190671801567078 0.0003541726619005203
v 0.012668978422880173 -0.013392942026257515 0.0006986204534769058
v 0.013061616569757462 -0.013068750500679016 -0.00014680251479148865
v 0.01213858462870121 -0.01297213975340128 0.0000625932589173317
v 0.010716257616877556 -0.013139423914253712 -0.0008657770231366158
v 0.01030704565346241 -0.01442789752036333 -0.0007090717554092407
v 0.016236301511526108 -0.020269623026251793 -0.0026666540652513504
v 0.01718144118785858 -0.0196696724742651 -0.004212274216115475
v 0.01846052147448063 -0.018333587795495987 -0.00427720881998539
v 0.017938513308763504 -0.018894262611865997 -0.0021129967644810677
v 0.015759848058223724 -0.020600179210305214 -0.000770125538110733
v 0.01565849967300892 -0.020733105018734932 -0.003895532339811325
v 0.015948213636875153 -0.01982157677412033 -0.004505578428506851
v 0.01635202206671238 -0.013465187512338161 -0.0005867350846529007
v 0.016993755474686623 -0.014918566681444645 -0.000982789322733879
v 0.017760373651981354 -0.013528796844184399 -0.0021093618124723434
v 0.016380656510591507 -0.012146617285907269 -0.0010597426444292068
v 0.0123013686388731 -0.012407428584992886 -0.0010913563892245293
v 0.013612477108836174 -0.01209409348666668 -0.0007659886032342911
v 0.015022633597254753 -0.011801782995462418 -0.002178296446800232
v 0.013282297179102898 -0.01257862988859415 -0.0030034221708774567
v 0.011126954108476639 -0.01307124737650156 -0.00224994495511055
v 0.01674293912947178 -0.012792959809303284 -0.0034514442086219788
v 0.01113375648856163 -0.01653468981385231 -0.003771408461034298
v 0.010981282219290733 -0.015295288525521755 -0.003904353827238083
v 0.010575035586953163 -0.015746476128697395 -0.004738986492156982
v 0.01082703098654747 -0.016951652243733406 -0.004827284254133701
v 0.010430172085762024 -0.017539463937282562 -0.002772674895823002
v 0.010878663510084152 -0.015156949870288372 -0.0028247926384210587
v 0.010508840903639793 -0.018361147493124008 -0.004380742087960243
v 0.013989906758069992 -0.02081942930817604 -0.00401582196354866
v 0.014902710914611816 -0.020095359534025192 -0.004628630355000496
v 0.015326268970966339 -0.02038281224668026 -0.005415826570242643
v 0.016074026003479958 -0.019898654893040657 -0.005162344314157963
v 0.018516093492507935 -0.01565447449684143 -0.0031891539692878723
v 0.01773875392973423 -0.016777371987700462 -0.0015890998765826225
v 0.01749373972415924 -0.01685633882880211 -0.00543952826410532
v 0.017734086140990257 -0.014878715388476849 -0.00442085787653923
v 0.010966246947646141 -0.014110247604548931 -0.004572075791656971
v 0.01038709469139576 -0.015143816359341145 -0.005591117776930332
v 0.017011044546961784 -0.02014785073697567 -0.005271784029901028
v 0.015256479382514954 -0.01338511798530817 -0.004390682093799114
v 0.014341427013278008 -0.014127513393759727 -0.005232015624642372
v 0.01277153193950653 -0.013393260538578033 -0.004229295067489147
v 0.010307714343070984 -0.016944648697972298 -0.00624062679708004
v 0.010295795276761055 -0.01879633031785488 -0.0062756529077887535
v 0.01628112979233265 -0.01472845021635294 -0.004949766211211681
v 0.015765875577926636 -0.015718232840299606 -0.005576007068157196
v 0.011699344962835312 -0.020368583500385284 -0.007467054761946201
v 0.011548297479748726 -0.020210595801472664 -0.006009102798998356
v 0.011266680434346199 -0.018730493262410164 -0.007923325523734093
v 0.01269754208624363 -0.015468994155526161 -0.0067862654104828835
v 0.011463690549135208 -0.014988030306994915 -0.006500829942524433
v 0.012101702392101288 -0.013946549966931343 -0.005372241139411926
v 0.013500513508915901 -0.014802021905779839 -0.006140515208244324
v 0.01484769769012928 -0.016507016494870186 -0.006566997617483139
v 0.013247115537524223 -0.016801742836833 -0.007300766184926033
v 0.011260084807872772 -0.016656430438160896 -0.007408508099615574
v 0.01401817612349987 -0.01868084818124771 -0.007957419380545616
v 0.016214054077863693 -0.01819630153477192 -0.006772605702280998
v 0.01702560856938362 -0.020072095096111298 -0.00625206483528018
v 0.014301400631666183 -0.02092491276562214 -0.00755233084782958
v 0.01121516339480877 -0.013451054692268372 -0.0034642070531845093
v 0.010612014681100845 -0.015353677794337273 -0.0013896413147449493
v 0.01387622021138668 -0.02108328975737095 -0.005815879907459021
v 0.011582888662815094 -0.02009081467986107 -0.004103906452655792
v 0.011399848386645317 -0.019911831244826317 -0.0022744499146938324
v 0.013680659234523773 -0.02063814178109169 -0.0022382112219929695
v -0.013268613256514072 -0.013506224378943443 0.003284851089119911
v -0.014422181993722916 -0.01338029745966196 0.003111468628048897
v -0.014484746381640434 -0.015343236736953259 0.002727428451180458
v -0.01261928491294384 -0.014544550329446793 0.0032394900918006897
v -0.012975430116057396 -0.012082240544259548 0.003559758886694908
v -0.01443405169993639 -0.011618194170296192 0.003411943092942238
v -0.011801088228821754 -0.012600144371390343 0.003670843318104744
v -0.015711508691310883 -0.01295970194041729 0.0029668081551790237
v -0.016166185960173607 -0.011157614178955555 0.0031781811267137527
v -0.01185666024684906 -0.008322823792696 0.004602143540978432
v -0.012860482558608055 -0.008289794437587261 0.004160042852163315
v -0.012985549867153168 -0.010054741986095905 0.003991181030869484
v -0.011697139590978622 -0.010400121100246906 0.004210343584418297
v -0.014020418748259544 -0.00799590814858675 0.0037852879613637924
v -0.0148693872615695 -0.006808430887758732 0.0031961314380168915
v -0.01609845459461212 -0.008156879805028439 0.002950171008706093
v -0.014452977105975151 -0.009608505293726921 0.0036466456949710846
v -0.016261186450719833 -0.014132741838693619 0.0017013940960168839
v -0.016851723194122314 -0.011531808413565159 0.0018020030111074448
v -0.01690964587032795 -0.012016753666102886 0.0006432309746742249
v -0.016744788736104965 -0.013647816143929958 0.00018769968301057816
v -0.01554175466299057 -0.014950056560337543 -0.00022078771144151688
v -0.015193421393632889 -0.015124626457691193 0.0008108858019113541
v -0.013476370833814144 -0.0159246064722538 0.0012027053162455559
v -0.01193828135728836 -0.0158916637301445 0.0005703605711460114
v -0.010966811329126358 -0.014798512682318687 0.0009023137390613556
v -0.0117500526830554 -0.01488275732845068 0.0022002635523676872
v -0.016698135063052177 -0.009028390981256962 0.0012877043336629868
v -0.016766736283898354 -0.011002560146152973 -0.00014939717948436737
v -0.016658563166856766 -0.013285950757563114 -0.0010748561471700668
v -0.012818729504942894 -0.007167763542383909 0.004124807193875313
v -0.013626864179968834 -0.007140954490751028 0.0037921052426099777
v -0.015269622206687927 -0.005677725654095411 0.0025302618741989136
v -0.014497857540845871 -0.005469124298542738 0.002976600080728531
v -0.013844126835465431 -0.0046397321857512 0.0027923546731472015
v -0.014773509465157986 -0.004277762956917286 0.0021830443292856216
v -0.01564955897629261 -0.014524637721478939 -0.0010832222178578377
v -0.014379564672708511 -0.014804365113377571 -0.001546843908727169
v -0.0138787142932415 -0.015612064860761166 -0.000516500324010849
v -0.010861922055482864 -0.01402535941451788 -0.0009110579267144203
v -0.012188739143311977 -0.01551790814846754 -0.0008374443277716637
v -0.012433835305273533 -0.014157013967633247 -0.0019084969535470009
v -0.011554894968867302 -0.012786525301635265 -0.0014404859393835068
v -0.01538645289838314 -0.013330835849046707 -0.0026635006070137024
v -0.01299396250396967 -0.013801024295389652 -0.0030008554458618164
v -0.01238926313817501 -0.012344359420239925 -0.0018667466938495636
v -0.01207817904651165 -0.011700545437633991 -0.0016431035473942757
v -0.012374505400657654 -0.012305340729653835 -0.0024444013833999634
v -0.008641275577247143 -0.004322392400354147 0.0011621490120887756
v -0.008114404045045376 -0.004889574367552996 -0.0011957846581935883
v -0.0095440112054348 -0.003869573585689068 -0.001377154141664505
v -0.010474753566086292 -0.003129601012915373 0.0011592283844947815
v -0.009340927004814148 -0.00990221742540598 -0.0007512252777814865
v -0.009537501260638237 -0.010172669775784016 0.0005662357434630394
v -0.009811981581151485 -0.012256573885679245 -0.000034632161259651184
v -0.009696590714156628 -0.01087598130106926 -0.001841329038143158
v -0.009042251855134964 -0.008403291925787926 -0.0010093841701745987
v -0.009068901650607586 -0.008215436711907387 0.0007978007197380066
v -0.009043288417160511 -0.009036509320139885 -0.002313355915248394
v -0.011890233494341373 -0.01137173268944025 -0.002202889882028103
v -0.011265755631029606 -0.011972800828516483 -0.0019169049337506294
v -0.010543899610638618 -0.012234303168952465 -0.002182549796998501
v -0.011277886107563972 -0.011438812129199505 -0.003276570700109005
v -0.01705504022538662 -0.0062385182827711105 -0.00028689298778772354
v -0.016163773834705353 -0.0033616123255342245 -0.00042600836604833603
v -0.015516011044383049 -0.0034720441326498985 -0.0020966120064258575
v -0.01610455848276615 -0.006025875452905893 -0.0024429550394415855
v -0.016389602795243263 -0.005638721864670515 0.0016175732016563416
v -0.015653591603040695 -0.003580366959795356 0.0011861706152558327
v -0.011939089745283127 -0.012451945804059505 -0.003155432641506195
v -0.015205495059490204 -0.001686156028881669 -0.00033016130328178406
v -0.014455236494541168 -0.001824593055061996 0.0007623052224516869
v -0.013138657435774803 -0.0015104024205356836 -0.0006499579176306725
v -0.014460565522313118 -0.0015601253835484385 -0.0016177436336874962
v -0.008467044681310654 -0.007871638052165508 -0.003277498297393322
v -0.008271371014416218 -0.006723764352500439 -0.0012200651690363884
v -0.010000244714319706 -0.00998721644282341 -0.0037235375493764877
v -0.010303369723260403 -0.009786131791770458 -0.005532857496291399
v -0.008658399805426598 -0.008238330483436584 -0.005075929686427116
v -0.00875227153301239 -0.006907865405082703 -0.005736359395086765
v -0.007752640172839165 -0.005691254511475563 -0.0036059878766536713
v -0.011562246829271317 -0.002639216836541891 -0.0036415457725524902
v -0.0121682770550251 -0.0021003675647079945 -0.0022950833663344383
v -0.01094605028629303 -0.00290944566950202 -0.0017516650259494781
v -0.010533622466027737 -0.003453532001003623 -0.003801644779741764
v -0.012336181476712227 -0.0029115243814885616 -0.004538331180810928
v -0.013406644575297832 -0.0021503441967070103 -0.0031532058492302895
v -0.011289012618362904 -0.004176866263151169 -0.005418891087174416
v -0.013216108083724976 -0.004356315825134516 -0.004543475806713104
v -0.013017011806368828 -0.005652327556163073 -0.005274264141917229
v -0.0147408377379179 -0.00609808461740613 -0.004088535904884338
v -0.01429451908916235 -0.003996018785983324 -0.0035521872341632843
v -0.014547101221978664 -0.008439176715910435 -0.004886465147137642
v -0.01565372571349144 -0.009170412085950375 -0.0032018041238188744
v -0.01247891504317522 -0.007216019555926323 -0.00619172491133213
v -0.011229035444557667 -0.008943991735577583 -0.0066405669786036015
v -0.013427402824163437 -0.01055729016661644 -0.005593813024461269
v -0.010053690522909164 -0.005543149542063475 -0.005770708434283733
v -0.009157088585197926 -0.004459379240870476 -0.0037411851808428764
v -0.011964904144406319 -0.011394074186682701 -0.004930814728140831
v -0.012826750986278057 -0.012824106961488724 -0.0040176138281822205
v -0.01474373321980238 -0.012007096782326698 -0.0043370164930820465
v -0.01622955873608589 -0.009966859593987465 -0.0015340093523263931
v -0.011904426850378513 -0.0022384808398783207 0.0003630165010690689
v -0.013391602784395218 -0.0024022164288908243 0.0019443714991211891
v -0.012280739843845367 -0.003038463182747364 0.0025916490703821182
v -0.008197982795536518 -0.006419643759727478 0.00086949672549963
v -0.009824804961681366 -0.010421237908303738 0.002192649058997631
v -0.010158665478229523 -0.012711893767118454 0.0014930646866559982
v -0.010814346373081207 -0.01046961173415184 0.0033804289996623993
v -0.010963878594338894 -0.012746754102408886 0.0027689076960086823
v -0.010747070424258709 -0.008427546359598637 0.004215463995933533
v -0.009397597052156925 -0.008355592377483845 0.002844659611582756
v -0.010228711180388927 -0.003448797855526209 0.0024232687428593636
v -0.011232656426727772 -0.003851700108498335 0.003065144643187523
v -0.008939303457736969 -0.006562954280525446 0.0029998421669006348
v -0.009227043949067593 -0.0042771450243890285 0.0028477758169174194
v -0.010391379706561565 -0.0049690608866512775 0.003481237217783928
v -0.010544657707214355 -0.007000431418418884 0.004082823172211647
v -0.012723286636173725 -0.0055017718113958836 0.0034309346228837967
v -0.01156181376427412 -0.005932945292443037 0.0037894975394010544
v -0.011839628219604492 -0.007203015964478254 0.004284579306840897
v -0.01391117088496685 -0.006345836911350489 0.003122834488749504
v 0.03805561363697052 -0.14332039654254913 0.0006103860214352608
v 0.037292733788490295 -0.14157721400260925 0.0008307639509439468
v 0.03698397055268288 -0.14225172996520996 -0.0002065468579530716
v 0.03766472265124321 -0.14346672594547272 -0.0003342190757393837
v 0.039331547915935516 -0.14327585697174072 0.0005806721746921539
v 0.038908701390028 -0.1409364640712738 0.0010953806340694427
v 0.0369429849088192 -0.14109021425247192 -0.0012861639261245728
v 0.0386359877884388 -0.1430525779724121 -0.0015022587031126022
v 0.043985314667224884 -0.14100971817970276 0.0009144619107246399
v 0.04385825991630554 -0.1400018185377121 0.0014801137149333954
v 0.04256335645914078 -0.1401674449443817 0.0019769053906202316
v 0.04329873248934746 -0.14237689971923828 0.0011232569813728333
v 0.04329013451933861 -0.14176447689533234 -0.0009712427854537964
v 0.04404696449637413 -0.14001339673995972 -0.0002062637358903885
v 0.03734365105628967 -0.13969391584396362 -0.0004438944160938263
v 0.04234887287020683 -0.1386687308549881 0.0011565834283828735
v 0.04370661824941635 -0.13862860202789307 0.0007367152720689774
v 0.042827729135751724 -0.13715554773807526 -0.00022000446915626526
v 0.04086879640817642 -0.1379726082086563 0.00036016758531332016
v 0.0406913124024868 -0.14041945338249207 0.0013633165508508682
v 0.03878309205174446 -0.1388281136751175 0.00001772399991750717
v 0.0422920286655426 -0.1353463977575302 -0.00118243508040905
v 0.04044799879193306 -0.13572794198989868 -0.0007347380742430687
v 0.038570281118154526 -0.13655278086662292 -0.0007694326341152191
v 0.03373401239514351 -0.12405000627040863 -0.0060383016243577
v 0.03239124268293381 -0.1243758499622345 -0.005324254743754864
v 0.03388446941971779 -0.12267610430717468 -0.0045315539464354515
v 0.03509039431810379 -0.12330890446901321 -0.0058138808235526085
v 0.03398822993040085 -0.12423104792833328 -0.006807304918766022
v 0.033238936215639114 -0.12484313547611237 -0.007108145393431187
v 0.035486385226249695 -0.12357903271913528 -0.007230007089674473
v 0.038573406636714935 -0.12131194770336151 -0.00424986332654953
v 0.03944778814911842 -0.12168272584676743 -0.0032059233635663986
v 0.04117394611239433 -0.12209951132535934 -0.0048784296959638596
v 0.03930932655930519 -0.12250860780477524 -0.00533631257712841
v 0.03464359790086746 -0.12775088846683502 -0.00724951084703207
v 0.03299170359969139 -0.12677139043807983 -0.00705166719853878
v 0.03573056310415268 -0.12556816637516022 -0.008733385242521763
v 0.03662273660302162 -0.12754608690738678 -0.00777890719473362
v 0.03545235097408295 -0.12981893122196198 -0.006535254418849945
v 0.03410260006785393 -0.12947434186935425 -0.005522862076759338
v 0.03513938561081886 -0.12351391464471817 -0.008658522740006447
v 0.03938588500022888 -0.12306398898363113 -0.006481402553617954
v 0.03775198012590408 -0.12321962416172028 -0.007099201902747154
v 0.037235863506793976 -0.12281064689159393 -0.005586098879575729
v 0.0405680350959301 -0.12294761836528778 -0.006863076239824295
v 0.038364507257938385 -0.12310534715652466 -0.008434288203716278
v 0.03884759917855263 -0.12509645521640778 -0.008350986056029797
v 0.04113328456878662 -0.12464453279972076 -0.006651338189840317
v 0.04113256186246872 -0.12686556577682495 -0.005944828502833843
v 0.03917602449655533 -0.12725599110126495 -0.0073371101170778275
v 0.041932396590709686 -0.12406319379806519 -0.00443271454423666
v 0.04175224527716637 -0.12644043564796448 -0.00415022112429142
v 0.04187305271625519 -0.12871578335762024 -0.0035241246223449707
v 0.041372984647750854 -0.12917274236679077 -0.005103669129312038
v 0.03978418558835983 -0.12412501871585846 -0.003206329420208931
v 0.03982603922486305 -0.12660816311836243 -0.0033549824729561806
v 0.040017060935497284 -0.12898895144462585 -0.0030291853472590446
v 0.04012017697095871 -0.13135799765586853 -0.002481832168996334
v 0.0420052595436573 -0.13104110956192017 -0.002771054394543171
v 0.03738004341721535 -0.1273304522037506 -0.003295252099633217
v 0.037723880261182785 -0.1295946091413498 -0.002925833687186241
v 0.03797762095928192 -0.13185369968414307 -0.002221166156232357
v 0.03830411657691002 -0.1341836005449295 -0.0014941059052944183
v 0.04021955281496048 -0.1335725337266922 -0.001655646599829197
v 0.03573402762413025 -0.13077490031719208 -0.003521425649523735
v 0.03655403479933739 -0.1331055909395218 -0.003021426498889923
v 0.037104830145835876 -0.1354340761899948 -0.0023671798408031464
v 0.037406228482723236 -0.13774529099464417 -0.0015897015109658241
v 0.03601883724331856 -0.1342272013425827 -0.004038531333208084
v 0.03672699257731438 -0.1365707367658615 -0.0033210450783371925
v 0.03709087520837784 -0.13894808292388916 -0.002418859861791134
v 0.03796972706913948 -0.137417271733284 -0.004114482551813126
v 0.03851001337170601 -0.1400229036808014 -0.0029036235064268112
v 0.03994598984718323 -0.13753999769687653 -0.004100463353097439
v 0.04055093973875046 -0.14001454412937164 -0.0026871785521507263
v 0.04115791618824005 -0.1424480527639389 -0.0012438073754310608
v 0.041698865592479706 -0.13698306679725647 -0.00346224382519722
v 0.04229885712265968 -0.13927006721496582 -0.002172917127609253
v 0.04267016053199768 -0.1360398530960083 -0.002354661002755165
v 0.04324278607964516 -0.13812267780303955 -0.0013242913410067558
v 0.04113740101456642 -0.13459864258766174 -0.00461108423769474
v 0.04221776872873306 -0.13386084139347076 -0.003322569653391838
v 0.0420556515455246 -0.1333022266626358 -0.002022968605160713
v 0.04182174801826477 -0.1315428465604782 -0.004240964539349079
v 0.04046839848160744 -0.13211198151111603 -0.005578073672950268
v 0.03979289159178734 -0.12964314222335815 -0.0064877700060606
v 0.03846491500735283 -0.13244231045246124 -0.0061693936586380005
v 0.03757214918732643 -0.12990644574165344 -0.006995502859354019
v 0.03644326701760292 -0.13236525654792786 -0.00580483116209507
v 0.03724642097949982 -0.13489902019500732 -0.00505635142326355
v 0.03518710657954216 -0.13184919953346252 -0.00468412134796381
v 0.03925124928355217 -0.13498571515083313 -0.005213483236730099
v 0.03501638025045395 -0.12849491834640503 -0.0041322894394397736
v 0.03693820908665657 -0.12504099309444427 -0.0032946160063147545
v 0.03370284661650658 -0.1261052042245865 -0.0041231028735637665
v 0.036542877554893494 -0.12269369512796402 -0.0033530332148075104
v 0.03639959171414375 -0.12135196477174759 -0.0042860619723796844
v 0.03410901501774788 -0.12368834763765335 -0.003503204323351383
v 0.04121300205588341 -0.14262625575065613 0.0006385967135429382
v -0.028524626046419144 -0.12085843831300735 0.00003866665065288544
v -0.02807755395770073 -0.11895197629928589 0.00023329630494117737
v -0.02974594384431839 -0.11861510574817657 0.00017737969756126404
v -0.02981526404619217 -0.1211189329624176 -0.0005999850109219551
v -0.02856391668319702 -0.12125461548566818 -0.0012376196682453156
v -0.028080467134714127 -0.12093475461006165 -0.0005437582731246948
v -0.027737047523260117 -0.11947587132453918 -0.000827406533062458
v -0.028325749561190605 -0.12016977369785309 -0.0020285891368985176
v -0.03391493484377861 -0.12004528939723969 -0.0014849621802568436
v -0.03199484199285507 -0.1204572319984436 -0.0020454339683055878
v -0.031706295907497406 -0.12048154324293137 -0.0005664965137839317
v -0.03317706286907196 -0.12020933628082275 -0.00042264629155397415
v -0.03372907638549805 -0.11792656034231186 -0.002414654940366745
v -0.031989965587854385 -0.11844499409198761 -0.0028415052220225334
v -0.0344560369849205 -0.11847652494907379 -0.0007507838308811188
v -0.033417195081710815 -0.11842978000640869 0.00009105168282985687
v -0.033292483538389206 -0.11688501387834549 -0.0004881862550973892
v -0.03419453650712967 -0.11688652634620667 -0.0012947451323270798
v -0.031497739255428314 -0.11841365694999695 -0.00002575106918811798
v -0.03172750398516655 -0.11608990281820297 -0.0009087147191166878
v -0.0332479253411293 -0.11521735787391663 -0.0017564892768859863
v -0.030085349455475807 -0.12056560814380646 -0.0023369528353214264
v -0.02971827983856201 -0.1163371205329895 -0.0006161369383335114
v -0.029570823535323143 -0.1142045184969902 -0.0011690109968185425
v -0.03119492158293724 -0.11371127516031265 -0.0015531908720731735
v -0.025593528524041176 -0.1021508127450943 -0.0025632623583078384
v -0.025110840797424316 -0.10243398696184158 -0.0014425069093704224
v -0.02371242083609104 -0.1040087416768074 -0.0026151034981012344
v -0.025214653462171555 -0.10308851301670074 -0.0033830609172582626
v -0.027225278317928314 -0.10146793723106384 -0.002850642427802086
v -0.02758358232676983 -0.10099638253450394 -0.0015957159921526909
v -0.027120472863316536 -0.10237537324428558 -0.003869962878525257
v -0.0287990290671587 -0.1011514961719513 -0.0032539237290620804
v -0.028856121003627777 -0.10171902179718018 -0.004230029881000519
v -0.030474888160824776 -0.10131581127643585 -0.004419649951159954
v -0.029942568391561508 -0.10028404742479324 -0.002684634178876877
v -0.025247786194086075 -0.10326719284057617 -0.005673653911799192
v -0.025121118873357773 -0.1034790575504303 -0.0046163201332092285
v -0.023709554225206375 -0.10466912388801575 -0.004537082277238369
v -0.02493576519191265 -0.10444601625204086 -0.006140002980828285
v -0.026844406500458717 -0.10233613848686218 -0.0061969272792339325
v -0.026932556182146072 -0.10271589457988739 -0.00502595491707325
v -0.02839251048862934 -0.10210289061069489 -0.005212176591157913
v -0.02911040000617504 -0.10171109437942505 -0.00589445186778903
v -0.02980900928378105 -0.10303417593240738 -0.00617351196706295
v -0.031750649213790894 -0.10230778902769089 -0.004524689167737961
v -0.02729935571551323 -0.10370635241270065 -0.006804628297686577
v -0.02797158621251583 -0.10566205531358719 -0.00625004805624485
v -0.03016391210258007 -0.10507067292928696 -0.005771503783762455
v -0.025864962488412857 -0.10618460178375244 -0.005705640651285648
v -0.02664162777364254 -0.10810644924640656 -0.005306835286319256
v -0.028584636747837067 -0.1077461689710617 -0.005861288867890835
v -0.02452993020415306 -0.1063031405210495 -0.004236845299601555
v -0.02542528696358204 -0.10808216035366058 -0.004017578437924385
v -0.026142025366425514 -0.1100427508354187 -0.0037680156528949738
v -0.027260778471827507 -0.11016478389501572 -0.004938710480928421
v -0.02461482584476471 -0.1057114377617836 -0.0024626124650239944
v -0.025743264704942703 -0.10745786130428314 -0.0027068182826042175
v -0.02661622129380703 -0.10935511440038681 -0.0027804020792245865
v -0.027423974126577377 -0.11121350526809692 -0.0026352880522608757
v -0.02679881639778614 -0.11201208084821701 -0.0034320130944252014
v -0.027310270816087723 -0.10634933412075043 -0.001957608386874199
v -0.02808915637433529 -0.10833653807640076 -0.002164022997021675
v -0.028702963143587112 -0.11021821200847626 -0.0019957497715950012
v -0.029208345338702202 -0.11213413625955582 -0.0015766602009534836
v -0.02805427461862564 -0.11304706335067749 -0.0022347476333379745
v -0.029885299503803253 -0.10744891315698624 -0.002451365813612938
v -0.03040163591504097 -0.10951599478721619 -0.0023490004241466522
v -0.030775444582104683 -0.11160646378993988 -0.002009313553571701
v -0.03206653892993927 -0.10905380547046661 -0.0029807202517986298
v -0.03232453018426895 -0.11122607439756393 -0.002667739987373352
v -0.03277532011270523 -0.11320827156305313 -0.002155797556042671
v -0.032551221549510956 -0.1113596111536026 -0.003756508231163025
v -0.032772164791822433 -0.11356332153081894 -0.0033495407551527023
v -0.03307223320007324 -0.11571132391691208 -0.0028695520013570786
v -0.03158386051654816 -0.11408977210521698 -0.00425376370549202
v -0.03181175887584686 -0.11631950736045837 -0.003596925176680088
v -0.02988339215517044 -0.11443701386451721 -0.004489590413868427
v -0.03012189269065857 -0.11656981706619263 -0.003740452229976654
v -0.03017272986471653 -0.11853863298892975 -0.0029711518436670303
v -0.0285333264619112 -0.11639261990785599 -0.0033433306962251663
v -0.028553476557135582 -0.11827114969491959 -0.0026131803169846535
v -0.027829937636852264 -0.1157466396689415 -0.00244253221899271
v -0.027844561263918877 -0.11759421974420547 -0.0017165429890155792
v -0.028396816924214363 -0.1149294376373291 -0.0016944026574492455
v -0.028460174798965454 -0.11691313236951828 -0.0010134465992450714
v -0.02738899178802967 -0.11390763521194458 -0.002997727133333683
v -0.02825680561363697 -0.11437278985977173 -0.003985529765486717
v -0.027801571413874626 -0.11228074878454208 -0.004518156871199608
v -0.02952667884528637 -0.1121888980269432 -0.005067433230578899
v -0.02909238636493683 -0.10993833094835281 -0.005506187677383423
v -0.031319573521614075 -0.11179044097661972 -0.004756682552397251
v -0.030984768643975258 -0.10947900265455246 -0.00512385368347168
v -0.030598808079957962 -0.10722273588180542 -0.005436435341835022
v -0.0323362722992897 -0.10908762365579605 -0.004072895273566246
v -0.032095544040203094 -0.10678471624851227 -0.004301764070987701
v -0.031863465905189514 -0.10455940663814545 -0.004439188167452812
v -0.03166744485497475 -0.10683409124612808 -0.0031535327434539795
v -0.031156878918409348 -0.10466604679822922 -0.002944587729871273
v -0.03096218779683113 -0.10228421539068222 -0.0023844540119171143
v -0.029235731810331345 -0.1053144782781601 -0.00210735946893692
v -0.028445640578866005 -0.10304027050733566 -0.0016827825456857681
v -0.026259770616889 -0.10430045425891876 -0.0015805438160896301
v 0.009994583204388618 -0.14928975701332092 0.0017419643700122833
v 0.009770635515451431 -0.1475624144077301 0.0008676648139953613
v 0.010522175580263138 -0.14920397102832794 -0.00043285731226205826
v 0.010561654344201088 -0.15043863654136658 0.0008072145283222198
v 0.017748001962900162 -0.1492917835712433 0.002537136897444725
v 0.017528381198644638 -0.15033993124961853 0.001273403875529766
v 0.01788511499762535 -0.14865677058696747 0.00041759200394153595
v 0.01794039085507393 -0.14693577587604523 0.002075372263789177
v 0.012586282566189766 -0.15137319266796112 0.0011151740327477455
v 0.012003345414996147 -0.14926789700984955 0.0026409830898046494
v 0.012977637350559235 -0.14974291622638702 -0.0006384290754795074
v 0.015277309343218803 -0.14926524460315704 0.0027989093214273453
v 0.015541139990091324 -0.15101642906665802 0.0011911699548363686
v 0.015759218484163284 -0.14947912096977234 -0.00044094305485486984
v 0.00865870714187622 -0.12711022794246674 -0.0012913718819618225
v 0.00861656479537487 -0.1292959749698639 -0.0022991131991147995
v 0.011930398643016815 -0.12926191091537476 -0.0015153326094150543
v 0.011381862685084343 -0.12678177654743195 -0.0009475918486714363
v 0.011102152988314629 -0.124539315700531 -0.0010401876643300056
v 0.00804034061729908 -0.12520618736743927 -0.00196131132543087
v 0.017538217827677727 -0.12549662590026855 -0.0018892288208007812
v 0.014917604625225067 -0.12460646778345108 -0.0009801797568798065
v 0.014988524839282036 -0.12695422768592834 -0.0012160688638687134
v 0.01817922666668892 -0.12733353674411774 -0.0029980558902025223
v 0.009273950010538101 -0.12509366869926453 -0.0029285475611686707
v 0.01134231686592102 -0.12462296336889267 -0.002589089795947075
v 0.011285023763775826 -0.12535472214221954 -0.00437160674482584
v 0.009310269728302956 -0.1254877895116806 -0.0039811087772250175
v 0.007490772753953934 -0.12615716457366943 -0.004222218878567219
v 0.015035880729556084 -0.12952229380607605 -0.0017580436542630196
v 0.01751847192645073 -0.1301208734512329 -0.0032912027090787888
v 0.01610255427658558 -0.13003036379814148 -0.005436569452285767
v 0.016663862392306328 -0.12721318006515503 -0.005911405198276043
v 0.01643720455467701 -0.12558506429195404 -0.003952971659600735
v 0.016566362231969833 -0.12493159621953964 -0.0027751782909035683
v 0.014263434335589409 -0.1245432123541832 -0.0024958867579698563
v 0.013874530792236328 -0.1254720240831375 -0.004216902889311314
v 0.010213537141680717 -0.12473840266466141 -0.006239177659153938
v 0.015830419957637787 -0.12561926245689392 -0.005404604598879814
v 0.013590071350336075 -0.12500827014446259 -0.006138256751000881
v 0.01354309730231762 -0.12696489691734314 -0.007122507318854332
v 0.01024218276143074 -0.1272851824760437 -0.006641511805355549
v 0.010657183825969696 -0.1300201117992401 -0.005850578658282757
v 0.008705930784344673 -0.1300545036792755 -0.0043337298557162285
v 0.00832420401275158 -0.1279139369726181 -0.0051277801394462585
v 0.013389384374022484 -0.1298546940088272 -0.006263477727770805
v 0.013329535722732544 -0.1328652948141098 -0.005795973353087902
v 0.010751189664006233 -0.1328367441892624 -0.005316861905157566
v 0.01587616093456745 -0.13285335898399353 -0.005006694234907627
v 0.015768609941005707 -0.13572122156620026 -0.004605223424732685
v 0.01331404224038124 -0.13585379719734192 -0.005336209200322628
v 0.01738884113729 -0.1326780915260315 -0.0033143218606710434
v 0.017185624688863754 -0.1353769451379776 -0.0031414320692420006
v 0.01717154122889042 -0.13814781606197357 -0.002765487879514694
v 0.01570369303226471 -0.1386100798845291 -0.0040930090472102165
v 0.015128735452890396 -0.13219772279262543 -0.002261059358716011
v 0.015434065833687782 -0.13497890532016754 -0.002122066915035248
v 0.015604598447680473 -0.13771559298038483 -0.0018583983182907104
v 0.015793129801750183 -0.1403098702430725 -0.0013285912573337555
v 0.017108973115682602 -0.14089077711105347 -0.002241792157292366
v 0.013061247766017914 -0.13483279943466187 -0.0015754830092191696
v 0.013379406183958054 -0.13744570314884186 -0.0011316342279314995
v 0.013679031282663345 -0.1399671584367752 -0.0006451345980167389
v 0.014030028134584427 -0.14249588549137115 -0.0000546090304851532
v 0.016211876645684242 -0.14270010590553284 -0.0004856325685977936
v 0.010977748781442642 -0.13773877918720245 -0.001865229569375515
v 0.011412197723984718 -0.1402897983789444 -0.001289190724492073
v 0.01173618994653225 -0.14273372292518616 -0.0004961984232068062
v 0.011886756867170334 -0.14495567977428436 0.0005064932629466057
v 0.014458980411291122 -0.14483419060707092 0.0008222032338380814
v 0.009967293590307236 -0.14084169268608093 -0.0022220388054847717
v 0.01023300364613533 -0.14329363405704498 -0.0013873530551791191
v 0.010249236598610878 -0.1455596387386322 -0.0003710174933075905
v 0.011789582669734955 -0.14677345752716064 0.0018563931807875633
v 0.011065220460295677 -0.14413808286190033 -0.0025673555210232735
v 0.010992193594574928 -0.14668262004852295 -0.0014457236975431442
v 0.01327691413462162 -0.14455825090408325 -0.002995743416249752
v 0.01317950151860714 -0.1472329944372177 -0.0018746629357337952
v 0.015613079071044922 -0.1443314254283905 -0.0026210080832242966
v 0.015669265761971474 -0.14696478843688965 -0.0015732627362012863
v 0.017120828852057457 -0.14348457753658295 -0.0015142327174544334
v 0.01737576723098755 -0.1460072547197342 -0.0005563991144299507
v 0.016782399266958237 -0.1450049877166748 0.0005028713494539261
v 0.014925554394721985 -0.14680828154087067 0.002051517367362976
v 0.01565348170697689 -0.14150947332382202 -0.003453705459833145
v 0.013309584930539131 -0.1417195051908493 -0.003948437049984932
v 0.013323886319994926 -0.13881416618824005 -0.00473596528172493
v 0.011072833091020584 -0.14140477776527405 -0.003453059121966362
v 0.010987618938088417 -0.1385725885629654 -0.004180897027254105
v 0.01085715927183628 -0.13570411503314972 -0.004775512032210827
v 0.009566126391291618 -0.13819289207458496 -0.002851833589375019
v 0.009262872859835625 -0.1354590505361557 -0.003260154277086258
v 0.008953796699643135 -0.13277387619018555 -0.0037486283108592033
v 0.01042686216533184 -0.13508601486682892 -0.002007588744163513
v 0.009822860360145569 -0.13241127133369446 -0.0021504899486899376
v 0.01260320283472538 -0.13204047083854675 -0.0017639640718698502
v -0.012361137196421623 -0.13967770338058472 0.0022964105010032654
v -0.012186940759420395 -0.13775961101055145 0.0016131997108459473
v -0.012002496980130672 -0.13939763605594635 0.00023321807384490967
v -0.012009087949991226 -0.14074653387069702 0.001172507181763649
v -0.004654472228139639 -0.14147737622261047 0.002010047435760498
v -0.005457885097712278 -0.14204007387161255 0.0008734399452805519
v -0.005210420582443476 -0.1406654715538025 -0.00004082638770341873
v -0.00442747725173831 -0.13934551179409027 0.0014381520450115204
v -0.010052173398435116 -0.14044612646102905 -0.0003031250089406967
v -0.010191540233790874 -0.1419299691915512 0.0011781435459852219
v -0.010049128904938698 -0.14024585485458374 0.0028269272297620773
v -0.006919955834746361 -0.1410568654537201 0.0027053728699684143
v -0.0074669113382697105 -0.1424579918384552 0.0010360265150666237
v -0.007577663287520409 -0.14075995981693268 -0.0003330335021018982
v -0.004239385016262531 -0.1210474893450737 -0.003612891770899296
v -0.004721385892480612 -0.12332520633935928 -0.003751310519874096
v -0.004908078350126743 -0.12371348589658737 -0.005545135587453842
v -0.00424458971247077 -0.12121966481208801 -0.005900999531149864
v -0.0061568692326545715 -0.12000849097967148 -0.002467205747961998
v -0.006656810641288757 -0.12240931391716003 -0.0026468615978956223
v -0.0036313869059085846 -0.11827344447374344 -0.005918520502746105
v -0.0033054896630346775 -0.11844301223754883 -0.0032695867121219635
v -0.005480831488966942 -0.11762522906064987 -0.0024007651954889297
v -0.010442115366458893 -0.11614172905683517 -0.003517662174999714
v -0.01172754354774952 -0.11647346615791321 -0.002454823814332485
v -0.008342547342181206 -0.1165253296494484 -0.0018533505499362946
v -0.008091752417385578 -0.1156962513923645 -0.003331350162625313
v -0.008154135197401047 -0.11707253754138947 -0.004672248847782612
v -0.01079478207975626 -0.11713084578514099 -0.004759734496474266
v -0.01295039989054203 -0.11745138466358185 -0.004862028174102306
v -0.005247240886092186 -0.11678220331668854 -0.004166147671639919
v -0.005595625843852758 -0.1159665584564209 -0.0031219664961099625
v -0.005420946981757879 -0.1176288053393364 -0.005510545335710049
v -0.007891242392361164 -0.1175139769911766 -0.006400255486369133
v -0.010321729816496372 -0.11739402264356613 -0.006212741136550903
v -0.01140732690691948 -0.1178203821182251 -0.007296976633369923
v -0.007420950569212437 -0.11793075501918793 -0.008093921467661858
v -0.007512502837926149 -0.12077558785676956 -0.007323276251554489
v -0.010897955857217312 -0.12040989845991135 -0.006867541931569576
v -0.010417457669973373 -0.1231161430478096 -0.006301914341747761
v -0.012247991748154163 -0.12255118042230606 -0.004674553871154785
v -0.012796839699149132 -0.11996034532785416 -0.004757565446197987
v -0.007528452202677727 -0.12345215678215027 -0.0065658194944262505
v -0.007463912945240736 -0.1260981410741806 -0.005910755135118961
v -0.010161027312278748 -0.1258103847503662 -0.0057383943349123
v -0.004987815860658884 -0.12615452706813812 -0.0049725547432899475
v -0.005228914320468903 -0.12866100668907166 -0.004447301849722862
v -0.007503233850002289 -0.12873421609401703 -0.00530390627682209
v -0.004813688341528177 -0.12566740810871124 -0.0034871799871325493
v -0.005032098852097988 -0.12811295688152313 -0.003093559294939041
v -0.005318114999681711 -0.130574032664299 -0.0026187971234321594
v -0.005465167574584484 -0.1311979591846466 -0.0038450490683317184
v -0.006886832881718874 -0.12495902925729752 -0.0026055527850985527
v -0.006929405964910984 -0.12747898697853088 -0.0022819004952907562
v -0.006971508264541626 -0.12988649308681488 -0.0017706993967294693
v -0.007066446356475353 -0.13222409784793854 -0.0011151013895869255
v -0.0054627228528261185 -0.1329202502965927 -0.0019143195822834969
v -0.009112905710935593 -0.12718689441680908 -0.002145846374332905
v -0.009133134968578815 -0.12958428263664246 -0.0016204249113798141
v -0.009137202985584736 -0.13188289105892181 -0.0009535755962133408
v -0.009251671843230724 -0.13408046960830688 -0.00011408515274524689
v -0.007123988121747971 -0.13454250991344452 -0.0003566816449165344
v -0.011137265712022781 -0.12978506088256836 -0.0022468436509370804
v -0.011121432296931744 -0.13206151127815247 -0.0015171924605965614
v -0.011224095709621906 -0.13415460288524628 -0.0006348192691802979
v -0.011522464454174042 -0.136063352227211 0.0003921268507838249
v -0.009446484036743641 -0.13615785539150238 0.0008311625570058823
v -0.0115393390879035 -0.1328359842300415 -0.0026687858626246452
v -0.011556793004274368 -0.13515619933605194 -0.0017898892983794212
v -0.011642678640782833 -0.13732878863811493 -0.0007724594324827194
v -0.009850384667515755 -0.13604962825775146 -0.0025484850630164146
v -0.009853056631982327 -0.1383032500743866 -0.00141212809830904
v -0.007599055301398039 -0.13634051382541656 -0.002624434418976307
v -0.007580860983580351 -0.13866232335567474 -0.0014867642894387245
v -0.005594176240265369 -0.1360907107591629 -0.0021403729915618896
v -0.005500394850969315 -0.13837994635105133 -0.0010605333372950554
v -0.0054026441648602486 -0.13514383137226105 -0.0010000374168157578
v -0.005171966273337603 -0.13726890087127686 0.00007813144475221634
v -0.007033946458250284 -0.13665121793746948 0.0006920564919710159
v -0.006752029061317444 -0.1384555548429489 0.0021094512194395065
v -0.009728974662721157 -0.13786156475543976 0.0021435879170894623
v -0.005562349688261747 -0.13370281457901 -0.0030916426330804825
v -0.007610023487359285 -0.1338953673839569 -0.003659353591501713
v -0.007576125208288431 -0.13133515417575836 -0.00453861802816391
v -0.009898141957819462 -0.13363075256347656 -0.0035775210708379745
v -0.009948020800948143 -0.13108906149864197 -0.0044571394100785255
v -0.010023015551269054 -0.12845954298973083 -0.005151716060936451
v -0.01161893829703331 -0.1303810179233551 -0.003402980975806713
v -0.011760164983570576 -0.12780512869358063 -0.003940817900002003
v -0.011971934698522091 -0.1251891851425171 -0.004393411800265312
v -0.011271506547927856 -0.12727750837802887 -0.0026939064264297485
v -0.011256362311542034 -0.12470696121454239 -0.003110111691057682
v -0.01117748487740755 -0.12206243723630905 -0.003255086950957775
v -0.00905586313456297 -0.12460991740226746 -0.002448304556310177
v -0.00888573843985796 -0.12189175933599472 -0.002497415989637375
v -0.008653931319713593 -0.11915669590234756 -0.002219853922724724
v -0.011470304802060127 -0.11937791854143143 -0.00269392691552639
v 0.03165890648961067 -0.12213660031557083 -0.006231923587620258
v 0.030900221318006516 -0.12040938436985016 -0.006334028206765652
v 0.03154405206441879 -0.12074024230241776 -0.007326974533498287
v 0.03203756362199783 -0.1222274973988533 -0.0073633575811982155
v 0.032041583210229874 -0.12323196977376938 -0.005241286009550095
v 0.031482819467782974 -0.11978015303611755 -0.005124885588884354
v 0.03275972604751587 -0.12408389896154404 -0.00735161267220974
v 0.038077447563409805 -0.1170007735490799 -0.004837187007069588
v 0.03852048143744469 -0.11893503367900848 -0.004106009379029274
v 0.03973562642931938 -0.11869388073682785 -0.004954828880727291
v 0.03936954215168953 -0.11708088964223862 -0.005797192454338074
v 0.03619858995079994 -0.11619493365287781 -0.005621816962957382
v 0.03614882379770279 -0.11921507120132446 -0.004888047464191914
v 0.037930116057395935 -0.11499790102243423 -0.006350573152303696
v 0.039028752595186234 -0.12182345241308212 -0.004729308187961578
v 0.03971661254763603 -0.12027539312839508 -0.005456672050058842
v 0.03945447504520416 -0.12020257115364075 -0.006592221558094025
v 0.039095956832170486 -0.1226736307144165 -0.006882049143314362
v 0.03063851222395897 -0.11781907826662064 -0.007463082671165466
v 0.031630922108888626 -0.11893709748983383 -0.008729607798159122
v 0.03229533135890961 -0.1213180273771286 -0.008497062139213085
v 0.033658068627119064 -0.11673606187105179 -0.006163464859127998
v 0.033770602196455 -0.11947353929281235 -0.005074572749435902
v 0.035260748118162155 -0.11288033425807953 -0.006073601543903351
v 0.03307805582880974 -0.11353513598442078 -0.006509867496788502
v 0.034750550985336304 -0.12295761704444885 -0.008387208916246891
v 0.03470408543944359 -0.12385906279087067 -0.006967856548726559
v 0.03337515518069267 -0.1222572848200798 -0.008937914855778217
v 0.03426990658044815 -0.11878577619791031 -0.009487826377153397
v 0.03609820827841759 -0.12181603163480759 -0.008698399178683758
v 0.03678020089864731 -0.12324850261211395 -0.006932917051017284
v 0.03925207257270813 -0.11929799616336823 -0.007873478345572948
v 0.03825698792934418 -0.12085238099098206 -0.008855845779180527
v 0.03931759297847748 -0.11716732382774353 -0.007122967392206192
v 0.03867647051811218 -0.11514507234096527 -0.007531031966209412
v 0.0383465476334095 -0.11627402901649475 -0.008740006946027279
v 0.031080126762390137 -0.11501109600067139 -0.009607227519154549
v 0.0332845039665699 -0.1147877424955368 -0.010385875590145588
v 0.035623837262392044 -0.11395684629678726 -0.010221991688013077
v 0.03670821711421013 -0.11725615710020065 -0.00954859796911478
v 0.023535680025815964 -0.0908726379275322 -0.005852977745234966
v 0.022223174571990967 -0.09029430150985718 -0.007935897447168827
v 0.023449376225471497 -0.09317978471517563 -0.008522146381437778
v 0.02483779564499855 -0.09287343919277191 -0.006735173985362053
v 0.027343299239873886 -0.09157946705818176 -0.006019146181643009
v 0.02561439946293831 -0.08847688883543015 -0.0053236400708556175
v 0.02487419918179512 -0.08745814114809036 -0.007727759890258312
v 0.02521207556128502 -0.08771168440580368 -0.008816205896437168
v 0.023983534425497055 -0.08754796534776688 -0.00991903431713581
v 0.02309979870915413 -0.08751221746206284 -0.007530083879828453
v 0.026676833629608154 -0.08718923479318619 -0.00687621021643281
v 0.02711564674973488 -0.08758175373077393 -0.008717270568013191
v 0.031284116208553314 -0.08586431294679642 -0.007727606222033501
v 0.029512867331504822 -0.0867682471871376 -0.008158750832080841
v 0.02945670858025551 -0.08624646812677383 -0.006225803401321173
v 0.032130297273397446 -0.08549024164676666 -0.006479435600340366
v 0.02685312181711197 -0.08744325488805771 -0.01071651466190815
v 0.03364642336964607 -0.08492541313171387 -0.007706937380135059
v 0.0336943119764328 -0.08709736168384552 -0.005195533856749535
v 0.03547297790646553 -0.08666311204433441 -0.007712787948548794
v 0.03402332961559296 -0.08662716299295425 -0.010467763990163803
v 0.03223906084895134 -0.08492054790258408 -0.009193104691803455
v 0.03062886744737625 -0.08770810067653656 -0.011730668134987354
v 0.029783710837364197 -0.0863625705242157 -0.010275257751345634
v 0.026831097900867462 -0.0887492224574089 -0.01209928747266531
v 0.027534492313861847 -0.09169931709766388 -0.012305579148232937
v 0.02450786903500557 -0.0926637053489685 -0.01095686387270689
v 0.023301266133785248 -0.08965158462524414 -0.010905607603490353
v 0.031242672353982925 -0.0908089429140091 -0.011894169263541698
v 0.0316605269908905 -0.09406616538763046 -0.011879745870828629
v 0.0284537672996521 -0.09477740526199341 -0.012200484983623028
v 0.03438074141740799 -0.09026354551315308 -0.01046037022024393
v 0.03435196354985237 -0.09371141344308853 -0.010351787321269512
v 0.03452018275856972 -0.09698861092329025 -0.010252789594233036
v 0.03215289115905762 -0.09737114608287811 -0.011713270097970963
v 0.03573887422680855 -0.09024161100387573 -0.007966251112520695
v 0.035690099000930786 -0.093618243932724 -0.008127645589411259
v 0.03577059879899025 -0.09684056788682938 -0.008302365429699421
v 0.036096639931201935 -0.10005517303943634 -0.00847038347274065
v 0.03497618809342384 -0.10025493800640106 -0.010216361843049526
v 0.03411861136555672 -0.09378208220005035 -0.006374889053404331
v 0.03457801416516304 -0.09700120240449905 -0.006876650266349316
v 0.035051923245191574 -0.10020788013935089 -0.007221785373985767
v 0.035485487431287766 -0.10338110476732254 -0.007433160208165646
v 0.03654639795422554 -0.1032601073384285 -0.008531829342246056
v 0.03206069394946098 -0.09737507998943329 -0.0064862556755542755
v 0.03274040296673775 -0.10053326934576035 -0.006840157322585583
v 0.03334109112620354 -0.10364127904176712 -0.00691246148198843
v 0.033954866230487823 -0.10668931156396866 -0.006654239259660244
v 0.03592228144407272 -0.10650444030761719 -0.007448823191225529
v 0.030228566378355026 -0.1010066419839859 -0.007320767268538475
v 0.030964717268943787 -0.1041184514760971 -0.00734017975628376
v 0.03164905309677124 -0.10722336173057556 -0.007125034928321838
v 0.032370056957006454 -0.11035524308681488 -0.006861843168735504
v 0.034575723111629486 -0.1097673550248146 -0.006450501270592213
v 0.02890753373503685 -0.10468306392431259 -0.008054746314883232
v 0.029662292450666428 -0.10781204700469971 -0.00789454486221075
v 0.030461464077234268 -0.11094290018081665 -0.007733602076768875
v 0.031156376004219055 -0.11406790465116501 -0.007303581573069096
v 0.02870803326368332 -0.10819651186466217 -0.00905117578804493
v 0.029315806925296783 -0.11142901331186295 -0.00878426805138588
v 0.030118990689516068 -0.11463868618011475 -0.008298774249851704
v 0.031698502600193024 -0.1171322837471962 -0.006679989397525787
v 0.030344359576702118 -0.11158102005720139 -0.010159075260162354
v 0.029632315039634705 -0.10826408863067627 -0.010535813868045807
v 0.031732868403196335 -0.10800059139728546 -0.011451486498117447
v 0.03244918957352638 -0.11138616502285004 -0.011039999313652515
v 0.034168291836977005 -0.10742472857236862 -0.011155858635902405
v 0.03483803570270538 -0.11073237657546997 -0.010753855109214783
v 0.036051489412784576 -0.10681873559951782 -0.009896834380924702
v 0.036627814173698425 -0.11002367734909058 -0.00958099216222763
v 0.03724626451730728 -0.11310496181249619 -0.009143279865384102
v 0.0375325083732605 -0.10957071185112 -0.008271662518382072
v 0.03802568465471268 -0.11249950528144836 -0.00793452188372612
v 0.03640206530690193 -0.10954580456018448 -0.007273340597748756
v 0.037018608301877975 -0.11245518922805786 -0.0068312743678689
v 0.037067387253046036 -0.10645010322332382 -0.008478623814880848
v 0.0354887917637825 -0.10354197025299072 -0.010107360780239105
v 0.03348343446850777 -0.10406339913606644 -0.011411099694669247
v 0.03280547261238098 -0.1007039025425911 -0.011585115455091
v 0.030998636037111282 -0.10461939126253128 -0.011712184175848961
v 0.030198320746421814 -0.1012721061706543 -0.011873273178935051
v 0.02934654802083969 -0.09798242896795273 -0.012058992870151997
v 0.028036601841449738 -0.10173305869102478 -0.010874230414628983
v 0.027089737355709076 -0.09856650233268738 -0.010933361947536469
v 0.025890063494443893 -0.09555782377719879 -0.010974185541272163
v 0.026077378541231155 -0.09887506067752838 -0.00917776208370924
v 0.02488088607788086 -0.09596644341945648 -0.008966980502009392
v 0.027149949222803116 -0.09853679686784744 -0.007822385057806969
v 0.026099275797605515 -0.09557119011878967 -0.007452179677784443
v 0.02942565456032753 -0.09785281121730804 -0.007052063941955566
v 0.028483081609010696 -0.09464705735445023 -0.0067015597596764565
v 0.03126801550388336 -0.09414555877447128 -0.005991426296532154
v 0.030517295002937317 -0.09096129238605499 -0.005061836913228035
v 0.03380821272730827 -0.09054988622665405 -0.005737919360399246
v 0.029839321970939636 -0.087559275329113 -0.00429969746619463
v 0.028099425137043 -0.10157573968172073 -0.008078303188085556
v 0.02704276517033577 -0.10192887485027313 -0.009261406026780605
v 0.02793533354997635 -0.1050531193614006 -0.009210588410496712
v 0.028865113854408264 -0.1049841046333313 -0.010767516680061817
v 0.036550793796777725 -0.12188930064439774 -0.005263877101242542
v 0.034335386008024216 -0.12258913367986679 -0.005108769983053207
v -0.023666346445679665 -0.10148430615663528 -0.0033184560015797615
v -0.02552545815706253 -0.10144474357366562 -0.002724199555814266
v -0.025701723992824554 -0.10279619693756104 -0.004467036575078964
v -0.02388361468911171 -0.1020633727312088 -0.004794461652636528
v -0.023055991157889366 -0.09935013949871063 -0.003574976697564125
v -0.02509216219186783 -0.09869909286499023 -0.0032699760049581528
v -0.023339053615927696 -0.09993786364793777 -0.005333776585757732
v -0.030496977269649506 -0.0996982604265213 -0.0038318373262882233
v -0.030166784301400185 -0.09727852791547775 -0.003973202779889107
v -0.02988632209599018 -0.09815331548452377 -0.005656689405441284
v -0.030034035444259644 -0.1006433293223381 -0.0053085871040821075
v -0.025714486837387085 -0.10238832980394363 -0.0057819620706140995
v -0.028049882501363754 -0.10205665230751038 -0.004756723530590534
v -0.027088887989521027 -0.10146354138851166 -0.006132606882601976
v -0.02537364326417446 -0.10022542625665665 -0.006699907593429089
v -0.024601571261882782 -0.10208537429571152 -0.0060997288674116135
v -0.0290839783847332 -0.10085930675268173 -0.006624632515013218
v -0.02856195718050003 -0.09904137253761292 -0.007063727825880051
v -0.02520008012652397 -0.09723378717899323 -0.007324199192225933
v -0.023135323077440262 -0.09733685851097107 -0.006086441688239574
v -0.018536124378442764 -0.07533444464206696 -0.0034213727340102196
v -0.0203135646879673 -0.07353430241346359 -0.0033097313717007637
v -0.02193288505077362 -0.07547423243522644 -0.0038584694266319275
v -0.019951635971665382 -0.07704233378171921 -0.00414853822439909
v -0.01793225109577179 -0.07811006903648376 -0.005248295143246651
v -0.016656190156936646 -0.07542731612920761 -0.0045878831297159195
v -0.017849471420049667 -0.07178758829832077 -0.003926292061805725
v -0.022740080952644348 -0.07728756964206696 -0.004320872947573662
v -0.02456202358007431 -0.07700066268444061 -0.004606855101883411
v -0.024538956582546234 -0.07952775806188583 -0.005070525221526623
v -0.02163606695830822 -0.07961922138929367 -0.004839004948735237
v -0.024379318580031395 -0.0746525451540947 -0.003920461982488632
v -0.023652564734220505 -0.07222677767276764 -0.00308879092335701
v -0.017171598970890045 -0.0722212940454483 -0.007296246476471424
v -0.01870906725525856 -0.07203855365514755 -0.006674474570900202
v -0.019188741222023964 -0.07156763225793839 -0.005373591557145119
v -0.016905702650547028 -0.07521571964025497 -0.007755945902317762
v -0.021566353738307953 -0.07097455114126205 -0.005196084268391132
v -0.022297725081443787 -0.06997062265872955 -0.0033774813637137413
v -0.02081334963440895 -0.07186303287744522 -0.006855540908873081
v -0.028010841459035873 -0.07123832404613495 -0.006204294040799141
v -0.027714118361473083 -0.0734800323843956 -0.007140657398849726
v -0.02684427611529827 -0.0741160586476326 -0.005082970485091209
v -0.027038002386689186 -0.07146816700696945 -0.004116496071219444
v -0.02558337152004242 -0.06925152987241745 -0.004529453814029694
v -0.026716001331806183 -0.06966517865657806 -0.006949659436941147
v -0.022750740870833397 -0.07119116932153702 -0.0068047987297177315
v -0.023378755897283554 -0.0710606649518013 -0.008124498650431633
v -0.024747170507907867 -0.06997877359390259 -0.006944921333342791
v -0.023833580315113068 -0.07023264467716217 -0.005665488541126251
v -0.020438779145479202 -0.07225388288497925 -0.008504262194037437
v -0.025343382731080055 -0.07251212745904922 -0.009169809520244598
v -0.020717240869998932 -0.07423582673072815 -0.009507996030151844
v -0.018312467262148857 -0.0780421644449234 -0.007727508433163166
v -0.021409019827842712 -0.07714131474494934 -0.0094804298132658
v -0.0251697339117527 -0.07628525793552399 -0.009276291355490685
v -0.0195268914103508 -0.08071719110012054 -0.00774929067119956
v -0.022082891315221786 -0.08001166582107544 -0.009351173415780067
v -0.025194864720106125 -0.07932793349027634 -0.009204026311635971
v -0.027175024151802063 -0.0789998471736908 -0.007628060877323151
v -0.027312204241752625 -0.0762537345290184 -0.007473896723240614
v -0.02273283526301384 -0.08293115347623825 -0.009143874049186707
v -0.025445787236094475 -0.08228617161512375 -0.009019716642796993
v -0.027344251051545143 -0.08178962767124176 -0.0076587023213505745
v -0.027085524052381516 -0.08179502189159393 -0.006119280122220516
v -0.026848599314689636 -0.07915762066841125 -0.005957659799605608
v -0.025845782831311226 -0.08519290387630463 -0.008793618530035019
v -0.027606898918747902 -0.08462512493133545 -0.007564834784716368
v -0.027328908443450928 -0.08452127873897552 -0.00616286089643836
v -0.02522859536111355 -0.08484987169504166 -0.005245564505457878
v -0.02481035888195038 -0.08218485116958618 -0.005306347273290157
v -0.027964353561401367 -0.08744793385267258 -0.00739076966419816
v -0.0276163462549448 -0.08726704865694046 -0.006048322189599276
v -0.025615500286221504 -0.08755587786436081 -0.005177374929189682
v -0.02329893782734871 -0.08816633373498917 -0.005153641104698181
v -0.02268999069929123 -0.08549390733242035 -0.005243302322924137
v -0.02803047187626362 -0.08991935849189758 -0.00570303201675415
v -0.026051312685012817 -0.09024572372436523 -0.004913041368126869
v -0.02380508929491043 -0.09084536880254745 -0.004877004772424698
v -0.022142529487609863 -0.09153887629508972 -0.005655169486999512
v -0.0214415080845356 -0.08888838440179825 -0.00583257433027029
v -0.026497993618249893 -0.09295568615198135 -0.004625534638762474
v -0.024262618273496628 -0.09356929361820221 -0.004540611058473587
v -0.022678764536976814 -0.09416797757148743 -0.005255676805973053
v -0.022921007126569748 -0.09455002844333649 -0.006648287642747164
v -0.022396035492420197 -0.09180886298418045 -0.007049025967717171
v -0.02476993203163147 -0.09632381051778793 -0.004349330440163612
v -0.02303064987063408 -0.09677576273679733 -0.0046397969126701355
v -0.02708837017416954 -0.09565407037734985 -0.004404151812195778
v -0.027762332931160927 -0.09797406941652298 -0.0036328909918665886
v -0.02911360003054142 -0.09503086656332016 -0.004910893738269806
v -0.028276782482862473 -0.10045557469129562 -0.0032549891620874405
v -0.028496643528342247 -0.09249720722436905 -0.005334323272109032
v -0.02879217267036438 -0.09287677705287933 -0.006688007153570652
v -0.029401620849967003 -0.09552215039730072 -0.006255789659917355
v -0.027253562584519386 -0.09366138279438019 -0.007773910649120808
v -0.02792007103562355 -0.0963810458779335 -0.007408802397549152
v -0.024830659851431847 -0.0943860188126564 -0.007795315235853195
v -0.026747046038508415 -0.09089700877666473 -0.00818085391074419
v -0.0243481807410717 -0.09157425910234451 -0.008250265382230282
v -0.026277251541614532 -0.08806315809488297 -0.008505187928676605
v -0.02385987713932991 -0.08870593458414078 -0.008575420826673508
v -0.0218043252825737 -0.08904628455638885 -0.007371779065579176
v -0.023296482861042023 -0.08585134893655777 -0.008892909623682499
v -0.0211566761136055 -0.08626189827919006 -0.007607181556522846
v -0.020709998905658722 -0.08619928359985352 -0.005882891360670328
v -0.020464353263378143 -0.0834503024816513 -0.007747621275484562
v -0.019966252148151398 -0.08353085070848465 -0.005806569010019302
v -0.02213147282600403 -0.08278416097164154 -0.005211818031966686
v -0.01904992014169693 -0.08086568862199783 -0.005543906707316637
v -0.02837432362139225 -0.09020437300205231 -0.00708824023604393
v -0.026904558762907982 -0.07660567760467529 -0.0055646225810050964
v 0.007767492905259132 -0.12209922820329666 -0.003051423467695713
v 0.007418500259518623 -0.11903411895036697 -0.003765614703297615
v 0.007657945156097412 -0.12005113065242767 -0.0054862722754478455
v 0.008279206231236458 -0.12326283007860184 -0.0047391243278980255
v 0.01021658256649971 -0.12522843480110168 -0.003963851369917393
v 0.010069776326417923 -0.12222833931446075 -0.001927817240357399
v 0.016548151150345802 -0.12276417016983032 -0.00395603571087122
v 0.01637173444032669 -0.124723419547081 -0.00321273785084486
v 0.01593107357621193 -0.12420392036437988 -0.005857902579009533
v 0.016282664611935616 -0.12242297828197479 -0.00502040795981884
v 0.016895681619644165 -0.11989817023277283 -0.0051226140931248665
v 0.01701446808874607 -0.1213068962097168 -0.0036338400095701218
v 0.01648225262761116 -0.1212410107254982 -0.001989370211958885
v 0.015846282243728638 -0.11856266111135483 -0.0037681441754102707
v 0.015670975670218468 -0.120780348777771 -0.006826438009738922
v 0.008932188153266907 -0.12316575646400452 -0.006408392451703548
v 0.00897081196308136 -0.1206035166978836 -0.006906877271831036
v 0.011062799021601677 -0.1210789605975151 -0.007473058067262173
v 0.010768910869956017 -0.12431890517473221 -0.006562708877027035
v 0.015364713966846466 -0.11727745085954666 -0.007399430498480797
v 0.01633550226688385 -0.1164606511592865 -0.005967716686427593
v 0.015264857560396194 -0.11589974910020828 -0.004871455021202564
v 0.004924017935991287 -0.08448189496994019 -0.004697786644101143
v 0.005055258050560951 -0.08759407699108124 -0.0051450785249471664
v 0.008545419201254845 -0.08740578591823578 -0.004958890378475189
v 0.008207211270928383 -0.08402448147535324 -0.004608318209648132
v 0.003925194963812828 -0.08378563821315765 -0.007299166638404131
v 0.0034241322427988052 -0.087352454662323 -0.007643811870366335
v 0.014333542436361313 -0.08273547887802124 -0.0054473006166517735
v 0.011751864105463028 -0.0826137438416481 -0.005435680504888296
v 0.012011213228106499 -0.08466207981109619 -0.004405969753861427
v 0.015344219282269478 -0.08467021584510803 -0.004884127527475357
v 0.016203735023736954 -0.0843849927186966 -0.007626999169588089
v 0.014169573783874512 -0.08270324021577835 -0.007545506581664085
v 0.006780661642551422 -0.08357028663158417 -0.007186681963503361
v 0.008952274918556213 -0.08385312557220459 -0.007559178397059441
v 0.008524244651198387 -0.08449461311101913 -0.009947629645466805
v 0.006522905081510544 -0.08414889872074127 -0.009302244521677494
v 0.0045528719201684 -0.08411725610494614 -0.010506223887205124
v 0.007812732830643654 -0.08475188165903091 -0.011951817199587822
v 0.013653995469212532 -0.08324524760246277 -0.009565928019583225
v 0.015326820313930511 -0.08400275558233261 -0.010612708516418934
v 0.011797646060585976 -0.08460063487291336 -0.011953351087868214
v 0.011413764208555222 -0.08423886448144913 -0.010014423169195652
v 0.011445067822933197 -0.08355569839477539 -0.007642443757504225
v 0.009408893063664436 -0.08303595334291458 -0.00567999854683876
v 0.012141257524490356 -0.08754449337720871 -0.012451793067157269
v 0.007820531725883484 -0.08765116333961487 -0.012329607270658016
v 0.01595020480453968 -0.0875110775232315 -0.010967392474412918
v 0.015133356675505638 -0.09090862423181534 -0.010694517754018307
v 0.012040698900818825 -0.09082304686307907 -0.012172003276646137
v 0.01673102378845215 -0.08763152360916138 -0.007860448211431503
v 0.015968941152095795 -0.09080536663532257 -0.008153148926794529
v 0.01559380255639553 -0.09401807934045792 -0.008259805850684643
v 0.014606274664402008 -0.09416194260120392 -0.01045884657651186
v 0.015358136966824532 -0.08783750981092453 -0.005260249599814415
v 0.014860270544886589 -0.09081154316663742 -0.006018389016389847
v 0.014665091410279274 -0.09391240775585175 -0.00641256058588624
v 0.014576779678463936 -0.09708499163389206 -0.006614150479435921
v 0.015379589051008224 -0.0972542017698288 -0.0081915482878685
v 0.01203797198832035 -0.09062569588422775 -0.005396340042352676
v 0.012069636955857277 -0.09376636147499084 -0.006015765480697155
v 0.012185990810394287 -0.09701564162969589 -0.006273389793932438
v 0.012281293049454689 -0.10026615858078003 -0.006445072591304779
v 0.01460806280374527 -0.10031335800886154 -0.006582516245543957
v 0.00926145352423191 -0.09376493841409683 -0.006212035194039345
v 0.00948520191013813 -0.0970359593629837 -0.00648841354995966
v 0.009662706404924393 -0.10026289522647858 -0.006544011645019054
v 0.00978473573923111 -0.10345146059989929 -0.00648344773799181
v 0.012340107932686806 -0.10349881649017334 -0.006346631795167923
v 0.006973177194595337 -0.09722569584846497 -0.006693879142403603
v 0.007253482937812805 -0.1004013866186142 -0.006735752336680889
v 0.007490865886211395 -0.10355208814144135 -0.006593009456992149
v 0.007672784850001335 -0.10671491920948029 -0.006338473409414291
v 0.009868143126368523 -0.1066233366727829 -0.0061265090480446815
v 0.006318410858511925 -0.10063037276268005 -0.008106004446744919
v 0.006646730005741119 -0.10386986285448074 -0.007956731133162975
v 0.006919931620359421 -0.10708147287368774 -0.007671111263334751
v 0.006999192759394646 -0.11031519621610641 -0.007280285470187664
v 0.007733523845672607 -0.10988640040159225 -0.00593201257288456
v 0.007790945470333099 -0.10418857634067535 -0.009572725743055344
v 0.008040601387619972 -0.10754546523094177 -0.009231205098330975
v 0.008259793743491173 -0.11087287962436676 -0.008776042610406876
v 0.008542649447917938 -0.11418111622333527 -0.008204396814107895
v 0.007227843627333641 -0.11357305943965912 -0.006808750331401825
v 0.010085225105285645 -0.10788116604089737 -0.010388617403805256
v 0.010340835899114609 -0.1112835481762886 -0.009881801903247833
v 0.010616177693009377 -0.1146470457315445 -0.00923853274434805
v 0.01091238297522068 -0.11791112273931503 -0.00838608480989933
v 0.008814334869384766 -0.11747054010629654 -0.007549731060862541
v 0.012808872386813164 -0.11119911074638367 -0.009760105051100254
v 0.013059152290225029 -0.1145508736371994 -0.00912664644420147
v 0.013338301330804825 -0.11785276234149933 -0.008337823674082756
v 0.013476595282554626 -0.12111636996269226 -0.007345540449023247
v 0.015092836692929268 -0.1139996200799942 -0.008017166517674923
v 0.014862792566418648 -0.11071706563234329 -0.008553007617592812
v 0.015972651541233063 -0.11023899167776108 -0.007035387679934502
v 0.016001112759113312 -0.11339633911848068 -0.006594446487724781
v 0.0146736279129982 -0.10998768359422684 -0.006091102957725525
v 0.014852862805128098 -0.11301092803478241 -0.00559146236628294
v 0.012479536235332489 -0.1097790077328682 -0.005604849196970463
v 0.012654460966587067 -0.11286944895982742 -0.005044023506343365
v 0.012876393273472786 -0.11595354229211807 -0.004419249482452869
v 0.013043578714132309 -0.11903171241283417 -0.0038927393034100533
v 0.01017451100051403 -0.1129164844751358 -0.005162960849702358
v 0.010203409940004349 -0.1160038486123085 -0.004541343078017235
v 0.010062569752335548 -0.11906147003173828 -0.003608386032283306
v 0.013226216658949852 -0.12171480804681778 -0.0024366816505789757
v 0.007981142029166222 -0.11609712243080139 -0.004923592321574688
v 0.007988223806023598 -0.11308462917804718 -0.0056288763880729675
v 0.0075376685708761215 -0.11678095906972885 -0.006169530563056469
v 0.009992314502596855 -0.10979954153299332 -0.005714481696486473
v 0.012358782812952995 -0.10669098794460297 -0.006101020611822605
v 0.014727534726262093 -0.10679644346237183 -0.00620533712208271
v 0.014675097540020943 -0.10356273502111435 -0.006422386504709721
v 0.01566495932638645 -0.10700714588165283 -0.007392797619104385
v 0.015405584126710892 -0.10376257449388504 -0.007710760459303856
v 0.015265479683876038 -0.10050433874130249 -0.008008374832570553
v 0.01449495181441307 -0.10413951426744461 -0.009511154145002365
v 0.014392755925655365 -0.10081218183040619 -0.009890754707157612
v 0.014383042231202126 -0.09747052937746048 -0.010197418741881847
v 0.012183744460344315 -0.10101180523633957 -0.011170613579452038
v 0.0120406374335289 -0.0975809246301651 -0.011531212367117405
v 0.011986708268523216 -0.09417247027158737 -0.011875554919242859
v 0.0092025026679039 -0.09759533405303955 -0.011473951861262321
v 0.008816257119178772 -0.09420127421617508 -0.01176451612263918
v 0.008328668773174286 -0.09088224172592163 -0.012050456367433071
v 0.00630062073469162 -0.09427706897258759 -0.01026562787592411
v 0.005318964831531048 -0.09103702753782272 -0.010480592958629131
v 0.003971555270254612 -0.08763988316059113 -0.010905482806265354
v 0.004465621896088123 -0.09090323001146317 -0.007963600568473339
v 0.005362828262150288 -0.09420938789844513 -0.00812650378793478
v 0.006572604179382324 -0.09403987973928452 -0.006512044928967953
v 0.006013441830873489 -0.09081835299730301 -0.006103241350501776
v 0.008973440155386925 -0.09053044021129608 -0.0057041519321501255
v 0.01205834373831749 -0.08758800476789474 -0.004731851629912853
v 0.006001504138112068 -0.09740103781223297 -0.008143570274114609
v 0.006971793249249458 -0.09753818064928055 -0.010080196894705296
v 0.007359880954027176 -0.10085733979940414 -0.009895185008645058
v 0.009512973949313164 -0.10102201253175735 -0.011167132295668125
v 0.009826978668570518 -0.10444553196430206 -0.010782919824123383
v 0.01236269436776638 -0.10442806780338287 -0.010761400684714317
v 0.012602688744664192 -0.10783250629901886 -0.010326284915208817
v 0.014673929661512375 -0.10743602365255356 -0.009060203097760677
v 0.01329582929611206 -0.12498363852500916 -0.003635536879301071
v 0.013417281210422516 -0.12453838437795639 -0.006240984424948692
v -0.011771038174629211 -0.11434426158666611 -0.005093732848763466
v -0.009882860817015171 -0.11496064066886902 -0.003574606031179428
v -0.011095800437033176 -0.11135111004114151 -0.004578922875225544
v -0.012045885436236858 -0.11210604757070541 -0.0055863577872514725
v -0.011821053922176361 -0.1131163239479065 -0.00721046794205904
v -0.0117436982691288 -0.11508189886808395 -0.006367787718772888
v -0.01017454918473959 -0.11683042347431183 -0.006633777171373367
v -0.0039137196727097034 -0.11584273725748062 -0.005654687061905861
v -0.003477754071354866 -0.11315737664699554 -0.005861605517566204
v -0.005149139557033777 -0.11240078508853912 -0.0046723149716854095
v -0.005594321526587009 -0.11628130078315735 -0.004047351889312267
v -0.007001747377216816 -0.11725720018148422 -0.006957072764635086
v -0.004789143800735474 -0.11656921356916428 -0.007176362909376621
v -0.004697455558925867 -0.11406536400318146 -0.007689940743148327
v -0.009925897233188152 -0.11402631551027298 -0.008193979039788246
v -0.007205955684185028 -0.1143428385257721 -0.00838448479771614
v -0.01113189198076725 -0.0770893320441246 -0.0053815958090126514
v -0.011541007086634636 -0.08046784996986389 -0.004931703209877014
v -0.0081951217725873 -0.08059443533420563 -0.004970848560333252
v -0.008179077878594398 -0.07774309813976288 -0.004883714020252228
v -0.0124793890863657 -0.07746681571006775 -0.007630030158907175
v -0.013179462403059006 -0.08054216206073761 -0.007448801305145025
v -0.002556320745497942 -0.07802080363035202 -0.005551471840590239
v -0.001956314779818058 -0.0813819095492363 -0.005557232070714235
v -0.001315041445195675 -0.08103016763925552 -0.007932845503091812
v -0.0020402688533067703 -0.07798536121845245 -0.00775586673989892
v -0.008313906379044056 -0.07804477214813232 -0.007997212000191212
v -0.008117555640637875 -0.07737284898757935 -0.006365644745528698
v -0.005823556333780289 -0.07741148769855499 -0.0062707047909498215
v -0.006202387157827616 -0.07812689989805222 -0.007923413068056107
v -0.006357419304549694 -0.07846901565790176 -0.009816227480769157
v -0.008731643669307232 -0.07836523652076721 -0.0096816411241889
v -0.010351471602916718 -0.07793624699115753 -0.0091786477714777
v -0.01187147106975317 -0.07807803899049759 -0.00990759115666151
v -0.010280890390276909 -0.07755003869533539 -0.00785289891064167
v -0.009501498192548752 -0.07863624393939972 -0.01128436904400587
v -0.004554932005703449 -0.07817582041025162 -0.009305588901042938
v -0.004295337945222855 -0.0777924656867981 -0.007711115758866072
v -0.0031653656624257565 -0.07826032489538193 -0.010301133617758751
v -0.006167274434119463 -0.07870921492576599 -0.011522950604557991
v -0.006081352010369301 -0.08116002380847931 -0.012234441936016083
v -0.009892194531857967 -0.08108647912740707 -0.01190123800188303
v -0.0024307919666171074 -0.08110368251800537 -0.01090080663561821
v -0.0034907758235931396 -0.08442248404026031 -0.01076381467282772
v -0.006384646520018578 -0.0842769667506218 -0.012221517972648144
v -0.0020155133679509163 -0.08450131863355637 -0.008598954416811466
v -0.002710262779146433 -0.08781584352254868 -0.00896652601659298
v -0.004209740553051233 -0.08766265213489532 -0.010752822272479534
v -0.0027726413682103157 -0.08451411873102188 -0.006882998161017895
v -0.003280311357229948 -0.08769910037517548 -0.007488335017114878
v -0.003755753394216299 -0.09086848050355911 -0.0077421702444553375
v -0.0033727786503732204 -0.09100471436977386 -0.00905774999409914
v -0.005233744625002146 -0.08413609862327576 -0.006269570905715227
v -0.005467827431857586 -0.08733509480953217 -0.007000565994530916
v -0.005771487019956112 -0.09057945758104324 -0.007364631164819002
v -0.0060532549396157265 -0.09376785904169083 -0.007467075251042843
v -0.00408652238547802 -0.09404676407575607 -0.007778553292155266
v -0.008050462231040001 -0.08713287115097046 -0.006851572077721357
v -0.008222510106861591 -0.09038232266902924 -0.007239263970404863
v -0.008375660516321659 -0.09356657415628433 -0.007283281534910202
v -0.00847940519452095 -0.09672396630048752 -0.007049640640616417
v -0.006231157574802637 -0.09692379087209702 -0.007268594577908516
v -0.010545031167566776 -0.09031836688518524 -0.0072805373929440975
v -0.010565867647528648 -0.09349865466356277 -0.007422207854688168
v -0.010562248528003693 -0.09667402505874634 -0.007396475411951542
v -0.010658495128154755 -0.09981343150138855 -0.007249216549098492
v -0.008599640801548958 -0.09986668080091476 -0.006867214106023312
v -0.01174425333738327 -0.09351809322834015 -0.008418703451752663
v -0.011720126494765282 -0.09671997278928757 -0.008335314691066742
v -0.011876929551362991 -0.09989610314369202 -0.008130285888910294
v -0.011989208869636059 -0.10309912264347076 -0.007809978909790516
v -0.010732105933129787 -0.1029338613152504 -0.007022061385214329
v -0.011188818141818047 -0.09701856225728989 -0.00988818146288395
v -0.011197660118341446 -0.10030416399240494 -0.009573930874466896
v -0.011253170669078827 -0.10358469933271408 -0.009212876670062542
v -0.011328870430588722 -0.10684411227703094 -0.008721214719116688
v -0.011921344324946404 -0.10621646046638489 -0.007372625172138214
v -0.009556851349771023 -0.10077118873596191 -0.010848741047084332
v -0.00961080752313137 -0.10414199531078339 -0.010459788143634796
v -0.009632871486246586 -0.10750071704387665 -0.009867984801530838
v -0.009695599786937237 -0.11076670140028 -0.009042463265359402
v -0.011432833038270473 -0.11004732549190521 -0.007996754720807076
v -0.007253572344779968 -0.10436081141233444 -0.010579666122794151
v -0.0072440882213413715 -0.10773470252752304 -0.009977360256016254
v -0.007211401592940092 -0.1110488772392273 -0.009195403195917606
v -0.005112201441079378 -0.10743968933820724 -0.00902148149907589
v -0.004852007143199444 -0.11076705157756805 -0.008380277082324028
v -0.003977551124989986 -0.10698460042476654 -0.007710891775786877
v -0.0037823491729795933 -0.11005216091871262 -0.006908604875206947
v -0.004863038659095764 -0.10654303431510925 -0.006672754883766174
v -0.004995767492800951 -0.1094963401556015 -0.00596085749566555
v -0.006779249757528305 -0.10622191429138184 -0.006162829697132111
v -0.007118074223399162 -0.10917031019926071 -0.005657944828271866
v -0.007846501655876637 -0.11178263276815414 -0.004801422357559204
v -0.008930034004151821 -0.10599525272846222 -0.006183162331581116
v -0.009218325838446617 -0.10881248861551285 -0.005664047785103321
v -0.009454961866140366 -0.11083739250898361 -0.0051746489480137825
v -0.010843295603990555 -0.10590090602636337 -0.006493548862636089
v -0.01097513921558857 -0.10872538387775421 -0.005824538879096508
v -0.011927860789000988 -0.10922008007764816 -0.00663441326469183
v -0.008748648688197136 -0.10293719172477722 -0.006504827179014683
v -0.006558121182024479 -0.10316454619169235 -0.006598350591957569
v -0.006363793276250362 -0.10005942732095718 -0.006980519741773605
v -0.004731820430606604 -0.1035022884607315 -0.0071897851303219795
v -0.004491339437663555 -0.10035990178585052 -0.007456326857209206
v -0.0043405527248978615 -0.09719081223011017 -0.007686927914619446
v -0.003907103557139635 -0.10064820200204849 -0.008572248741984367
v -0.003852477762848139 -0.0974247008562088 -0.008838839828968048
v -0.003714026417583227 -0.09421653300523758 -0.009003054350614548
v -0.005141045898199081 -0.09756343811750412 -0.010259524919092655
v -0.00497004808858037 -0.09426369518041611 -0.010538686066865921
v -0.004761858377605677 -0.09093071520328522 -0.01064586266875267
v -0.0071110837161540985 -0.0942218005657196 -0.011633398942649364
v -0.00697516230866313 -0.0908249020576477 -0.011828424409031868
v -0.006719759665429592 -0.08749779313802719 -0.012057503685355186
v -0.00952976755797863 -0.09062424302101135 -0.01163110788911581
v -0.009615905582904816 -0.08730912953615189 -0.01180920097976923
v -0.00974044669419527 -0.08412276208400726 -0.011863899417221546
v -0.011480176821351051 -0.08718274533748627 -0.010109802708029747
v -0.01194819062948227 -0.08403097093105316 -0.010005371645092964
v -0.012585141696035862 -0.08086558431386948 -0.010091982781887054
v -0.012411054223775864 -0.08392703533172607 -0.007715579587966204
v -0.011985762044787407 -0.0871419832110405 -0.008155818097293377
v -0.010496413335204124 -0.08714336901903152 -0.006933229509741068
v -0.01061253808438778 -0.08385459333658218 -0.006228429730981588
v -0.008021393790841103 -0.0838278979063034 -0.0060862270183861256
v -0.005067491438239813 -0.08102301508188248 -0.005272045731544495
v -0.005206331145018339 -0.07820618152618408 -0.005080666393041611
v -0.011797336861491203 -0.09030784666538239 -0.00838333647698164
v -0.011268424801528454 -0.09041308611631393 -0.010142005980014801
v -0.011187934316694736 -0.0937066525220871 -0.010062352754175663
v -0.009526536799967289 -0.09400922805070877 -0.01144878938794136
v -0.009526021778583527 -0.09740002453327179 -0.011182903312146664
v -0.007188453804701567 -0.09761875867843628 -0.011366092599928379
v -0.007234254851937294 -0.10099109262228012 -0.011016001924872398
v -0.00516645098105073 -0.10086460411548615 -0.009950995445251465
v -0.005185343325138092 -0.10414374619722366 -0.009530819021165371
v -0.00392862968146801 -0.10385659337043762 -0.008226392790675163
v -0.009886784479022026 -0.07718801498413086 -0.0065454444848001
v -0.004147659055888653 -0.0773247629404068 -0.006383876781910658
v 0.051963623613119125 -0.07867442816495895 0.01614012010395527
v 0.05072113126516342 -0.07638784497976303 0.016256732866168022
v 0.0501590333878994 -0.07795129716396332 0.01423020102083683
v 0.05228866636753082 -0.07979672402143478 0.014222627505660057
v 0.05342239513993263 -0.07776098698377609 0.015993813052773476
v 0.05286020785570145 -0.07566417753696442 0.015628892928361893
v 0.05490106716752052 -0.0788377970457077 0.01412694901227951
v 0.0544779933989048 -0.07605194300413132 0.013651536777615547
v 0.05103853717446327 -0.08155688643455505 0.010472381487488747
v 0.05161327123641968 -0.08052856475114822 0.009210517629981041
v 0.053813789039850235 -0.07919684052467346 0.01124519482254982
v 0.052011433988809586 -0.08046039193868637 0.012009693309664726
v 0.048146333545446396 -0.08138193935155869 0.010739486664533615
v 0.048909224569797516 -0.08060117810964584 0.009416885673999786
v 0.049456484615802765 -0.07950310409069061 0.0124244075268507
v 0.04701359570026398 -0.0777006521821022 0.010170988738536835
v 0.048411957919597626 -0.07799485325813293 0.008893655613064766
v 0.05129678174853325 -0.07752341777086258 0.008956262841820717
v 0.047990575432777405 -0.05474081262946129 0.01469903439283371
v 0.04637040197849274 -0.051878415048122406 0.014877265319228172
v 0.04325224459171295 -0.05449428781867027 0.014636704698204994
v 0.04500782489776611 -0.05699177458882332 0.01410711370408535
v 0.0499572716653347 -0.05416238307952881 0.012568594887852669
v 0.04857059195637703 -0.05112845078110695 0.012386968359351158
v 0.046413782984018326 -0.059688542038202286 0.013481268659234047
v 0.04889664798974991 -0.0581907294690609 0.014024658128619194
v 0.050259336829185486 -0.057611752301454544 0.012295814231038094
v 0.04521903768181801 -0.052156414836645126 0.013505702838301659
v 0.04626711830496788 -0.05229760333895683 0.012021945789456367
v 0.044130001217126846 -0.05321979150176048 0.01182539016008377
v 0.04305944964289665 -0.05291488766670227 0.01334276981651783
v 0.04473279044032097 -0.053294286131858826 0.010679734870791435
v 0.04636724293231964 -0.0528765544295311 0.010211674496531487
v 0.04480747878551483 -0.05370526760816574 0.00870300643146038
v 0.043415363878011703 -0.05381830036640167 0.009862152859568596
v 0.04220061004161835 -0.05376948043704033 0.010935008525848389
v 0.04083148390054703 -0.053971074521541595 0.00990176759660244
v 0.03928148373961449 -0.05455074459314346 0.009954426437616348
v 0.04100924730300903 -0.054073140025138855 0.011839529499411583
v 0.04155760630965233 -0.054191235452890396 0.008860114961862564
v 0.039722148329019547 -0.054714519530534744 0.007666366174817085
v 0.04285930097103119 -0.054196491837501526 0.00801207683980465
v 0.04245849698781967 -0.05436045303940773 0.0065063610672950745
v 0.04585545137524605 -0.05345083400607109 0.007301701232790947
v 0.04678463563323021 -0.055792488157749176 0.007106931880116463
v 0.04303058609366417 -0.05703173950314522 0.005941795185208321
v 0.04828748106956482 -0.05213737115263939 0.009455086663365364
v 0.0495658740401268 -0.0547449104487896 0.009531965479254723
v 0.04995877295732498 -0.05785669386386871 0.009679360315203667
v 0.04757717624306679 -0.058635272085666656 0.007522879168391228
v 0.048415977507829666 -0.061611905694007874 0.007894320413470268
v 0.04548369348049164 -0.062490493059158325 0.007427850738167763
v 0.04428482428193092 -0.05977911129593849 0.006739484146237373
v 0.0503806509077549 -0.061005305498838425 0.009828655049204826
v 0.05103638768196106 -0.06417170912027359 0.010007629171013832
v 0.049222372472286224 -0.06470382958650589 0.00823887623846531
v 0.05083838105201721 -0.06084864214062691 0.012172022834420204
v 0.05156728997826576 -0.0639854446053505 0.012202644720673561
v 0.05228177085518837 -0.06709768623113632 0.012345146387815475
v 0.05171804875135422 -0.06735331565141678 0.010244190692901611
v 0.04979981109499931 -0.06134343892335892 0.013803049921989441
v 0.050653595477342606 -0.0643131360411644 0.01376432366669178
v 0.05139916017651558 -0.06726139038801193 0.01388571597635746
v 0.05200657993555069 -0.07018517702817917 0.014173517003655434
v 0.0529547818005085 -0.07019885629415512 0.012623574584722519
v 0.04863594472408295 -0.06531275808811188 0.01327364332973957
v 0.049554843455553055 -0.0681035965681076 0.013589384034276009
v 0.050346408039331436 -0.07087648659944534 0.014070896431803703
v 0.050854526460170746 -0.07360411435365677 0.014894053339958191
v 0.052479591220617294 -0.07304608076810837 0.014825938269495964
v 0.04801072180271149 -0.06953737139701843 0.012348556891083717
v 0.04908610135316849 -0.07237273454666138 0.012825079262256622
v 0.05010060966014862 -0.07514635473489761 0.013383915647864342
v 0.04803796857595444 -0.07374211400747299 0.011258626356720924
v 0.04893928021192551 -0.07669069617986679 0.011667879298329353
v 0.04729418829083443 -0.07441876828670502 0.00979822687804699
v 0.04690730199217796 -0.0708567351102829 0.010870184749364853
v 0.04659166932106018 -0.0715344026684761 0.009381970390677452
v 0.04821763187646866 -0.07143332064151764 0.00856824405491352
v 0.0485844686627388 -0.0745665580034256 0.008880240842700005
v 0.05060698837041855 -0.07104925066232681 0.00887925922870636
v 0.05102286860346794 -0.07427241653203964 0.009093819186091423
v 0.05241576209664345 -0.07053546607494354 0.010516231879591942
v 0.05305108055472374 -0.0736594945192337 0.010796960443258286
v 0.05377211794257164 -0.07661736756563187 0.010951576754450798
v 0.05357899144291878 -0.07324124872684479 0.013095306232571602
v 0.04997706040740013 -0.06785785406827927 0.008568422868847847
v 0.04747842997312546 -0.06839346885681152 0.008212128654122353
v 0.04653557017445564 -0.06540614366531372 0.00781986489892006
v 0.04554023966193199 -0.06872691214084625 0.008943164721131325
v 0.04433245211839676 -0.06592390686273575 0.008537285029888153
v 0.04299912974238396 -0.06315230578184128 0.008235612884163857
v 0.04439421370625496 -0.0652356967329979 0.010131286457180977
v 0.04282262176275253 -0.0625961497426033 0.009993268176913261
v 0.04114225506782532 -0.06000702828168869 0.009900065138936043
v 0.041553135961294174 -0.060421865433454514 0.007957236841320992
v 0.039440758526325226 -0.05736326053738594 0.009968865662813187
v 0.0396115779876709 -0.057853441685438156 0.007215147837996483
v 0.04291393235325813 -0.05847734957933426 0.011907322332262993
v 0.0413874052464962 -0.05613114312291145 0.012193303555250168
v 0.04433954507112503 -0.06112762168049812 0.011810613796114922
v 0.045663945376873016 -0.06387612968683243 0.011803926900029182
v 0.04761004075407982 -0.06248351186513901 0.013210413977503777
v 0.04683095961809158 -0.06671380996704102 0.012019684538245201
v 0.04563673958182335 -0.06804364174604416 0.010478364303708076
vn -0.2209034115076065 -0.11016369611024857 0.9690539836883545
vn -0.27437227964401245 0.2837393879890442 0.9188099503517151
vn -0.8136669993400574 -0.11774135380983353 0.5692829489707947
vn -0.45925790071487427 -0.8156407475471497 0.35186970233917236
vn 0.05216391012072563 -0.7336462736129761 0.6775264143943787
vn -0.004642884712666273 -0.1362849324941635 0.9906588196754456
vn 0.3979743719100952 -0.2112778276205063 0.8927363157272339
vn 0.5862734913825989 -0.8099409341812134 0.016709906980395317
vn 0.7329907417297363 0.1820410043001175 0.655427873134613
vn -0.0034506074152886868 0.2949596345424652 0.9555034637451172
vn 0.9864020943641663 -0.1638261377811432 -0.013112875632941723
vn 0.06991426646709442 -0.990350067615509 -0.11966130137443542
vn -0.32410895824432373 -0.8682742118835449 -0.3755706548690796
vn 0.08233118057250977 -0.7281044721603394 -0.6805038452148438
vn 0.3411373198032379 -0.7922718524932861 -0.5058958530426025
vn -0.45151135325431824 -0.46259284019470215 -0.7629845142364502
vn -0.843220055103302 -0.39870551228523254 -0.3605743944644928
vn -0.8217639327049255 -0.16069777309894562 -0.5466993451118469
vn -0.5555515885353088 -0.33386895060539246 -0.7615076303482056
vn 0.057680439203977585 -0.4517204761505127 -0.8902930617332458
vn -0.8317123055458069 0.5415831208229065 -0.12223921716213226
vn -0.39436402916908264 0.49414175748825073 -0.7747909426689148
vn -0.8589339256286621 -0.1818031668663025 -0.4787274897098541
vn -0.9127558469772339 -0.03244199976325035 0.4072151482105255
vn -0.21030157804489136 0.8260460495948792 -0.522896945476532
vn -0.20825769007205963 0.8502197265625 -0.4834824204444885
vn -0.175128772854805 0.7514470815658569 -0.636126697063446
vn -0.32607072591781616 0.44772136211395264 -0.8326003551483154
vn -0.1176610067486763 0.5875179171562195 -0.8006114363670349
vn -0.13861899077892303 0.5831953287124634 -0.800417423248291
vn -0.14846749603748322 0.868182361125946 -0.4735153317451477
vn -0.11150310188531876 0.6014546751976013 -0.7910874485969543
vn 0.17202378809452057 0.6396110653877258 -0.7492032647132874
vn 0.3112650513648987 0.38367679715156555 -0.8694286942481995
vn 0.5435743927955627 -0.28934770822525024 -0.787911593914032
vn 0.12031792849302292 -0.36644238233566284 -0.9226287007331848
vn 0.8988672494888306 -0.09480319917201996 -0.42784327268600464
vn 0.0817175954580307 -0.4971940517425537 -0.8637826442718506
vn -0.21223360300064087 -0.6626556515693665 -0.7182231545448303
vn -0.41973915696144104 -0.37126049399375916 -0.8282420039176941
vn 0.5992850661277771 -0.48658308386802673 -0.6356841921806335
vn 0.6712931990623474 -0.34291142225265503 -0.657097578048706
vn 0.2480025589466095 -0.40097928047180176 -0.8818788528442383
vn 0.9601907730102539 -0.26453205943107605 -0.0897584930062294
vn 0.972010612487793 -0.21740275621414185 -0.08905774354934692
vn 0.9742275476455688 -0.12298133969306946 -0.18909332156181335
vn 0.7493323087692261 -0.2607342302799225 -0.6087024211883545
vn 0.7033271193504333 0.024464745074510574 0.7104452252388
vn 0.6117855310440063 0.18289731442928314 0.7695889472961426
vn 0.7270978093147278 0.2105308622121811 0.6534567475318909
vn 0.8006600737571716 0.29613324999809265 0.5208152532577515
vn 0.9955856204032898 0.015781981870532036 -0.09252101182937622
vn 0.16021493077278137 0.3131188452243805 0.9361024498939514
vn 0.08050617575645447 0.3074822723865509 0.9481420516967773
vn 0.09456229954957962 0.352749228477478 0.9309274554252625
vn 0.04484643042087555 0.43361231684684753 0.8999828696250916
vn 0.7174977660179138 0.43465450406074524 0.544309139251709
vn -0.321676105260849 0.2614847421646118 0.9100275635719299
vn -0.4036891460418701 0.28965654969215393 0.8678329586982727
vn -0.29794585704803467 0.4042368233203888 0.8647663593292236
vn -0.22709333896636963 0.44156309962272644 0.8680154085159302
vn -0.033363766968250275 0.4379565119743347 0.8983768820762634
vn -0.9282069206237793 0.09600207954645157 0.35946550965309143
vn -0.9230522513389587 0.2375253438949585 0.3025829493999481
vn -0.9265224933624268 0.21052919328212738 0.3118227422237396
vn -0.8929805755615234 -0.1642380654811859 -0.419060081243515
vn -0.9300634264945984 -0.20546689629554749 -0.30457401275634766
vn -0.6529946327209473 -0.36997348070144653 -0.6608461141586304
vn -0.39373692870140076 -0.4020046889781952 -0.8266579508781433
vn 0.16752277314662933 -0.4283871650695801 -0.8879304528236389
vn 0.31551361083984375 -0.3849593698978424 -0.867327868938446
vn 0.7163593769073486 -0.20530922710895538 -0.6668413281440735
vn 0.6927814483642578 -0.2163228988647461 -0.6879376769065857
vn 0.6074329018592834 -0.36977794766426086 -0.7030572295188904
vn 0.9566141963005066 0.0667819082736969 -0.28360068798065186
vn 0.9749239683151245 0.06149789318442345 -0.21387211978435516
vn 0.4741384983062744 0.4813045263290405 0.7372506856918335
vn 0.7420778274536133 -0.23573477566242218 -0.6274946928024292
vn 0.2386915534734726 -0.42148175835609436 -0.8748595714569092
vn 0.22305743396282196 -0.36751589179039 -0.9028717875480652
vn -0.4429911673069 -0.44117724895477295 -0.7804623246192932
vn -0.6405167579650879 -0.3684101998806 -0.6738043427467346
vn -0.4562208354473114 -0.49553775787353516 -0.7391243577003479
vn -0.8965650796890259 -0.3451569080352783 -0.27755671739578247
vn -0.8138387799263 -0.5611448884010315 -0.15094001591205597
vn -0.7251363396644592 -0.669365644454956 -0.1616378128528595
vn -0.7949007749557495 -0.24548403918743134 0.5548605918884277
vn -0.6712632179260254 -0.08251315355300903 0.7366120219230652
vn -0.30763158202171326 0.15985694527626038 0.9379811882972717
vn -0.37395206093788147 0.24260717630386353 0.8951545357704163
vn -0.39023616909980774 0.5135149955749512 0.7642108201980591
vn -0.030330894514918327 0.31553396582603455 0.9484294652938843
vn -0.04251561313867569 0.6838508248329163 0.7283819913864136
vn -0.09219950437545776 0.9836941957473755 -0.1544181853532791
vn -0.3689001500606537 0.7684360146522522 -0.5228946208953857
vn 0.28856614232063293 0.833233654499054 0.4716475009918213
vn 0.11033695936203003 0.8525649905204773 -0.5108410716056824
vn 0.09325888007879257 0.2451130896806717 0.9649986624717712
vn -0.35027140378952026 0.22976680099964142 0.908029317855835
vn -0.9175878763198853 -0.2129562944173813 0.3356815278530121
vn -0.9239675402641296 -0.007768955547362566 0.3823919892311096
vn -0.9017429351806641 -0.27299174666404724 -0.3351643979549408
vn 0.6202378273010254 0.7166596055030823 -0.31891071796417236
vn 0.8319655060768127 0.37976258993148804 0.40449199080467224
vn 0.27655109763145447 0.4418914318084717 0.8533765077590942
vn 0.3477669358253479 -0.3481403887271881 0.8705494403839111
vn -0.2985685467720032 -0.3544043004512787 0.886145830154419
vn -0.31062352657318115 -0.34724465012550354 0.8848357200622559
vn 0.228488489985466 -0.7244107723236084 0.6504014134407043
vn 0.7809984683990479 -0.49562814831733704 0.3799920976161957
vn 0.716015636920929 -0.05344580113887787 0.6960353255271912
vn 0.35442179441452026 0.23432868719100952 0.9052487015724182
vn 0.17427591979503632 0.06981421262025833 0.982218861579895
vn -0.15189480781555176 0.11839721351861954 0.9812798500061035
vn -0.384164422750473 0.12801377475261688 0.9143468141555786
vn -0.7653582692146301 0.07104400545358658 0.6396714448928833
vn -0.6958132386207581 -0.06177840754389763 0.715560793876648
vn -0.06117721274495125 -0.3895784914493561 0.9189591407775879
vn 0.008053299970924854 -0.750471830368042 0.660853385925293
vn -0.5590196251869202 -0.25176435708999634 0.7900075316429138
vn -0.2549512982368469 -0.7840835452079773 0.5658735036849976
vn -0.8085827827453613 -0.5679780840873718 0.15360593795776367
vn -0.421525239944458 -0.8555964231491089 -0.30045172572135925
vn -0.10533899813890457 -0.9553131461143494 0.276189386844635
vn -0.9677055478096008 -0.2505977153778076 0.02732580527663231
vn 0.6499168872833252 0.18446312844753265 0.7372797131538391
vn 0.655917763710022 0.24561767280101776 0.7137532830238342
vn 0.14729760587215424 0.3404151499271393 0.9286662936210632
vn 0.08734486997127533 -0.9520664215087891 0.29315587878227234
vn 0.08683265000581741 -0.9938288927078247 -0.06902317702770233
vn 0.2267737239599228 -0.8873541951179504 0.40146738290786743
vn -0.3575415313243866 0.3805234134197235 0.8528575897216797
vn -0.6828663349151611 0.3543843924999237 0.6388311386108398
vn -0.002972971647977829 -0.9830577969551086 -0.18327197432518005
vn 0.17841428518295288 0.15441900491714478 0.9717628955841064
vn 0.2557387053966522 0.161768838763237 0.9531151652336121
vn 0.5115580558776855 -0.03460545837879181 0.858551561832428
vn 0.4274405241012573 -0.23221629858016968 0.8737106323242188
vn 0.3427108824253082 0.27685654163360596 0.897719144821167
vn 0.3703206181526184 0.6735125184059143 0.6397213935852051
vn 0.1802305430173874 0.7403450012207031 0.6476157903671265
vn 0.6212202906608582 -0.24567575752735138 0.7441295981407166
vn 0.7862725257873535 0.5557340979576111 0.270065039396286
vn -0.9676548838615417 0.19072294235229492 -0.16513265669345856
vn -0.9154103994369507 -0.30951401591300964 -0.2573419213294983
vn -0.8162205219268799 0.21838077902793884 0.5348776578903198
vn -0.4393358826637268 0.8969902396202087 -0.0489138625562191
vn 0.8633798956871033 -0.36633121967315674 -0.3469533324241638
vn 0.6561389565467834 -0.725170373916626 -0.20882906019687653
vn 0.3917311429977417 -0.6732606291770935 -0.6271098256111145
vn 0.543448269367218 -0.24698305130004883 -0.8022862672805786
vn 0.5913131237030029 0.6564507484436035 -0.4684242308139801
vn 0.0859047994017601 0.9576592445373535 -0.27478939294815063
vn -0.013558650389313698 0.9930080771446228 0.1172650158405304
vn 0.22279568016529083 0.9748016595840454 0.011120499111711979
vn 0.22198915481567383 0.9500311017036438 -0.21945776045322418
vn -0.19262075424194336 0.7892453670501709 -0.5830857753753662
vn 0.16121158003807068 0.8784403204917908 -0.4498370289802551
vn 0.29764342308044434 0.9250261783599854 -0.23608270287513733
vn 0.3620075583457947 0.9290634989738464 -0.0761018693447113
vn 0.42433348298072815 0.5832874178886414 -0.6926159858703613
vn 0.31489136815071106 -0.13374224305152893 -0.9396576881408691
vn -0.07721774280071259 -0.045246195048093796 -0.995987057685852
vn -0.20345941185951233 -0.4190579056739807 -0.8848698735237122
vn -0.5325133800506592 -0.39209863543510437 -0.7501254677772522
vn -0.6235816478729248 0.08465950936079025 -0.77716064453125
vn 0.19366532564163208 -0.5451507568359375 -0.8156618475914001
vn 0.21186736226081848 -0.39279496669769287 -0.8948878645896912
vn -0.0965910479426384 -0.3818434476852417 -0.9191657304763794
vn 0.5725491046905518 -0.524660587310791 -0.630014955997467
vn 0.7277176976203918 -0.356614887714386 -0.5858777761459351
vn 0.3085499703884125 -0.30143502354621887 -0.9021828174591064
vn 0.7299226522445679 -0.6517512798309326 0.2059928923845291
vn 0.883051335811615 -0.33849623799324036 0.325024276971817
vn 0.9290812611579895 -0.191813662648201 0.31625211238861084
vn 0.8715938329696655 -0.3639179766178131 -0.32846319675445557
vn 0.6799543499946594 0.056720782071352005 0.7310574650764465
vn 0.7510890364646912 0.10819550603628159 0.6512748599052429
vn 0.9220821857452393 -0.05526242405176163 0.38302797079086304
vn 0.122709721326828 0.24869304895401 0.9607779383659363
vn 0.16961407661437988 0.2836835980415344 0.9437980055809021
vn 0.1496398150920868 0.34538546204566956 0.9264538884162903
vn 0.7137532830238342 0.23470790684223175 0.6599003672599792
vn -0.43227848410606384 0.3018871247768402 0.8497055768966675
vn -0.4917689561843872 0.3552547097206116 0.7949574589729309
vn -0.38825029134750366 0.41434863209724426 0.8231505751609802
vn -0.7178178429603577 0.3924456238746643 0.5750861167907715
vn -0.8202095031738281 0.38839641213417053 0.42000553011894226
vn -0.9748630523681641 0.21375729143619537 0.06284637749195099
vn -0.9513987302780151 0.10803291201591492 -0.2883909046649933
vn -0.9670612215995789 0.0874723345041275 -0.2390419840812683
vn -0.9993681311607361 -0.031395237892866135 -0.016660558059811592
vn -0.6163710951805115 -0.17835749685764313 -0.766991138458252
vn -0.511672854423523 -0.1917828470468521 -0.8375023603439331
vn -0.5548058748245239 -0.1967507153749466 -0.8083809018135071
vn -0.6265190243721008 -0.43939727544784546 -0.6437420845031738
vn -0.1535613089799881 -0.25324949622154236 -0.9551354050636292
vn -0.02353821136057377 -0.30421674251556396 -0.9523119926452637
vn -0.022043399512767792 -0.501061737537384 -0.8651307821273804
vn 0.43037980794906616 -0.3239951729774475 -0.8424965143203735
vn 0.6579115390777588 -0.6354212760925293 -0.40421798825263977
vn 0.9617080092430115 -0.18747080862522125 -0.1999308317899704
vn 0.4058775007724762 -0.27763262391090393 -0.8707373738288879
vn 0.8803232312202454 -0.11498921364545822 -0.46022647619247437
vn 0.9586347341537476 0.17106515169143677 0.22750015556812286
vn 0.8674052953720093 0.029474567621946335 0.4967286288738251
vn 0.9541675448417664 -0.11877311021089554 -0.27469485998153687
vn 0.9657655358314514 0.03478800877928734 0.2570732831954956
vn 0.9007911682128906 -0.26228851079940796 -0.3460923731327057
vn 0.5225861668586731 -0.3156029284000397 -0.7920216917991638
vn 0.2941649556159973 -0.3071187734603882 -0.9050663113594055
vn 0.2966187596321106 -0.3153344392776489 -0.9014330506324768
vn -0.10947098582983017 -0.2513791620731354 -0.9616780281066895
vn -0.1745668202638626 -0.24171383678913116 -0.9545159935951233
vn -0.14211611449718475 -0.2741844952106476 -0.9511182904243469
vn -0.5014508962631226 -0.17815634608268738 -0.8466447591781616
vn -0.6477808952331543 -0.16880963742733002 -0.7428883910179138
vn -0.6049787402153015 -0.27460727095603943 -0.7473899126052856
vn -0.9998565316200256 -0.016923559829592705 -0.0007758648716844618
vn -0.9782041311264038 -0.1914217174053192 0.08046358823776245
vn -0.7614283561706543 -0.036351922899484634 0.6472289562225342
vn -0.5791560411453247 0.01737966388463974 0.8150314092636108
vn -0.3602943420410156 0.17326946556568146 0.916605532169342
vn -0.13421954214572906 0.2285071760416031 0.9642455577850342
vn -0.12667055428028107 0.5488488078117371 0.8262684345245361
vn -0.7412771582603455 0.2451789230108261 0.624816358089447
vn -0.9731962084770203 0.02308483049273491 -0.22881503403186798
vn -0.5786237716674805 -0.15545204281806946 -0.8006429076194763
vn -0.13451841473579407 -0.28914016485214233 -0.9477883577346802
vn 0.4786372482776642 -0.8743818402290344 0.07976639270782471
vn 0.04656112566590309 -0.6029223203659058 0.7964400053024292
vn -0.17155013978481293 -0.6970191597938538 0.6962290406227112
vn -0.08460764586925507 -0.9857568740844727 0.14534449577331543
vn 0.6541911363601685 -0.2928571105003357 0.6973296999931335
vn 0.2228797823190689 -0.12427118420600891 0.9668925404548645
vn 0.8889430165290833 -0.3947235941886902 -0.23232242465019226
vn 0.8788227438926697 -0.021209530532360077 0.4766767621040344
vn 0.25039902329444885 0.38836854696273804 0.8868316411972046
vn 0.7624444365501404 0.2559502124786377 0.5942792892456055
vn 0.14259782433509827 0.5450511574745178 0.8261870741844177
vn -0.06507978588342667 0.5421164631843567 0.8377794623374939
vn -0.15279020369052887 0.45544689893722534 0.8770537376403809
vn -0.22691775858402252 -0.7836499214172363 -0.5782743692398071
vn 0.27510741353034973 -0.683395266532898 -0.6762298941612244
vn 0.397440642118454 -0.4725693464279175 -0.7865869998931885
vn -0.20646902918815613 -0.49561432003974915 -0.8436450958251953
vn -0.0014552022330462933 0.4964583218097687 0.8680592775344849
vn -0.3468032777309418 0.4925893545150757 0.7981749176979065
vn -0.4082212448120117 0.39356955885887146 0.8236860036849976
vn -0.4707786738872528 0.8619363903999329 -0.18823663890361786
vn -0.6004630327224731 0.6516333222389221 0.46348482370376587
vn -0.0866197720170021 0.5518680214881897 0.8294206857681274
vn 0.1485820859670639 0.9636044502258301 -0.22223784029483795
vn 0.0052688526920974255 0.6166028380393982 -0.78725665807724
vn -0.23559395968914032 0.7066391110420227 -0.6672005653381348
vn 0.9388411641120911 -0.16060200333595276 -0.3046051561832428
vn 0.8280293941497803 -0.5278401374816895 -0.1890822947025299
vn 0.4497666358947754 -0.6158144474029541 -0.646902322769165
vn 0.5770822167396545 -0.18625767529010773 -0.7951630353927612
vn -0.5899605751037598 0.6098042130470276 -0.5292308926582336
vn -0.015237037092447281 0.7702645659446716 -0.6375423669815063
vn -0.3514528274536133 0.4161376655101776 -0.838636040687561
vn -0.5205196142196655 -0.43618813157081604 -0.7340294718742371
vn -0.9844977259635925 -0.13056109845638275 0.11712361127138138
vn 0.5332897901535034 0.6966958045959473 -0.47980910539627075
vn 0.42242002487182617 0.8224670886993408 -0.38093191385269165
vn 0.28562092781066895 0.7971354126930237 0.5319734811782837
vn 0.7453662753105164 0.5975109338760376 0.2956516146659851
vn 0.3787335455417633 0.5892866849899292 -0.713654100894928
vn 0.13586531579494476 0.6637572646141052 -0.735504686832428
vn 0.04392288625240326 0.785091757774353 -0.617820143699646
vn 0.10175298899412155 0.11819902062416077 -0.9877628087997437
vn 0.05351080745458603 -0.6363070011138916 -0.7695777416229248
vn 0.40942659974098206 -0.5383284091949463 -0.7365951538085938
vn 0.06535311043262482 -0.5421286225318909 -0.8377503156661987
vn -0.5040527582168579 -0.5995214581489563 -0.6216951608657837
vn -0.9090496301651001 -0.4007534384727478 0.11412911862134933
vn -0.09110972285270691 -0.4829258918762207 -0.8709085583686829
vn -0.5518013834953308 -0.4541688859462738 -0.699461042881012
vn -0.9675988554954529 -0.24928401410579681 0.04012541472911835
vn -0.5246696472167969 0.18320173025131226 0.8313595652580261
vn -0.6387622952461243 0.0147252781316638 0.7692632079124451
vn -0.6686157584190369 -0.3741624355316162 -0.6426160931587219
vn -0.9850190877914429 -0.15147675573825836 -0.08241456747055054
vn -0.6192502379417419 0.22525060176849365 0.752190887928009
vn -0.13200318813323975 0.34761813282966614 0.9282978177070618
vn -0.1862812638282776 0.32917091250419617 0.9257136583328247
vn -0.9980599284172058 -0.03639110177755356 0.05051899328827858
vn -0.6571872234344482 0.28602826595306396 0.6973468661308289
vn -0.10534682124853134 0.34503185749053955 0.9326602220535278
vn 0.3239479959011078 0.307156503200531 0.8948254585266113
vn 0.24283766746520996 0.2723575532436371 0.9310484528541565
vn -0.554195761680603 0.4102044105529785 0.7242922186851501
vn -0.07080113142728806 0.4172815680503845 0.9060150384902954
vn 0.22168543934822083 0.4314238131046295 0.8744878768920898
vn 0.9361433386802673 0.22778074443340302 0.2678649425506592
vn 0.7806920409202576 0.21298225224018097 0.5875019431114197
vn 0.07165750116109848 0.5596733093261719 0.8256095051765442
vn 0.8409470915794373 0.38457074761390686 0.380674809217453
vn 0.8398181200027466 -0.1539774239063263 -0.5205731391906738
vn 0.8364472389221191 -0.19704179465770721 -0.5114006996154785
vn 0.8717645406723022 -0.23188313841819763 -0.4315747022628784
vn 0.40172678232192993 -0.41773954033851624 -0.8149288892745972
vn 0.43726450204849243 -0.4116740822792053 -0.7995774745941162
vn -0.11090769618749619 -0.5073136687278748 -0.8545948266983032
vn -0.09776026010513306 -0.4770037829875946 -0.8734473586082458
vn 0.44117894768714905 -0.40824082493782043 -0.7991875410079956
vn -0.14469705522060394 -0.49289795756340027 -0.8579710721969604
vn -0.6745895743370056 -0.33508312702178955 -0.6577600836753845
vn -0.6850026845932007 -0.3599153161048889 -0.6334290504455566
vn -0.7342676520347595 -0.4038936197757721 -0.5456381440162659
vn -0.9845457077026367 0.11250264197587967 0.13421201705932617
vn -0.6663966178894043 -0.34903720021247864 -0.6588540077209473
vn -0.989294707775116 0.11590166389942169 0.08867232501506805
vn -0.875440776348114 0.005040519870817661 0.4832991063594818
vn -0.07862570881843567 -0.45377257466316223 -0.8876420855522156
vn 0.4356056749820709 -0.4497869610786438 -0.779704749584198
vn 0.5426284670829773 -0.40893954038619995 -0.733704686164856
vn 0.8581395745277405 -0.353893905878067 -0.3719618320465088
vn 0.9415477514266968 -0.2054699957370758 -0.2669641375541687
vn 0.83873051404953 0.03406176716089249 0.5434802770614624
vn 0.8685063123703003 -0.43197253346443176 -0.24309785664081573
vn 0.7887173295021057 -0.07484395802021027 0.6101831197738647
vn 0.20703038573265076 0.2792551815509796 0.9376326203346252
vn 0.7034413814544678 -0.12762898206710815 0.6992002129554749
vn 0.1227492094039917 0.19516180455684662 0.9730592966079712
vn -0.11221931874752045 0.18613998591899872 0.9760936498641968
vn 0.1877594143152237 0.2703593373298645 0.9442733526229858
vn -0.1025165468454361 0.4112403392791748 0.9057437181472778
vn -0.505420982837677 0.20997315645217896 0.8369354605674744
vn 0.772240936756134 0.1068444773554802 0.6262812614440918
vn -0.7251138091087341 -0.676895260810852 0.12658093869686127
vn -0.3369138836860657 -0.2589417099952698 0.9052281975746155
vn -0.6400483250617981 -0.11138520389795303 0.7602180242538452
vn -0.041861843317747116 -0.43194687366485596 0.9009270071983337
vn -0.08779957890510559 0.13533787429332733 0.9869017004966736
vn -0.3420145809650421 0.26996639370918274 0.900080144405365
vn -0.3792513608932495 0.24783939123153687 0.8914840817451477
vn -0.05440797284245491 -0.22597260773181915 0.9726130962371826
vn -0.4557550549507141 -0.06574755907058716 0.8876737356185913
vn -0.3065545856952667 -0.5534170269966125 0.7744377255439758
vn -0.10651440918445587 -0.6652007102966309 0.7390281558036804
vn 0.1007731705904007 0.2793360948562622 0.9548905491828918
vn -0.4493958055973053 0.32566800713539124 0.8318557143211365
vn -0.8266857862472534 -0.13789479434490204 0.5455049276351929
vn -0.7109107375144958 -0.6978297233581543 0.08740580081939697
vn -0.3199482262134552 -0.9468265175819397 0.03395227715373039
vn 0.7231268286705017 -0.3010704517364502 0.6216464042663574
vn 0.5171387195587158 0.061258770525455475 0.8537064790725708
vn 0.15129120647907257 -0.43227532505989075 0.8889594674110413
vn 0.6081809997558594 -0.7919837832450867 -0.05364273861050606
vn -0.06499059498310089 -0.6465393900871277 0.7601073384284973
vn -0.03879879415035248 -0.9459805488586426 0.32189369201660156
vn -0.8615828156471252 0.17219014465808868 0.47752025723457336
vn -0.9000638723373413 -0.3446429967880249 -0.266657292842865
vn 0.8323760628700256 0.15303663909435272 0.5326629281044006
vn 0.41738229990005493 0.5514019727706909 0.7223212122917175
vn 0.40882617235183716 0.15731728076934814 0.8989506959915161
vn 0.8630715012550354 -0.42268142104148865 0.27649223804473877
vn 0.8509237766265869 0.4994558095932007 -0.16270413994789124
vn 0.5700762271881104 0.8206397891044617 -0.03953976929187775
vn -0.7152578234672546 0.6321983933448792 -0.29787832498550415
vn -0.36347585916519165 0.5632593035697937 -0.7420405745506287
vn -0.7712395191192627 -0.21603579819202423 -0.5987637639045715
vn -0.953798770904541 -0.05014951899647713 0.29623129963874817
vn -0.4575772285461426 0.5490466356277466 0.6994075179100037
vn -0.3859826922416687 0.9221779108047485 0.024603908881545067
vn 0.3583742678165436 -0.7613292932510376 -0.5403199195861816
vn -0.14919936656951904 -0.6868335008621216 -0.7113363146781921
vn -0.17745818197727203 -0.7850632071495056 -0.5934511423110962
vn -0.015509488992393017 -0.8145783543586731 -0.5798463225364685
vn 0.0722169354557991 -0.46056249737739563 -0.8846846222877502
vn 0.44969451427459717 -0.3019098937511444 -0.8406099677085876
vn 0.8489567637443542 -0.14918746054172516 -0.5069669485092163
vn 0.3704180121421814 0.47412821650505066 -0.7987446188926697
vn 0.4429699182510376 0.4914108216762543 -0.7498620748519897
vn 0.455485463142395 0.6031683087348938 -0.6547678709030151
vn 0.22816364467144012 0.6658413410186768 -0.7103496193885803
vn 0.3012010157108307 0.6863793730735779 -0.6619375944137573
vn 0.17087526619434357 0.7249867916107178 -0.6672300696372986
vn 0.17191056907176971 0.6372566819190979 -0.7512327432632446
vn 0.02146940864622593 0.7397000789642334 -0.6725940704345703
vn -0.08026422560214996 0.6969006061553955 -0.7126621603965759
vn 0.06057677045464516 0.639265775680542 -0.7665961384773254
vn 0.09148050844669342 0.7178234457969666 -0.6901888847351074
vn 0.13996680080890656 0.5087082386016846 -0.8494852185249329
vn -0.2280421257019043 0.2400699406862259 -0.9435905814170837
vn -0.3049130439758301 -0.5688536763191223 -0.7638282179832458
vn -0.6491405963897705 -0.6703667044639587 -0.35947880148887634
vn -0.8812278509140015 -0.3090035617351532 0.3577069938182831
vn -0.5626791715621948 -0.6197335720062256 -0.547103762626648
vn -0.9467876553535461 -0.2749646008014679 0.16729487478733063
vn -0.5678092241287231 0.2536858320236206 0.7830939888954163
vn -0.5667557120323181 0.14640763401985168 0.8107730150222778
vn -0.6474233865737915 -0.48325973749160767 -0.5893241763114929
vn -0.9619404077529907 -0.2576327621936798 -0.09108185768127441
vn -0.7223790884017944 0.23715254664421082 0.6495590806007385
vn -0.16233785450458527 0.4933416545391083 0.854552686214447
vn -0.21751993894577026 0.413445383310318 0.8841651082038879
vn -0.9969091415405273 -0.07702760398387909 0.015456931665539742
vn -0.839260995388031 0.2577325701713562 0.4787638187408447
vn -0.28169873356819153 0.5163476467132568 0.8087217807769775
vn 0.39223751425743103 0.4626106023788452 0.7950730919837952
vn 0.25140154361724854 0.472893089056015 0.8444935083389282
vn -0.790381908416748 0.4316991865634918 0.4346633851528168
vn -0.3848024308681488 0.5962528586387634 0.7045633792877197
vn 0.3690112233161926 0.5853921175003052 0.7219048738479614
vn 0.9067541360855103 0.2655148506164551 0.3275647759437561
vn 0.8045709133148193 0.2275518774986267 0.5485305786132812
vn -0.264946311712265 0.627773106098175 0.731918215751648
vn 0.22149260342121124 0.6141221523284912 0.7574926614761353
vn 0.8431643843650818 0.41740503907203674 0.3388906419277191
vn 0.9695358276367188 -0.020782604813575745 -0.24406646192073822
vn 0.9676345586776733 -0.12575286626815796 -0.21879099309444427
vn 0.26545438170433044 0.5262585282325745 0.807827889919281
vn 0.6414767503738403 0.3863542675971985 0.6627503633499146
vn 0.9967221021652222 -0.06794005632400513 -0.04392281919717789
vn 0.5990062952041626 -0.5433192253112793 -0.5882139801979065
vn 0.6144237518310547 -0.4791695773601532 -0.6268013715744019
vn 0.036609478294849396 -0.6916940212249756 -0.7212621569633484
vn 0.014502975158393383 -0.6326509714126587 -0.7743012309074402
vn 0.5592115521430969 -0.5082478523254395 -0.6549554467201233
vn 0.03874940425157547 -0.723950982093811 -0.688762366771698
vn -0.40947186946868896 -0.6728894114494324 -0.6160785555839539
vn -0.4758363366127014 -0.5685079097747803 -0.6711024641990662
vn -0.9294969439506531 -0.15162980556488037 -0.3362199366092682
vn -0.8994228839874268 -0.2266133725643158 -0.3737444281578064
vn -0.5742887258529663 -0.496640682220459 -0.6507999897003174
vn -0.9745510816574097 -0.08974190056324005 -0.20541802048683167
vn -0.5851243138313293 -0.47103309631347656 -0.6601191759109497
vn -0.03847866505384445 -0.5740907788276672 -0.8178869485855103
vn -0.5976513028144836 -0.45035991072654724 -0.663316547870636
vn -0.0317748486995697 -0.5349155068397522 -0.8443078398704529
vn 0.49677273631095886 -0.5365481972694397 -0.682153046131134
vn 0.6615251302719116 -0.48665037751197815 -0.5705751180648804
vn 0.9271752238273621 -0.3534010946750641 -0.12431357800960541
vn 0.9887410402297974 -0.1386336088180542 0.056319523602724075
vn 0.7663889527320862 0.14139282703399658 0.6266227960586548
vn 0.8925461173057556 -0.44384047389030457 -0.07979493588209152
vn 0.659187912940979 0.04939032346010208 0.7503545880317688
vn 0.20070351660251617 0.3739258348941803 0.9054819941520691
vn 0.13011179864406586 0.3659572899341583 0.9214913249015808
vn -0.13497579097747803 0.38308048248291016 0.9138002395629883
vn 0.10549501329660416 0.49163660407066345 0.8643866777420044
vn -0.11210931092500687 0.6411111950874329 0.7592152953147888
vn 0.30961543321609497 0.9426431655883789 0.12474861741065979
vn -0.028575602918863297 0.9246761202812195 -0.37968066334724426
vn 0.3391558825969696 -0.5896715521812439 -0.7329807877540588
vn -0.19669334590435028 -0.5638922452926636 -0.8020830750465393
vn -0.8584600687026978 0.4049396812915802 0.3147538900375366
vn -0.9396493434906006 0.2108435183763504 0.2694515287876129
vn -0.36195871233940125 0.5245934724807739 0.7705762386322021
vn -0.5433621406555176 -0.6921260356903076 0.4750990569591522
vn -0.7722374796867371 -0.6206860542297363 0.13563960790634155
vn -0.29024121165275574 -0.8311220407485962 -0.474337637424469
vn 0.663231372833252 -0.7333381175994873 -0.14946353435516357
vn 0.39396071434020996 -0.42567870020866394 0.8146119713783264
vn -0.5322789549827576 -0.40655916929244995 0.7425556182861328
vn -0.7483387589454651 -0.36049574613571167 0.5568052530288696
vn 0.9988415837287903 -0.043836791068315506 0.019846955314278603
vn 0.8900497555732727 0.03630858659744263 -0.45441529154777527
vn -0.7691527605056763 -0.24604171514511108 0.5898029804229736
vn -0.901892364025116 -0.3682665526866913 0.22576525807380676
vn -0.6132084727287292 -0.24698121845722198 0.7503170967102051
vn 0.5987424850463867 -0.05956876650452614 -0.7987233400344849
vn 0.5160598158836365 0.09121397882699966 -0.8516820669174194
vn 0.7879305481910706 0.15372593700885773 -0.5962664484977722
vn -0.618094801902771 -0.330798476934433 0.7131137251853943
vn -0.1223633736371994 -0.20833566784858704 0.9703728556632996
vn -0.04178202152252197 -0.12196046113967896 0.9916551113128662
vn -0.6985492706298828 -0.2681262195110321 0.6634284257888794
vn -0.7793881893157959 -0.14917992055416107 0.608522355556488
vn -0.21620072424411774 -0.11606086790561676 0.969426155090332
vn -0.8065288066864014 -0.2922758162021637 0.5138931274414062
vn -0.8097192645072937 -0.10474982112646103 0.5773926377296448
vn -0.4764418303966522 -0.13334180414676666 0.8690357804298401
vn -0.9054598808288574 -0.05670550465583801 0.4206269383430481
vn -0.8932834267616272 -0.3707691431045532 0.25411614775657654
vn -0.7373575568199158 -0.41273656487464905 -0.5347451567649841
vn -0.8989381790161133 -0.3804119825363159 -0.21724854409694672
vn -0.7798431515693665 -0.31760174036026 0.5394198894500732
vn -0.9558612108230591 -0.21288590133190155 0.20250621438026428
vn -0.5470563173294067 -0.4153684973716736 -0.726772665977478
vn -0.7814714908599854 -0.2484845072031021 0.57232666015625
vn -0.8053990602493286 -0.012446113862097263 0.5926022529602051
vn -0.8624385595321655 0.10301429778337479 0.49556806683540344
vn -0.8993324637413025 -0.20054858922958374 0.38856324553489685
vn -0.9124875664710999 -0.24954286217689514 0.32418322563171387
vn -0.7982481718063354 -0.26507076621055603 0.540867269039154
vn -0.8046478033065796 -0.47400468587875366 0.3575773239135742
vn -0.840660572052002 -0.2017533779144287 0.502578616142273
vn -0.9154130220413208 0.1900922656059265 0.3548012673854828
vn -0.7962586879730225 -0.1562139391899109 0.584439218044281
vn 0.023729907348752022 0.9823606610298157 -0.18548446893692017
vn 0.19493789970874786 0.9746609926223755 -0.1097053661942482
vn 0.33901551365852356 0.8721192479133606 0.35281217098236084
vn 0.6827693581581116 0.6938624382019043 0.22886870801448822
vn -0.08757123351097107 0.9601525664329529 -0.2654024660587311
vn 0.05758209154009819 0.9192031621932983 -0.3895508348941803
vn -0.9872056841850281 0.08537398278713226 -0.13467079401016235
vn -0.719014048576355 0.4421447217464447 -0.5362154245376587
vn -0.4085877537727356 -0.32725104689598083 -0.8520345091819763
vn -0.9072860479354858 -0.3101276457309723 0.28399449586868286
vn -0.1587110012769699 0.7654884457588196 -0.6235690116882324
vn -0.024219784885644913 0.841178834438324 -0.5402143001556396
vn -0.13691498339176178 0.8399172425270081 -0.5251601338386536
vn -0.1055036336183548 0.6672783493995667 -0.7372981905937195
vn -0.4504702389240265 0.7461912035942078 -0.4901789128780365
vn -0.3349561393260956 0.47279077768325806 -0.8150296211242676
vn -0.9502286911010742 0.18399466574192047 0.25141850113868713
vn 0.3791188895702362 -0.3151906430721283 -0.8700136542320251
vn 0.3555404841899872 -0.33610787987709045 -0.872136652469635
vn -0.4486287832260132 -0.6035716533660889 -0.659115731716156
vn -0.06165038421750069 0.16993112862110138 -0.9835255742073059
vn 0.23530209064483643 0.16525614261627197 -0.9577699303627014
vn 0.3816458582878113 0.49192631244659424 -0.7825310230255127
vn 0.7125257253646851 -0.11219228804111481 -0.6926183104515076
vn 0.6259629130363464 -0.17288188636302948 -0.7604488134384155
vn 0.5711324214935303 0.7316078543663025 -0.3722335398197174
vn 0.9691357612609863 0.028408095240592957 -0.24488520622253418
vn 0.9684231281280518 -0.036975935101509094 -0.24655498564243317
vn 0.9314764738082886 0.05638991668820381 -0.3594047427177429
vn 0.6419338583946228 -0.05361773073673248 -0.7648830413818359
vn 0.9652470350265503 0.04566938430070877 0.2573177218437195
vn 0.9534400701522827 0.0001376752188662067 0.3015826642513275
vn 0.9389711618423462 0.10369938611984253 0.32799312472343445
vn 0.9455703496932983 0.1951848566532135 0.2603836953639984
vn 0.9702675342559814 0.10886108875274658 -0.2161717712879181
vn 0.7293546795845032 -0.04158083721995354 0.6828709840774536
vn 0.5835133194923401 0.005244108382612467 0.8120866417884827
vn 0.4856324791908264 0.08666394650936127 0.8698565363883972
vn 0.3641219139099121 0.16080032289028168 0.9173650145530701
vn 0.9107533097267151 0.24608448147773743 0.33161845803260803
vn -0.45155060291290283 -0.1416134089231491 0.8809357285499573
vn -0.5236386656761169 -0.16047178208827972 0.8366907835006714
vn 0.33620065450668335 0.1741609424352646 0.9255468845367432
vn 0.5220889449119568 0.2534234821796417 0.8143706917762756
vn 0.9177752137184143 0.3354649841785431 0.2124895304441452
vn 0.94303297996521 0.25541266798973083 0.21319767832756042
vn -0.5828120112419128 -0.1664152890443802 0.7953842878341675
vn 0.07024936378002167 -0.11941995471715927 0.9903554916381836
vn -0.8264017105102539 -0.25255832076072693 0.5032638311386108
vn -0.9221712946891785 -0.23162692785263062 -0.3097562789916992
vn -0.26408785581588745 -0.1385713368654251 -0.9544922709465027
vn -0.32216787338256836 -0.07399094849824905 -0.9437865614891052
vn -0.3068268597126007 -0.25399190187454224 -0.9172487854957581
vn 0.48831215500831604 0.05552883446216583 -0.8709005117416382
vn 0.4407181739807129 0.004149772226810455 -0.8976359367370605
vn 0.8894503712654114 0.1713263988494873 -0.4237044155597687
vn 0.9170185923576355 0.2199769914150238 -0.3326965272426605
vn 0.9648492932319641 0.2497609406709671 0.08176352083683014
vn 0.5683704018592834 0.0322897844016552 -0.8221389651298523
vn 0.9287181496620178 0.15427319705486298 -0.33716830611228943
vn 0.5738624334335327 -0.04026384651660919 -0.8179613947868347
vn -0.05748340114951134 -0.18616610765457153 -0.9808353185653687
vn -0.028466271236538887 -0.24855345487594604 -0.9681997895240784
vn 0.21459521353244781 -0.24612775444984436 -0.9451825618743896
vn -0.7726954221725464 -0.5126795172691345 -0.3743014633655548
vn 0.6739498972892761 0.14526042342185974 0.7243555188179016
vn -0.167941614985466 0.49968740344047546 0.8497694730758667
vn -0.35683587193489075 0.9172897934913635 0.17676956951618195
vn -0.4447776675224304 0.8550748825073242 -0.26649540662765503
vn 0.4702546000480652 -0.8210076093673706 0.32373934984207153
vn -0.24366135895252228 -0.9239158034324646 0.29497241973876953
vn 0.245542511343956 -0.8893954157829285 -0.3855963945388794
vn 0.831023097038269 -0.5032207369804382 -0.23700137436389923
vn 0.3056739270687103 -0.4052959084510803 0.8615676164627075
vn -0.3243104815483093 -0.5381981134414673 0.7779238224029541
vn 0.8731629848480225 -0.2932465374469757 0.3893490731716156
vn 0.9522340893745422 -0.26765623688697815 0.1470046043395996
vn 0.7160425186157227 -0.16552244126796722 0.6781485080718994
vn -0.12590160965919495 -0.14817048609256744 0.9809150099754333
vn -0.07930243760347366 0.031995199620723724 0.9963370561599731
vn 0.11144721508026123 -0.06235829368233681 0.9918119311332703
vn 0.033028677105903625 -0.16574311256408691 0.9856157302856445
vn -0.36386531591415405 -0.19175124168395996 0.9115007519721985
vn -0.3349454998970032 0.10124180465936661 0.9367825984954834
vn -0.4305908977985382 0.12781813740730286 0.8934506177902222
vn -0.5989586114883423 -0.105947345495224 0.7937403917312622
vn -0.28620806336402893 -0.05563170462846756 0.9565511345863342
vn -0.3454506993293762 0.13608050346374512 0.9285181164741516
vn -0.2447120100259781 -0.22309371829032898 0.9435810446739197
vn -0.41932645440101624 -0.18146683275699615 0.8895139694213867
vn -0.46207666397094727 -0.1359776258468628 0.8763533234596252
vn -0.1360727697610855 -0.039282578974962234 0.9899197816848755
vn 0.8152834177017212 -0.17567862570285797 0.5517698526382446
vn 0.8840435147285461 -0.1592794954776764 0.4394282400608063
vn 0.9076460003852844 -0.18195843696594238 0.37824583053588867
vn 0.8845863938331604 0.040229108184576035 0.46463802456855774
vn -0.2179563194513321 0.344963401556015 0.9129596948623657
vn -0.21035969257354736 0.6099890470504761 0.7639779448509216
vn -0.3630271255970001 0.4093697667121887 0.8370351791381836
vn 0.19336925446987152 0.6869983673095703 0.7004580497741699
vn 0.04975753650069237 0.10040882229804993 0.9937012791633606
vn 0.539585292339325 0.4886685311794281 0.6856024265289307
vn -0.823398768901825 -0.3561151623725891 0.4418104887008667
vn -0.9541855454444885 -0.29664549231529236 -0.039133258163928986
vn -0.9548232555389404 -0.29514312744140625 0.03468311205506325
vn -0.8320949077606201 -0.3290296792984009 0.4464946985244751
vn -0.9272417426109314 -0.15939746797084808 0.33884406089782715
vn -0.9609186053276062 -0.25563111901283264 0.1062454804778099
vn 0.5521496534347534 -0.031390730291604996 0.8331538438796997
vn 0.6069439649581909 -0.15505583584308624 0.7794720530509949
vn 0.9791666865348816 0.13428057730197906 -0.1523195505142212
vn 0.9730229377746582 0.2300514429807663 -0.017397306859493256
vn -0.07507915794849396 -0.9359222650527954 -0.3441116213798523
vn -0.0964735895395279 -0.9672735333442688 -0.2346796989440918
vn 0.17754146456718445 -0.9179980158805847 -0.3546247184276581
vn -0.9781997799873352 -0.2069365680217743 -0.01738801784813404
vn -0.9406585097312927 -0.29238781332969666 0.17225226759910583
vn -0.9279959201812744 -0.3460116982460022 0.13820050656795502
vn -0.9464857578277588 -0.31413739919662476 -0.07404215633869171
vn -0.9761903882026672 -0.21680334210395813 0.0069801416248083115
vn -0.8943265676498413 -0.4096440374851227 0.17992162704467773
vn -0.8485410809516907 0.1942393183708191 0.4921879470348358
vn -0.9270066022872925 -0.3745250105857849 -0.019742799922823906
vn 0.9335876703262329 -0.34516698122024536 0.09629999101161957
vn 0.831298828125 -0.5400407910346985 -0.13152286410331726
vn 0.9492273926734924 0.08169233053922653 -0.3037987947463989
vn 0.9716196656227112 0.11204475909471512 -0.20832949876785278
vn 0.6541439294815063 -0.7391482591629028 -0.16048577427864075
vn 0.5448166131973267 -0.8330691456794739 -0.09576356410980225
vn 0.06434397399425507 -0.9641005992889404 -0.25762349367141724
vn 0.1350560486316681 -0.9755778908729553 -0.1732267588376999
vn 0.12373361736536026 -0.973811686038971 -0.1907373070716858
vn 0.21860039234161377 -0.9532652497291565 -0.2085646241903305
vn -0.27233031392097473 -0.9613394737243652 0.04077490419149399
vn -0.9258849024772644 -0.30501747131347656 -0.22293822467327118
vn -0.9956308603286743 0.09308719635009766 -0.007345627527683973
vn -0.6462469696998596 0.4409559369087219 -0.6228344440460205
vn -0.6771522164344788 0.12648412585258484 -0.7248908281326294
vn -0.9418795108795166 -0.2665781080722809 -0.20444868505001068
vn 0.9226704239845276 0.38506683707237244 -0.020069831982254982
vn 0.8659225702285767 0.34806641936302185 -0.3592044711112976
vn 0.7476774454116821 0.3979021906852722 -0.5316504240036011
vn 0.8125414848327637 0.577100932598114 -0.08204203844070435
vn 0.7699706554412842 0.2775009274482727 -0.5745767951011658
vn 0.6864220499992371 0.38657572865486145 -0.6159416437149048
vn 0.5942274928092957 0.5145642757415771 -0.6181563138961792
vn 0.5563311576843262 0.23408402502536774 -0.7973081469535828
vn 0.39848628640174866 0.8607790470123291 -0.31665128469467163
vn 0.12268608063459396 0.9869983196258545 0.10383899509906769
vn 0.4288710951805115 0.8776548504829407 0.21398960053920746
vn 0.6439064145088196 0.7192142009735107 -0.2609895169734955
vn -0.19885505735874176 0.6119527816772461 -0.765487015247345
vn -0.5302530527114868 0.8477249145507812 0.013929568231105804
vn -0.2837226688861847 0.958297073841095 0.034175142645835876
vn -0.008427898399531841 0.9081739187240601 -0.41850826144218445
vn 0.7862755656242371 0.5053317546844482 -0.3555425703525543
vn 0.7137386202812195 0.5555077195167542 -0.42660096287727356
vn 0.07665316760540009 -0.9704630970954895 -0.2287481427192688
vn 0.168016254901886 -0.9409166574478149 -0.2940176725387573
vn -0.13995474576950073 0.39413076639175415 -0.9083356261253357
vn 0.06687352806329727 0.40044230222702026 -0.9138784408569336
vn -0.45298531651496887 0.3035091161727905 -0.8382641077041626
vn 0.05642593652009964 0.2832707464694977 -0.9573785662651062
vn 0.7901673913002014 -0.26369425654411316 -0.5532637238502502
vn 0.8161876201629639 0.18759015202522278 -0.5464867949485779
vn 0.6024258136749268 0.4535689651966095 -0.6567786931991577
vn 0.3029337227344513 0.5827617049217224 -0.7540689706802368
vn 0.17521168291568756 0.5381931066513062 -0.8244082927703857
vn -0.08541825413703918 0.44526273012161255 -0.891316294670105
vn 0.3935880959033966 -0.83856600522995 -0.3766900599002838
vn 0.14500027894973755 -0.4599967300891876 -0.8760011196136475
vn 0.33868733048439026 -0.11401695758104324 -0.9339651465415955
vn -0.8119910359382629 -0.5079311728477478 -0.28753533959388733
vn -0.45371073484420776 -0.8871225118637085 0.08461809158325195
vn -0.9235230088233948 -0.17812345921993256 0.3396722078323364
vn -0.9979601502418518 0.05603378266096115 -0.03059147670865059
vn -0.6166224479675293 0.20427405834197998 -0.7602952718734741
vn -0.0624363087117672 -0.5929692387580872 -0.8028007745742798
vn -0.05835422873497009 0.2891796827316284 -0.9554945826530457
vn -0.061961688101291656 0.2900630235671997 -0.954999566078186
vn 0.14212752878665924 0.5344670414924622 -0.833153486251831
vn 0.6111893653869629 0.3588506281375885 -0.7054600715637207
vn -0.023030046373605728 0.6348848938941956 -0.7722634077072144
vn 0.28388866782188416 0.7465091347694397 -0.6017735004425049
vn -0.14103452861309052 0.5322644114494324 -0.8347477912902832
vn 0.2798788547515869 0.40070822834968567 -0.8724108338356018
vn -0.7270165681838989 0.28491634130477905 -0.6247155666351318
vn -0.8502620458602905 0.19013315439224243 -0.4908195436000824
vn -0.9953426718711853 -0.09328050166368484 -0.024324575439095497
vn -0.9718521237373352 -0.19365914165973663 0.134163036942482
vn -0.975590705871582 -0.06615965068340302 -0.20939382910728455
vn -0.9466078281402588 -0.2591853439807892 0.1917204111814499
vn -0.8791552186012268 -0.39647188782691956 0.2643789052963257
vn -0.9257875084877014 -0.2782614827156067 0.25590652227401733
vn -0.9651856422424316 -0.19000095129013062 0.17976783215999603
vn -0.7957496047019958 -0.5635263919830322 0.2218570113182068
vn -0.8997099995613098 -0.3114609718322754 0.30580055713653564
vn -0.8727322816848755 -0.28770506381988525 0.3944164216518402
vn -0.48723602294921875 -0.8731501698493958 0.014484179206192493
vn -0.7357760667800903 -0.4705093801021576 0.4870879054069519
vn -0.8932076096534729 -0.34283211827278137 0.2909400761127472
vn -0.7044380307197571 -0.4276655316352844 0.5664531588554382
vn -0.40556833148002625 -0.3876721262931824 0.8277828693389893
vn -0.3956982493400574 -0.3243539035320282 0.8591958284378052
vn -0.5406941175460815 -0.4088703393936157 0.7351700663566589
vn 0.49592575430870056 0.21514631807804108 -0.8412904143333435
vn 0.19156767427921295 0.2399516999721527 -0.9516958594322205
vn -0.5798704624176025 0.5142004489898682 0.6319400072097778
vn -0.3609940707683563 0.7847878932952881 0.503777027130127
vn 0.7072762846946716 0.6477622389793396 0.28313297033309937
vn -0.1112886443734169 0.8071085214614868 0.5798196196556091
vn 0.8559941649436951 0.3706307113170624 0.36042582988739014
vn 0.6220986843109131 0.1769520491361618 0.7626802325248718
vn 0.06689276546239853 -0.1596451699733734 0.9849054217338562
vn 0.6288813352584839 -0.13210147619247437 0.7661967873573303
vn 0.27404898405075073 -0.15433910489082336 0.9492505788803101
vn -0.13441979885101318 -0.1247226670384407 0.9830440282821655
vn -0.1476474404335022 -0.2772074043750763 0.94939786195755
vn 0.03888021036982536 -0.33417022228240967 0.9417104721069336
vn -0.1407075673341751 -0.36370494961738586 0.920825719833374
vn -0.7341102957725525 -0.24714913964271545 0.6324551105499268
vn -0.7531121969223022 -0.3189294636249542 0.5754181146621704
vn -0.577616810798645 -0.31401219964027405 0.7534952163696289
vn -0.5602483749389648 -0.19655612111091614 0.8046659827232361
vn -0.5565969944000244 -0.28784260153770447 0.7793243527412415
vn -0.20299211144447327 -0.0013050833949819207 0.9791794419288635
vn -0.28691983222961426 -0.1853960156440735 0.9398431777954102
vn -0.9775916934013367 -0.19447293877601624 0.08059030026197433
vn 0.024285640567541122 0.03646835312247276 0.9990397095680237
vn -0.5083603262901306 0.47199198603630066 0.7202731370925903
vn -0.752278745174408 0.09174272418022156 0.6524263024330139
vn -0.18954604864120483 -0.31436887383461 0.9301851987838745
vn -0.9443562626838684 0.32892435789108276 0.000049960486649069935
vn -0.9957464933395386 0.022121960297226906 -0.089439757168293
vn 0.10118172317743301 0.251129150390625 0.9626507759094238
vn 0.28287795186042786 0.03200923278927803 0.958621621131897
vn 0.8535096049308777 -0.05402526631951332 0.5182688236236572
vn 0.7944741249084473 0.1524275243282318 0.587857723236084
vn 0.7180826663970947 0.0028761050198227167 0.6959517598152161
vn -0.017204973846673965 0.15541502833366394 0.9876994490623474
vn 0.7426543235778809 -0.6242648959159851 -0.24240002036094666
vn 0.679524838924408 -0.4806519150733948 -0.5542740821838379
vn 0.9137343764305115 -0.3472551107406616 -0.21095842123031616
vn 0.8550183176994324 -0.5072018504142761 0.10812036693096161
vn -0.9469463229179382 -0.05565349757671356 -0.31653672456741333
vn -0.9607475399971008 0.1399085819721222 -0.23956185579299927
vn -0.5558028817176819 0.010220551863312721 -0.8312512636184692
vn -0.6159896850585938 -0.36904430389404297 -0.6959618330001831
vn -0.771609365940094 -0.6105517745018005 0.17845338582992554
vn 0.8219956755638123 -0.32137981057167053 -0.47014692425727844
vn 0.9481312036514282 -0.23422636091709137 -0.21490761637687683
vn 0.5547093152999878 0.5856215953826904 0.5910542011260986
vn 0.2099146693944931 -0.07060729712247849 0.975166916847229
vn 0.928983211517334 0.016888057813048363 0.36973655223846436
vn 0.7300300598144531 0.6826387643814087 -0.03256416320800781
vn -0.678993284702301 0.39261144399642944 0.6203420162200928
vn -0.19290198385715485 0.9429037570953369 -0.27151674032211304
vn -0.7661553025245667 0.4761528968811035 -0.43160688877105713
vn -0.9435431957244873 0.15593044459819794 0.29225343465805054
vn -0.25900277495384216 0.1837712824344635 0.9482329487800598
vn 0.012284966185688972 0.6976309418678284 0.716352105140686
vn 0.3323131203651428 0.9398406147956848 -0.07916879653930664
vn 0.4757511019706726 0.7016372680664062 -0.5304394960403442
vn 0.1304483264684677 0.7724411487579346 -0.6215448975563049
vn 0.8685409426689148 0.25339871644973755 -0.4259410798549652
vn 0.9572246670722961 -0.24939674139022827 0.1467045694589615
vn 0.7855519652366638 -0.11178799718618393 -0.6086145043373108
vn 0.2831440567970276 0.24137042462825775 -0.9282077550888062
vn 0.5716772079467773 -0.1947733610868454 -0.7970247864723206
vn 0.213205486536026 -0.06725025177001953 -0.9746900200843811
vn -0.06891396641731262 0.1562473326921463 -0.985310971736908
vn -0.17504537105560303 0.493725061416626 -0.8518185019493103
vn -0.734463095664978 0.3046446144580841 -0.6064286828041077
vn -0.05212390050292015 0.19478625059127808 -0.9794597029685974
vn -0.6158953309059143 0.281563937664032 -0.7357953190803528
vn -0.9742002487182617 0.0735035389661789 0.21338021755218506
vn -0.8529848456382751 -0.06100776419043541 0.5183579921722412
vn -0.5093792080879211 -0.20751027762889862 0.8351479768753052
vn -0.35973426699638367 -0.2915157079696655 0.8863463401794434
vn -0.39313194155693054 -0.22067812085151672 0.8926076889038086
vn 0.04527765512466431 -0.43260642886161804 0.9004452228546143
vn 0.2884114384651184 -0.46678200364112854 0.8360224366188049
vn 0.7952109575271606 -0.5532079935073853 0.24819408357143402
vn 0.043602366000413895 -0.33866649866104126 0.9398956298828125
vn 0.7017224431037903 -0.49178144335746765 0.5154963731765747
vn 0.7037267684936523 -0.20753337442874908 -0.679483950138092
vn 0.8516885042190552 -0.38205400109291077 0.35869407653808594
vn 0.8753612041473389 -0.21418829262256622 -0.4334351122379303
vn 0.40721359848976135 0.050267744809389114 -0.911948561668396
vn 0.2739691436290741 0.05397721379995346 -0.960222601890564
vn 0.06304948776960373 0.16826596856117249 -0.9837232232093811
vn 0.4350965619087219 0.12428969889879227 -0.8917640447616577
vn 0.10659601539373398 0.17299394309520721 -0.9791375994682312
vn -0.5585815906524658 0.19002792239189148 -0.807388424873352
vn -0.8644619584083557 0.19555282592773438 -0.4631030857563019
vn -0.98362797498703 0.09392775595188141 0.15379732847213745
vn -0.8408957719802856 -0.0236511193215847 0.5406799912452698
vn -0.5480902194976807 -0.08935388922691345 0.8316327333450317
vn -0.3917734622955322 -0.16580145061016083 0.9049991965293884
vn -0.11810557544231415 -0.1893312782049179 0.9747844934463501
vn 0.1370629072189331 -0.27799633145332336 0.9507532715797424
vn 0.725310742855072 -0.30844587087631226 0.6154554486274719
vn 0.0011523091234266758 -0.16551098227500916 0.9862073063850403
vn 0.5713931918144226 -0.2722342014312744 0.7742081880569458
vn 0.9763977527618408 -0.1879328042268753 -0.10643630474805832
vn 0.801751971244812 -0.0485655814409256 -0.5956804752349854
vn 0.4794299900531769 0.09674811363220215 -0.8722308874130249
vn 0.9437251687049866 -0.08358035981655121 -0.31999555230140686
vn 0.5800098776817322 0.08651064336299896 -0.8100027441978455
vn 0.050016894936561584 0.142578586935997 -0.9885188937187195
vn -0.0908808633685112 0.15024703741073608 -0.984462559223175
vn -0.49922046065330505 0.14591437578201294 -0.8541007041931152
vn -0.7839503884315491 0.18856556713581085 -0.5914937853813171
vn -0.9749035835266113 0.18085156381130219 -0.12982937693595886
vn -0.8795410394668579 0.10313630104064941 0.46451106667518616
vn -0.5831745266914368 0.04747925326228142 0.810958206653595
vn -0.44128748774528503 -0.04547325521707535 0.8962128758430481
vn -0.06389206647872925 -0.09766391664743423 0.9931665062904358
vn -0.5061554312705994 0.07999978214502335 0.8587239384651184
vn -0.10854251682758331 -0.011547010391950607 0.9940247535705566
vn 0.478254109621048 -0.1700325459241867 0.8616042137145996
vn 0.7293568849563599 -0.2351856678724289 0.642437756061554
vn 0.991898238658905 -0.11920204758644104 -0.04391833394765854
vn 0.6547574400901794 -0.15232647955417633 0.7403306365013123
vn 0.9727122187614441 -0.14977911114692688 0.17719247937202454
vn 0.7173600196838379 0.0066304695792496204 -0.6966710686683655
vn 0.4215828776359558 0.10970942676067352 -0.9001287221908569
vn -0.00880406517535448 0.10050799697637558 -0.9948972463607788
vn -0.1406334936618805 0.12910670042037964 -0.9816077351570129
vn -0.3959539234638214 0.1452759951353073 -0.9067058563232422
vn -0.5983448028564453 0.17698559165000916 -0.781447172164917
vn -0.902247965335846 0.20529994368553162 -0.3792104423046112
vn -0.9436790943145752 0.2003343552350998 0.2633170485496521
vn -0.611257791519165 0.10502276569604874 0.7844322919845581
vn -0.9728708267211914 0.23104248940944672 0.011908472515642643
vn -0.7141635417938232 0.14781786501407623 0.6841932535171509
vn -0.1567102074623108 0.049284178763628006 0.9864141941070557
vn 0.09125039726495743 -0.02941885218024254 0.9953932762145996
vn 0.6169425249099731 -0.10620558261871338 0.7798091769218445
vn 0.05411325767636299 0.07521328330039978 0.9956982135772705
vn 0.6482709050178528 -0.06024621054530144 0.75902259349823
vn 0.9497987031936646 -0.17164716124534607 0.26157146692276
vn 0.9903517365455627 -0.13641826808452606 -0.024363018572330475
vn 0.8156979084014893 -0.14062419533729553 -0.5611253976821899
vn 0.4635296165943146 0.009382355026900768 -0.8860317468643188
vn 0.050647784024477005 0.03386813774704933 -0.9981421232223511
vn -0.1025506928563118 0.1050192192196846 -0.9891684651374817
vn -0.3196643888950348 0.1520727276802063 -0.9352478384971619
vn -0.4986569583415985 0.19577164947986603 -0.844402015209198
vn -0.9341198205947876 0.28321602940559387 -0.21727639436721802
vn -0.46562522649765015 0.18442128598690033 -0.8655530214309692
vn -0.9219018220901489 0.26385965943336487 -0.28368112444877625
vn -0.7715135216712952 0.27086949348449707 0.5756705403327942
vn -0.6018072962760925 0.20557934045791626 0.7717286944389343
vn -0.8800316452980042 0.25968241691589355 -0.3976297676563263
vn -0.8239133954048157 0.4264470338821411 0.3732423484325409
vn -0.2958311140537262 0.11396738141775131 -0.9484173059463501
vn 0.04437966272234917 0.0411699078977108 -0.998166024684906
vn 0.12300622463226318 0.01490230392664671 -0.9922940135002136
vn 0.09703251719474792 -0.1503373235464096 -0.9838614463806152
vn 0.7408839464187622 -0.13091278076171875 -0.6587510108947754
vn 0.07919976115226746 -0.761577844619751 -0.6432158946990967
vn 0.1614697426557541 -0.9011756181716919 0.40225619077682495
vn 0.3116048574447632 -0.32799383997917175 0.8918085694313049
vn 0.6017505526542664 -0.1474233865737915 -0.7849602699279785
vn 0.9734092354774475 -0.1975429505109787 0.11597952246665955
vn 0.9963276386260986 -0.08519367128610611 0.008565505966544151
vn -0.8352094888687134 -0.04944232478737831 0.547704815864563
vn -0.0020751471165567636 -0.1628825068473816 0.9866431951522827
vn -0.2418968379497528 0.27687811851501465 0.9299593567848206
vn -0.9294447302818298 0.039030447602272034 0.3668913245201111
vn -0.9954099655151367 -0.026454176753759384 0.09197444468736649
vn -0.8872512578964233 -0.41986843943595886 0.1910383552312851
vn -0.2589176595211029 -0.7153726816177368 0.6490020751953125
vn 0.5494897961616516 -0.1400831639766693 0.8236731886863708
vn 0.3215464651584625 -0.17427484691143036 0.9307180643081665
vn 0.36422860622406006 -0.6886263489723206 0.6270018219947815
vn 0.7860132455825806 -0.48970335721969604 0.37732458114624023
vn 0.4925146698951721 0.16616645455360413 0.8542938232421875
vn 0.21106863021850586 0.14332130551338196 0.9669069647789001
vn 0.45826244354248047 0.45619189739227295 0.7628135085105896
vn 0.4435517489910126 0.49630212783813477 0.7462881803512573
vn -0.2764250636100769 0.17427055537700653 0.9451025724411011
vn -0.7250323295593262 -0.06613270193338394 0.6855323314666748
vn -0.8586656451225281 -0.029567396268248558 0.5116825699806213
vn -0.8235072493553162 -0.3863096535205841 0.4154525399208069
vn -0.8777173161506653 -0.16686353087425232 0.4491868317127228
vn -0.8219377398490906 -0.19083856046199799 0.5366553664207458
vn -0.7485182881355286 -0.03399410471320152 0.6622422337532043
vn -0.9476802349090576 -0.3122452199459076 0.06637125462293625
vn -0.726409912109375 -0.39889925718307495 0.5596500039100647
vn -0.9942540526390076 -0.060688845813274384 -0.08817970007658005
vn -0.6223517060279846 -0.16118557751178741 0.7659618258476257
vn -0.7856585383415222 -0.32112687826156616 0.5287893414497375
vn -0.9279323816299438 -0.37231045961380005 0.018066145479679108
vn -0.9705934524536133 -0.12754245102405548 -0.20416004955768585
vn 0.4271772801876068 -0.4248800575733185 -0.7981206178665161
vn -0.10895951837301254 -0.5993609428405762 -0.7930286526679993
vn -0.2642240822315216 -0.2263740450143814 -0.937518298625946
vn 0.22585876286029816 0.027539921924471855 -0.9737706780433655
vn 0.7399953603744507 0.07809031754732132 -0.6680634617805481
vn 0.7717742919921875 -0.5565479397773743 -0.30760154128074646
vn 0.1322789341211319 -0.22519907355308533 0.9652915596961975
vn -0.07777843624353409 -0.36009660363197327 0.929667055606842
vn -0.11038636416196823 -0.3109544515609741 0.9439926743507385
vn 0.07177815586328506 -0.09156755357980728 0.9932085871696472
vn 0.33504873514175415 0.4310929477214813 0.8377953767776489
vn -0.16297249495983124 -0.010003085248172283 0.9865798950195312
vn 0.5193979740142822 0.24681881070137024 0.8181114196777344
vn -0.834929883480072 -0.5149750113487244 0.19414645433425903
vn -0.5406287312507629 -0.4009135663509369 0.7395868897438049
vn -0.9054359197616577 0.28482189774513245 0.3147413432598114
vn -0.932648241519928 0.06717345118522644 -0.3544785976409912
vn -0.6204093098640442 -0.7514364719390869 -0.22457873821258545
vn -0.4863831102848053 -0.6047402620315552 0.63065105676651
vn -0.7755385637283325 -0.1069396510720253 -0.6221768260002136
vn -0.7523797154426575 0.6014704704284668 0.2686227858066559
vn -0.6288770437240601 0.7457104325294495 0.22006720304489136
vn -0.338782399892807 0.864509105682373 0.3712823688983917
vn -0.3552195429801941 0.933530330657959 0.0483785942196846
vn -0.3885234296321869 -0.32195088267326355 -0.8633639216423035
vn -0.33245259523391724 -0.6365405321121216 -0.6959105730056763
vn -0.7322173714637756 0.5010042190551758 -0.4613593816757202
vn -0.6614701747894287 0.7398455739021301 -0.12282390892505646
vn -0.842305600643158 0.537513792514801 -0.040000393986701965
vn -0.8695014119148254 0.2947826385498047 -0.396321177482605
vn 0.7996447682380676 0.6004655361175537 -0.003040002193301916
vn 0.36104899644851685 0.7635647654533386 0.5353621244430542
vn 0.7237824201583862 0.43698596954345703 0.5340245366096497
vn 0.8396797180175781 0.538923978805542 -0.067073293030262
vn 0.6171963810920715 0.7283149361610413 -0.2977008819580078
vn 0.2783382833003998 0.9346218109130859 0.22138147056102753
vn 0.6918261647224426 0.39642927050590515 -0.6035067439079285
vn 0.6227147579193115 0.5942737460136414 -0.5089843273162842
vn 0.7184814810752869 0.41183748841285706 -0.560512363910675
vn -0.3223365247249603 -0.6445985436439514 -0.6932474374771118
vn -0.4592513144016266 -0.8333562016487122 -0.30758029222488403
vn 0.19971217215061188 0.93145352602005 -0.3041536808013916
vn -0.010043308138847351 -0.22402089834213257 -0.9745326042175293
vn 0.021189067512750626 0.09245498478412628 -0.9954913854598999
vn 0.46800804138183594 0.18717922270298004 -0.8636738061904907
vn 0.5184996128082275 0.23716232180595398 -0.8215303421020508
vn -0.5722006559371948 0.1298554241657257 -0.8097678422927856
vn 0.45563268661499023 0.48544883728027344 -0.746148943901062
vn -0.0808643251657486 0.664499044418335 -0.742901086807251
vn -0.7958687543869019 0.558462381362915 -0.2339073121547699
vn 0.44244691729545593 0.1850644052028656 -0.87749183177948
vn 0.009787041693925858 -0.13497276604175568 -0.9908010363578796
vn -0.48562249541282654 -0.5872463583946228 -0.6475436091423035
vn -0.1768215000629425 -0.28784850239753723 -0.9412106275558472
vn -0.5876275897026062 -0.5636123418807983 -0.5805471539497375
vn -0.6768976449966431 -0.6584480404853821 -0.32902252674102783
vn -0.6119436621665955 -0.7718901038169861 -0.1723678559064865
vn -0.7242482900619507 -0.6497748494148254 0.23077470064163208
vn -0.5826181173324585 -0.6025890707969666 0.5453827977180481
vn -0.45740988850593567 -0.6855331659317017 0.5664103031158447
vn -0.36616837978363037 -0.3314638137817383 0.8695127964019775
vn -0.2503820061683655 -0.35413679480552673 0.9010527729988098
vn -0.20588678121566772 -0.41491007804870605 0.8862618803977966
vn -0.4286017417907715 -0.010678260587155819 0.9034304618835449
vn -0.540643572807312 0.6884753704071045 0.48343154788017273
vn -0.24837861955165863 0.7073830366134644 0.6617531180381775
vn -0.22494904696941376 -0.16610261797904968 0.96010822057724
vn -0.4690251648426056 -0.30180802941322327 0.8300164341926575
vn -0.3176835775375366 -0.11342737823724747 0.9413880109786987
vn 0.042857009917497635 0.18184781074523926 0.9823923110961914
vn 0.23710457980632782 0.1556859165430069 0.9589282274246216
vn 0.6856511235237122 0.5506030917167664 0.4761500060558319
vn 0.26096129417419434 0.35439690947532654 0.8979431986808777
vn 0.6641001105308533 0.6069369912147522 0.4365760087966919
vn 0.8084656000137329 0.5499446392059326 -0.209629088640213
vn 0.8128589987754822 0.489046186208725 -0.3163764178752899
vn 0.7039093971252441 0.37398260831832886 -0.6038615107536316
vn 0.6747472882270813 0.3485502004623413 -0.6505603194236755
vn 0.5203151702880859 0.20361652970314026 -0.829344630241394
vn 0.6861991882324219 0.32277289032936096 -0.65188068151474
vn 0.553825855255127 0.18967899680137634 -0.8107396364212036
vn -0.0594809465110302 -0.27728399634361267 -0.958945095539093
vn 0.4980926513671875 0.12332767993211746 -0.858308732509613
vn 0.02893858030438423 -0.21904893219470978 -0.9752846360206604
vn -0.5744684338569641 -0.5054951906204224 -0.6437862515449524
vn -0.6425638198852539 -0.5684359073638916 -0.5138018727302551
vn -0.7771792411804199 -0.5426852107048035 -0.3185673952102661
vn -0.7726219892501831 -0.6018834114074707 -0.20196953415870667
vn -0.8263866305351257 -0.5135892033576965 0.23089250922203064
vn -0.7362589836120605 -0.46883854269981384 0.4879685640335083
vn -0.575926661491394 -0.2559402287006378 0.7764039039611816
vn -0.5018576979637146 -0.2180873602628708 0.8370046019554138
vn -0.3503689467906952 -0.056794051080942154 0.9348883628845215
vn -0.2533067762851715 -0.017263341695070267 0.9672319293022156
vn 0.2160307914018631 0.34973666071891785 0.9116002321243286
vn -0.2861347794532776 0.029826421290636063 0.9577249884605408
vn 0.15008820593357086 0.3576435446739197 0.9217182993888855
vn 0.7542169094085693 0.5631004571914673 0.3377494513988495
vn 0.8011834025382996 0.5801472663879395 0.14674629271030426
vn 0.8316184878349304 0.46070337295532227 -0.31010153889656067
vn 0.7889781594276428 0.4269636571407318 -0.44183215498924255
vn 0.6919991374015808 0.31385305523872375 -0.6501027345657349
vn 0.811850368976593 0.42659807205200195 -0.3986389636993408
vn 0.6978031396865845 0.3100963234901428 -0.6456865072250366
vn 0.49257025122642517 0.1292872577905655 -0.8606157302856445
vn 0.6732410192489624 0.26320916414260864 -0.6909902095794678
vn 0.5006183981895447 0.14757946133613586 -0.8529956340789795
vn 0.04957176744937897 -0.12052231281995773 -0.9914721846580505
vn -0.22438287734985352 -0.30974292755126953 -0.9239650964736938
vn -0.5878731608390808 -0.39126840233802795 -0.708035409450531
vn -0.665275514125824 -0.4767094552516937 -0.5745925307273865
vn -0.8519623279571533 -0.4515857696533203 -0.2650103271007538
vn -0.8440936207771301 -0.5252270102500916 -0.10790099203586578
vn -0.8475849032402039 -0.40038564801216125 0.34826889634132385
vn -0.7501904964447021 -0.3924742341041565 0.5321447849273682
vn -0.6137203574180603 -0.20726338028907776 0.7618328332901001
vn -0.5276532173156738 -0.18062135577201843 0.8300350308418274
vn -0.33009716868400574 0.027634896337985992 0.9435423612594604
vn -0.39249539375305176 0.04953831061720848 0.9184188842773438
vn 0.33261656761169434 0.39938119053840637 0.8543189167976379
vn 0.49081358313560486 0.4737449586391449 0.7312098145484924
vn 0.8251702785491943 0.5360986590385437 0.1780232936143875
vn 0.8568305373191833 0.5141273736953735 0.03891807422041893
vn 0.8257017731666565 0.4179963767528534 -0.3788081109523773
vn 0.8263804912567139 0.5558500289916992 0.09014449268579483
vn 0.7931241393089294 0.44710105657577515 -0.41358765959739685
vn 0.667998731136322 0.2857411205768585 -0.6871168613433838
vn 0.7512858510017395 0.44094976782798767 -0.49105292558670044
vn 0.6252322196960449 0.36322689056396484 -0.6907612085342407
vn 0.4248267710208893 0.24172581732273102 -0.8724052906036377
vn 0.36341729760169983 0.09390826523303986 -0.9268813133239746
vn -0.10293979942798615 -0.09180174767971039 -0.9904422163963318
vn -0.23378609120845795 -0.21332120895385742 -0.9485980272293091
vn -0.567529559135437 -0.20428268611431122 -0.7976081371307373
vn -0.7098779082298279 -0.3337153196334839 -0.6202477216720581
vn -0.4734779894351959 -0.20032134652137756 -0.8577237725257874
vn -0.422487735748291 -0.8297113180160522 -0.36480602622032166
vn 0.2921740412712097 -0.9369286894798279 -0.1918306052684784
vn -0.2643984854221344 -0.9355984926223755 0.2339847981929779
vn 0.43369707465171814 -0.8927631974220276 0.12198638916015625
vn -0.23308910429477692 -0.925544261932373 0.29839131236076355
vn 0.8707678318023682 -0.46609801054000854 -0.1565760374069214
vn 0.8637666702270508 0.17109039425849915 -0.4739568531513214
vn 0.9463169574737549 0.20408180356025696 0.25066858530044556
vn 0.8049720525741577 0.59197598695755 0.03980564698576927
vn 0.02046201191842556 -0.07386861741542816 0.997058093547821
vn -0.27505090832710266 0.10321816802024841 0.9558728933334351
vn -0.3194143772125244 -0.3087853193283081 0.8958940505981445
vn -0.026187842711806297 -0.5367763042449951 0.8433181047439575
vn 0.6415101885795593 -0.4211578369140625 0.6411635875701904
vn 0.6039343476295471 0.04216780886054039 0.795917809009552
vn 0.11058585345745087 0.2639964520931244 0.9581631422042847
vn 0.8589685559272766 0.06918667256832123 0.5073326230049133
vn 0.8401367664337158 0.12765145301818848 0.527138888835907
vn 0.1919865608215332 0.16134755313396454 0.9680433869361877
vn -0.6279773712158203 0.22496473789215088 0.7450069189071655
vn -0.6536721587181091 0.36970674991607666 0.6603254079818726
vn 0.6961672902107239 0.10978729277849197 0.7094348669052124
vn -0.7461633682250977 0.34631797671318054 0.568598210811615
vn -0.9469078183174133 0.22042393684387207 -0.23404918611049652
vn -0.9854347109794617 0.06003382056951523 -0.15910427272319794
vn -0.9957591891288757 -0.035692792385816574 -0.08479174226522446
vn -0.9875335097312927 0.1340118646621704 -0.08257294446229935
vn -0.9564518332481384 -0.22625848650932312 -0.18440979719161987
vn -0.9631516337394714 0.00773922773078084 0.26884791254997253
vn -0.8910890221595764 -0.00081871438305825 -0.4538279175758362
vn 0.9579935073852539 -0.2867574393749237 -0.00431906059384346
vn 0.957766592502594 -0.21375267207622528 0.19233520328998566
vn 0.7707797288894653 -0.637029230594635 -0.009609796106815338
vn 0.9265806674957275 -0.3530290722846985 -0.12968656420707703
vn 0.9495192170143127 -0.28243952989578247 -0.13653238117694855
vn 0.6790474057197571 -0.5971154570579529 -0.4270218014717102
vn -0.9364244341850281 -0.02716934122145176 -0.34981581568717957
vn -0.9998152256011963 0.017415881156921387 0.008140552788972855
vn -0.9866302609443665 0.1629728078842163 0.0006600290071219206
vn -0.9521709680557251 0.2681373059749603 -0.14653624594211578
vn -0.7381659150123596 0.20040567219257355 -0.6441650986671448
vn 0.5288211703300476 -0.20695939660072327 -0.8231135606765747
vn -0.9850315451622009 0.15520527958869934 0.07499472796916962
vn -0.41562697291374207 0.09755188971757889 -0.9042885899543762
vn -0.32530727982521057 0.14237040281295776 -0.9348292946815491
vn -0.5920292735099792 0.09139057993888855 -0.8007177710533142
vn -0.25101974606513977 -0.029457811266183853 0.9675336480140686
vn -0.6590437293052673 0.5826600193977356 0.475571870803833
vn -0.7971619963645935 -0.35567107796669006 0.4878840446472168
vn -0.2760932743549347 -0.3539172410964966 0.8935967683792114
vn 0.15062017738819122 0.43777230381965637 0.8863797187805176
vn -0.040503423660993576 0.82955002784729 0.5569615960121155
vn 0.5095739364624023 0.20215941965579987 0.8363408446311951
vn -0.8171939849853516 -0.21922452747821808 0.5330427885055542
vn -0.57193922996521 -0.23680034279823303 0.7853732109069824
vn 0.5232221484184265 -0.11650572717189789 0.8441948294639587
vn 0.8369284868240356 0.4350466728210449 0.3320920765399933
vn 0.2289169877767563 -0.4779506325721741 0.8480331301689148
vn 0.982703685760498 -0.037582289427518845 0.1813313215970993
vn -0.6220484972000122 -0.2909347712993622 0.7269200086593628
vn -0.9793338179588318 -0.1831524670124054 -0.08579293638467789
vn -0.9951768517494202 -0.07044834643602371 -0.06826373934745789
vn -0.7212628722190857 -0.17048919200897217 0.6713517904281616
vn 0.011958133429288864 -0.2745155394077301 0.9615083336830139
vn 0.2074373960494995 -0.41953521966934204 0.8837194442749023
vn -0.8943621516227722 0.30423370003700256 0.3279607892036438
vn 0.4827174246311188 0.8454776406288147 0.2283669412136078
vn 0.6271035075187683 0.7786571979522705 0.02083251252770424
vn -0.130039781332016 0.9915088415145874 -0.00015491292288061231
vn 0.8279696702957153 0.5477198362350464 -0.12028778344392776
vn 0.29172250628471375 0.9079686999320984 -0.30081668496131897
vn 0.9234350919723511 0.15725933015346527 -0.350053071975708
vn 0.6063709855079651 0.6784676313400269 -0.41472411155700684
vn -0.1965661495923996 0.9435335993766785 -0.2666572034358978
vn 0.1816796064376831 0.5006152391433716 -0.8463906049728394
vn 0.007450486533343792 0.5137320756912231 -0.8579182624816895
vn -0.0180789977312088 0.5389825105667114 -0.8421229124069214
vn -0.7985416054725647 0.34339162707328796 -0.4943818747997284
vn -0.7618821859359741 0.6271826028823853 0.16179461777210236
vn -0.8775027394294739 -0.12022919952869415 -0.46425625681877136
vn -0.9083824157714844 -0.10684534907341003 0.40425899624824524
vn -0.25751104950904846 0.027276813983917236 -0.9658903479576111
vn 0.28612133860588074 0.14513340592384338 -0.9471383094787598
vn 0.8610454201698303 -0.11362249404191971 -0.49567198753356934
vn 0.4505102038383484 -0.021636903285980225 -0.8925091028213501
vn -0.041997794061899185 0.11540479958057404 -0.9924302697181702
vn -0.018792837858200073 0.1573781967163086 -0.9873595237731934
vn -0.46699079871177673 0.02421191707253456 -0.8839306235313416
vn -0.05696490406990051 0.18979814648628235 -0.9801692962646484
vn -0.6927475333213806 0.12847144901752472 -0.7096449136734009
vn -0.04668722301721573 0.1993512213230133 -0.9788152575492859
vn -0.6766499876976013 0.1828298270702362 -0.7132447361946106
vn -0.999512791633606 0.026852570474147797 0.015913987532258034
vn -0.8075584769248962 0.1803794652223587 -0.5615270733833313
vn -0.9974404573440552 0.07106615602970123 -0.007888877764344215
vn -0.792253315448761 -0.08599741756916046 0.6041018962860107
vn -0.501713216304779 -0.1749182492494583 0.8471643924713135
vn -0.03820721060037613 -0.19422730803489685 0.9802122712135315
vn 0.1984098255634308 -0.2472003996372223 0.9484332203865051
vn 0.67598557472229 -0.23125402629375458 0.6996892690658569
vn 0.8683223724365234 -0.2986639440059662 0.3959999680519104
vn 0.8550229072570801 -0.33306968212127686 0.39749279618263245
vn 0.9313092231750488 -0.29029425978660583 0.2199825495481491
vn 0.9373415112495422 -0.15267600119113922 -0.3131787180900574
vn 0.8484182953834534 -0.13202688097953796 -0.5125967264175415
vn 0.6605921983718872 0.030847154557704926 -0.750110924243927
vn 0.38637998700141907 0.07660289853811264 -0.9191531538963318
vn 0.9818058609962463 -0.07926957309246063 -0.17255057394504547
vn 0.7097249627113342 0.07610071450471878 -0.7003564834594727
vn -0.028650885447859764 0.198441281914711 -0.9796939492225647
vn 0.6094847917556763 0.11756999045610428 -0.7840315699577332
vn 0.06319425255060196 0.14641819894313812 -0.9872022271156311
vn -0.7454525828361511 0.16596849262714386 -0.6455655694007874
vn -0.07489428669214249 0.1147577092051506 -0.9905663132667542
vn -0.622934877872467 0.14012089371681213 -0.7696221470832825
vn -0.9938436150550842 0.10454675555229187 -0.036672648042440414
vn -0.9808652400970459 0.049957890063524246 0.18816925585269928
vn -0.7810336351394653 -0.01258016750216484 0.6243621706962585
vn -0.5797225832939148 -0.08997122198343277 0.8098313212394714
vn -0.11479095369577408 -0.10074718296527863 0.988267719745636
vn 0.18749366700649261 -0.15309399366378784 0.9702620506286621
vn 0.6901489496231079 -0.09821785986423492 0.716971218585968
vn 0.8915430307388306 -0.11130494624376297 0.4390469789505005
vn 0.9995411038398743 -0.008786600083112717 -0.028989281505346298
vn 0.9649156928062439 -0.0025307086762040854 -0.26254764199256897
vn 0.6596611738204956 0.09344929456710815 -0.7457307577133179
vn 0.9861032962799072 0.05116310715675354 -0.15805909037590027
vn 0.7103965282440186 0.10077913105487823 -0.6965488791465759
vn -0.011031453497707844 0.09366679191589355 -0.9955425262451172
vn 0.5314752459526062 0.0892760157585144 -0.8423561453819275
vn -0.01328496914356947 0.04186077043414116 -0.9990351796150208
vn -0.47777101397514343 0.0629163607954979 -0.8762285113334656
vn -0.7834212779998779 0.13882020115852356 -0.6057888269424438
vn -0.9799863696098328 0.13099044561386108 -0.14989401400089264
vn -0.9734271168708801 0.09887564182281494 0.2065509408712387
vn -0.740780770778656 0.06263309717178345 0.6688206791877747
vn -0.5863848328590393 -0.012255893088877201 0.8099399209022522
vn -0.10917120426893234 -0.01784759946167469 0.9938627481460571
vn 0.17454764246940613 -0.0721333771944046 0.9820029735565186
vn 0.6688253879547119 -0.04820743203163147 0.7418548464775085
vn 0.8749812841415405 -0.04403729736804962 0.4821498990058899
vn 0.9990756511688232 0.025195110589265823 -0.03483034670352936
vn 0.8057264685630798 -0.012595121748745441 0.5921539068222046
vn 0.9916203022003174 0.021410882472991943 0.12739993631839752
vn 0.6280509829521179 0.040034838020801544 -0.7771416306495667
vn 0.9991655945777893 0.035786233842372894 0.01968320831656456
vn 0.740226149559021 -0.011447344906628132 -0.672260582447052
vn 0.015018023550510406 -0.0035473492462188005 -0.999880850315094
vn -0.10330551862716675 0.017815208062529564 -0.9944900870323181
vn -0.37684881687164307 0.04870254918932915 -0.9249935150146484
vn -0.6481044292449951 0.08080863207578659 -0.7572519779205322
vn -0.9520686864852905 0.1255020648241043 -0.2789525091648102
vn -0.9709915518760681 0.14258360862731934 0.19195160269737244
vn -0.7118207812309265 0.14386068284511566 0.6874701976776123
vn -0.5564477443695068 0.07450864464044571 0.8275351524353027
vn -0.10340966284275055 0.13292430341243744 0.9857168197631836
vn 0.21061940491199493 0.031668521463871 0.977055013179779
vn 0.7360027432441711 0.037108030170202255 0.6759607195854187
vn 0.9957278966903687 0.0005164960166439414 0.09233438968658447
vn 0.9987021684646606 0.02699473313987255 -0.043188828974962234
vn 0.7808679342269897 -0.013058795593678951 -0.6245596408843994
vn 0.501080334186554 -0.017783978953957558 -0.8652180433273315
vn 0.07990159094333649 0.03617643564939499 -0.9961460828781128
vn -0.029954003170132637 0.0472952201962471 -0.9984317421913147
vn 0.7131713032722473 -0.014221856370568275 -0.70084547996521
vn 0.046001579612493515 0.0010669679613783956 -0.9989408254623413
vn 0.024751558899879456 -0.12162584066390991 -0.992267370223999
vn -0.24684074521064758 -0.07732654362916946 -0.9659660458564758
vn 0.042128171771764755 -0.5193116664886475 -0.8535459637641907
vn -0.4431892931461334 -0.6360000967979431 -0.6317334771156311
vn 0.04829287901520729 -0.997231662273407 0.05654117092490196
vn -0.5071329474449158 -0.7921774983406067 0.33951589465141296
vn 0.9987668991088867 -0.03426684811711311 0.03592170402407646
vn -0.6644171476364136 -0.1147332563996315 0.7385026812553406
vn 0.3802493214607239 0.33969178795814514 0.8602442145347595
vn 0.24290475249290466 0.8194002509117126 0.5192112922668457
vn -0.8747987151145935 0.2653769254684448 0.40534213185310364
vn -0.8157923817634583 -0.46411728858947754 0.3450768291950226
vn -0.6026771664619446 -0.6389781832695007 0.47800326347351074
vn 0.5916605591773987 -0.42800191044807434 0.6831926107406616
vn 0.4378977417945862 -0.880433976650238 0.18188373744487762
vn 0.9343644976615906 0.3543105125427246 0.037776682525873184
vn 0.9931817650794983 0.06746456027030945 -0.09507126361131668
vn 0.9188343286514282 0.3263338804244995 0.22192271053791046
vn 0.9960346817970276 0.0874280110001564 0.016470158472657204
vn -0.09170319139957428 -0.9879664182662964 0.12455049902200699
vn -0.6468828320503235 -0.6043533086776733 0.46508023142814636
vn -0.49220719933509827 -0.8632649779319763 -0.11182902753353119
vn 0.11314232647418976 -0.9914780855178833 -0.06457695364952087
vn 0.705224871635437 -0.5229837894439697 0.4786917269229889
vn -0.7619391679763794 -0.5330976843833923 0.3677709996700287
vn -0.7202480435371399 -0.5789114832878113 0.3822360038757324
vn -0.38882696628570557 -0.9205414652824402 -0.03764228895306587
vn -0.7871624231338501 0.23237459361553192 0.5712944865226746
vn -0.665988564491272 0.23522277176380157 0.7079049348831177
vn -0.20897769927978516 -0.9359835386276245 -0.28330740332603455
vn -0.5323264598846436 0.5140822529792786 0.6725682020187378
vn -0.5710484981536865 0.45156022906303406 0.6855632066726685
vn -0.5442166328430176 0.4805387854576111 0.6876850724220276
vn -0.5281933546066284 0.4195215702056885 0.7382503151893616
vn -0.5893318057060242 0.280952125787735 0.7574654221534729
vn -0.35859382152557373 0.43912744522094727 0.8237581849098206
vn -0.045833177864551544 0.08424735814332962 0.9953902959823608
vn -0.2692941129207611 0.10606067627668381 0.9571999311447144
vn -0.19051095843315125 0.6880152821540833 0.7002431154251099
vn 0.12987081706523895 0.1783730387687683 0.9753546714782715
vn 0.29403209686279297 -0.03875826671719551 0.9550092816352844
vn 0.3378137946128845 -0.11560696363449097 0.9340860843658447
vn 0.8797546029090881 0.057482849806547165 0.4719402492046356
vn 0.8326411843299866 0.13641507923603058 0.5367490649223328
vn 0.7616181969642639 0.3874377906322479 0.5194512605667114
vn 0.49831250309944153 0.05598832294344902 0.8651878237724304
vn -0.6082029938697815 0.5611456632614136 0.5614309310913086
vn -0.7629830837249756 0.33206865191459656 0.5546055436134338
vn -0.6213923096656799 0.5833386182785034 0.5230559706687927
vn -0.5943301916122437 0.6069058775901794 0.5276712775230408
vn -0.3522900938987732 -0.935890257358551 -0.0011215455597266555
vn -0.44472599029541016 -0.879097044467926 0.17148537933826447
vn -0.27635228633880615 -0.9145891070365906 0.29522255063056946
vn -0.3641115427017212 -0.9186283349990845 0.1534431427717209
vn -0.8349252939224243 -0.3599756956100464 0.41631388664245605
vn 0.08102738112211227 -0.963882565498352 -0.25370246171951294
vn 0.47008612751960754 -0.8794771432876587 0.07442477345466614
vn 0.27405598759651184 -0.9471216201782227 0.16689512133598328
vn 0.0016049400437623262 -0.9561680555343628 -0.2928139865398407
vn 0.05289950966835022 -0.9981966018676758 -0.028375443071126938
vn 0.16085630655288696 -0.9869778752326965 0.0000693468755343929
vn 0.7263486981391907 -0.683673083782196 -0.07077290117740631
vn -0.48116856813430786 -0.7572261095046997 0.4416848421096802
vn -0.16206280887126923 -0.7659527063369751 0.6221350431442261
vn -0.23432153463363647 -0.8373575806617737 0.4938884973526001
vn -0.18065249919891357 0.23238946497440338 0.9556986093521118
vn 0.45457854866981506 0.24649396538734436 0.8559199571609497
vn 0.16233350336551666 0.7781177163124084 0.6067788004875183
vn -0.6014711856842041 0.3910554349422455 0.6966405510902405
vn -0.3575877547264099 -0.8735066652297974 0.33032867312431335
vn 0.9700828194618225 0.21507929265499115 0.1126062273979187
vn 0.9755088090896606 0.19972892105579376 -0.09214652329683304
vn 0.9199354648590088 0.37037432193756104 0.12861499190330505
vn 0.9739998579025269 0.20592337846755981 -0.09444477409124374
vn 0.1780337244272232 0.9803913235664368 -0.08447974175214767
vn 0.2762293219566345 -0.9599825739860535 -0.04616096243262291
vn 0.7034138441085815 -0.6813501119613647 -0.20241333544254303
vn -0.9262095093727112 0.3536756634712219 -0.13057391345500946
vn -0.6730230450630188 0.5661360025405884 0.4759516417980194
vn -0.6446930766105652 0.6359891295433044 0.4241328239440918
vn -0.8424228429794312 0.47109103202819824 -0.2615281045436859
vn -0.6101566553115845 0.22066965699195862 -0.7609295845031738
vn -0.5439040660858154 0.10514836758375168 -0.8325335383415222
vn -0.45424970984458923 0.10375422239303589 -0.8848118782043457
vn -0.7271522879600525 0.1962997317314148 -0.6578114628791809
vn 0.9923566579818726 0.1231548860669136 -0.007822057232260704
vn 0.9842536449432373 0.16009072959423065 0.07493768632411957
vn 0.9453234672546387 0.3086946904659271 0.1052192822098732
vn 0.9706878066062927 0.15586890280246735 0.18294833600521088
vn 0.9982091784477234 0.05871253088116646 -0.011454126797616482
vn 0.9907968044281006 0.1332084685564041 -0.024025673046708107
vn 0.9460737705230713 0.3226760923862457 0.028715673834085464
vn 0.9755645990371704 0.21875928342342377 0.020447298884391785
vn 0.9957132935523987 0.0901125892996788 0.020851731300354004
vn 0.06046661362051964 -0.997785747051239 -0.02770232781767845
vn 0.15087057650089264 -0.9884781241416931 0.012214921414852142
vn -0.04315705969929695 -0.7698878645896912 -0.636718213558197
vn 0.060828883200883865 -0.5772674083709717 -0.8142862319946289
vn -0.6352431178092957 0.7242281436920166 -0.2682533264160156
vn -0.6080275177955627 0.7525774240493774 0.2528432011604309
vn -0.41957932710647583 0.7776089906692505 -0.4682706892490387
vn 0.28775325417518616 0.5691370964050293 -0.7702473998069763
vn 0.9752930402755737 0.2207556813955307 0.00838401634246111
vn 0.9786794185638428 0.2049473524093628 -0.013535242527723312
vn 0.634431004524231 0.22917065024375916 -0.7382262945175171
vn -0.0013939456548541784 0.13598515093326569 -0.9907098412513733
vn -0.042420029640197754 0.1546085625886917 -0.9870647192001343
vn -0.12635737657546997 0.5186176896095276 -0.8456177711486816
vn 0.6794294118881226 0.10962150245904922 -0.7255058288574219
vn 0.9724289178848267 0.22012555599212646 0.07698498666286469
vn 0.9889554977416992 0.1252669394016266 -0.0792165994644165
vn 0.739161491394043 0.0957244485616684 -0.6666911840438843
vn 0.17823176085948944 0.13424570858478546 -0.9747879505157471
vn 0.8176228404045105 -0.31075143814086914 -0.4846920669078827
vn 0.3501107096672058 -0.10031715780496597 -0.9313210248947144
vn -0.02740299515426159 -0.057723402976989746 -0.997956395149231
vn -0.07875891774892807 0.1341366022825241 -0.9878280758857727
vn -0.03409680351614952 0.014619769528508186 -0.999311625957489
vn -0.06354538351297379 0.1249721348285675 -0.9901232123374939
vn -0.10039709508419037 0.21026290953159332 -0.9724761247634888
vn -0.16295698285102844 0.10147898644208908 -0.9814006090164185
vn -0.34202611446380615 0.3088308572769165 -0.8874917030334473
vn -0.530855655670166 0.7180101871490479 -0.4501705765724182
vn -0.7195612192153931 0.6942305564880371 -0.01660027727484703
vn -0.4763111174106598 0.8243517875671387 -0.30589503049850464
vn 0.5442712306976318 0.7983750700950623 -0.2576163113117218
vn -0.7840092182159424 0.5267993211746216 0.32834741473197937
vn -0.6865338087081909 0.7077249884605408 0.16672301292419434
vn -0.18836724758148193 0.030208995565772057 -0.9816340208053589
vn -0.4673299193382263 -0.2966228723526001 -0.8328371047973633
vn 0.24370639026165009 -0.7020891904830933 -0.6690874099731445
vn -0.2112509310245514 -0.9451026320457458 -0.24930687248706818
vn 0.9991658926010132 -0.03203825280070305 -0.025319786742329597
vn 0.9133932590484619 -0.00037793416413478553 0.4070780873298645
vn 0.7716137766838074 -0.3353497385978699 0.5405114889144897
vn 0.48683393001556396 -0.13317887485027313 0.8632821440696716
vn 0.39509642124176025 -0.39938509464263916 0.8272789120674133
vn 0.5156480669975281 -0.5242454409599304 0.6776973605155945
vn 0.39810556173324585 -0.3026964068412781 0.8659600615501404
vn 0.5727204084396362 -0.20045554637908936 0.7948639988899231
vn 0.8700262308120728 -0.02769663743674755 0.4922267496585846
vn 0.6062570214271545 -0.1052437573671341 0.7882741689682007
vn -0.8644086718559265 -0.34474530816078186 -0.3659895658493042
vn 0.06422726064920425 -0.9946337342262268 0.08110874891281128
vn 0.013373414985835552 -0.9720339179039001 0.23445925116539001
vn -0.08618525415658951 -0.995711088180542 0.033640056848526
vn -0.9330519437789917 -0.29409095644950867 0.20718269050121307
vn 0.0021812126506119967 0.11897911876440048 0.9928943514823914
vn 0.31332099437713623 -0.08718057721853256 0.945637047290802
vn 0.33956804871559143 -0.14442577958106995 0.9294270873069763
vn -0.2637859582901001 -0.2014457732439041 0.9433114528656006
vn -0.12020815908908844 -0.43926045298576355 0.8902810215950012
vn 0.19677771627902985 -0.21557767689228058 0.9564542770385742
vn 0.005345979239791632 0.05844568461179733 0.9982763528823853
vn -0.288691908121109 0.06672187894582748 0.9550943374633789
vn -0.4302056133747101 -0.1884683072566986 0.8828380107879639
vn -0.43785589933395386 -0.45143866539001465 0.7774866223335266
vn 0.9631270170211792 -0.2464977204799652 0.10782083868980408
vn 0.8799068927764893 0.07435382902622223 0.4692925214767456
vn 0.43584081530570984 -0.2571665942668915 0.8625010848045349
vn 0.5731484293937683 -0.6794199347496033 0.45813676714897156
vn 0.41620123386383057 -0.570431113243103 -0.7080853581428528
vn 0.20563443005084991 -0.42610904574394226 -0.8809912204742432
vn 0.1129862442612648 -0.6586378812789917 -0.7439289689064026
vn 0.7305601835250854 -0.37807556986808777 -0.5686306357383728
vn 0.16519300639629364 -0.9842795729637146 -0.062490470707416534
vn -0.5859054327011108 -0.28429660201072693 0.7588743567466736
vn -0.6656510829925537 -0.4583888351917267 0.5888873934745789
vn -0.6770142316818237 -0.4501989483833313 0.5822135806083679
vn -0.6152492165565491 -0.2366991937160492 0.7519587278366089
vn -0.48123207688331604 -0.025858081877231598 0.8762117028236389
vn -0.5595148801803589 -0.06311462819576263 0.8264137506484985
vn 0.4715631306171417 -0.40795600414276123 -0.7817928791046143
vn -0.082414910197258 -0.8115960359573364 -0.5783767700195312
vn 0.24606183171272278 -0.7304385304450989 -0.6371131539344788
vn 0.4784647822380066 -0.5818466544151306 -0.6576670408248901
vn 0.3538006842136383 -0.6051276326179504 -0.7131940722465515
vn 0.34759655594825745 -0.4207393527030945 -0.837946891784668
vn -0.7015339732170105 -0.7048563957214355 -0.10501229763031006
vn -0.8709056377410889 -0.4864157438278198 -0.07016457617282867
vn -0.8632450699806213 -0.40321826934814453 -0.30368220806121826
vn -0.6546033024787903 -0.7175068855285645 -0.23807227611541748
vn -0.5537045001983643 -0.7967901825904846 0.24194389581680298
vn -0.8724061250686646 -0.3057357966899872 0.38135698437690735
vn -0.13610801100730896 -0.9369711875915527 -0.3218066394329071
vn 0.258008748292923 0.8156134486198425 0.5178861618041992
vn 0.6030727624893188 0.6926731467247009 0.3956100344657898
vn 0.6108497381210327 0.784041702747345 0.11018668860197067
vn 0.052745118737220764 0.9230545163154602 0.3810356557369232
vn 0.10956459492444992 -0.9430915117263794 -0.3139649033546448
vn 0.3138224184513092 -0.9491940140724182 0.02337324619293213
vn 0.42043858766555786 -0.9065605998039246 -0.037137117236852646
vn 0.5315361022949219 -0.7271290421485901 -0.4344567060470581
vn -0.174647718667984 0.9396670460700989 0.29414984583854675
vn -0.4486324191093445 0.5468662977218628 0.7068707346916199
vn -0.34872791171073914 0.48727840185165405 0.8005926609039307
vn 0.11709605157375336 0.9875537753105164 -0.1050051599740982
vn -0.10151207447052002 0.9821699261665344 -0.15823312103748322
vn -0.2462015450000763 0.8466560244560242 -0.47176092863082886
vn -0.597017228603363 0.7959846258163452 0.09989413619041443
vn 0.14634014666080475 -0.8883838653564453 0.43515363335609436
vn 0.311116486787796 -0.8052029609680176 0.5048312544822693
vn 0.42151787877082825 -0.8817713856697083 0.21166470646858215
vn 0.25059935450553894 -0.9387495517730713 0.2365359365940094
vn -0.65464186668396 0.3574294447898865 -0.6660991907119751
vn -0.997369110584259 -0.0037168250419199467 -0.07239441573619843
vn -0.6796228885650635 -0.0023168933112174273 -0.7335580587387085
vn 0.8714844584465027 0.447811096906662 -0.19994990527629852
vn 0.8528110384941101 0.4730229675769806 -0.22127510607242584
vn 0.9939944744110107 -0.10330372303724289 0.0361015759408474
vn 0.9545236229896545 -0.2022724598646164 0.21902184188365936
vn 0.6772382259368896 0.381854385137558 -0.6289162039756775
vn 0.2680022120475769 0.5914706587791443 -0.7604849338531494
vn -0.3671625852584839 0.23785632848739624 -0.8992307782173157
vn -0.3227826952934265 0.2507849633693695 -0.9126434922218323
vn -0.19797295331954956 0.3027925193309784 -0.9322679042816162
vn -0.28846797347068787 -0.13164366781711578 -0.948396623134613
vn -0.6392406821250916 -0.0924798995256424 -0.7634257078170776
vn -0.20992940664291382 0.478741854429245 -0.8524880409240723
vn 0.24229933321475983 -0.9400110840797424 0.24014665186405182
vn 0.63535076379776 -0.7342027425765991 -0.2393234670162201
vn 0.6247262358665466 -0.07319793105125427 -0.7774053812026978
vn -0.014662949368357658 -0.5306181311607361 -0.8474842309951782
vn 0.10140072554349899 0.8583065271377563 -0.5030187368392944
vn 0.6121562123298645 0.680426299571991 -0.4028458893299103
vn 0.028083229437470436 0.2039487212896347 -0.9785787463188171
vn -0.009963531978428364 -0.9998671412467957 0.01289558969438076
vn 0.06256292015314102 -0.9944841265678406 0.08418559283018112
vn -0.4538108706474304 -0.7725412845611572 -0.44411224126815796
vn 0.12943655252456665 -0.9893665313720703 -0.06633327901363373
vn -0.6511120796203613 -0.7214686870574951 -0.2356606274843216
vn 0.9050260186195374 0.4059028923511505 -0.1271643191576004
vn 0.9945802092552185 -0.061441730707883835 -0.08387522399425507
vn 0.9176680445671082 0.38948971033096313 -0.07863190025091171
vn 0.9832144379615784 0.04762500524520874 -0.17612825334072113
vn 0.9030705094337463 0.4002666771411896 0.15572448074817657
vn 0.9851652979850769 0.12322622537612915 -0.11943522095680237
vn 0.332827627658844 0.4685480296611786 0.8183450102806091
vn 0.6126256585121155 0.16761359572410583 0.7723958492279053
vn -0.12146243453025818 0.502748966217041 0.8558565378189087
vn -0.7554318308830261 0.25213608145713806 0.6047728657722473
vn 0.570300281047821 0.8068632483482361 -0.15404286980628967
vn 0.4544326663017273 -0.8229562044143677 -0.34093108773231506
vn 0.2899671494960785 -0.7764520645141602 -0.5595008134841919
vn 0.11511915177106857 -0.8189263343811035 -0.562234103679657
vn -0.2933832108974457 -0.7369692325592041 0.6089356541633606
vn 0.027626406401395798 -0.5443954467773438 0.8383736610412598
vn 0.4998883306980133 -0.5517114400863647 0.6676273345947266
vn 0.23945394158363342 -0.6200453639030457 0.7471315264701843
vn 0.4228801727294922 -0.8297147154808044 0.3643430769443512
vn 0.6986506581306458 -0.6228205561637878 0.3521105647087097
vn 0.5444633960723877 -0.4517134726047516 0.706763505935669
vn 0.3429900109767914 -0.46540650725364685 0.815937876701355
vn -0.6346872448921204 -0.12702497839927673 0.7622576355934143
vn -0.7396275401115417 0.0032438382040709257 0.6730086207389832
vn -0.8423435091972351 -0.06656389683485031 0.5348145365715027
vn -0.7077800631523132 -0.23656834661960602 0.6656445860862732
vn 0.22978384792804718 -0.9608935117721558 -0.1545412689447403
vn 0.6463595628738403 -0.6119424104690552 -0.4557914137840271
vn -0.13359317183494568 -0.8693991303443909 0.47570791840553284
vn 0.5075313448905945 -0.6283546090126038 -0.5895613431930542
vn 0.681769609451294 -0.5789456367492676 -0.4472270905971527
vn 0.9395143389701843 -0.33326736092567444 0.07902917265892029
vn 0.7385798096656799 -0.4080180823802948 0.5366760492324829
vn 0.7993864417076111 -0.5710620880126953 -0.18673346936702728
vn -0.956028401851654 0.04501870274543762 0.28979814052581787
vn -0.9477928876876831 -0.004766686819493771 0.3188510835170746
vn -0.9030007719993591 0.01440995093435049 0.42939719557762146
vn -0.9085015058517456 0.13049286603927612 0.3969842791557312
vn -0.9649890661239624 0.07938223332166672 0.2499890774488449
vn -0.9605727195739746 0.0037985676899552345 0.27800285816192627
vn -0.7941074371337891 0.31013381481170654 0.5226953029632568
vn -0.853864848613739 0.3738706707954407 0.36212649941444397
vn -0.8743525743484497 0.19441793859004974 0.44464513659477234
vn -0.7832251787185669 0.2296329140663147 0.5777778625488281
vn 0.27983200550079346 0.842939019203186 0.4595082700252533
vn 0.41185474395751953 0.8974679112434387 0.1578831523656845
vn -0.024566879495978355 0.9203171133995056 0.3904009461402893
vn -0.09512072801589966 0.6899700164794922 0.7175607681274414
vn -0.7989996075630188 -0.49709346890449524 0.338375061750412
vn -0.7452083826065063 -0.502409040927887 0.43846285343170166
vn -0.8396784663200378 -0.2238444685935974 0.494806706905365
vn -0.9476343393325806 -0.25120899081230164 0.19718828797340393
vn -0.8107019066810608 -0.39598309993743896 -0.43123066425323486
vn -0.5084185004234314 -0.7508864402770996 -0.42152127623558044
vn -0.40759018063545227 -0.9068300127983093 0.10737594962120056
vn -0.9177926182746887 -0.0937153771519661 0.3858421742916107
vn -0.8777477145195007 -0.1887253373861313 0.4403880834579468
vn -0.923206090927124 -0.1666797399520874 0.34627822041511536
vn -0.9291451573371887 -0.04703579097986221 0.36671099066734314
vn -0.9981813430786133 0.04554978758096695 0.03948624059557915
vn -0.9972915649414062 -0.011183861643075943 -0.07269446551799774
vn -0.9790039658546448 -0.11891701817512512 0.16555950045585632
vn -0.9829726815223694 0.15427103638648987 -0.09982563555240631
vn -0.971172571182251 0.23827724158763885 -0.006921613123267889
vn -0.9565494656562805 -0.14490029215812683 0.2530159652233124
vn 0.894146740436554 -0.2805074453353882 -0.34902313351631165
vn 0.9931833744049072 -0.11651310324668884 0.00341281620785594
vn 0.9807103276252747 -0.05488522723317146 -0.18760275840759277
vn 0.9982898235321045 -0.014471965841948986 -0.05664047226309776
vn 0.857494056224823 -0.23413456976413727 -0.4581320285797119
vn 0.8985748291015625 -0.04683389887213707 -0.43631380796432495
vn 0.17155398428440094 -0.47532638907432556 -0.8629218935966492
vn 0.3016313314437866 -0.672188401222229 -0.6761518120765686
vn 0.15011535584926605 -0.8613088726997375 -0.4853992164134979
vn -0.03142393007874489 -0.6866267919540405 -0.7263305187225342
vn -0.14488273859024048 -0.33967381715774536 -0.9293172955513
vn 0.011189180426299572 -0.4773928225040436 -0.8786186575889587
vn 0.13671162724494934 -0.5888552665710449 -0.7965923547744751
vn 0.49183499813079834 -0.3213519752025604 -0.8092164993286133
vn 0.2099917083978653 -0.20840178430080414 -0.9552341103553772
vn 0.18469564616680145 0.11409397423267365 -0.9761506915092468
vn 0.564577043056488 -0.07335124164819717 -0.8221144676208496
vn -0.16112758219242096 0.005012495908886194 -0.9869207739830017
vn -0.23171024024486542 -0.1716487556695938 -0.9575214385986328
vn -0.7157658934593201 -0.1342175006866455 -0.6853210926055908
vn -0.794691801071167 -0.018409745767712593 -0.6067338585853577
vn 0.06571794301271439 0.019465968012809753 -0.997648298740387
vn -0.04328188672661781 -0.2205614149570465 -0.9744123220443726
vn 0.13938269019126892 0.1251099854707718 -0.9823033809661865
vn 0.15408925712108612 0.16367845237255096 -0.9744053483009338
vn 0.28333142399787903 0.01280421856790781 -0.9589365720748901
vn 0.2997313439846039 0.008567092940211296 -0.9539852142333984
vn 0.24603016674518585 0.08563265949487686 -0.9654719829559326
vn 0.2207569181919098 0.1373981237411499 -0.965602457523346
vn -0.029779890552163124 0.09404010325670242 -0.9951229691505432
vn -0.07031168043613434 0.1125650554895401 -0.9911535978317261
vn 0.11697956174612045 0.1101326048374176 -0.9870089292526245
vn -0.6768149733543396 0.6214309334754944 -0.3946455419063568
vn -0.3615705966949463 0.835365355014801 -0.41404274106025696
vn -0.06575717031955719 0.44486311078071594 -0.893181324005127
vn -0.5306472182273865 0.3063604235649109 -0.790289044380188
vn -0.837745726108551 0.544525682926178 0.0409134104847908
vn -0.45712193846702576 0.8723235130310059 -0.1734676957130432
vn 0.4404268264770508 0.2892579734325409 -0.8499141335487366
vn 0.47001492977142334 0.13403479754924774 -0.8724223375320435
vn 0.29305484890937805 0.014802085235714912 -0.9559810757637024
vn 0.2867451012134552 0.3323516845703125 -0.8985096216201782
vn 0.4322624206542969 0.20541881024837494 -0.8780388832092285
vn 0.17541611194610596 0.16443383693695068 -0.9706650972366333
vn 0.16603687405586243 0.07494256645441055 -0.9832677245140076
vn 0.15388256311416626 0.21381813287734985 -0.9646771550178528
vn 0.14144843816757202 0.21090474724769592 -0.9672185182571411
vn 0.48384150862693787 0.20246674120426178 -0.8514133095741272
vn 0.6140385270118713 0.05044493451714516 -0.7876623272895813
vn 0.16497373580932617 0.15746206045150757 -0.9736474752426147
vn 0.8616122007369995 0.3870692551136017 -0.32833167910575867
vn 0.9307518601417542 0.16601207852363586 -0.3257930278778076
vn 0.8940853476524353 0.43813779950141907 -0.09298694133758545
vn 0.9698780179023743 0.20943155884742737 -0.12439846992492676
vn 0.877287745475769 0.4680164158344269 -0.10642752051353455
vn 0.9832764863967896 0.18183353543281555 0.010195476934313774
vn 0.8980130553245544 0.40945568680763245 0.16099244356155396
vn 0.9258725047111511 0.21060951054096222 0.3136937916278839
vn 0.9430726766586304 -0.05011674016714096 0.32878896594047546
vn 0.8903711438179016 -0.22871048748493195 0.39361244440078735
vn 0.723872184753418 0.16670414805412292 0.6694914698600769
vn 0.6521540880203247 -0.045874498784542084 0.7566971778869629
vn 0.6403400897979736 -0.30800825357437134 0.7036301493644714
vn 0.31083688139915466 -0.09410928189754486 0.9457927346229553
vn 0.21518979966640472 -0.29760563373565674 0.9301205277442932
vn -0.13673977553844452 -0.031482405960559845 0.9901066422462463
vn -0.17634759843349457 -0.19992059469223022 0.9638118147850037
vn -0.1087372899055481 -0.43255144357681274 0.8950281739234924
vn -0.07801290601491928 -0.6761671900749207 0.7326062917709351
vn -0.39283788204193115 -0.19261617958545685 0.8992092609405518
vn -0.4611348509788513 -0.32970431447029114 0.8238019943237305
vn -0.4706200659275055 -0.527664065361023 0.7071686387062073
vn -0.47805726528167725 -0.7090503573417664 0.5183714628219604
vn -0.7427539229393005 -0.33027997612953186 0.5824360251426697
vn -0.7708187699317932 -0.47889184951782227 0.4201202094554901
vn -0.7635921239852905 -0.5174457430839539 0.3862342834472656
vn -0.4319666624069214 -0.8498334884643555 0.30197325348854065
vn -0.8730544447898865 -0.1679476946592331 0.45778757333755493
vn -0.9209614396095276 -0.2320365309715271 0.3130319118499756
vn -0.9005470275878906 -0.2940516173839569 0.3202321529388428
vn -0.922394871711731 -0.041621383279561996 0.3839993178844452
vn -0.8606516718864441 0.001208764617331326 0.509192705154419
vn -0.7244575619697571 0.08123104274272919 0.684516429901123
vn -0.7794584631919861 0.14252685010433197 0.6100251078605652
vn -0.5844647884368896 0.151546448469162 0.7971415519714355
vn -0.5823895335197449 0.23399361968040466 0.7785046100616455
vn -0.6746225953102112 0.25037881731987 0.6944024562835693
vn -0.8381368517875671 0.22008514404296875 0.4990883767604828
vn -0.9290464520454407 0.17515386641025543 0.32587388157844543
vn -0.3796742856502533 0.3039475977420807 0.8737637996673584
vn -0.42151910066604614 0.346070796251297 0.838186502456665
vn -0.5553445219993591 0.42281168699264526 0.7161164283752441
vn -0.06975383311510086 0.5385545492172241 0.8396984934806824
vn -0.6025768518447876 0.6692557334899902 0.4347388744354248
vn -0.05338108539581299 0.9966186285018921 0.06246381625533104
vn -0.5401532053947449 0.8265303373336792 0.15837368369102478
vn 0.07686112076044083 0.9839421510696411 -0.16109073162078857
vn 0.5024285316467285 0.8622153401374817 0.06442184746265411
vn 0.5033605694770813 0.8180406093597412 -0.27827590703964233
vn 0.13064007461071014 0.7878947854042053 -0.6017931699752808
vn 0.4990245997905731 0.8654912710189819 -0.043581414967775345
vn 0.7128357887268066 0.6866271495819092 -0.14285729825496674
vn 0.7470740079879761 0.6640862822532654 0.029491445049643517
vn 0.6607009172439575 0.7385138869285583 0.13443084061145782
vn 0.3062155544757843 0.7148592472076416 0.6286559104919434
vn 0.5865068435668945 0.47327563166618347 0.6572821140289307
vn -0.022628143429756165 0.4281085729598999 0.9034439325332642
vn 0.18388032913208008 0.2090919315814972 0.9604523181915283
vn -0.35154205560684204 0.1913563758134842 0.916406512260437
vn -0.4875132143497467 0.013758703134953976 0.8730072379112244
vn 0.7570385932922363 0.4339463412761688 -0.4884496331214905
vn 0.12204252928495407 0.09369582682847977 -0.9880924224853516
vn 0.1557636708021164 0.14391344785690308 -0.9772545695304871
vn 0.07220594584941864 -0.38285014033317566 -0.9209843277931213
vn 0.3821951746940613 -0.7094721794128418 -0.5920946598052979
vn 0.7472226619720459 -0.5452391505241394 -0.3799639344215393
vn -0.7093720436096191 0.1613856852054596 -0.6861092448234558
vn -0.7278079390525818 0.06599176675081253 -0.6825985312461853
vn 0.18595778942108154 0.6562284231185913 0.7312892079353333
vn -0.09868264198303223 -0.06337659806013107 0.993098795413971
vn 0.558094322681427 0.11586182564496994 0.8216487765312195
vn 0.6457587480545044 0.6324781179428101 0.42774656414985657
vn 0.23798811435699463 0.830954372882843 0.5028682947158813
vn -0.1173088327050209 0.5034813284873962 0.8560054302215576
vn 0.8432270288467407 -0.3737161159515381 0.3863992989063263
vn 0.9726381301879883 0.22793161869049072 0.04496930167078972
vn 0.889242947101593 -0.28279533982276917 -0.35954660177230835
vn 0.6627212166786194 -0.32224786281585693 -0.6759858131408691
vn 0.7279251217842102 0.0025368970818817616 -0.685651957988739
vn 0.9138182997703552 0.015150889754295349 -0.4058404862880707
vn 0.9327762126922607 -0.3429616093635559 -0.11093229800462723
vn 0.7630456686019897 -0.6348693370819092 0.12125269323587418
vn 0.6947755217552185 -0.6710271835327148 -0.25886213779449463
vn -0.8453097939491272 -0.41064444184303284 -0.34179291129112244
vn -0.7560164928436279 -0.608323335647583 -0.2416231781244278
vn -0.6782145500183105 -0.6458638310432434 -0.3505494296550751
vn -0.7449067234992981 -0.43293166160583496 -0.5076258182525635
vn -0.7723607420921326 -0.6115179657936096 -0.17176958918571472
vn -0.8684942126274109 -0.4803338646888733 -0.1224624440073967
vn -0.8305689096450806 -0.5527361631393433 -0.0681028887629509
vn 0.43787023425102234 -0.6818820834159851 -0.5859235525131226
vn -0.16201038658618927 -0.9494075775146484 -0.2690317630767822
vn -0.2460906207561493 -0.5281603932380676 -0.8127028346061707
vn 0.33860161900520325 -0.32131728529930115 -0.8843665719032288
vn 0.33006566762924194 -0.9213331341743469 0.20543095469474792
vn -0.7808347344398499 -0.5222632884979248 0.3428386449813843
vn -0.8719839453697205 0.21978367865085602 0.43742334842681885
vn -0.9942963719367981 -0.06599374115467072 -0.08378247916698456
vn -0.7802172303199768 -0.61928790807724 0.08799751847982407
vn 0.567610502243042 0.8028040528297424 0.1825486570596695
vn 0.3387303352355957 0.4590785801410675 0.8212847113609314
vn 0.2841958999633789 0.5447773337364197 0.7889552116394043
vn 0.4099910259246826 0.7171064615249634 0.5636184811592102
vn 0.7038618326187134 0.7092844247817993 -0.03865397348999977
vn 0.6825463175773621 0.5682772994041443 -0.45955562591552734
vn 0.4426683187484741 0.4330284297466278 -0.785194993019104
vn 0.29297515749931335 0.8306266665458679 -0.47352394461631775
vn -0.23373889923095703 -0.8836045265197754 0.40572062134742737
vn -0.19637945294380188 -0.9505795240402222 0.24048620462417603
vn -0.5482380986213684 -0.8363137245178223 0.0037916635628789663
vn -0.45578259229660034 -0.8632559776306152 -0.2169128656387329
vn -0.32725998759269714 -0.8955632448196411 0.3014419674873352
vn -0.33090612292289734 -0.9187714457511902 0.21531414985656738
vn -0.10302441567182541 -0.40047746896743774 -0.9104964733123779
vn 0.3898651897907257 -0.09131572395563126 -0.9163332581520081
vn 0.34079450368881226 -0.06813808530569077 -0.9376654028892517
vn 0.5726720690727234 0.20155401527881622 -0.7946211695671082
vn 0.18221865594387054 0.5080097913742065 -0.8418565392494202
vn 0.17510876059532166 0.777616560459137 -0.6038622260093689
vn -0.28732162714004517 0.7313917875289917 -0.6184757351875305
vn -0.07261717319488525 0.6780948042869568 -0.7313782572746277
vn -0.3430195748806 0.388420969247818 -0.8552582859992981
vn -0.7213053107261658 0.5380494594573975 -0.4361438453197479
vn 0.04235413298010826 0.6831325888633728 -0.7290651202201843
vn 0.023191971704363823 0.4219152629375458 -0.906338632106781
vn -0.1877887099981308 0.8841606378555298 -0.42777982354164124
vn -0.006787390913814306 0.9744969010353088 -0.22429844737052917
vn 0.13464686274528503 0.7901123762130737 -0.5979905724525452
vn -0.6646499633789062 0.7470381855964661 -0.013205009512603283
vn -0.2623932361602783 0.8718791604042053 0.41349294781684875
vn 0.1518539935350418 0.701947033405304 0.6958524584770203
vn 0.2518603503704071 0.9677547812461853 -0.004111954942345619
vn -0.5177030563354492 0.17215198278427124 0.838061511516571
vn -0.14593328535556793 0.05810166522860527 0.9875867962837219
vn 0.04673849046230316 -0.0369735062122345 0.9982226490974426
vn -0.5466583371162415 -0.5335147380828857 0.6453887820243835
vn -0.4666357934474945 -0.6183450818061829 0.6323768496513367
vn -0.4595130980014801 -0.5930007696151733 0.6612093448638916
vn -0.5896354913711548 -0.44352471828460693 0.6749933362007141
vn -0.20272673666477203 0.010402095504105091 0.9791801571846008
vn -0.35631534457206726 -0.9139648079872131 0.19418470561504364
vn -0.5937683582305908 -0.8038754463195801 -0.034975528717041016
vn -0.5396995544433594 -0.8379451036453247 0.08106967806816101
vn -0.2619645893573761 -0.9524140357971191 -0.1558268815279007
vn -0.0241348035633564 -0.9149298071861267 -0.4028908908367157
vn 0.32259970903396606 -0.4765079915523529 -0.817844569683075
vn 0.25079935789108276 -0.03901689499616623 -0.9672524929046631
vn 0.35067465901374817 0.012809895910322666 -0.9364097118377686
vn 0.18433144688606262 0.42284688353538513 -0.8872555494308472
vn -0.21667996048927307 -0.17303766310214996 -0.9607850313186646
vn -0.8032646775245667 -0.29271578788757324 -0.5187323689460754
vn -0.39227208495140076 -0.8731780648231506 0.28927966952323914
vn -0.4574200510978699 -0.049098774790763855 0.887894332408905
vn -0.7044217586517334 -0.3890385627746582 0.5936658382415771
vn -0.3908826410770416 -0.7581914067268372 0.5218777656555176
vn -0.2223382592201233 -0.4502080976963043 0.8647996187210083
vn 0.28913238644599915 -0.7455456852912903 0.6004700064659119
vn 0.7817913889884949 0.3441941440105438 -0.5199353098869324
vn 0.9138157367706299 0.23478282988071442 -0.33138784766197205
vn 0.6583608984947205 0.7426460385322571 0.12262895703315735
vn 0.4540431797504425 -0.6447856426239014 0.6148954033851624
vn -0.11872535198926926 -0.14870403707027435 0.9817288517951965
vn -0.1605018526315689 -0.07550045102834702 0.9841436743736267
vn -0.21784521639347076 -0.3971429169178009 0.8915272355079651
vn 0.037050362676382065 -0.5203250050544739 0.8531641960144043
vn 0.2323376089334488 -0.37540844082832336 0.8972669243812561
vn -0.03256798908114433 -0.12906992435455322 0.991100549697876
vn -0.13784131407737732 0.13932262361049652 0.9806064963340759
vn 0.4406375288963318 -0.7277002930641174 0.5256338119506836
vn 0.19376151263713837 -0.9523142576217651 0.23569928109645844
vn 0.831714928150177 -0.4997747242450714 -0.24181677401065826
vn 0.9275914430618286 -0.21251104772090912 0.30726736783981323
vn 0.4696405231952667 -0.7321940660476685 -0.49328452348709106
vn -0.1797650009393692 0.2205089032649994 0.9586764574050903
vn -0.5677388906478882 0.04887157678604126 0.8217567801475525
vn 0.46976450085639954 0.5989962220191956 0.6484788656234741
vn 0.5610929727554321 0.3057002127170563 0.7692345976829529
vn -0.12246466428041458 0.1027580052614212 0.9871388077735901
vn 0.5270810127258301 0.5781831741333008 0.6228079795837402
vn 0.5318387150764465 0.15768374502658844 0.8320356607437134
vn 0.9393432140350342 0.3085886836051941 -0.14969094097614288
vn -0.9728410840034485 -0.17877589166164398 -0.14703573286533356
vn -0.9737157225608826 -0.19533231854438782 -0.1171448826789856
vn -0.9534266591072083 -0.2851579189300537 -0.09829828143119812
vn -0.9541968703269958 -0.2617143392562866 -0.14496181905269623
vn -0.7558905482292175 -0.6333829164505005 -0.16569741070270538
vn -0.8286314606666565 -0.3625989854335785 0.42648783326148987
vn -0.7133428454399109 -0.4069574773311615 -0.570550262928009
vn -0.7447701692581177 -0.2605835497379303 -0.6143398880958557
vn 0.9387101531028748 0.34315961599349976 0.03263220936059952
vn 0.9499158263206482 0.25304535031318665 0.18337930738925934
vn 0.9495238661766052 -0.023303227499127388 -0.3128281235694885
vn 0.9259613156318665 0.0036087422631680965 -0.37760117650032043
vn 0.6158296465873718 -0.2924360930919647 -0.7315976023674011
vn 0.4303346574306488 -0.08504819124937057 -0.8986539244651794
vn 0.5817196369171143 0.12234097719192505 -0.8041361570358276
vn -0.26730045676231384 0.3719709813594818 0.8889252543449402
vn -0.5006077289581299 0.6900777220726013 0.522670567035675
vn -0.9625463485717773 -0.0448787696659565 0.26737722754478455
vn -0.4833605885505676 -0.31859439611434937 0.8153895735740662
vn 0.13827237486839294 0.27380236983299255 0.9517946243286133
vn 0.19076372683048248 0.8605523705482483 0.472290962934494
vn -0.7782719135284424 -0.6266178488731384 0.04053475335240364
vn -0.38647395372390747 -0.5922719836235046 0.7070020437240601
vn -0.8898220658302307 -0.43613892793655396 0.1341623216867447
vn -0.19508840143680573 -0.5610964298248291 0.8044324517250061
vn 0.16056659817695618 -0.22411797940731049 0.9612436890602112
vn -0.8366298079490662 -0.4947432577610016 -0.23511621356010437
vn -0.935346782207489 -0.20200997591018677 -0.29037630558013916
vn -0.8141961693763733 -0.23233133554458618 -0.5320777893066406
vn -0.6509721875190735 -0.2542782723903656 -0.7152466773986816
vn -0.6851462125778198 -0.16116198897361755 -0.7103530764579773
vn -0.9331759214401245 -0.35810863971710205 -0.030673552304506302
vn 0.8764748573303223 0.3564678430557251 -0.3236083984375
vn 0.7454553842544556 0.3666466474533081 0.5566564798355103
vn 0.9139026999473572 -0.06880956143140793 0.4000589847564697
vn 0.9523234963417053 -0.01172953937202692 -0.30486467480659485
vn 0.4775632321834564 0.1758023500442505 -0.8608291745185852
vn 0.6302231550216675 0.4950210154056549 -0.5981411337852478
vn 0.5537731051445007 0.8158437609672546 0.1665363609790802
vn 0.1644299477338791 0.9787354469299316 -0.12263628095388412
vn 0.16362690925598145 0.9552559852600098 0.24639856815338135
vn -0.050113581120967865 0.9851464629173279 0.16424117982387543
vn 0.1364026814699173 0.8133451342582703 -0.565565288066864
vn -0.4139939546585083 0.6422561407089233 -0.6450706124305725
vn -0.5946714878082275 0.8031085729598999 0.037180785089731216
vn -0.8243530988693237 -0.14075569808483124 -0.5482972264289856
vn -0.18247714638710022 0.2928246855735779 -0.9385924339294434
vn 0.027775300666689873 0.9620723724365234 -0.2713768184185028
vn 0.17679154872894287 0.6020779013633728 -0.7786186337471008
vn -0.44523119926452637 0.8898383975028992 0.09978421777486801
vn -0.12667426466941833 0.8432387709617615 0.5224002003669739
vn -0.2289150506258011 0.85382080078125 -0.46753397583961487
vn 0.8983543515205383 -0.021741341799497604 -0.43873319029808044
vn 0.508185625076294 0.13426202535629272 -0.850718080997467
vn -0.029734188690781593 0.6695284247398376 -0.7421910762786865
vn -0.10958205163478851 0.676636278629303 -0.7281175255775452
vn 0.22796617448329926 0.6820873618125916 -0.6948297619819641
vn 0.046568721532821655 0.8108189105987549 -0.5834416151046753
vn -0.11498712748289108 -0.012702718377113342 -0.9932857751846313
vn 0.3635048568248749 0.17186465859413147 -0.9156018495559692
vn -0.23166333138942719 0.059297848492860794 -0.97098708152771
vn 0.42537105083465576 0.21951162815093994 -0.8779943585395813
vn -0.18605172634124756 0.14099037647247314 -0.9723715782165527
vn -0.6914007067680359 -0.08342408388853073 -0.7176387906074524
vn -0.8734369874000549 -0.4022776484489441 0.27437296509742737
vn -0.3041010797023773 0.13212566077709198 -0.9434328079223633
vn -0.690938413143158 -0.05637894570827484 -0.7207117676734924
vn -0.9450044631958008 -0.32010915875434875 0.06705659627914429
vn -0.4069816768169403 -0.2989915609359741 0.8631163835525513
vn -0.4663117825984955 -0.36488863825798035 0.8058596253395081
vn -0.7796063423156738 -0.07398344576358795 -0.6218844652175903
vn -0.9592565298080444 -0.2668866813182831 -0.09272819012403488
vn -0.5231147408485413 -0.3154064416885376 0.7917510271072388
vn 0.376312792301178 -0.19954189658164978 0.9047495722770691
vn 0.20391058921813965 -0.2477302998304367 0.9471273422241211
vn -0.9663669466972351 -0.2465289682149887 0.07320065051317215
vn -0.6880178451538086 -0.28000178933143616 0.6695001125335693
vn 0.23573927581310272 -0.1643497198820114 0.9578184485435486
vn 0.7651395797729492 0.04085134342312813 0.6425671577453613
vn 0.7539744973182678 -0.04589249566197395 0.65529865026474
vn -0.51783686876297 -0.2752858102321625 0.8099768757820129
vn 0.09851951897144318 -0.168659046292305 0.9807385206222534
vn 0.6882410645484924 0.025473423302173615 0.725034773349762
vn 0.9614698886871338 0.22787120938301086 -0.15378683805465698
vn 0.9767711758613586 0.19376924633979797 0.09149657934904099
vn 0.18943126499652863 -0.09843993932008743 0.9769469499588013
vn 0.6227694749832153 0.008225362747907639 0.782362163066864
vn 0.9794144630432129 0.20131540298461914 0.01481672190129757
vn 0.512087881565094 0.24314303696155548 -0.8238006830215454
vn 0.6168887615203857 0.25026795268058777 -0.7461998462677002
vn 0.6887668967247009 0.04688040912151337 0.7234654426574707
vn 0.9667690992355347 0.17586711049079895 0.18554893136024475
vn 0.5831946134567261 0.21557053923606873 -0.7832072377204895
vn -0.09954177588224411 0.11841243505477905 -0.9879624843597412
vn -0.012661607936024666 0.1433888077735901 -0.9895854592323303
vn 0.9749298691749573 0.21608909964561462 -0.05307607352733612
vn 0.6533418297767639 0.21052895486354828 -0.7272014021873474
vn 0.028148895129561424 0.12042690813541412 -0.9923229813575745
vn -0.7908721566200256 0.0065055363811552525 -0.6119468212127686
vn -0.6306778788566589 0.06371162086725235 -0.7734249830245972
vn 0.5153346657752991 0.18619921803474426 -0.8365166187286377
vn 0.09162583202123642 0.10397818684577942 -0.9903501272201538
vn -0.6700671911239624 -0.00894616637378931 -0.7422465682029724
vn -0.9880578517913818 -0.12175799161195755 0.09442739188671112
vn -0.9932832717895508 -0.11537419259548187 0.008777661249041557
vn 0.03815784677863121 0.08759541064500809 -0.9954250454902649
vn -0.537384569644928 -0.0021474268287420273 -0.8433346152305603
vn -0.994394063949585 -0.1017289012670517 0.028837358579039574
vn -0.692124605178833 -0.08596213161945343 0.7166408896446228
vn -0.7953706383705139 -0.12465639412403107 0.5931664109230042
vn -0.7415057420730591 -0.03707866743206978 -0.6699212193489075
vn -0.9961058497428894 -0.06370017677545547 -0.060954876244068146
vn -0.7824939489364624 -0.04940565675497055 0.6206949353218079
vn -0.07094896584749222 0.08357681334018707 0.9939723610877991
vn -0.033966366201639175 0.034762948751449585 0.9988182187080383
vn -0.9972162842750549 -0.052985500544309616 0.05246175453066826
vn -0.8039743900299072 -0.007530209608376026 0.5946162939071655
vn -0.998048722743988 -0.020339425653219223 -0.0590338259935379
vn -0.882218062877655 0.11805619299411774 0.45580050349235535
vn -0.9842841029167175 -0.08357927948236465 -0.15556123852729797
vn -0.9889682531356812 -0.06714221090078354 0.13203716278076172
vn -0.6570847630500793 -0.0047441464848816395 -0.753801703453064
vn -0.32336169481277466 -0.043185312300920486 -0.9452896118164062
vn 0.08336268365383148 -0.00007742655725451186 -0.9965192675590515
vn 0.11206840723752975 -0.025213127955794334 -0.9933805465698242
vn 0.14732900261878967 -0.20714080333709717 -0.9671540260314941
vn 0.004354436881840229 -0.8149937391281128 -0.5794534087181091
vn -0.21991242468357086 -0.9117910861968994 0.3468075692653656
vn -0.5916488766670227 -0.025620384141802788 -0.8057885766029358
vn 0.07180463522672653 0.021291885524988174 -0.9971913695335388
vn 0.6467617750167847 0.15159305930137634 -0.7474749088287354
vn 0.06891132146120071 0.0707479938864708 -0.9951110482215881
vn 0.6242956519126892 0.20550565421581268 -0.7536724805831909
vn 0.9487522840499878 0.2563406825065613 0.18482032418251038
vn 0.606911838054657 0.18984028697013855 -0.7717633247375488
vn 0.9659609198570251 0.20012018084526062 0.1639254093170166
vn 0.5936087369918823 0.09510732442140579 0.7991141676902771
vn 0.4853624999523163 0.17966324090957642 0.8556542992591858
vn 0.974493145942688 0.19108358025550842 0.11768631637096405
vn 0.5890942811965942 0.04092367738485336 0.8070273399353027
vn 0.00881132297217846 -0.02641904540359974 0.9996120929718018
vn 0.6116236448287964 0.04600061848759651 0.789810299873352
vn 0.0292825810611248 -0.06386752426624298 0.9975287318229675
vn -0.7067755460739136 -0.13689081370830536 0.6940671801567078
vn 0.07064967602491379 -0.10765397548675537 0.9916749000549316
vn -0.6825954914093018 -0.19760024547576904 0.7035748958587646
vn -0.9907201528549194 -0.11849958449602127 0.06656862050294876
vn -0.6604335904121399 -0.23982736468315125 0.7115549445152283
vn -0.9868198037147522 -0.15805645287036896 0.03470996394753456
vn -0.7741644382476807 0.013375595211982727 -0.6328432559967041
vn -0.9835638403892517 -0.18054164946079254 -0.002618567319586873
vn -0.7975134253501892 0.03337855264544487 -0.60237717628479
vn -0.14508457481861115 0.16767877340316772 -0.9751072525978088
vn -0.7826815843582153 -0.017568688839673996 -0.6221743822097778
vn -0.21218353509902954 0.16776622831821442 -0.9627214074134827
vn 0.5229294300079346 0.25675585865974426 -0.8127860426902771
vn -0.241624116897583 0.14836053550243378 -0.9589613676071167
vn 0.48886770009994507 0.2454289197921753 -0.8371217846870422
vn 0.9752469658851624 0.19904734194278717 -0.09629964828491211
vn 0.4566328525543213 0.2580975592136383 -0.8513942360877991
vn 0.9664788842201233 0.20089030265808105 -0.15988020598888397
vn 0.8520211577415466 -0.03315974399447441 0.5224562287330627
vn 0.9641457796096802 0.15452584624290466 -0.21574172377586365
vn 0.9163841009140015 -0.020992886275053024 0.3997492492198944
vn 0.3158682882785797 -0.24989061057567596 0.9153042435646057
vn 0.871457576751709 -0.12595517933368683 0.47402223944664
vn 0.3704727590084076 -0.293003648519516 0.8814186453819275
vn -0.33644288778305054 -0.40997859835624695 0.8477757573127747
vn 0.47456660866737366 -0.330057829618454 0.8159952759742737
vn 0.9537690281867981 -0.19750747084617615 0.22652886807918549
vn 0.5077588558197021 0.00699697295203805 0.8614708185195923
vn 0.3013032376766205 0.4745122790336609 0.8270757794380188
vn 0.24534088373184204 0.36598703265190125 0.8976977467536926
vn -0.033259689807891846 0.8508431911468506 0.5243660807609558
vn 0.9588829874992371 0.0806015282869339 -0.2721153497695923
vn 0.030618570744991302 0.01797589845955372 0.9993695020675659
vn -0.007452995516359806 -0.21381978690624237 0.9768447279930115
vn 0.5727404952049255 -0.24092333018779755 0.7835331559181213
vn 0.5066462159156799 0.20577186346054077 0.837238073348999
vn 0.003717855317518115 0.22831004858016968 0.9735813140869141
vn -0.14425846934318542 -0.06160964071750641 0.9876202344894409
vn 0.6866161823272705 0.44555535912513733 0.5744898319244385
vn 0.6848584413528442 0.27169540524482727 0.6761291027069092
vn 0.23637071251869202 0.19551514089107513 0.9517892599105835
vn -0.39215287566185 0.19396670162677765 0.8992180228233337
vn -0.6294940114021301 0.23992621898651123 0.7390350699424744
vn 0.9913581609725952 0.10252972692251205 0.08183223754167557
vn 0.9711617827415466 -0.18682217597961426 -0.1481291949748993
vn 0.9914295673370361 0.12912504374980927 0.01985594443976879
vn 0.9563590884208679 -0.12452296167612076 -0.26433151960372925
vn 0.9356609582901001 -0.20433112978935242 -0.28772807121276855
vn 0.9462701678276062 -0.20129092037677765 -0.2530905306339264
vn 0.7532150745391846 -0.5807766318321228 0.30881333351135254
vn 0.6706323623657227 -0.7341335415840149 -0.10630197823047638
vn 0.6394920349121094 -0.47907787561416626 -0.6012773513793945
vn 0.935528576374054 -0.08720561116933823 -0.3423179090023041
vn 0.9279557466506958 -0.1752094030380249 -0.32893726229667664
vn -0.8813519477844238 -0.44117721915245056 -0.16906020045280457
vn -0.9506682753562927 -0.25561150908470154 0.1757628321647644
vn -0.9696640968322754 -0.04864552617073059 -0.2395520806312561
vn -0.9038019776344299 -0.19325865805149078 -0.3818284571170807
vn 0.7677791714668274 -0.22498387098312378 -0.59991455078125
vn -0.9539719820022583 -0.2878870964050293 -0.08401530236005783
vn -0.9952702522277832 -0.09689075499773026 0.007013775873929262
vn -0.9846752882003784 -0.17415806651115417 -0.00913840439170599
vn -0.8405307531356812 -0.17623525857925415 -0.5122979283332825
vn -0.7013897895812988 -0.2929101288318634 -0.6498122215270996
vn 0.7615306973457336 -0.1450144201517105 -0.6316975951194763
vn 0.6530791521072388 -0.024973271414637566 -0.7568778395652771
vn 0.9536570906639099 0.17341943085193634 0.24589358270168304
vn 0.8547740578651428 0.05693041533231735 -0.5158683657646179
vn 0.14030414819717407 0.5839411616325378 0.7995795607566833
vn 0.14431826770305634 -0.15198107063770294 0.9777904152870178
vn 0.7668124437332153 0.2786335051059723 0.5782403945922852
vn 0.39468878507614136 0.8095527291297913 0.43456318974494934
vn -0.058436017483472824 0.980333685874939 0.18849706649780273
vn -0.6072321534156799 0.6486232280731201 0.45886486768722534
vn -0.681459903717041 -0.139944925904274 0.7183507680892944
vn -0.1916990876197815 0.9741248488426208 0.11971762031316757
vn -0.47881749272346497 0.8775491118431091 0.025322631001472473
vn -0.9345839619636536 -0.1677393764257431 0.3137139081954956
vn -0.9181140661239624 -0.28594836592674255 0.27440860867500305
vn -0.9887816905975342 0.010018308646976948 0.1490308791399002
vn -0.6885957717895508 0.2751932144165039 -0.6708981990814209
vn -0.7854456901550293 -0.11631260067224503 -0.607903242111206
vn -0.958526074886322 -0.20670433342456818 0.19621708989143372
vn -0.8925687670707703 -0.14419960975646973 0.4272323250770569
vn 0.9923638701438904 0.1215985044836998 0.02068357728421688
vn 0.1741614043712616 0.1738390475511551 -0.9692511558532715
vn 0.7605777978897095 0.49147021770477295 -0.4242386817932129
vn 0.5998634099960327 0.5315272808074951 0.5980322957038879
vn 0.9840940237045288 0.11798121780157089 0.1328134983778
vn 0.6415646076202393 0.2218247950077057 -0.7342946529388428
vn 0.6679867506027222 0.28411662578582764 0.6878018975257874
vn -0.34293118119239807 0.8992632627487183 0.2715214788913727
vn -0.5291558504104614 0.7855743765830994 0.32072874903678894
vn -0.5347198843955994 0.7951866984367371 -0.2859244644641876
vn -0.2528914213180542 0.8164974451065063 -0.5190161466598511
vn 0.08767670392990112 0.8609185814857483 0.5011307597160339
vn -0.0785188302397728 0.7829147577285767 0.6171542406082153
vn -0.02704114466905594 0.9935479760169983 -0.11014199256896973
vn -0.44323718547821045 0.8326008319854736 -0.3321395516395569
vn 0.011545311659574509 0.43158987164497375 -0.9019959568977356
vn -0.024710047990083694 0.23467698693275452 -0.9717593193054199
vn -0.034390322864055634 0.38298818469047546 -0.9231128692626953
vn 0.10630986839532852 0.14807558059692383 -0.9832455515861511
vn 0.17514999210834503 0.1004054844379425 -0.9794085621833801
vn 0.0333891436457634 0.10837024450302124 -0.9935497045516968
vn 0.7048817276954651 0.095942422747612 -0.7028064131736755
vn 0.6883923411369324 0.024842102080583572 -0.7249129414558411
vn 0.20688648521900177 0.11518153548240662 -0.9715612530708313
vn 0.9387183785438538 0.029088610783219337 0.3434554636478424
vn 0.9501595497131348 -0.11418719589710236 0.29009994864463806
vn 0.9779573082923889 -0.0760386735200882 0.19446779787540436
vn 0.8377794027328491 0.007389721926301718 -0.5459589958190918
vn 0.7249575257301331 -0.16497161984443665 0.6687458157539368
vn 0.6814234852790833 -0.25236546993255615 0.6870034337043762
vn 0.6344887018203735 -0.15653011202812195 0.756916344165802
vn 0.6278693675994873 -0.0992322564125061 0.7719669342041016
vn 0.9000513553619385 -0.0955965593457222 0.4251690208911896
vn 0.3466426432132721 -0.3146856725215912 0.8836355209350586
vn 0.26429474353790283 -0.27488139271736145 0.924439549446106
vn 0.30967459082603455 -0.15239772200584412 0.9385501742362976
vn 0.3507726788520813 -0.09266006946563721 0.9318652153015137
vn 0.6110342144966125 -0.07349251955747604 0.7881853580474854
vn -0.3943624496459961 -0.28807103633880615 0.8726359009742737
vn -0.4607275128364563 -0.19553032517433167 0.8657355904579163
vn -0.4039951264858246 -0.13140186667442322 0.9052742123603821
vn -0.3411144018173218 -0.08075440675020218 0.9365466237068176
vn 0.23391559720039368 -0.0661163255572319 0.9700061678886414
vn -0.8621196150779724 -0.16859696805477142 0.47783347964286804
vn -0.930565595626831 -0.1266719400882721 0.343514084815979
vn -0.9276785254478455 -0.07328785955905914 0.36611658334732056
vn -0.9137800931930542 -0.05994754284620285 0.40176132321357727
vn -0.5253807306289673 -0.07150787860155106 0.8478571176528931
vn -0.9894817471504211 -0.09106641262769699 -0.11239565163850784
vn -0.9842080473899841 -0.029252035543322563 -0.1745816171169281
vn -0.996291995048523 -0.0002372828748775646 -0.086036317050457
vn -0.9995497465133667 0.0183512344956398 0.02373535931110382
vn -0.9542152881622314 -0.05152340605854988 0.29464980959892273
vn -0.8310576677322388 0.04931475222110748 -0.5539957284927368
vn -0.7155411839485168 0.08329964429140091 -0.6935862302780151
vn -0.7437189221382141 0.08145610988140106 -0.6635110974311829
vn -0.7778720259666443 0.09342648833990097 -0.6214390397071838
vn -0.9978355169296265 0.06543543189764023 -0.006509618367999792
vn -0.19592858850955963 0.07665625959634781 -0.9776173233985901
vn -0.06554388254880905 0.04208025336265564 -0.9969620108604431
vn -0.02844284102320671 0.03916710615158081 -0.9988278150558472
vn 0.014620581641793251 0.016019310802221298 -0.9997647404670715
vn -0.5453585386276245 0.03947135806083679 -0.8372730016708374
vn 0.2777748107910156 0.04723963886499405 -0.9594839811325073
vn 0.3168235719203949 0.047633249312639236 -0.9472876787185669
vn 0.23318694531917572 0.030975133180618286 -0.97193843126297
vn 0.19902224838733673 0.011943073943257332 -0.9799221754074097
vn 0.06371139734983444 0.0023326731752604246 -0.9979656338691711
vn 0.7354952692985535 0.12802286446094513 -0.6653245687484741
vn 0.8773208260536194 0.13824330270290375 -0.45956185460090637
vn 0.8148012757301331 0.09953217208385468 -0.5711325407028198
vn 0.725874662399292 0.054862719029188156 -0.6856354475021362
vn 0.23037351667881012 0.013247552327811718 -0.9730120301246643
vn 0.9569732546806335 0.11413896083831787 0.2667856216430664
vn 0.9122385382652283 0.11672668159008026 0.3926776647567749
vn 0.9421418309211731 0.1449580192565918 0.30225110054016113
vn 0.7203106880187988 0.12369494885206223 0.6825336217880249
vn 0.6266263723373413 0.1731225997209549 0.7598473429679871
vn 0.3464743196964264 0.10220012068748474 0.9324755072593689
vn 0.09900990128517151 0.12962311506271362 0.9866077899932861
vn -0.3638556897640228 0.06199489161372185 0.9293898940086365
vn -0.6155853867530823 0.1009247899055481 0.781580924987793
vn -0.8814077377319336 0.03980875387787819 0.47067585587501526
vn -0.9007965326309204 0.06831661611795425 0.4288337230682373
vn -0.902624785900116 0.12987814843654633 0.410366028547287
vn -0.9539659023284912 0.18034321069717407 0.23963594436645508
vn -0.9985166788101196 0.046579521149396896 -0.028190987184643745
vn -0.9909821152687073 0.0387321412563324 -0.12827429175376892
vn -0.995793342590332 0.07802720367908478 -0.048035457730293274
vn -0.6017373204231262 0.02765091322362423 -0.7982152700424194
vn -0.45326295495033264 0.09282320737838745 -0.8865306973457336
vn 0.00758563494309783 0.010646731592714787 -0.9999145269393921
vn 0.02011505514383316 0.022412128746509552 -0.9995465278625488
vn 0.024869348853826523 -0.04401964694261551 -0.9987210035324097
vn -0.10973116010427475 -0.1765330731868744 -0.9781590104103088
vn 0.22374071180820465 -0.033429764211177826 -0.9740751385688782
vn 0.21471023559570312 -0.0457937978208065 -0.9756036400794983
vn 0.22450384497642517 -0.17173920571804047 -0.9592203497886658
vn 0.19976326823234558 -0.6538357734680176 -0.7297900319099426
vn -0.3347260057926178 -0.6147100925445557 -0.714205801486969
vn -0.39869847893714905 -0.9069370031356812 0.13603277504444122
vn 0.086245596408844 -0.9891809821128845 0.11867093294858932
vn 0.016928980126976967 -0.5501172542572021 0.834915816783905
vn -0.332444965839386 -0.5384158492088318 0.7743311524391174
vn -0.8033517003059387 0.02449135109782219 0.5950010418891907
vn 0.2194845974445343 -0.008548781275749207 -0.9755785465240479
vn 0.024086879566311836 -0.008719971403479576 -0.9996718764305115
vn -0.6803903579711914 -0.010307754389941692 -0.7327774167060852
vn -0.6158915162086487 0.00781590212136507 -0.7877921462059021
vn -0.9972410798072815 0.05220486968755722 0.05277247726917267
vn -0.9990546107292175 0.04187329113483429 0.011682520620524883
vn -0.9031839966773987 0.022810814902186394 0.4286472201347351
vn -0.9199998378753662 -0.0023520784452557564 0.3919118344783783
vn -0.6239306926727295 0.007773971650749445 0.7814410328865051
vn -0.42124128341674805 -0.016017338261008263 0.9068071246147156
vn -0.4733648896217346 -0.054009318351745605 0.8792091608047485
vn 0.2550531327724457 0.024030830711126328 0.9666284322738647
vn 0.3119855225086212 -0.004424866288900375 0.9500764608383179
vn 0.2770782709121704 -0.036310069262981415 0.9601610898971558
vn 0.6735080480575562 0.03178565949201584 0.7384961843490601
vn 0.6864549517631531 0.005795914214104414 0.7271491289138794
vn 0.6395523548126221 -0.03752969950437546 0.7678309679031372
vn 0.9519454836845398 0.043502070009708405 0.30316251516342163
vn 0.982130765914917 0.01969551108777523 0.18716643750667572
vn 0.9572915434837341 -0.03165379911661148 0.28738635778427124
vn 0.8553825616836548 0.09135174006223679 -0.5098779201507568
vn 0.8177574872970581 0.07384228706359863 -0.5708064436912537
vn 0.8242859244346619 0.05744257941842079 -0.5632522702217102
vn 0.41687071323394775 0.12575821578502655 -0.9002242088317871
vn 0.3644130229949951 0.16205017268657684 -0.9170293807983398
vn 0.3189597725868225 0.1421268880367279 -0.9370509386062622
vn -0.1426272690296173 0.13390026986598969 -0.9806774854660034
vn -0.1536908894777298 0.1073291227221489 -0.9822726249694824
vn 0.01067611388862133 0.0597771517932415 -0.9981546401977539
vn -0.6590765714645386 -0.10422718524932861 -0.7448185682296753
vn -0.7968946695327759 -0.29430606961250305 -0.527582049369812
vn -0.9595536589622498 -0.24912239611148834 -0.13112841546535492
vn -0.9573891162872314 -0.2669939398765564 0.11009197682142258
vn -0.8875642418861389 -0.24400164186954498 0.39075934886932373
vn -0.8416968584060669 -0.26259562373161316 0.4717944860458374
vn -0.3407166600227356 -0.3640553951263428 0.8668193221092224
vn -0.5501350164413452 -0.37096279859542847 0.7481565475463867
vn 0.3943388760089874 -0.38347116112709045 0.8351327776908875
vn 0.40037184953689575 -0.28597384691238403 0.8705868124961853
vn -0.6979617476463318 -0.44168737530708313 0.5637033581733704
vn 0.7736876606941223 0.04136357456445694 0.6322154998779297
vn -0.9827552437782288 -0.12653301656246185 -0.13483865559101105
vn -0.6435694694519043 -0.001206913380883634 -0.7653868198394775
vn -0.7512972354888916 0.017529321834445 -0.6597311496734619
vn -0.08966216444969177 0.12380791455507278 -0.9882471561431885
vn -0.17367517948150635 0.09640286862850189 -0.9800731539726257
vn 0.4680441617965698 0.11848956346511841 -0.8757253289222717
vn 0.37235233187675476 0.10205873847007751 -0.9224628210067749
vn 0.8934962153434753 0.12231174856424332 -0.4320930242538452
vn 0.8470284938812256 0.1210072934627533 -0.5175906419754028
vn 0.9257473945617676 0.06391957402229309 0.3727009892463684
vn 0.9482731223106384 0.10458168387413025 0.29973462224006653
vn 0.6445981860160828 0.04995602369308472 0.7628876566886902
vn 0.683772623538971 0.0766526460647583 0.7256578803062439
vn 0.1303708255290985 0.045937005430459976 0.9904005527496338
vn -0.04008312523365021 -0.6239426136016846 0.7804415225982666
vn 0.20029781758785248 -0.18293969333171844 0.9625039100646973
vn -0.670558512210846 -0.2906690537929535 0.68254154920578
vn -0.6836451888084412 -0.6190860867500305 0.3864733874797821
vn -0.9535855054855347 -0.14094386994838715 -0.2661004960536957
vn -0.9764593839645386 -0.061118174344301224 -0.20686155557632446
vn -0.9942003488540649 -0.10597936809062958 0.018275877460837364
vn -0.9444055557250977 -0.263654500246048 0.1964290887117386
vn 0.4624561071395874 0.2984585165977478 0.8348993062973022
vn 0.11918798834085464 0.19629861414432526 0.9732733964920044
vn 0.2361898273229599 -0.4400023818016052 0.8663787841796875
vn 0.8406392931938171 -0.45727622509002686 0.2902138829231262
vn 0.9348665475845337 0.338357537984848 0.10741908848285675
vn 0.6421328186988831 0.6393332481384277 0.42298755049705505
vn 0.37667763233184814 0.4960249960422516 0.7823510766029358
vn -0.6125302314758301 -0.7580068707466125 0.2241254299879074
vn -0.552495002746582 -0.7159856557846069 0.42674779891967773
vn -0.1844942569732666 -0.8120306730270386 0.5536857843399048
vn 0.019773945212364197 -0.583175778388977 0.8121052384376526
vn 0.23594942688941956 -0.8658298254013062 0.44121038913726807
vn 0.05519432574510574 -0.7231836915016174 0.6884467601776123
vn 0.4414566159248352 -0.7379823923110962 0.5103901624679565
vn 0.0623394213616848 -0.7942671775817871 0.6043620109558105
vn 0.3880840539932251 -0.9070073962211609 0.16348852217197418
vn 0.33598679304122925 -0.9418392777442932 -0.00717786094173789
vn 0.644196093082428 -0.661216676235199 -0.38445261120796204
vn 0.60312420129776 -0.7098910808563232 -0.36372506618499756
vn 0.3615824282169342 0.4498175084590912 0.8166531324386597
vn 0.5404537320137024 0.3930298388004303 0.7439336776733398
vn 0.17357517778873444 0.978973388671875 0.1071576327085495
vn -0.3318118751049042 0.820682168006897 0.46516847610473633
vn -0.8373038172721863 0.49766048789024353 -0.22639891505241394
vn -0.7349610924720764 0.6762965321540833 -0.049547888338565826
vn -0.984165608882904 0.07579301297664642 -0.16022947430610657
vn -0.6209659576416016 0.0604657381772995 0.7815018892288208
vn -0.9714633822441101 0.03858683630824089 -0.23403015732765198
vn 0.8641976118087769 -0.2404092252254486 -0.44200223684310913
vn 0.22302372753620148 0.9746970534324646 0.015034565702080727
vn 0.46587634086608887 0.1033674031496048 0.8787915110588074
vn 0.10969188809394836 0.2310629040002823 0.9667355418205261
vn -0.750353991985321 -0.06650632619857788 0.6576821208000183
vn -0.7508386969566345 0.6599707007408142 -0.0260772742331028
vn -0.9209897518157959 0.3610084056854248 0.1464611291885376
vn -0.6345475316047668 -0.24099422991275787 0.7343509197235107
vn -0.6888264417648315 -0.6571589708328247 0.3060396909713745
vn -0.828636109828949 -0.4975004494190216 0.2566232979297638
vn -0.8752420544624329 -0.3259821832180023 -0.3573329448699951
vn -0.7876682877540588 -0.3836875855922699 -0.4820399582386017
vn -0.9845847487449646 -0.17274367809295654 0.02743382938206196
vn -0.7835965752601624 -0.5041197538375854 0.36309728026390076
vn -0.5464997291564941 0.6567533612251282 -0.5196278691291809
vn -0.7844842076301575 0.12761101126670837 -0.6068771481513977
vn -0.8158978819847107 -0.4157448410987854 -0.4018293619155884
vn 0.2845918536186218 -0.7475581169128418 0.600136935710907
vn 0.07803156226873398 -0.5300477743148804 0.8443698287010193
vn -0.48024651408195496 -0.7342908382415771 0.4797708988189697
vn -0.30316612124443054 -0.9500090479850769 -0.074652761220932
vn 0.17749880254268646 -0.7915403842926025 -0.5847718715667725
vn 0.7894644737243652 -0.561404287815094 0.24813537299633026
vn 0.569675862789154 -0.4103832542896271 0.7120779752731323
vn 0.73130202293396 -0.29644593596458435 -0.6142613887786865
vn 0.788449764251709 0.3052809536457062 -0.5339948534965515
vn 0.7852068543434143 -0.0730191245675087 -0.6149133443832397
vn -0.6641314625740051 -0.515893280506134 -0.5410947203636169
vn -0.490477055311203 0.6936604380607605 -0.5275105237960815
vn -0.4507569372653961 0.6809085607528687 -0.5772188901901245
vn -0.2967941462993622 0.8459514379501343 -0.44303420186042786
vn -0.3267654776573181 0.8232001662254333 -0.4642907381057739
vn -0.48941177129745483 0.7285944223403931 -0.47919324040412903
vn -0.4333786964416504 0.750498354434967 -0.4989340603351593
vn -0.4726092517375946 -0.5336145758628845 -0.7013528943061829
vn 0.32640039920806885 -0.7424651384353638 -0.5849857330322266
vn 0.55594402551651 0.621417224407196 -0.5520569682121277
vn 0.6031732559204102 0.7960972785949707 0.0491035133600235
vn 0.5719514489173889 0.2543545067310333 -0.7798558473587036
vn 0.8567458391189575 -0.4288535416126251 -0.2864804267883301
vn 0.6251421570777893 -0.5740311741828918 -0.5288530588150024
vn 0.8304614424705505 -0.1117728054523468 -0.5457478165626526
vn 0.9921160340309143 0.009831396862864494 -0.12493680417537689
vn -0.06469181180000305 -0.7440944910049438 -0.6649349927902222
vn 0.9157929420471191 -0.38410553336143494 -0.11741488426923752
vn 0.18403269350528717 -0.4284532368183136 -0.8846241235733032
vn -0.5711434483528137 -0.4670490324497223 -0.6750262379646301
vn -0.15525665879249573 -0.13332019746303558 -0.9788365960121155
vn 0.42321303486824036 0.16770920157432556 -0.8903731107711792
vn 0.11079991608858109 0.3965848386287689 -0.9112868905067444
vn -0.5858534574508667 -0.0061750891618430614 -0.8103935718536377
vn -0.4228387475013733 0.316074401140213 -0.8492964506149292
vn 0.1942720264196396 0.5615976452827454 -0.804280161857605
vn 0.7538443803787231 0.4491879940032959 -0.47952985763549805
vn 0.4616776704788208 0.6319873929023743 -0.6224514245986938
vn 0.816773533821106 0.5115283131599426 -0.26687049865722656
vn 0.9883289337158203 0.14470431208610535 -0.04760746285319328
vn 0.9413577318191528 -0.18633267283439636 0.28129297494888306
vn 0.7912208437919617 0.474941223859787 -0.3852277100086212
vn 0.9186882972717285 0.15643420815467834 -0.3626847267150879
vn 0.907253623008728 -0.4129903018474579 0.07956087589263916
vn 0.7184697389602661 0.3212508261203766 -0.6169272661209106
vn 0.4792877733707428 0.5011425614356995 -0.7205132842063904
vn 0.7065547108650208 0.5295805931091309 -0.46938765048980713
vn -0.22724288702011108 0.3537045121192932 -0.9073333740234375
vn -0.1943168342113495 0.5426912903785706 -0.8171457052230835
vn 0.28126397728919983 0.6535007357597351 -0.7027285695075989
vn -0.6255919337272644 0.04194655641913414 -0.7790219783782959
vn -0.585601270198822 0.42186108231544495 -0.6921737194061279
vn -0.6712542772293091 -0.13245803117752075 -0.7292959094047546
vn -0.6266373991966248 0.2559690475463867 -0.7360742688179016
vn -0.7398339509963989 -0.05828985571861267 -0.6702596545219421
vn -0.7093963623046875 -0.11247775703668594 -0.6957769393920898
vn -0.763821542263031 -0.13658137619495392 -0.6308107376098633
vn -0.6969322562217712 -0.2606186270713806 -0.6681042909622192
vn 0.16540254652500153 0.8984538316726685 -0.40672191977500916
vn 0.386581152677536 0.09271791577339172 0.9175829291343689
vn 0.523468017578125 0.09326859563589096 0.8469251394271851
vn 0.019448526203632355 -0.07432140409946442 0.9970446228981018
vn 0.3709332048892975 0.173570454120636 0.912294864654541
vn 0.21280719339847565 0.02547517418861389 0.9767621159553528
vn 0.384383887052536 -0.10012795776128769 0.9177272915840149
vn 0.050742097198963165 -0.4148416817188263 0.9084776043891907
vn 0.3173663318157196 -0.37183743715286255 0.8723620176315308
vn 0.649244487285614 0.10024022310972214 0.7539452910423279
vn 0.5584598779678345 0.4389442801475525 0.7038825154304504
vn 0.24250978231430054 0.2710719704627991 0.9315089583396912
vn -0.2604939341545105 -0.2267724722623825 0.9384653568267822
vn -0.41539984941482544 -0.37719082832336426 0.8277499675750732
vn -0.18310201168060303 -0.7215753793716431 0.6676844358444214
vn 0.47417956590652466 -0.29568958282470703 0.8292897939682007
vn 0.0893312394618988 -0.8714720606803894 0.4822410047054291
vn 0.51338791847229 -0.7644093632698059 0.39001452922821045
vn 0.7482817769050598 -0.20793363451957703 0.6299507021903992
vn 0.706137478351593 0.020006369799375534 0.7077920436859131
vn 0.736214816570282 0.15954820811748505 0.6576717495918274
vn 0.5876939296722412 0.27862605452537537 0.7595941424369812
vn 0.7787816524505615 0.07366983592510223 0.6229541301727295
vn -0.9106473922729492 -0.13643388450145721 -0.3900090754032135
vn -0.7512189149856567 -0.6336979866027832 0.18465380370616913
vn -0.9314178824424744 -0.06187799945473671 0.3586529493331909
vn -0.9104530215263367 0.14593753218650818 -0.3870110511779785
vn -0.9166510105133057 -0.10984248667955399 -0.3842989504337311
vn -0.533201277256012 -0.8120330572128296 -0.23727349936962128
vn -0.1316174864768982 -0.9885769486427307 -0.07343382388353348
vn 0.8212071061134338 -0.4688585102558136 0.3252549171447754
vn -0.6622633337974548 0.6857618689537048 0.3018908202648163
vn -0.12299632281064987 0.5381565093994141 0.8338222503662109
vn 0.10005079209804535 0.9867188334465027 0.12796816229820251
vn -0.33550596237182617 0.9420377612113953 -0.0007955252658575773
vn -0.9410172700881958 0.17935797572135925 0.2869095504283905
vn -0.503501832485199 0.02602599374949932 0.8636021018028259
vn -0.8883357048034668 0.2305174171924591 -0.3971414566040039
vn 0.1730538308620453 0.7314392924308777 0.6595824360847473
vn -0.5765570998191833 0.8162220120429993 -0.03692810982465744
vn -0.07401697337627411 0.9954373836517334 0.060215648263692856
vn -0.1606329083442688 0.854261577129364 0.4944028854370117
vn 0.12898287177085876 0.8789704442024231 0.45910176634788513
vn -0.7962624430656433 0.4972549378871918 -0.34453386068344116
vn -0.8215665221214294 0.16611501574516296 -0.5453753471374512
vn 0.5316563844680786 -0.8466643691062927 -0.022380059584975243
vn 0.3371557891368866 -0.9296353459358215 0.1486745923757553
vn 0.9424709677696228 -0.2888556122779846 -0.16825838387012482
vn 0.8739023804664612 -0.44029292464256287 0.20600159466266632
vn 0.2814537286758423 -0.9590930938720703 -0.030402958393096924
vn 0.3423697054386139 -0.8831491470336914 -0.3206717371940613
vn 0.3703128397464752 -0.9012961387634277 -0.2247965782880783
vn 0.6401557922363281 0.22635698318481445 0.7341411113739014
vn 0.7253894209861755 0.1364205926656723 0.6746847629547119
vn 0.8851513266563416 0.36519983410835266 0.2883337140083313
vn 0.4733620882034302 0.8131483793258667 0.33870044350624084
vn -0.24111337959766388 0.9630528092384338 0.11997385323047638
vn -0.2901013493537903 0.8762781620025635 0.38467875123023987
vn -0.025210656225681305 0.9690029621124268 -0.24575944244861603
vn -0.19145844876766205 0.8800377249717712 -0.43460017442703247
vn -0.6818312406539917 0.6926202774047852 -0.2353367805480957
vn 0.45534059405326843 0.7365753054618835 -0.5001217722892761
vn -0.9986384510993958 0.049597758799791336 0.016169501468539238
vn -0.9974777102470398 0.0694330707192421 0.014740408398211002
vn -0.9468488097190857 -0.023292865604162216 0.3208346664905548
vn -0.9736495018005371 -0.000687100924551487 0.2280484288930893
vn -0.9488284587860107 -0.18192631006240845 -0.2581225633621216
vn -0.9674654603004456 0.18506895005702972 -0.1725109964609146
vn -0.9862697124481201 -0.13973014056682587 0.08801902830600739
vn 0.05312605947256088 -0.9970458149909973 0.05547429621219635
vn 0.4222261309623718 -0.9034696221351624 -0.07394371926784515
vn 0.363242506980896 -0.8688638806343079 0.33634862303733826
vn 0.10368271172046661 -0.8845213651657104 0.4548315405845642
vn 0.9890594482421875 0.14504042267799377 0.026916153728961945
vn 0.8562256693840027 0.029852885752916336 0.5157387852668762
vn 0.5544028282165527 0.28510695695877075 -0.7818896770477295
vn 0.7248889803886414 0.39336803555488586 -0.5655065178871155
vn -0.8765691518783569 0.4811830222606659 -0.009451445192098618
vn -0.8993082046508789 0.36129480600357056 -0.24639548361301422
vn 0.3508125841617584 -0.8726094961166382 0.33982813358306885
vn 0.08833557367324829 0.7209680080413818 -0.6873149871826172
vn 0.18748688697814941 0.6545946002006531 -0.7323623299598694
vn -0.04359002038836479 0.8626630902290344 -0.5038970112800598
vn -0.9875403046607971 0.0506964735686779 -0.14897647500038147
vn -0.9643291234970093 -0.2076176553964615 -0.1642078459262848
vn 0.3063491880893707 0.4697932302951813 -0.8279156684875488
vn 0.35605934262275696 0.4464353919029236 -0.8209246397018433
vn -0.4760253131389618 -0.6336057186126709 -0.6098718643188477
vn -0.5343143343925476 -0.843011736869812 0.06196308881044388
vn -0.49784791469573975 -0.07545504719018936 -0.8639757037162781
vn 0.1348719745874405 0.5345826148986816 -0.8342846632003784
vn -0.2698170244693756 0.639177143573761 -0.7201746106147766
vn -0.17845933139324188 0.8199936747550964 -0.5438407063484192
vn 0.19409526884555817 0.6756125092506409 -0.7112486958503723
vn 0.36126571893692017 0.45831117033958435 -0.8120579123497009
vn 0.19375255703926086 0.4077405035495758 -0.8923046588897705
vn -0.4099465012550354 0.3208145499229431 -0.8538277745246887
vn 0.21208341419696808 0.11007726192474365 -0.9710322022438049
vn 0.5449655055999756 0.23790229856967926 -0.8039994835853577
vn 0.6301565766334534 -0.566569983959198 -0.530943751335144
vn 0.11470428109169006 -0.9084385633468628 -0.40197309851646423
vn -0.756913423538208 0.6009781956672668 -0.25672420859336853
vn -0.9109449982643127 0.17417728900909424 -0.37395375967025757
vn 0.03987504914402962 -0.9986574053764343 0.03306829556822777
vn -0.6336373090744019 -0.770595133304596 0.06846123933792114
vn -0.5840807557106018 -0.8057590126991272 -0.09799011051654816
vn -0.07334848493337631 -0.9967965483665466 0.03188590332865715
vn -0.16685423254966736 -0.16248007118701935 0.9725018739700317
vn -0.2795448899269104 -0.2689046859741211 0.9217075705528259
vn -0.20692329108715057 -0.6233025193214417 0.7541065812110901
vn 0.2600221037864685 -0.4528011381626129 0.8528538942337036
vn -0.1895008534193039 -0.1769683063030243 0.9658010601997375
vn -0.19714972376823425 -0.11468926072120667 0.9736418128013611
vn 0.1831064671278 -0.25494131445884705 0.9494614005088806
vn -0.4973185956478119 -0.31420114636421204 0.8086728453636169
vn -0.5712999105453491 -0.08314412087202072 0.8165190815925598
vn 0.020140228793025017 -0.02321157231926918 0.999527633190155
vn -0.3573000729084015 -0.010409437119960785 0.9339315891265869
vn -0.2806403338909149 -0.12553146481513977 0.9515686631202698
vn 0.26580989360809326 -0.21593095362186432 0.9395312666893005
vn -0.34015384316444397 0.07016310095787048 0.9377486109733582
vn -0.34749457240104675 0.2881872057914734 0.8922979235649109
vn -0.6779536604881287 0.11861129850149155 0.7254724502563477
vn -0.3016485869884491 -0.08571328222751617 0.9495584964752197
vn -0.7461925148963928 -0.5596626996994019 0.36051979660987854
vn -0.9408159255981445 -0.07955789566040039 0.32944798469543457
vn -0.9985762238502502 -0.05059511587023735 0.016903867945075035
vn -0.8869597315788269 -0.4584199786186218 -0.0561569482088089
vn -0.5986824035644531 -0.794058084487915 -0.10512330383062363
vn -0.4805853068828583 -0.8726208806037903 0.08700959384441376
vn -0.1852695345878601 -0.9635639786720276 0.19292384386062622
vn 0.36330610513687134 -0.9312242865562439 0.028807872906327248
vn 0.8279502391815186 -0.5594896078109741 0.03833608701825142
vn 0.5330960750579834 -0.6750410199165344 0.5100277662277222
vn -0.9891985654830933 0.05402664467692375 0.13626183569431305
vn -0.9860415458679199 0.012006357312202454 -0.16606560349464417
vn -0.8648586869239807 -0.2549019455909729 -0.432486355304718
vn -0.26595407724380493 0.24285581707954407 0.9328930974006653
vn -0.3728563189506531 0.3541414439678192 0.8576491475105286
vn -0.5303535461425781 0.3676433563232422 0.7639132738113403
vn -0.2732197940349579 0.31613439321517944 0.9085207581520081
vn -0.3007536828517914 0.3541102409362793 0.8855242729187012
vn -0.46809446811676025 0.4207382798194885 0.7770887017250061
vn -0.5652921795845032 -0.685349702835083 -0.4590648412704468
vn -0.24131125211715698 -0.679314136505127 -0.6930375695228577
vn -0.2069774866104126 -0.9060009717941284 -0.3692188858985901
vn 0.5137907266616821 -0.5170918703079224 -0.6845691204071045
vn 0.42199137806892395 -0.746823251247406 -0.5139827728271484
vn 0.4626808166503906 -0.4466360807418823 -0.7657955288887024
vn 0.11414259672164917 -0.23204989731311798 -0.9659836292266846
vn -0.5189836025238037 -0.5944803953170776 -0.6142060160636902
vn 0.3044337034225464 -0.7543724775314331 -0.5815860033035278
vn 0.941865861415863 -0.2592651844024658 -0.21370574831962585
vn 0.29813677072525024 -0.4095061719417572 -0.8622176051139832
vn 0.879486083984375 -0.47483545541763306 0.0321774035692215
vn 0.8456100225448608 0.5150905847549438 0.14009031653404236
vn 0.8663996458053589 0.49883928894996643 0.022604795172810555
vn 0.5738694667816162 0.8159617781639099 -0.06985954940319061
vn 0.4666665196418762 0.8789687156677246 0.09816504269838333
vn 0.9739480018615723 -0.2240479588508606 0.03503994271159172
vn 0.9691587686538696 -0.21246203780174255 0.12486530095338821
vn 0.9501417875289917 -0.3088897168636322 -0.04263295233249664
vn 0.9018760323524475 -0.3731262981891632 -0.21770694851875305
vn 0.9480020403862 -0.303718239068985 0.09511816501617432
vn 0.9409313201904297 -0.32939454913139343 0.07840573042631149
vn 0.9288671016693115 -0.3664209246635437 -0.05423647165298462
vn 0.5574613809585571 -0.829105794429779 0.04266580194234848
vn -0.4311327338218689 -0.6305959224700928 -0.6453474164009094
vn 0.44942507147789 -0.6749479174613953 -0.5852028131484985
vn 0.4192465841770172 -0.8307536244392395 -0.3661704659461975
vn -0.9906817674636841 0.08112466335296631 -0.10940063744783401
vn -0.9048879742622375 0.42367804050445557 -0.040922779589891434
vn -0.7900235056877136 0.3633832335472107 -0.4937768280506134
vn -0.816422700881958 0.16944240033626556 -0.5520355701446533
vn -0.8199114799499512 0.2966749370098114 0.4896215498447418
vn -0.6752796173095703 0.452318012714386 0.5825853943824768
vn 0.6710638999938965 -0.7061341404914856 0.22593769431114197
vn -0.5607135891914368 0.8138630390167236 0.15240433812141418
vn -0.24000930786132812 0.8160947561264038 0.5257232189178467
vn 0.21712781488895416 0.9760668873786926 0.012196033261716366
vn -0.5198686122894287 0.7402253150939941 -0.42638376355171204
vn 0.8846506476402283 -0.4662224054336548 0.005462008062750101
vn 0.9704663157463074 -0.22150713205337524 0.09555007517337799
vn 0.7459642291069031 -0.5791733860969543 -0.3287789225578308
vn 0.5622729063034058 -0.6660659313201904 -0.49010753631591797
vn 0.8124645352363586 -0.41762977838516235 -0.406800776720047
vn 0.5249819755554199 0.11286360770463943 -0.8435969352722168
vn 0.9525120854377747 0.17896060645580292 -0.2463611513376236
vn 0.40984755754470825 0.8471141457557678 -0.33826395869255066
vn 0.3686259388923645 0.9162654876708984 -0.15675565600395203
vn 0.5674604773521423 0.8217228651046753 -0.05253756046295166
vn 0.5610685348510742 0.7373970150947571 -0.37609532475471497
vn -0.2878098785877228 0.5811322331428528 -0.7612167000770569
vn -0.11894238740205765 0.8723589181900024 -0.47417572140693665
vn 0.1290300041437149 0.5637636184692383 -0.8157951831817627
vn -0.5750112533569336 0.3326832354068756 -0.747451663017273
vn -0.4984517991542816 0.3230024576187134 -0.8044968843460083
vn -0.6839457750320435 0.225629985332489 -0.6937644481658936
vn -0.6298767328262329 0.37154027819633484 -0.6820653676986694
vn -0.7123034596443176 0.02746785245835781 -0.7013340592384338
vn -0.8518961668014526 -0.03919001296162605 -0.5222423672676086
vn -0.30641230940818787 0.18733394145965576 -0.9332832098007202
vn 0.22818872332572937 -0.2653132677078247 -0.936770498752594
vn -0.30630767345428467 -0.3566023111343384 -0.8826156854629517
vn 0.41846898198127747 0.49622413516044617 -0.7606874108314514
vn 0.598837673664093 0.7531039714813232 -0.27244803309440613
vn 0.4876701533794403 -0.676992654800415 -0.5512339472770691
vn 0.3925808370113373 -0.7508288025856018 -0.5311650633811951
vn -0.5851584672927856 -0.41566792130470276 -0.6962828636169434
vn -0.9062557220458984 -0.047846101224422455 -0.42001330852508545
vn 0.359028697013855 0.9040387868881226 0.23197519779205322
vn -0.16226473450660706 0.7002918720245361 0.6951700448989868
vn 0.10297921299934387 0.7570226192474365 0.6452224850654602
vn 0.9750206470489502 -0.1626991331577301 0.15120723843574524
vn 0.9052667617797852 -0.2552340030670166 0.33962899446487427
vn 0.8591489195823669 -0.3257479965686798 0.39465346932411194
vn 0.673280656337738 -0.26521605253219604 0.6901837587356567
vn 0.7132766246795654 -0.3142640292644501 0.6264779567718506
vn 0.46046963334083557 -0.08067897707223892 0.8840015530586243
vn 0.8497506976127625 -0.27282461524009705 0.45109930634498596
vn 0.3711044490337372 0.830640435218811 0.41511186957359314
vn 0.01966419629752636 0.4745045006275177 0.8800334334373474
vn 0.7776282429695129 0.02419944480061531 0.628258466720581
vn 0.5362341403961182 0.4916391670703888 0.6861078143119812
vn 0.16243980824947357 0.31008920073509216 0.9367272257804871
vn 0.3660014867782593 0.11620502918958664 0.9233306050300598
vn -0.2572304606437683 0.3638598918914795 0.8952310085296631
vn -0.055982161313295364 0.367870032787323 0.9281905293464661
vn 0.06007508188486099 0.2712578773498535 0.9606300592422485
vn -0.22202646732330322 0.32665660977363586 0.9186946153640747
vn -0.39012864232063293 -0.5534942150115967 0.7358286380767822
vn -0.6332671046257019 0.11770108342170715 0.7649309039115906
vn -0.9565525054931641 -0.21859899163246155 0.19292937219142914
vn -0.5020380020141602 -0.8454927206039429 -0.18193379044532776
vn 0.15776793658733368 -0.859978973865509 0.48533016443252563
vn -0.17816080152988434 0.10900305211544037 0.9779452681541443
vn -0.91489177942276 -0.2143789678812027 -0.34207403659820557
vn -0.20496095716953278 -0.6997171640396118 -0.6843880414962769
vn 0.8901774287223816 -0.303769052028656 0.33957111835479736
vn 0.7087706327438354 0.19578956067562103 0.6777246594429016
vn 0.1406620442867279 -0.016460653394460678 0.9899207949638367
vn 0.3471517860889435 -0.6763457655906677 0.64964759349823
vn 0.6205191016197205 -0.5758929252624512 -0.5322624444961548
vn 0.9627783298492432 0.022559218108654022 -0.2693493366241455
vn -0.8774000406265259 0.27662840485572815 0.3919769823551178
vn 0.0037125786766409874 0.532992959022522 0.8461114764213562
vn 0.7883272171020508 0.49847835302352905 0.3606375455856323
vn 0.5025956630706787 0.6386435627937317 0.5826935768127441
vn -0.1534585803747177 0.44537153840065 0.8820967674255371
vn -0.19841383397579193 -0.016245350241661072 0.9799836874008179
vn -0.4417450726032257 0.3823007047176361 0.8116080164909363
vn 0.646281898021698 0.4396921694278717 0.6236910223960876
vn 0.002270950237289071 0.40820369124412537 0.9128879904747009
vn -0.4020196795463562 0.27486714720726013 0.8734004497528076
vn -0.4308617413043976 0.7898207902908325 -0.43651023507118225
vn -0.935181736946106 0.35297060012817383 0.029102297499775887
vn -0.5577520728111267 0.828774094581604 0.04523622244596481
vn -0.2669742703437805 0.8053867220878601 -0.5292229056358337
vn -0.4966304302215576 0.8522093892097473 -0.16461265087127686
vn -0.8200522661209106 0.33348023891448975 -0.4650861322879791
vn -0.27321213483810425 0.9519060850143433 -0.13867157697677612
vn 0.002806649776175618 0.9999486207962036 -0.009739205241203308
vn 0.1621849238872528 0.48025500774383545 0.8620041608810425
vn 0.5565654039382935 0.8213441371917725 -0.1250147670507431
vn -0.028985170647501945 0.7752164602279663 -0.6310303211212158
vn -0.33284178376197815 -0.4588848352432251 -0.8237967491149902
vn -0.9055681228637695 -0.29595330357551575 -0.30390480160713196
vn -0.14387363195419312 -0.2278103530406952 -0.9630175232887268
vn 0.05243081599473953 -0.35361555218696594 -0.9339202642440796
vn -0.42147451639175415 -0.41847026348114014 -0.8045133948326111
vn -0.8401809334754944 -0.4545535445213318 -0.295765221118927
vn -0.46064522862434387 0.7473827004432678 -0.4787746071815491
vn -0.09476836770772934 0.9660409688949585 -0.2403828203678131
vn -0.09937016665935516 0.9865567684173584 -0.12973596155643463
vn -0.08208063989877701 0.8759399056434631 -0.47538626194000244
vn 0.39843958616256714 0.7638036608695984 -0.507789134979248
vn 0.1549137681722641 0.7627934217453003 -0.6278121471405029
vn 0.3903487026691437 -0.1478254497051239 -0.9087219834327698
vn 0.8000491857528687 -0.0010885538067668676 -0.5999335050582886
vn 0.783879816532135 -0.14147132635116577 -0.6045809984207153
vn 0.40441110730171204 -0.2857494056224823 -0.8687916398048401
vn 0.9253243207931519 0.19062300026416779 0.32777684926986694
vn 0.9079736471176147 0.03235597908496857 0.41777610778808594
vn 0.9314248561859131 0.17747923731803894 0.31772464513778687
vn 0.8692768216133118 -0.06409847736358643 -0.4901522099971771
vn 0.304652601480484 0.061109405010938644 0.9505011439323425
vn 0.1986018866300583 0.04643826559185982 0.9789794683456421
vn 0.11439809948205948 0.22517870366573334 0.9675781726837158
vn 0.08701243996620178 0.2952021658420563 0.9514643549919128
vn 0.6583939790725708 0.23509256541728973 0.7150166034698486
vn -0.15588605403900146 0.03330131992697716 0.9872135519981384
vn -0.1975533366203308 0.20079255104064941 0.9595077633857727
vn -0.27279922366142273 0.21640343964099884 0.9374167919158936
vn -0.3677354156970978 0.2318427562713623 0.9005663394927979
vn 0.013967450708150864 0.34569311141967773 0.9382436871528625
vn -0.5763346552848816 0.02926638163626194 0.8166895508766174
vn -0.7281180024147034 -0.05075335502624512 0.6835702657699585
vn -0.7925102710723877 0.046285323798656464 0.6080995202064514
vn -0.7973412871360779 0.19443145394325256 0.5713521838188171
vn -0.9508394598960876 -0.30678245425224304 -0.042293619364500046
vn -0.9203387498855591 -0.30771636962890625 -0.24142734706401825
vn -0.9420807957649231 -0.19088685512542725 -0.2757643461227417
vn -0.35894903540611267 -0.4258701801300049 -0.8305361270904541
vn -0.13248811662197113 -0.4594096541404724 -0.8782879114151001
vn 0.17999601364135742 -0.398152619600296 -0.8994864225387573
vn 0.27702197432518005 -0.40949714183807373 -0.8692358732223511
vn 0.2670350968837738 -0.7826817631721497 -0.5622289776802063
vn 0.5443314909934998 -0.27150237560272217 -0.7937188148498535
vn 0.648759126663208 -0.17333726584911346 -0.7409897446632385
vn 0.9421713352203369 0.042119815945625305 -0.3324742019176483
vn 0.9430456757545471 0.220947727560997 -0.2486906200647354
vn 0.6521067023277283 -0.17042528092861176 -0.7387232780456543
vn 0.9509831666946411 0.05172248184680939 -0.30488649010658264
vn 0.7116215229034424 0.32874345779418945 0.6209047436714172
vn 0.9028624892234802 -0.017497478052973747 -0.4295731484889984
vn 0.493569552898407 -0.18490223586559296 -0.8498235940933228
vn 0.47103235125541687 -0.19230324029922485 -0.8608994483947754
vn 0.10496434569358826 -0.30450764298439026 -0.9467087984085083
vn -0.054689306765794754 -0.3277789354324341 -0.9431701302528381
vn -0.44047924876213074 -0.4127254784107208 -0.7972676157951355
vn -0.48120298981666565 -0.40250667929649353 -0.7787374258041382
vn -0.9289408922195435 -0.2953202426433563 0.2232818603515625
vn 0.13297340273857117 -0.3335922360420227 -0.9332920908927917
vn -0.7068371772766113 -0.1393093317747116 0.6935229897499084
vn -0.0989927425980568 -0.04086193069815636 0.9942487478256226
vn -0.6828605532646179 -0.2557004392147064 0.6843381524085999
vn -0.19747114181518555 0.45593732595443726 0.8678285479545593
vn -0.18619301915168762 0.9300153255462646 -0.31686529517173767
vn -0.44928985834121704 0.17399422824382782 0.8762788772583008
vn 0.18887613713741302 -0.9104644656181335 0.36794060468673706
vn 0.3268078565597534 -0.5604318380355835 0.760994553565979
vn 0.6789295077323914 0.185225248336792 0.710455060005188
vn -0.039653100073337555 0.13296173512935638 0.9903275966644287
vn -0.2394668012857437 -0.7890198826789856 0.5657767653465271
vn 0.2697608172893524 -0.9431865811347961 -0.19397976994514465
vn 0.8442188501358032 -0.5309414863586426 0.073454849421978
vn 0.9926677942276001 -0.1208624467253685 0.001709296484477818
vn 0.6312583088874817 -0.35222092270851135 -0.6909800171852112
vn -0.6799359321594238 -0.7329344153404236 -0.022231511771678925
vn -0.22907622158527374 -0.6624240279197693 -0.7132450342178345
vn -0.16343633830547333 -0.9209226369857788 0.35382211208343506
vn -0.2835787832736969 -0.5651204586029053 0.7747399210929871
vn -0.6585841178894043 -0.1395542472600937 -0.7394534945487976
vn -0.27132999897003174 -0.2845821976661682 -0.9194524884223938
vn -0.9407919049263 0.017995228990912437 0.3385065793991089
vn -0.42973148822784424 -0.0852883979678154 0.8989197611808777
vn -0.31628331542015076 0.4405718147754669 0.8401554822921753
vn -0.9376438856124878 0.3459742069244385 0.03355252742767334
vn -0.007315610535442829 -0.0010623319540172815 0.9999727606773376
vn -0.1319911926984787 0.34876570105552673 0.9278689026832581
vn -0.7313978672027588 0.5025619864463806 0.46096494793891907
vn -0.05317031219601631 -0.7892009019851685 -0.6118291616439819
vn 0.15078794956207275 0.2813898026943207 0.9476723074913025
vn 0.1156454086303711 0.23558585345745087 0.9649483561515808
vn -0.20460626482963562 0.2722876965999603 0.9402104020118713
vn 0.5264895558357239 0.7788723707199097 -0.3408322036266327
vn 0.4347589910030365 0.3663010001182556 0.822683572769165
vn 0.9066209197044373 0.3130265474319458 0.28293606638908386
vn 0.5246267318725586 0.784689724445343 -0.3301951289176941
vn 0.35012054443359375 0.8303974866867065 -0.43342307209968567
vn 0.2147218883037567 0.8680400252342224 0.44766169786453247
vn 0.39157137274742126 0.8199419379234314 -0.4175729751586914
vn 0.32943272590637207 0.8171852827072144 -0.4729507565498352
vn 0.3297944664955139 0.8755342960357666 -0.35309410095214844
vn -0.1316526234149933 0.9512971639633179 -0.27874955534935
vn -0.20000101625919342 0.9796326756477356 -0.017867770045995712
vn 0.5930051803588867 0.7297440767288208 -0.34032100439071655
vn 0.5278834104537964 0.8475560545921326 -0.054659154266119
vn 0.9460192322731018 0.14509721100330353 -0.28981807827949524
vn 0.5618617534637451 0.004588646814227104 -0.8272183537483215
vn 0.3842816948890686 0.8893355131149292 -0.24781012535095215
vn 0.3958955705165863 0.9180596470832825 0.020813899114727974
vn 0.35120919346809387 0.9362664222717285 0.007564714644104242
vn -0.09587705135345459 0.7786903977394104 -0.6200394630432129
vn -0.46108368039131165 0.10973771661520004 -0.8805449604988098
vn -0.787331223487854 0.47581547498703003 -0.3920576870441437
vn 0.05636387690901756 0.054462235420942307 -0.9969238042831421
vn -0.07729489356279373 -0.19456392526626587 -0.9778396487236023
vn -0.41145414113998413 -0.0952705666422844 -0.9064375758171082
vn 0.44035962224006653 -0.3797430992126465 -0.8135591745376587
vn 0.4299692213535309 -0.30307072401046753 -0.8504555821418762
vn 0.03540601208806038 -0.1925322413444519 -0.9806516766548157
vn 0.8504993319511414 -0.46516454219818115 -0.24550554156303406
vn 0.8812952637672424 -0.44965267181396484 -0.1453656107187271
vn 0.9198912978172302 -0.3415476083755493 -0.1927308440208435
vn 0.5409351587295532 -0.303120881319046 -0.7845423817634583
vn 0.7473405599594116 -0.41514822840690613 0.518781304359436
vn 0.5101180076599121 -0.3655470311641693 0.7785595655441284
vn 0.5870510935783386 -0.20449915528297424 0.7832950949668884
vn 0.5992711186408997 -0.09214361011981964 0.7952254414558411
vn 0.933743417263031 -0.30322012305259705 0.19021224975585938
vn 0.07473524659872055 -0.16833262145519257 0.9828931093215942
vn 0.043676894158124924 -0.05574899539351463 0.9974890351295471
vn 0.15406067669391632 0.07848768681287766 0.9849390387535095
vn 0.2523484230041504 0.16041646897792816 0.9542466998100281
vn 0.6148590445518494 0.03339006379246712 0.7879298329353333
vn -0.23631393909454346 0.04211347550153732 0.9707636833190918
vn -0.24846848845481873 0.14755916595458984 0.9573346376419067
vn -0.23537179827690125 0.23006172478199005 0.9442837238311768
vn -0.6506351232528687 0.19115976989269257 0.7349367141723633
vn -0.805250883102417 0.227756068110466 0.5474469661712646
vn -0.7902064323425293 0.2780083119869232 0.5461549162864685
vn -0.958303689956665 0.07967180013656616 -0.27442023158073425
vn -0.8529930710792542 -0.007526812143623829 -0.5218679308891296
vn -0.7894174456596375 0.033934999257326126 -0.6129180192947388
vn -0.44660040736198425 -0.16785047948360443 -0.8788483142852783
vn -0.28224748373031616 -0.2867082357406616 -0.9154970645904541
vn 0.024190856143832207 -0.2794618308544159 -0.9598519802093506
vn 0.11409235745668411 -0.3472294807434082 -0.9308139681816101
vn 0.0681726410984993 -0.3311401903629303 -0.94111567735672
vn 0.5786093473434448 -0.3301163911819458 -0.7458111643791199
vn 0.7010729312896729 -0.22184208035469055 -0.6777040958404541
vn 0.9871386885643005 -0.13511061668395996 -0.08545415848493576
vn 0.989064633846283 0.09322422742843628 0.11428168416023254
vn 0.7035778760910034 0.1261664628982544 0.6993283629417419
vn 0.5432210564613342 0.3281809091567993 0.7727925181388855
vn 0.9714140892028809 -0.2233535796403885 0.0804223120212555
vn 0.5058560967445374 -0.32671406865119934 -0.7983530163764954
vn 0.5295962691307068 -0.311031311750412 -0.789168655872345
vn 0.03809868544340134 -0.22652678191661835 -0.9732595682144165
vn 0.020220689475536346 -0.1820608675479889 -0.9830793738365173
vn -0.4310756325721741 -0.11952231824398041 -0.8943646550178528
vn -0.43047821521759033 -0.06586979329586029 -0.9001942276954651
vn -0.430283784866333 -0.05354660004377365 -0.9011041522026062
vn -0.9446567893028259 0.0729963555932045 -0.3198361098766327
vn -0.9573614001274109 0.0775618925690651 -0.2782864272594452
vn -0.967634379863739 0.046204887330532074 -0.24809053540229797
vn -0.7047671675682068 0.11516343802213669 0.7000291347503662
vn -0.7038338780403137 -0.00659589609131217 0.7103338241577148
vn -0.6893988251686096 0.202609121799469 0.6954702734947205
vn -0.28343766927719116 -0.0815226286649704 0.9555193185806274
vn -0.15730635821819305 -0.05255173146724701 0.9861505627632141
vn 0.18426932394504547 -0.19901877641677856 0.962515652179718
vn -0.8429763913154602 -0.1696661412715912 0.5104940533638
vn -0.9494946599006653 0.18593820929527283 0.2527587413787842
vn -0.7526094913482666 -0.3146985173225403 -0.5783975720405579
vn -0.5664476156234741 -0.821051299571991 -0.07079357653856277
vn 0.6259523630142212 -0.16333667933940887 0.7625647187232971
vn 0.5741540789604187 -0.8187451958656311 -0.0018810020992532372
vn 0.8539933562278748 -0.2214280217885971 -0.470813125371933
vn 0.799714207649231 0.3915841579437256 0.45510333776474
vn -0.09663080424070358 -0.9835811853408813 -0.152415469288826
vn -0.19175878167152405 -0.28446677327156067 0.9393121600151062
vn -0.1080622598528862 -0.5720481276512146 -0.8130704164505005
vn 0.06317400932312012 -0.35248327255249023 0.9336832761764526
vn 0.16408319771289825 -0.9475180506706238 0.27438315749168396
vn 0.2499992847442627 -0.5690345764160156 -0.7833899855613708
vn -0.36843428015708923 -0.12522609531879425 0.9211811423301697
vn -0.8270228505134583 -0.2372138500213623 0.5096692442893982
vn -0.08793704211711884 -0.18448129296302795 0.9788941740989685
vn -0.004633042495697737 -0.11769304424524307 0.9930392503738403
vn -0.14083580672740936 0.7401713728904724 0.6575042009353638
vn -0.7810405492782593 0.5195833444595337 0.34642285108566284
vn 0.7089732885360718 0.38923588395118713 0.5880920886993408
vn 0.23511478304862976 0.7649202942848206 0.5996816158294678
vn 0.22444210946559906 -0.14931543171405792 0.9629800915718079
vn 0.9855269193649292 0.1695108264684677 0.001670748577453196
vn -0.21331337094306946 0.9406778216362 -0.2638610899448395
vn -0.06640124320983887 0.9578961730003357 -0.2793309688568115
vn -0.02091345004737377 0.9985349774360657 -0.04990352690219879
vn -0.2056410312652588 0.9768789410591125 -0.0584745854139328
vn -0.8635385632514954 0.3757687211036682 -0.3363018035888672
vn 0.26441827416419983 -0.17306087911128998 0.948753297328949
vn 0.9599927663803101 -0.17648784816265106 0.21740737557411194
vn 0.6510644555091858 -0.19479066133499146 -0.7336019277572632
vn 0.5625730156898499 0.12243134528398514 -0.8176320791244507
vn 0.45347025990486145 0.8222588300704956 -0.34388256072998047
vn 0.4005456268787384 0.8634282946586609 -0.30668333172798157
vn 0.048024486750364304 0.976668655872345 -0.20931267738342285
vn 0.07608325779438019 0.9731510877609253 -0.21722890436649323
vn -0.26095160841941833 0.9184054732322693 -0.2973812520503998
vn 0.49676254391670227 0.8101317286491394 -0.31130945682525635
vn 0.17290423810482025 0.8294481039047241 -0.5311496257781982
vn 0.11133971065282822 0.08205752819776535 -0.9903888702392578
vn -0.36724939942359924 -0.06041794642806053 -0.9281581044197083
vn -0.4332556128501892 -0.24268928170204163 -0.8679813146591187
vn -0.8338858485221863 -0.289405882358551 -0.469977468252182
vn -0.7254154086112976 -0.19920144975185394 -0.6588561534881592
vn 0.07886398583650589 -0.2211134433746338 -0.9720541834831238
vn -0.0011522661661729217 -0.16125892102718353 -0.9869114756584167
vn -0.3738749325275421 -0.17648011445999146 -0.9105340242385864
vn 0.5479720830917358 -0.1319258213043213 -0.8260279297828674
vn 0.4768507480621338 -0.15806104242801666 -0.8646560907363892
vn 0.08577520400285721 -0.16974544525146484 -0.9817479848861694
vn 0.9771446585655212 -0.05592779815196991 0.20508596301078796
vn 0.9890091419219971 -0.021526053547859192 0.1462790071964264
vn 0.9873798489570618 -0.0519038625061512 -0.1496230959892273
vn 0.5456265211105347 -0.16297657787799835 -0.8220282196998596
vn 0.3779728412628174 -0.026001816615462303 0.9254514575004578
vn 0.3427650034427643 0.10011723637580872 0.9340710639953613
vn 0.42929258942604065 0.16520096361637115 0.8879282474517822
vn 0.5624397993087769 0.26956045627593994 0.7816639542579651
vn 0.9570109248161316 0.06551947444677353 0.2825550138950348
vn 0.05204468593001366 0.10439030826091766 0.9931737184524536
vn -0.02460966445505619 0.14545130729675293 0.989059329032898
vn 0.0142527399584651 0.23667997121810913 0.9714831709861755
vn 0.033045247197151184 0.31855952739715576 0.9473267197608948
vn 0.6057151556015015 0.3566787838935852 0.7112590670585632
vn -0.4127424359321594 0.06295765191316605 0.9086694121360779
vn -0.4717905819416046 0.1605577915906906 0.8669686913490295
vn -0.39442387223243713 0.28208205103874207 0.8745625019073486
vn -0.28583431243896484 0.48269230127334595 0.8278326392173767
vn -0.03316214680671692 0.43352147936820984 0.9005327820777893
vn -0.9319692254066467 -0.008803698234260082 0.36243024468421936
vn -0.999569296836853 -0.027513524517416954 0.010209930129349232
vn -0.964148998260498 0.2056749016046524 0.16767393052577972
vn -0.3624083995819092 0.4373028576374054 0.8230592012405396
vn -0.6693422198295593 -0.2645666003227234 -0.6942517161369324
vn -0.4814179241657257 -0.31050732731819153 -0.819647490978241
vn -0.06021331995725632 -0.34202298521995544 -0.9377604722976685
vn 0.00865739956498146 -0.4027737081050873 -0.9152586460113525
vn 0.37979304790496826 -0.31480440497398376 -0.8698594570159912
vn 0.44526615738868713 -0.30749550461769104 -0.8409425616264343
vn 0.9722867012023926 -0.022631032392382622 -0.23269394040107727
vn 0.9642269611358643 0.16679459810256958 -0.20602446794509888
vn 0.45314696431159973 0.5502193570137024 0.7013676166534424
vn 0.0004913212615065277 0.42853644490242004 0.9035243391990662
vn 0.46365541219711304 -0.2329390048980713 -0.8548467755317688
vn -0.011627436615526676 -0.28990185260772705 -0.9569857716560364
vn 0.011210898868739605 -0.22409343719482422 -0.9745031595230103
vn -0.5392712354660034 -0.2636605203151703 -0.7997934818267822
vn -0.4887721836566925 -0.2146541178226471 -0.8455917239189148
vn -0.4688442349433899 -0.1897304356098175 -0.8626629710197449
vn -0.9883742928504944 -0.12510839104652405 0.08639515191316605
vn -0.9933140873908997 -0.11458058655261993 -0.014081988483667374
vn -0.9579060077667236 -0.20202696323394775 -0.20396368205547333
vn -0.530981719493866 -0.0042225574143230915 0.8473727703094482
vn -0.42277005314826965 -0.10141769796609879 0.9005441665649414
vn 0.06999389082193375 -0.025138629600405693 0.9972306489944458
vn -0.7758615612983704 -0.057909730821847916 0.6282397508621216
vn -0.8812785148620605 0.35507750511169434 0.3118785321712494
vn -0.8562303781509399 -0.19484929740428925 -0.4784384071826935
vn -0.699768602848053 -0.7094303965568542 -0.08385831862688065
vn 0.7800697088241577 -0.3514249920845032 0.5176790356636047
vn 0.33428046107292175 -0.906018078327179 -0.25959160923957825
vn 0.5948863625526428 -0.39249902963638306 -0.7014662027359009
vn 0.9745540618896484 0.17824053764343262 0.13592147827148438
vn -0.33205655217170715 -0.5114107728004456 -0.792589008808136
vn -0.3291037082672119 -0.9201503992080688 -0.21216505765914917
vn -0.16308897733688354 -0.3360653221607208 0.9276109933853149
vn 0.10535635054111481 -0.48032519221305847 0.870739758014679
vn -0.04140171781182289 -0.991635262966156 0.12225166708230972
vn -0.01656102016568184 -0.5672041773796082 -0.8234106302261353
vn 0.8212302327156067 -0.24930520355701447 0.5132521390914917
vn 0.8689131736755371 -0.08037807792425156 0.4883945882320404
vn 0.8553460836410522 -0.2270456999540329 -0.46565359830856323
vn 0.6775145530700684 -0.25229698419570923 -0.6908836960792542
vn 0.264453649520874 -0.1143716424703598 0.9575924873352051
vn 0.26341336965560913 -0.0882544070482254 0.9606375694274902
vn 0.8615687489509583 0.3512515127658844 -0.36649906635284424
vn 0.8420416116714478 0.4935237169265747 0.2177157700061798
vn 0.27845340967178345 0.15308211743831635 0.9481716752052307
vn -0.1470356434583664 0.9526012539863586 -0.26632949709892273
vn -0.538520336151123 0.6151793003082275 0.5758040547370911
vn -0.0089526092633605 0.47429361939430237 0.880321204662323
vn 0.06432992219924927 0.9973834753036499 -0.03298192098736763
vn -0.009644776582717896 0.8810762763023376 -0.4728756844997406
vn -0.06032366678118706 0.9058947563171387 -0.41918477416038513
vn -0.7606741786003113 0.5968749523162842 -0.25517645478248596
vn 0.314180850982666 0.8042809367179871 -0.5044029951095581
vn 0.4654054045677185 0.8270871639251709 0.31515827775001526
vn 0.34627556800842285 0.8847283124923706 -0.3120080530643463
vn 0.07273616641759872 0.9514173865318298 -0.29918962717056274
vn -0.04547261446714401 0.9694015383720398 -0.2412320375442505
vn -0.4382440149784088 0.5268582105636597 -0.7282600402832031
vn 0.1513432264328003 0.5259868502616882 -0.8369187712669373
vn 0.1034865453839302 -0.2672952115535736 -0.9580417275428772
vn -0.48749202489852905 -0.2280191034078598 -0.8428278565406799
vn -0.4664902985095978 -0.2231290191411972 -0.855920672416687
vn -0.9583048820495605 -0.19574667513370514 -0.20817045867443085
vn -0.9809497594833374 -0.1583183854818344 0.11257387697696686
vn 0.11495862156152725 -0.23981548845767975 -0.9639881253242493
vn 0.08740204572677612 -0.2285839319229126 -0.969592809677124
vn -0.32169780135154724 -0.22733217477798462 -0.9191466569900513
vn 0.7855880260467529 -0.17748034000396729 -0.5927497744560242
vn 0.6971561908721924 -0.22737854719161987 -0.6799060702323914
vn 0.17758581042289734 -0.24881096184253693 -0.9521326422691345
vn 0.8664309978485107 0.012618718668818474 0.49913743138313293
vn 0.871894359588623 0.007224258966743946 0.4896408021450043
vn 0.9345455169677734 0.015132229775190353 0.3555217981338501
vn 0.8512793183326721 -0.19753319025039673 -0.48611119389533997
vn 0.2877402901649475 0.061284612864255905 0.9557456970214844
vn 0.22675730288028717 0.14906765520572662 0.9624760150909424
vn 0.3014990985393524 0.21448877453804016 0.9290278553962708
vn 0.3473897874355316 0.2836509943008423 0.8937910199165344
vn 0.8258951902389526 0.15964250266551971 0.5407507419586182
vn -0.04778594896197319 0.17457930743694305 0.9834828972816467
vn -0.1361035257577896 0.22749127447605133 0.9642216563224792
vn -0.07750285416841507 0.31820568442344666 0.9448484182357788
vn 0.002527033444494009 0.40168121457099915 0.9157760739326477
vn 0.2989484369754791 0.37617936730384827 0.8769943118095398
vn -0.6121224761009216 0.18269583582878113 0.7693687677383423
vn -0.7669793963432312 0.22189199924468994 0.6020850539207458
vn -0.7232247591018677 0.3195079267024994 0.6122586727142334
vn -0.6166577339172363 0.5444492697715759 0.5686020255088806
vn -0.018406877294182777 0.5344014763832092 0.8450303077697754
vn -0.9787425994873047 -0.059959154576063156 -0.19613219797611237
vn -0.8627668619155884 -0.18533596396446228 -0.4704083204269409
vn -0.8532087802886963 -0.12777043879032135 -0.5056772232055664
vn -0.35124441981315613 -0.3933243453502655 -0.8496606945991516
vn -0.22683590650558472 -0.43829846382141113 -0.8697355389595032
vn 0.06645064800977707 -0.4099985659122467 -0.9096622467041016
vn 0.11075391620397568 -0.43842190504074097 -0.8919191956520081
vn 0.6534241437911987 -0.3045089840888977 -0.6930448412895203
vn 0.8117689490318298 -0.15325139462947845 -0.5635116100311279
vn 0.9335813522338867 0.16301032900810242 0.3191450238227844
vn 0.751063883304596 0.44558247923851013 0.4871954321861267
vn 0.27051347494125366 0.5055713057518005 0.8192802667617798
vn 0.2552527189254761 0.42743444442749023 0.8672633171081543
vn -0.07093334943056107 0.46512460708618164 0.882398784160614
vn 0.7728221416473389 -0.23191557824611664 -0.5907293558120728
vn 0.10482451319694519 -0.35596486926078796 -0.9286016225814819
vn 0.12433888018131256 -0.2940768599510193 -0.9476594924926758
vn -0.32918938994407654 -0.33519595861434937 -0.8827672004699707
vn -0.34017521142959595 -0.28145918250083923 -0.8972522020339966
vn -0.3580624759197235 -0.23157727718353271 -0.9045237898826599
vn -0.9559258818626404 -0.11629319936037064 -0.26959508657455444
vn -0.9603273868560791 -0.11382316052913666 -0.2545888125896454
vn -0.9789779186248779 -0.10446799546480179 -0.1751815378665924
vn -0.6616325378417969 0.10300692170858383 0.7427192330360413
vn -0.6346858739852905 0.09415388107299805 0.7670129537582397
vn -0.575188934803009 -0.06751518696546555 0.8152296543121338
vn -0.13134951889514923 0.09081196039915085 0.9871678948402405
vn -0.08939650654792786 -0.023312153294682503 0.995723307132721
vn -0.04176460579037666 -0.11598783731460571 0.9923721551895142
vn -0.5434362888336182 -0.14303810894489288 0.8271741271018982
vn -0.9368049502372742 -0.3440174162387848 -0.06362755596637726
vn -0.978899359703064 -0.11834189295768738 0.16658705472946167
vn -0.8647168278694153 -0.3026978075504303 -0.4007977843284607
vn -0.8798330426216125 -0.3135943114757538 -0.35714516043663025
vn -0.6222282648086548 -0.5573210120201111 0.5497502684593201
vn -0.5856931209564209 0.048793867230415344 0.8090628385543823
vn -0.49491798877716064 -0.8093628883361816 -0.31620872020721436
vn 0.15352806448936462 0.46163737773895264 0.8736818432807922
vn 0.05249151587486267 0.04143574833869934 0.9977614283561707
vn 0.8753635883331299 0.15950050950050354 0.4563968777656555
vn 0.8906559348106384 0.39294928312301636 0.2287418693304062
vn -0.07948528230190277 0.2633169889450073 0.9614292979240417
vn -0.16795536875724792 0.07055242359638214 0.9832667112350464
vn 0.6162441372871399 0.47366902232170105 0.6291906237602234
vn 0.47689491510391235 -0.5218036770820618 0.7073133587837219
vn 0.988042414188385 -0.14615683257579803 0.04909509792923927
vn 0.9823406934738159 -0.0034887981601059437 -0.18706847727298737
vn 0.8417882919311523 -0.48263823986053467 -0.2417701780796051
vn -0.991335928440094 -0.1256147176027298 0.038392018526792526
vn -0.7011769413948059 -0.26319727301597595 -0.6626297831535339
vn -0.6835812926292419 -0.262596070766449 -0.6809991598129272
vn -0.266891747713089 0.20469127595424652 0.9417378902435303
vn -0.1460825353860855 0.23884983360767365 0.9600055813789368
vn 0.06756485253572464 0.1439538449048996 0.9872751832008362
vn -0.29289510846138 0.06120098754763603 0.9541838765144348
vn 0.18907997012138367 -0.6046806573867798 -0.7736990451812744
vn 0.19658923149108887 -0.979953944683075 0.0322941429913044
vn -0.2164977490901947 -0.35684511065483093 -0.9087300300598145
vn -0.0651908665895462 -0.200137659907341 -0.977596640586853
vn 0.17743650078773499 -0.4791103005409241 -0.8596334457397461
vn 0.26819220185279846 -0.9616280198097229 -0.05783052742481232
vn 0.8502389788627625 0.005712708458304405 -0.5263658761978149
vn 0.36901456117630005 -0.34432917833328247 -0.8632876873016357
vn 0.9676089882850647 0.2434101104736328 -0.0669654905796051
vn 0.9512431025505066 0.2445400208234787 -0.1879808008670807
vn 0.7116503119468689 0.0872771218419075 -0.6970914602279663
vn -0.5248990058898926 -0.2599722146987915 -0.8104909062385559
vn -0.14254388213157654 -0.22498269379138947 -0.9638796448707581
vn 0.2736853361129761 -0.10832858830690384 -0.9556993246078491
vn 0.38368844985961914 -0.0481085367500782 -0.9222086071968079
vn -0.5421521663665771 -0.23228004574775696 0.8075376152992249
vn -0.993746280670166 -0.06482017785310745 0.09092115610837936
vn -0.8852234482765198 -0.4641307294368744 -0.031019674614071846
vn -0.4289722144603729 -0.47547224164009094 0.7680553197860718
vn -0.1302424818277359 -0.30880066752433777 0.9421672821044922
vn -0.28299984335899353 0.23159269988536835 0.9307394027709961
vn 0.015055523253977299 0.9857222437858582 -0.16770493984222412
vn 0.0342593640089035 0.998531699180603 -0.04196183755993843
vn -0.24137639999389648 0.9032953381538391 -0.3546757698059082
vn -0.6302444338798523 0.7499678730964661 0.20084846019744873
vn -0.21966961026191711 0.9605768918991089 0.17040301859378815
vn -0.20258714258670807 0.974553644657135 -0.09593525528907776
vn -0.3853260576725006 0.9219880700111389 0.03823129087686539
vn -0.4137290120124817 0.9103271961212158 -0.011522823944687843
vn -0.3141057789325714 0.947995126247406 0.05140788108110428
vn -0.10912806540727615 0.9083379507064819 0.40374889969825745
vn -0.17705963551998138 0.9584691524505615 -0.22357705235481262
vn 0.24949197471141815 0.9573145508766174 0.1459542214870453
vn 0.42450758814811707 0.3200318515300751 0.8469786047935486
vn 0.913204550743103 0.3327852189540863 0.2351842224597931
vn 0.5936254858970642 0.39787307381629944 -0.6995038390159607
vn -0.19115403294563293 0.9492855072021484 -0.24963411688804626
vn 0.05298343300819397 0.47436851263046265 -0.8787305951118469
vn -0.3023606836795807 0.8953789472579956 -0.3269169330596924
vn -0.19277776777744293 0.36031967401504517 -0.9126918911933899
vn -0.19596339762210846 -0.05256741866469383 -0.9792011976242065
vn -0.5803084373474121 -0.21737660467624664 -0.784850001335144
vn -0.7953519821166992 0.09863989800214767 -0.5980680584907532
vn 0.25473833084106445 0.04349038004875183 -0.966031551361084
vn 0.2666720449924469 0.010195459239184856 -0.9637333750724792
vn -0.09688606858253479 -0.06292413920164108 -0.9933044910430908
vn 0.6813663840293884 0.018198294565081596 -0.7317162752151489
vn 0.6939984560012817 0.015955835580825806 -0.7197997570037842
vn 0.6636820435523987 0.05534636601805687 -0.7459643483161926
vn 0.36459800601005554 0.011077058501541615 -0.9310991168022156
vn 0.9918580651283264 0.02790021523833275 -0.12425464391708374
vn 0.9724078178405762 -0.013999765738844872 0.232867032289505
vn 0.9957900047302246 0.05887395143508911 0.07025735825300217
vn 0.9884901642799377 0.1204662099480629 -0.09151613712310791
vn 0.7250264883041382 0.09244915097951889 -0.6824878454208374
vn 0.49341869354248047 -0.10793542116880417 0.8630689978599548
vn 0.4288555383682251 -0.05735082924365997 0.9015508890151978
vn 0.49559101462364197 0.007243547588586807 0.8685258626937866
vn 0.5305749773979187 0.05459471046924591 0.845878005027771
vn 0.9645521640777588 0.13194845616817474 0.22853609919548035
vn -0.011022990569472313 -0.13029789924621582 0.9914135932922363
vn -0.038317468017339706 -0.08023238927125931 0.9960394501686096
vn 0.03280812129378319 0.015394126996397972 0.9993430376052856
vn 0.14624164998531342 0.09702340513467789 0.9844794869422913
vn 0.4649711847305298 0.10708040744066238 0.8788262605667114
vn -0.2243203967809677 -0.09303578734397888 0.9700642228126526
vn -0.26115334033966064 -0.035750675946474075 0.9646350741386414
vn -0.2797936499118805 0.003430421929806471 0.9600540399551392
vn -0.30730530619621277 0.02303408272564411 0.951332151889801
vn 0.04612334445118904 0.1107102632522583 0.9927818775177002
vn -0.5045796632766724 -0.09137850254774094 0.8585158586502075
vn -0.599357008934021 -0.10780299454927444 0.793189525604248
vn -0.547968327999115 -0.04209470376372337 0.8354392051696777
vn -0.552318811416626 0.031754396855831146 0.8330278992652893
vn -0.9708493947982788 -0.21716924011707306 0.10143429040908813
vn -0.9723623394966125 -0.1983904093503952 0.12309608608484268
vn -0.9747644662857056 -0.16582728922367096 0.14945049583911896
vn -0.5326918959617615 0.2187279760837555 0.8175557851791382
vn -0.6045414209365845 -0.23786719143390656 -0.7602295875549316
vn -0.6800523400306702 -0.21639752388000488 -0.7005004286766052
vn -0.21028484404087067 -0.1401858925819397 -0.9675371646881104
vn -0.02690872922539711 -0.15657828748226166 -0.9872989058494568
vn 0.3197326958179474 -0.0265241339802742 -0.9471364617347717
vn 0.425546795129776 -0.03409094363451004 -0.9042940139770508
vn 0.657954752445221 0.05070147290825844 -0.7513486742973328
vn 0.7130691409111023 0.05131520703434944 -0.6992131471633911
vn 0.6913483738899231 0.06883842498064041 -0.719234824180603
vn 0.9860416650772095 0.15132777392864227 -0.06943894177675247
vn 0.9254624843597412 0.2604682147502899 0.2750922441482544
vn 0.5553641319274902 0.17520901560783386 0.8129407167434692
vn 0.46390312910079956 0.2573511302471161 0.8476817011833191
vn 0.9840973615646362 0.14973683655261993 0.09555776417255402
vn 0.6879319548606873 0.08430809527635574 -0.7208617925643921
vn 0.3397187888622284 0.008831998333334923 -0.9404855966567993
vn 0.3300200402736664 0.020850514993071556 -0.9437436461448669
vn -0.044265199452638626 -0.07404916733503342 -0.9962716102600098
vn -0.19298507273197174 -0.09593025594949722 -0.976500928401947
vn -0.1455603390932083 -0.09081102162599564 -0.9851728677749634
vn -0.6351407170295715 -0.1990940421819687 -0.7462960481643677
vn -0.6746357083320618 -0.2361159473657608 -0.6993682980537415
vn -0.6306283473968506 -0.2622185945510864 -0.7304444909095764
vn -0.9311640858650208 -0.35271093249320984 0.09234935790300369
vn -0.8489401936531067 -0.43256914615631104 0.30361902713775635
vn -0.5478869676589966 -0.27222469449043274 0.7910206317901611
vn -0.36746615171432495 -0.3045225739479065 0.8787688612937927
vn -0.2262592315673828 -0.16225947439670563 0.9604575037956238
vn -0.20301401615142822 -0.2362825721502304 0.9502398371696472
vn 0.017681023105978966 -0.20264659821987152 0.9790922999382019
vn 0.005181347485631704 -0.24328283965587616 0.9699415564537048
vn 0.6163691878318787 -0.08186472952365875 0.7831904292106628
vn -0.13693897426128387 0.5162616968154907 0.845412015914917
vn -0.520355761051178 -0.17602835595607758 0.8356099128723145
vn -0.95561283826828 -0.2901354134082794 -0.051239434629678726
vn -0.9640227556228638 -0.24756546318531036 0.0968061238527298
vn -0.5559103488922119 -0.17919082939624786 -0.8116984367370605
vn -0.047576624900102615 -0.4433140158653259 0.8951027989387512
vn 0.09390958398580551 -0.4816949963569641 0.8712926506996155
vn 0.663331151008606 -0.44370296597480774 0.6025938987731934
vn -0.023043831810355186 -0.23394985496997833 0.971975564956665
vn -0.006774841342121363 -0.9516381025314331 0.30714625120162964
vn 0.6298235654830933 -0.7642286419868469 -0.13884148001670837
vn 0.8149364590644836 0.030970744788646698 0.5787222385406494
vn 0.15026922523975372 0.26698482036590576 0.9519129991531372
vn 0.9090878963470459 -0.2056620568037033 -0.36230143904685974
vn -0.811287522315979 -0.1348852664232254 0.5688747763633728
vn -0.7746500372886658 0.3400685787200928 0.5331704616546631
vn -0.9114918112754822 0.0936986654996872 -0.4005036950111389
vn -0.8195516467094421 -0.5714201331138611 -0.042590826749801636
vn -0.047940269112586975 -0.8108423948287964 -0.583297848701477
vn -0.42036309838294983 -0.9049149751663208 -0.0665106251835823
vn -0.12097930908203125 -0.6547080278396606 -0.7461376190185547
vn 0.18029974400997162 -0.27255794405937195 -0.9450947642326355
vn 0.4544057548046112 -0.5267786383628845 -0.7183451652526855
vn -0.42136865854263306 -0.48338255286216736 -0.7673263549804688
vn -0.42866775393486023 -0.0707044005393982 -0.9006913304328918
vn 0.2438306361436844 -0.2004600465297699 -0.9488742351531982
vn 0.8032024502754211 -0.1951710432767868 -0.5628269910812378
vn 0.19902242720127106 -0.2287697046995163 0.9529188871383667
vn 0.05672227963805199 -0.027606626972556114 0.9980083107948303
vn -0.10229253023862839 -0.24255970120429993 0.9647284746170044
vn 0.07861798256635666 -0.3144475221633911 0.9460138082504272
vn 0.6954411268234253 -0.470093309879303 0.5434830784797668
vn 0.9181016683578491 -0.22458691895008087 0.3265734314918518
vn 0.6466148495674133 0.6209984421730042 0.44300130009651184
vn -0.10481379181146622 -0.21371109783649445 0.9712578058242798
vn -0.2769298851490021 -0.19569022953510284 0.9407524466514587
vn -0.19267728924751282 -0.14098331332206726 0.9710813760757446
vn 0.01833639107644558 -0.213394433259964 0.9767941236495972
vn -0.31663399934768677 -0.25295814871788025 0.9141963124275208
vn -0.15016187727451324 -0.016403594985604286 0.988525390625
vn 0.5110632181167603 0.7812972068786621 -0.3583141565322876
vn 0.13904082775115967 0.9701089859008789 -0.1988873928785324
vn 0.24332492053508759 0.9218347072601318 -0.301684707403183
vn 0.8353551626205444 0.05457552149891853 -0.546994686126709
vn 0.2806927561759949 0.8838680386543274 -0.3741507828235626
vn 0.26511314511299133 0.8925683498382568 0.3647420406341553
vn 0.20573630928993225 0.9372676610946655 -0.28142857551574707
vn -0.9591869115829468 0.24102133512496948 0.1478825956583023
vn -0.9346290230751038 -0.008331739343702793 -0.35552653670310974
vn -0.7767941355705261 -0.21373915672302246 0.5923734903335571
vn -0.6037972569465637 0.024110760539770126 0.7967731356620789
vn -0.20416131615638733 0.9112974405288696 0.35756850242614746
vn -0.4582894742488861 0.690254271030426 -0.5599285364151001
vn 0.40133339166641235 0.8885063529014587 -0.22245904803276062
vn 0.24430057406425476 0.8208817839622498 -0.5162075757980347
vn 0.290333092212677 0.8694202303886414 -0.3997688591480255
vn 0.39483314752578735 0.8773095011711121 -0.27282747626304626
vn 0.2640124261379242 0.7617713809013367 -0.5916094183921814
vn -0.1904098242521286 0.39128556847572327 -0.900355339050293
vn 0.22546721994876862 0.08894000947475433 -0.9701825976371765
vn 0.7811558842658997 -0.33648619055747986 -0.5259015560150146
vn 0.21339887380599976 -0.0898759514093399 -0.972822368144989
vn -0.37108075618743896 -0.0030347274150699377 -0.9285956025123596
vn 0.7033026218414307 -0.2682712972164154 -0.6583282351493835
vn 0.28310221433639526 -0.12138289213180542 -0.9513775706291199
vn -0.3536299765110016 -0.01637989655137062 -0.9352419376373291
vn -0.9374788403511047 0.01664714887738228 -0.34764400124549866
vn -0.938995361328125 -0.053329456597566605 -0.3397700786590576
vn 0.16571345925331116 -0.10951289534568787 -0.9800744652748108
vn -0.2789236605167389 -0.03844045475125313 -0.9595435857772827
vn -0.9260866045951843 0.059641033411026 -0.3725675046443939
vn -0.7656342387199402 0.043787818402051926 0.6417842507362366
vn -0.771689236164093 -0.052498843520879745 0.6338293552398682
vn -0.3814859688282013 -0.023915646597743034 -0.9240651726722717
vn -0.8628717064857483 0.06587464362382889 -0.5011118054389954
vn -0.7668318748474121 0.09680971503257751 0.6345051527023315
vn -0.1639459729194641 0.04107189178466797 0.985614001750946
vn -0.2550530433654785 -0.005267917178571224 0.9669127464294434
vn -0.9636537432670593 0.10158170014619827 -0.24708810448646545
vn -0.8150330781936646 0.15881386399269104 0.5572245717048645
vn -0.1868152767419815 0.09385766834020615 0.9779012203216553
vn 0.19936473667621613 0.011959088034927845 0.9798523783683777
vn 0.11734054237604141 -0.011655738577246666 0.9930233359336853
vn -0.6714978218078613 0.2019122987985611 0.7129669189453125
vn -0.1950032263994217 0.1398971974849701 0.970774233341217
vn 0.21197305619716644 0.0630529522895813 0.9752393364906311
vn 0.9259040951728821 -0.17474403977394104 0.334911972284317
vn 0.7679322957992554 -0.15767525136470795 0.6208208799362183
vn -0.11462300270795822 0.12685558199882507 0.9852762222290039
vn 0.20768165588378906 0.057607874274253845 0.9764986634254456
vn 0.8540037870407104 -0.0616585798561573 0.5166002511978149
vn 0.8159192204475403 -0.20362766087055206 -0.541120707988739
vn 0.809055745601654 -0.23735232651233673 -0.53767329454422
vn 0.13172823190689087 0.20875990390777588 0.9690547585487366
vn 0.8133414387702942 0.14250566065311432 0.5640636086463928
vn -0.06762765347957611 0.2151315063238144 0.9742406606674194
vn -0.07556886970996857 0.263916015625 0.9615808129310608
vn -0.7114464044570923 0.3360244035720825 0.6171966791152954
vn -0.3736075758934021 -0.47098565101623535 0.7991182208061218
vn -0.7352548241615295 0.23198023438453674 0.636855959892273
vn -0.9474435448646545 0.1503058671951294 -0.28241631388664246
vn -0.8381142616271973 0.09624963253736496 -0.5369362831115723
vn -0.4192928969860077 -0.04638060927391052 -0.9066655039787292
vn -0.21663305163383484 -0.0959092378616333 -0.971530556678772
vn 0.23213353753089905 -0.18456709384918213 -0.9550126791000366
vn -0.26939135789871216 -0.08485716581344604 -0.9592849612236023
vn 0.22223784029483795 -0.16677317023277283 -0.9606232643127441
vn -0.3193477988243103 -0.05029013380408287 -0.9463021755218506
vn 0.21748055517673492 -0.1482991874217987 -0.9647329449653625
vn 0.7838229537010193 -0.23862436413764954 -0.5733062028884888
vn 0.22015157341957092 -0.13509923219680786 -0.9660649299621582
vn 0.7728002071380615 -0.22493351995944977 -0.5934516191482544
vn 0.8393688797950745 -0.21664424240589142 0.4985230565071106
vn 0.7681835889816284 -0.24028079211711884 -0.5934299230575562
vn 0.8135166168212891 -0.284986287355423 0.5069254636764526
vn 0.09502512961626053 -0.08143429458141327 0.9921384453773499
vn 0.774459958076477 -0.3840283155441284 0.502726674079895
vn -0.9204444289207458 0.09973960369825363 -0.37793388962745667
vn -0.7606067657470703 -0.14766190946102142 0.6321972608566284
vn -0.7934943437576294 -0.1942533552646637 0.5767428278923035
vn -0.7663203477859497 0.2131883203983307 0.6060560345649719
vn -0.9577397108078003 -0.1129816547036171 -0.26451802253723145
vn -0.8574408888816833 -0.49132072925567627 -0.1529671847820282
vn -0.3857605457305908 -0.8601511120796204 0.33365973830223083
vn -0.14727380871772766 -0.05077408626675606 0.9877917170524597
vn 0.9748618006706238 -0.1903005987405777 -0.11588802933692932
vn 0.6153403520584106 -0.6057436466217041 0.504411518573761
vn 0.7151309251785278 -0.5295647382736206 -0.45623353123664856
vn 0.9252751469612122 -0.13948377966880798 -0.3527182638645172
vn 0.9890711307525635 0.03955906629562378 -0.14203302562236786
vn 0.9859539270401001 0.053151778876781464 0.15833431482315063
vn 0.7152853608131409 0.0465007908642292 0.6972836256027222
vn 0.41854536533355713 0.46149471402168274 0.7822036147117615
vn 0.5820679068565369 -0.18739944696426392 -0.7912511825561523
vn -0.6160257458686829 -0.42634958028793335 -0.6623731851577759
vn -0.5950271487236023 -0.17161564528942108 -0.785169243812561
vn -0.12995663285255432 -0.2608873248100281 -0.9565819501876831
vn -0.14166481792926788 -0.7519950866699219 -0.6437658071517944
vn 0.6966539621353149 -0.06116483360528946 -0.7147951722145081
vn 0.9891594648361206 0.10512447357177734 -0.10253016650676727
vn 0.6062672138214111 0.3123511075973511 0.7313527464866638
vn -0.47234585881233215 0.3811277151107788 0.7947522401809692
vn -0.5404902696609497 -0.27141672372817993 0.7963687181472778
vn -0.05745414271950722 -0.19026516377925873 0.9800501465797424
vn -0.1228061392903328 0.4472954571247101 0.8859149813652039
vn -0.6592977046966553 0.751748263835907 -0.014178501442074776
vn -0.9671965837478638 -0.08982066810131073 0.23761965334415436
vn 0.2975538671016693 0.8742060661315918 0.3836997449398041
vn -0.07891196012496948 0.9343004822731018 0.3476428985595703
vn 0.02413472719490528 0.29778245091438293 0.9543286561965942
vn 0.5240431427955627 0.14304490387439728 0.8395932912826538
vn 0.8777317404747009 0.47833573818206787 0.0279631819576025
vn 0.1825270801782608 0.9716554880142212 -0.15023158490657806
vn -0.07001190632581711 0.9964066743850708 -0.047667067497968674
vn -0.029736395925283432 0.9455369710922241 -0.32415345311164856
vn -0.005397530272603035 0.9752503037452698 -0.22103792428970337
vn 0.06392594426870346 0.9795528650283813 -0.19076070189476013
vn -0.3913036286830902 0.7916658520698547 -0.4691978693008423
vn -0.11047576367855072 0.778022289276123 -0.6184467673301697
vn 0.011988834477961063 0.9589178562164307 -0.2834303379058838
vn 0.5397756099700928 0.652954638004303 -0.5313120484352112
vn 0.053025051951408386 0.5761685967445374 -0.8156090974807739
vn -0.1864183247089386 0.9590029716491699 -0.2134515792131424
vn -0.17258818447589874 0.9499155282974243 -0.2605260908603668
vn -0.13903671503067017 0.9757554531097412 0.16902703046798706
vn 0.12913863360881805 0.019542666152119637 -0.9914339184761047
vn -0.15351571142673492 0.03847149387001991 -0.9873970150947571
vn 0.7451050281524658 0.00022206336143426597 -0.6669470071792603
vn 0.6877860426902771 -0.1768813282251358 -0.7040335536003113
vn 0.23546753823757172 -0.10688874125480652 -0.9659865498542786
vn 0.9920862913131714 -0.046856239438056946 0.11648686230182648
vn 0.9775548577308655 -0.19719019532203674 0.07417986541986465
vn 0.9927733540534973 -0.0933588445186615 -0.07539940625429153
vn 0.78580641746521 -0.1274021565914154 -0.605208158493042
vn 0.7218695282936096 -0.15234313905239105 0.6750525832176208
vn 0.5028374791145325 -0.21737125515937805 0.8366029262542725
vn 0.5847791433334351 -0.11227208375930786 0.8033854961395264
vn 0.6677265167236328 -0.022985246032476425 0.7440517544746399
vn 0.9927974939346313 -0.052004143595695496 0.10792957991361618
vn 0.06700216233730316 -0.19048134982585907 0.9794016480445862
vn 0.008496983908116817 -0.14081349968910217 0.9899997115135193
vn 0.02764814905822277 -0.05346113443374634 0.9981871247291565
vn 0.015141641721129417 0.0012720609083771706 0.9998845458030701
vn 0.4781472384929657 0.014393307268619537 0.8781617283821106
vn -0.08834314346313477 -0.12137870490550995 0.9886671900749207
vn -0.08305930346250534 -0.05790391191840172 0.9948608875274658
vn -0.06201450154185295 -0.0017746814992278814 0.9980736970901489
vn -0.042619843035936356 0.0665324330329895 0.9968736171722412
vn -0.015027577057480812 0.04622567445039749 0.9988179206848145
vn -0.41348206996917725 -0.07123424112796783 0.9077215194702148
vn -0.5788465738296509 -0.03773904964327812 0.8145626783370972
vn -0.5143158435821533 0.015227198600769043 0.8574657440185547
vn -0.4587239623069763 0.0802798941731453 0.8849449157714844
vn -0.053143326193094254 0.10984345525503159 0.992527186870575
vn -0.9830834269523621 -0.08667561411857605 0.16135120391845703
vn -0.985902726650238 -0.11151501536369324 -0.12474063038825989
vn -0.9970182776451111 -0.06175921484827995 -0.046265359967947006
vn -0.996787428855896 -0.04959592595696449 0.0628879964351654
vn -0.6371434330940247 0.060102544724941254 0.7683982253074646
vn -0.7157047986984253 -0.13689720630645752 -0.6848546266555786
vn -0.6496379375457764 -0.13454297184944153 -0.7482437491416931
vn -0.6495791077613831 -0.15889953076839447 -0.7435038089752197
vn -0.6548276543617249 -0.19437000155448914 -0.7303566932678223
vn -0.9920751452445984 -0.0800691694021225 -0.09682957828044891
vn -0.2997666597366333 -0.14672735333442688 -0.9426617622375488
vn -0.1749727725982666 -0.17815706133842468 -0.9683204889297485
vn -0.21441245079040527 -0.22143390774726868 -0.9513117671012878
vn -0.1944042444229126 -0.2722669839859009 -0.9423787593841553
vn -0.5322805047035217 -0.22296124696731567 -0.8166796565055847
vn 0.2931368350982666 -0.14837276935577393 -0.9444873929023743
vn 0.28624024987220764 -0.17849323153495789 -0.9413855075836182
vn 0.23118895292282104 -0.21883605420589447 -0.9479780197143555
vn 0.15470607578754425 -0.2936803996562958 -0.9433015584945679
vn 0.6853243112564087 -0.08612147718667984 -0.7231276631355286
vn 0.6527406573295593 -0.07994990050792694 -0.7533509731292725
vn 0.9904311895370483 0.030394421890378 -0.13461865484714508
vn 0.9193734526634216 0.13970975577831268 0.36774125695228577
vn 0.47372111678123474 0.11938411742448807 0.8725455403327942
vn 0.38957133889198303 0.21606393158435822 0.895293653011322
vn 0.12440811097621918 0.17252612113952637 0.9771168828010559
vn 0.07112153619527817 0.18964821100234985 0.9792727828025818
vn 0.0576171875 0.24007698893547058 0.9690424203872681
vn -0.004591066390275955 0.32675161957740784 0.9450991749763489
vn -0.12720927596092224 0.18998265266418457 0.9735113382339478
vn -0.1118069663643837 0.24525763094425201 0.9629889726638794
vn -0.05969340726733208 0.34846776723861694 0.9354180693626404
vn -0.02764737978577614 0.051892124116420746 0.9982699155807495
vn -0.6602789759635925 0.2015463411808014 0.7234712839126587
vn -0.571639895439148 0.10675571858882904 0.8135300874710083
vn -0.9289012551307678 -0.13196918368339539 -0.3460153043270111
vn -0.08308804035186768 0.14091458916664124 0.9865289926528931
vn 0.030712170526385307 0.10242081433534622 0.9942669868469238
vn 0.4584287703037262 0.04550403356552124 0.8875654935836792
vn 0.5164422988891602 0.07381457090377808 0.8531346321105957
vn 0.9531886577606201 0.07329266518354416 0.2933591604232788
vn 0.9936143755912781 0.045358095318078995 -0.10331106930971146
vn 0.9999797344207764 0.0018911935621872544 0.0060736327432096004
vn 0.7384132742881775 -0.048133283853530884 -0.6726283431053162
vn 0.6986345648765564 -0.060879554599523544 -0.7128840088844299
vn 0.7322292327880859 -0.07630842179059982 -0.6767697334289551
vn 0.2611914277076721 -0.09643231332302094 -0.9604581594467163
vn 0.1970895230770111 -0.09233806282281876 -0.9760273098945618
vn 0.2263108342885971 -0.10021521151065826 -0.968886137008667
vn -0.28338712453842163 -0.1111810952425003 -0.9525389671325684
vn -0.33045080304145813 -0.12605029344558716 -0.9353681206703186
vn -0.2370324283838272 -0.14184966683387756 -0.9610901474952698
vn -0.7604390978813171 -0.21051737666130066 -0.6143410205841064
vn -0.719807505607605 -0.3104347586631775 -0.6208924055099487
vn -0.7634608745574951 -0.06436741352081299 -0.6426385641098022
vn -0.931492805480957 -0.3197316825389862 0.17347274720668793
vn -0.9652648568153381 -0.23065614700317383 0.1227254793047905
vn -0.5262622833251953 -0.16177582740783691 0.834791362285614
vn -0.320815771818161 -0.25676652789115906 0.9116733074188232
vn -0.09580536931753159 -0.20276515185832977 0.9745294451713562
vn 0.03771791234612465 -0.17334382236003876 0.9841388463973999
vn -0.9850082993507385 -0.15277503430843353 0.08011516183614731
vn -0.6921341419219971 -0.15098954737186432 -0.7057991027832031
vn -0.7114832401275635 -0.1304406225681305 -0.6904902458190918
vn -0.21624094247817993 -0.11832920461893082 -0.9691429734230042
vn -0.26108840107917786 -0.13242663443088531 -0.9561883211135864
vn 0.32012176513671875 -0.09850022941827774 -0.9422418475151062
vn 0.2868829071521759 -0.11842749267816544 -0.950617253780365
vn 0.7672985196113586 -0.03403262048959732 -0.6403864026069641
vn 0.030062329024076462 -0.9754030108451843 0.2183694690465927
vn 0.12987424433231354 -0.597491443157196 -0.791287899017334
vn -0.8683373928070068 -0.26856911182403564 0.4169662296772003
vn -0.2623984217643738 -0.3974792957305908 0.87929368019104
vn -0.2797127366065979 0.29720357060432434 0.9129243493080139
vn -0.924943745136261 0.1032165139913559 0.36582162976264954
vn -0.9122223854064941 -0.1190342903137207 -0.3920218050479889
vn -0.8359477519989014 -0.4259048104286194 -0.34611621499061584
vn -0.5031722784042358 -0.81923907995224 -0.2750724256038666
vn 0.8420979380607605 -0.4877253770828247 0.230206698179245
vn 0.999723494052887 -0.021452859044075012 -0.009637903422117233
vn 0.4626206159591675 0.20386336743831635 0.8627988696098328
vn 0.27512168884277344 -0.3749123215675354 0.8852959275245667
vn 0.06361746042966843 -0.9926743507385254 -0.10271484404802322
vn 0.500947892665863 -0.5520466566085815 -0.6665551662445068
vn 0.6246408224105835 -0.17542478442192078 -0.7609533071517944
vn -0.3651701807975769 -0.29557090997695923 -0.882773220539093
vn 0.04277739301323891 -0.34569382667541504 -0.9373717308044434
vn -0.4016753137111664 0.5834174752235413 0.7058901786804199
vn -0.5031328797340393 -0.16265128552913666 0.8487650156021118
vn -0.011699499562382698 -0.1601077914237976 0.9870302081108093
vn 0.0901377871632576 0.6081799268722534 0.7886649966239929
vn -0.5031326413154602 0.8435544371604919 -0.1878122091293335
vn -0.9688158631324768 0.03645187243819237 0.24508588016033173
vn 0.5730561017990112 0.5953951478004456 0.5631263256072998
vn 0.702989399433136 -0.2023586928844452 0.6818041205406189
vn 0.9983974695205688 0.05614074319601059 0.007106001488864422
vn 0.6012604236602783 0.7791869640350342 -0.1770695000886917
vn 0.09671329706907272 0.9485170245170593 -0.30159908533096313
vn 0.10628499835729599 0.9943217635154724 -0.0052619073539972305
vn -0.023127112537622452 0.9973596930503845 -0.06883873045444489
vn -0.05733908712863922 0.9612873792648315 -0.26951587200164795
vn -0.023393604904413223 0.9857620596885681 -0.16651131212711334
vn 0.10649029165506363 0.9714651703834534 -0.2119319885969162
vn 0.08610837906599045 0.9584022760391235 -0.2721220850944519
vn -0.405513733625412 0.7365880608558655 -0.5412917733192444
vn 0.12166114896535873 0.947655200958252 -0.29520878195762634
vn -0.16163504123687744 0.722822368144989 -0.6718644499778748
vn -0.06384625285863876 0.9821261763572693 -0.17706458270549774
vn 0.05984077602624893 0.9662002325057983 -0.2507511079311371
vn 0.34229132533073425 0.796391487121582 -0.49859529733657837
vn 0.05511843413114548 0.752528965473175 -0.6562484502792358
vn 0.08235481381416321 0.10378200560808182 -0.991184651851654
vn -0.27240997552871704 0.15827269852161407 -0.9490746259689331
vn 0.679692804813385 0.06703484803438187 -0.7304273247718811
vn 0.605431318283081 -0.17077168822288513 -0.7773609757423401
vn 0.20960837602615356 -0.07008692622184753 -0.9752702116966248
vn 0.9646783471107483 -0.24170351028442383 -0.10476165264844894
vn 0.941689670085907 -0.18539030849933624 -0.28080421686172485
vn 0.6602047681808472 -0.12814202904701233 -0.7400739192962646
vn 0.48838189244270325 -0.34123626351356506 0.8031444549560547
vn 0.624871551990509 -0.21169476211071014 0.7514790892601013
vn 0.741520345211029 -0.11545532196760178 0.6609218716621399
vn 0.9839279055595398 -0.15729597210884094 -0.08452092111110687
vn 0.12707556784152985 -0.258245587348938 0.9576852321624756
vn 0.09963954985141754 -0.1858895868062973 0.9775055050849915
vn 0.1139153465628624 -0.07489524036645889 0.990663468837738
vn 0.13837957382202148 0.007783956825733185 0.9903486371040344
vn 0.5563214421272278 -0.05341688171029091 0.8292485475540161
vn 0.00204573106020689 -0.16940978169441223 0.9855434894561768
vn 0.0038885697722434998 -0.07508990913629532 0.9971691966056824
vn 0.0005231443792581558 0.01283684466034174 0.9999173879623413
vn -0.012498654425144196 0.07133127003908157 0.9973743557929993
vn 0.1481531709432602 0.06871406733989716 0.9865744113922119
vn -0.30182716250419617 -0.05643155798316002 0.9516910314559937
vn -0.43762078881263733 -0.016558846458792686 0.8990071415901184
vn -0.3970116376876831 0.04654047638177872 0.9166328310966492
vn -0.3651401698589325 0.07771968841552734 0.9277026653289795
vn -0.08174027502536774 0.08231590688228607 0.9932485222816467
vn -0.9165392518043518 -0.006186512298882008 0.3998967707157135
vn -0.9898626208305359 0.02169054001569748 0.14036156237125397
vn -0.9653712511062622 0.04097934812307358 0.25764143466949463
vn -0.9152798056602478 0.0694420337677002 0.3967878520488739
vn -0.4393404424190521 0.12125587463378906 0.8900994062423706
vn -0.838021993637085 -0.029531212523579597 -0.5448367595672607
vn -0.7572236657142639 -0.058965958654880524 -0.6504884958267212
vn -0.7799788117408752 -0.07171276211738586 -0.6216835379600525
vn -0.8272191286087036 -0.09013675898313522 -0.5546024441719055
vn -0.9770628213882446 0.05446237325668335 0.20586858689785004
vn -0.42408058047294617 -0.09119900315999985 -0.9010207653045654
vn -0.304787278175354 -0.13066205382347107 -0.9434151649475098
vn -0.3454742431640625 -0.18373189866542816 -0.9202662706375122
vn -0.3350384831428528 -0.22000375390052795 -0.9161592125892639
vn -0.7180843949317932 -0.12041227519512177 -0.6854602098464966
vn 0.1509404182434082 -0.1549586057662964 -0.9763220548629761
vn 0.24281983077526093 -0.1846657693386078 -0.9523324370384216
vn 0.1345701813697815 -0.22029735147953033 -0.9661056399345398
vn 0.5583985447883606 -0.1296713501214981 -0.8193756341934204
vn 0.686276376247406 -0.11512094736099243 -0.7181726694107056
vn 0.9630342721939087 -0.013812576420605183 -0.26902472972869873
vn 0.926956057548523 0.15379981696605682 0.3421962261199951
vn 0.6204452514648438 0.15146464109420776 0.7694843411445618
vn 0.34493130445480347 0.25140953063964844 0.9043315649032593
vn 0.160755917429924 0.14847847819328308 0.9757620692253113
vn 0.0633324608206749 0.21891920268535614 0.9736855030059814
vn 0.08631273359060287 0.32364925742149353 0.942232072353363
vn -0.05300351232290268 0.15199369192123413 0.9869592189788818
vn 0.00991666130721569 0.24677345156669617 0.9690225124359131
vn 0.10542043298482895 0.32870450615882874 0.938530683517456
vn -0.3645000457763672 0.17464278638362885 0.9146799445152283
vn -0.5292448401451111 0.2842746078968048 0.7994296550750732
vn -0.9972729086875916 0.0640227422118187 0.03671102598309517
vn -0.08303990960121155 0.12176070362329483 0.9890797138214111
vn 0.1913914531469345 0.11646207422018051 0.9745798707008362
vn 0.16754525899887085 0.08433638513088226 0.9822503924369812
vn 0.48233166337013245 0.08299248665571213 0.8720483779907227
vn 0.6633005142211914 0.03171420842409134 0.7476807236671448
vn 0.6404407620429993 0.01733417809009552 0.7678118944168091
vn 0.9891148209571838 -0.03715963661670685 -0.1423758864402771
vn 0.9567409753799438 -0.04822959750890732 -0.2869156002998352
vn 0.9784854054450989 -0.08692998439073563 -0.18710844218730927
vn 0.6215308308601379 -0.08631602674722672 -0.7786200046539307
vn 0.5971866250038147 -0.08110605180263519 -0.7979912161827087
vn 0.6182458996772766 -0.09816249459981918 -0.7798308730125427
vn 0.19509246945381165 -0.07187351584434509 -0.9781478047370911
vn 0.14338962733745575 -0.06976495683193207 -0.9872043132781982
vn 0.18896029889583588 -0.0748492181301117 -0.9791279435157776
vn -0.3856724500656128 -0.053438395261764526 -0.921086847782135
vn -0.4582497477531433 -0.04410334303975105 -0.8877286314964294
vn -0.38019582629203796 -0.04806383326649666 -0.9236562848091125
vn -0.8747469186782837 -0.07135730981826782 -0.47929736971855164
vn -0.8528208136558533 -0.14747895300388336 -0.5009458065032959
vn -0.8180361390113831 0.0451541393995285 -0.5733916163444519
vn -0.9302595257759094 -0.23776479065418243 0.27943697571754456
vn -0.9442532062530518 -0.12226381152868271 0.3056752383708954
vn -0.3959521949291229 -0.14677107334136963 0.9064658284187317
vn -0.23093262314796448 -0.3025701344013214 0.924727737903595
vn 0.008935807272791862 -0.27288728952407837 0.9620046019554138
vn 0.09097816050052643 -0.1870618611574173 0.9781262278556824
vn 0.08402398973703384 0.6413254141807556 0.7626543641090393
vn -0.9579486846923828 -0.05288904532790184 0.28202319145202637
vn -0.8092143535614014 -0.045470383018255234 -0.5857512354850769
vn -0.8274595737457275 -0.032688360661268234 -0.5605731010437012
vn -0.32177266478538513 -0.060153838247060776 -0.9449041485786438
vn -0.37255510687828064 -0.07825984060764313 -0.9247043132781982
vn 0.2562115490436554 -0.0944962203502655 -0.9619906544685364
vn 0.2007027119398117 -0.11129163205623627 -0.9733100533485413
vn 0.639304518699646 -0.08666948974132538 -0.7640538215637207
vn 0.6059485673904419 -0.11295334249734879 -0.7874438762664795
vn 0.9809666275978088 -0.0018027011537924409 0.19416822493076324
vn 0.0739525705575943 0.9948558211326599 -0.06923194229602814
vn 0.1426488608121872 0.9797292351722717 0.14064794778823853
vn -0.0783606469631195 -0.49193447828292847 0.8670986294746399
vn -0.5153012275695801 0.14296311140060425 0.8450006246566772
vn -0.8230464458465576 -0.3465014696121216 0.4500347077846527
vn -0.16614148020744324 -0.8731597661972046 0.4582454562187195
vn 0.5892091989517212 0.029847033321857452 0.8074290752410889
vn 0.5038362145423889 0.2727307975292206 0.8196139931678772
vn 0.8145496845245361 -0.5317484140396118 0.23184549808502197
vn 0.9337359666824341 0.26663732528686523 0.23883432149887085
vn 0.2174733281135559 -0.9758701920509338 0.01956292986869812
vn 0.4498147964477539 -0.3867368996143341 -0.805047333240509
vn 0.7868742346763611 -0.5461633801460266 -0.2872883379459381
vn 0.23077769577503204 -0.9323621988296509 0.27828502655029297
vn -0.7201988697052002 -0.6137615442276001 0.3234351575374603
vn -0.29289016127586365 -0.46275386214256287 -0.8367043733596802
vn -0.5932140350341797 -0.47579526901245117 0.6493965983390808
vn -0.9778582453727722 -0.15515448153018951 -0.14042982459068298
vn -0.40178772807121277 -0.09906835108995438 -0.9103582501411438
vn 0.23113374412059784 -0.026357611641287804 -0.9725649356842041
vn 0.37427929043769836 0.0016702853608876467 0.9273145794868469
vn -0.16097475588321686 0.840176522731781 0.517871081829071
vn -0.4367831349372864 -0.0007145145791582763 0.8995665311813354
vn -0.31804555654525757 -0.3764294683933258 0.8701423406600952
vn 0.9259305596351624 0.23931466042995453 0.2922004461288452
vn 0.5604357123374939 0.8159949779510498 0.14164742827415466
vn -0.2855815291404724 -0.27381888031959534 0.918404221534729
vn 0.25447848439216614 -0.054968733340501785 0.9655150175094604
vn 0.9567383527755737 0.12389414757490158 0.263252854347229
vn -0.2652435302734375 0.9445124864578247 -0.19375771284103394
vn -0.34351950883865356 0.9064816236495972 -0.24553126096725464
vn -0.2868655025959015 0.9239819645881653 -0.2529139816761017
vn -0.595235288143158 0.7526743412017822 0.2813829481601715
vn -0.27231621742248535 0.933015763759613 -0.2352137714624405
vn -0.36755678057670593 0.9066075086593628 -0.20727933943271637
vn -0.27341920137405396 0.9523815512657166 -0.1349489837884903
vn -0.14646872878074646 0.9703452587127686 -0.19229400157928467
vn -0.18629099428653717 0.9771178364753723 -0.10264675319194794
vn -0.18881256878376007 0.976472020149231 -0.10417363047599792
vn -0.8767529726028442 0.4707449674606323 0.098505899310112
vn -0.5975117087364197 0.7138527035713196 0.36523139476776123
vn -0.10014427453279495 0.9691111445426941 -0.22537656128406525
vn -0.43272829055786133 0.8249524831771851 -0.3635925352573395
vn -0.18163777887821198 0.9776379466056824 -0.10598061978816986
vn -0.2594510316848755 0.624615490436554 -0.7365735769271851
vn 0.04348677024245262 0.782741367816925 -0.6208258271217346
vn 0.45129457116127014 0.12272760272026062 -0.8838955163955688
vn 0.014746997505426407 -0.07487142831087112 -0.9970840811729431
vn 0.05315002426505089 0.889746904373169 -0.45334914326667786
vn 0.8312047123908997 0.22801074385643005 -0.5070601105690002
vn 0.8796339631080627 0.09234751015901566 -0.4666005074977875
vn 0.47505074739456177 -0.016310038045048714 -0.8798072338104248
vn 0.394957572221756 -0.0013901832280680537 -0.9186983108520508
vn 0.03363177180290222 -0.16648803651332855 -0.9854697585105896
vn -0.0627678856253624 -0.26361674070358276 -0.9625831842422485
vn 0.8626613616943359 0.13952487707138062 -0.4861565828323364
vn 0.8199442028999329 0.1344815492630005 -0.5564226508140564
vn 0.49850335717201233 0.03284383565187454 -0.8662654161453247
vn 0.9608422517776489 0.19461938738822937 0.19724445044994354
vn 0.9615990519523621 0.22510966658592224 0.15701231360435486
vn 0.9750346541404724 0.21853028237819672 0.03939363732933998
vn 0.869500458240509 0.15541957318782806 -0.46884292364120483
vn 0.5429938435554504 0.10055926442146301 0.8336938619613647
vn 0.23771192133426666 0.07511571794748306 0.9684268832206726
vn 0.39583921432495117 0.1688830554485321 0.9026570916175842
vn 0.5291997790336609 0.23427478969097137 0.8155139684677124
vn 0.9515291452407837 0.22352011501789093 0.21126030385494232
vn -0.33035191893577576 -0.05142275243997574 0.9424560070037842
vn -0.42298755049705505 -0.016895275563001633 0.9059779047966003
vn -0.43861356377601624 0.05525025725364685 0.8969758749008179
vn -0.5884026288986206 0.25932279229164124 0.7658551335334778
vn 0.28643935918807983 0.3317115604877472 0.8988436460494995
vn -0.6404126882553101 -0.12868037819862366 0.7571741938591003
vn -0.6983451247215271 -0.1399943083524704 0.7019370198249817
vn -0.8663826584815979 -0.012206997722387314 0.4992315471172333
vn -0.7807239890098572 -0.18452592194080353 0.5970093011856079
vn -0.7556086778640747 -0.03914019092917442 0.6538528203964233
vn -0.9675543904304504 -0.15060554444789886 -0.20287065207958221
vn -0.7919718027114868 -0.225894495844841 0.5672323107719421
vn -0.9085036516189575 -0.34786713123321533 -0.23153728246688843
vn -0.1960873007774353 -0.16273607313632965 -0.9669885039329529
vn -0.14558377861976624 -0.03782281279563904 -0.9886226058006287
vn 0.35597556829452515 -0.02317868173122406 -0.9342077374458313
vn 0.46857500076293945 0.04948651045560837 -0.8820365071296692
vn 0.8391551971435547 0.12114267796278 -0.5302292108535767
vn 0.8280097842216492 0.14658065140247345 -0.5412152409553528
vn 0.8279685378074646 0.08582816272974014 -0.5541675686836243
vn 0.956466019153595 0.25931692123413086 0.13389386236667633
vn 0.4349892735481262 0.00448816642165184 -0.9004244804382324
vn -0.08128310739994049 -0.14512494206428528 -0.986068844795227
vn -0.049873482435941696 -0.15151232481002808 -0.9871963858604431
vn -0.6537893414497375 -0.33757293224334717 -0.6772029399871826
vn -0.8436050415039062 -0.42337605357170105 -0.33027756214141846
vn -0.7061895132064819 -0.4637831449508667 -0.5349780321121216
vn -0.7874414920806885 -0.3530365824699402 0.5052730441093445
vn -0.7353934645652771 -0.4370700716972351 0.5178477764129639
vn -0.8062015175819397 -0.4977012276649475 0.3198944330215454
vn -0.6609155535697937 -0.5252466201782227 -0.5360099673271179
vn -0.8339096307754517 -0.3295389413833618 0.44271761178970337
vn -0.7843344807624817 -0.15579161047935486 -0.6004568934440613
vn -0.5270999073982239 -0.37445658445358276 0.7628551721572876
vn -0.659293532371521 -0.1906074583530426 0.7273244857788086
vn -0.5346944332122803 -0.29169392585754395 0.7931056618690491
vn -0.5728270411491394 -0.2262066900730133 0.7878449559211731
vn -0.3403661549091339 -0.1539417952299118 0.927605926990509
vn -0.601996660232544 -0.17129051685333252 0.7799100875854492
vn -0.8571053743362427 -0.31376972794532776 0.40855708718299866
f 1//1 2//2 3//3
f 1//1 3//3 4//4
f 1//1 4//4 5//5
f 1//1 5//5 6//6
f 7//7 6//6 5//5
f 7//7 5//5 8//8
f 7//7 9//9 10//10
f 7//7 10//10 6//6
f 7//7 8//8 11//11
f 7//7 11//11 9//9
f 12//12 13//13 14//14
f 12//12 14//14 15//15
f 12//12 5//5 4//4
f 12//12 4//4 13//13
f 12//12 15//15 8//8
f 12//12 8//8 5//5
f 16//16 17//17 18//18
f 16//16 18//18 19//19
f 16//16 14//14 13//13
f 16//16 13//13 17//17
f 16//16 19//19 20//20
f 16//16 20//20 14//14
f 21//21 22//22 23//23
f 21//21 23//23 24//24
f 25//25 26//26 27//27
f 25//25 27//27 28//28
f 25//25 28//28 22//22
f 25//25 22//22 29//29
f 25//25 29//29 30//30
f 25//25 30//30 26//26
f 31//31 32//32 33//33
f 31//31 33//33 34//34
f 31//31 26//26 30//30
f 31//31 30//30 32//32
f 31//31 34//34 27//27
f 31//31 27//27 26//26
f 34//34 35//35 36//36
f 34//34 36//36 27//27
f 34//34 33//33 37//37
f 34//34 37//37 35//35
f 36//36 38//38 39//39
f 36//36 39//39 40//40
f 36//36 40//40 28//28
f 36//36 28//28 27//27
f 36//36 35//35 41//41
f 36//36 41//41 38//38
f 41//41 42//42 43//43
f 41//41 43//43 38//38
f 41//41 44//44 45//45
f 41//41 45//45 42//42
f 45//45 46//46 47//47
f 45//45 47//47 42//42
f 45//45 44//44 48//48
f 45//45 48//48 49//49
f 45//45 49//49 50//50
f 45//45 50//50 46//46
f 50//50 51//51 52//52
f 50//50 52//52 46//46
f 50//50 49//49 53//53
f 50//50 53//53 54//54
f 50//50 54//54 55//55
f 50//50 55//55 51//51
f 55//55 56//56 57//57
f 55//55 57//57 51//51
f 55//55 54//54 58//58
f 55//55 58//58 59//59
f 55//55 59//59 60//60
f 55//55 60//60 56//56
f 60//60 61//61 62//62
f 60//60 62//62 56//56
f 60//60 59//59 63//63
f 60//60 63//63 64//64
f 60//60 64//64 65//65
f 60//60 65//65 61//61
f 65//65 3//3 2//2
f 65//65 2//2 61//61
f 65//65 64//64 66//66
f 65//65 66//66 18//18
f 65//65 18//18 17//17
f 65//65 17//17 3//3
f 66//66 64//64 63//63
f 66//66 63//63 67//67
f 66//66 67//67 68//68
f 66//66 68//68 69//69
f 66//66 69//69 19//19
f 66//66 19//19 18//18
f 69//69 68//68 70//70
f 69//69 70//70 71//71
f 69//69 71//71 20//20
f 69//69 20//20 19//19
f 71//71 70//70 72//72
f 71//71 72//72 73//73
f 71//71 73//73 74//74
f 71//71 74//74 20//20
f 74//74 15//15 14//14
f 74//74 14//14 20//20
f 74//74 73//73 75//75
f 74//74 75//75 11//11
f 74//74 11//11 8//8
f 74//74 8//8 15//15
f 75//75 73//73 72//72
f 75//75 72//72 76//76
f 75//75 76//76 57//57
f 75//75 57//57 77//77
f 75//75 77//77 9//9
f 75//75 9//9 11//11
f 77//77 57//57 56//56
f 77//77 56//56 62//62
f 77//77 62//62 10//10
f 77//77 10//10 9//9
f 76//76 72//72 78//78
f 76//76 78//78 52//52
f 76//76 52//52 51//51
f 76//76 51//51 57//57
f 78//78 72//72 70//70
f 78//78 70//70 79//79
f 78//78 79//79 80//80
f 78//78 80//80 47//47
f 78//78 47//47 46//46
f 78//78 46//46 52//52
f 80//80 79//79 81//81
f 80//80 81//81 82//82
f 80//80 82//82 83//83
f 80//80 83//83 43//43
f 80//80 43//43 42//42
f 80//80 42//42 47//47
f 83//83 82//82 84//84
f 83//83 84//84 85//85
f 83//83 85//85 86//86
f 83//83 86//86 39//39
f 83//83 39//39 38//38
f 83//83 38//38 43//43
f 86//86 85//85 87//87
f 86//86 87//87 88//88
f 86//86 88//88 24//24
f 86//86 24//24 23//23
f 86//86 23//23 40//40
f 86//86 40//40 39//39
f 88//88 87//87 89//89
f 88//88 89//89 90//90
f 88//88 90//90 91//91
f 88//88 91//91 24//24
f 91//91 90//90 92//92
f 91//91 92//92 93//93
f 91//91 93//93 94//94
f 91//91 94//94 95//95
f 91//91 95//95 21//21
f 91//91 21//21 24//24
f 95//95 94//94 30//30
f 95//95 30//30 29//29
f 95//95 29//29 22//22
f 95//95 22//22 21//21
f 94//94 93//93 96//96
f 94//94 96//96 97//97
f 94//94 97//97 32//32
f 94//94 32//32 30//30
f 92//92 90//90 89//89
f 92//92 89//89 98//98
f 98//98 53//53 49//49
f 98//98 49//49 48//48
f 98//98 89//89 99//99
f 98//98 99//99 53//53
f 99//99 58//58 54//54
f 99//99 54//54 53//53
f 99//99 89//89 87//87
f 99//99 87//87 100//100
f 99//99 100//100 101//101
f 99//99 101//101 58//58
f 101//101 63//63 59//59
f 101//101 59//59 58//58
f 101//101 100//100 84//84
f 101//101 84//84 102//102
f 101//101 102//102 67//67
f 101//101 67//67 63//63
f 102//102 84//84 82//82
f 102//102 82//82 81//81
f 102//102 81//81 68//68
f 102//102 68//68 67//67
f 100//100 87//87 85//85
f 100//100 85//85 84//84
f 81//81 79//79 70//70
f 81//81 70//70 68//68
f 62//62 61//61 2//2
f 62//62 2//2 10//10
f 40//40 23//23 22//22
f 40//40 22//22 28//28
f 17//17 13//13 4//4
f 17//17 4//4 3//3
f 10//10 2//2 1//1
f 10//10 1//1 6//6
f 103//103 104//104 37//37
f 103//103 37//37 33//33
f 103//103 97//97 96//96
f 103//103 96//96 104//104
f 41//41 35//35 37//37
f 41//41 37//37 44//44
f 97//97 103//103 33//33
f 97//97 33//33 32//32
f 48//48 44//44 37//37
f 48//48 37//37 104//104
f 93//93 92//92 105//105
f 93//93 105//105 96//96
f 92//92 98//98 48//48
f 92//92 48//48 105//105
f 104//104 96//96 105//105
f 104//104 105//105 48//48
f 106//106 107//107 108//108
f 106//106 108//108 109//109
f 106//106 109//109 110//110
f 106//106 110//110 111//111
f 106//106 111//111 112//112
f 106//106 112//112 113//113
f 107//107 114//114 115//115
f 107//107 115//115 108//108
f 108//108 115//115 116//116
f 108//108 116//116 117//117
f 108//108 118//118 119//119
f 108//108 119//119 109//109
f 108//108 117//117 120//120
f 108//108 120//120 118//118
f 121//121 122//122 123//123
f 121//121 123//123 124//124
f 121//121 124//124 119//119
f 121//121 119//119 118//118
f 121//121 118//118 120//120
f 121//121 120//120 122//122
f 120//120 117//117 125//125
f 120//120 125//125 122//122
f 112//112 115//115 114//114
f 112//112 114//114 113//113
f 112//112 126//126 127//127
f 112//112 127//127 128//128
f 119//119 129//129 130//130
f 119//119 130//130 109//109
f 119//119 124//124 131//131
f 119//119 131//131 129//129
f 115//115 112//112 128//128
f 115//115 128//128 132//132
f 115//115 132//132 133//133
f 115//115 133//133 116//116
f 129//129 131//131 134//134
f 129//129 134//134 130//130
f 135//135 136//136 137//137
f 135//135 137//137 138//138
f 135//135 139//139 140//140
f 135//135 140//140 141//141
f 135//135 138//138 142//142
f 135//135 142//142 139//139
f 139//139 142//142 143//143
f 139//139 143//143 140//140
f 144//144 145//145 146//146
f 144//144 146//146 147//147
f 148//148 149//149 150//150
f 148//148 150//150 151//151
f 148//148 151//151 152//152
f 148//148 152//152 143//143
f 148//148 143//143 142//142
f 148//148 142//142 149//149
f 153//153 154//154 155//155
f 153//153 155//155 156//156
f 153//153 157//157 147//147
f 153//153 147//147 154//154
f 153//153 156//156 158//158
f 153//153 158//158 157//157
f 159//159 160//160 152//152
f 159//159 152//152 161//161
f 159//159 161//161 158//158
f 159//159 158//158 156//156
f 159//159 156//156 155//155
f 159//159 155//155 160//160
f 161//161 162//162 163//163
f 161//161 163//163 158//158
f 161//161 152//152 151//151
f 161//161 151//151 162//162
f 163//163 164//164 165//165
f 163//163 165//165 166//166
f 163//163 166//166 157//157
f 163//163 157//157 158//158
f 163//163 162//162 167//167
f 163//163 167//167 164//164
f 167//167 168//168 169//169
f 167//167 169//169 164//164
f 167//167 162//162 151//151
f 167//167 151//151 150//150
f 167//167 150//150 170//170
f 167//167 170//170 168//168
f 170//170 171//171 172//172
f 170//170 172//172 168//168
f 170//170 150//150 149//149
f 170//170 149//149 173//173
f 170//170 173//173 174//174
f 170//170 174//174 171//171
f 174//174 175//175 176//176
f 174//174 176//176 171//171
f 174//174 173//173 138//138
f 174//174 138//138 137//137
f 174//174 137//137 177//177
f 174//174 177//177 175//175
f 177//177 178//178 179//179
f 177//177 179//179 175//175
f 177//177 137//137 136//136
f 177//177 136//136 180//180
f 177//177 180//180 181//181
f 177//177 181//181 178//178
f 181//181 182//182 183//183
f 181//181 183//183 178//178
f 181//181 180//180 184//184
f 181//181 184//184 185//185
f 181//181 185//185 186//186
f 181//181 186//186 182//182
f 186//186 132//132 128//128
f 186//186 128//128 182//182
f 186//186 185//185 187//187
f 186//186 187//187 188//188
f 186//186 188//188 133//133
f 186//186 133//133 132//132
f 188//188 187//187 189//189
f 188//188 189//189 190//190
f 188//188 190//190 191//191
f 188//188 191//191 133//133
f 191//191 192//192 116//116
f 191//191 116//116 133//133
f 191//191 190//190 193//193
f 191//191 193//193 194//194
f 191//191 194//194 195//195
f 191//191 195//195 192//192
f 195//195 196//196 125//125
f 195//195 125//125 192//192
f 195//195 194//194 197//197
f 195//195 197//197 198//198
f 195//195 198//198 199//199
f 195//195 199//199 196//196
f 199//199 134//134 123//123
f 199//199 123//123 196//196
f 199//199 198//198 200//200
f 199//199 200//200 201//201
f 199//199 201//201 130//130
f 199//199 130//130 134//134
f 201//201 200//200 202//202
f 201//201 202//202 110//110
f 201//201 110//110 109//109
f 201//201 109//109 130//130
f 202//202 200//200 203//203
f 202//202 203//203 204//204
f 202//202 204//204 205//205
f 202//202 205//205 206//206
f 202//202 206//206 111//111
f 202//202 111//111 110//110
f 205//205 204//204 207//207
f 205//205 207//207 208//208
f 205//205 208//208 183//183
f 205//205 183//183 127//127
f 205//205 127//127 126//126
f 205//205 126//126 206//206
f 208//208 207//207 209//209
f 208//208 209//209 179//179
f 208//208 179//179 178//178
f 208//208 178//178 183//183
f 209//209 207//207 210//210
f 209//209 210//210 211//211
f 209//209 211//211 212//212
f 209//209 212//212 176//176
f 209//209 176//176 175//175
f 209//209 175//175 179//179
f 212//212 211//211 213//213
f 212//212 213//213 214//214
f 212//212 214//214 215//215
f 212//212 215//215 172//172
f 212//212 172//172 171//171
f 212//212 171//171 176//176
f 215//215 214//214 216//216
f 215//215 216//216 217//217
f 215//215 217//217 218//218
f 215//215 218//218 169//169
f 215//215 169//169 168//168
f 215//215 168//168 172//172
f 218//218 217//217 219//219
f 218//218 219//219 220//220
f 218//218 220//220 145//145
f 218//218 145//145 165//165
f 218//218 165//165 164//164
f 218//218 164//164 169//169
f 220//220 219//219 221//221
f 220//220 221//221 222//222
f 220//220 222//222 146//146
f 220//220 146//146 145//145
f 222//222 221//221 223//223
f 222//222 223//223 224//224
f 222//222 224//224 225//225
f 222//222 225//225 146//146
f 225//225 224//224 135//135
f 225//225 135//135 141//141
f 225//225 141//141 155//155
f 225//225 155//155 154//154
f 225//225 154//154 147//147
f 225//225 147//147 146//146
f 224//224 223//223 136//136
f 224//224 136//136 135//135
f 223//223 184//184 180//180
f 223//223 180//180 136//136
f 223//223 221//221 226//226
f 223//223 226//226 184//184
f 226//226 187//187 185//185
f 226//226 185//185 184//184
f 226//226 221//221 219//219
f 226//226 219//219 227//227
f 226//226 227//227 189//189
f 226//226 189//189 187//187
f 227//227 219//219 217//217
f 227//227 217//217 216//216
f 227//227 216//216 228//228
f 227//227 228//228 189//189
f 228//228 193//193 190//190
f 228//228 190//190 189//189
f 228//228 216//216 214//214
f 228//228 214//214 213//213
f 228//228 213//213 229//229
f 228//228 229//229 193//193
f 229//229 197//197 194//194
f 229//229 194//194 193//193
f 229//229 213//213 211//211
f 229//229 211//211 210//210
f 229//229 210//210 203//203
f 229//229 203//203 197//197
f 210//210 207//207 204//204
f 210//210 204//204 203//203
f 203//203 200//200 198//198
f 203//203 198//198 197//197
f 196//196 123//123 122//122
f 196//196 122//122 125//125
f 192//192 125//125 117//117
f 192//192 117//117 116//116
f 183//183 182//182 128//128
f 183//183 128//128 127//127
f 173//173 149//149 142//142
f 173//173 142//142 138//138
f 166//166 165//165 145//145
f 166//166 145//145 144//144
f 166//166 144//144 147//147
f 166//166 147//147 157//157
f 160//160 140//140 143//143
f 160//160 143//143 152//152
f 160//160 155//155 141//141
f 160//160 141//141 140//140
f 134//134 131//131 124//124
f 134//134 124//124 123//123
f 126//126 112//112 111//111
f 126//126 111//111 206//206
f 113//113 114//114 107//107
f 113//113 107//107 106//106
f 230//230 231//231 232//232
f 230//230 232//232 233//233
f 231//231 230//230 234//234
f 231//231 234//234 235//235
f 234//234 230//230 236//236
f 234//234 236//236 237//237
f 238//238 237//237 239//239
f 238//238 239//239 240//240
f 238//238 240//240 241//241
f 238//238 241//241 242//242
f 238//238 235//235 234//234
f 238//238 234//234 237//237
f 233//233 243//243 244//244
f 233//233 244//244 230//230
f 230//230 244//244 245//245
f 230//230 245//245 236//236
f 244//244 243//243 246//246
f 244//244 246//246 245//245
f 241//241 247//247 248//248
f 241//241 248//248 249//249
f 250//250 251//251 252//252
f 250//250 252//252 253//253
f 250//250 253//253 254//254
f 250//250 254//254 255//255
f 256//256 257//257 258//258
f 256//256 258//258 259//259
f 260//260 255//255 261//261
f 260//260 261//261 262//262
f 260//260 262//262 263//263
f 260//260 263//263 264//264
f 265//265 266//266 267//267
f 265//265 267//267 268//268
f 265//265 269//269 270//270
f 265//265 270//270 266//266
f 270//270 269//269 271//271
f 270//270 271//271 254//254
f 261//261 255//255 254//254
f 261//261 254//254 271//271
f 261//261 271//271 272//272
f 261//261 272//272 262//262
f 272//272 271//271 269//269
f 272//272 269//269 259//259
f 272//272 259//259 258//258
f 272//272 258//258 273//273
f 272//272 273//273 263//263
f 272//272 263//263 262//262
f 273//273 258//258 274//274
f 273//273 274//274 275//275
f 273//273 275//275 276//276
f 273//273 276//276 263//263
f 276//276 277//277 264//264
f 276//276 264//264 263//263
f 276//276 275//275 278//278
f 276//276 278//278 279//279
f 276//276 279//279 280//280
f 276//276 280//280 277//277
f 280//280 281//281 282//282
f 280//280 282//282 277//277
f 280//280 279//279 283//283
f 280//280 283//283 284//284
f 280//280 284//284 285//285
f 280//280 285//285 281//281
f 285//285 286//286 287//287
f 285//285 287//287 281//281
f 285//285 284//284 288//288
f 285//285 288//288 289//289
f 285//285 289//289 290//290
f 285//285 290//290 286//286
f 290//290 291//291 292//292
f 290//290 292//292 286//286
f 290//290 289//289 293//293
f 290//290 293//293 294//294
f 290//290 294//294 295//295
f 290//290 295//295 291//291
f 295//295 296//296 297//297
f 295//295 297//297 291//291
f 295//295 294//294 247//247
f 295//295 247//247 298//298
f 295//295 298//298 299//299
f 295//295 299//299 296//296
f 299//299 300//300 301//301
f 299//299 301//301 296//296
f 299//299 298//298 240//240
f 299//299 240//240 239//239
f 299//299 239//239 302//302
f 299//299 302//302 300//300
f 302//302 303//303 304//304
f 302//302 304//304 300//300
f 302//302 239//239 237//237
f 302//302 237//237 236//236
f 302//302 236//236 245//245
f 302//302 245//245 303//303
f 304//304 305//305 306//306
f 304//304 306//306 307//307
f 304//304 307//307 301//301
f 304//304 301//301 300//300
f 304//304 303//303 308//308
f 304//304 308//308 305//305
f 308//308 309//309 310//310
f 308//308 310//310 305//305
f 308//308 303//303 245//245
f 308//308 245//245 246//246
f 308//308 246//246 311//311
f 308//308 311//311 309//309
f 310//310 312//312 288//288
f 310//310 288//288 313//313
f 310//310 313//313 306//306
f 310//310 306//306 305//305
f 310//310 309//309 314//314
f 310//310 314//314 312//312
f 314//314 248//248 293//293
f 314//314 293//293 312//312
f 314//314 309//309 311//311
f 314//314 311//311 315//315
f 314//314 315//315 249//249
f 314//314 249//249 248//248
f 313//313 288//288 284//284
f 313//313 284//284 283//283
f 313//313 283//283 316//316
f 313//313 316//316 306//306
f 316//316 283//283 279//279
f 316//316 279//279 278//278
f 316//316 278//278 317//317
f 316//316 317//317 318//318
f 316//316 318//318 307//307
f 316//316 307//307 306//306
f 318//318 317//317 319//319
f 318//318 319//319 320//320
f 318//318 320//320 301//301
f 318//318 301//301 307//307
f 320//320 319//319 321//321
f 320//320 321//321 297//297
f 320//320 297//297 296//296
f 320//320 296//296 301//301
f 321//321 319//319 322//322
f 321//321 322//322 323//323
f 321//321 323//323 324//324
f 321//321 324//324 292//292
f 321//321 292//292 291//291
f 321//321 291//291 297//297
f 324//324 323//323 325//325
f 324//324 325//325 326//326
f 324//324 326//326 327//327
f 324//324 327//327 287//287
f 324//324 287//287 286//286
f 324//324 286//286 292//292
f 327//327 326//326 328//328
f 327//327 328//328 329//329
f 327//327 329//329 330//330
f 327//327 330//330 282//282
f 327//327 282//282 281//281
f 327//327 281//281 287//287
f 329//329 328//328 267//267
f 329//329 267//267 252//252
f 329//329 252//252 251//251
f 329//329 251//251 330//330
f 328//328 331//331 268//268
f 328//328 268//268 267//267
f 328//328 326//326 325//325
f 328//328 325//325 331//331
f 325//325 257//257 256//256
f 325//325 256//256 331//331
f 325//325 323//323 322//322
f 325//325 322//322 257//257
f 322//322 274//274 258//258
f 322//322 258//258 257//257
f 322//322 319//319 317//317
f 322//322 317//317 274//274
f 317//317 278//278 275//275
f 317//317 275//275 274//274
f 312//312 293//293 289//289
f 312//312 289//289 288//288
f 298//298 247//247 241//241
f 298//298 241//241 240//240
f 294//294 293//293 248//248
f 294//294 248//248 247//247
f 282//282 330//330 264//264
f 282//282 264//264 277//277
f 270//270 254//254 253//253
f 270//270 253//253 266//266
f 256//256 259//259 269//269
f 256//256 269//269 265//265
f 268//268 331//331 256//256
f 268//268 256//256 265//265
f 267//267 266//266 253//253
f 267//267 253//253 252//252
f 251//251 250//250 255//255
f 251//251 255//255 260//260
f 251//251 260//260 264//264
f 251//251 264//264 330//330
f 246//246 243//243 332//332
f 246//246 332//332 311//311
f 332//332 232//232 333//333
f 332//332 333//333 334//334
f 332//332 334//334 315//315
f 332//332 315//315 311//311
f 333//333 335//335 336//336
f 333//333 336//336 337//337
f 336//336 235//235 238//238
f 336//336 238//238 242//242
f 335//335 231//231 235//235
f 335//335 235//235 336//336
f 335//335 333//333 232//232
f 335//335 232//232 231//231
f 249//249 338//338 242//242
f 249//249 242//242 241//241
f 332//332 243//243 233//233
f 332//332 233//233 232//232
f 315//315 334//334 338//338
f 315//315 338//338 249//249
f 333//333 337//337 338//338
f 333//333 338//338 334//334
f 242//242 338//338 337//337
f 242//242 337//337 336//336
f 339//339 340//340 341//341
f 339//339 341//341 342//342
f 339//339 343//343 344//344
f 339//339 344//344 340//340
f 341//341 340//340 345//345
f 341//341 345//345 346//346
f 341//341 346//346 347//347
f 341//341 347//347 342//342
f 348//348 349//349 350//350
f 348//348 350//350 351//351
f 350//350 352//352 353//353
f 350//350 353//353 351//351
f 345//345 340//340 344//344
f 345//345 344//344 354//354
f 345//345 354//354 355//355
f 345//345 355//355 346//346
f 356//356 357//357 358//358
f 356//356 358//358 359//359
f 356//356 360//360 361//361
f 356//356 361//361 357//357
f 362//362 363//363 364//364
f 362//362 364//364 365//365
f 362//362 365//365 366//366
f 362//362 366//366 367//367
f 368//368 369//369 370//370
f 368//368 370//370 371//371
f 368//368 371//371 372//372
f 368//368 372//372 373//373
f 374//374 373//373 375//375
f 374//374 375//375 376//376
f 374//374 376//376 377//377
f 374//374 377//377 360//360
f 377//377 376//376 378//378
f 377//377 378//378 379//379
f 377//377 379//379 361//361
f 377//377 361//361 360//360
f 378//378 376//376 375//375
f 378//378 375//375 380//380
f 378//378 380//380 381//381
f 378//378 381//381 379//379
f 382//382 383//383 384//384
f 382//382 384//384 385//385
f 382//382 385//385 386//386
f 382//382 386//386 387//387
f 382//382 387//387 363//363
f 382//382 363//363 383//383
f 387//387 386//386 372//372
f 387//387 372//372 388//388
f 387//387 388//388 364//364
f 387//387 364//364 363//363
f 388//388 372//372 371//371
f 388//388 371//371 370//370
f 388//388 370//370 389//389
f 388//388 389//389 364//364
f 389//389 390//390 365//365
f 389//389 365//365 364//364
f 389//389 370//370 369//369
f 389//389 369//369 391//391
f 389//389 391//391 392//392
f 389//389 392//392 390//390
f 392//392 393//393 394//394
f 392//392 394//394 390//390
f 392//392 391//391 395//395
f 392//392 395//395 396//396
f 392//392 396//396 397//397
f 392//392 397//397 393//393
f 397//397 398//398 399//399
f 397//397 399//399 393//393
f 397//397 396//396 400//400
f 397//397 400//400 401//401
f 397//397 401//401 402//402
f 397//397 402//402 398//398
f 402//402 403//403 404//404
f 402//402 404//404 398//398
f 402//402 401//401 405//405
f 402//402 405//405 406//406
f 402//402 406//406 407//407
f 402//402 407//407 403//403
f 407//407 408//408 409//409
f 407//407 409//409 403//403
f 407//407 406//406 410//410
f 407//407 410//410 411//411
f 407//407 411//411 412//412
f 407//407 412//412 408//408
f 412//412 413//413 414//414
f 412//412 414//414 408//408
f 412//412 411//411 415//415
f 412//412 415//415 416//416
f 412//412 416//416 417//417
f 412//412 417//417 413//413
f 417//417 418//418 419//419
f 417//417 419//419 413//413
f 417//417 416//416 349//349
f 417//417 349//349 348//348
f 417//417 348//348 351//351
f 417//417 351//351 418//418
f 419//419 420//420 421//421
f 419//419 421//421 422//422
f 419//419 422//422 414//414
f 419//419 414//414 413//413
f 419//419 418//418 423//423
f 419//419 423//423 420//420
f 423//423 424//424 425//425
f 423//423 425//425 420//420
f 423//423 418//418 351//351
f 423//423 351//351 353//353
f 423//423 353//353 347//347
f 423//423 347//347 424//424
f 425//425 426//426 427//427
f 425//425 427//427 428//428
f 425//425 428//428 421//421
f 425//425 421//421 420//420
f 425//425 424//424 355//355
f 425//425 355//355 426//426
f 428//428 427//427 429//429
f 428//428 429//429 430//430
f 428//428 430//430 431//431
f 428//428 431//431 421//421
f 431//431 430//430 432//432
f 431//431 432//432 433//433
f 431//431 433//433 434//434
f 431//431 434//434 435//435
f 431//431 435//435 422//422
f 431//431 422//422 421//421
f 435//435 434//434 436//436
f 435//435 436//436 437//437
f 435//435 437//437 414//414
f 435//435 414//414 422//422
f 437//437 436//436 438//438
f 437//437 438//438 409//409
f 437//437 409//409 408//408
f 437//437 408//408 414//414
f 438//438 436//436 439//439
f 438//438 439//439 440//440
f 438//438 440//440 441//441
f 438//438 441//441 404//404
f 438//438 404//404 403//403
f 438//438 403//403 409//409
f 441//441 440//440 358//358
f 441//441 358//358 442//442
f 441//441 442//442 443//443
f 441//441 443//443 399//399
f 441//441 399//399 398//398
f 441//441 398//398 404//404
f 443//443 442//442 444//444
f 443//443 444//444 445//445
f 443//443 445//445 366//366
f 443//443 366//366 394//394
f 443//443 394//394 393//393
f 443//443 393//393 399//399
f 445//445 444//444 446//446
f 445//445 446//446 447//447
f 445//445 447//447 367//367
f 445//445 367//367 366//366
f 447//447 446//446 381//381
f 447//447 381//381 384//384
f 447//447 384//384 383//383
f 447//447 383//383 367//367
f 446//446 361//361 379//379
f 446//446 379//379 381//381
f 446//446 444//444 357//357
f 446//446 357//357 361//361
f 444//444 442//442 358//358
f 444//444 358//358 357//357
f 440//440 439//439 359//359
f 440//440 359//359 358//358
f 439//439 448//448 368//368
f 439//439 368//368 359//359
f 439//439 436//436 434//434
f 439//439 434//434 448//448
f 448//448 449//449 369//369
f 448//448 369//369 368//368
f 448//448 434//434 433//433
f 448//448 433//433 449//449
f 449//449 395//395 391//391
f 449//449 391//391 369//369
f 449//449 433//433 432//432
f 449//449 432//432 395//395
f 432//432 400//400 396//396
f 432//432 396//396 395//395
f 432//432 430//430 429//429
f 432//432 429//429 400//400
f 429//429 405//405 401//401
f 429//429 401//401 400//400
f 429//429 427//427 450//450
f 429//429 450//450 405//405
f 450//450 410//410 406//406
f 450//450 406//406 405//405
f 450//450 427//427 426//426
f 450//450 426//426 451//451
f 450//450 451//451 452//452
f 450//450 452//452 410//410
f 452//452 415//415 411//411
f 452//452 411//411 410//410
f 452//452 451//451 354//354
f 452//452 354//354 344//344
f 452//452 344//344 343//343
f 452//452 343//343 415//415
f 451//451 426//426 355//355
f 451//451 355//355 354//354
f 424//424 347//347 346//346
f 424//424 346//346 355//355
f 416//416 415//415 343//343
f 416//416 343//343 349//349
f 394//394 366//366 365//365
f 394//394 365//365 390//390
f 386//386 385//385 380//380
f 386//386 380//380 375//375
f 386//386 375//375 373//373
f 386//386 373//373 372//372
f 385//385 384//384 381//381
f 385//385 381//381 380//380
f 383//383 363//363 362//362
f 383//383 362//362 367//367
f 374//374 360//360 356//356
f 374//374 356//356 359//359
f 374//374 359//359 368//368
f 374//374 368//368 373//373
f 353//353 352//352 342//342
f 353//353 342//342 347//347
f 350//350 349//349 343//343
f 350//350 343//343 339//339
f 352//352 350//350 339//339
f 352//352 339//339 342//342
f 453//453 454//454 455//455
f 453//453 455//455 456//456
f 453//453 456//456 457//457
f 453//453 457//457 458//458
f 453//453 458//458 459//459
f 453//453 459//459 454//454
f 460//460 457//457 456//456
f 460//460 456//456 461//461
f 459//459 462//462 463//463
f 459//459 463//463 454//454
f 459//459 458//458 464//464
f 459//459 464//464 462//462
f 465//465 461//461 456//456
f 465//465 456//456 455//455
f 465//465 466//466 467//467
f 465//465 467//467 461//461
f 468//468 469//469 470//470
f 468//468 470//470 471//471
f 472//472 473//473 469//469
f 472//472 469//469 468//468
f 468//468 471//471 474//474
f 468//468 474//474 472//472
f 472//472 475//475 476//476
f 472//472 476//476 473//473
f 472//472 474//474 477//477
f 472//472 477//477 475//475
f 478//478 479//479 480//480
f 478//478 480//480 481//481
f 482//482 483//483 479//479
f 482//482 479//479 478//478
f 478//478 481//481 484//484
f 478//478 484//484 482//482
f 485//485 486//486 487//487
f 485//485 487//487 471//471
f 477//477 474//474 488//488
f 477//477 488//488 482//482
f 474//474 489//489 490//490
f 474//474 490//490 488//488
f 491//491 487//487 486//486
f 491//491 486//486 492//492
f 491//491 493//493 489//489
f 491//491 489//489 487//487
f 494//494 495//495 496//496
f 494//494 496//496 497//497
f 494//494 498//498 499//499
f 494//494 499//499 495//495
f 500//500 501//501 502//502
f 500//500 502//502 503//503
f 504//504 505//505 506//506
f 504//504 506//506 507//507
f 504//504 501//501 508//508
f 504//504 508//508 505//505
f 504//504 507//507 509//509
f 504//504 509//509 501//501
f 501//501 500//500 510//510
f 501//501 510//510 508//508
f 502//502 511//511 512//512
f 502//502 512//512 513//513
f 502//502 514//514 515//515
f 502//502 515//515 511//511
f 514//514 509//509 507//507
f 514//514 507//507 515//515
f 515//515 507//507 506//506
f 515//515 506//506 516//516
f 515//515 516//516 517//517
f 515//515 517//517 511//511
f 517//517 518//518 512//512
f 517//517 512//512 511//511
f 517//517 516//516 519//519
f 517//517 519//519 520//520
f 517//517 520//520 521//521
f 517//517 521//521 518//518
f 521//521 522//522 523//523
f 521//521 523//523 518//518
f 521//521 520//520 524//524
f 521//521 524//524 525//525
f 521//521 525//525 526//526
f 521//521 526//526 522//522
f 526//526 527//527 528//528
f 526//526 528//528 522//522
f 526//526 525//525 529//529
f 526//526 529//529 530//530
f 526//526 530//530 531//531
f 526//526 531//531 527//527
f 531//531 532//532 533//533
f 531//531 533//533 527//527
f 531//531 530//530 473//473
f 531//531 473//473 476//476
f 531//531 476//476 534//534
f 531//531 534//534 532//532
f 534//534 535//535 536//536
f 534//534 536//536 532//532
f 534//534 476//476 475//475
f 534//534 475//475 484//484
f 534//534 484//484 481//481
f 534//534 481//481 535//535
f 536//536 537//537 538//538
f 536//536 538//538 539//539
f 536//536 539//539 533//533
f 536//536 533//533 532//532
f 536//536 535//535 540//540
f 536//536 540//540 537//537
f 540//540 464//464 541//541
f 540//540 541//541 537//537
f 540//540 535//535 481//481
f 540//540 481//481 542//542
f 540//540 542//542 462//462
f 540//540 462//462 464//464
f 542//542 481//481 480//480
f 542//542 480//480 543//543
f 542//542 543//543 463//463
f 542//542 463//463 462//462
f 543//543 480//480 544//544
f 543//543 544//544 545//545
f 543//543 545//545 546//546
f 543//543 546//546 463//463
f 546//546 455//455 454//454
f 546//546 454//454 463//463
f 546//546 545//545 547//547
f 546//546 547//547 466//466
f 546//546 466//466 465//465
f 546//546 465//465 455//455
f 547//547 545//545 544//544
f 547//547 544//544 548//548
f 547//547 548//548 549//549
f 547//547 549//549 550//550
f 547//547 550//550 467//467
f 547//547 467//467 466//466
f 550//550 549//549 539//539
f 550//550 539//539 538//538
f 550//550 538//538 551//551
f 550//550 551//551 467//467
f 551//551 460//460 461//461
f 551//551 461//461 467//467
f 551//551 538//538 537//537
f 551//551 537//537 541//541
f 551//551 541//541 457//457
f 551//551 457//457 460//460
f 549//549 548//548 552//552
f 549//549 552//552 553//553
f 549//549 553//553 533//533
f 549//549 533//533 539//539
f 553//553 552//552 554//554
f 553//553 554//554 528//528
f 553//553 528//528 527//527
f 553//553 527//527 533//533
f 554//554 552//552 555//555
f 554//554 555//555 556//556
f 554//554 556//556 557//557
f 554//554 557//557 523//523
f 554//554 523//523 522//522
f 554//554 522//522 528//528
f 557//557 556//556 483//483
f 557//557 483//483 558//558
f 557//557 558//558 513//513
f 557//557 513//513 512//512
f 557//557 512//512 518//518
f 557//557 518//518 523//523
f 558//558 483//483 482//482
f 558//558 482//482 488//488
f 558//558 488//488 490//490
f 558//558 490//490 513//513
f 556//556 555//555 479//479
f 556//556 479//479 483//483
f 555//555 544//544 480//480
f 555//555 480//480 479//479
f 555//555 552//552 548//548
f 555//555 548//548 544//544
f 541//541 464//464 458//458
f 541//541 458//458 457//457
f 530//530 529//529 469//469
f 530//530 469//469 473//473
f 529//529 525//525 524//524
f 529//529 524//524 559//559
f 529//529 559//559 470//470
f 529//529 470//470 469//469
f 559//559 524//524 497//497
f 559//559 497//497 496//496
f 559//559 496//496 560//560
f 559//559 560//560 470//470
f 560//560 496//496 495//495
f 560//560 495//495 561//561
f 560//560 561//561 486//486
f 560//560 486//486 485//485
f 560//560 485//485 471//471
f 560//560 471//471 470//470
f 561//561 495//495 499//499
f 561//561 499//499 562//562
f 561//561 562//562 492//492
f 561//561 492//492 486//486
f 562//562 499//499 505//505
f 562//562 505//505 508//508
f 562//562 508//508 510//510
f 562//562 510//510 492//492
f 524//524 520//520 519//519
f 524//524 519//519 497//497
f 519//519 516//516 506//506
f 519//519 506//506 498//498
f 519//519 498//498 494//494
f 519//519 494//494 497//497
f 513//513 490//490 503//503
f 513//513 503//503 502//502
f 510//510 500//500 503//503
f 510//510 503//503 493//493
f 510//510 493//493 491//491
f 510//510 491//491 492//492
f 509//509 514//514 502//502
f 509//509 502//502 501//501
f 506//506 505//505 499//499
f 506//506 499//499 498//498
f 503//503 490//490 489//489
f 503//503 489//489 493//493
f 489//489 474//474 471//471
f 489//489 471//471 487//487
f 482//482 484//484 475//475
f 482//482 475//475 477//477
f 563//563 564//564 565//565
f 563//563 565//565 566//566
f 563//563 567//567 568//568
f 563//563 568//568 564//564
f 569//569 566//566 570//570
f 569//569 570//570 571//571
f 572//572 573//573 574//574
f 572//572 574//574 575//575
f 576//576 577//577 578//578
f 576//576 578//578 579//579
f 580//580 581//581 577//577
f 580//580 577//577 576//576
f 582//582 583//583 584//584
f 582//582 584//584 585//585
f 586//586 587//587 588//588
f 586//586 588//588 589//589
f 590//590 591//591 592//592
f 590//590 592//592 581//581
f 593//593 590//590 594//594
f 593//593 594//594 595//595
f 596//596 597//597 598//598
f 596//596 598//598 599//599
f 600//600 601//601 597//597
f 600//600 597//597 596//596
f 589//589 602//602 603//603
f 589//589 603//603 586//586
f 589//589 588//588 604//604
f 589//589 604//604 605//605
f 606//606 607//607 608//608
f 606//606 608//608 565//565
f 598//598 609//609 610//610
f 598//598 610//610 611//611
f 598//598 597//597 612//612
f 598//598 612//612 613//613
f 598//598 611//611 614//614
f 598//598 614//614 599//599
f 601//601 600//600 579//579
f 601//601 579//579 615//615
f 601//601 616//616 612//612
f 601//601 612//612 597//597
f 617//617 618//618 619//619
f 617//617 619//619 620//620
f 621//621 622//622 618//618
f 621//621 618//618 617//617
f 623//623 624//624 625//625
f 623//623 625//625 626//626
f 607//607 627//627 624//624
f 607//607 624//624 623//623
f 623//623 626//626 608//608
f 623//623 608//608 607//607
f 628//628 616//616 629//629
f 628//628 629//629 630//630
f 628//628 630//630 631//631
f 628//628 631//631 632//632
f 628//628 632//632 612//612
f 628//628 612//612 616//616
f 633//633 634//634 635//635
f 633//633 635//635 636//636
f 637//637 605//605 604//604
f 637//637 604//604 638//638
f 637//637 638//638 639//639
f 637//637 639//639 640//640
f 641//641 642//642 643//643
f 641//641 643//643 644//644
f 645//645 646//646 647//647
f 645//645 647//647 648//648
f 649//649 638//638 604//604
f 649//649 604//604 620//620
f 649//649 650//650 639//639
f 649//649 639//639 638//638
f 649//649 620//620 619//619
f 649//649 619//619 650//650
f 625//625 624//624 651//651
f 625//625 651//651 652//652
f 653//653 631//631 630//630
f 653//653 630//630 645//645
f 654//654 655//655 631//631
f 654//654 631//631 653//653
f 653//653 645//645 656//656
f 653//653 656//656 654//654
f 619//619 618//618 657//657
f 619//619 657//657 658//658
f 644//644 659//659 660//660
f 644//644 660//660 641//641
f 654//654 661//661 662//662
f 654//654 662//662 655//655
f 663//663 657//657 618//618
f 663//663 618//618 622//622
f 663//663 664//664 665//665
f 663//663 665//665 657//657
f 666//666 667//667 668//668
f 666//666 668//668 669//669
f 666//666 669//669 670//670
f 666//666 670//670 671//671
f 666//666 671//671 651//651
f 666//666 651//651 667//667
f 664//664 672//672 673//673
f 664//664 673//673 665//665
f 674//674 675//675 665//665
f 674//674 665//665 673//673
f 674//674 673//673 676//676
f 674//674 676//676 677//677
f 676//676 673//673 672//672
f 676//676 672//672 678//678
f 676//676 678//678 662//662
f 676//676 662//662 661//661
f 676//676 661//661 679//679
f 676//676 679//679 677//677
f 678//678 672//672 670//670
f 678//678 670//670 680//680
f 678//678 680//680 681//681
f 678//678 681//681 662//662
f 681//681 680//680 682//682
f 681//681 682//682 683//683
f 681//681 683//683 613//613
f 681//681 613//613 684//684
f 681//681 684//684 655//655
f 681//681 655//655 662//662
f 684//684 613//613 612//612
f 684//684 612//612 632//632
f 684//684 632//632 631//631
f 684//684 631//631 655//655
f 682//682 669//669 668//668
f 682//682 668//668 685//685
f 682//682 680//680 670//670
f 682//682 670//670 669//669
f 685//685 668//668 686//686
f 685//685 686//686 687//687
f 685//685 687//687 610//610
f 685//685 610//610 688//688
f 687//687 686//686 689//689
f 687//687 689//689 690//690
f 687//687 690//690 611//611
f 687//687 611//611 610//610
f 691//691 689//689 692//692
f 691//691 692//692 693//693
f 690//690 694//694 614//614
f 690//690 614//614 611//611
f 693//693 692//692 564//564
f 693//693 564//564 568//568
f 695//695 696//696 697//697
f 695//695 697//697 698//698
f 692//692 606//606 565//565
f 692//692 565//565 564//564
f 692//692 689//689 607//607
f 692//692 607//607 606//606
f 689//689 686//686 627//627
f 689//689 627//627 607//607
f 686//686 668//668 667//667
f 686//686 667//667 627//627
f 672//672 664//664 671//671
f 672//672 671//671 670//670
f 677//677 679//679 639//639
f 677//677 639//639 650//650
f 675//675 658//658 657//657
f 675//675 657//657 665//665
f 671//671 664//664 652//652
f 671//671 652//652 651//651
f 667//667 651//651 624//624
f 667//667 624//624 627//627
f 679//679 699//699 640//640
f 679//679 640//640 639//639
f 659//659 644//644 636//636
f 659//659 636//636 635//635
f 700//700 660//660 659//659
f 700//700 659//659 699//699
f 646//646 645//645 630//630
f 646//646 630//630 629//629
f 701//701 615//615 579//579
f 701//701 579//579 578//578
f 701//701 578//578 592//592
f 701//701 592//592 702//702
f 644//644 643//643 703//703
f 644//644 703//703 636//636
f 704//704 591//591 590//590
f 704//704 590//590 593//593
f 636//636 703//703 705//705
f 636//636 705//705 633//633
f 626//626 622//622 621//621
f 626//626 621//621 608//608
f 621//621 617//617 570//570
f 621//621 570//570 566//566
f 621//621 566//566 565//565
f 621//621 565//565 608//608
f 617//617 620//620 604//604
f 617//617 604//604 588//588
f 617//617 588//588 587//587
f 617//617 587//587 570//570
f 706//706 595//595 594//594
f 706//706 594//594 707//707
f 587//587 586//586 603//603
f 587//587 603//603 708//708
f 587//587 708//708 571//571
f 587//587 571//571 570//570
f 578//578 577//577 581//581
f 578//578 581//581 592//592
f 709//709 710//710 711//711
f 709//709 711//711 712//712
f 710//710 709//709 574//574
f 710//710 574//574 573//573
f 582//582 585//585 572//572
f 582//582 572//572 713//713
f 685//685 688//688 683//683
f 685//685 683//683 682//682
f 663//663 622//622 626//626
f 663//663 626//626 625//625
f 652//652 664//664 663//663
f 652//652 663//663 625//625
f 675//675 674//674 677//677
f 675//675 677//677 650//650
f 658//658 675//675 650//650
f 658//658 650//650 619//619
f 679//679 661//661 654//654
f 679//679 654//654 656//656
f 700//700 699//699 679//679
f 700//700 679//679 656//656
f 707//707 575//575 602//602
f 707//707 602//602 706//706
f 633//633 705//705 589//589
f 633//633 589//589 605//605
f 637//637 640//640 635//635
f 637//637 635//635 634//634
f 699//699 659//659 635//635
f 699//699 635//635 640//640
f 637//637 634//634 633//633
f 637//637 633//633 605//605
f 700//700 656//656 645//645
f 700//700 645//645 660//660
f 648//648 641//641 660//660
f 648//648 660//660 645//645
f 648//648 647//647 642//642
f 648//648 642//642 641//641
f 592//592 591//591 704//704
f 592//592 704//704 702//702
f 714//714 715//715 716//716
f 714//714 716//716 717//717
f 714//714 717//717 584//584
f 714//714 584//584 718//718
f 719//719 573//573 572//572
f 719//719 572//572 585//585
f 720//720 710//710 573//573
f 720//720 573//573 719//719
f 697//697 711//711 710//710
f 697//697 710//710 720//720
f 716//716 698//698 697//697
f 716//716 697//697 720//720
f 717//717 716//716 720//720
f 717//717 720//720 719//719
f 584//584 717//717 719//719
f 584//584 719//719 585//585
f 712//712 711//711 697//697
f 712//712 697//697 696//696
f 695//695 698//698 716//716
f 695//695 716//716 715//715
f 572//572 575//575 707//707
f 572//572 707//707 713//713
f 590//590 581//581 580//580
f 590//590 580//580 594//594
f 589//589 705//705 706//706
f 589//589 706//706 602//602
f 705//705 703//703 595//595
f 705//705 595//595 706//706
f 703//703 643//643 593//593
f 703//703 593//593 595//595
f 643//643 642//642 704//704
f 643//643 704//704 593//593
f 704//704 642//642 647//647
f 704//704 647//647 702//702
f 646//646 701//701 702//702
f 646//646 702//702 647//647
f 646//646 629//629 615//615
f 646//646 615//615 701//701
f 601//601 615//615 629//629
f 601//601 629//629 616//616
f 603//603 602//602 575//575
f 603//603 575//575 574//574
f 708//708 603//603 574//574
f 708//708 574//574 709//709
f 571//571 708//708 709//709
f 571//571 709//709 712//712
f 567//567 569//569 571//571
f 567//567 571//571 712//712
f 568//568 567//567 712//712
f 568//568 712//712 696//696
f 695//695 693//693 568//568
f 695//695 568//568 696//696
f 563//563 566//566 569//569
f 563//563 569//569 567//567
f 694//694 691//691 693//693
f 694//694 693//693 695//695
f 614//614 694//694 695//695
f 614//614 695//695 715//715
f 599//599 614//614 715//715
f 599//599 715//715 714//714
f 718//718 596//596 599//599
f 718//718 599//599 714//714
f 579//579 600//600 596//596
f 579//579 596//596 718//718
f 690//690 689//689 691//691
f 690//690 691//691 694//694
f 683//683 688//688 721//721
f 683//683 721//721 613//613
f 609//609 721//721 688//688
f 609//609 688//688 610//610
f 613//613 721//721 609//609
f 613//613 609//609 598//598
f 713//713 707//707 594//594
f 713//713 594//594 580//580
f 576//576 582//582 713//713
f 576//576 713//713 580//580
f 718//718 584//584 583//583
f 718//718 583//583 579//579
f 579//579 583//583 582//582
f 579//579 582//582 576//576
f 722//722 723//723 724//724
f 722//722 724//724 725//725
f 724//724 723//723 726//726
f 724//724 726//726 727//727
f 728//728 729//729 730//730
f 728//728 730//730 731//731
f 728//728 723//723 722//722
f 728//728 722//722 729//729
f 728//728 731//731 732//732
f 728//728 732//732 733//733
f 734//734 735//735 736//736
f 734//734 736//736 737//737
f 738//738 727//727 726//726
f 738//738 726//726 739//739
f 738//738 739//739 740//740
f 738//738 740//740 741//741
f 738//738 741//741 742//742
f 738//738 742//742 727//727
f 736//736 735//735 743//743
f 736//736 743//743 744//744
f 745//745 746//746 747//747
f 745//745 747//747 748//748
f 749//749 750//750 751//751
f 749//749 751//751 752//752
f 749//749 753//753 754//754
f 749//749 754//754 750//750
f 755//755 748//748 756//756
f 755//755 756//756 757//757
f 755//755 757//757 750//750
f 755//755 750//750 754//754
f 758//758 747//747 759//759
f 758//758 759//759 760//760
f 758//758 756//756 748//748
f 758//758 748//748 747//747
f 758//758 760//760 761//761
f 758//758 761//761 756//756
f 761//761 760//760 762//762
f 761//761 762//762 763//763
f 761//761 763//763 764//764
f 761//761 764//764 765//765
f 761//761 765//765 757//757
f 761//761 757//757 756//756
f 765//765 764//764 766//766
f 765//765 766//766 751//751
f 765//765 751//751 750//750
f 765//765 750//750 757//757
f 766//766 764//764 767//767
f 766//766 767//767 768//768
f 766//766 768//768 769//769
f 766//766 769//769 770//770
f 766//766 770//770 752//752
f 766//766 752//752 751//751
f 770//770 769//769 771//771
f 770//770 771//771 772//772
f 770//770 772//772 773//773
f 770//770 773//773 752//752
f 773//773 753//753 749//749
f 773//773 749//749 752//752
f 773//773 772//772 774//774
f 773//773 774//774 775//775
f 773//773 775//775 746//746
f 773//773 746//746 753//753
f 775//775 774//774 776//776
f 775//775 776//776 759//759
f 775//775 759//759 747//747
f 775//775 747//747 746//746
f 776//776 774//774 777//777
f 776//776 777//777 778//778
f 776//776 778//778 779//779
f 776//776 779//779 762//762
f 776//776 762//762 760//760
f 776//776 760//760 759//759
f 779//779 778//778 780//780
f 779//779 780//780 781//781
f 779//779 781//781 782//782
f 779//779 782//782 783//783
f 779//779 783//783 763//763
f 779//779 763//763 762//762
f 783//783 782//782 784//784
f 783//783 784//784 767//767
f 783//783 767//767 764//764
f 783//783 764//764 763//763
f 784//784 782//782 785//785
f 784//784 785//785 786//786
f 784//784 786//786 787//787
f 784//784 787//787 788//788
f 784//784 788//788 768//768
f 784//784 768//768 767//767
f 788//788 787//787 789//789
f 788//788 789//789 790//790
f 788//788 790//790 769//769
f 788//788 769//769 768//768
f 790//790 789//789 791//791
f 790//790 791//791 792//792
f 790//790 792//792 771//771
f 790//790 771//771 769//769
f 792//792 791//791 793//793
f 792//792 793//793 794//794
f 792//792 794//794 777//777
f 792//792 777//777 771//771
f 794//794 793//793 795//795
f 794//794 795//795 780//780
f 794//794 780//780 778//778
f 794//794 778//778 777//777
f 795//795 793//793 796//796
f 795//795 796//796 797//797
f 795//795 797//797 798//798
f 795//795 798//798 799//799
f 795//795 799//799 781//781
f 795//795 781//781 780//780
f 799//799 798//798 800//800
f 799//799 800//800 785//785
f 799//799 785//785 782//782
f 799//799 782//782 781//781
f 800//800 798//798 801//801
f 800//800 801//801 802//802
f 800//800 802//802 803//803
f 800//800 803//803 804//804
f 800//800 804//804 786//786
f 800//800 786//786 785//785
f 804//804 803//803 805//805
f 804//804 805//805 806//806
f 804//804 806//806 787//787
f 804//804 787//787 786//786
f 806//806 805//805 807//807
f 806//806 807//807 808//808
f 806//806 808//808 789//789
f 806//806 789//789 787//787
f 808//808 807//807 809//809
f 808//808 809//809 810//810
f 808//808 810//810 791//791
f 808//808 791//791 789//789
f 810//810 809//809 811//811
f 810//810 811//811 796//796
f 810//810 796//796 793//793
f 810//810 793//793 791//791
f 811//811 809//809 812//812
f 811//811 812//812 813//813
f 811//811 813//813 814//814
f 811//811 814//814 815//815
f 811//811 815//815 797//797
f 811//811 797//797 796//796
f 815//815 814//814 816//816
f 815//815 816//816 801//801
f 815//815 801//801 798//798
f 815//815 798//798 797//797
f 816//816 814//814 817//817
f 816//816 817//817 818//818
f 816//816 818//818 819//819
f 816//816 819//819 820//820
f 816//816 820//820 802//802
f 816//816 802//802 801//801
f 820//820 819//819 821//821
f 820//820 821//821 822//822
f 820//820 822//822 803//803
f 820//820 803//803 802//802
f 822//822 821//821 823//823
f 822//822 823//823 824//824
f 822//822 824//824 805//805
f 822//822 805//805 803//803
f 824//824 823//823 825//825
f 824//824 825//825 826//826
f 824//824 826//826 807//807
f 824//824 807//807 805//805
f 826//826 825//825 827//827
f 826//826 827//827 812//812
f 826//826 812//812 809//809
f 826//826 809//809 807//807
f 827//827 825//825 828//828
f 827//827 828//828 829//829
f 827//827 829//829 830//830
f 827//827 830//830 831//831
f 827//827 831//831 813//813
f 827//827 813//813 812//812
f 831//831 830//830 832//832
f 831//831 832//832 817//817
f 831//831 817//817 814//814
f 831//831 814//814 813//813
f 832//832 830//830 833//833
f 832//832 833//833 834//834
f 832//832 834//834 835//835
f 832//832 835//835 836//836
f 832//832 836//836 818//818
f 832//832 818//818 817//817
f 836//836 835//835 837//837
f 836//836 837//837 838//838
f 836//836 838//838 819//819
f 836//836 819//819 818//818
f 838//838 837//837 839//839
f 838//838 839//839 840//840
f 838//838 840//840 821//821
f 838//838 821//821 819//819
f 840//840 839//839 841//841
f 840//840 841//841 842//842
f 840//840 842//842 823//823
f 840//840 823//823 821//821
f 842//842 841//841 843//843
f 842//842 843//843 828//828
f 842//842 828//828 825//825
f 842//842 825//825 823//823
f 843//843 841//841 844//844
f 843//843 844//844 845//845
f 843//843 845//845 846//846
f 843//843 846//846 847//847
f 843//843 847//847 829//829
f 843//843 829//829 828//828
f 847//847 846//846 733//733
f 847//847 733//733 833//833
f 847//847 833//833 830//830
f 847//847 830//830 829//829
f 846//846 845//845 848//848
f 846//846 848//848 849//849
f 846//846 849//849 728//728
f 846//846 728//728 733//733
f 849//849 848//848 739//739
f 849//849 739//739 726//726
f 849//849 726//726 723//723
f 849//849 723//723 728//728
f 848//848 845//845 844//844
f 848//848 844//844 850//850
f 848//848 850//850 740//740
f 848//848 740//740 739//739
f 850//850 844//844 851//851
f 850//850 851//851 852//852
f 850//850 852//852 853//853
f 850//850 853//853 740//740
f 853//853 852//852 854//854
f 853//853 854//854 743//743
f 853//853 743//743 735//735
f 853//853 735//735 855//855
f 853//853 855//855 741//741
f 853//853 741//741 740//740
f 855//855 735//735 734//734
f 855//855 734//734 856//856
f 855//855 856//856 742//742
f 855//855 742//742 741//741
f 856//856 734//734 737//737
f 856//856 737//737 857//857
f 856//856 857//857 725//725
f 856//856 725//725 742//742
f 857//857 737//737 730//730
f 857//857 730//730 729//729
f 857//857 729//729 722//722
f 857//857 722//722 725//725
f 854//854 858//858 859//859
f 854//854 859//859 860//860
f 854//854 860//860 744//744
f 854//854 744//744 743//743
f 854//854 852//852 851//851
f 854//854 851//851 858//858
f 860//860 859//859 732//732
f 860//860 732//732 731//731
f 860//860 731//731 730//730
f 860//860 730//730 744//744
f 859//859 835//835 834//834
f 859//859 834//834 732//732
f 859//859 858//858 837//837
f 859//859 837//837 835//835
f 858//858 851//851 839//839
f 858//858 839//839 837//837
f 851//851 844//844 841//841
f 851//851 841//841 839//839
f 834//834 833//833 733//733
f 834//834 733//733 732//732
f 777//777 774//774 772//772
f 777//777 772//772 771//771
f 755//755 754//754 745//745
f 755//755 745//745 748//748
f 754//754 753//753 746//746
f 754//754 746//746 745//745
f 744//744 730//730 737//737
f 744//744 737//737 736//736
f 742//742 725//725 724//724
f 742//742 724//724 727//727
f 861//861 862//862 863//863
f 861//861 863//863 864//864
f 861//861 864//864 865//865
f 861//861 865//865 866//866
f 861//861 866//866 867//867
f 861//861 867//867 862//862
f 868//868 869//869 870//870
f 868//868 870//870 871//871
f 868//868 872//872 873//873
f 868//868 873//873 869//869
f 873//873 872//872 874//874
f 873//873 874//874 863//863
f 873//873 863//863 862//862
f 873//873 862//862 869//869
f 863//863 874//874 875//875
f 863//863 875//875 876//876
f 863//863 876//876 877//877
f 863//863 877//877 864//864
f 865//865 878//878 879//879
f 865//865 879//879 866//866
f 880//880 881//881 882//882
f 880//880 882//882 878//878
f 883//883 884//884 882//882
f 883//883 882//882 885//885
f 881//881 877//877 886//886
f 881//881 886//886 887//887
f 881//881 887//887 888//888
f 881//881 888//888 889//889
f 881//881 889//889 885//885
f 881//881 885//885 882//882
f 890//890 891//891 892//892
f 890//890 892//892 893//893
f 890//890 893//893 894//894
f 890//890 894//894 895//895
f 896//896 897//897 898//898
f 896//896 898//898 899//899
f 896//896 900//900 901//901
f 896//896 901//901 897//897
f 896//896 899//899 902//902
f 896//896 902//902 900//900
f 903//903 904//904 905//905
f 903//903 905//905 906//906
f 903//903 907//907 908//908
f 903//903 908//908 904//904
f 903//903 906//906 909//909
f 903//903 909//909 907//907
f 910//910 911//911 912//912
f 910//910 912//912 913//913
f 907//907 909//909 914//914
f 907//907 914//914 915//915
f 916//916 917//917 918//918
f 916//916 918//918 919//919
f 916//916 906//906 905//905
f 916//916 905//905 917//917
f 916//916 919//919 909//909
f 916//916 909//909 906//906
f 920//920 921//921 900//900
f 920//920 900//900 902//902
f 920//920 902//902 922//922
f 920//920 922//922 923//923
f 920//920 924//924 925//925
f 920//920 925//925 921//921
f 920//920 926//926 927//927
f 920//920 927//927 924//924
f 920//920 923//923 928//928
f 920//920 928//928 926//926
f 915//915 929//929 930//930
f 915//915 930//930 907//907
f 924//924 927//927 931//931
f 924//924 931//931 925//925
f 932//932 933//933 934//934
f 932//932 934//934 935//935
f 914//914 936//936 933//933
f 914//914 933//933 932//932
f 937//937 938//938 931//931
f 937//937 931//931 927//927
f 937//937 927//927 926//926
f 937//937 926//926 934//934
f 937//937 934//934 933//933
f 937//937 933//933 938//938
f 938//938 933//933 936//936
f 938//938 936//936 939//939
f 938//938 939//939 913//913
f 938//938 913//913 931//931
f 939//939 936//936 919//919
f 939//939 919//919 918//918
f 939//939 918//918 910//910
f 939//939 910//910 913//913
f 936//936 914//914 909//909
f 936//936 909//909 919//919
f 932//932 935//935 940//940
f 932//932 940//940 941//941
f 932//932 941//941 942//942
f 932//932 942//942 929//929
f 932//932 929//929 915//915
f 932//932 915//915 914//914
f 942//942 941//941 943//943
f 942//942 943//943 944//944
f 942//942 944//944 945//945
f 942//942 945//945 946//946
f 942//942 946//946 930//930
f 942//942 930//930 929//929
f 946//946 945//945 947//947
f 946//946 947//947 948//948
f 946//946 948//948 949//949
f 946//946 949//949 930//930
f 949//949 908//908 907//907
f 949//949 907//907 930//930
f 949//949 948//948 950//950
f 949//949 950//950 951//951
f 949//949 951//951 952//952
f 949//949 952//952 908//908
f 952//952 953//953 904//904
f 952//952 904//904 908//908
f 952//952 951//951 898//898
f 952//952 898//898 897//897
f 952//952 897//897 901//901
f 952//952 901//901 953//953
f 953//953 954//954 905//905
f 953//953 905//905 904//904
f 953//953 901//901 955//955
f 953//953 955//955 954//954
f 955//955 912//912 911//911
f 955//955 911//911 954//954
f 955//955 901//901 900//900
f 955//955 900//900 921//921
f 955//955 921//921 925//925
f 955//955 925//925 912//912
f 954//954 911//911 917//917
f 954//954 917//917 905//905
f 951//951 950//950 956//956
f 951//951 956//956 898//898
f 956//956 950//950 957//957
f 956//956 957//957 958//958
f 956//956 958//958 959//959
f 956//956 959//959 960//960
f 956//956 960//960 899//899
f 956//956 899//899 898//898
f 960//960 959//959 961//961
f 960//960 961//961 922//922
f 960//960 922//922 902//902
f 960//960 902//902 899//899
f 961//961 959//959 962//962
f 961//961 962//962 963//963
f 961//961 963//963 964//964
f 961//961 964//964 965//965
f 961//961 965//965 923//923
f 961//961 923//923 922//922
f 965//965 964//964 966//966
f 965//965 966//966 967//967
f 965//965 967//967 928//928
f 965//965 928//928 923//923
f 967//967 966//966 968//968
f 967//967 968//968 940//940
f 967//967 940//940 935//935
f 967//967 935//935 928//928
f 968//968 966//966 969//969
f 968//968 969//969 970//970
f 968//968 970//970 971//971
f 968//968 971//971 943//943
f 968//968 943//943 941//941
f 968//968 941//941 940//940
f 971//971 970//970 972//972
f 971//971 972//972 973//973
f 971//971 973//973 974//974
f 971//971 974//974 975//975
f 971//971 975//975 944//944
f 971//971 944//944 943//943
f 975//975 974//974 976//976
f 975//975 976//976 977//977
f 975//975 977//977 945//945
f 975//975 945//945 944//944
f 977//977 976//976 978//978
f 977//977 978//978 979//979
f 977//977 979//979 947//947
f 977//977 947//947 945//945
f 979//979 978//978 980//980
f 979//979 980//980 981//981
f 979//979 981//981 957//957
f 979//979 957//957 947//947
f 981//981 980//980 982//982
f 981//981 982//982 983//983
f 981//981 983//983 958//958
f 981//981 958//958 957//957
f 983//983 982//982 984//984
f 983//983 984//984 962//962
f 983//983 962//962 959//959
f 983//983 959//959 958//958
f 984//984 982//982 985//985
f 984//984 985//985 986//986
f 984//984 986//986 987//987
f 984//984 987//987 988//988
f 984//984 988//988 963//963
f 984//984 963//963 962//962
f 988//988 987//987 989//989
f 988//988 989//989 990//990
f 988//988 990//990 964//964
f 988//988 964//964 963//963
f 990//990 989//989 991//991
f 990//990 991//991 969//969
f 990//990 969//969 966//966
f 990//990 966//966 964//964
f 991//991 989//989 992//992
f 991//991 992//992 993//993
f 991//991 993//993 994//994
f 991//991 994//994 972//972
f 991//991 972//972 970//970
f 991//991 970//970 969//969
f 994//994 993//993 995//995
f 994//994 995//995 996//996
f 994//994 996//996 997//997
f 994//994 997//997 998//998
f 994//994 998//998 973//973
f 994//994 973//973 972//972
f 998//998 997//997 999//999
f 998//998 999//999 1000//1000
f 998//998 1000//1000 974//974
f 998//998 974//974 973//973
f 1000//1000 999//999 1001//1001
f 1000//1000 1001//1001 1002//1002
f 1000//1000 1002//1002 976//976
f 1000//1000 976//976 974//974
f 1002//1002 1001//1001 1003//1003
f 1002//1002 1003//1003 1004//1004
f 1002//1002 1004//1004 978//978
f 1002//1002 978//978 976//976
f 1004//1004 1003//1003 1005//1005
f 1004//1004 1005//1005 1006//1006
f 1004//1004 1006//1006 980//980
f 1004//1004 980//980 978//978
f 1006//1006 1005//1005 1007//1007
f 1006//1006 1007//1007 985//985
f 1006//1006 985//985 982//982
f 1006//1006 982//982 980//980
f 1007//1007 1005//1005 886//886
f 1007//1007 886//886 1008//1008
f 1007//1007 1008//1008 1009//1009
f 1007//1007 1009//1009 1010//1010
f 1007//1007 1010//1010 986//986
f 1007//1007 986//986 985//985
f 1010//1010 1009//1009 1011//1011
f 1010//1010 1011//1011 1012//1012
f 1010//1010 1012//1012 987//987
f 1010//1010 987//987 986//986
f 1012//1012 1011//1011 1013//1013
f 1012//1012 1013//1013 992//992
f 1012//1012 992//992 989//989
f 1012//1012 989//989 987//987
f 1013//1013 1011//1011 1014//1014
f 1013//1013 1014//1014 1015//1015
f 1013//1013 1015//1015 1016//1016
f 1013//1013 1016//1016 995//995
f 1013//1013 995//995 993//993
f 1013//1013 993//993 992//992
f 1016//1016 1015//1015 1017//1017
f 1016//1016 1017//1017 1018//1018
f 1016//1016 1018//1018 1019//1019
f 1016//1016 1019//1019 1020//1020
f 1016//1016 1020//1020 996//996
f 1016//1016 996//996 995//995
f 1020//1020 1019//1019 1021//1021
f 1020//1020 1021//1021 1022//1022
f 1020//1020 1022//1022 997//997
f 1020//1020 997//997 996//996
f 1022//1022 1021//1021 1023//1023
f 1022//1022 1023//1023 1024//1024
f 1022//1022 1024//1024 999//999
f 1022//1022 999//999 997//997
f 1024//1024 1023//1023 889//889
f 1024//1024 889//889 888//888
f 1024//1024 888//888 1001//1001
f 1024//1024 1001//1001 999//999
f 1023//1023 1021//1021 892//892
f 1023//1023 892//892 1025//1025
f 1023//1023 1025//1025 885//885
f 1023//1023 885//885 889//889
f 1025//1025 892//892 891//891
f 1025//1025 891//891 1026//1026
f 1025//1025 1026//1026 883//883
f 1025//1025 883//883 885//885
f 1026//1026 891//891 1027//1027
f 1026//1026 1027//1027 1028//1028
f 1026//1026 1028//1028 884//884
f 1026//1026 884//884 883//883
f 1028//1028 1027//1027 1029//1029
f 1028//1028 1029//1029 1030//1030
f 1028//1028 1030//1030 879//879
f 1028//1028 879//879 884//884
f 1030//1030 1029//1029 870//870
f 1030//1030 870//870 867//867
f 1030//1030 867//867 866//866
f 1030//1030 866//866 879//879
f 1029//1029 1031//1031 871//871
f 1029//1029 871//871 870//870
f 1029//1029 1027//1027 895//895
f 1029//1029 895//895 1031//1031
f 1031//1031 1032//1032 1033//1033
f 1031//1031 1033//1033 871//871
f 1031//1031 895//895 894//894
f 1031//1031 894//894 1032//1032
f 1033//1033 1034//1034 874//874
f 1033//1033 874//874 872//872
f 1033//1033 872//872 868//868
f 1033//1033 868//868 871//871
f 1033//1033 1032//1032 1017//1017
f 1033//1033 1017//1017 1034//1034
f 1034//1034 1014//1014 875//875
f 1034//1034 875//875 874//874
f 1034//1034 1017//1017 1015//1015
f 1034//1034 1015//1015 1014//1014
f 1032//1032 894//894 1018//1018
f 1032//1032 1018//1018 1017//1017
f 1027//1027 891//891 890//890
f 1027//1027 890//890 895//895
f 1021//1021 1019//1019 893//893
f 1021//1021 893//893 892//892
f 1019//1019 1018//1018 894//894
f 1019//1019 894//894 893//893
f 1014//1014 1011//1011 1009//1009
f 1014//1014 1009//1009 875//875
f 1009//1009 1008//1008 876//876
f 1009//1009 876//876 875//875
f 1008//1008 886//886 877//877
f 1008//1008 877//877 876//876
f 1005//1005 1003//1003 887//887
f 1005//1005 887//887 886//886
f 1003//1003 1001//1001 888//888
f 1003//1003 888//888 887//887
f 957//957 950//950 948//948
f 957//957 948//948 947//947
f 935//935 934//934 926//926
f 935//935 926//926 928//928
f 931//931 913//913 912//912
f 931//931 912//912 925//925
f 918//918 917//917 911//911
f 918//918 911//911 910//910
f 884//884 879//879 878//878
f 884//884 878//878 882//882
f 880//880 878//878 865//865
f 880//880 865//865 864//864
f 880//880 864//864 877//877
f 880//880 877//877 881//881
f 870//870 869//869 862//862
f 870//870 862//862 867//867
f 1035//1035 1036//1036 1037//1037
f 1035//1035 1037//1037 1038//1038
f 1035//1035 1038//1038 1039//1039
f 1035//1035 1039//1039 1040//1040
f 1035//1035 1040//1040 1041//1041
f 1035//1035 1041//1041 1036//1036
f 1041//1041 1040//1040 1042//1042
f 1041//1041 1042//1042 1043//1043
f 1041//1041 1044//1044 1045//1045
f 1041//1041 1045//1045 1046//1046
f 1041//1041 1043//1043 1047//1047
f 1041//1041 1047//1047 1044//1044
f 1041//1041 1046//1046 1048//1048
f 1041//1041 1048//1048 1036//1036
f 1049//1049 1050//1050 1051//1051
f 1049//1049 1051//1051 1052//1052
f 1049//1049 1053//1053 1054//1054
f 1049//1049 1054//1054 1050//1050
f 1049//1049 1052//1052 1055//1055
f 1049//1049 1055//1055 1053//1053
f 1056//1056 1057//1057 1039//1039
f 1056//1056 1039//1039 1058//1058
f 1056//1056 1059//1059 1060//1060
f 1056//1056 1060//1060 1057//1057
f 1056//1056 1058//1058 1061//1061
f 1056//1056 1061//1061 1059//1059
f 1052//1052 1051//1051 1062//1062
f 1052//1052 1062//1062 1055//1055
f 1063//1063 1064//1064 1065//1065
f 1063//1063 1065//1065 1066//1066
f 1063//1063 1051//1051 1050//1050
f 1063//1063 1050//1050 1064//1064
f 1063//1063 1066//1066 1062//1062
f 1063//1063 1062//1062 1051//1051
f 1059//1059 1061//1061 1067//1067
f 1059//1059 1067//1067 1060//1060
f 1065//1065 1046//1046 1045//1045
f 1065//1065 1045//1045 1068//1068
f 1065//1065 1069//1069 1070//1070
f 1065//1065 1070//1070 1066//1066
f 1065//1065 1068//1068 1071//1071
f 1065//1065 1071//1071 1069//1069
f 1065//1065 1064//1064 1048//1048
f 1065//1065 1048//1048 1046//1046
f 1072//1072 1073//1073 1074//1074
f 1072//1072 1074//1074 1075//1075
f 1072//1072 1076//1076 1077//1077
f 1072//1072 1077//1077 1073//1073
f 1072//1072 1075//1075 1078//1078
f 1072//1072 1078//1078 1076//1076
f 1075//1075 1074//1074 1079//1079
f 1075//1075 1079//1079 1080//1080
f 1078//1078 1075//1075 1081//1081
f 1078//1078 1081//1081 1082//1082
f 1081//1081 1083//1083 1084//1084
f 1081//1081 1084//1084 1082//1082
f 1085//1085 1086//1086 1087//1087
f 1085//1085 1087//1087 1088//1088
f 1085//1085 1088//1088 1089//1089
f 1085//1085 1089//1089 1090//1090
f 1085//1085 1090//1090 1083//1083
f 1085//1085 1083//1083 1080//1080
f 1074//1074 1073//1073 1091//1091
f 1074//1074 1091//1091 1079//1079
f 1092//1092 1093//1093 1094//1094
f 1092//1092 1094//1094 1077//1077
f 1095//1095 1096//1096 1093//1093
f 1095//1095 1093//1093 1082//1082
f 1097//1097 1098//1098 1096//1096
f 1097//1097 1096//1096 1095//1095
f 1095//1095 1082//1082 1084//1084
f 1095//1095 1084//1084 1097//1097
f 1096//1096 1099//1099 1094//1094
f 1096//1096 1094//1094 1093//1093
f 1096//1096 1098//1098 1100//1100
f 1096//1096 1100//1100 1101//1101
f 1096//1096 1101//1101 1102//1102
f 1096//1096 1102//1102 1099//1099
f 1103//1103 1104//1104 1099//1099
f 1103//1103 1099//1099 1102//1102
f 1103//1103 1105//1105 1106//1106
f 1103//1103 1106//1106 1104//1104
f 1103//1103 1102//1102 1107//1107
f 1103//1103 1107//1107 1105//1105
f 1108//1108 1097//1097 1109//1109
f 1108//1108 1109//1109 1110//1110
f 1108//1108 1110//1110 1111//1111
f 1108//1108 1111//1111 1112//1112
f 1108//1108 1112//1112 1101//1101
f 1108//1108 1101//1101 1100//1100
f 1112//1112 1111//1111 1113//1113
f 1112//1112 1113//1113 1107//1107
f 1112//1112 1107//1107 1102//1102
f 1112//1112 1102//1102 1101//1101
f 1113//1113 1111//1111 1114//1114
f 1113//1113 1114//1114 1115//1115
f 1113//1113 1115//1115 1087//1087
f 1113//1113 1087//1087 1086//1086
f 1113//1113 1086//1086 1105//1105
f 1113//1113 1105//1105 1107//1107
f 1115//1115 1114//1114 1116//1116
f 1115//1115 1116//1116 1117//1117
f 1115//1115 1117//1117 1118//1118
f 1115//1115 1118//1118 1087//1087
f 1118//1118 1117//1117 1119//1119
f 1118//1118 1119//1119 1120//1120
f 1118//1118 1120//1120 1121//1121
f 1118//1118 1121//1121 1122//1122
f 1118//1118 1122//1122 1088//1088
f 1118//1118 1088//1088 1087//1087
f 1122//1122 1121//1121 1123//1123
f 1122//1122 1123//1123 1124//1124
f 1122//1122 1124//1124 1089//1089
f 1122//1122 1089//1089 1088//1088
f 1124//1124 1123//1123 1125//1125
f 1124//1124 1125//1125 1126//1126
f 1124//1124 1126//1126 1127//1127
f 1124//1124 1127//1127 1089//1089
f 1127//1127 1128//1128 1090//1090
f 1127//1127 1090//1090 1089//1089
f 1127//1127 1126//1126 1129//1129
f 1127//1127 1129//1129 1130//1130
f 1127//1127 1130//1130 1109//1109
f 1127//1127 1109//1109 1128//1128
f 1130//1130 1129//1129 1131//1131
f 1130//1130 1131//1131 1132//1132
f 1130//1130 1132//1132 1110//1110
f 1130//1130 1110//1110 1109//1109
f 1132//1132 1131//1131 1116//1116
f 1132//1132 1116//1116 1114//1114
f 1132//1132 1114//1114 1111//1111
f 1132//1132 1111//1111 1110//1110
f 1131//1131 1129//1129 1133//1133
f 1131//1131 1133//1133 1134//1134
f 1131//1131 1134//1134 1135//1135
f 1131//1131 1135//1135 1116//1116
f 1135//1135 1134//1134 1136//1136
f 1135//1135 1136//1136 1137//1137
f 1135//1135 1137//1137 1138//1138
f 1135//1135 1138//1138 1119//1119
f 1135//1135 1119//1119 1117//1117
f 1135//1135 1117//1117 1116//1116
f 1138//1138 1137//1137 1139//1139
f 1138//1138 1139//1139 1140//1140
f 1138//1138 1140//1140 1141//1141
f 1138//1138 1141//1141 1142//1142
f 1138//1138 1142//1142 1120//1120
f 1138//1138 1120//1120 1119//1119
f 1142//1142 1141//1141 1143//1143
f 1142//1142 1143//1143 1144//1144
f 1142//1142 1144//1144 1121//1121
f 1142//1142 1121//1121 1120//1120
f 1144//1144 1143//1143 1145//1145
f 1144//1144 1145//1145 1146//1146
f 1144//1144 1146//1146 1123//1123
f 1144//1144 1123//1123 1121//1121
f 1146//1146 1145//1145 1147//1147
f 1146//1146 1147//1147 1148//1148
f 1146//1146 1148//1148 1125//1125
f 1146//1146 1125//1125 1123//1123
f 1148//1148 1147//1147 1149//1149
f 1148//1148 1149//1149 1150//1150
f 1148//1148 1150//1150 1133//1133
f 1148//1148 1133//1133 1125//1125
f 1150//1150 1149//1149 1151//1151
f 1150//1150 1151//1151 1136//1136
f 1150//1150 1136//1136 1134//1134
f 1150//1150 1134//1134 1133//1133
f 1151//1151 1149//1149 1152//1152
f 1151//1151 1152//1152 1153//1153
f 1151//1151 1153//1153 1154//1154
f 1151//1151 1154//1154 1139//1139
f 1151//1151 1139//1139 1137//1137
f 1151//1151 1137//1137 1136//1136
f 1154//1154 1153//1153 1155//1155
f 1154//1154 1155//1155 1156//1156
f 1154//1154 1156//1156 1157//1157
f 1154//1154 1157//1157 1158//1158
f 1154//1154 1158//1158 1140//1140
f 1154//1154 1140//1140 1139//1139
f 1158//1158 1157//1157 1159//1159
f 1158//1158 1159//1159 1160//1160
f 1158//1158 1160//1160 1141//1141
f 1158//1158 1141//1141 1140//1140
f 1160//1160 1159//1159 1161//1161
f 1160//1160 1161//1161 1162//1162
f 1160//1160 1162//1162 1143//1143
f 1160//1160 1143//1143 1141//1141
f 1162//1162 1161//1161 1163//1163
f 1162//1162 1163//1163 1164//1164
f 1162//1162 1164//1164 1145//1145
f 1162//1162 1145//1145 1143//1143
f 1164//1164 1163//1163 1165//1165
f 1164//1164 1165//1165 1166//1166
f 1164//1164 1166//1166 1147//1147
f 1164//1164 1147//1147 1145//1145
f 1166//1166 1165//1165 1167//1167
f 1166//1166 1167//1167 1152//1152
f 1166//1166 1152//1152 1149//1149
f 1166//1166 1149//1149 1147//1147
f 1167//1167 1165//1165 1168//1168
f 1167//1167 1168//1168 1169//1169
f 1167//1167 1169//1169 1170//1170
f 1167//1167 1170//1170 1155//1155
f 1167//1167 1155//1155 1153//1153
f 1167//1167 1153//1153 1152//1152
f 1170//1170 1169//1169 1171//1171
f 1170//1170 1171//1171 1172//1172
f 1170//1170 1172//1172 1173//1173
f 1170//1170 1173//1173 1174//1174
f 1170//1170 1174//1174 1156//1156
f 1170//1170 1156//1156 1155//1155
f 1174//1174 1173//1173 1175//1175
f 1174//1174 1175//1175 1176//1176
f 1174//1174 1176//1176 1157//1157
f 1174//1174 1157//1157 1156//1156
f 1176//1176 1175//1175 1177//1177
f 1176//1176 1177//1177 1178//1178
f 1176//1176 1178//1178 1159//1159
f 1176//1176 1159//1159 1157//1157
f 1178//1178 1177//1177 1179//1179
f 1178//1178 1179//1179 1180//1180
f 1178//1178 1180//1180 1161//1161
f 1178//1178 1161//1161 1159//1159
f 1180//1180 1179//1179 1181//1181
f 1180//1180 1181//1181 1182//1182
f 1180//1180 1182//1182 1163//1163
f 1180//1180 1163//1163 1161//1161
f 1182//1182 1181//1181 1183//1183
f 1182//1182 1183//1183 1168//1168
f 1182//1182 1168//1168 1165//1165
f 1182//1182 1165//1165 1163//1163
f 1183//1183 1181//1181 1044//1044
f 1183//1183 1044//1044 1047//1047
f 1183//1183 1047//1047 1184//1184
f 1183//1183 1184//1184 1171//1171
f 1183//1183 1171//1171 1169//1169
f 1183//1183 1169//1169 1168//1168
f 1184//1184 1047//1047 1043//1043
f 1184//1184 1043//1043 1185//1185
f 1184//1184 1185//1185 1186//1186
f 1184//1184 1186//1186 1187//1187
f 1184//1184 1187//1187 1172//1172
f 1184//1184 1172//1172 1171//1171
f 1187//1187 1186//1186 1188//1188
f 1187//1187 1188//1188 1189//1189
f 1187//1187 1189//1189 1173//1173
f 1187//1187 1173//1173 1172//1172
f 1189//1189 1188//1188 1069//1069
f 1189//1189 1069//1069 1071//1071
f 1189//1189 1071//1071 1175//1175
f 1189//1189 1175//1175 1173//1173
f 1188//1188 1186//1186 1190//1190
f 1188//1188 1190//1190 1191//1191
f 1188//1188 1191//1191 1070//1070
f 1188//1188 1070//1070 1069//1069
f 1191//1191 1190//1190 1067//1067
f 1191//1191 1067//1067 1192//1192
f 1191//1191 1192//1192 1193//1193
f 1191//1191 1193//1193 1070//1070
f 1193//1193 1192//1192 1194//1194
f 1193//1193 1194//1194 1195//1195
f 1193//1193 1195//1195 1055//1055
f 1193//1193 1055//1055 1062//1062
f 1193//1193 1062//1062 1066//1066
f 1193//1193 1066//1066 1070//1070
f 1195//1195 1194//1194 1196//1196
f 1195//1195 1196//1196 1197//1197
f 1195//1195 1197//1197 1053//1053
f 1195//1195 1053//1053 1055//1055
f 1197//1197 1196//1196 1038//1038
f 1197//1197 1038//1038 1037//1037
f 1197//1197 1037//1037 1054//1054
f 1197//1197 1054//1054 1053//1053
f 1196//1196 1194//1194 1061//1061
f 1196//1196 1061//1061 1058//1058
f 1196//1196 1058//1058 1039//1039
f 1196//1196 1039//1039 1038//1038
f 1194//1194 1192//1192 1067//1067
f 1194//1194 1067//1067 1061//1061
f 1190//1190 1186//1186 1185//1185
f 1190//1190 1185//1185 1198//1198
f 1190//1190 1198//1198 1060//1060
f 1190//1190 1060//1060 1067//1067
f 1198//1198 1185//1185 1043//1043
f 1198//1198 1043//1043 1042//1042
f 1198//1198 1042//1042 1057//1057
f 1198//1198 1057//1057 1060//1060
f 1181//1181 1179//1179 1045//1045
f 1181//1181 1045//1045 1044//1044
f 1179//1179 1177//1177 1068//1068
f 1179//1179 1068//1068 1045//1045
f 1177//1177 1175//1175 1071//1071
f 1177//1177 1071//1071 1068//1068
f 1133//1133 1129//1129 1126//1126
f 1133//1133 1126//1126 1125//1125
f 1128//1128 1084//1084 1083//1083
f 1128//1128 1083//1083 1090//1090
f 1128//1128 1109//1109 1097//1097
f 1128//1128 1097//1097 1084//1084
f 1106//1106 1105//1105 1086//1086
f 1106//1106 1086//1086 1085//1085
f 1106//1106 1085//1085 1080//1080
f 1106//1106 1080//1080 1079//1079
f 1106//1106 1079//1079 1091//1091
f 1106//1106 1091//1091 1104//1104
f 1104//1104 1091//1091 1094//1094
f 1104//1104 1094//1094 1099//1099
f 1100//1100 1098//1098 1097//1097
f 1100//1100 1097//1097 1108//1108
f 1094//1094 1091//1091 1073//1073
f 1094//1094 1073//1073 1077//1077
f 1064//1064 1050//1050 1054//1054
f 1064//1064 1054//1054 1048//1048
f 1057//1057 1042//1042 1040//1040
f 1057//1057 1040//1040 1039//1039
f 1054//1054 1037//1037 1036//1036
f 1054//1054 1036//1036 1048//1048
f 1078//1078 1082//1082 1093//1093
f 1078//1078 1093//1093 1092//1092
f 1078//1078 1092//1092 1077//1077
f 1078//1078 1077//1077 1076//1076
f 1075//1075 1080//1080 1083//1083
f 1075//1075 1083//1083 1081//1081
f 1199//1199 1200//1200 1201//1201
f 1199//1199 1201//1201 1202//1202
f 1199//1199 1202//1202 1203//1203
f 1199//1199 1203//1203 1204//1204
f 1199//1199 1204//1204 1205//1205
f 1199//1199 1205//1205 1200//1200
f 1204//1204 1203//1203 1206//1206
f 1204//1204 1206//1206 1205//1205
f 1207//1207 1200//1200 1205//1205
f 1207//1207 1205//1205 1208//1208
f 1207//1207 1209//1209 1201//1201
f 1207//1207 1201//1201 1200//1200
f 1207//1207 1208//1208 1210//1210
f 1207//1207 1210//1210 1209//1209
f 1208//1208 1205//1205 1206//1206
f 1208//1208 1206//1206 1210//1210
f 1211//1211 1212//1212 1213//1213
f 1211//1211 1213//1213 1214//1214
f 1206//1206 1203//1203 1212//1212
f 1206//1206 1212//1212 1211//1211
f 1211//1211 1214//1214 1215//1215
f 1211//1211 1215//1215 1206//1206
f 1216//1216 1217//1217 1218//1218
f 1216//1216 1218//1218 1213//1213
f 1219//1219 1220//1220 1217//1217
f 1219//1219 1217//1217 1216//1216
f 1216//1216 1213//1213 1212//1212
f 1216//1216 1212//1212 1219//1219
f 1213//1213 1218//1218 1221//1221
f 1213//1213 1221//1221 1214//1214
f 1222//1222 1223//1223 1224//1224
f 1222//1222 1224//1224 1225//1225
f 1226//1226 1227//1227 1228//1228
f 1226//1226 1228//1228 1229//1229
f 1222//1222 1225//1225 1220//1220
f 1222//1222 1220//1220 1219//1219
f 1227//1227 1230//1230 1231//1231
f 1227//1227 1231//1231 1228//1228
f 1232//1232 1233//1233 1234//1234
f 1232//1232 1234//1234 1235//1235
f 1230//1230 1236//1236 1237//1237
f 1230//1230 1237//1237 1231//1231
f 1225//1225 1238//1238 1239//1239
f 1225//1225 1239//1239 1220//1220
f 1224//1224 1223//1223 1240//1240
f 1224//1224 1240//1240 1241//1241
f 1242//1242 1243//1243 1244//1244
f 1242//1242 1244//1244 1245//1245
f 1217//1217 1246//1246 1243//1243
f 1217//1217 1243//1243 1242//1242
f 1242//1242 1245//1245 1218//1218
f 1242//1242 1218//1218 1217//1217
f 1247//1247 1248//1248 1249//1249
f 1247//1247 1249//1249 1250//1250
f 1247//1247 1250//1250 1251//1251
f 1247//1247 1251//1251 1252//1252
f 1247//1247 1252//1252 1253//1253
f 1247//1247 1253//1253 1248//1248
f 1244//1244 1243//1243 1254//1254
f 1244//1244 1254//1254 1255//1255
f 1244//1244 1255//1255 1256//1256
f 1244//1244 1256//1256 1245//1245
f 1257//1257 1258//1258 1259//1259
f 1257//1257 1259//1259 1260//1260
f 1255//1255 1254//1254 1261//1261
f 1255//1255 1261//1261 1256//1256
f 1262//1262 1235//1235 1234//1234
f 1262//1262 1234//1234 1263//1263
f 1264//1264 1258//1258 1235//1235
f 1264//1264 1235//1235 1262//1262
f 1262//1262 1263//1263 1265//1265
f 1262//1262 1265//1265 1264//1264
f 1259//1259 1258//1258 1264//1264
f 1259//1259 1264//1264 1266//1266
f 1267//1267 1268//1268 1253//1253
f 1267//1267 1253//1253 1252//1252
f 1269//1269 1270//1270 1271//1271
f 1269//1269 1271//1271 1272//1272
f 1269//1269 1272//1272 1273//1273
f 1269//1269 1273//1273 1274//1274
f 1269//1269 1274//1274 1275//1275
f 1269//1269 1275//1275 1276//1276
f 1263//1263 1277//1277 1278//1278
f 1263//1263 1278//1278 1279//1279
f 1263//1263 1279//1279 1280//1280
f 1263//1263 1280//1280 1281//1281
f 1265//1265 1282//1282 1283//1283
f 1265//1265 1283//1283 1264//1264
f 1284//1284 1278//1278 1277//1277
f 1284//1284 1277//1277 1285//1285
f 1286//1286 1287//1287 1288//1288
f 1286//1286 1288//1288 1289//1289
f 1290//1290 1271//1271 1291//1291
f 1290//1290 1291//1291 1292//1292
f 1293//1293 1294//1294 1295//1295
f 1293//1293 1295//1295 1296//1296
f 1293//1293 1297//1297 1298//1298
f 1293//1293 1298//1298 1299//1299
f 1300//1300 1301//1301 1302//1302
f 1300//1300 1302//1302 1303//1303
f 1300//1300 1303//1303 1304//1304
f 1300//1300 1304//1304 1297//1297
f 1300//1300 1296//1296 1295//1295
f 1300//1300 1295//1295 1301//1301
f 1304//1304 1303//1303 1305//1305
f 1304//1304 1305//1305 1306//1306
f 1304//1304 1306//1306 1307//1307
f 1304//1304 1307//1307 1308//1308
f 1304//1304 1308//1308 1298//1298
f 1304//1304 1298//1298 1297//1297
f 1308//1308 1307//1307 1309//1309
f 1308//1308 1309//1309 1310//1310
f 1308//1308 1310//1310 1311//1311
f 1308//1308 1311//1311 1298//1298
f 1311//1311 1310//1310 1312//1312
f 1311//1311 1312//1312 1313//1313
f 1311//1311 1313//1313 1292//1292
f 1311//1311 1292//1292 1314//1314
f 1311//1311 1314//1314 1299//1299
f 1311//1311 1299//1299 1298//1298
f 1314//1314 1292//1292 1291//1291
f 1314//1314 1291//1291 1315//1315
f 1314//1314 1315//1315 1316//1316
f 1314//1314 1316//1316 1299//1299
f 1316//1316 1317//1317 1293//1293
f 1316//1316 1293//1293 1299//1299
f 1316//1316 1315//1315 1318//1318
f 1316//1316 1318//1318 1319//1319
f 1316//1316 1319//1319 1266//1266
f 1316//1316 1266//1266 1317//1317
f 1319//1319 1318//1318 1226//1226
f 1319//1319 1226//1226 1260//1260
f 1319//1319 1260//1260 1259//1259
f 1319//1319 1259//1259 1266//1266
f 1318//1318 1315//1315 1291//1291
f 1318//1318 1291//1291 1240//1240
f 1318//1318 1240//1240 1223//1223
f 1318//1318 1223//1223 1226//1226
f 1317//1317 1283//1283 1294//1294
f 1317//1317 1294//1294 1293//1293
f 1317//1317 1266//1266 1264//1264
f 1317//1317 1264//1264 1283//1283
f 1313//1313 1312//1312 1274//1274
f 1313//1313 1274//1274 1273//1273
f 1313//1313 1273//1273 1290//1290
f 1313//1313 1290//1290 1292//1292
f 1312//1312 1310//1310 1309//1309
f 1312//1312 1309//1309 1320//1320
f 1312//1312 1320//1320 1275//1275
f 1312//1312 1275//1275 1274//1274
f 1320//1320 1309//1309 1289//1289
f 1320//1320 1289//1289 1288//1288
f 1320//1320 1288//1288 1321//1321
f 1320//1320 1321//1321 1275//1275
f 1309//1309 1307//1307 1322//1322
f 1309//1309 1322//1322 1289//1289
f 1296//1296 1300//1300 1297//1297
f 1296//1296 1297//1297 1293//1293
f 1294//1294 1281//1281 1280//1280
f 1294//1294 1280//1280 1295//1295
f 1294//1294 1283//1283 1282//1282
f 1294//1294 1282//1282 1281//1281
f 1290//1290 1273//1273 1272//1272
f 1290//1290 1272//1272 1271//1271
f 1288//1288 1287//1287 1323//1323
f 1288//1288 1323//1323 1321//1321
f 1302//1302 1278//1278 1284//1284
f 1302//1302 1284//1284 1324//1324
f 1302//1302 1324//1324 1305//1305
f 1302//1302 1305//1305 1303//1303
f 1282//1282 1265//1265 1263//1263
f 1282//1282 1263//1263 1281//1281
f 1277//1277 1263//1263 1234//1234
f 1277//1277 1234//1234 1325//1325
f 1277//1277 1325//1325 1326//1326
f 1277//1277 1326//1326 1285//1285
f 1326//1326 1325//1325 1327//1327
f 1326//1326 1327//1327 1328//1328
f 1326//1326 1329//1329 1249//1249
f 1326//1326 1249//1249 1248//1248
f 1326//1326 1248//1248 1253//1253
f 1326//1326 1253//1253 1285//1285
f 1329//1329 1330//1330 1331//1331
f 1329//1329 1331//1331 1215//1215
f 1329//1329 1215//1215 1214//1214
f 1329//1329 1214//1214 1249//1249
f 1332//1332 1333//1333 1237//1237
f 1332//1332 1237//1237 1236//1236
f 1332//1332 1236//1236 1209//1209
f 1332//1332 1209//1209 1210//1210
f 1332//1332 1210//1210 1206//1206
f 1332//1332 1206//1206 1215//1215
f 1327//1327 1325//1325 1234//1234
f 1327//1327 1234//1234 1233//1233
f 1275//1275 1321//1321 1334//1334
f 1275//1275 1334//1334 1276//1276
f 1305//1305 1268//1268 1267//1267
f 1305//1305 1267//1267 1322//1322
f 1306//1306 1305//1305 1322//1322
f 1306//1306 1322//1322 1307//1307
f 1286//1286 1289//1289 1322//1322
f 1286//1286 1322//1322 1267//1267
f 1287//1287 1335//1335 1336//1336
f 1287//1287 1336//1336 1323//1323
f 1336//1336 1335//1335 1251//1251
f 1336//1336 1251//1251 1337//1337
f 1336//1336 1337//1337 1245//1245
f 1336//1336 1245//1245 1256//1256
f 1336//1336 1256//1256 1261//1261
f 1336//1336 1261//1261 1323//1323
f 1337//1337 1251//1251 1250//1250
f 1337//1337 1250//1250 1221//1221
f 1337//1337 1221//1221 1218//1218
f 1337//1337 1218//1218 1245//1245
f 1335//1335 1267//1267 1252//1252
f 1335//1335 1252//1252 1251//1251
f 1324//1324 1284//1284 1285//1285
f 1324//1324 1285//1285 1253//1253
f 1324//1324 1253//1253 1268//1268
f 1324//1324 1268//1268 1305//1305
f 1269//1269 1239//1239 1238//1238
f 1269//1269 1238//1238 1270//1270
f 1338//1338 1254//1254 1243//1243
f 1338//1338 1243//1243 1246//1246
f 1260//1260 1226//1226 1229//1229
f 1260//1260 1229//1229 1257//1257
f 1258//1258 1257//1257 1229//1229
f 1258//1258 1229//1229 1339//1339
f 1250//1250 1249//1249 1214//1214
f 1250//1250 1214//1214 1221//1221
f 1246//1246 1217//1217 1220//1220
f 1246//1246 1220//1220 1239//1239
f 1236//1236 1230//1230 1201//1201
f 1236//1236 1201//1201 1209//1209
f 1230//1230 1219//1219 1202//1202
f 1230//1230 1202//1202 1201//1201
f 1219//1219 1212//1212 1203//1203
f 1219//1219 1203//1203 1202//1202
f 1238//1238 1225//1225 1224//1224
f 1238//1238 1224//1224 1241//1241
f 1240//1240 1291//1291 1271//1271
f 1240//1240 1271//1271 1270//1270
f 1241//1241 1240//1240 1270//1270
f 1241//1241 1270//1270 1238//1238
f 1335//1335 1287//1287 1286//1286
f 1335//1335 1286//1286 1267//1267
f 1334//1334 1321//1321 1323//1323
f 1334//1334 1323//1323 1261//1261
f 1334//1334 1261//1261 1254//1254
f 1334//1334 1254//1254 1338//1338
f 1338//1338 1246//1246 1239//1239
f 1338//1338 1239//1239 1269//1269
f 1334//1334 1338//1338 1269//1269
f 1334//1334 1269//1269 1276//1276
f 1301//1301 1295//1295 1280//1280
f 1301//1301 1280//1280 1279//1279
f 1278//1278 1302//1302 1301//1301
f 1278//1278 1301//1301 1279//1279
f 1227//1227 1226//1226 1223//1223
f 1227//1227 1223//1223 1222//1222
f 1222//1222 1219//1219 1230//1230
f 1222//1222 1230//1230 1227//1227
f 1232//1232 1339//1339 1229//1229
f 1232//1232 1229//1229 1228//1228
f 1228//1228 1340//1340 1233//1233
f 1228//1228 1233//1233 1232//1232
f 1341//1341 1327//1327 1233//1233
f 1341//1341 1233//1233 1340//1340
f 1330//1330 1328//1328 1327//1327
f 1330//1330 1327//1327 1341//1341
f 1333//1333 1331//1331 1330//1330
f 1333//1333 1330//1330 1341//1341
f 1237//1237 1333//1333 1341//1341
f 1237//1237 1341//1341 1340//1340
f 1231//1231 1237//1237 1340//1340
f 1231//1231 1340//1340 1228//1228
f 1258//1258 1339//1339 1232//1232
f 1258//1258 1232//1232 1235//1235
f 1215//1215 1331//1331 1333//1333
f 1215//1215 1333//1333 1332//1332
f 1326//1326 1328//1328 1330//1330
f 1326//1326 1330//1330 1329//1329
f 1342//1342 1343//1343 1344//1344
f 1342//1342 1344//1344 1345//1345
f 1342//1342 1345//1345 1346//1346
f 1342//1342 1346//1346 1347//1347
f 1342//1342 1347//1347 1348//1348
f 1342//1342 1348//1348 1343//1343
f 1349//1349 1350//1350 1351//1351
f 1349//1349 1351//1351 1352//1352
f 1353//1353 1354//1354 1355//1355
f 1353//1353 1355//1355 1356//1356
f 1353//1353 1352//1352 1357//1357
f 1353//1353 1357//1357 1354//1354
f 1358//1358 1359//1359 1360//1360
f 1358//1358 1360//1360 1361//1361
f 1358//1358 1361//1361 1362//1362
f 1358//1358 1362//1362 1363//1363
f 1364//1364 1365//1365 1366//1366
f 1364//1364 1366//1366 1367//1367
f 1364//1364 1367//1367 1368//1368
f 1364//1364 1368//1368 1369//1369
f 1370//1370 1371//1371 1372//1372
f 1370//1370 1372//1372 1373//1373
f 1370//1370 1366//1366 1365//1365
f 1370//1370 1365//1365 1374//1374
f 1370//1370 1359//1359 1375//1375
f 1370//1370 1375//1375 1371//1371
f 1370//1370 1374//1374 1360//1360
f 1370//1370 1360//1360 1359//1359
f 1370//1370 1373//1373 1376//1376
f 1370//1370 1376//1376 1366//1366
f 1377//1377 1378//1378 1379//1379
f 1377//1377 1379//1379 1380//1380
f 1381//1381 1382//1382 1383//1383
f 1381//1381 1383//1383 1384//1384
f 1380//1380 1385//1385 1386//1386
f 1380//1380 1386//1386 1387//1387
f 1388//1388 1389//1389 1385//1385
f 1388//1388 1385//1385 1380//1380
f 1389//1389 1390//1390 1391//1391
f 1389//1389 1391//1391 1385//1385
f 1392//1392 1393//1393 1394//1394
f 1392//1392 1394//1394 1395//1395
f 1396//1396 1397//1397 1391//1391
f 1396//1396 1391//1391 1390//1390
f 1396//1396 1398//1398 1372//1372
f 1396//1396 1372//1372 1397//1397
f 1399//1399 1400//1400 1401//1401
f 1399//1399 1401//1401 1402//1402
f 1399//1399 1402//1402 1403//1403
f 1399//1399 1403//1403 1404//1404
f 1405//1405 1406//1406 1407//1407
f 1405//1405 1407//1407 1408//1408
f 1405//1405 1409//1409 1398//1398
f 1405//1405 1398//1398 1406//1406
f 1406//1406 1410//1410 1404//1404
f 1406//1406 1404//1404 1407//1407
f 1402//1402 1393//1393 1411//1411
f 1402//1402 1411//1411 1412//1412
f 1402//1402 1412//1412 1413//1413
f 1402//1402 1413//1413 1403//1403
f 1412//1412 1411//1411 1414//1414
f 1412//1412 1414//1414 1413//1413
f 1404//1404 1410//1410 1415//1415
f 1404//1404 1415//1415 1416//1416
f 1404//1404 1416//1416 1400//1400
f 1404//1404 1400//1400 1399//1399
f 1413//1413 1414//1414 1417//1417
f 1413//1413 1417//1417 1403//1403
f 1408//1408 1407//1407 1417//1417
f 1408//1408 1417//1417 1414//1414
f 1417//1417 1407//1407 1404//1404
f 1417//1417 1404//1404 1403//1403
f 1414//1414 1411//1411 1418//1418
f 1414//1414 1418//1418 1408//1408
f 1418//1418 1411//1411 1393//1393
f 1418//1418 1393//1393 1392//1392
f 1418//1418 1392//1392 1395//1395
f 1418//1418 1395//1395 1419//1419
f 1418//1418 1419//1419 1420//1420
f 1418//1418 1420//1420 1408//1408
f 1419//1419 1395//1395 1382//1382
f 1419//1419 1382//1382 1421//1421
f 1419//1419 1421//1421 1422//1422
f 1419//1419 1422//1422 1420//1420
f 1422//1422 1398//1398 1409//1409
f 1422//1422 1409//1409 1420//1420
f 1422//1422 1421//1421 1376//1376
f 1422//1422 1376//1376 1373//1373
f 1422//1422 1373//1373 1372//1372
f 1422//1422 1372//1372 1398//1398
f 1409//1409 1405//1405 1408//1408
f 1409//1409 1408//1408 1420//1420
f 1402//1402 1401//1401 1394//1394
f 1402//1402 1394//1394 1393//1393
f 1401//1401 1400//1400 1423//1423
f 1401//1401 1423//1423 1424//1424
f 1401//1401 1424//1424 1383//1383
f 1401//1401 1383//1383 1394//1394
f 1424//1424 1423//1423 1425//1425
f 1424//1424 1425//1425 1426//1426
f 1424//1424 1426//1426 1384//1384
f 1424//1424 1384//1384 1383//1383
f 1426//1426 1425//1425 1427//1427
f 1426//1426 1427//1427 1428//1428
f 1426//1426 1428//1428 1356//1356
f 1426//1426 1356//1356 1384//1384
f 1427//1427 1425//1425 1379//1379
f 1427//1427 1379//1379 1378//1378
f 1427//1427 1378//1378 1429//1429
f 1427//1427 1429//1429 1430//1430
f 1427//1427 1430//1430 1350//1350
f 1427//1427 1350//1350 1428//1428
f 1430//1430 1429//1429 1345//1345
f 1430//1430 1345//1345 1344//1344
f 1430//1430 1344//1344 1351//1351
f 1430//1430 1351//1351 1350//1350
f 1429//1429 1378//1378 1377//1377
f 1429//1429 1377//1377 1431//1431
f 1429//1429 1431//1431 1346//1346
f 1429//1429 1346//1346 1345//1345
f 1431//1431 1377//1377 1380//1380
f 1431//1431 1380//1380 1387//1387
f 1431//1431 1387//1387 1362//1362
f 1431//1431 1362//1362 1346//1346
f 1397//1397 1372//1372 1371//1371
f 1397//1397 1371//1371 1375//1375
f 1397//1397 1375//1375 1432//1432
f 1397//1397 1432//1432 1391//1391
f 1410//1410 1396//1396 1390//1390
f 1410//1410 1390//1390 1415//1415
f 1415//1415 1390//1390 1389//1389
f 1415//1415 1389//1389 1388//1388
f 1415//1415 1388//1388 1433//1433
f 1415//1415 1433//1433 1416//1416
f 1395//1395 1394//1394 1383//1383
f 1395//1395 1383//1383 1382//1382
f 1391//1391 1432//1432 1386//1386
f 1391//1391 1386//1386 1385//1385
f 1387//1387 1386//1386 1363//1363
f 1387//1387 1363//1363 1362//1362
f 1434//1434 1376//1376 1421//1421
f 1434//1434 1421//1421 1382//1382
f 1434//1434 1382//1382 1381//1381
f 1434//1434 1381//1381 1435//1435
f 1434//1434 1435//1435 1368//1368
f 1434//1434 1368//1368 1367//1367
f 1434//1434 1367//1367 1366//1366
f 1434//1434 1366//1366 1376//1376
f 1374//1374 1365//1365 1436//1436
f 1374//1374 1436//1436 1437//1437
f 1374//1374 1437//1437 1348//1348
f 1374//1374 1348//1348 1360//1360
f 1437//1437 1436//1436 1357//1357
f 1437//1437 1357//1357 1438//1438
f 1437//1437 1438//1438 1343//1343
f 1437//1437 1343//1343 1348//1348
f 1438//1438 1357//1357 1352//1352
f 1438//1438 1352//1352 1351//1351
f 1438//1438 1351//1351 1344//1344
f 1438//1438 1344//1344 1343//1343
f 1436//1436 1369//1369 1354//1354
f 1436//1436 1354//1354 1357//1357
f 1436//1436 1365//1365 1364//1364
f 1436//1436 1364//1364 1369//1369
f 1369//1369 1368//1368 1355//1355
f 1369//1369 1355//1355 1354//1354
f 1362//1362 1361//1361 1347//1347
f 1362//1362 1347//1347 1346//1346
f 1361//1361 1360//1360 1348//1348
f 1361//1361 1348//1348 1347//1347
f 1355//1355 1368//1368 1435//1435
f 1355//1355 1435//1435 1381//1381
f 1355//1355 1381//1381 1384//1384
f 1355//1355 1384//1384 1356//1356
f 1349//1349 1352//1352 1353//1353
f 1349//1349 1353//1353 1356//1356
f 1349//1349 1356//1356 1428//1428
f 1349//1349 1428//1428 1350//1350
f 1363//1363 1386//1386 1432//1432
f 1363//1363 1432//1432 1375//1375
f 1363//1363 1375//1375 1359//1359
f 1363//1363 1359//1359 1358//1358
f 1410//1410 1406//1406 1398//1398
f 1410//1410 1398//1398 1396//1396
f 1423//1423 1400//1400 1416//1416
f 1423//1423 1416//1416 1433//1433
f 1433//1433 1388//1388 1380//1380
f 1433//1433 1380//1380 1379//1379
f 1425//1425 1423//1423 1433//1433
f 1425//1425 1433//1433 1379//1379
f 1439//1439 1440//1440 1441//1441
f 1439//1439 1441//1441 1442//1442
f 1439//1439 1443//1443 1444//1444
f 1439//1439 1444//1444 1440//1440
f 1445//1445 1446//1446 1447//1447
f 1445//1445 1447//1447 1448//1448
f 1449//1449 1450//1450 1441//1441
f 1449//1449 1441//1441 1451//1451
f 1452//1452 1453//1453 1450//1450
f 1452//1452 1450//1450 1449//1449
f 1454//1454 1455//1455 1442//1442
f 1454//1454 1442//1442 1456//1456
f 1457//1457 1458//1458 1459//1459
f 1457//1457 1459//1459 1460//1460
f 1457//1457 1461//1461 1462//1462
f 1457//1457 1462//1462 1458//1458
f 1463//1463 1464//1464 1465//1465
f 1463//1463 1465//1465 1466//1466
f 1467//1467 1468//1468 1469//1469
f 1467//1467 1469//1469 1470//1470
f 1471//1471 1472//1472 1473//1473
f 1471//1471 1473//1473 1474//1474
f 1471//1471 1474//1474 1475//1475
f 1471//1471 1475//1475 1476//1476
f 1471//1471 1476//1476 1477//1477
f 1471//1471 1477//1477 1472//1472
f 1478//1478 1479//1479 1480//1480
f 1478//1478 1480//1480 1481//1481
f 1478//1478 1481//1481 1482//1482
f 1478//1478 1482//1482 1483//1483
f 1478//1478 1483//1483 1484//1484
f 1478//1478 1484//1484 1479//1479
f 1462//1462 1485//1485 1482//1482
f 1462//1462 1482//1482 1481//1481
f 1462//1462 1461//1461 1486//1486
f 1462//1462 1486//1486 1485//1485
f 1462//1462 1481//1481 1480//1480
f 1462//1462 1480//1480 1487//1487
f 1488//1488 1489//1489 1454//1454
f 1488//1488 1454//1454 1456//1456
f 1488//1488 1490//1490 1491//1491
f 1488//1488 1491//1491 1489//1489
f 1488//1488 1492//1492 1493//1493
f 1488//1488 1493//1493 1490//1490
f 1494//1494 1495//1495 1496//1496
f 1494//1494 1496//1496 1497//1497
f 1494//1494 1497//1497 1498//1498
f 1494//1494 1498//1498 1499//1499
f 1494//1494 1499//1499 1500//1500
f 1494//1494 1500//1500 1495//1495
f 1501//1501 1502//1502 1503//1503
f 1501//1501 1503//1503 1504//1504
f 1505//1505 1506//1506 1507//1507
f 1505//1505 1507//1507 1508//1508
f 1509//1509 1510//1510 1506//1506
f 1509//1509 1506//1506 1505//1505
f 1511//1511 1509//1509 1505//1505
f 1511//1511 1505//1505 1512//1512
f 1513//1513 1514//1514 1515//1515
f 1513//1513 1515//1515 1516//1516
f 1513//1513 1516//1516 1517//1517
f 1513//1513 1517//1517 1518//1518
f 1513//1513 1518//1518 1519//1519
f 1513//1513 1519//1519 1514//1514
f 1520//1520 1521//1521 1522//1522
f 1520//1520 1522//1522 1523//1523
f 1524//1524 1525//1525 1521//1521
f 1524//1524 1521//1521 1520//1520
f 1520//1520 1523//1523 1486//1486
f 1520//1520 1486//1486 1524//1524
f 1526//1526 1527//1527 1528//1528
f 1526//1526 1528//1528 1529//1529
f 1528//1528 1527//1527 1530//1530
f 1528//1528 1530//1530 1531//1531
f 1528//1528 1532//1532 1522//1522
f 1528//1528 1522//1522 1529//1529
f 1532//1532 1528//1528 1514//1514
f 1532//1532 1514//1514 1519//1519
f 1532//1532 1519//1519 1523//1523
f 1532//1532 1523//1523 1522//1522
f 1528//1528 1531//1531 1515//1515
f 1528//1528 1515//1515 1514//1514
f 1531//1531 1533//1533 1534//1534
f 1531//1531 1534//1534 1515//1515
f 1531//1531 1530//1530 1535//1535
f 1531//1531 1535//1535 1533//1533
f 1535//1535 1536//1536 1537//1537
f 1535//1535 1537//1537 1533//1533
f 1535//1535 1530//1530 1538//1538
f 1535//1535 1538//1538 1539//1539
f 1535//1535 1539//1539 1493//1493
f 1535//1535 1493//1493 1536//1536
f 1539//1539 1538//1538 1540//1540
f 1539//1539 1540//1540 1541//1541
f 1539//1539 1541//1541 1490//1490
f 1539//1539 1490//1490 1493//1493
f 1541//1541 1540//1540 1542//1542
f 1541//1541 1542//1542 1543//1543
f 1541//1541 1543//1543 1491//1491
f 1541//1541 1491//1491 1490//1490
f 1543//1543 1542//1542 1544//1544
f 1543//1543 1544//1544 1545//1545
f 1543//1543 1545//1545 1546//1546
f 1543//1543 1546//1546 1491//1491
f 1546//1546 1547//1547 1489//1489
f 1546//1546 1489//1489 1491//1491
f 1546//1546 1545//1545 1548//1548
f 1546//1546 1548//1548 1549//1549
f 1546//1546 1549//1549 1550//1550
f 1546//1546 1550//1550 1547//1547
f 1550//1550 1443//1443 1455//1455
f 1550//1550 1455//1455 1547//1547
f 1550//1550 1549//1549 1551//1551
f 1550//1550 1551//1551 1552//1552
f 1550//1550 1552//1552 1444//1444
f 1550//1550 1444//1444 1443//1443
f 1552//1552 1551//1551 1553//1553
f 1552//1552 1553//1553 1554//1554
f 1552//1552 1554//1554 1555//1555
f 1552//1552 1555//1555 1444//1444
f 1555//1555 1556//1556 1440//1440
f 1555//1555 1440//1440 1444//1444
f 1555//1555 1554//1554 1557//1557
f 1555//1555 1557//1557 1558//1558
f 1555//1555 1558//1558 1559//1559
f 1555//1555 1559//1559 1556//1556
f 1559//1559 1560//1560 1451//1451
f 1559//1559 1451//1451 1556//1556
f 1559//1559 1558//1558 1448//1448
f 1559//1559 1448//1448 1561//1561
f 1559//1559 1561//1561 1562//1562
f 1559//1559 1562//1562 1560//1560
f 1562//1562 1563//1563 1564//1564
f 1562//1562 1564//1564 1560//1560
f 1562//1562 1561//1561 1565//1565
f 1562//1562 1565//1565 1566//1566
f 1562//1562 1566//1566 1567//1567
f 1562//1562 1567//1567 1563//1563
f 1567//1567 1473//1473 1472//1472
f 1567//1567 1472//1472 1563//1563
f 1567//1567 1566//1566 1487//1487
f 1567//1567 1487//1487 1480//1480
f 1567//1567 1480//1480 1479//1479
f 1567//1567 1479//1479 1473//1473
f 1566//1566 1565//1565 1568//1568
f 1566//1566 1568//1568 1487//1487
f 1568//1568 1565//1565 1447//1447
f 1568//1568 1447//1447 1569//1569
f 1568//1568 1569//1569 1459//1459
f 1568//1568 1459//1459 1458//1458
f 1568//1568 1458//1458 1462//1462
f 1568//1568 1462//1462 1487//1487
f 1569//1569 1447//1447 1446//1446
f 1569//1569 1446//1446 1570//1570
f 1569//1569 1570//1570 1571//1571
f 1569//1569 1571//1571 1459//1459
f 1571//1571 1570//1570 1572//1572
f 1571//1571 1572//1572 1573//1573
f 1571//1571 1573//1573 1574//1574
f 1571//1571 1574//1574 1575//1575
f 1571//1571 1575//1575 1460//1460
f 1571//1571 1460//1460 1459//1459
f 1575//1575 1574//1574 1466//1466
f 1575//1575 1466//1466 1465//1465
f 1575//1575 1465//1465 1576//1576
f 1575//1575 1576//1576 1460//1460
f 1576//1576 1524//1524 1486//1486
f 1576//1576 1486//1486 1461//1461
f 1576//1576 1461//1461 1457//1457
f 1576//1576 1457//1457 1460//1460
f 1576//1576 1465//1465 1464//1464
f 1576//1576 1464//1464 1524//1524
f 1574//1574 1573//1573 1577//1577
f 1574//1574 1577//1577 1578//1578
f 1574//1574 1578//1578 1579//1579
f 1574//1574 1579//1579 1466//1466
f 1579//1579 1578//1578 1580//1580
f 1579//1579 1580//1580 1470//1470
f 1579//1579 1470//1470 1469//1469
f 1579//1579 1469//1469 1581//1581
f 1579//1579 1581//1581 1463//1463
f 1579//1579 1463//1463 1466//1466
f 1581//1581 1469//1469 1582//1582
f 1581//1581 1582//1582 1583//1583
f 1581//1581 1583//1583 1464//1464
f 1581//1581 1464//1464 1463//1463
f 1583//1583 1582//1582 1584//1584
f 1583//1583 1584//1584 1525//1525
f 1583//1583 1525//1525 1524//1524
f 1583//1583 1524//1524 1464//1464
f 1584//1584 1585//1585 1586//1586
f 1584//1584 1586//1586 1587//1587
f 1584//1584 1587//1587 1521//1521
f 1584//1584 1521//1521 1525//1525
f 1584//1584 1582//1582 1588//1588
f 1584//1584 1588//1588 1585//1585
f 1588//1588 1589//1589 1590//1590
f 1588//1588 1590//1590 1585//1585
f 1588//1588 1582//1582 1469//1469
f 1588//1588 1469//1469 1468//1468
f 1588//1588 1468//1468 1591//1591
f 1588//1588 1591//1591 1589//1589
f 1591//1591 1544//1544 1542//1542
f 1591//1591 1542//1542 1589//1589
f 1591//1591 1468//1468 1467//1467
f 1591//1591 1467//1467 1592//1592
f 1591//1591 1592//1592 1593//1593
f 1591//1591 1593//1593 1544//1544
f 1593//1593 1548//1548 1545//1545
f 1593//1593 1545//1545 1544//1544
f 1593//1593 1592//1592 1580//1580
f 1593//1593 1580//1580 1594//1594
f 1593//1593 1594//1594 1595//1595
f 1593//1593 1595//1595 1548//1548
f 1595//1595 1551//1551 1549//1549
f 1595//1595 1549//1549 1548//1548
f 1595//1595 1594//1594 1577//1577
f 1595//1595 1577//1577 1596//1596
f 1595//1595 1596//1596 1553//1553
f 1595//1595 1553//1553 1551//1551
f 1596//1596 1577//1577 1573//1573
f 1596//1596 1573//1573 1572//1572
f 1596//1596 1572//1572 1597//1597
f 1596//1596 1597//1597 1553//1553
f 1597//1597 1557//1557 1554//1554
f 1597//1597 1554//1554 1553//1553
f 1597//1597 1572//1572 1570//1570
f 1597//1597 1570//1570 1446//1446
f 1597//1597 1446//1446 1445//1445
f 1597//1597 1445//1445 1557//1557
f 1594//1594 1580//1580 1578//1578
f 1594//1594 1578//1578 1577//1577
f 1592//1592 1467//1467 1470//1470
f 1592//1592 1470//1470 1580//1580
f 1590//1590 1540//1540 1538//1538
f 1590//1590 1538//1538 1598//1598
f 1590//1590 1598//1598 1586//1586
f 1590//1590 1586//1586 1585//1585
f 1590//1590 1589//1589 1542//1542
f 1590//1590 1542//1542 1540//1540
f 1598//1598 1538//1538 1530//1530
f 1598//1598 1530//1530 1527//1527
f 1598//1598 1527//1527 1526//1526
f 1598//1598 1526//1526 1586//1586
f 1587//1587 1586//1586 1526//1526
f 1587//1587 1526//1526 1529//1529
f 1587//1587 1529//1529 1522//1522
f 1587//1587 1522//1522 1521//1521
f 1565//1565 1561//1561 1448//1448
f 1565//1565 1448//1448 1447//1447
f 1564//1564 1477//1477 1496//1496
f 1564//1564 1496//1496 1449//1449
f 1564//1564 1449//1449 1451//1451
f 1564//1564 1451//1451 1560//1560
f 1564//1564 1563//1563 1472//1472
f 1564//1564 1472//1472 1477//1477
f 1558//1558 1557//1557 1445//1445
f 1558//1558 1445//1445 1448//1448
f 1556//1556 1451//1451 1441//1441
f 1556//1556 1441//1441 1440//1440
f 1547//1547 1455//1455 1454//1454
f 1547//1547 1454//1454 1489//1489
f 1537//1537 1503//1503 1599//1599
f 1537//1537 1599//1599 1600//1600
f 1537//1537 1600//1600 1534//1534
f 1537//1537 1534//1534 1533//1533
f 1537//1537 1536//1536 1504//1504
f 1537//1537 1504//1504 1503//1503
f 1600//1600 1599//1599 1509//1509
f 1600//1600 1509//1509 1511//1511
f 1600//1600 1511//1511 1512//1512
f 1600//1600 1512//1512 1534//1534
f 1599//1599 1503//1503 1502//1502
f 1599//1599 1502//1502 1601//1601
f 1599//1599 1601//1601 1510//1510
f 1599//1599 1510//1510 1509//1509
f 1601//1601 1502//1502 1602//1602
f 1601//1601 1602//1602 1500//1500
f 1601//1601 1500//1500 1499//1499
f 1601//1601 1499//1499 1510//1510
f 1602//1602 1502//1502 1501//1501
f 1602//1602 1501//1501 1603//1603
f 1602//1602 1603//1603 1453//1453
f 1602//1602 1453//1453 1452//1452
f 1602//1602 1452//1452 1495//1495
f 1602//1602 1495//1495 1500//1500
f 1603//1603 1501//1501 1504//1504
f 1603//1603 1504//1504 1492//1492
f 1603//1603 1492//1492 1488//1488
f 1603//1603 1488//1488 1453//1453
f 1536//1536 1493//1493 1492//1492
f 1536//1536 1492//1492 1504//1504
f 1534//1534 1512//1512 1516//1516
f 1534//1534 1516//1516 1515//1515
f 1523//1523 1519//1519 1518//1518
f 1523//1523 1518//1518 1604//1604
f 1523//1523 1604//1604 1485//1485
f 1523//1523 1485//1485 1486//1486
f 1604//1604 1518//1518 1517//1517
f 1604//1604 1517//1517 1605//1605
f 1604//1604 1605//1605 1482//1482
f 1604//1604 1482//1482 1485//1485
f 1605//1605 1517//1517 1505//1505
f 1605//1605 1505//1505 1508//1508
f 1605//1605 1508//1508 1483//1483
f 1605//1605 1483//1483 1482//1482
f 1517//1517 1516//1516 1512//1512
f 1517//1517 1512//1512 1505//1505
f 1510//1510 1499//1499 1498//1498
f 1510//1510 1498//1498 1506//1506
f 1508//1508 1507//1507 1484//1484
f 1508//1508 1484//1484 1483//1483
f 1507//1507 1506//1506 1498//1498
f 1507//1507 1498//1498 1475//1475
f 1507//1507 1475//1475 1474//1474
f 1507//1507 1474//1474 1484//1484
f 1498//1498 1497//1497 1476//1476
f 1498//1498 1476//1476 1475//1475
f 1497//1497 1496//1496 1477//1477
f 1497//1497 1477//1477 1476//1476
f 1496//1496 1495//1495 1452//1452
f 1496//1496 1452//1452 1449//1449
f 1488//1488 1456//1456 1450//1450
f 1488//1488 1450//1450 1453//1453
f 1484//1484 1474//1474 1473//1473
f 1484//1484 1473//1473 1479//1479
f 1456//1456 1442//1442 1441//1441
f 1456//1456 1441//1441 1450//1450
f 1455//1455 1443//1443 1439//1439
f 1455//1455 1439//1439 1442//1442
f 1606//1606 1607//1607 1608//1608
f 1606//1606 1608//1608 1609//1609
f 1606//1606 1610//1610 1611//1611
f 1606//1606 1611//1611 1607//1607
f 1608//1608 1612//1612 1613//1613
f 1608//1608 1613//1613 1609//1609
f 1614//1614 1615//1615 1616//1616
f 1614//1614 1616//1616 1617//1617
f 1614//1614 1617//1617 1618//1618
f 1614//1614 1618//1618 1619//1619
f 1614//1614 1619//1619 1620//1620
f 1614//1614 1620//1620 1615//1615
f 1621//1621 1622//1622 1623//1623
f 1621//1621 1623//1623 1624//1624
f 1621//1621 1624//1624 1625//1625
f 1621//1621 1625//1625 1626//1626
f 1621//1621 1626//1626 1627//1627
f 1621//1621 1627//1627 1622//1622
f 1628//1628 1629//1629 1630//1630
f 1628//1628 1630//1630 1631//1631
f 1628//1628 1620//1620 1632//1632
f 1628//1628 1632//1632 1629//1629
f 1628//1628 1631//1631 1615//1615
f 1628//1628 1615//1615 1620//1620
f 1633//1633 1634//1634 1635//1635
f 1633//1633 1635//1635 1636//1636
f 1637//1637 1638//1638 1639//1639
f 1637//1637 1639//1639 1640//1640
f 1637//1637 1640//1640 1641//1641
f 1637//1637 1641//1641 1642//1642
f 1637//1637 1642//1642 1643//1643
f 1637//1637 1643//1643 1644//1644
f 1645//1645 1646//1646 1647//1647
f 1645//1645 1647//1647 1648//1648
f 1645//1645 1649//1649 1650//1650
f 1645//1645 1650//1650 1646//1646
f 1651//1651 1652//1652 1631//1631
f 1651//1651 1631//1631 1630//1630
f 1653//1653 1654//1654 1652//1652
f 1653//1653 1652//1652 1651//1651
f 1644//1644 1643//1643 1655//1655
f 1644//1644 1655//1655 1656//1656
f 1657//1657 1658//1658 1659//1659
f 1657//1657 1659//1659 1660//1660
f 1658//1658 1661//1661 1662//1662
f 1658//1658 1662//1662 1659//1659
f 1658//1658 1657//1657 1663//1663
f 1658//1658 1663//1663 1661//1661
f 1663//1663 1664//1664 1665//1665
f 1663//1663 1665//1665 1661//1661
f 1663//1663 1657//1657 1660//1660
f 1663//1663 1660//1660 1666//1666
f 1663//1663 1666//1666 1667//1667
f 1663//1663 1667//1667 1664//1664
f 1667//1667 1668//1668 1669//1669
f 1667//1667 1669//1669 1664//1664
f 1667//1667 1666//1666 1634//1634
f 1667//1667 1634//1634 1670//1670
f 1667//1667 1670//1670 1671//1671
f 1667//1667 1671//1671 1668//1668
f 1671//1671 1672//1672 1638//1638
f 1671//1671 1638//1638 1668//1668
f 1671//1671 1670//1670 1673//1673
f 1671//1671 1673//1673 1674//1674
f 1671//1671 1674//1674 1675//1675
f 1671//1671 1675//1675 1672//1672
f 1675//1675 1676//1676 1677//1677
f 1675//1675 1677//1677 1672//1672
f 1675//1675 1674//1674 1678//1678
f 1675//1675 1678//1678 1679//1679
f 1675//1675 1679//1679 1627//1627
f 1675//1675 1627//1627 1676//1676
f 1679//1679 1678//1678 1650//1650
f 1679//1679 1650//1650 1680//1680
f 1679//1679 1680//1680 1622//1622
f 1679//1679 1622//1622 1627//1627
f 1680//1680 1650//1650 1649//1649
f 1680//1680 1649//1649 1681//1681
f 1680//1680 1681//1681 1623//1623
f 1680//1680 1623//1623 1622//1622
f 1681//1681 1649//1649 1682//1682
f 1681//1681 1682//1682 1683//1683
f 1681//1681 1683//1683 1651//1651
f 1681//1681 1651//1651 1623//1623
f 1683//1683 1682//1682 1684//1684
f 1683//1683 1684//1684 1685//1685
f 1683//1683 1685//1685 1653//1653
f 1683//1683 1653//1653 1651//1651
f 1685//1685 1684//1684 1686//1686
f 1685//1685 1686//1686 1655//1655
f 1685//1685 1655//1655 1643//1643
f 1685//1685 1643//1643 1653//1653
f 1686//1686 1684//1684 1687//1687
f 1686//1686 1687//1687 1662//1662
f 1686//1686 1662//1662 1661//1661
f 1686//1686 1661//1661 1665//1665
f 1686//1686 1665//1665 1656//1656
f 1686//1686 1656//1656 1655//1655
f 1687//1687 1684//1684 1682//1682
f 1687//1687 1682//1682 1648//1648
f 1687//1687 1648//1648 1647//1647
f 1687//1687 1647//1647 1688//1688
f 1687//1687 1688//1688 1659//1659
f 1687//1687 1659//1659 1662//1662
f 1688//1688 1647//1647 1636//1636
f 1688//1688 1636//1636 1635//1635
f 1688//1688 1635//1635 1660//1660
f 1688//1688 1660//1660 1659//1659
f 1682//1682 1649//1649 1645//1645
f 1682//1682 1645//1645 1648//1648
f 1678//1678 1674//1674 1673//1673
f 1678//1678 1673//1673 1689//1689
f 1678//1678 1689//1689 1646//1646
f 1678//1678 1646//1646 1650//1650
f 1689//1689 1673//1673 1633//1633
f 1689//1689 1633//1633 1636//1636
f 1689//1689 1636//1636 1647//1647
f 1689//1689 1647//1647 1646//1646
f 1677//1677 1690//1690 1611//1611
f 1677//1677 1611//1611 1639//1639
f 1677//1677 1639//1639 1638//1638
f 1677//1677 1638//1638 1672//1672
f 1677//1677 1676//1676 1691//1691
f 1677//1677 1691//1691 1690//1690
f 1691//1691 1692//1692 1693//1693
f 1691//1691 1693//1693 1690//1690
f 1691//1691 1676//1676 1627//1627
f 1691//1691 1627//1627 1626//1626
f 1691//1691 1626//1626 1625//1625
f 1691//1691 1625//1625 1692//1692
f 1692//1692 1632//1632 1694//1694
f 1692//1692 1694//1694 1693//1693
f 1692//1692 1625//1625 1629//1629
f 1692//1692 1629//1629 1632//1632
f 1690//1690 1693//1693 1607//1607
f 1690//1690 1607//1607 1611//1611
f 1673//1673 1670//1670 1634//1634
f 1673//1673 1634//1634 1633//1633
f 1669//1669 1637//1637 1644//1644
f 1669//1669 1644//1644 1656//1656
f 1669//1669 1656//1656 1665//1665
f 1669//1669 1665//1665 1664//1664
f 1669//1669 1668//1668 1638//1638
f 1669//1669 1638//1638 1637//1637
f 1666//1666 1660//1660 1635//1635
f 1666//1666 1635//1635 1634//1634
f 1654//1654 1695//1695 1616//1616
f 1654//1654 1616//1616 1652//1652
f 1654//1654 1653//1653 1643//1643
f 1654//1654 1643//1643 1642//1642
f 1654//1654 1642//1642 1641//1641
f 1654//1654 1641//1641 1695//1695
f 1695//1695 1696//1696 1617//1617
f 1695//1695 1617//1617 1616//1616
f 1695//1695 1641//1641 1697//1697
f 1695//1695 1697//1697 1696//1696
f 1651//1651 1630//1630 1624//1624
f 1651//1651 1624//1624 1623//1623
f 1652//1652 1616//1616 1615//1615
f 1652//1652 1615//1615 1631//1631
f 1641//1641 1640//1640 1610//1610
f 1641//1641 1610//1610 1697//1697
f 1640//1640 1639//1639 1611//1611
f 1640//1640 1611//1611 1610//1610
f 1632//1632 1620//1620 1619//1619
f 1632//1632 1619//1619 1694//1694
f 1630//1630 1629//1629 1625//1625
f 1630//1630 1625//1625 1624//1624
f 1619//1619 1618//1618 1698//1698
f 1619//1619 1698//1698 1694//1694
f 1618//1618 1617//1617 1696//1696
f 1618//1618 1696//1696 1613//1613
f 1618//1618 1613//1613 1612//1612
f 1618//1618 1612//1612 1698//1698
f 1697//1697 1610//1610 1606//1606
f 1697//1697 1606//1606 1609//1609
f 1697//1697 1609//1609 1613//1613
f 1697//1697 1613//1613 1696//1696
f 1698//1698 1612//1612 1608//1608
f 1698//1698 1608//1608 1607//1607
f 1693//1693 1694//1694 1698//1698
f 1693//1693 1698//1698 1607//1607
f 1699//1699 1700//1700 1701//1701
f 1699//1699 1701//1701 1702//1702
f 1699//1699 1702//1702 1703//1703
f 1699//1699 1703//1703 1704//1704
f 1699//1699 1704//1704 1705//1705
f 1699//1699 1705//1705 1700//1700
f 1706//1706 1703//1703 1702//1702
f 1706//1706 1702//1702 1707//1707
f 1706//1706 1708//1708 1709//1709
f 1706//1706 1709//1709 1703//1703
f 1706//1706 1707//1707 1710//1710
f 1706//1706 1710//1710 1708//1708
f 1711//1711 1712//1712 1700//1700
f 1711//1711 1700//1700 1705//1705
f 1711//1711 1713//1713 1714//1714
f 1711//1711 1714//1714 1715//1715
f 1711//1711 1705//1705 1716//1716
f 1711//1711 1716//1716 1713//1713
f 1717//1717 1716//1716 1705//1705
f 1717//1717 1705//1705 1704//1704
f 1717//1717 1709//1709 1718//1718
f 1717//1717 1718//1718 1716//1716
f 1717//1717 1704//1704 1703//1703
f 1717//1717 1703//1703 1709//1709
f 1719//1719 1720//1720 1721//1721
f 1719//1719 1721//1721 1722//1722
f 1719//1719 1723//1723 1724//1724
f 1719//1719 1724//1724 1720//1720
f 1719//1719 1722//1722 1725//1725
f 1719//1719 1725//1725 1723//1723
f 1722//1722 1721//1721 1726//1726
f 1722//1722 1726//1726 1725//1725
f 1727//1727 1713//1713 1716//1716
f 1727//1727 1716//1716 1718//1718
f 1727//1727 1728//1728 1714//1714
f 1727//1727 1714//1714 1713//1713
f 1727//1727 1718//1718 1729//1729
f 1727//1727 1729//1729 1730//1730
f 1730//1730 1729//1729 1731//1731
f 1730//1730 1731//1731 1732//1732
f 1730//1730 1732//1732 1733//1733
f 1730//1730 1733//1733 1727//1727
f 1734//1734 1735//1735 1736//1736
f 1734//1734 1736//1736 1737//1737
f 1734//1734 1738//1738 1739//1739
f 1734//1734 1739//1739 1735//1735
f 1737//1737 1736//1736 1740//1740
f 1737//1737 1740//1740 1741//1741
f 1741//1741 1742//1742 1743//1743
f 1741//1741 1743//1743 1744//1744
f 1741//1741 1740//1740 1745//1745
f 1741//1741 1745//1745 1742//1742
f 1740//1740 1736//1736 1746//1746
f 1740//1740 1746//1746 1745//1745
f 1742//1742 1745//1745 1747//1747
f 1742//1742 1747//1747 1748//1748
f 1742//1742 1748//1748 1749//1749
f 1742//1742 1749//1749 1750//1750
f 1751//1751 1752//1752 1753//1753
f 1751//1751 1753//1753 1754//1754
f 1751//1751 1754//1754 1755//1755
f 1751//1751 1755//1755 1756//1756
f 1751//1751 1756//1756 1757//1757
f 1751//1751 1757//1757 1752//1752
f 1758//1758 1759//1759 1760//1760
f 1758//1758 1760//1760 1761//1761
f 1758//1758 1762//1762 1763//1763
f 1758//1758 1763//1763 1759//1759
f 1764//1764 1746//1746 1763//1763
f 1764//1764 1763//1763 1762//1762
f 1764//1764 1762//1762 1765//1765
f 1764//1764 1765//1765 1747//1747
f 1766//1766 1757//1757 1756//1756
f 1766//1766 1756//1756 1767//1767
f 1766//1766 1768//1768 1769//1769
f 1766//1766 1769//1769 1757//1757
f 1766//1766 1767//1767 1770//1770
f 1766//1766 1770//1770 1768//1768
f 1755//1755 1754//1754 1771//1771
f 1755//1755 1771//1771 1772//1772
f 1755//1755 1773//1773 1767//1767
f 1755//1755 1767//1767 1756//1756
f 1774//1774 1770//1770 1767//1767
f 1774//1774 1767//1767 1773//1773
f 1774//1774 1775//1775 1761//1761
f 1774//1774 1761//1761 1770//1770
f 1774//1774 1773//1773 1776//1776
f 1774//1774 1776//1776 1775//1775
f 1765//1765 1777//1777 1748//1748
f 1765//1765 1748//1748 1747//1747
f 1765//1765 1776//1776 1773//1773
f 1765//1765 1773//1773 1755//1755
f 1777//1777 1765//1765 1755//1755
f 1777//1777 1755//1755 1772//1772
f 1777//1777 1772//1772 1778//1778
f 1777//1777 1778//1778 1779//1779
f 1777//1777 1779//1779 1749//1749
f 1777//1777 1749//1749 1748//1748
f 1779//1779 1778//1778 1780//1780
f 1779//1779 1780//1780 1781//1781
f 1779//1779 1781//1781 1782//1782
f 1779//1779 1782//1782 1749//1749
f 1782//1782 1783//1783 1750//1750
f 1782//1782 1750//1750 1749//1749
f 1782//1782 1781//1781 1784//1784
f 1782//1782 1784//1784 1785//1785
f 1782//1782 1785//1785 1786//1786
f 1782//1782 1786//1786 1783//1783
f 1786//1786 1787//1787 1788//1788
f 1786//1786 1788//1788 1783//1783
f 1786//1786 1785//1785 1789//1789
f 1786//1786 1789//1789 1790//1790
f 1786//1786 1790//1790 1791//1791
f 1786//1786 1791//1791 1787//1787
f 1791//1791 1792//1792 1793//1793
f 1791//1791 1793//1793 1787//1787
f 1791//1791 1790//1790 1794//1794
f 1791//1791 1794//1794 1795//1795
f 1791//1791 1795//1795 1796//1796
f 1791//1791 1796//1796 1792//1792
f 1796//1796 1797//1797 1798//1798
f 1796//1796 1798//1798 1792//1792
f 1796//1796 1795//1795 1799//1799
f 1796//1796 1799//1799 1800//1800
f 1796//1796 1800//1800 1801//1801
f 1796//1796 1801//1801 1797//1797
f 1801//1801 1802//1802 1803//1803
f 1801//1801 1803//1803 1797//1797
f 1801//1801 1800//1800 1804//1804
f 1801//1801 1804//1804 1805//1805
f 1801//1801 1805//1805 1806//1806
f 1801//1801 1806//1806 1802//1802
f 1806//1806 1807//1807 1808//1808
f 1806//1806 1808//1808 1802//1802
f 1806//1806 1805//1805 1809//1809
f 1806//1806 1809//1809 1810//1810
f 1806//1806 1810//1810 1811//1811
f 1806//1806 1811//1811 1807//1807
f 1811//1811 1812//1812 1813//1813
f 1811//1811 1813//1813 1807//1807
f 1811//1811 1810//1810 1814//1814
f 1811//1811 1814//1814 1815//1815
f 1811//1811 1815//1815 1816//1816
f 1811//1811 1816//1816 1812//1812
f 1816//1816 1817//1817 1818//1818
f 1816//1816 1818//1818 1812//1812
f 1816//1816 1815//1815 1819//1819
f 1816//1816 1819//1819 1820//1820
f 1816//1816 1820//1820 1821//1821
f 1816//1816 1821//1821 1817//1817
f 1821//1821 1822//1822 1823//1823
f 1821//1821 1823//1823 1817//1817
f 1821//1821 1820//1820 1824//1824
f 1821//1821 1824//1824 1825//1825
f 1821//1821 1825//1825 1826//1826
f 1821//1821 1826//1826 1822//1822
f 1826//1826 1827//1827 1828//1828
f 1826//1826 1828//1828 1822//1822
f 1826//1826 1825//1825 1829//1829
f 1826//1826 1829//1829 1830//1830
f 1826//1826 1830//1830 1831//1831
f 1826//1826 1831//1831 1827//1827
f 1831//1831 1832//1832 1833//1833
f 1831//1831 1833//1833 1827//1827
f 1831//1831 1830//1830 1834//1834
f 1831//1831 1834//1834 1835//1835
f 1831//1831 1835//1835 1715//1715
f 1831//1831 1715//1715 1832//1832
f 1835//1835 1834//1834 1836//1836
f 1835//1835 1836//1836 1837//1837
f 1835//1835 1837//1837 1711//1711
f 1835//1835 1711//1711 1715//1715
f 1837//1837 1836//1836 1838//1838
f 1837//1837 1838//1838 1839//1839
f 1837//1837 1839//1839 1712//1712
f 1837//1837 1712//1712 1711//1711
f 1839//1839 1838//1838 1721//1721
f 1839//1839 1721//1721 1720//1720
f 1839//1839 1720//1720 1724//1724
f 1839//1839 1724//1724 1712//1712
f 1838//1838 1836//1836 1840//1840
f 1838//1838 1840//1840 1841//1841
f 1838//1838 1841//1841 1726//1726
f 1838//1838 1726//1726 1721//1721
f 1841//1841 1840//1840 1842//1842
f 1841//1841 1842//1842 1843//1843
f 1841//1841 1843//1843 1844//1844
f 1841//1841 1844//1844 1726//1726
f 1844//1844 1843//1843 1732//1732
f 1844//1844 1732//1732 1731//1731
f 1844//1844 1731//1731 1710//1710
f 1844//1844 1710//1710 1845//1845
f 1844//1844 1845//1845 1725//1725
f 1844//1844 1725//1725 1726//1726
f 1845//1845 1710//1710 1707//1707
f 1845//1845 1707//1707 1846//1846
f 1845//1845 1846//1846 1723//1723
f 1845//1845 1723//1723 1725//1725
f 1846//1846 1707//1707 1702//1702
f 1846//1846 1702//1702 1701//1701
f 1846//1846 1701//1701 1724//1724
f 1846//1846 1724//1724 1723//1723
f 1843//1843 1842//1842 1733//1733
f 1843//1843 1733//1733 1732//1732
f 1842//1842 1840//1840 1847//1847
f 1842//1842 1847//1847 1848//1848
f 1842//1842 1848//1848 1849//1849
f 1842//1842 1849//1849 1733//1733
f 1849//1849 1848//1848 1850//1850
f 1849//1849 1850//1850 1851//1851
f 1849//1849 1851//1851 1852//1852
f 1849//1849 1852//1852 1728//1728
f 1849//1849 1728//1728 1727//1727
f 1849//1849 1727//1727 1733//1733
f 1852//1852 1851//1851 1853//1853
f 1852//1852 1853//1853 1854//1854
f 1852//1852 1854//1854 1855//1855
f 1852//1852 1855//1855 1856//1856
f 1852//1852 1856//1856 1714//1714
f 1852//1852 1714//1714 1728//1728
f 1856//1856 1855//1855 1833//1833
f 1856//1856 1833//1833 1832//1832
f 1856//1856 1832//1832 1715//1715
f 1856//1856 1715//1715 1714//1714
f 1855//1855 1854//1854 1857//1857
f 1855//1855 1857//1857 1858//1858
f 1855//1855 1858//1858 1859//1859
f 1855//1855 1859//1859 1833//1833
f 1859//1859 1858//1858 1860//1860
f 1859//1859 1860//1860 1861//1861
f 1859//1859 1861//1861 1862//1862
f 1859//1859 1862//1862 1828//1828
f 1859//1859 1828//1828 1827//1827
f 1859//1859 1827//1827 1833//1833
f 1862//1862 1861//1861 1863//1863
f 1862//1862 1863//1863 1864//1864
f 1862//1862 1864//1864 1865//1865
f 1862//1862 1865//1865 1823//1823
f 1862//1862 1823//1823 1822//1822
f 1862//1862 1822//1822 1828//1828
f 1865//1865 1864//1864 1866//1866
f 1865//1865 1866//1866 1867//1867
f 1865//1865 1867//1867 1868//1868
f 1865//1865 1868//1868 1818//1818
f 1865//1865 1818//1818 1817//1817
f 1865//1865 1817//1817 1823//1823
f 1868//1868 1867//1867 1869//1869
f 1868//1868 1869//1869 1870//1870
f 1868//1868 1870//1870 1871//1871
f 1868//1868 1871//1871 1813//1813
f 1868//1868 1813//1813 1812//1812
f 1868//1868 1812//1812 1818//1818
f 1871//1871 1870//1870 1872//1872
f 1871//1871 1872//1872 1873//1873
f 1871//1871 1873//1873 1874//1874
f 1871//1871 1874//1874 1808//1808
f 1871//1871 1808//1808 1807//1807
f 1871//1871 1807//1807 1813//1813
f 1874//1874 1873//1873 1875//1875
f 1874//1874 1875//1875 1876//1876
f 1874//1874 1876//1876 1877//1877
f 1874//1874 1877//1877 1803//1803
f 1874//1874 1803//1803 1802//1802
f 1874//1874 1802//1802 1808//1808
f 1877//1877 1876//1876 1878//1878
f 1877//1877 1878//1878 1879//1879
f 1877//1877 1879//1879 1880//1880
f 1877//1877 1880//1880 1798//1798
f 1877//1877 1798//1798 1797//1797
f 1877//1877 1797//1797 1803//1803
f 1880//1880 1879//1879 1881//1881
f 1880//1880 1881//1881 1882//1882
f 1880//1880 1882//1882 1883//1883
f 1880//1880 1883//1883 1793//1793
f 1880//1880 1793//1793 1792//1792
f 1880//1880 1792//1792 1798//1798
f 1883//1883 1882//1882 1884//1884
f 1883//1883 1884//1884 1885//1885
f 1883//1883 1885//1885 1886//1886
f 1883//1883 1886//1886 1788//1788
f 1883//1883 1788//1788 1787//1787
f 1883//1883 1787//1787 1793//1793
f 1886//1886 1885//1885 1887//1887
f 1886//1886 1887//1887 1743//1743
f 1886//1886 1743//1743 1742//1742
f 1886//1886 1742//1742 1750//1750
f 1886//1886 1750//1750 1783//1783
f 1886//1886 1783//1783 1788//1788
f 1887//1887 1888//1888 1753//1753
f 1887//1887 1753//1753 1889//1889
f 1887//1887 1889//1889 1744//1744
f 1887//1887 1744//1744 1743//1743
f 1887//1887 1885//1885 1884//1884
f 1887//1887 1884//1884 1888//1888
f 1889//1889 1753//1753 1752//1752
f 1889//1889 1752//1752 1890//1890
f 1889//1889 1890//1890 1891//1891
f 1889//1889 1891//1891 1744//1744
f 1890//1890 1752//1752 1757//1757
f 1890//1890 1757//1757 1769//1769
f 1890//1890 1769//1769 1892//1892
f 1890//1890 1892//1892 1891//1891
f 1892//1892 1769//1769 1768//1768
f 1892//1892 1768//1768 1760//1760
f 1892//1892 1760//1760 1759//1759
f 1892//1892 1759//1759 1739//1739
f 1892//1892 1739//1739 1738//1738
f 1892//1892 1738//1738 1891//1891
f 1888//1888 1771//1771 1754//1754
f 1888//1888 1754//1754 1753//1753
f 1888//1888 1884//1884 1893//1893
f 1888//1888 1893//1893 1771//1771
f 1893//1893 1778//1778 1772//1772
f 1893//1893 1772//1772 1771//1771
f 1893//1893 1884//1884 1882//1882
f 1893//1893 1882//1882 1881//1881
f 1893//1893 1881//1881 1780//1780
f 1893//1893 1780//1780 1778//1778
f 1881//1881 1879//1879 1878//1878
f 1881//1881 1878//1878 1780//1780
f 1878//1878 1784//1784 1781//1781
f 1878//1878 1781//1781 1780//1780
f 1878//1878 1876//1876 1875//1875
f 1878//1878 1875//1875 1784//1784
f 1875//1875 1789//1789 1785//1785
f 1875//1875 1785//1785 1784//1784
f 1875//1875 1873//1873 1872//1872
f 1875//1875 1872//1872 1789//1789
f 1872//1872 1794//1794 1790//1790
f 1872//1872 1790//1790 1789//1789
f 1872//1872 1870//1870 1869//1869
f 1872//1872 1869//1869 1794//1794
f 1869//1869 1799//1799 1795//1795
f 1869//1869 1795//1795 1794//1794
f 1869//1869 1867//1867 1866//1866
f 1869//1869 1866//1866 1799//1799
f 1866//1866 1804//1804 1800//1800
f 1866//1866 1800//1800 1799//1799
f 1866//1866 1864//1864 1863//1863
f 1866//1866 1863//1863 1804//1804
f 1863//1863 1809//1809 1805//1805
f 1863//1863 1805//1805 1804//1804
f 1863//1863 1861//1861 1860//1860
f 1863//1863 1860//1860 1809//1809
f 1860//1860 1814//1814 1810//1810
f 1860//1860 1810//1810 1809//1809
f 1860//1860 1858//1858 1857//1857
f 1860//1860 1857//1857 1814//1814
f 1857//1857 1819//1819 1815//1815
f 1857//1857 1815//1815 1814//1814
f 1857//1857 1854//1854 1853//1853
f 1857//1857 1853//1853 1819//1819
f 1853//1853 1824//1824 1820//1820
f 1853//1853 1820//1820 1819//1819
f 1853//1853 1851//1851 1850//1850
f 1853//1853 1850//1850 1824//1824
f 1850//1850 1829//1829 1825//1825
f 1850//1850 1825//1825 1824//1824
f 1850//1850 1848//1848 1847//1847
f 1850//1850 1847//1847 1829//1829
f 1847//1847 1834//1834 1830//1830
f 1847//1847 1830//1830 1829//1829
f 1847//1847 1840//1840 1836//1836
f 1847//1847 1836//1836 1834//1834
f 1770//1770 1761//1761 1760//1760
f 1770//1770 1760//1760 1768//1768
f 1764//1764 1747//1747 1745//1745
f 1764//1764 1745//1745 1746//1746
f 1765//1765 1762//1762 1758//1758
f 1765//1765 1758//1758 1761//1761
f 1776//1776 1765//1765 1761//1761
f 1776//1776 1761//1761 1775//1775
f 1763//1763 1746//1746 1736//1736
f 1763//1763 1736//1736 1735//1735
f 1763//1763 1735//1735 1739//1739
f 1763//1763 1739//1739 1759//1759
f 1738//1738 1734//1734 1737//1737
f 1738//1738 1737//1737 1741//1741
f 1738//1738 1741//1741 1744//1744
f 1738//1738 1744//1744 1891//1891
f 1731//1731 1729//1729 1708//1708
f 1731//1731 1708//1708 1710//1710
f 1729//1729 1718//1718 1709//1709
f 1729//1729 1709//1709 1708//1708
f 1724//1724 1701//1701 1700//1700
f 1724//1724 1700//1700 1712//1712
f 1894//1894 1895//1895 1896//1896
f 1894//1894 1896//1896 1897//1897
f 1894//1894 1898//1898 1899//1899
f 1894//1894 1899//1899 1895//1895
f 1898//1898 1894//1894 1897//1897
f 1898//1898 1897//1897 1900//1900
f 1898//1898 1900//1900 1901//1901
f 1898//1898 1901//1901 1902//1902
f 1898//1898 1902//1902 1903//1903
f 1898//1898 1903//1903 1904//1904
f 1905//1905 1897//1897 1896//1896
f 1905//1905 1896//1896 1906//1906
f 1905//1905 1907//1907 1900//1900
f 1905//1905 1900//1900 1897//1897
f 1905//1905 1906//1906 1908//1908
f 1905//1905 1908//1908 1907//1907
f 1909//1909 1910//1910 1911//1911
f 1909//1909 1911//1911 1912//1912
f 1909//1909 1912//1912 1913//1913
f 1909//1909 1913//1913 1914//1914
f 1909//1909 1914//1914 1915//1915
f 1909//1909 1915//1915 1910//1910
f 1916//1916 1917//1917 1918//1918
f 1916//1916 1918//1918 1919//1919
f 1914//1914 1913//1913 1920//1920
f 1914//1914 1920//1920 1915//1915
f 1921//1921 1918//1918 1922//1922
f 1921//1921 1922//1922 1923//1923
f 1921//1921 1923//1923 1924//1924
f 1921//1921 1924//1924 1925//1925
f 1921//1921 1925//1925 1919//1919
f 1921//1921 1919//1919 1918//1918
f 1907//1907 1908//1908 1926//1926
f 1907//1907 1926//1926 1927//1927
f 1907//1907 1928//1928 1901//1901
f 1907//1907 1901//1901 1900//1900
f 1907//1907 1927//1927 1929//1929
f 1907//1907 1929//1929 1928//1928
f 1930//1930 1931//1931 1932//1932
f 1930//1930 1932//1932 1933//1933
f 1930//1930 1933//1933 1934//1934
f 1930//1930 1934//1934 1935//1935
f 1930//1930 1935//1935 1936//1936
f 1930//1930 1936//1936 1931//1931
f 1934//1934 1937//1937 1938//1938
f 1934//1934 1938//1938 1935//1935
f 1939//1939 1940//1940 1941//1941
f 1939//1939 1941//1941 1942//1942
f 1939//1939 1942//1942 1943//1943
f 1939//1939 1943//1943 1944//1944
f 1939//1939 1944//1944 1945//1945
f 1939//1939 1945//1945 1940//1940
f 1946//1946 1947//1947 1948//1948
f 1946//1946 1948//1948 1949//1949
f 1950//1950 1951//1951 1947//1947
f 1950//1950 1947//1947 1946//1946
f 1946//1946 1949//1949 1952//1952
f 1946//1946 1952//1952 1950//1950
f 1953//1953 1954//1954 1955//1955
f 1953//1953 1955//1955 1956//1956
f 1957//1957 1958//1958 1954//1954
f 1957//1957 1954//1954 1953//1953
f 1953//1953 1956//1956 1937//1937
f 1953//1953 1937//1937 1957//1957
f 1949//1949 1958//1958 1957//1957
f 1949//1949 1957//1957 1952//1952
f 1949//1949 1948//1948 1959//1959
f 1949//1949 1959//1959 1958//1958
f 1954//1954 1958//1958 1959//1959
f 1954//1954 1959//1959 1955//1955
f 1942//1942 1960//1960 1961//1961
f 1942//1942 1961//1961 1962//1962
f 1941//1941 1938//1938 1960//1960
f 1941//1941 1960//1960 1942//1942
f 1961//1961 1960//1960 1956//1956
f 1961//1961 1956//1956 1963//1963
f 1961//1961 1963//1963 1964//1964
f 1961//1961 1964//1964 1962//1962
f 1959//1959 1948//1948 1947//1947
f 1959//1959 1947//1947 1955//1955
f 1947//1947 1963//1963 1956//1956
f 1947//1947 1956//1956 1955//1955
f 1947//1947 1951//1951 1964//1964
f 1947//1947 1964//1964 1963//1963
f 1964//1964 1965//1965 1966//1966
f 1964//1964 1966//1966 1962//1962
f 1964//1964 1951//1951 1967//1967
f 1964//1964 1967//1967 1965//1965
f 1967//1967 1968//1968 1969//1969
f 1967//1967 1969//1969 1965//1965
f 1967//1967 1951//1951 1950//1950
f 1967//1967 1950//1950 1970//1970
f 1967//1967 1970//1970 1971//1971
f 1967//1967 1971//1971 1968//1968
f 1971//1971 1972//1972 1973//1973
f 1971//1971 1973//1973 1968//1968
f 1971//1971 1970//1970 1974//1974
f 1971//1971 1974//1974 1975//1975
f 1971//1971 1975//1975 1976//1976
f 1971//1971 1976//1976 1972//1972
f 1976//1976 1977//1977 1978//1978
f 1976//1976 1978//1978 1972//1972
f 1976//1976 1975//1975 1979//1979
f 1976//1976 1979//1979 1980//1980
f 1976//1976 1980//1980 1981//1981
f 1976//1976 1981//1981 1977//1977
f 1981//1981 1982//1982 1983//1983
f 1981//1981 1983//1983 1977//1977
f 1981//1981 1980//1980 1984//1984
f 1981//1981 1984//1984 1985//1985
f 1981//1981 1985//1985 1986//1986
f 1981//1981 1986//1986 1982//1982
f 1986//1986 1987//1987 1988//1988
f 1986//1986 1988//1988 1982//1982
f 1986//1986 1985//1985 1989//1989
f 1986//1986 1989//1989 1990//1990
f 1986//1986 1990//1990 1991//1991
f 1986//1986 1991//1991 1987//1987
f 1991//1991 1992//1992 1993//1993
f 1991//1991 1993//1993 1987//1987
f 1991//1991 1990//1990 1994//1994
f 1991//1991 1994//1994 1995//1995
f 1991//1991 1995//1995 1996//1996
f 1991//1991 1996//1996 1992//1992
f 1996//1996 1997//1997 1998//1998
f 1996//1996 1998//1998 1992//1992
f 1996//1996 1995//1995 1999//1999
f 1996//1996 1999//1999 2000//2000
f 1996//1996 2000//2000 2001//2001
f 1996//1996 2001//2001 1997//1997
f 2001//2001 2002//2002 2003//2003
f 2001//2001 2003//2003 1997//1997
f 2001//2001 2000//2000 2004//2004
f 2001//2001 2004//2004 2005//2005
f 2001//2001 2005//2005 2006//2006
f 2001//2001 2006//2006 2002//2002
f 2006//2006 2007//2007 2008//2008
f 2006//2006 2008//2008 2002//2002
f 2006//2006 2005//2005 2009//2009
f 2006//2006 2009//2009 2010//2010
f 2006//2006 2010//2010 2011//2011
f 2006//2006 2011//2011 2007//2007
f 2011//2011 2012//2012 2013//2013
f 2011//2011 2013//2013 2007//2007
f 2011//2011 2010//2010 2014//2014
f 2011//2011 2014//2014 2015//2015
f 2011//2011 2015//2015 2016//2016
f 2011//2011 2016//2016 2012//2012
f 2016//2016 2017//2017 2018//2018
f 2016//2016 2018//2018 2012//2012
f 2016//2016 2015//2015 2019//2019
f 2016//2016 2019//2019 2020//2020
f 2016//2016 2020//2020 2021//2021
f 2016//2016 2021//2021 2017//2017
f 2021//2021 1928//1928 1929//1929
f 2021//2021 1929//1929 2017//2017
f 2021//2021 2020//2020 2022//2022
f 2021//2021 2022//2022 2023//2023
f 2021//2021 2023//2023 1901//1901
f 2021//2021 1901//1901 1928//1928
f 2023//2023 2022//2022 2024//2024
f 2023//2023 2024//2024 2025//2025
f 2023//2023 2025//2025 1902//1902
f 2023//2023 1902//1902 1901//1901
f 2025//2025 2024//2024 2026//2026
f 2025//2025 2026//2026 2027//2027
f 2025//2025 2027//2027 1903//1903
f 2025//2025 1903//1903 1902//1902
f 2027//2027 2026//2026 2028//2028
f 2027//2027 2028//2028 2029//2029
f 2027//2027 2029//2029 2030//2030
f 2027//2027 2030//2030 1903//1903
f 2030//2030 2031//2031 1904//1904
f 2030//2030 1904//1904 1903//1903
f 2030//2030 2029//2029 2032//2032
f 2030//2030 2032//2032 2033//2033
f 2030//2030 2033//2033 2034//2034
f 2030//2030 2034//2034 2031//2031
f 2034//2034 1923//1923 1922//1922
f 2034//2034 1922//1922 2031//2031
f 2034//2034 2033//2033 2035//2035
f 2034//2034 2035//2035 2036//2036
f 2034//2034 2036//2036 1924//1924
f 2034//2034 1924//1924 1923//1923
f 2036//2036 2035//2035 2037//2037
f 2036//2036 2037//2037 2038//2038
f 2036//2036 2038//2038 2039//2039
f 2036//2036 2039//2039 1924//1924
f 2039//2039 2040//2040 1925//1925
f 2039//2039 1925//1925 1924//1924
f 2039//2039 2038//2038 2041//2041
f 2039//2039 2041//2041 2042//2042
f 2039//2039 2042//2042 2043//2043
f 2039//2039 2043//2043 2040//2040
f 2043//2043 2044//2044 2045//2045
f 2043//2043 2045//2045 2040//2040
f 2043//2043 2042//2042 1926//1926
f 2043//2043 1926//1926 1920//1920
f 2043//2043 1920//1920 1913//1913
f 2043//2043 1913//1913 2044//2044
f 2045//2045 2046//2046 1916//1916
f 2045//2045 1916//1916 1919//1919
f 2045//2045 1919//1919 1925//1925
f 2045//2045 1925//1925 2040//2040
f 2045//2045 2044//2044 2047//2047
f 2045//2045 2047//2047 2046//2046
f 2047//2047 2044//2044 1913//1913
f 2047//2047 1913//1913 1912//1912
f 2047//2047 1912//1912 1911//1911
f 2047//2047 1911//1911 2048//2048
f 2047//2047 2048//2048 2049//2049
f 2047//2047 2049//2049 2046//2046
f 2049//2049 2048//2048 1895//1895
f 2049//2049 1895//1895 1899//1899
f 2049//2049 1899//1899 2050//2050
f 2049//2049 2050//2050 1917//1917
f 2049//2049 1917//1917 1916//1916
f 2049//2049 1916//1916 2046//2046
f 2050//2050 1899//1899 1898//1898
f 2050//2050 1898//1898 1904//1904
f 2050//2050 1904//1904 2031//2031
f 2050//2050 2031//2031 1922//1922
f 2050//2050 1922//1922 1918//1918
f 2050//2050 1918//1918 1917//1917
f 2048//2048 1911//1911 1896//1896
f 2048//2048 1896//1896 1895//1895
f 2042//2042 2041//2041 1927//1927
f 2042//2042 1927//1927 1926//1926
f 2041//2041 2038//2038 2037//2037
f 2041//2041 2037//2037 2051//2051
f 2041//2041 2051//2051 1929//1929
f 2041//2041 1929//1929 1927//1927
f 2051//2051 2037//2037 2052//2052
f 2051//2051 2052//2052 2018//2018
f 2051//2051 2018//2018 2017//2017
f 2051//2051 2017//2017 1929//1929
f 2052//2052 2037//2037 2035//2035
f 2052//2052 2035//2035 2053//2053
f 2052//2052 2053//2053 2054//2054
f 2052//2052 2054//2054 2013//2013
f 2052//2052 2013//2013 2012//2012
f 2052//2052 2012//2012 2018//2018
f 2054//2054 2053//2053 2032//2032
f 2054//2054 2032//2032 2055//2055
f 2054//2054 2055//2055 2056//2056
f 2054//2054 2056//2056 2008//2008
f 2054//2054 2008//2008 2007//2007
f 2054//2054 2007//2007 2013//2013
f 2056//2056 2055//2055 2028//2028
f 2056//2056 2028//2028 2057//2057
f 2056//2056 2057//2057 2058//2058
f 2056//2056 2058//2058 2003//2003
f 2056//2056 2003//2003 2002//2002
f 2056//2056 2002//2002 2008//2008
f 2058//2058 2057//2057 2059//2059
f 2058//2058 2059//2059 2060//2060
f 2058//2058 2060//2060 2061//2061
f 2058//2058 2061//2061 1998//1998
f 2058//2058 1998//1998 1997//1997
f 2058//2058 1997//1997 2003//2003
f 2061//2061 2060//2060 2062//2062
f 2061//2061 2062//2062 2063//2063
f 2061//2061 2063//2063 2064//2064
f 2061//2061 2064//2064 1993//1993
f 2061//2061 1993//1993 1992//1992
f 2061//2061 1992//1992 1998//1998
f 2064//2064 2063//2063 2065//2065
f 2064//2064 2065//2065 2066//2066
f 2064//2064 2066//2066 2067//2067
f 2064//2064 2067//2067 1988//1988
f 2064//2064 1988//1988 1987//1987
f 2064//2064 1987//1987 1993//1993
f 2067//2067 2066//2066 2068//2068
f 2067//2067 2068//2068 2069//2069
f 2067//2067 2069//2069 2070//2070
f 2067//2067 2070//2070 1983//1983
f 2067//2067 1983//1983 1982//1982
f 2067//2067 1982//1982 1988//1988
f 2070//2070 2069//2069 2071//2071
f 2070//2070 2071//2071 2072//2072
f 2070//2070 2072//2072 2073//2073
f 2070//2070 2073//2073 1978//1978
f 2070//2070 1978//1978 1977//1977
f 2070//2070 1977//1977 1983//1983
f 2073//2073 2072//2072 2074//2074
f 2073//2073 2074//2074 2075//2075
f 2073//2073 2075//2075 2076//2076
f 2073//2073 2076//2076 1973//1973
f 2073//2073 1973//1973 1972//1972
f 2073//2073 1972//1972 1978//1978
f 2076//2076 2075//2075 2077//2077
f 2076//2076 2077//2077 2078//2078
f 2076//2076 2078//2078 2079//2079
f 2076//2076 2079//2079 1969//1969
f 2076//2076 1969//1969 1968//1968
f 2076//2076 1968//1968 1973//1973
f 2079//2079 2078//2078 2080//2080
f 2079//2079 2080//2080 2081//2081
f 2079//2079 2081//2081 1943//1943
f 2079//2079 1943//1943 1966//1966
f 2079//2079 1966//1966 1965//1965
f 2079//2079 1965//1965 1969//1969
f 2081//2081 2080//2080 2082//2082
f 2081//2081 2082//2082 2083//2083
f 2081//2081 2083//2083 1944//1944
f 2081//2081 1944//1944 1943//1943
f 2083//2083 2082//2082 2084//2084
f 2083//2083 2084//2084 2085//2085
f 2083//2083 2085//2085 1945//1945
f 2083//2083 1945//1945 1944//1944
f 2085//2085 2084//2084 1984//1984
f 2085//2085 1984//1984 2086//2086
f 2085//2085 2086//2086 2087//2087
f 2085//2085 2087//2087 1945//1945
f 2087//2087 2086//2086 1979//1979
f 2087//2087 1979//1979 2088//2088
f 2087//2087 2088//2088 2089//2089
f 2087//2087 2089//2089 2090//2090
f 2087//2087 2090//2090 1940//1940
f 2087//2087 1940//1940 1945//1945
f 2090//2090 2089//2089 1931//1931
f 2090//2090 1931//1931 1936//1936
f 2090//2090 1936//1936 1941//1941
f 2090//2090 1941//1941 1940//1940
f 2089//2089 2088//2088 1974//1974
f 2089//2089 1974//1974 2091//2091
f 2089//2089 2091//2091 1932//1932
f 2089//2089 1932//1932 1931//1931
f 2091//2091 1974//1974 1970//1970
f 2091//2091 1970//1970 1950//1950
f 2091//2091 1950//1950 1952//1952
f 2091//2091 1952//1952 1932//1932
f 2088//2088 1979//1979 1975//1975
f 2088//2088 1975//1975 1974//1974
f 2086//2086 1984//1984 1980//1980
f 2086//2086 1980//1980 1979//1979
f 2084//2084 1989//1989 1985//1985
f 2084//2084 1985//1985 1984//1984
f 2084//2084 2082//2082 2092//2092
f 2084//2084 2092//2092 1989//1989
f 2092//2092 1994//1994 1990//1990
f 2092//2092 1990//1990 1989//1989
f 2092//2092 2082//2082 2080//2080
f 2092//2092 2080//2080 2093//2093
f 2092//2092 2093//2093 2094//2094
f 2092//2092 2094//2094 1994//1994
f 2094//2094 1999//1999 1995//1995
f 2094//2094 1995//1995 1994//1994
f 2094//2094 2093//2093 2077//2077
f 2094//2094 2077//2077 2095//2095
f 2094//2094 2095//2095 2096//2096
f 2094//2094 2096//2096 1999//1999
f 2096//2096 2004//2004 2000//2000
f 2096//2096 2000//2000 1999//1999
f 2096//2096 2095//2095 2074//2074
f 2096//2096 2074//2074 2097//2097
f 2096//2096 2097//2097 2098//2098
f 2096//2096 2098//2098 2004//2004
f 2098//2098 2009//2009 2005//2005
f 2098//2098 2005//2005 2004//2004
f 2098//2098 2097//2097 2071//2071
f 2098//2098 2071//2071 2099//2099
f 2098//2098 2099//2099 2100//2100
f 2098//2098 2100//2100 2009//2009
f 2100//2100 2014//2014 2010//2010
f 2100//2100 2010//2010 2009//2009
f 2100//2100 2099//2099 2068//2068
f 2100//2100 2068//2068 2101//2101
f 2100//2100 2101//2101 2102//2102
f 2100//2100 2102//2102 2014//2014
f 2102//2102 2019//2019 2015//2015
f 2102//2102 2015//2015 2014//2014
f 2102//2102 2101//2101 2065//2065
f 2102//2102 2065//2065 2103//2103
f 2102//2102 2103//2103 2104//2104
f 2102//2102 2104//2104 2019//2019
f 2104//2104 2022//2022 2020//2020
f 2104//2104 2020//2020 2019//2019
f 2104//2104 2103//2103 2062//2062
f 2104//2104 2062//2062 2105//2105
f 2104//2104 2105//2105 2024//2024
f 2104//2104 2024//2024 2022//2022
f 2105//2105 2062//2062 2060//2060
f 2105//2105 2060//2060 2059//2059
f 2105//2105 2059//2059 2026//2026
f 2105//2105 2026//2026 2024//2024
f 2103//2103 2065//2065 2063//2063
f 2103//2103 2063//2063 2062//2062
f 2101//2101 2068//2068 2066//2066
f 2101//2101 2066//2066 2065//2065
f 2099//2099 2071//2071 2069//2069
f 2099//2099 2069//2069 2068//2068
f 2097//2097 2074//2074 2072//2072
f 2097//2097 2072//2072 2071//2071
f 2095//2095 2077//2077 2075//2075
f 2095//2095 2075//2075 2074//2074
f 2093//2093 2080//2080 2078//2078
f 2093//2093 2078//2078 2077//2077
f 2059//2059 2057//2057 2028//2028
f 2059//2059 2028//2028 2026//2026
f 2055//2055 2032//2032 2029//2029
f 2055//2055 2029//2029 2028//2028
f 2053//2053 2035//2035 2033//2033
f 2053//2053 2033//2033 2032//2032
f 1966//1966 1943//1943 1942//1942
f 1966//1966 1942//1942 1962//1962
f 1960//1960 1938//1938 1937//1937
f 1960//1960 1937//1937 1956//1956
f 1957//1957 1937//1937 1934//1934
f 1957//1957 1934//1934 1933//1933
f 1957//1957 1933//1933 1932//1932
f 1957//1957 1932//1932 1952//1952
f 1941//1941 1936//1936 1935//1935
f 1941//1941 1935//1935 1938//1938
f 1926//1926 1908//1908 1915//1915
f 1926//1926 1915//1915 1920//1920
f 1915//1915 1908//1908 1906//1906
f 1915//1915 1906//1906 1910//1910
f 1911//1911 1910//1910 1906//1906
f 1911//1911 1906//1906 1896//1896
f 2106//2106 2107//2107 2108//2108
f 2106//2106 2108//2108 2109//2109
f 2110//2110 2111//2111 2112//2112
f 2110//2110 2112//2112 2113//2113
f 2110//2110 2109//2109 2108//2108
f 2110//2110 2108//2108 2111//2111
f 2114//2114 2115//2115 2116//2116
f 2114//2114 2116//2116 2117//2117
f 2114//2114 2117//2117 2118//2118
f 2114//2114 2118//2118 2119//2119
f 2114//2114 2119//2119 2120//2120
f 2114//2114 2120//2120 2115//2115
f 2121//2121 2109//2109 2110//2110
f 2121//2121 2110//2110 2113//2113
f 2121//2121 2122//2122 2123//2123
f 2121//2121 2123//2123 2124//2124
f 2125//2125 2123//2123 2126//2126
f 2125//2125 2126//2126 2127//2127
f 2128//2128 2124//2124 2123//2123
f 2128//2128 2123//2123 2125//2125
f 2125//2125 2127//2127 2129//2129
f 2125//2125 2129//2129 2128//2128
f 2130//2130 2116//2116 2128//2128
f 2130//2130 2128//2128 2129//2129
f 2130//2130 2129//2129 2131//2131
f 2130//2130 2131//2131 2132//2132
f 2130//2130 2132//2132 2117//2117
f 2130//2130 2117//2117 2116//2116
f 2133//2133 2134//2134 2135//2135
f 2133//2133 2135//2135 2136//2136
f 2137//2137 2136//2136 2135//2135
f 2137//2137 2135//2135 2138//2138
f 2137//2137 2139//2139 2140//2140
f 2137//2137 2140//2140 2136//2136
f 2137//2137 2138//2138 2141//2141
f 2137//2137 2141//2141 2139//2139
f 2142//2142 2118//2118 2117//2117
f 2142//2142 2117//2117 2132//2132
f 2120//2120 2143//2143 2135//2135
f 2120//2120 2135//2135 2134//2134
f 2120//2120 2134//2134 2144//2144
f 2120//2120 2144//2144 2145//2145
f 2146//2146 2147//2147 2148//2148
f 2146//2146 2148//2148 2149//2149
f 2138//2138 2147//2147 2146//2146
f 2138//2138 2146//2146 2141//2141
f 2150//2150 2126//2126 2123//2123
f 2150//2150 2123//2123 2122//2122
f 2150//2150 2151//2151 2152//2152
f 2150//2150 2152//2152 2153//2153
f 2154//2154 2155//2155 2149//2149
f 2154//2154 2149//2149 2148//2148
f 2154//2154 2148//2148 2156//2156
f 2154//2154 2156//2156 2157//2157
f 2154//2154 2157//2157 2158//2158
f 2154//2154 2158//2158 2155//2155
f 2159//2159 2160//2160 2161//2161
f 2159//2159 2161//2161 2162//2162
f 2159//2159 2162//2162 2163//2163
f 2159//2159 2163//2163 2164//2164
f 2159//2159 2164//2164 2165//2165
f 2159//2159 2165//2165 2160//2160
f 2166//2166 2142//2142 2132//2132
f 2166//2166 2132//2132 2131//2131
f 2167//2167 2118//2118 2142//2142
f 2167//2167 2142//2142 2166//2166
f 2166//2166 2131//2131 2168//2168
f 2166//2166 2168//2168 2167//2167
f 2162//2162 2161//2161 2169//2169
f 2162//2162 2169//2169 2163//2163
f 2170//2170 2171//2171 2172//2172
f 2170//2170 2172//2172 2173//2173
f 2170//2170 2174//2174 2156//2156
f 2170//2170 2156//2156 2171//2171
f 2170//2170 2173//2173 2175//2175
f 2170//2170 2175//2175 2174//2174
f 2176//2176 2177//2177 2163//2163
f 2176//2176 2163//2163 2169//2169
f 2178//2178 2179//2179 2167//2167
f 2178//2178 2167//2167 2180//2180
f 2181//2181 2182//2182 2183//2183
f 2181//2181 2183//2183 2184//2184
f 2177//2177 2185//2185 2182//2182
f 2177//2177 2182//2182 2181//2181
f 2181//2181 2184//2184 2186//2186
f 2181//2181 2186//2186 2177//2177
f 2182//2182 2185//2185 2187//2187
f 2182//2182 2187//2187 2183//2183
f 2187//2187 2185//2185 2188//2188
f 2187//2187 2188//2188 2189//2189
f 2187//2187 2189//2189 2190//2190
f 2187//2187 2190//2190 2183//2183
f 2191//2191 2192//2192 2193//2193
f 2191//2191 2193//2193 2194//2194
f 2191//2191 2194//2194 2195//2195
f 2191//2191 2195//2195 2190//2190
f 2191//2191 2190//2190 2189//2189
f 2191//2191 2189//2189 2192//2192
f 2195//2195 2184//2184 2183//2183
f 2195//2195 2183//2183 2190//2190
f 2195//2195 2194//2194 2196//2196
f 2195//2195 2196//2196 2197//2197
f 2195//2195 2197//2197 2198//2198
f 2195//2195 2198//2198 2184//2184
f 2198//2198 2199//2199 2186//2186
f 2198//2198 2186//2186 2184//2184
f 2198//2198 2197//2197 2200//2200
f 2198//2198 2200//2200 2201//2201
f 2198//2198 2201//2201 2202//2202
f 2198//2198 2202//2202 2199//2199
f 2202//2202 2127//2127 2165//2165
f 2202//2202 2165//2165 2199//2199
f 2202//2202 2201//2201 2168//2168
f 2202//2202 2168//2168 2131//2131
f 2202//2202 2131//2131 2129//2129
f 2202//2202 2129//2129 2127//2127
f 2201//2201 2200//2200 2203//2203
f 2201//2201 2203//2203 2168//2168
f 2200//2200 2197//2197 2196//2196
f 2200//2200 2196//2196 2204//2204
f 2200//2200 2204//2204 2205//2205
f 2200//2200 2205//2205 2203//2203
f 2204//2204 2196//2196 2206//2206
f 2204//2204 2206//2206 2207//2207
f 2204//2204 2207//2207 2208//2208
f 2204//2204 2208//2208 2205//2205
f 2207//2207 2206//2206 2209//2209
f 2207//2207 2209//2209 2210//2210
f 2207//2207 2210//2210 2175//2175
f 2207//2207 2175//2175 2208//2208
f 2210//2210 2209//2209 2211//2211
f 2210//2210 2211//2211 2212//2212
f 2210//2210 2212//2212 2174//2174
f 2210//2210 2174//2174 2175//2175
f 2212//2212 2211//2211 2158//2158
f 2212//2212 2158//2158 2157//2157
f 2212//2212 2157//2157 2156//2156
f 2212//2212 2156//2156 2174//2174
f 2211//2211 2209//2209 2213//2213
f 2211//2211 2213//2213 2214//2214
f 2211//2211 2214//2214 2152//2152
f 2211//2211 2152//2152 2158//2158
f 2214//2214 2213//2213 2215//2215
f 2214//2214 2215//2215 2216//2216
f 2214//2214 2216//2216 2153//2153
f 2214//2214 2153//2153 2152//2152
f 2213//2213 2193//2193 2192//2192
f 2213//2213 2192//2192 2215//2215
f 2213//2213 2209//2209 2206//2206
f 2213//2213 2206//2206 2193//2193
f 2206//2206 2196//2196 2194//2194
f 2206//2206 2194//2194 2193//2193
f 2199//2199 2165//2165 2164//2164
f 2199//2199 2164//2164 2186//2186
f 2192//2192 2189//2189 2188//2188
f 2192//2192 2188//2188 2215//2215
f 2185//2185 2177//2177 2176//2176
f 2185//2185 2176//2176 2188//2188
f 2186//2186 2164//2164 2163//2163
f 2186//2186 2163//2163 2177//2177
f 2208//2208 2175//2175 2173//2173
f 2208//2208 2173//2173 2217//2217
f 2203//2203 2180//2180 2167//2167
f 2203//2203 2167//2167 2168//2168
f 2216//2216 2215//2215 2188//2188
f 2216//2216 2188//2188 2176//2176
f 2216//2216 2176//2176 2169//2169
f 2216//2216 2169//2169 2153//2153
f 2173//2173 2172//2172 2143//2143
f 2173//2173 2143//2143 2217//2217
f 2172//2172 2171//2171 2147//2147
f 2172//2172 2147//2147 2138//2138
f 2172//2172 2138//2138 2135//2135
f 2172//2172 2135//2135 2143//2143
f 2171//2171 2156//2156 2148//2148
f 2171//2171 2148//2148 2147//2147
f 2169//2169 2161//2161 2150//2150
f 2169//2169 2150//2150 2153//2153
f 2167//2167 2179//2179 2119//2119
f 2167//2167 2119//2119 2118//2118
f 2165//2165 2127//2127 2126//2126
f 2165//2165 2126//2126 2160//2160
f 2161//2161 2160//2160 2126//2126
f 2161//2161 2126//2126 2150//2150
f 2158//2158 2152//2152 2151//2151
f 2158//2158 2151//2151 2155//2155
f 2146//2146 2149//2149 2112//2112
f 2146//2146 2112//2112 2141//2141
f 2179//2179 2178//2178 2217//2217
f 2179//2179 2217//2217 2143//2143
f 2179//2179 2143//2143 2120//2120
f 2179//2179 2120//2120 2119//2119
f 2141//2141 2112//2112 2111//2111
f 2141//2141 2111//2111 2139//2139
f 2140//2140 2108//2108 2107//2107
f 2140//2140 2107//2107 2218//2218
f 2140//2140 2218//2218 2133//2133
f 2140//2140 2133//2133 2136//2136
f 2140//2140 2139//2139 2111//2111
f 2140//2140 2111//2111 2108//2108
f 2218//2218 2107//2107 2219//2219
f 2218//2218 2219//2219 2144//2144
f 2218//2218 2144//2144 2134//2134
f 2218//2218 2134//2134 2133//2133
f 2145//2145 2220//2220 2115//2115
f 2145//2145 2115//2115 2120//2120
f 2145//2145 2221//2221 2222//2222
f 2145//2145 2222//2222 2220//2220
f 2220//2220 2128//2128 2116//2116
f 2220//2220 2116//2116 2115//2115
f 2220//2220 2222//2222 2124//2124
f 2220//2220 2124//2124 2128//2128
f 2122//2122 2121//2121 2151//2151
f 2122//2122 2151//2151 2150//2150
f 2113//2113 2112//2112 2149//2149
f 2113//2113 2149//2149 2155//2155
f 2113//2113 2155//2155 2151//2151
f 2113//2113 2151//2151 2121//2121
f 2221//2221 2145//2145 2144//2144
f 2221//2221 2144//2144 2219//2219
f 2106//2106 2109//2109 2121//2121
f 2106//2106 2121//2121 2124//2124
f 2222//2222 2221//2221 2219//2219
f 2222//2222 2219//2219 2107//2107
f 2124//2124 2222//2222 2107//2107
f 2124//2124 2107//2107 2106//2106
f 2208//2208 2217//2217 2178//2178
f 2208//2208 2178//2178 2180//2180
f 2203//2203 2205//2205 2208//2208
f 2203//2203 2208//2208 2180//2180
f 2223//2223 2224//2224 2225//2225
f 2223//2223 2225//2225 2226//2226
f 2223//2223 2226//2226 2227//2227
f 2223//2223 2227//2227 2228//2228
f 2229//2229 2230//2230 2231//2231
f 2229//2229 2231//2231 2224//2224
f 2229//2229 2224//2224 2223//2223
f 2229//2229 2223//2223 2228//2228
f 2232//2232 2225//2225 2233//2233
f 2232//2232 2233//2233 2234//2234
f 2232//2232 2234//2234 2235//2235
f 2232//2232 2235//2235 2236//2236
f 2232//2232 2236//2236 2226//2226
f 2232//2232 2226//2226 2225//2225
f 2226//2226 2237//2237 2238//2238
f 2226//2226 2238//2238 2227//2227
f 2226//2226 2236//2236 2239//2239
f 2226//2226 2239//2239 2237//2237
f 2240//2240 2241//2241 2242//2242
f 2240//2240 2242//2242 2243//2243
f 2240//2240 2244//2244 2245//2245
f 2240//2240 2245//2245 2241//2241
f 2245//2245 2246//2246 2233//2233
f 2245//2245 2233//2233 2231//2231
f 2235//2235 2247//2247 2239//2239
f 2235//2235 2239//2239 2236//2236
f 2248//2248 2249//2249 2250//2250
f 2248//2248 2250//2250 2251//2251
f 2248//2248 2252//2252 2253//2253
f 2248//2248 2253//2253 2249//2249
f 2248//2248 2251//2251 2254//2254
f 2248//2248 2254//2254 2252//2252
f 2250//2250 2255//2255 2256//2256
f 2250//2250 2256//2256 2257//2257
f 2227//2227 2238//2238 2255//2255
f 2227//2227 2255//2255 2250//2250
f 2257//2257 2256//2256 2258//2258
f 2257//2257 2258//2258 2259//2259
f 2254//2254 2251//2251 2260//2260
f 2254//2254 2260//2260 2261//2261
f 2262//2262 2263//2263 2264//2264
f 2262//2262 2264//2264 2265//2265
f 2262//2262 2265//2265 2247//2247
f 2262//2262 2247//2247 2266//2266
f 2262//2262 2267//2267 2268//2268
f 2262//2262 2268//2268 2263//2263
f 2269//2269 2270//2270 2271//2271
f 2269//2269 2271//2271 2272//2272
f 2269//2269 2272//2272 2255//2255
f 2269//2269 2255//2255 2238//2238
f 2273//2273 2274//2274 2275//2275
f 2273//2273 2275//2275 2276//2276
f 2273//2273 2276//2276 2277//2277
f 2273//2273 2277//2277 2260//2260
f 2272//2272 2271//2271 2278//2278
f 2272//2272 2278//2278 2275//2275
f 2279//2279 2280//2280 2281//2281
f 2279//2279 2281//2281 2282//2282
f 2283//2283 2284//2284 2280//2280
f 2283//2283 2280//2280 2279//2279
f 2279//2279 2282//2282 2285//2285
f 2279//2279 2285//2285 2283//2283
f 2267//2267 2286//2286 2287//2287
f 2267//2267 2287//2287 2268//2268
f 2287//2287 2288//2288 2289//2289
f 2287//2287 2289//2289 2268//2268
f 2264//2264 2290//2290 2291//2291
f 2264//2264 2291//2291 2265//2265
f 2264//2264 2292//2292 2293//2293
f 2264//2264 2293//2293 2290//2290
f 2281//2281 2280//2280 2294//2294
f 2281//2281 2294//2294 2295//2295
f 2289//2289 2296//2296 2263//2263
f 2289//2289 2263//2263 2268//2268
f 2276//2276 2297//2297 2298//2298
f 2276//2276 2298//2298 2299//2299
f 2275//2275 2278//2278 2297//2297
f 2275//2275 2297//2297 2276//2276
f 2282//2282 2281//2281 2295//2295
f 2282//2282 2295//2295 2300//2300
f 2282//2282 2300//2300 2301//2301
f 2282//2282 2301//2301 2285//2285
f 2302//2302 2293//2293 2292//2292
f 2302//2302 2292//2292 2303//2303
f 2302//2302 2303//2303 2298//2298
f 2302//2302 2298//2298 2297//2297
f 2304//2304 2305//2305 2301//2301
f 2304//2304 2301//2301 2306//2306
f 2307//2307 2308//2308 2309//2309
f 2307//2307 2309//2309 2310//2310
f 2307//2307 2310//2310 2311//2311
f 2307//2307 2311//2311 2312//2312
f 2307//2307 2312//2312 2313//2313
f 2307//2307 2313//2313 2308//2308
f 2313//2313 2300//2300 2295//2295
f 2313//2313 2295//2295 2308//2308
f 2313//2313 2312//2312 2314//2314
f 2313//2313 2314//2314 2306//2306
f 2313//2313 2306//2306 2301//2301
f 2313//2313 2301//2301 2300//2300
f 2314//2314 2312//2312 2311//2311
f 2314//2314 2311//2311 2315//2315
f 2314//2314 2315//2315 2316//2316
f 2314//2314 2316//2316 2317//2317
f 2314//2314 2317//2317 2304//2304
f 2314//2314 2304//2304 2306//2306
f 2315//2315 2311//2311 2303//2303
f 2315//2315 2303//2303 2292//2292
f 2315//2315 2292//2292 2264//2264
f 2315//2315 2264//2264 2316//2316
f 2311//2311 2310//2310 2298//2298
f 2311//2311 2298//2298 2303//2303
f 2310//2310 2309//2309 2299//2299
f 2310//2310 2299//2299 2298//2298
f 2309//2309 2294//2294 2318//2318
f 2309//2309 2318//2318 2299//2299
f 2309//2309 2308//2308 2295//2295
f 2309//2309 2295//2295 2294//2294
f 2318//2318 2284//2284 2319//2319
f 2318//2318 2319//2319 2277//2277
f 2318//2318 2277//2277 2276//2276
f 2318//2318 2276//2276 2299//2299
f 2318//2318 2294//2294 2280//2280
f 2318//2318 2280//2280 2284//2284
f 2305//2305 2304//2304 2317//2317
f 2305//2305 2317//2317 2320//2320
f 2305//2305 2320//2320 2286//2286
f 2305//2305 2286//2286 2321//2321
f 2305//2305 2321//2321 2285//2285
f 2305//2305 2285//2285 2301//2301
f 2302//2302 2297//2297 2278//2278
f 2302//2302 2278//2278 2293//2293
f 2296//2296 2316//2316 2264//2264
f 2296//2296 2264//2264 2263//2263
f 2288//2288 2320//2320 2317//2317
f 2288//2288 2317//2317 2316//2316
f 2296//2296 2289//2289 2288//2288
f 2296//2296 2288//2288 2316//2316
f 2293//2293 2278//2278 2271//2271
f 2293//2293 2271//2271 2290//2290
f 2291//2291 2290//2290 2271//2271
f 2291//2291 2271//2271 2270//2270
f 2291//2291 2270//2270 2237//2237
f 2291//2291 2237//2237 2239//2239
f 2291//2291 2239//2239 2247//2247
f 2291//2291 2247//2247 2265//2265
f 2288//2288 2287//2287 2286//2286
f 2288//2288 2286//2286 2320//2320
f 2284//2284 2283//2283 2244//2244
f 2284//2284 2244//2244 2319//2319
f 2283//2283 2285//2285 2321//2321
f 2283//2283 2321//2321 2322//2322
f 2283//2283 2322//2322 2245//2245
f 2283//2283 2245//2245 2244//2244
f 2270//2270 2269//2269 2238//2238
f 2270//2270 2238//2238 2237//2237
f 2322//2322 2323//2323 2246//2246
f 2322//2322 2246//2246 2245//2245
f 2323//2323 2322//2322 2321//2321
f 2323//2323 2321//2321 2286//2286
f 2323//2323 2286//2286 2267//2267
f 2323//2323 2267//2267 2262//2262
f 2323//2323 2262//2262 2266//2266
f 2323//2323 2266//2266 2246//2246
f 2319//2319 2244//2244 2240//2240
f 2319//2319 2240//2240 2243//2243
f 2274//2274 2258//2258 2256//2256
f 2274//2274 2256//2256 2255//2255
f 2274//2274 2255//2255 2272//2272
f 2274//2274 2272//2272 2275//2275
f 2258//2258 2274//2274 2273//2273
f 2258//2258 2273//2273 2259//2259
f 2251//2251 2250//2250 2257//2257
f 2251//2251 2257//2257 2259//2259
f 2273//2273 2260//2260 2251//2251
f 2273//2273 2251//2251 2259//2259
f 2254//2254 2243//2243 2242//2242
f 2254//2254 2242//2242 2252//2252
f 2266//2266 2234//2234 2233//2233
f 2266//2266 2233//2233 2246//2246
f 2234//2234 2266//2266 2247//2247
f 2234//2234 2247//2247 2235//2235
f 2233//2233 2225//2225 2224//2224
f 2233//2233 2224//2224 2231//2231
f 2253//2253 2252//2252 2242//2242
f 2253//2253 2242//2242 2229//2229
f 2241//2241 2245//2245 2231//2231
f 2241//2241 2231//2231 2230//2230
f 2242//2242 2241//2241 2230//2230
f 2242//2242 2230//2230 2229//2229
f 2228//2228 2227//2227 2250//2250
f 2228//2228 2250//2250 2249//2249
f 2228//2228 2249//2249 2253//2253
f 2228//2228 2253//2253 2229//2229
f 2319//2319 2243//2243 2254//2254
f 2319//2319 2254//2254 2261//2261
f 2260//2260 2277//2277 2319//2319
f 2260//2260 2319//2319 2261//2261
f 2324//2324 2325//2325 2326//2326
f 2324//2324 2326//2326 2327//2327
f 2324//2324 2328//2328 2329//2329
f 2324//2324 2329//2329 2325//2325
f 2324//2324 2327//2327 2330//2330
f 2324//2324 2330//2330 2328//2328
f 2331//2331 2325//2325 2329//2329
f 2331//2331 2329//2329 2332//2332
f 2333//2333 2334//2334 2335//2335
f 2333//2333 2335//2335 2336//2336
f 2337//2337 2338//2338 2339//2339
f 2337//2337 2339//2339 2340//2340
f 2337//2337 2340//2340 2335//2335
f 2337//2337 2335//2335 2334//2334
f 2341//2341 2342//2342 2343//2343
f 2341//2341 2343//2343 2344//2344
f 2341//2341 2344//2344 2345//2345
f 2341//2341 2345//2345 2346//2346
f 2341//2341 2346//2346 2347//2347
f 2341//2341 2347//2347 2326//2326
f 2348//2348 2349//2349 2350//2350
f 2348//2348 2350//2350 2347//2347
f 2339//2339 2351//2351 2342//2342
f 2339//2339 2342//2342 2332//2332
f 2339//2339 2332//2332 2329//2329
f 2339//2339 2329//2329 2340//2340
f 2343//2343 2342//2342 2351//2351
f 2343//2343 2351//2351 2352//2352
f 2343//2343 2352//2352 2353//2353
f 2343//2343 2353//2353 2344//2344
f 2354//2354 2355//2355 2337//2337
f 2354//2354 2337//2337 2334//2334
f 2356//2356 2357//2357 2358//2358
f 2356//2356 2358//2358 2359//2359
f 2360//2360 2345//2345 2344//2344
f 2360//2360 2344//2344 2353//2353
f 2360//2360 2361//2361 2362//2362
f 2360//2360 2362//2362 2345//2345
f 2363//2363 2364//2364 2365//2365
f 2363//2363 2365//2365 2366//2366
f 2349//2349 2348//2348 2364//2364
f 2349//2349 2364//2364 2363//2363
f 2365//2365 2364//2364 2362//2362
f 2365//2365 2362//2362 2361//2361
f 2365//2365 2361//2361 2367//2367
f 2365//2365 2367//2367 2368//2368
f 2365//2365 2369//2369 2370//2370
f 2365//2365 2370//2370 2366//2366
f 2365//2365 2368//2368 2371//2371
f 2365//2365 2371//2371 2369//2369
f 2372//2372 2373//2373 2374//2374
f 2372//2372 2374//2374 2375//2375
f 2376//2376 2377//2377 2378//2378
f 2376//2376 2378//2378 2379//2379
f 2376//2376 2380//2380 2381//2381
f 2376//2376 2381//2381 2377//2377
f 2376//2376 2379//2379 2382//2382
f 2376//2376 2382//2382 2380//2380
f 2369//2369 2371//2371 2383//2383
f 2369//2369 2383//2383 2370//2370
f 2384//2384 2366//2366 2370//2370
f 2384//2384 2370//2370 2383//2383
f 2384//2384 2385//2385 2363//2363
f 2384//2384 2363//2363 2366//2366
f 2384//2384 2383//2383 2386//2386
f 2384//2384 2386//2386 2385//2385
f 2387//2387 2388//2388 2389//2389
f 2387//2387 2389//2389 2390//2390
f 2391//2391 2392//2392 2388//2388
f 2391//2391 2388//2388 2387//2387
f 2393//2393 2386//2386 2383//2383
f 2393//2393 2383//2383 2371//2371
f 2394//2394 2388//2388 2392//2392
f 2394//2394 2392//2392 2395//2395
f 2394//2394 2395//2395 2396//2396
f 2394//2394 2396//2396 2397//2397
f 2398//2398 2399//2399 2380//2380
f 2398//2398 2380//2380 2382//2382
f 2398//2398 2400//2400 2401//2401
f 2398//2398 2401//2401 2402//2402
f 2402//2402 2403//2403 2404//2404
f 2402//2402 2404//2404 2398//2398
f 2405//2405 2406//2406 2407//2407
f 2405//2405 2407//2407 2408//2408
f 2405//2405 2409//2409 2410//2410
f 2405//2405 2410//2410 2406//2406
f 2405//2405 2408//2408 2411//2411
f 2405//2405 2411//2411 2409//2409
f 2412//2412 2413//2413 2414//2414
f 2412//2412 2414//2414 2415//2415
f 2415//2415 2414//2414 2390//2390
f 2415//2415 2390//2390 2389//2389
f 2415//2415 2389//2389 2397//2397
f 2415//2415 2397//2397 2410//2410
f 2415//2415 2410//2410 2409//2409
f 2415//2415 2409//2409 2412//2412
f 2414//2414 2416//2416 2417//2417
f 2414//2414 2417//2417 2390//2390
f 2414//2414 2413//2413 2418//2418
f 2414//2414 2418//2418 2416//2416
f 2418//2418 2419//2419 2420//2420
f 2418//2418 2420//2420 2416//2416
f 2418//2418 2413//2413 2411//2411
f 2418//2418 2411//2411 2421//2421
f 2418//2418 2421//2421 2403//2403
f 2418//2418 2403//2403 2419//2419
f 2421//2421 2411//2411 2408//2408
f 2421//2421 2408//2408 2422//2422
f 2421//2421 2422//2422 2404//2404
f 2421//2421 2404//2404 2403//2403
f 2422//2422 2408//2408 2407//2407
f 2422//2422 2407//2407 2374//2374
f 2422//2422 2374//2374 2373//2373
f 2422//2422 2373//2373 2404//2404
f 2420//2420 2423//2423 2424//2424
f 2420//2420 2424//2424 2425//2425
f 2420//2420 2425//2425 2417//2417
f 2420//2420 2417//2417 2416//2416
f 2420//2420 2419//2419 2401//2401
f 2420//2420 2401//2401 2423//2423
f 2425//2425 2424//2424 2368//2368
f 2425//2425 2368//2368 2367//2367
f 2425//2425 2367//2367 2426//2426
f 2425//2425 2426//2426 2417//2417
f 2424//2424 2393//2393 2371//2371
f 2424//2424 2371//2371 2368//2368
f 2424//2424 2423//2423 2386//2386
f 2424//2424 2386//2386 2393//2393
f 2423//2423 2401//2401 2400//2400
f 2423//2423 2400//2400 2386//2386
f 2419//2419 2403//2403 2402//2402
f 2419//2419 2402//2402 2401//2401
f 2417//2417 2426//2426 2387//2387
f 2417//2417 2387//2387 2390//2390
f 2413//2413 2412//2412 2409//2409
f 2413//2413 2409//2409 2411//2411
f 2410//2410 2397//2397 2396//2396
f 2410//2410 2396//2396 2406//2406
f 2407//2407 2406//2406 2396//2396
f 2407//2407 2396//2396 2427//2427
f 2407//2407 2427//2427 2375//2375
f 2407//2407 2375//2375 2374//2374
f 2427//2427 2396//2396 2395//2395
f 2427//2427 2395//2395 2428//2428
f 2427//2427 2428//2428 2429//2429
f 2427//2427 2429//2429 2375//2375
f 2404//2404 2373//2373 2399//2399
f 2404//2404 2399//2399 2398//2398
f 2399//2399 2373//2373 2372//2372
f 2399//2399 2372//2372 2430//2430
f 2399//2399 2430//2430 2381//2381
f 2399//2399 2381//2381 2380//2380
f 2397//2397 2389//2389 2388//2388
f 2397//2397 2388//2388 2394//2394
f 2395//2395 2392//2392 2359//2359
f 2395//2395 2359//2359 2428//2428
f 2392//2392 2391//2391 2356//2356
f 2392//2392 2356//2356 2359//2359
f 2387//2387 2426//2426 2352//2352
f 2387//2387 2352//2352 2351//2351
f 2387//2387 2351//2351 2339//2339
f 2387//2387 2339//2339 2391//2391
f 2385//2385 2379//2379 2378//2378
f 2385//2385 2378//2378 2363//2363
f 2378//2378 2377//2377 2431//2431
f 2378//2378 2431//2431 2432//2432
f 2378//2378 2432//2432 2349//2349
f 2378//2378 2349//2349 2363//2363
f 2432//2432 2431//2431 2433//2433
f 2432//2432 2433//2433 2434//2434
f 2432//2432 2434//2434 2350//2350
f 2432//2432 2350//2350 2349//2349
f 2434//2434 2433//2433 2336//2336
f 2434//2434 2336//2336 2330//2330
f 2434//2434 2330//2330 2327//2327
f 2434//2434 2327//2327 2350//2350
f 2433//2433 2435//2435 2333//2333
f 2433//2433 2333//2333 2336//2336
f 2433//2433 2431//2431 2436//2436
f 2433//2433 2436//2436 2435//2435
f 2356//2356 2391//2391 2339//2339
f 2356//2356 2339//2339 2338//2338
f 2353//2353 2352//2352 2426//2426
f 2353//2353 2426//2426 2367//2367
f 2353//2353 2367//2367 2361//2361
f 2353//2353 2361//2361 2360//2360
f 2362//2362 2364//2364 2348//2348
f 2362//2362 2348//2348 2347//2347
f 2362//2362 2347//2347 2346//2346
f 2362//2362 2346//2346 2345//2345
f 2350//2350 2327//2327 2326//2326
f 2350//2350 2326//2326 2347//2347
f 2342//2342 2341//2341 2331//2331
f 2342//2342 2331//2331 2332//2332
f 2341//2341 2326//2326 2325//2325
f 2341//2341 2325//2325 2331//2331
f 2340//2340 2329//2329 2328//2328
f 2340//2340 2328//2328 2335//2335
f 2336//2336 2335//2335 2328//2328
f 2336//2336 2328//2328 2330//2330
f 2437//2437 2375//2375 2429//2429
f 2437//2437 2429//2429 2438//2438
f 2436//2436 2431//2431 2377//2377
f 2436//2436 2377//2377 2381//2381
f 2439//2439 2430//2430 2372//2372
f 2439//2439 2372//2372 2440//2440
f 2400//2400 2398//2398 2382//2382
f 2400//2400 2382//2382 2379//2379
f 2400//2400 2379//2379 2385//2385
f 2400//2400 2385//2385 2386//2386
f 2439//2439 2440//2440 2441//2441
f 2439//2439 2441//2441 2442//2442
f 2436//2436 2439//2439 2442//2442
f 2436//2436 2442//2442 2435//2435
f 2436//2436 2381//2381 2430//2430
f 2436//2436 2430//2430 2439//2439
f 2438//2438 2429//2429 2358//2358
f 2438//2438 2358//2358 2443//2443
f 2428//2428 2359//2359 2358//2358
f 2428//2428 2358//2358 2429//2429
f 2444//2444 2443//2443 2354//2354
f 2444//2444 2354//2354 2445//2445
f 2440//2440 2437//2437 2438//2438
f 2440//2440 2438//2438 2441//2441
f 2372//2372 2375//2375 2437//2437
f 2372//2372 2437//2437 2440//2440
f 2445//2445 2333//2333 2435//2435
f 2445//2445 2435//2435 2442//2442
f 2442//2442 2441//2441 2444//2444
f 2442//2442 2444//2444 2445//2445
f 2441//2441 2438//2438 2443//2443
f 2441//2441 2443//2443 2444//2444
f 2354//2354 2334//2334 2333//2333
f 2354//2354 2333//2333 2445//2445
f 2443//2443 2446//2446 2355//2355
f 2443//2443 2355//2355 2354//2354
f 2358//2358 2357//2357 2446//2446
f 2358//2358 2446//2446 2443//2443
f 2355//2355 2446//2446 2338//2338
f 2355//2355 2338//2338 2337//2337
f 2338//2338 2446//2446 2357//2357
f 2338//2338 2357//2357 2356//2356
f 2447//2447 2448//2448 2449//2449
f 2447//2447 2449//2449 2450//2450
f 2447//2447 2451//2451 2452//2452
f 2447//2447 2452//2452 2448//2448
f 2450//2450 2449//2449 2453//2453
f 2450//2450 2453//2453 2454//2454
f 2455//2455 2456//2456 2457//2457
f 2455//2455 2457//2457 2458//2458
f 2455//2455 2458//2458 2459//2459
f 2455//2455 2459//2459 2460//2460
f 2449//2449 2448//2448 2461//2461
f 2449//2449 2461//2461 2453//2453
f 2462//2462 2457//2457 2456//2456
f 2462//2462 2456//2456 2463//2463
f 2462//2462 2463//2463 2464//2464
f 2462//2462 2464//2464 2465//2465
f 2462//2462 2465//2465 2466//2466
f 2462//2462 2466//2466 2457//2457
f 2465//2465 2467//2467 2452//2452
f 2465//2465 2452//2452 2466//2466
f 2465//2465 2464//2464 2468//2468
f 2465//2465 2468//2468 2469//2469
f 2465//2465 2469//2469 2470//2470
f 2465//2465 2470//2470 2467//2467
f 2471//2471 2472//2472 2473//2473
f 2471//2471 2473//2473 2474//2474
f 2471//2471 2475//2475 2476//2476
f 2471//2471 2476//2476 2472//2472
f 2471//2471 2474//2474 2477//2477
f 2471//2471 2477//2477 2475//2475
f 2478//2478 2479//2479 2480//2480
f 2478//2478 2480//2480 2481//2481
f 2482//2482 2483//2483 2484//2484
f 2482//2482 2484//2484 2485//2485
f 2482//2482 2486//2486 2487//2487
f 2482//2482 2487//2487 2483//2483
f 2475//2475 2477//2477 2488//2488
f 2475//2475 2488//2488 2476//2476
f 2489//2489 2490//2490 2491//2491
f 2489//2489 2491//2491 2481//2481
f 2489//2489 2492//2492 2493//2493
f 2489//2489 2493//2493 2490//2490
f 2489//2489 2481//2481 2480//2480
f 2489//2489 2480//2480 2492//2492
f 2493//2493 2494//2494 2484//2484
f 2493//2493 2484//2484 2488//2488
f 2493//2493 2488//2488 2477//2477
f 2493//2493 2477//2477 2490//2490
f 2493//2493 2492//2492 2495//2495
f 2493//2493 2495//2495 2494//2494
f 2495//2495 2496//2496 2497//2497
f 2495//2495 2497//2497 2494//2494
f 2495//2495 2492//2492 2480//2480
f 2495//2495 2480//2480 2498//2498
f 2495//2495 2498//2498 2499//2499
f 2495//2495 2499//2499 2496//2496
f 2499//2499 2500//2500 2501//2501
f 2499//2499 2501//2501 2496//2496
f 2499//2499 2498//2498 2502//2502
f 2499//2499 2502//2502 2503//2503
f 2499//2499 2503//2503 2504//2504
f 2499//2499 2504//2504 2500//2500
f 2504//2504 2505//2505 2506//2506
f 2504//2504 2506//2506 2500//2500
f 2504//2504 2503//2503 2507//2507
f 2504//2504 2507//2507 2508//2508
f 2504//2504 2508//2508 2509//2509
f 2504//2504 2509//2509 2505//2505
f 2509//2509 2510//2510 2511//2511
f 2509//2509 2511//2511 2505//2505
f 2509//2509 2508//2508 2512//2512
f 2509//2509 2512//2512 2513//2513
f 2509//2509 2513//2513 2514//2514
f 2509//2509 2514//2514 2510//2510
f 2514//2514 2515//2515 2470//2470
f 2514//2514 2470//2470 2510//2510
f 2514//2514 2513//2513 2516//2516
f 2514//2514 2516//2516 2517//2517
f 2514//2514 2517//2517 2518//2518
f 2514//2514 2518//2518 2515//2515
f 2518//2518 2453//2453 2461//2461
f 2518//2518 2461//2461 2515//2515
f 2518//2518 2517//2517 2519//2519
f 2518//2518 2519//2519 2520//2520
f 2518//2518 2520//2520 2454//2454
f 2518//2518 2454//2454 2453//2453
f 2520//2520 2519//2519 2521//2521
f 2520//2520 2521//2521 2522//2522
f 2520//2520 2522//2522 2523//2523
f 2520//2520 2523//2523 2454//2454
f 2522//2522 2521//2521 2524//2524
f 2522//2522 2524//2524 2525//2525
f 2522//2522 2525//2525 2459//2459
f 2522//2522 2459//2459 2523//2523
f 2525//2525 2524//2524 2526//2526
f 2525//2525 2526//2526 2527//2527
f 2525//2525 2527//2527 2460//2460
f 2525//2525 2460//2460 2459//2459
f 2527//2527 2526//2526 2468//2468
f 2527//2527 2468//2468 2464//2464
f 2527//2527 2464//2464 2463//2463
f 2527//2527 2463//2463 2460//2460
f 2526//2526 2524//2524 2528//2528
f 2526//2526 2528//2528 2529//2529
f 2526//2526 2529//2529 2530//2530
f 2526//2526 2530//2530 2468//2468
f 2530//2530 2529//2529 2531//2531
f 2530//2530 2531//2531 2506//2506
f 2530//2530 2506//2506 2505//2505
f 2530//2530 2505//2505 2511//2511
f 2530//2530 2511//2511 2469//2469
f 2530//2530 2469//2469 2468//2468
f 2531//2531 2529//2529 2528//2528
f 2531//2531 2528//2528 2532//2532
f 2531//2531 2532//2532 2533//2533
f 2531//2531 2533//2533 2501//2501
f 2531//2531 2501//2501 2500//2500
f 2531//2531 2500//2500 2506//2506
f 2533//2533 2532//2532 2534//2534
f 2533//2533 2534//2534 2535//2535
f 2533//2533 2535//2535 2485//2485
f 2533//2533 2485//2485 2497//2497
f 2533//2533 2497//2497 2496//2496
f 2533//2533 2496//2496 2501//2501
f 2535//2535 2534//2534 2536//2536
f 2535//2535 2536//2536 2486//2486
f 2535//2535 2486//2486 2482//2482
f 2535//2535 2482//2482 2485//2485
f 2536//2536 2537//2537 2516//2516
f 2536//2536 2516//2516 2538//2538
f 2536//2536 2538//2538 2487//2487
f 2536//2536 2487//2487 2486//2486
f 2536//2536 2534//2534 2539//2539
f 2536//2536 2539//2539 2537//2537
f 2539//2539 2521//2521 2519//2519
f 2539//2539 2519//2519 2537//2537
f 2539//2539 2534//2534 2532//2532
f 2539//2539 2532//2532 2528//2528
f 2539//2539 2528//2528 2524//2524
f 2539//2539 2524//2524 2521//2521
f 2538//2538 2516//2516 2513//2513
f 2538//2538 2513//2513 2512//2512
f 2538//2538 2512//2512 2540//2540
f 2538//2538 2540//2540 2487//2487
f 2537//2537 2519//2519 2517//2517
f 2537//2537 2517//2517 2516//2516
f 2515//2515 2461//2461 2467//2467
f 2515//2515 2467//2467 2470//2470
f 2512//2512 2508//2508 2507//2507
f 2512//2512 2507//2507 2540//2540
f 2511//2511 2510//2510 2470//2470
f 2511//2511 2470//2470 2469//2469
f 2507//2507 2503//2503 2502//2502
f 2507//2507 2502//2502 2541//2541
f 2507//2507 2541//2541 2542//2542
f 2507//2507 2542//2542 2540//2540
f 2541//2541 2502//2502 2479//2479
f 2541//2541 2479//2479 2543//2543
f 2543//2543 2479//2479 2478//2478
f 2543//2543 2478//2478 2544//2544
f 2545//2545 2473//2473 2472//2472
f 2545//2545 2472//2472 2542//2542
f 2544//2544 2478//2478 2481//2481
f 2544//2544 2481//2481 2491//2491
f 2544//2544 2491//2491 2474//2474
f 2544//2544 2474//2474 2473//2473
f 2502//2502 2498//2498 2480//2480
f 2502//2502 2480//2480 2479//2479
f 2497//2497 2485//2485 2484//2484
f 2497//2497 2484//2484 2494//2494
f 2491//2491 2490//2490 2477//2477
f 2491//2491 2477//2477 2474//2474
f 2467//2467 2461//2461 2448//2448
f 2467//2467 2448//2448 2452//2452
f 2466//2466 2546//2546 2458//2458
f 2466//2466 2458//2458 2457//2457
f 2466//2466 2452//2452 2451//2451
f 2466//2466 2451//2451 2546//2546
f 2459//2459 2458//2458 2546//2546
f 2459//2459 2546//2546 2523//2523
f 2456//2456 2455//2455 2460//2460
f 2456//2456 2460//2460 2463//2463
f 2451//2451 2447//2447 2450//2450
f 2451//2451 2450//2450 2454//2454
f 2451//2451 2454//2454 2523//2523
f 2451//2451 2523//2523 2546//2546
f 2476//2476 2488//2488 2484//2484
f 2476//2476 2484//2484 2483//2483
f 2483//2483 2487//2487 2540//2540
f 2483//2483 2540//2540 2542//2542
f 2476//2476 2483//2483 2542//2542
f 2476//2476 2542//2542 2472//2472
f 2541//2541 2543//2543 2545//2545
f 2541//2541 2545//2545 2542//2542
f 2543//2543 2544//2544 2473//2473
f 2543//2543 2473//2473 2545//2545
f 2547//2547 2548//2548 2549//2549
f 2547//2547 2549//2549 2550//2550
f 2547//2547 2550//2550 2551//2551
f 2547//2547 2551//2551 2552//2552
f 2547//2547 2552//2552 2553//2553
f 2547//2547 2553//2553 2548//2548
f 2552//2552 2551//2551 2554//2554
f 2552//2552 2554//2554 2553//2553
f 2555//2555 2556//2556 2557//2557
f 2555//2555 2557//2557 2558//2558
f 2559//2559 2560//2560 2556//2556
f 2559//2559 2556//2556 2555//2555
f 2561//2561 2562//2562 2563//2563
f 2561//2561 2563//2563 2564//2564
f 2561//2561 2564//2564 2559//2559
f 2561//2561 2559//2559 2555//2555
f 2563//2563 2562//2562 2565//2565
f 2563//2563 2565//2565 2566//2566
f 2563//2563 2566//2566 2567//2567
f 2563//2563 2567//2567 2564//2564
f 2551//2551 2550//2550 2568//2568
f 2551//2551 2568//2568 2554//2554
f 2566//2566 2565//2565 2549//2549
f 2566//2566 2549//2549 2569//2569
f 2566//2566 2569//2569 2570//2570
f 2566//2566 2570//2570 2571//2571
f 2572//2572 2573//2573 2574//2574
f 2572//2572 2574//2574 2575//2575
f 2572//2572 2576//2576 2577//2577
f 2572//2572 2577//2577 2573//2573
f 2572//2572 2575//2575 2578//2578
f 2572//2572 2578//2578 2576//2576
f 2579//2579 2580//2580 2581//2581
f 2579//2579 2581//2581 2582//2582
f 2579//2579 2582//2582 2577//2577
f 2579//2579 2577//2577 2576//2576
f 2579//2579 2576//2576 2578//2578
f 2579//2579 2578//2578 2580//2580
f 2583//2583 2584//2584 2585//2585
f 2583//2583 2585//2585 2586//2586
f 2583//2583 2587//2587 2588//2588
f 2583//2583 2588//2588 2584//2584
f 2589//2589 2590//2590 2581//2581
f 2589//2589 2581//2581 2580//2580
f 2589//2589 2580//2580 2578//2578
f 2589//2589 2578//2578 2588//2588
f 2589//2589 2588//2588 2587//2587
f 2589//2589 2587//2587 2590//2590
f 2590//2590 2591//2591 2592//2592
f 2590//2590 2592//2592 2581//2581
f 2590//2590 2587//2587 2593//2593
f 2590//2590 2593//2593 2591//2591
f 2593//2593 2594//2594 2595//2595
f 2593//2593 2595//2595 2591//2591
f 2593//2593 2587//2587 2583//2583
f 2593//2593 2583//2583 2586//2586
f 2593//2593 2586//2586 2596//2596
f 2593//2593 2596//2596 2594//2594
f 2596//2596 2597//2597 2598//2598
f 2596//2596 2598//2598 2594//2594
f 2596//2596 2586//2586 2585//2585
f 2596//2596 2585//2585 2599//2599
f 2596//2596 2599//2599 2600//2600
f 2596//2596 2600//2600 2597//2597
f 2600//2600 2601//2601 2602//2602
f 2600//2600 2602//2602 2597//2597
f 2600//2600 2599//2599 2603//2603
f 2600//2600 2603//2603 2604//2604
f 2600//2600 2604//2604 2605//2605
f 2600//2600 2605//2605 2601//2601
f 2605//2605 2606//2606 2607//2607
f 2605//2605 2607//2607 2601//2601
f 2605//2605 2604//2604 2608//2608
f 2605//2605 2608//2608 2609//2609
f 2605//2605 2609//2609 2610//2610
f 2605//2605 2610//2610 2606//2606
f 2610//2610 2611//2611 2612//2612
f 2610//2610 2612//2612 2606//2606
f 2610//2610 2609//2609 2613//2613
f 2610//2610 2613//2613 2614//2614
f 2610//2610 2614//2614 2615//2615
f 2610//2610 2615//2615 2611//2611
f 2615//2615 2571//2571 2570//2570
f 2615//2615 2570//2570 2611//2611
f 2615//2615 2614//2614 2616//2616
f 2615//2615 2616//2616 2617//2617
f 2615//2615 2617//2617 2618//2618
f 2615//2615 2618//2618 2571//2571
f 2618//2618 2567//2567 2566//2566
f 2618//2618 2566//2566 2571//2571
f 2618//2618 2617//2617 2619//2619
f 2618//2618 2619//2619 2620//2620
f 2618//2618 2620//2620 2621//2621
f 2618//2618 2621//2621 2567//2567
f 2621//2621 2559//2559 2564//2564
f 2621//2621 2564//2564 2567//2567
f 2621//2621 2620//2620 2622//2622
f 2621//2621 2622//2622 2623//2623
f 2621//2621 2623//2623 2560//2560
f 2621//2621 2560//2560 2559//2559
f 2623//2623 2622//2622 2624//2624
f 2623//2623 2624//2624 2625//2625
f 2623//2623 2625//2625 2626//2626
f 2623//2623 2626//2626 2560//2560
f 2626//2626 2568//2568 2556//2556
f 2626//2626 2556//2556 2560//2560
f 2626//2626 2625//2625 2627//2627
f 2626//2626 2627//2627 2628//2628
f 2626//2626 2628//2628 2554//2554
f 2626//2626 2554//2554 2568//2568
f 2628//2628 2627//2627 2629//2629
f 2628//2628 2629//2629 2630//2630
f 2628//2628 2630//2630 2553//2553
f 2628//2628 2553//2553 2554//2554
f 2630//2630 2629//2629 2631//2631
f 2630//2630 2631//2631 2632//2632
f 2630//2630 2632//2632 2548//2548
f 2630//2630 2548//2548 2553//2553
f 2632//2632 2631//2631 2570//2570
f 2632//2632 2570//2570 2569//2569
f 2632//2632 2569//2569 2549//2549
f 2632//2632 2549//2549 2548//2548
f 2631//2631 2629//2629 2633//2633
f 2631//2631 2633//2633 2612//2612
f 2631//2631 2612//2612 2611//2611
f 2631//2631 2611//2611 2570//2570
f 2633//2633 2629//2629 2627//2627
f 2633//2633 2627//2627 2634//2634
f 2633//2633 2634//2634 2635//2635
f 2633//2633 2635//2635 2607//2607
f 2633//2633 2607//2607 2606//2606
f 2633//2633 2606//2606 2612//2612
f 2635//2635 2634//2634 2624//2624
f 2635//2635 2624//2624 2636//2636
f 2635//2635 2636//2636 2637//2637
f 2635//2635 2637//2637 2602//2602
f 2635//2635 2602//2602 2601//2601
f 2635//2635 2601//2601 2607//2607
f 2637//2637 2636//2636 2638//2638
f 2637//2637 2638//2638 2639//2639
f 2637//2637 2639//2639 2640//2640
f 2637//2637 2640//2640 2598//2598
f 2637//2637 2598//2598 2597//2597
f 2637//2637 2597//2597 2602//2602
f 2640//2640 2639//2639 2641//2641
f 2640//2640 2641//2641 2642//2642
f 2640//2640 2642//2642 2643//2643
f 2640//2640 2643//2643 2595//2595
f 2640//2640 2595//2595 2594//2594
f 2640//2640 2594//2594 2598//2598
f 2643//2643 2642//2642 2644//2644
f 2643//2643 2644//2644 2645//2645
f 2643//2643 2645//2645 2646//2646
f 2643//2643 2646//2646 2592//2592
f 2643//2643 2592//2592 2591//2591
f 2643//2643 2591//2591 2595//2595
f 2646//2646 2645//2645 2647//2647
f 2646//2646 2647//2647 2648//2648
f 2646//2646 2648//2648 2577//2577
f 2646//2646 2577//2577 2582//2582
f 2646//2646 2582//2582 2581//2581
f 2646//2646 2581//2581 2592//2592
f 2648//2648 2647//2647 2608//2608
f 2648//2648 2608//2608 2649//2649
f 2648//2648 2649//2649 2573//2573
f 2648//2648 2573//2573 2577//2577
f 2649//2649 2608//2608 2604//2604
f 2649//2649 2604//2604 2603//2603
f 2649//2649 2603//2603 2574//2574
f 2649//2649 2574//2574 2573//2573
f 2647//2647 2613//2613 2609//2609
f 2647//2647 2609//2609 2608//2608
f 2647//2647 2645//2645 2644//2644
f 2647//2647 2644//2644 2613//2613
f 2644//2644 2616//2616 2614//2614
f 2644//2644 2614//2614 2613//2613
f 2644//2644 2642//2642 2641//2641
f 2644//2644 2641//2641 2616//2616
f 2641//2641 2619//2619 2617//2617
f 2641//2641 2617//2617 2616//2616
f 2641//2641 2639//2639 2638//2638
f 2641//2641 2638//2638 2619//2619
f 2638//2638 2622//2622 2620//2620
f 2638//2638 2620//2620 2619//2619
f 2638//2638 2636//2636 2624//2624
f 2638//2638 2624//2624 2622//2622
f 2634//2634 2627//2627 2625//2625
f 2634//2634 2625//2625 2624//2624
f 2603//2603 2599//2599 2585//2585
f 2603//2603 2585//2585 2574//2574
f 2588//2588 2578//2578 2575//2575
f 2588//2588 2575//2575 2584//2584
f 2585//2585 2584//2584 2575//2575
f 2585//2585 2575//2575 2574//2574
f 2568//2568 2550//2550 2557//2557
f 2568//2568 2557//2557 2556//2556
f 2565//2565 2557//2557 2550//2550
f 2565//2565 2550//2550 2549//2549
f 2565//2565 2562//2562 2558//2558
f 2565//2565 2558//2558 2557//2557
f 2555//2555 2558//2558 2562//2562
f 2555//2555 2562//2562 2561//2561
f 2650//2650 2651//2651 2652//2652
f 2650//2650 2652//2652 2653//2653
f 2654//2654 2655//2655 2656//2656
f 2654//2654 2656//2656 2657//2657
f 2653//2653 2658//2658 2659//2659
f 2653//2653 2659//2659 2650//2650
f 2653//2653 2652//2652 2660//2660
f 2653//2653 2660//2660 2658//2658
f 2655//2655 2654//2654 2661//2661
f 2655//2655 2661//2661 2662//2662
f 2655//2655 2662//2662 2663//2663
f 2655//2655 2663//2663 2656//2656
f 2664//2664 2665//2665 2666//2666
f 2664//2664 2666//2666 2667//2667
f 2664//2664 2667//2667 2668//2668
f 2664//2664 2668//2668 2669//2669
f 2670//2670 2671//2671 2672//2672
f 2670//2670 2672//2672 2673//2673
f 2674//2674 2669//2669 2668//2668
f 2674//2674 2668//2668 2675//2675
f 2674//2674 2675//2675 2676//2676
f 2674//2674 2676//2676 2677//2677
f 2674//2674 2677//2677 2678//2678
f 2674//2674 2678//2678 2669//2669
f 2673//2673 2672//2672 2679//2679
f 2673//2673 2679//2679 2680//2680
f 2673//2673 2680//2680 2681//2681
f 2673//2673 2681//2681 2682//2682
f 2673//2673 2683//2683 2684//2684
f 2673//2673 2684//2684 2670//2670
f 2684//2684 2685//2685 2671//2671
f 2684//2684 2671//2671 2670//2670
f 2684//2684 2683//2683 2686//2686
f 2684//2684 2686//2686 2685//2685
f 2677//2677 2676//2676 2687//2687
f 2677//2677 2687//2687 2678//2678
f 2688//2688 2689//2689 2686//2686
f 2688//2688 2686//2686 2683//2683
f 2689//2689 2690//2690 2691//2691
f 2689//2689 2691//2691 2687//2687
f 2689//2689 2687//2687 2676//2676
f 2689//2689 2676//2676 2686//2686
f 2689//2689 2688//2688 2682//2682
f 2689//2689 2682//2682 2690//2690
f 2691//2691 2692//2692 2693//2693
f 2691//2691 2693//2693 2694//2694
f 2691//2691 2694//2694 2678//2678
f 2691//2691 2678//2678 2687//2687
f 2691//2691 2690//2690 2695//2695
f 2691//2691 2695//2695 2692//2692
f 2695//2695 2696//2696 2697//2697
f 2695//2695 2697//2697 2692//2692
f 2695//2695 2690//2690 2682//2682
f 2695//2695 2682//2682 2681//2681
f 2695//2695 2681//2681 2698//2698
f 2695//2695 2698//2698 2696//2696
f 2698//2698 2699//2699 2700//2700
f 2698//2698 2700//2700 2696//2696
f 2698//2698 2681//2681 2680//2680
f 2698//2698 2680//2680 2701//2701
f 2698//2698 2701//2701 2702//2702
f 2698//2698 2702//2702 2699//2699
f 2702//2702 2703//2703 2704//2704
f 2702//2702 2704//2704 2699//2699
f 2702//2702 2701//2701 2705//2705
f 2702//2702 2705//2705 2706//2706
f 2702//2702 2706//2706 2707//2707
f 2702//2702 2707//2707 2703//2703
f 2707//2707 2708//2708 2709//2709
f 2707//2707 2709//2709 2703//2703
f 2707//2707 2706//2706 2710//2710
f 2707//2707 2710//2710 2711//2711
f 2707//2707 2711//2711 2712//2712
f 2707//2707 2712//2712 2708//2708
f 2712//2712 2713//2713 2714//2714
f 2712//2712 2714//2714 2708//2708
f 2712//2712 2711//2711 2715//2715
f 2712//2712 2715//2715 2716//2716
f 2712//2712 2716//2716 2717//2717
f 2712//2712 2717//2717 2713//2713
f 2717//2717 2718//2718 2719//2719
f 2717//2717 2719//2719 2713//2713
f 2717//2717 2716//2716 2720//2720
f 2717//2717 2720//2720 2721//2721
f 2717//2717 2721//2721 2722//2722
f 2717//2717 2722//2722 2718//2718
f 2722//2722 2651//2651 2723//2723
f 2722//2722 2723//2723 2718//2718
f 2722//2722 2721//2721 2724//2724
f 2722//2722 2724//2724 2725//2725
f 2722//2722 2725//2725 2652//2652
f 2722//2722 2652//2652 2651//2651
f 2725//2725 2724//2724 2726//2726
f 2725//2725 2726//2726 2727//2727
f 2725//2725 2727//2727 2660//2660
f 2725//2725 2660//2660 2652//2652
f 2727//2727 2726//2726 2728//2728
f 2727//2727 2728//2728 2729//2729
f 2727//2727 2729//2729 2663//2663
f 2727//2727 2663//2663 2660//2660
f 2729//2729 2728//2728 2730//2730
f 2729//2729 2730//2730 2731//2731
f 2729//2729 2731//2731 2656//2656
f 2729//2729 2656//2656 2663//2663
f 2731//2731 2730//2730 2714//2714
f 2731//2731 2714//2714 2732//2732
f 2731//2731 2732//2732 2657//2657
f 2731//2731 2657//2657 2656//2656
f 2732//2732 2714//2714 2713//2713
f 2732//2732 2713//2713 2719//2719
f 2732//2732 2719//2719 2733//2733
f 2732//2732 2733//2733 2657//2657
f 2733//2733 2661//2661 2654//2654
f 2733//2733 2654//2654 2657//2657
f 2733//2733 2719//2719 2718//2718
f 2733//2733 2718//2718 2723//2723
f 2733//2733 2723//2723 2659//2659
f 2733//2733 2659//2659 2661//2661
f 2730//2730 2728//2728 2734//2734
f 2730//2730 2734//2734 2709//2709
f 2730//2730 2709//2709 2708//2708
f 2730//2730 2708//2708 2714//2714
f 2734//2734 2728//2728 2726//2726
f 2734//2734 2726//2726 2735//2735
f 2734//2734 2735//2735 2736//2736
f 2734//2734 2736//2736 2704//2704
f 2734//2734 2704//2704 2703//2703
f 2734//2734 2703//2703 2709//2709
f 2736//2736 2735//2735 2737//2737
f 2736//2736 2737//2737 2738//2738
f 2736//2736 2738//2738 2739//2739
f 2736//2736 2739//2739 2700//2700
f 2736//2736 2700//2700 2699//2699
f 2736//2736 2699//2699 2704//2704
f 2739//2739 2738//2738 2740//2740
f 2739//2739 2740//2740 2741//2741
f 2739//2739 2741//2741 2742//2742
f 2739//2739 2742//2742 2697//2697
f 2739//2739 2697//2697 2696//2696
f 2739//2739 2696//2696 2700//2700
f 2742//2742 2741//2741 2743//2743
f 2742//2742 2743//2743 2744//2744
f 2742//2742 2744//2744 2665//2665
f 2742//2742 2665//2665 2693//2693
f 2742//2742 2693//2693 2692//2692
f 2742//2742 2692//2692 2697//2697
f 2744//2744 2743//2743 2710//2710
f 2744//2744 2710//2710 2745//2745
f 2744//2744 2745//2745 2666//2666
f 2744//2744 2666//2666 2665//2665
f 2745//2745 2710//2710 2706//2706
f 2745//2745 2706//2706 2705//2705
f 2745//2745 2705//2705 2679//2679
f 2745//2745 2679//2679 2666//2666
f 2743//2743 2715//2715 2711//2711
f 2743//2743 2711//2711 2710//2710
f 2743//2743 2741//2741 2740//2740
f 2743//2743 2740//2740 2715//2715
f 2740//2740 2720//2720 2716//2716
f 2740//2740 2716//2716 2715//2715
f 2740//2740 2738//2738 2737//2737
f 2740//2740 2737//2737 2720//2720
f 2737//2737 2724//2724 2721//2721
f 2737//2737 2721//2721 2720//2720
f 2737//2737 2735//2735 2726//2726
f 2737//2737 2726//2726 2724//2724
f 2723//2723 2651//2651 2650//2650
f 2723//2723 2650//2650 2659//2659
f 2705//2705 2701//2701 2680//2680
f 2705//2705 2680//2680 2679//2679
f 2688//2688 2683//2683 2673//2673
f 2688//2688 2673//2673 2682//2682
f 2686//2686 2676//2676 2675//2675
f 2686//2686 2675//2675 2685//2685
f 2685//2685 2675//2675 2668//2668
f 2685//2685 2668//2668 2671//2671
f 2679//2679 2672//2672 2667//2667
f 2679//2679 2667//2667 2666//2666
f 2672//2672 2671//2671 2668//2668
f 2672//2672 2668//2668 2667//2667
f 2663//2663 2662//2662 2658//2658
f 2663//2663 2658//2658 2660//2660
f 2662//2662 2661//2661 2659//2659
f 2662//2662 2659//2659 2658//2658
f 2678//2678 2694//2694 2693//2693
f 2678//2678 2693//2693 2665//2665
f 2669//2669 2678//2678 2665//2665
f 2669//2669 2665//2665 2664//2664
f 2746//2746 2747//2747 2748//2748
f 2746//2746 2748//2748 2749//2749
f 2750//2750 2751//2751 2752//2752
f 2750//2750 2752//2752 2753//2753
f 2749//2749 2748//2748 2754//2754
f 2749//2749 2754//2754 2755//2755
f 2749//2749 2755//2755 2756//2756
f 2749//2749 2756//2756 2746//2746
f 2751//2751 2750//2750 2757//2757
f 2751//2751 2757//2757 2758//2758
f 2751//2751 2758//2758 2759//2759
f 2751//2751 2759//2759 2752//2752
f 2760//2760 2761//2761 2762//2762
f 2760//2760 2762//2762 2763//2763
f 2760//2760 2764//2764 2765//2765
f 2760//2760 2765//2765 2761//2761
f 2760//2760 2763//2763 2766//2766
f 2760//2760 2766//2766 2767//2767
f 2760//2760 2767//2767 2768//2768
f 2760//2760 2768//2768 2764//2764
f 2769//2769 2770//2770 2771//2771
f 2769//2769 2771//2771 2772//2772
f 2769//2769 2772//2772 2773//2773
f 2769//2769 2773//2773 2774//2774
f 2769//2769 2774//2774 2775//2775
f 2769//2769 2775//2775 2770//2770
f 2776//2776 2773//2773 2772//2772
f 2776//2776 2772//2772 2777//2777
f 2776//2776 2778//2778 2779//2779
f 2776//2776 2779//2779 2773//2773
f 2780//2780 2774//2774 2773//2773
f 2780//2780 2773//2773 2779//2779
f 2780//2780 2781//2781 2775//2775
f 2780//2780 2775//2775 2774//2774
f 2780//2780 2779//2779 2782//2782
f 2780//2780 2782//2782 2781//2781
f 2778//2778 2766//2766 2782//2782
f 2778//2778 2782//2782 2779//2779
f 2782//2782 2783//2783 2784//2784
f 2782//2782 2784//2784 2781//2781
f 2782//2782 2766//2766 2763//2763
f 2782//2782 2763//2763 2783//2783
f 2784//2784 2785//2785 2786//2786
f 2784//2784 2786//2786 2787//2787
f 2784//2784 2787//2787 2775//2775
f 2784//2784 2775//2775 2781//2781
f 2784//2784 2783//2783 2788//2788
f 2784//2784 2788//2788 2785//2785
f 2788//2788 2789//2789 2790//2790
f 2788//2788 2790//2790 2785//2785
f 2788//2788 2783//2783 2763//2763
f 2788//2788 2763//2763 2762//2762
f 2788//2788 2762//2762 2791//2791
f 2788//2788 2791//2791 2789//2789
f 2791//2791 2792//2792 2793//2793
f 2791//2791 2793//2793 2789//2789
f 2791//2791 2762//2762 2761//2761
f 2791//2791 2761//2761 2794//2794
f 2791//2791 2794//2794 2795//2795
f 2791//2791 2795//2795 2792//2792
f 2795//2795 2796//2796 2797//2797
f 2795//2795 2797//2797 2792//2792
f 2795//2795 2794//2794 2798//2798
f 2795//2795 2798//2798 2799//2799
f 2795//2795 2799//2799 2800//2800
f 2795//2795 2800//2800 2796//2796
f 2800//2800 2801//2801 2802//2802
f 2800//2800 2802//2802 2796//2796
f 2800//2800 2799//2799 2803//2803
f 2800//2800 2803//2803 2804//2804
f 2800//2800 2804//2804 2805//2805
f 2800//2800 2805//2805 2801//2801
f 2805//2805 2806//2806 2807//2807
f 2805//2805 2807//2807 2801//2801
f 2805//2805 2804//2804 2808//2808
f 2805//2805 2808//2808 2809//2809
f 2805//2805 2809//2809 2810//2810
f 2805//2805 2810//2810 2806//2806
f 2810//2810 2811//2811 2812//2812
f 2810//2810 2812//2812 2806//2806
f 2810//2810 2809//2809 2813//2813
f 2810//2810 2813//2813 2814//2814
f 2810//2810 2814//2814 2815//2815
f 2810//2810 2815//2815 2811//2811
f 2815//2815 2748//2748 2747//2747
f 2815//2815 2747//2747 2811//2811
f 2815//2815 2814//2814 2816//2816
f 2815//2815 2816//2816 2817//2817
f 2815//2815 2817//2817 2754//2754
f 2815//2815 2754//2754 2748//2748
f 2817//2817 2816//2816 2818//2818
f 2817//2817 2818//2818 2819//2819
f 2817//2817 2819//2819 2759//2759
f 2817//2817 2759//2759 2754//2754
f 2819//2819 2818//2818 2820//2820
f 2819//2819 2820//2820 2821//2821
f 2819//2819 2821//2821 2752//2752
f 2819//2819 2752//2752 2759//2759
f 2821//2821 2820//2820 2822//2822
f 2821//2821 2822//2822 2823//2823
f 2821//2821 2823//2823 2753//2753
f 2821//2821 2753//2753 2752//2752
f 2823//2823 2822//2822 2807//2807
f 2823//2823 2807//2807 2824//2824
f 2823//2823 2824//2824 2825//2825
f 2823//2823 2825//2825 2753//2753
f 2825//2825 2757//2757 2750//2750
f 2825//2825 2750//2750 2753//2753
f 2825//2825 2824//2824 2812//2812
f 2825//2825 2812//2812 2826//2826
f 2825//2825 2826//2826 2756//2756
f 2825//2825 2756//2756 2757//2757
f 2826//2826 2812//2812 2811//2811
f 2826//2826 2811//2811 2747//2747
f 2826//2826 2747//2747 2746//2746
f 2826//2826 2746//2746 2756//2756
f 2824//2824 2807//2807 2806//2806
f 2824//2824 2806//2806 2812//2812
f 2822//2822 2820//2820 2827//2827
f 2822//2822 2827//2827 2802//2802
f 2822//2822 2802//2802 2801//2801
f 2822//2822 2801//2801 2807//2807
f 2827//2827 2820//2820 2818//2818
f 2827//2827 2818//2818 2828//2828
f 2827//2827 2828//2828 2829//2829
f 2827//2827 2829//2829 2797//2797
f 2827//2827 2797//2797 2796//2796
f 2827//2827 2796//2796 2802//2802
f 2829//2829 2828//2828 2830//2830
f 2829//2829 2830//2830 2831//2831
f 2829//2829 2831//2831 2832//2832
f 2829//2829 2832//2832 2793//2793
f 2829//2829 2793//2793 2792//2792
f 2829//2829 2792//2792 2797//2797
f 2832//2832 2831//2831 2833//2833
f 2832//2832 2833//2833 2834//2834
f 2832//2832 2834//2834 2835//2835
f 2832//2832 2835//2835 2790//2790
f 2832//2832 2790//2790 2789//2789
f 2832//2832 2789//2789 2793//2793
f 2835//2835 2834//2834 2836//2836
f 2835//2835 2836//2836 2837//2837
f 2835//2835 2837//2837 2838//2838
f 2835//2835 2838//2838 2786//2786
f 2835//2835 2786//2786 2785//2785
f 2835//2835 2785//2785 2790//2790
f 2838//2838 2837//2837 2839//2839
f 2838//2838 2839//2839 2840//2840
f 2838//2838 2840//2840 2841//2841
f 2838//2838 2841//2841 2842//2842
f 2838//2838 2842//2842 2787//2787
f 2838//2838 2787//2787 2786//2786
f 2842//2842 2841//2841 2771//2771
f 2842//2842 2771//2771 2770//2770
f 2842//2842 2770//2770 2775//2775
f 2842//2842 2775//2775 2787//2787
f 2841//2841 2840//2840 2765//2765
f 2841//2841 2765//2765 2764//2764
f 2841//2841 2764//2764 2768//2768
f 2841//2841 2768//2768 2771//2771
f 2840//2840 2839//2839 2798//2798
f 2840//2840 2798//2798 2765//2765
f 2839//2839 2803//2803 2799//2799
f 2839//2839 2799//2799 2798//2798
f 2839//2839 2837//2837 2836//2836
f 2839//2839 2836//2836 2803//2803
f 2836//2836 2808//2808 2804//2804
f 2836//2836 2804//2804 2803//2803
f 2836//2836 2834//2834 2833//2833
f 2836//2836 2833//2833 2808//2808
f 2833//2833 2813//2813 2809//2809
f 2833//2833 2809//2809 2808//2808
f 2833//2833 2831//2831 2830//2830
f 2833//2833 2830//2830 2813//2813
f 2830//2830 2816//2816 2814//2814
f 2830//2830 2814//2814 2813//2813
f 2830//2830 2828//2828 2818//2818
f 2830//2830 2818//2818 2816//2816
f 2798//2798 2794//2794 2761//2761
f 2798//2798 2761//2761 2765//2765
f 2772//2772 2771//2771 2768//2768
f 2772//2772 2768//2768 2777//2777
f 2767//2767 2766//2766 2778//2778
f 2767//2767 2778//2778 2776//2776
f 2777//2777 2768//2768 2767//2767
f 2777//2777 2767//2767 2776//2776
f 2759//2759 2758//2758 2755//2755
f 2759//2759 2755//2755 2754//2754
f 2758//2758 2757//2757 2756//2756
f 2758//2758 2756//2756 2755//2755
f 2843//2843 2844//2844 2845//2845
f 2843//2843 2845//2845 2846//2846
f 2843//2843 2847//2847 2848//2848
f 2843//2843 2848//2848 2844//2844
f 2843//2843 2846//2846 2849//2849
f 2843//2843 2849//2849 2847//2847
f 2850//2850 2851//2851 2852//2852
f 2850//2850 2852//2852 2853//2853
f 2850//2850 2854//2854 2855//2855
f 2850//2850 2855//2855 2851//2851
f 2850//2850 2853//2853 2856//2856
f 2850//2850 2856//2856 2854//2854
f 2852//2852 2851//2851 2857//2857
f 2852//2852 2857//2857 2858//2858
f 2852//2852 2858//2858 2859//2859
f 2852//2852 2859//2859 2853//2853
f 2858//2858 2857//2857 2860//2860
f 2858//2858 2860//2860 2859//2859
f 2845//2845 2844//2844 2861//2861
f 2845//2845 2861//2861 2862//2862
f 2845//2845 2862//2862 2863//2863
f 2845//2845 2863//2863 2846//2846
f 2854//2854 2864//2864 2865//2865
f 2854//2854 2865//2865 2855//2855
f 2854//2854 2866//2866 2867//2867
f 2854//2854 2867//2867 2864//2864
f 2868//2868 2869//2869 2849//2849
f 2868//2868 2849//2849 2870//2870
f 2868//2868 2870//2870 2871//2871
f 2868//2868 2871//2871 2872//2872
f 2868//2868 2872//2872 2873//2873
f 2868//2868 2873//2873 2869//2869
f 2874//2874 2859//2859 2860//2860
f 2874//2874 2860//2860 2875//2875
f 2863//2863 2862//2862 2871//2871
f 2863//2863 2871//2871 2870//2870
f 2863//2863 2870//2870 2849//2849
f 2863//2863 2849//2849 2846//2846
f 2876//2876 2877//2877 2856//2856
f 2876//2876 2856//2856 2853//2853
f 2874//2874 2878//2878 2877//2877
f 2874//2874 2877//2877 2876//2876
f 2876//2876 2853//2853 2859//2859
f 2876//2876 2859//2859 2874//2874
f 2871//2871 2862//2862 2879//2879
f 2871//2871 2879//2879 2880//2880
f 2871//2871 2880//2880 2881//2881
f 2871//2871 2881//2881 2882//2882
f 2871//2871 2882//2882 2875//2875
f 2871//2871 2875//2875 2872//2872
f 2883//2883 2884//2884 2885//2885
f 2883//2883 2885//2885 2886//2886
f 2883//2883 2886//2886 2887//2887
f 2883//2883 2887//2887 2888//2888
f 2889//2889 2890//2890 2891//2891
f 2889//2889 2891//2891 2892//2892
f 2889//2889 2893//2893 2894//2894
f 2889//2889 2894//2894 2890//2890
f 2895//2895 2896//2896 2897//2897
f 2895//2895 2897//2897 2898//2898
f 2890//2890 2894//2894 2899//2899
f 2890//2890 2899//2899 2891//2891
f 2900//2900 2898//2898 2901//2901
f 2900//2900 2901//2901 2902//2902
f 2900//2900 2902//2902 2903//2903
f 2900//2900 2903//2903 2904//2904
f 2900//2900 2904//2904 2895//2895
f 2900//2900 2895//2895 2898//2898
f 2904//2904 2903//2903 2905//2905
f 2904//2904 2905//2905 2906//2906
f 2904//2904 2906//2906 2896//2896
f 2904//2904 2896//2896 2895//2895
f 2906//2906 2905//2905 2907//2907
f 2906//2906 2907//2907 2899//2899
f 2906//2906 2899//2899 2894//2894
f 2906//2906 2894//2894 2896//2896
f 2907//2907 2908//2908 2909//2909
f 2907//2907 2909//2909 2910//2910
f 2907//2907 2910//2910 2891//2891
f 2907//2907 2891//2891 2899//2899
f 2907//2907 2905//2905 2911//2911
f 2907//2907 2911//2911 2908//2908
f 2911//2911 2912//2912 2913//2913
f 2911//2911 2913//2913 2908//2908
f 2911//2911 2905//2905 2903//2903
f 2911//2911 2903//2903 2914//2914
f 2911//2911 2914//2914 2915//2915
f 2911//2911 2915//2915 2912//2912
f 2915//2915 2916//2916 2917//2917
f 2915//2915 2917//2917 2912//2912
f 2915//2915 2914//2914 2918//2918
f 2915//2915 2918//2918 2919//2919
f 2915//2915 2919//2919 2920//2920
f 2915//2915 2920//2920 2916//2916
f 2920//2920 2921//2921 2922//2922
f 2920//2920 2922//2922 2916//2916
f 2920//2920 2919//2919 2923//2923
f 2920//2920 2923//2923 2924//2924
f 2920//2920 2924//2924 2925//2925
f 2920//2920 2925//2925 2921//2921
f 2925//2925 2926//2926 2927//2927
f 2925//2925 2927//2927 2921//2921
f 2925//2925 2924//2924 2928//2928
f 2925//2925 2928//2928 2929//2929
f 2925//2925 2929//2929 2930//2930
f 2925//2925 2930//2930 2926//2926
f 2930//2930 2931//2931 2932//2932
f 2930//2930 2932//2932 2926//2926
f 2930//2930 2929//2929 2933//2933
f 2930//2930 2933//2933 2934//2934
f 2930//2930 2934//2934 2935//2935
f 2930//2930 2935//2935 2931//2931
f 2935//2935 2936//2936 2937//2937
f 2935//2935 2937//2937 2931//2931
f 2935//2935 2934//2934 2938//2938
f 2935//2935 2938//2938 2939//2939
f 2935//2935 2939//2939 2940//2940
f 2935//2935 2940//2940 2936//2936
f 2940//2940 2941//2941 2867//2867
f 2940//2940 2867//2867 2936//2936
f 2940//2940 2939//2939 2942//2942
f 2940//2940 2942//2942 2943//2943
f 2940//2940 2943//2943 2944//2944
f 2940//2940 2944//2944 2941//2941
f 2944//2944 2861//2861 2945//2945
f 2944//2944 2945//2945 2941//2941
f 2944//2944 2943//2943 2946//2946
f 2944//2944 2946//2946 2879//2879
f 2944//2944 2879//2879 2862//2862
f 2944//2944 2862//2862 2861//2861
f 2946//2946 2943//2943 2942//2942
f 2946//2946 2942//2942 2947//2947
f 2946//2946 2947//2947 2948//2948
f 2946//2946 2948//2948 2949//2949
f 2946//2946 2949//2949 2880//2880
f 2946//2946 2880//2880 2879//2879
f 2949//2949 2948//2948 2950//2950
f 2949//2949 2950//2950 2951//2951
f 2949//2949 2951//2951 2881//2881
f 2949//2949 2881//2881 2880//2880
f 2951//2951 2950//2950 2952//2952
f 2951//2951 2952//2952 2953//2953
f 2951//2951 2953//2953 2954//2954
f 2951//2951 2954//2954 2881//2881
f 2954//2954 2878//2878 2882//2882
f 2954//2954 2882//2882 2881//2881
f 2954//2954 2953//2953 2955//2955
f 2954//2954 2955//2955 2956//2956
f 2954//2954 2956//2956 2877//2877
f 2954//2954 2877//2877 2878//2878
f 2956//2956 2955//2955 2957//2957
f 2956//2956 2957//2957 2958//2958
f 2956//2956 2958//2958 2856//2856
f 2956//2956 2856//2856 2877//2877
f 2958//2958 2957//2957 2937//2937
f 2958//2958 2937//2937 2866//2866
f 2958//2958 2866//2866 2854//2854
f 2958//2958 2854//2854 2856//2856
f 2957//2957 2955//2955 2959//2959
f 2957//2957 2959//2959 2932//2932
f 2957//2957 2932//2932 2931//2931
f 2957//2957 2931//2931 2937//2937
f 2959//2959 2955//2955 2953//2953
f 2959//2959 2953//2953 2952//2952
f 2959//2959 2952//2952 2960//2960
f 2959//2959 2960//2960 2927//2927
f 2959//2959 2927//2927 2926//2926
f 2959//2959 2926//2926 2932//2932
f 2960//2960 2952//2952 2950//2950
f 2960//2960 2950//2950 2961//2961
f 2960//2960 2961//2961 2962//2962
f 2960//2960 2962//2962 2922//2922
f 2960//2960 2922//2922 2921//2921
f 2960//2960 2921//2921 2927//2927
f 2962//2962 2961//2961 2963//2963
f 2962//2962 2963//2963 2964//2964
f 2962//2962 2964//2964 2965//2965
f 2962//2962 2965//2965 2917//2917
f 2962//2962 2917//2917 2916//2916
f 2962//2962 2916//2916 2922//2922
f 2965//2965 2964//2964 2966//2966
f 2965//2965 2966//2966 2967//2967
f 2965//2965 2967//2967 2968//2968
f 2965//2965 2968//2968 2913//2913
f 2965//2965 2913//2913 2912//2912
f 2965//2965 2912//2912 2917//2917
f 2968//2968 2967//2967 2969//2969
f 2968//2968 2969//2969 2970//2970
f 2968//2968 2970//2970 2885//2885
f 2968//2968 2885//2885 2909//2909
f 2968//2968 2909//2909 2908//2908
f 2968//2968 2908//2908 2913//2913
f 2970//2970 2969//2969 2971//2971
f 2970//2970 2971//2971 2972//2972
f 2970//2970 2972//2972 2886//2886
f 2970//2970 2886//2886 2885//2885
f 2972//2972 2971//2971 2973//2973
f 2972//2972 2973//2973 2974//2974
f 2972//2972 2974//2974 2887//2887
f 2972//2972 2887//2887 2886//2886
f 2974//2974 2973//2973 2928//2928
f 2974//2974 2928//2928 2975//2975
f 2974//2974 2975//2975 2976//2976
f 2974//2974 2976//2976 2887//2887
f 2976//2976 2975//2975 2923//2923
f 2976//2976 2923//2923 2977//2977
f 2976//2976 2977//2977 2901//2901
f 2976//2976 2901//2901 2978//2978
f 2976//2976 2978//2978 2888//2888
f 2976//2976 2888//2888 2887//2887
f 2978//2978 2901//2901 2898//2898
f 2978//2978 2898//2898 2897//2897
f 2978//2978 2897//2897 2893//2893
f 2978//2978 2893//2893 2888//2888
f 2977//2977 2923//2923 2919//2919
f 2977//2977 2919//2919 2918//2918
f 2977//2977 2918//2918 2902//2902
f 2977//2977 2902//2902 2901//2901
f 2975//2975 2928//2928 2924//2924
f 2975//2975 2924//2924 2923//2923
f 2973//2973 2933//2933 2929//2929
f 2973//2973 2929//2929 2928//2928
f 2973//2973 2971//2971 2979//2979
f 2973//2973 2979//2979 2933//2933
f 2979//2979 2938//2938 2934//2934
f 2979//2979 2934//2934 2933//2933
f 2979//2979 2971//2971 2969//2969
f 2979//2979 2969//2969 2980//2980
f 2979//2979 2980//2980 2981//2981
f 2979//2979 2981//2981 2938//2938
f 2981//2981 2942//2942 2939//2939
f 2981//2981 2939//2939 2938//2938
f 2981//2981 2980//2980 2966//2966
f 2981//2981 2966//2966 2982//2982
f 2981//2981 2982//2982 2947//2947
f 2981//2981 2947//2947 2942//2942
f 2982//2982 2966//2966 2964//2964
f 2982//2982 2964//2964 2963//2963
f 2982//2982 2963//2963 2948//2948
f 2982//2982 2948//2948 2947//2947
f 2980//2980 2969//2969 2967//2967
f 2980//2980 2967//2967 2966//2966
f 2963//2963 2961//2961 2950//2950
f 2963//2963 2950//2950 2948//2948
f 2945//2945 2848//2848 2865//2865
f 2945//2945 2865//2865 2864//2864
f 2945//2945 2864//2864 2867//2867
f 2945//2945 2867//2867 2941//2941
f 2945//2945 2861//2861 2844//2844
f 2945//2945 2844//2844 2848//2848
f 2937//2937 2936//2936 2867//2867
f 2937//2937 2867//2867 2866//2866
f 2918//2918 2914//2914 2903//2903
f 2918//2918 2903//2903 2902//2902
f 2910//2910 2909//2909 2885//2885
f 2910//2910 2885//2885 2884//2884
f 2910//2910 2884//2884 2892//2892
f 2910//2910 2892//2892 2891//2891
f 2897//2897 2896//2896 2894//2894
f 2897//2897 2894//2894 2893//2893
f 2892//2892 2884//2884 2883//2883
f 2892//2892 2883//2883 2888//2888
f 2892//2892 2888//2888 2893//2893
f 2892//2892 2893//2893 2889//2889
f 2882//2882 2878//2878 2874//2874
f 2882//2882 2874//2874 2875//2875
f 2875//2875 2860//2860 2873//2873
f 2875//2875 2873//2873 2872//2872
f 2873//2873 2860//2860 2857//2857
f 2873//2873 2857//2857 2983//2983
f 2873//2873 2983//2983 2984//2984
f 2873//2873 2984//2984 2869//2869
f 2984//2984 2983//2983 2855//2855
f 2984//2984 2855//2855 2865//2865
f 2984//2984 2865//2865 2848//2848
f 2984//2984 2848//2848 2847//2847
f 2984//2984 2847//2847 2849//2849
f 2984//2984 2849//2849 2869//2869
f 2983//2983 2857//2857 2851//2851
f 2983//2983 2851//2851 2855//2855
f 2985//2985 2986//2986 2987//2987
f 2985//2985 2987//2987 2988//2988
f 2985//2985 2989//2989 2990//2990
f 2985//2985 2990//2990 2986//2986
f 2985//2985 2988//2988 2991//2991
f 2985//2985 2991//2991 2989//2989
f 2992//2992 2993//2993 2994//2994
f 2992//2992 2994//2994 2995//2995
f 2996//2996 2987//2987 2997//2997
f 2996//2996 2997//2997 2998//2998
f 2996//2996 2998//2998 2999//2999
f 2996//2996 2999//2999 3000//3000
f 2996//2996 3000//3000 2988//2988
f 2996//2996 2988//2988 2987//2987
f 3001//3001 2998//2998 2997//2997
f 3001//3001 2997//2997 2995//2995
f 3001//3001 3002//3002 2999//2999
f 3001//3001 2999//2999 2998//2998
f 3001//3001 2995//2995 2994//2994
f 3001//3001 2994//2994 3002//3002
f 3000//3000 2999//2999 2991//2991
f 3000//3000 2991//2991 2988//2988
f 2999//2999 3003//3003 3004//3004
f 2999//2999 3004//3004 2991//2991
f 3005//3005 3006//3006 3007//3007
f 3005//3005 3007//3007 3008//3008
f 3005//3005 3008//3008 3009//3009
f 3005//3005 3009//3009 3010//3010
f 3005//3005 3010//3010 3011//3011
f 3005//3005 3011//3011 3006//3006
f 3012//3012 3013//3013 3014//3014
f 3012//3012 3014//3014 3015//3015
f 3007//3007 3016//3016 3013//3013
f 3007//3007 3013//3013 3012//3012
f 3012//3012 3015//3015 3008//3008
f 3012//3012 3008//3008 3007//3007
f 3007//3007 3006//3006 3017//3017
f 3007//3007 3017//3017 3016//3016
f 3011//3011 3018//3018 3019//3019
f 3011//3011 3019//3019 3020//3020
f 3011//3011 3010//3010 3021//3021
f 3011//3011 3021//3021 3018//3018
f 3020//3020 3022//3022 3023//3023
f 3020//3020 3023//3023 3011//3011
f 3020//3020 3019//3019 3024//3024
f 3020//3020 3024//3024 3022//3022
f 3025//3025 3026//3026 3027//3027
f 3025//3025 3027//3027 3028//3028
f 3025//3025 3028//3028 3029//3029
f 3025//3025 3029//3029 3030//3030
f 3031//3031 3032//3032 3033//3033
f 3031//3031 3033//3033 3034//3034
f 3031//3031 3034//3034 3022//3022
f 3031//3031 3022//3022 3024//3024
f 3031//3031 3024//3024 3035//3035
f 3031//3031 3035//3035 3032//3032
f 3033//3033 3032//3032 3036//3036
f 3033//3033 3036//3036 3030//3030
f 3033//3033 3030//3030 3029//3029
f 3033//3033 3029//3029 3034//3034
f 3019//3019 3018//3018 3035//3035
f 3019//3019 3035//3035 3024//3024
f 3035//3035 3018//3018 3021//3021
f 3035//3035 3021//3021 3037//3037
f 3035//3035 3037//3037 3036//3036
f 3035//3035 3036//3036 3032//3032
f 3037//3037 3021//3021 3038//3038
f 3037//3037 3038//3038 3039//3039
f 3037//3037 3039//3039 3040//3040
f 3037//3037 3040//3040 3036//3036
f 3039//3039 3038//3038 3041//3041
f 3039//3039 3041//3041 3042//3042
f 3039//3039 3042//3042 3043//3043
f 3039//3039 3043//3043 3040//3040
f 3043//3043 3044//3044 3045//3045
f 3043//3043 3045//3045 3040//3040
f 3043//3043 3042//3042 3046//3046
f 3043//3043 3046//3046 3047//3047
f 3043//3043 3047//3047 3048//3048
f 3043//3043 3048//3048 3044//3044
f 3048//3048 3049//3049 3050//3050
f 3048//3048 3050//3050 3044//3044
f 3048//3048 3047//3047 3051//3051
f 3048//3048 3051//3051 3052//3052
f 3048//3048 3052//3052 3053//3053
f 3048//3048 3053//3053 3049//3049
f 3053//3053 3054//3054 3055//3055
f 3053//3053 3055//3055 3049//3049
f 3053//3053 3052//3052 3056//3056
f 3053//3053 3056//3056 3057//3057
f 3053//3053 3057//3057 3058//3058
f 3053//3053 3058//3058 3054//3054
f 3058//3058 3059//3059 3060//3060
f 3058//3058 3060//3060 3054//3054
f 3058//3058 3057//3057 3061//3061
f 3058//3058 3061//3061 3062//3062
f 3058//3058 3062//3062 3063//3063
f 3058//3058 3063//3063 3059//3059
f 3063//3063 3064//3064 3065//3065
f 3063//3063 3065//3065 3059//3059
f 3063//3063 3062//3062 3066//3066
f 3063//3063 3066//3066 3067//3067
f 3063//3063 3067//3067 3068//3068
f 3063//3063 3068//3068 3064//3064
f 3068//3068 3069//3069 3070//3070
f 3068//3068 3070//3070 3064//3064
f 3068//3068 3067//3067 3071//3071
f 3068//3068 3071//3071 3072//3072
f 3068//3068 3072//3072 3004//3004
f 3068//3068 3004//3004 3069//3069
f 3072//3072 3071//3071 2990//2990
f 3072//3072 2990//2990 2989//2989
f 3072//3072 2989//2989 2991//2991
f 3072//3072 2991//2991 3004//3004
f 3071//3071 3067//3067 3066//3066
f 3071//3071 3066//3066 3073//3073
f 3071//3071 3073//3073 3074//3074
f 3071//3071 3074//3074 2990//2990
f 3074//3074 3073//3073 3075//3075
f 3074//3074 3075//3075 2993//2993
f 3074//3074 2993//2993 2992//2992
f 3074//3074 2992//2992 3076//3076
f 3074//3074 3076//3076 2986//2986
f 3074//3074 2986//2986 2990//2990
f 3076//3076 2992//2992 2995//2995
f 3076//3076 2995//2995 2997//2997
f 3076//3076 2997//2997 2987//2987
f 3076//3076 2987//2987 2986//2986
f 3075//3075 3073//3073 3066//3066
f 3075//3075 3066//3066 3077//3077
f 3075//3075 3077//3077 3078//3078
f 3075//3075 3078//3078 3079//3079
f 3075//3075 3079//3079 2994//2994
f 3075//3075 2994//2994 2993//2993
f 3079//3079 3078//3078 3080//3080
f 3079//3079 3080//3080 3081//3081
f 3079//3079 3081//3081 3002//3002
f 3079//3079 3002//3002 2994//2994
f 3081//3081 3080//3080 3082//3082
f 3081//3081 3082//3082 3003//3003
f 3081//3081 3003//3003 2999//2999
f 3081//3081 2999//2999 3002//3002
f 3082//3082 3080//3080 3083//3083
f 3082//3082 3083//3083 3084//3084
f 3082//3082 3084//3084 3070//3070
f 3082//3082 3070//3070 3069//3069
f 3082//3082 3069//3069 3004//3004
f 3082//3082 3004//3004 3003//3003
f 3084//3084 3083//3083 3085//3085
f 3084//3084 3085//3085 3086//3086
f 3084//3084 3086//3086 3087//3087
f 3084//3084 3087//3087 3070//3070
f 3087//3087 3086//3086 3088//3088
f 3087//3087 3088//3088 3089//3089
f 3087//3087 3089//3089 3090//3090
f 3087//3087 3090//3090 3065//3065
f 3087//3087 3065//3065 3064//3064
f 3087//3087 3064//3064 3070//3070
f 3090//3090 3089//3089 3091//3091
f 3090//3090 3091//3091 3092//3092
f 3090//3090 3092//3092 3093//3093
f 3090//3090 3093//3093 3060//3060
f 3090//3090 3060//3060 3059//3059
f 3090//3090 3059//3059 3065//3065
f 3093//3093 3092//3092 3094//3094
f 3093//3093 3094//3094 3015//3015
f 3093//3093 3015//3015 3014//3014
f 3093//3093 3014//3014 3055//3055
f 3093//3093 3055//3055 3054//3054
f 3093//3093 3054//3054 3060//3060
f 3094//3094 3041//3041 3038//3038
f 3094//3094 3038//3038 3009//3009
f 3094//3094 3009//3009 3008//3008
f 3094//3094 3008//3008 3015//3015
f 3094//3094 3092//3092 3091//3091
f 3094//3094 3091//3091 3041//3041
f 3091//3091 3046//3046 3042//3042
f 3091//3091 3042//3042 3041//3041
f 3091//3091 3089//3089 3088//3088
f 3091//3091 3088//3088 3046//3046
f 3088//3088 3051//3051 3047//3047
f 3088//3088 3047//3047 3046//3046
f 3088//3088 3086//3086 3085//3085
f 3088//3088 3085//3085 3051//3051
f 3085//3085 3056//3056 3052//3052
f 3085//3085 3052//3052 3051//3051
f 3085//3085 3083//3083 3095//3095
f 3085//3085 3095//3095 3056//3056
f 3095//3095 3061//3061 3057//3057
f 3095//3095 3057//3057 3056//3056
f 3095//3095 3083//3083 3080//3080
f 3095//3095 3080//3080 3078//3078
f 3095//3095 3078//3078 3077//3077
f 3095//3095 3077//3077 3061//3061
f 3077//3077 3066//3066 3062//3062
f 3077//3077 3062//3062 3061//3061
f 3055//3055 3014//3014 3050//3050
f 3055//3055 3050//3050 3049//3049
f 3050//3050 3014//3014 3013//3013
f 3050//3050 3013//3013 3096//3096
f 3050//3050 3096//3096 3045//3045
f 3050//3050 3045//3045 3044//3044
f 3096//3096 3013//3013 3016//3016
f 3096//3096 3016//3016 3027//3027
f 3096//3096 3027//3027 3026//3026
f 3096//3096 3026//3026 3045//3045
f 3038//3038 3021//3021 3010//3010
f 3038//3038 3010//3010 3009//3009
f 3034//3034 3029//3029 3023//3023
f 3034//3034 3023//3023 3022//3022
f 3029//3029 3028//3028 3017//3017
f 3029//3029 3017//3017 3023//3023
f 3028//3028 3027//3027 3016//3016
f 3028//3028 3016//3016 3017//3017
f 3026//3026 3025//3025 3030//3030
f 3026//3026 3030//3030 3036//3036
f 3026//3026 3036//3036 3040//3040
f 3026//3026 3040//3040 3045//3045
f 3023//3023 3017//3017 3006//3006
f 3023//3023 3006//3006 3011//3011
f 3097//3097 3098//3098 3099//3099
f 3097//3097 3099//3099 3100//3100
f 3097//3097 3100//3100 3101//3101
f 3097//3097 3101//3101 3102//3102
f 3103//3103 3104//3104 3105//3105
f 3103//3103 3105//3105 3106//3106
f 3103//3103 3106//3106 3107//3107
f 3103//3103 3107//3107 3108//3108
f 3103//3103 3108//3108 3109//3109
f 3103//3103 3109//3109 3104//3104
f 3108//3108 3107//3107 3110//3110
f 3108//3108 3110//3110 3109//3109
f 3106//3106 3105//3105 3111//3111
f 3106//3106 3111//3111 3107//3107
f 3112//3112 3100//3100 3099//3099
f 3112//3112 3099//3099 3113//3113
f 3112//3112 3113//3113 3114//3114
f 3112//3112 3114//3114 3115//3115
f 3112//3112 3115//3115 3101//3101
f 3112//3112 3101//3101 3100//3100
f 3107//3107 3111//3111 3116//3116
f 3107//3107 3116//3116 3117//3117
f 3107//3107 3117//3117 3118//3118
f 3107//3107 3118//3118 3110//3110
f 3119//3119 3120//3120 3121//3121
f 3119//3119 3121//3121 3122//3122
f 3119//3119 3123//3123 3124//3124
f 3119//3119 3124//3124 3120//3120
f 3125//3125 3126//3126 3127//3127
f 3125//3125 3127//3127 3128//3128
f 3125//3125 3128//3128 3129//3129
f 3125//3125 3129//3129 3130//3130
f 3131//3131 3132//3132 3133//3133
f 3131//3131 3133//3133 3134//3134
f 3134//3134 3135//3135 3123//3123
f 3134//3134 3123//3123 3131//3131
f 3134//3134 3133//3133 3136//3136
f 3134//3134 3136//3136 3135//3135
f 3137//3137 3130//3130 3129//3129
f 3137//3137 3129//3129 3138//3138
f 3137//3137 3138//3138 3139//3139
f 3137//3137 3139//3139 3140//3140
f 3137//3137 3140//3140 3141//3141
f 3137//3137 3141//3141 3130//3130
f 3141//3141 3126//3126 3125//3125
f 3141//3141 3125//3125 3130//3130
f 3141//3141 3140//3140 3133//3133
f 3141//3141 3133//3133 3132//3132
f 3141//3141 3132//3132 3142//3142
f 3141//3141 3142//3142 3126//3126
f 3140//3140 3139//3139 3136//3136
f 3140//3140 3136//3136 3133//3133
f 3139//3139 3143//3143 3144//3144
f 3139//3139 3144//3144 3136//3136
f 3139//3139 3138//3138 3145//3145
f 3139//3139 3145//3145 3143//3143
f 3145//3145 3146//3146 3147//3147
f 3145//3145 3147//3147 3143//3143
f 3145//3145 3138//3138 3129//3129
f 3145//3145 3129//3129 3148//3148
f 3145//3145 3148//3148 3149//3149
f 3145//3145 3149//3149 3146//3146
f 3149//3149 3150//3150 3151//3151
f 3149//3149 3151//3151 3146//3146
f 3149//3149 3148//3148 3152//3152
f 3149//3149 3152//3152 3153//3153
f 3149//3149 3153//3153 3154//3154
f 3149//3149 3154//3154 3150//3150
f 3154//3154 3155//3155 3156//3156
f 3154//3154 3156//3156 3150//3150
f 3154//3154 3153//3153 3157//3157
f 3154//3154 3157//3157 3158//3158
f 3154//3154 3158//3158 3159//3159
f 3154//3154 3159//3159 3155//3155
f 3159//3159 3160//3160 3161//3161
f 3159//3159 3161//3161 3155//3155
f 3159//3159 3158//3158 3162//3162
f 3159//3159 3162//3162 3163//3163
f 3159//3159 3163//3163 3164//3164
f 3159//3159 3164//3164 3160//3160
f 3164//3164 3165//3165 3166//3166
f 3164//3164 3166//3166 3160//3160
f 3164//3164 3163//3163 3167//3167
f 3164//3164 3167//3167 3168//3168
f 3164//3164 3168//3168 3169//3169
f 3164//3164 3169//3169 3165//3165
f 3169//3169 3170//3170 3171//3171
f 3169//3169 3171//3171 3165//3165
f 3169//3169 3168//3168 3172//3172
f 3169//3169 3172//3172 3173//3173
f 3169//3169 3173//3173 3174//3174
f 3169//3169 3174//3174 3170//3170
f 3174//3174 3175//3175 3176//3176
f 3174//3174 3176//3176 3170//3170
f 3174//3174 3173//3173 3177//3177
f 3174//3174 3177//3177 3178//3178
f 3174//3174 3178//3178 3179//3179
f 3174//3174 3179//3179 3175//3175
f 3179//3179 3180//3180 3181//3181
f 3179//3179 3181//3181 3175//3175
f 3179//3179 3178//3178 3182//3182
f 3179//3179 3182//3182 3183//3183
f 3179//3179 3183//3183 3184//3184
f 3179//3179 3184//3184 3180//3180
f 3184//3184 3185//3185 3186//3186
f 3184//3184 3186//3186 3180//3180
f 3184//3184 3183//3183 3187//3187
f 3184//3184 3187//3187 3188//3188
f 3184//3184 3188//3188 3189//3189
f 3184//3184 3189//3189 3185//3185
f 3189//3189 3190//3190 3114//3114
f 3189//3189 3114//3114 3185//3185
f 3189//3189 3188//3188 3191//3191
f 3189//3189 3191//3191 3116//3116
f 3189//3189 3116//3116 3111//3111
f 3189//3189 3111//3111 3190//3190
f 3191//3191 3188//3188 3187//3187
f 3191//3191 3187//3187 3192//3192
f 3191//3191 3192//3192 3193//3193
f 3191//3191 3193//3193 3194//3194
f 3191//3191 3194//3194 3117//3117
f 3191//3191 3117//3117 3116//3116
f 3194//3194 3193//3193 3195//3195
f 3194//3194 3195//3195 3196//3196
f 3194//3194 3196//3196 3118//3118
f 3194//3194 3118//3118 3117//3117
f 3196//3196 3195//3195 3197//3197
f 3196//3196 3197//3197 3198//3198
f 3196//3196 3198//3198 3199//3199
f 3196//3196 3199//3199 3118//3118
f 3199//3199 3200//3200 3110//3110
f 3199//3199 3110//3110 3118//3118
f 3199//3199 3198//3198 3201//3201
f 3199//3199 3201//3201 3202//3202
f 3199//3199 3202//3202 3203//3203
f 3199//3199 3203//3203 3200//3200
f 3203//3203 3102//3102 3204//3204
f 3203//3203 3204//3204 3200//3200
f 3203//3203 3202//3202 3205//3205
f 3203//3203 3205//3205 3098//3098
f 3203//3203 3098//3098 3097//3097
f 3203//3203 3097//3097 3102//3102
f 3205//3205 3202//3202 3201//3201
f 3205//3205 3201//3201 3206//3206
f 3205//3205 3206//3206 3181//3181
f 3205//3205 3181//3181 3207//3207
f 3205//3205 3207//3207 3099//3099
f 3205//3205 3099//3099 3098//3098
f 3207//3207 3181//3181 3180//3180
f 3207//3207 3180//3180 3186//3186
f 3207//3207 3186//3186 3113//3113
f 3207//3207 3113//3113 3099//3099
f 3206//3206 3201//3201 3208//3208
f 3206//3206 3208//3208 3176//3176
f 3206//3206 3176//3176 3175//3175
f 3206//3206 3175//3175 3181//3181
f 3208//3208 3201//3201 3198//3198
f 3208//3208 3198//3198 3197//3197
f 3208//3208 3197//3197 3209//3209
f 3208//3208 3209//3209 3171//3171
f 3208//3208 3171//3171 3170//3170
f 3208//3208 3170//3170 3176//3176
f 3209//3209 3197//3197 3195//3195
f 3209//3209 3195//3195 3210//3210
f 3209//3209 3210//3210 3211//3211
f 3209//3209 3211//3211 3166//3166
f 3209//3209 3166//3166 3165//3165
f 3209//3209 3165//3165 3171//3171
f 3211//3211 3210//3210 3212//3212
f 3211//3211 3212//3212 3213//3213
f 3211//3211 3213//3213 3214//3214
f 3211//3211 3214//3214 3161//3161
f 3211//3211 3161//3161 3160//3160
f 3211//3211 3160//3160 3166//3166
f 3214//3214 3213//3213 3215//3215
f 3214//3214 3215//3215 3216//3216
f 3214//3214 3216//3216 3217//3217
f 3214//3214 3217//3217 3156//3156
f 3214//3214 3156//3156 3155//3155
f 3214//3214 3155//3155 3161//3161
f 3217//3217 3216//3216 3218//3218
f 3217//3217 3218//3218 3219//3219
f 3217//3217 3219//3219 3220//3220
f 3217//3217 3220//3220 3151//3151
f 3217//3217 3151//3151 3150//3150
f 3217//3217 3150//3150 3156//3156
f 3220//3220 3219//3219 3221//3221
f 3220//3220 3221//3221 3222//3222
f 3220//3220 3222//3222 3223//3223
f 3220//3220 3223//3223 3147//3147
f 3220//3220 3147//3147 3146//3146
f 3220//3220 3146//3146 3151//3151
f 3223//3223 3222//3222 3224//3224
f 3223//3223 3224//3224 3225//3225
f 3223//3223 3225//3225 3226//3226
f 3223//3223 3226//3226 3144//3144
f 3223//3223 3144//3144 3143//3143
f 3223//3223 3143//3143 3147//3147
f 3226//3226 3225//3225 3227//3227
f 3226//3226 3227//3227 3124//3124
f 3226//3226 3124//3124 3123//3123
f 3226//3226 3123//3123 3135//3135
f 3226//3226 3135//3135 3136//3136
f 3226//3226 3136//3136 3144//3144
f 3227//3227 3228//3228 3229//3229
f 3227//3227 3229//3229 3230//3230
f 3227//3227 3230//3230 3120//3120
f 3227//3227 3120//3120 3124//3124
f 3227//3227 3225//3225 3224//3224
f 3227//3227 3224//3224 3228//3228
f 3230//3230 3229//3229 3162//3162
f 3230//3230 3162//3162 3231//3231
f 3230//3230 3231//3231 3121//3121
f 3230//3230 3121//3121 3120//3120
f 3231//3231 3162//3162 3158//3158
f 3231//3231 3158//3158 3157//3157
f 3231//3231 3157//3157 3232//3232
f 3231//3231 3232//3232 3121//3121
f 3232//3232 3157//3157 3153//3153
f 3232//3232 3153//3153 3152//3152
f 3232//3232 3152//3152 3128//3128
f 3232//3232 3128//3128 3127//3127
f 3232//3232 3127//3127 3122//3122
f 3232//3232 3122//3122 3121//3121
f 3229//3229 3167//3167 3163//3163
f 3229//3229 3163//3163 3162//3162
f 3229//3229 3228//3228 3233//3233
f 3229//3229 3233//3233 3167//3167
f 3233//3233 3172//3172 3168//3168
f 3233//3233 3168//3168 3167//3167
f 3233//3233 3228//3228 3224//3224
f 3233//3233 3224//3224 3234//3234
f 3233//3233 3234//3234 3235//3235
f 3233//3233 3235//3235 3172//3172
f 3235//3235 3177//3177 3173//3173
f 3235//3235 3173//3173 3172//3172
f 3235//3235 3234//3234 3221//3221
f 3235//3235 3221//3221 3236//3236
f 3235//3235 3236//3236 3237//3237
f 3235//3235 3237//3237 3177//3177
f 3237//3237 3182//3182 3178//3178
f 3237//3237 3178//3178 3177//3177
f 3237//3237 3236//3236 3218//3218
f 3237//3237 3218//3218 3238//3238
f 3237//3237 3238//3238 3239//3239
f 3237//3237 3239//3239 3182//3182
f 3239//3239 3187//3187 3183//3183
f 3239//3239 3183//3183 3182//3182
f 3239//3239 3238//3238 3215//3215
f 3239//3239 3215//3215 3240//3240
f 3239//3239 3240//3240 3192//3192
f 3239//3239 3192//3192 3187//3187
f 3240//3240 3215//3215 3213//3213
f 3240//3240 3213//3213 3212//3212
f 3240//3240 3212//3212 3193//3193
f 3240//3240 3193//3193 3192//3192
f 3238//3238 3218//3218 3216//3216
f 3238//3238 3216//3216 3215//3215
f 3236//3236 3221//3221 3219//3219
f 3236//3236 3219//3219 3218//3218
f 3234//3234 3224//3224 3222//3222
f 3234//3234 3222//3222 3221//3221
f 3212//3212 3210//3210 3195//3195
f 3212//3212 3195//3195 3193//3193
f 3204//3204 3241//3241 3104//3104
f 3204//3204 3104//3104 3109//3109
f 3204//3204 3109//3109 3110//3110
f 3204//3204 3110//3110 3200//3200
f 3204//3204 3102//3102 3101//3101
f 3204//3204 3101//3101 3241//3241
f 3241//3241 3242//3242 3105//3105
f 3241//3241 3105//3105 3104//3104
f 3241//3241 3101//3101 3115//3115
f 3241//3241 3115//3115 3242//3242
f 3242//3242 3190//3190 3111//3111
f 3242//3242 3111//3111 3105//3105
f 3242//3242 3115//3115 3114//3114
f 3242//3242 3114//3114 3190//3190
f 3186//3186 3185//3185 3114//3114
f 3186//3186 3114//3114 3113//3113
f 3152//3152 3148//3148 3129//3129
f 3152//3152 3129//3129 3128//3128
f 3127//3127 3126//3126 3142//3142
f 3127//3127 3142//3142 3122//3122
f 3131//3131 3123//3123 3119//3119
f 3131//3131 3119//3119 3122//3122
f 3142//3142 3132//3132 3131//3131
f 3142//3142 3131//3131 3122//3122
f 3243//3243 3244//3244 3245//3245
f 3243//3243 3245//3245 3246//3246
f 3243//3243 3246//3246 3247//3247
f 3243//3243 3247//3247 3248//3248
f 3243//3243 3248//3248 3249//3249
f 3243//3243 3249//3249 3244//3244
f 3250//3250 3251//3251 3252//3252
f 3250//3250 3252//3252 3253//3253
f 3250//3250 3253//3253 3254//3254
f 3250//3250 3254//3254 3255//3255
f 3250//3250 3255//3255 3256//3256
f 3250//3250 3256//3256 3251//3251
f 3248//3248 3247//3247 3257//3257
f 3248//3248 3257//3257 3249//3249
f 3255//3255 3254//3254 3258//3258
f 3255//3255 3258//3258 3256//3256
f 3259//3259 3260//3260 3261//3261
f 3259//3259 3261//3261 3262//3262
f 3259//3259 3263//3263 3264//3264
f 3259//3259 3264//3264 3260//3260
f 3265//3265 3266//3266 3267//3267
f 3265//3265 3267//3267 3268//3268
f 3269//3269 3270//3270 3271//3271
f 3269//3269 3271//3271 3272//3272
f 3269//3269 3272//3272 3273//3273
f 3269//3269 3273//3273 3274//3274
f 3275//3275 3276//3276 3263//3263
f 3275//3275 3263//3263 3277//3277
f 3275//3275 3274//3274 3278//3278
f 3275//3275 3278//3278 3276//3276
f 3279//3279 3280//3280 3268//3268
f 3279//3279 3268//3268 3281//3281
f 3279//3279 3281//3281 3282//3282
f 3279//3279 3282//3282 3273//3273
f 3279//3279 3273//3273 3272//3272
f 3279//3279 3272//3272 3280//3280
f 3282//3282 3283//3283 3284//3284
f 3282//3282 3284//3284 3278//3278
f 3282//3282 3278//3278 3274//3274
f 3282//3282 3274//3274 3273//3273
f 3282//3282 3281//3281 3285//3285
f 3282//3282 3285//3285 3283//3283
f 3285//3285 3286//3286 3287//3287
f 3285//3285 3287//3287 3283//3283
f 3285//3285 3281//3281 3268//3268
f 3285//3285 3268//3268 3267//3267
f 3285//3285 3267//3267 3288//3288
f 3285//3285 3288//3288 3286//3286
f 3288//3288 3289//3289 3290//3290
f 3288//3288 3290//3290 3286//3286
f 3288//3288 3267//3267 3266//3266
f 3288//3288 3266//3266 3291//3291
f 3288//3288 3291//3291 3292//3292
f 3288//3288 3292//3292 3289//3289
f 3292//3292 3293//3293 3294//3294
f 3292//3292 3294//3294 3289//3289
f 3292//3292 3291//3291 3295//3295
f 3292//3292 3295//3295 3296//3296
f 3292//3292 3296//3296 3297//3297
f 3292//3292 3297//3297 3293//3293
f 3297//3297 3298//3298 3299//3299
f 3297//3297 3299//3299 3293//3293
f 3297//3297 3296//3296 3300//3300
f 3297//3297 3300//3300 3301//3301
f 3297//3297 3301//3301 3302//3302
f 3297//3297 3302//3302 3298//3298
f 3302//3302 3303//3303 3304//3304
f 3302//3302 3304//3304 3298//3298
f 3302//3302 3301//3301 3305//3305
f 3302//3302 3305//3305 3306//3306
f 3302//3302 3306//3306 3307//3307
f 3302//3302 3307//3307 3303//3303
f 3307//3307 3308//3308 3309//3309
f 3307//3307 3309//3309 3303//3303
f 3307//3307 3306//3306 3310//3310
f 3307//3307 3310//3310 3311//3311
f 3307//3307 3311//3311 3312//3312
f 3307//3307 3312//3312 3308//3308
f 3312//3312 3313//3313 3314//3314
f 3312//3312 3314//3314 3308//3308
f 3312//3312 3311//3311 3315//3315
f 3312//3312 3315//3315 3316//3316
f 3312//3312 3316//3316 3317//3317
f 3312//3312 3317//3317 3313//3313
f 3317//3317 3318//3318 3319//3319
f 3317//3317 3319//3319 3313//3313
f 3317//3317 3316//3316 3320//3320
f 3317//3317 3320//3320 3321//3321
f 3317//3317 3321//3321 3322//3322
f 3317//3317 3322//3322 3318//3318
f 3322//3322 3323//3323 3324//3324
f 3322//3322 3324//3324 3318//3318
f 3322//3322 3321//3321 3325//3325
f 3322//3322 3325//3325 3326//3326
f 3322//3322 3326//3326 3327//3327
f 3322//3322 3327//3327 3323//3323
f 3327//3327 3258//3258 3257//3257
f 3327//3327 3257//3257 3323//3323
f 3327//3327 3326//3326 3328//3328
f 3327//3327 3328//3328 3329//3329
f 3327//3327 3329//3329 3256//3256
f 3327//3327 3256//3256 3258//3258
f 3329//3329 3328//3328 3330//3330
f 3329//3329 3330//3330 3331//3331
f 3329//3329 3331//3331 3251//3251
f 3329//3329 3251//3251 3256//3256
f 3331//3331 3330//3330 3332//3332
f 3331//3331 3332//3332 3333//3333
f 3331//3331 3333//3333 3252//3252
f 3331//3331 3252//3252 3251//3251
f 3333//3333 3332//3332 3334//3334
f 3333//3333 3334//3334 3335//3335
f 3333//3333 3335//3335 3336//3336
f 3333//3333 3336//3336 3252//3252
f 3335//3335 3334//3334 3337//3337
f 3335//3335 3337//3337 3338//3338
f 3335//3335 3338//3338 3339//3339
f 3335//3335 3339//3339 3336//3336
f 3338//3338 3337//3337 3340//3340
f 3338//3338 3340//3340 3341//3341
f 3338//3338 3341//3341 3245//3245
f 3338//3338 3245//3245 3339//3339
f 3341//3341 3340//3340 3319//3319
f 3341//3341 3319//3319 3342//3342
f 3341//3341 3342//3342 3246//3246
f 3341//3341 3246//3246 3245//3245
f 3342//3342 3319//3319 3318//3318
f 3342//3342 3318//3318 3324//3324
f 3342//3342 3324//3324 3247//3247
f 3342//3342 3247//3247 3246//3246
f 3340//3340 3337//3337 3343//3343
f 3340//3340 3343//3343 3314//3314
f 3340//3340 3314//3314 3313//3313
f 3340//3340 3313//3313 3319//3319
f 3343//3343 3337//3337 3334//3334
f 3343//3343 3334//3334 3344//3344
f 3343//3343 3344//3344 3345//3345
f 3343//3343 3345//3345 3309//3309
f 3343//3343 3309//3309 3308//3308
f 3343//3343 3308//3308 3314//3314
f 3345//3345 3344//3344 3346//3346
f 3345//3345 3346//3346 3347//3347
f 3345//3345 3347//3347 3348//3348
f 3345//3345 3348//3348 3304//3304
f 3345//3345 3304//3304 3303//3303
f 3345//3345 3303//3303 3309//3309
f 3348//3348 3347//3347 3349//3349
f 3348//3348 3349//3349 3350//3350
f 3348//3348 3350//3350 3351//3351
f 3348//3348 3351//3351 3299//3299
f 3348//3348 3299//3299 3298//3298
f 3348//3348 3298//3298 3304//3304
f 3351//3351 3350//3350 3352//3352
f 3351//3351 3352//3352 3353//3353
f 3351//3351 3353//3353 3354//3354
f 3351//3351 3354//3354 3294//3294
f 3351//3351 3294//3294 3293//3293
f 3351//3351 3293//3293 3299//3299
f 3354//3354 3353//3353 3355//3355
f 3354//3354 3355//3355 3356//3356
f 3354//3354 3356//3356 3357//3357
f 3354//3354 3357//3357 3290//3290
f 3354//3354 3290//3290 3289//3289
f 3354//3354 3289//3289 3294//3294
f 3357//3357 3356//3356 3358//3358
f 3357//3357 3358//3358 3359//3359
f 3357//3357 3359//3359 3360//3360
f 3357//3357 3360//3360 3287//3287
f 3357//3357 3287//3287 3286//3286
f 3357//3357 3286//3286 3290//3290
f 3360//3360 3359//3359 3361//3361
f 3360//3360 3361//3361 3362//3362
f 3360//3360 3362//3362 3363//3363
f 3360//3360 3363//3363 3284//3284
f 3360//3360 3284//3284 3283//3283
f 3360//3360 3283//3283 3287//3287
f 3363//3363 3362//3362 3364//3364
f 3363//3363 3364//3364 3264//3264
f 3363//3363 3264//3264 3263//3263
f 3363//3363 3263//3263 3276//3276
f 3363//3363 3276//3276 3278//3278
f 3363//3363 3278//3278 3284//3284
f 3364//3364 3365//3365 3366//3366
f 3364//3364 3366//3366 3367//3367
f 3364//3364 3367//3367 3260//3260
f 3364//3364 3260//3260 3264//3264
f 3364//3364 3362//3362 3361//3361
f 3364//3364 3361//3361 3365//3365
f 3367//3367 3366//3366 3300//3300
f 3367//3367 3300//3300 3368//3368
f 3367//3367 3368//3368 3261//3261
f 3367//3367 3261//3261 3260//3260
f 3368//3368 3300//3300 3296//3296
f 3368//3368 3296//3296 3295//3295
f 3368//3368 3295//3295 3369//3369
f 3368//3368 3369//3369 3261//3261
f 3369//3369 3295//3295 3291//3291
f 3369//3369 3291//3291 3266//3266
f 3369//3369 3266//3266 3265//3265
f 3369//3369 3265//3265 3370//3370
f 3369//3369 3370//3370 3262//3262
f 3369//3369 3262//3262 3261//3261
f 3366//3366 3305//3305 3301//3301
f 3366//3366 3301//3301 3300//3300
f 3366//3366 3365//3365 3371//3371
f 3366//3366 3371//3371 3305//3305
f 3371//3371 3310//3310 3306//3306
f 3371//3371 3306//3306 3305//3305
f 3371//3371 3365//3365 3361//3361
f 3371//3371 3361//3361 3372//3372
f 3371//3371 3372//3372 3373//3373
f 3371//3371 3373//3373 3310//3310
f 3373//3373 3315//3315 3311//3311
f 3373//3373 3311//3311 3310//3310
f 3373//3373 3372//3372 3358//3358
f 3373//3373 3358//3358 3374//3374
f 3373//3373 3374//3374 3375//3375
f 3373//3373 3375//3375 3315//3315
f 3375//3375 3320//3320 3316//3316
f 3375//3375 3316//3316 3315//3315
f 3375//3375 3374//3374 3355//3355
f 3375//3375 3355//3355 3376//3376
f 3375//3375 3376//3376 3377//3377
f 3375//3375 3377//3377 3320//3320
f 3377//3377 3325//3325 3321//3321
f 3377//3377 3321//3321 3320//3320
f 3377//3377 3376//3376 3352//3352
f 3377//3377 3352//3352 3378//3378
f 3377//3377 3378//3378 3379//3379
f 3377//3377 3379//3379 3325//3325
f 3379//3379 3328//3328 3326//3326
f 3379//3379 3326//3326 3325//3325
f 3379//3379 3378//3378 3349//3349
f 3379//3379 3349//3349 3380//3380
f 3379//3379 3380//3380 3330//3330
f 3379//3379 3330//3330 3328//3328
f 3380//3380 3349//3349 3347//3347
f 3380//3380 3347//3347 3346//3346
f 3380//3380 3346//3346 3332//3332
f 3380//3380 3332//3332 3330//3330
f 3378//3378 3352//3352 3350//3350
f 3378//3378 3350//3350 3349//3349
f 3376//3376 3355//3355 3353//3353
f 3376//3376 3353//3353 3352//3352
f 3374//3374 3358//3358 3356//3356
f 3374//3374 3356//3356 3355//3355
f 3372//3372 3361//3361 3359//3359
f 3372//3372 3359//3359 3358//3358
f 3346//3346 3344//3344 3334//3334
f 3346//3346 3334//3334 3332//3332
f 3324//3324 3323//3323 3257//3257
f 3324//3324 3257//3257 3247//3247
f 3370//3370 3271//3271 3270//3270
f 3370//3370 3270//3270 3262//3262
f 3277//3277 3381//3381 3270//3270
f 3277//3277 3270//3270 3269//3269
f 3277//3277 3269//3269 3274//3274
f 3277//3277 3274//3274 3275//3275
f 3381//3381 3277//3277 3263//3263
f 3381//3381 3263//3263 3259//3259
f 3381//3381 3259//3259 3262//3262
f 3381//3381 3262//3262 3270//3270
f 3258//3258 3254//3254 3249//3249
f 3258//3258 3249//3249 3257//3257
f 3254//3254 3253//3253 3244//3244
f 3254//3254 3244//3244 3249//3249
f 3280//3280 3272//3272 3271//3271
f 3280//3280 3271//3271 3382//3382
f 3280//3280 3382//3382 3265//3265
f 3280//3280 3265//3265 3268//3268
f 3336//3336 3339//3339 3245//3245
f 3336//3336 3245//3245 3244//3244
f 3253//3253 3252//3252 3336//3336
f 3253//3253 3336//3336 3244//3244
f 3370//3370 3265//3265 3382//3382
f 3370//3370 3382//3382 3271//3271
f 3383//3383 3384//3384 3385//3385
f 3383//3383 3385//3385 3386//3386
f 3383//3383 3387//3387 3388//3388
f 3383//3383 3388//3388 3384//3384
f 3383//3383 3386//3386 3389//3389
f 3383//3383 3389//3389 3387//3387
f 3387//3387 3389//3389 3390//3390
f 3387//3387 3390//3390 3388//3388
f 3391//3391 3392//3392 3393//3393
f 3391//3391 3393//3393 3394//3394
f 3391//3391 3395//3395 3396//3396
f 3391//3391 3396//3396 3392//3392
f 3391//3391 3394//3394 3397//3397
f 3391//3391 3397//3397 3395//3395
f 3396//3396 3395//3395 3398//3398
f 3396//3396 3398//3398 3399//3399
f 3396//3396 3399//3399 3400//3400
f 3396//3396 3400//3400 3392//3392
f 3401//3401 3402//3402 3403//3403
f 3401//3401 3403//3403 3404//3404
f 3401//3401 3405//3405 3406//3406
f 3401//3401 3406//3406 3402//3402
f 3401//3401 3404//3404 3407//3407
f 3401//3401 3407//3407 3408//3408
f 3401//3401 3408//3408 3409//3409
f 3401//3401 3409//3409 3405//3405
f 3410//3410 3411//3411 3412//3412
f 3410//3410 3412//3412 3413//3413
f 3414//3414 3412//3412 3411//3411
f 3414//3414 3411//3411 3415//3415
f 3414//3414 3415//3415 3416//3416
f 3414//3414 3416//3416 3417//3417
f 3414//3414 3417//3417 3418//3418
f 3414//3414 3418//3418 3412//3412
f 3419//3419 3420//3420 3421//3421
f 3419//3419 3421//3421 3418//3418
f 3419//3419 3418//3418 3417//3417
f 3419//3419 3417//3417 3422//3422
f 3419//3419 3422//3422 3423//3423
f 3419//3419 3423//3423 3420//3420
f 3424//3424 3422//3422 3417//3417
f 3424//3424 3417//3417 3416//3416
f 3424//3424 3425//3425 3423//3423
f 3424//3424 3423//3423 3422//3422
f 3424//3424 3416//3416 3426//3426
f 3424//3424 3426//3426 3425//3425
f 3426//3426 3427//3427 3428//3428
f 3426//3426 3428//3428 3425//3425
f 3426//3426 3416//3416 3415//3415
f 3426//3426 3415//3415 3429//3429
f 3426//3426 3429//3429 3430//3430
f 3426//3426 3430//3430 3427//3427
f 3430//3430 3431//3431 3432//3432
f 3430//3430 3432//3432 3427//3427
f 3430//3430 3429//3429 3406//3406
f 3430//3430 3406//3406 3405//3405
f 3430//3430 3405//3405 3409//3409
f 3430//3430 3409//3409 3431//3431
f 3432//3432 3433//3433 3434//3434
f 3432//3432 3434//3434 3435//3435
f 3432//3432 3435//3435 3428//3428
f 3432//3432 3428//3428 3427//3427
f 3432//3432 3431//3431 3436//3436
f 3432//3432 3436//3436 3433//3433
f 3436//3436 3437//3437 3438//3438
f 3436//3436 3438//3438 3433//3433
f 3436//3436 3431//3431 3409//3409
f 3436//3436 3409//3409 3439//3439
f 3436//3436 3439//3439 3440//3440
f 3436//3436 3440//3440 3437//3437
f 3440//3440 3441//3441 3442//3442
f 3440//3440 3442//3442 3437//3437
f 3440//3440 3439//3439 3443//3443
f 3440//3440 3443//3443 3444//3444
f 3440//3440 3444//3444 3445//3445
f 3440//3440 3445//3445 3441//3441
f 3445//3445 3446//3446 3447//3447
f 3445//3445 3447//3447 3441//3441
f 3445//3445 3444//3444 3448//3448
f 3445//3445 3448//3448 3449//3449
f 3445//3445 3449//3449 3450//3450
f 3445//3445 3450//3450 3446//3446
f 3450//3450 3451//3451 3452//3452
f 3450//3450 3452//3452 3446//3446
f 3450//3450 3449//3449 3453//3453
f 3450//3450 3453//3453 3454//3454
f 3450//3450 3454//3454 3455//3455
f 3450//3450 3455//3455 3451//3451
f 3455//3455 3385//3385 3384//3384
f 3455//3455 3384//3384 3451//3451
f 3455//3455 3454//3454 3456//3456
f 3455//3455 3456//3456 3457//3457
f 3455//3455 3457//3457 3397//3397
f 3455//3455 3397//3397 3385//3385
f 3457//3457 3456//3456 3458//3458
f 3457//3457 3458//3458 3398//3398
f 3457//3457 3398//3398 3395//3395
f 3457//3457 3395//3395 3397//3397
f 3458//3458 3456//3456 3459//3459
f 3458//3458 3459//3459 3460//3460
f 3458//3458 3460//3460 3461//3461
f 3458//3458 3461//3461 3462//3462
f 3458//3458 3462//3462 3399//3399
f 3458//3458 3399//3399 3398//3398
f 3462//3462 3461//3461 3463//3463
f 3462//3462 3463//3463 3464//3464
f 3462//3462 3464//3464 3400//3400
f 3462//3462 3400//3400 3399//3399
f 3464//3464 3463//3463 3465//3465
f 3464//3464 3465//3465 3466//3466
f 3464//3464 3466//3466 3467//3467
f 3464//3464 3467//3467 3400//3400
f 3467//3467 3393//3393 3392//3392
f 3467//3467 3392//3392 3400//3400
f 3467//3467 3466//3466 3468//3468
f 3467//3467 3468//3468 3390//3390
f 3467//3467 3390//3390 3389//3389
f 3467//3467 3389//3389 3393//3393
f 3468//3468 3466//3466 3465//3465
f 3468//3468 3465//3465 3447//3447
f 3468//3468 3447//3447 3446//3446
f 3468//3468 3446//3446 3452//3452
f 3468//3468 3452//3452 3388//3388
f 3468//3468 3388//3388 3390//3390
f 3465//3465 3463//3463 3469//3469
f 3465//3465 3469//3469 3442//3442
f 3465//3465 3442//3442 3441//3441
f 3465//3465 3441//3441 3447//3447
f 3469//3469 3463//3463 3461//3461
f 3469//3469 3461//3461 3470//3470
f 3469//3469 3470//3470 3471//3471
f 3469//3469 3471//3471 3438//3438
f 3469//3469 3438//3438 3437//3437
f 3469//3469 3437//3437 3442//3442
f 3471//3471 3470//3470 3472//3472
f 3471//3471 3472//3472 3473//3473
f 3471//3471 3473//3473 3474//3474
f 3471//3471 3474//3474 3434//3434
f 3471//3471 3434//3434 3433//3433
f 3471//3471 3433//3433 3438//3438
f 3474//3474 3473//3473 3475//3475
f 3474//3474 3475//3475 3476//3476
f 3474//3474 3476//3476 3477//3477
f 3474//3474 3477//3477 3478//3478
f 3474//3474 3478//3478 3435//3435
f 3474//3474 3435//3435 3434//3434
f 3478//3478 3477//3477 3479//3479
f 3478//3478 3479//3479 3480//3480
f 3478//3478 3480//3480 3428//3428
f 3478//3478 3428//3428 3435//3435
f 3480//3480 3479//3479 3420//3420
f 3480//3480 3420//3420 3423//3423
f 3480//3480 3423//3423 3425//3425
f 3480//3480 3425//3425 3428//3428
f 3479//3479 3477//3477 3481//3481
f 3479//3479 3481//3481 3482//3482
f 3479//3479 3482//3482 3421//3421
f 3479//3479 3421//3421 3420//3420
f 3482//3482 3481//3481 3404//3404
f 3482//3482 3404//3404 3403//3403
f 3482//3482 3403//3403 3413//3413
f 3482//3482 3413//3413 3421//3421
f 3481//3481 3483//3483 3407//3407
f 3481//3481 3407//3407 3404//3404
f 3481//3481 3477//3477 3476//3476
f 3481//3481 3476//3476 3483//3483
f 3483//3483 3484//3484 3485//3485
f 3483//3483 3485//3485 3407//3407
f 3483//3483 3476//3476 3475//3475
f 3483//3483 3475//3475 3484//3484
f 3485//3485 3448//3448 3444//3444
f 3485//3485 3444//3444 3443//3443
f 3485//3485 3443//3443 3408//3408
f 3485//3485 3408//3408 3407//3407
f 3485//3485 3484//3484 3486//3486
f 3485//3485 3486//3486 3448//3448
f 3486//3486 3453//3453 3449//3449
f 3486//3486 3449//3449 3448//3448
f 3486//3486 3484//3484 3475//3475
f 3486//3486 3475//3475 3487//3487
f 3486//3486 3487//3487 3459//3459
f 3486//3486 3459//3459 3453//3453
f 3487//3487 3475//3475 3473//3473
f 3487//3487 3473//3473 3472//3472
f 3487//3487 3472//3472 3460//3460
f 3487//3487 3460//3460 3459//3459
f 3472//3472 3470//3470 3461//3461
f 3472//3472 3461//3461 3460//3460
f 3459//3459 3456//3456 3454//3454
f 3459//3459 3454//3454 3453//3453
f 3452//3452 3451//3451 3384//3384
f 3452//3452 3384//3384 3388//3388
f 3443//3443 3439//3439 3409//3409
f 3443//3443 3409//3409 3408//3408
f 3429//3429 3415//3415 3411//3411
f 3429//3429 3411//3411 3406//3406
f 3421//3421 3413//3413 3412//3412
f 3421//3421 3412//3412 3418//3418
f 3413//3413 3403//3403 3402//3402
f 3413//3413 3402//3402 3410//3410
f 3411//3411 3410//3410 3402//3402
f 3411//3411 3402//3402 3406//3406
f 3397//3397 3394//3394 3386//3386
f 3397//3397 3386//3386 3385//3385
f 3394//3394 3393//3393 3389//3389
f 3394//3394 3389//3389 3386//3386
