# Generated by Visualization Toolkit
v 0.18349799513816833 0.0002849999873433262 -0.029395999386906624
v 0.18373900651931763 -0.00036800000816583633 -0.02044999971985817
v 0.1795939952135086 0.0008720000041648746 -0.01656999997794628
v 0.17385900020599365 0.002873999997973442 -0.01570899970829487
v 0.17110499739646912 0.004098999779671431 -0.01947700046002865
v 0.16539199650287628 0.006207999773323536 -0.020455999299883842
v 0.14939899742603302 0.011832999996840954 -0.018741000443696976
v 0.13037200272083282 0.018019000068306923 -0.008720999583601952
v 0.12705400586128235 0.0192050002515316 -0.00867099966853857
v 0.12385000288486481 0.020488999783992767 -0.010808000341057777
v 0.12556199729442596 0.02001200057566166 -0.012959999963641167
v 0.125108003616333 0.020521000027656555 -0.018449999392032623
v 0.12089099735021591 0.022526999935507774 -0.026280000805854797
v 0.18381699919700623 0.004484999924898148 -0.022895000874996185
v 0.1791439950466156 0.008156999945640564 -0.019625000655651093
v 0.17465800046920776 0.010010000318288803 -0.019009999930858612
v 0.1729010045528412 0.008946999907493591 -0.021470999345183372
v 0.16742199659347534 0.010277999565005302 -0.022128000855445862
v 0.15192599594593048 0.016076000407338142 -0.020914999768137932
v 0.1343429982662201 0.02576100081205368 -0.014845999889075756
v 0.12965799868106842 0.027556000277400017 -0.014417000114917755
v 0.12586699426174164 0.02786399982869625 -0.015796000137925148
v 0.12474600225687027 0.026283999904990196 -0.018729999661445618
v 0.12444599717855453 0.024217000231146812 -0.021997999399900436
v 0.18271499872207642 0.0067349998280406 -0.02695300057530403
v 0.17707699537277222 0.012106000445783138 -0.02536099962890148
v 0.17376700043678284 0.01361900009214878 -0.025064000859856606
v 0.17355599999427795 0.01167299970984459 -0.025840999558568
v 0.1684730052947998 0.012581000104546547 -0.0259380005300045
v 0.15332500636577606 0.01807500049471855 -0.025141000747680664
v 0.1358090043067932 0.027329999953508377 -0.023087000474333763
v 0.12980599701404572 0.03002299927175045 -0.02256999909877777
v 0.12574900686740875 0.030117999762296677 -0.02289300039410591
v 0.12187100201845169 0.02666899934411049 -0.0245789997279644
v 0.12254499644041061 0.024297000840306282 -0.025443000718951225
v 0.18220600485801697 0.007162999827414751 -0.030830999836325645
v 0.17629200220108032 0.012765999883413315 -0.03135399892926216
v 0.17295199632644653 0.014302999712526798 -0.03127000108361244
v 0.1729079931974411 0.012217000126838684 -0.03077699989080429
v 0.16790099442005157 0.013062999583780766 -0.030309999361634254
v 0.15274299681186676 0.018564999103546143 -0.02958199940621853
v 0.13497699797153473 0.028029000386595726 -0.029433000832796097
v 0.12892800569534302 0.030760999768972397 -0.02926900051534176
v 0.12498100101947784 0.03076300024986267 -0.028744999319314957
v 0.12150099873542786 0.026979999616742134 -0.027400000020861626
v 0.12234999984502792 0.02446099929511547 -0.026923999190330505
v 0.18175899982452393 0.0041589997708797455 -0.033041998744010925
v 0.1776770055294037 0.008136999793350697 -0.03573700040578842
v 0.17452600598335266 0.009871000424027443 -0.036281999200582504
v 0.17310500144958496 0.009646999649703503 -0.035378001630306244
v 0.16886800527572632 0.011075999587774277 -0.03507800027728081
v 0.15612299740314484 0.014147999696433544 -0.03277600184082985
v 0.1340319961309433 0.022724999114871025 -0.032510001212358475
v 0.12876500189304352 0.02520900033414364 -0.03294999897480011
v 0.12574300169944763 0.02639799937605858 -0.032930999994277954
v 0.1227559968829155 0.02538999915122986 -0.03041199967265129
v 0.12172500044107437 0.02449199929833412 -0.028912000358104706
v 0.18172599375247955 0.0011309999972581863 -0.03275299817323685
v 0.1792069971561432 0.0022869999520480633 -0.036761000752449036
v 0.1759759932756424 0.003530000103637576 -0.03809399902820587
v 0.17282000184059143 0.004643999971449375 -0.03782200068235397
v 0.1690319925546646 0.006033000070601702 -0.03832300007343292
v 0.15970799326896667 0.00906199961900711 -0.033378999680280685
v 0.13407400250434875 0.018112000077962875 -0.031184999272227287
v 0.1294180005788803 0.019845999777317047 -0.032214999198913574
v 0.12668299674987793 0.020927000790834427 -0.03380399942398071
v 0.12354599684476852 0.02196200005710125 -0.03238299861550331
v 0.12058699876070023 0.022911999374628067 -0.03062799945473671
v 0.18013399839401245 -0.000986000057309866 -0.032951999455690384
v 0.17511099576950073 -0.0014400000218302011 -0.036083001643419266
v 0.1713770031929016 -0.0007960000075399876 -0.03692600131034851
v 0.169295996427536 0.0004959999932907522 -0.035989001393318176
v 0.16260600090026855 0.003456000005826354 -0.03477400168776512
v 0.15264199674129486 0.00800199992954731 -0.032760001718997955
v 0.1305440068244934 0.014166000299155712 -0.03420700132846832
v 0.12482000142335892 0.014999999664723873 -0.03573499992489815
v 0.12064199894666672 0.015835000202059746 -0.03650699928402901
v 0.11892200261354446 0.0176790002733469 -0.03455900028347969
v 0.11892099678516388 0.019658999517560005 -0.03156999871134758
v 0.17883500456809998 -0.003223000094294548 -0.031175000593066216
v 0.17180299758911133 -0.004428999964147806 -0.03226900100708008
v 0.1677750051021576 -0.0038960000965744257 -0.03241699934005737
v 0.16684700548648834 -0.001769999973475933 -0.03167099878191948
v 0.15752899646759033 0.004234999883919954 -0.03015900030732155
v 0.1461070030927658 0.007395000196993351 -0.02993899956345558
v 0.12700200080871582 0.007447000127285719 -0.031610000878572464
v 0.12025699764490128 0.006926000118255615 -0.03241200000047684
v 0.11490000039339066 0.00826799962669611 -0.03236500173807144
v 0.11455599963665009 0.01142099965363741 -0.03116700053215027
v 0.11754000186920166 0.015636000782251358 -0.029260000213980675
v 0.1792609989643097 -0.0035800000187009573 -0.02793099917471409
v 0.17253300547599792 -0.005042000208050013 -0.026697000488638878
v 0.16858099400997162 -0.00457199988886714 -0.026281999424099922
v 0.16750399768352509 -0.0023219999857246876 -0.02666500024497509
v 0.15796400606632233 0.0038689998909831047 -0.026844000443816185
v 0.14661400020122528 0.0069670001976192 -0.026061000302433968
v 0.1280670017004013 0.006554000079631805 -0.02350199967622757
v 0.1215599998831749 0.005830000154674053 -0.02246900089085102
v 0.11625000089406967 0.007133000064641237 -0.022067999467253685
v 0.11565499752759933 0.010495999827980995 -0.022776000201702118
v 0.11820600181818008 0.01507600024342537 -0.02418299950659275
v 0.18100300431251526 -0.0035810000263154507 -0.023826999589800835
v 0.17551499605178833 -0.004120999947190285 -0.02070000022649765
v 0.17069199681282043 -0.0029060000088065863 -0.019888000562787056
v 0.16903600096702576 -0.0004020000051241368 -0.022002000361680984
v 0.16129399836063385 0.0036899999249726534 -0.0231539998203516
v 0.1476069986820221 0.007939999923110008 -0.021770000457763672
v 0.12845799326896667 0.009417000226676464 -0.014712000265717506
v 0.12383700162172318 0.010100999847054482 -0.013384000398218632
v 0.11988700181245804 0.012078999541699886 -0.01384699996560812
v 0.12038499861955643 0.01362599991261959 -0.01584699936211109
v 0.12154000252485275 0.016857000067830086 -0.020076999440789223
v 0.1774429976940155 -0.0001320000010309741 0.00020500000391621143
v 0.17571599781513214 0.0001939999929163605 0.00597700010985136
v 0.1701429933309555 0.002724000019952655 0.006345999892801046
v 0.16667799651622772 0.004333000164479017 0.006122000049799681
v 0.15963000059127808 0.007892999798059464 0.0021200000774115324
v 0.12701000273227692 0.023158999159932137 -0.0014130000490695238
v 0.11806400120258331 0.02707800082862377 0.0009120000177063048
v 0.1141040027141571 0.02893799915909767 0.00041099998634308577
v 0.10951200127601624 0.030962999910116196 0.001446999958716333
v 0.1048090010881424 0.03319700062274933 0.0005300000193528831
v 0.10262399911880493 0.034345999360084534 -0.0012829999905079603
v 0.10562200099229813 0.03313999995589256 -0.003389999968931079
v 0.10754500329494476 0.032519999891519547 -0.006630999967455864
v 0.17863699793815613 0.002280999906361103 0.004579000174999237
v 0.17409999668598175 0.005030000116676092 0.005034000147134066
v 0.17098499834537506 0.006351999938488007 0.004540999885648489
v 0.16590000689029694 0.00803299993276596 0.0030499999411404133
v 0.14797000586986542 0.015978999435901642 0.0006820000126026571
v 0.14281900227069855 0.019509000703692436 0.0017859999788925052
v 0.13793699443340302 0.021327000111341476 0.0006469999789260328
v 0.11749199777841568 0.03160500153899193 -0.0003110000106971711
v 0.11251799762248993 0.03419199958443642 -0.0004189999890513718
v 0.10883200168609619 0.035186998546123505 -0.001820000004954636
v 0.10887899994850159 0.034703999757766724 -0.0024770000018179417
v 0.1808439940214157 0.0026910000015050173 0.0020119999535381794
v 0.1773419976234436 0.0056050000712275505 0.002096999902278185
v 0.17444199323654175 0.006378999911248684 0.0016199999954551458
v 0.17234699428081512 0.008286000229418278 0.001724999980069697
v 0.16898000240325928 0.008697999641299248 0.0010079999919980764
v 0.16693000495433807 0.010351999662816525 0.001041000010445714
v 0.16087299585342407 0.011672000400722027 -0.000056000000768108293
v 0.12438599765300751 0.02976199984550476 -0.0032740000169724226
v 0.11951600015163422 0.03342900052666664 -0.0032840000931173563
v 0.11456900089979172 0.03481199964880943 -0.0040779998525977135
v 0.11243300139904022 0.036621998995542526 -0.004015000071376562
v 0.1810459941625595 0.002814000006765127 -0.0006510000093840063
v 0.17760099470615387 0.005762999877333641 -0.0013379999436438084
v 0.17467600107192993 0.006521000061184168 -0.0014659999869763851
v 0.17262400686740875 0.008453999646008015 -0.001918999943882227
v 0.1692029982805252 0.008833999745547771 -0.0019369999645277858
v 0.1671849936246872 0.010507999919354916 -0.0023240000009536743
v 0.16106100380420685 0.011784999631345272 -0.0025100000202655792
v 0.1246189996600151 0.029904000461101532 -0.006359000224620104
v 0.11981400102376938 0.033610999584198 -0.007209999952465296
v 0.11482500284910202 0.034967001527547836 -0.007443999871611595
v 0.11272700130939484 0.03680000081658363 -0.007872000336647034
v 0.17996999621391296 0.0014420000370591879 -0.002616999903693795
v 0.17683899402618408 0.0035119999665766954 -0.003601999953389168
v 0.17411500215530396 0.004257999826222658 -0.003281000070273876
v 0.17181000113487244 0.006225999910384417 -0.004499000031501055
v 0.16764600574970245 0.00711800018325448 -0.003734000027179718
v 0.16339099407196045 0.009185999631881714 -0.004238999914377928
v 0.1513569951057434 0.014808000065386295 -0.005415999796241522
v 0.12450700253248215 0.027876999229192734 -0.008627000264823437
v 0.11965099722146988 0.03136000037193298 -0.010456000454723835
v 0.11637499928474426 0.03345799818634987 -0.011408999562263489
v 0.11092200130224228 0.03568100184202194 -0.011579999700188637
v 0.17859700322151184 -0.00039400000241585076 -0.0031109999399632215
v 0.17581500113010406 0.0009430000209249556 -0.003840999910607934
v 0.173443004488945 0.001976999919861555 -0.0031580000650137663
v 0.17061899602413177 0.0034260000102221966 -0.005034999921917915
v 0.16599899530410767 0.005435999948531389 -0.003656999906525016
v 0.15969300270080566 0.008345000445842743 -0.00381799996830523
v 0.14124199748039246 0.017084000632166862 -0.00710699986666441
v 0.12399400025606155 0.025178000330924988 -0.00925000011920929
v 0.1187720000743866 0.02778499945998192 -0.011818000115454197
v 0.11652900278568268 0.02903600037097931 -0.014550999738276005
v 0.10820700228214264 0.032784998416900635 -0.013650000095367432
v 0.17632099986076355 -0.0021510000806301832 -0.0035490000154823065
v 0.17252999544143677 -0.0012379999971017241 -0.005150999873876572
v 0.16941200196743011 0.0006810000049881637 -0.004792999941855669
v 0.16709500551223755 0.0019290000200271606 -0.004782000090926886
v 0.16277599334716797 0.005067999940365553 -0.0035959999077022076
v 0.1536940038204193 0.009739999659359455 -0.0038689998909831047
v 0.1369200050830841 0.01655299961566925 -0.006976000033318996
v 0.12317799776792526 0.02181600034236908 -0.009975000284612179
v 0.11596400290727615 0.022809000685811043 -0.014088000170886517
v 0.11234000325202942 0.023972999304533005 -0.015197999775409698
v 0.10772000253200531 0.027716999873518944 -0.013379000127315521
v 0.17391900718212128 -0.003942000214010477 -0.001967000076547265
v 0.16876299679279327 -0.004087999928742647 -0.0033259999472647905
v 0.16479100286960602 -0.0015360000543296337 -0.0034809999633580446
v 0.16380399465560913 0.0011309999972581863 -0.0028389999642968178
v 0.15970000624656677 0.0051380000077188015 -0.0025400000158697367
v 0.14791999757289886 0.011686000041663647 -0.003343000076711178
v 0.1328199952840805 0.016649000346660614 -0.005518000107258558
v 0.1220339983701706 0.01808900013566017 -0.007776999846100807
v 0.11219500005245209 0.016414999961853027 -0.010838000103831291
v 0.1079690009355545 0.01908699981868267 -0.011017000302672386
v 0.10731799900531769 0.023221999406814575 -0.00979899987578392
v 0.1736689954996109 -0.004095000214874744 0.0013279999839141965
v 0.16839599609375 -0.004310999996960163 0.0015109999803826213
v 0.16445699334144592 -0.001740999985486269 0.0009360000258311629
v 0.16356900334358215 0.0009889999637380242 0.0002460000105202198
v 0.15956200659275055 0.005053000058978796 -0.0007190000033006072
v 0.14782999455928802 0.011630999855697155 -0.0021510000806301832
v 0.1326339989900589 0.01653599925339222 -0.003065000055357814
v 0.1216839998960495 0.017875000834465027 -0.003148999996483326
v 0.1115569993853569 0.016026999801397324 -0.0024240000639110804
v 0.10736200213432312 0.018717000260949135 -0.0030249999836087227
v 0.10688699781894684 0.02295999974012375 -0.004120999947190285
v 0.17431500554084778 -0.00267999991774559 0.004366000182926655
v 0.16892899572849274 -0.0013790000230073929 0.005191999953240156
v 0.16517400741577148 0.0005760000203736126 0.004600000102072954
v 0.16146400570869446 0.004253999795764685 0.0020719999447464943
v 0.14307400584220886 0.013694999739527702 -0.0006750000175088644
v 0.13231000304222107 0.01795399934053421 -0.0008689999813213944
v 0.12286199629306793 0.021679000928997993 -0.0010260000126436353
v 0.11512000113725662 0.023513000458478928 0.00020399999630171806
v 0.10810499638319016 0.024764999747276306 0.0017740000039339066
v 0.10506200045347214 0.026996999979019165 0.0005750000127591193
v 0.10638300329446793 0.028566999360919 -0.0017330000409856439
v 0.166934996843338 -0.0028039999306201935 0.015003000386059284
v 0.1664550006389618 -0.002828999888151884 0.018042000010609627
v 0.16401399672031403 -0.0017819999484345317 0.0189449992030859
v 0.1610729992389679 -0.000371000001905486 0.018200000748038292
v 0.1580680012702942 0.0008660000166855752 0.019964000210165977
v 0.15561699867248535 0.0020389999262988567 0.019381999969482422
v 0.1529110074043274 0.0034600000362843275 0.017173999920487404
v 0.12570899724960327 0.016232000663876534 0.013716000132262707
v 0.11183899641036987 0.022321999073028564 0.01715799979865551
v 0.10522499680519104 0.025495000183582306 0.015483999624848366
v 0.10233200341463089 0.02680099941790104 0.01577099971473217
v 0.09909799695014954 0.028432000428438187 0.013970999978482723
v 0.10162600129842758 0.027703000232577324 0.008617999963462353
v 0.16712500154972076 -0.0014619999565184116 0.01738099940121174
v 0.16515499353408813 0.00031599999056197703 0.01860399916768074
v 0.1623860001564026 0.0014659999869763851 0.01809599995613098
v 0.1598609983921051 0.0035039999056607485 0.01926499977707863
v 0.1566389948129654 0.004608000162988901 0.018290000036358833
v 0.14183099567890167 0.01132499985396862 0.01651199907064438
v 0.12677499651908875 0.018157999962568283 0.014709999784827232
v 0.11362499743700027 0.0256740003824234 0.015689000487327576
v 0.10729599744081497 0.02880300022661686 0.01535400003194809
v 0.10460499674081802 0.030175000429153442 0.01527899969369173
v 0.1012360006570816 0.030660999938845634 0.013155999593436718
v 0.16753600537776947 -0.0007430000114254653 0.01594500057399273
v 0.1661680042743683 0.0019330000504851341 0.01658100076019764
v 0.1636510044336319 0.0030060000717639923 0.016295000910758972
v 0.16136999428272247 0.005295000039041042 0.016533000394701958
v 0.1572449952363968 0.006101000122725964 0.01570799946784973
v 0.13097000122070312 0.01939300075173378 0.013523999601602554
v 0.12824399769306183 0.020665999501943588 0.013256000354886055
v 0.1148340031504631 0.027542000636458397 0.01217699982225895
v 0.10931599885225296 0.03164700046181679 0.01221300009638071
v 0.10667800158262253 0.032777998596429825 0.01191600039601326
v 0.10302700102329254 0.031936999410390854 0.010599000379443169
v 0.1676580011844635 -0.0006680000224150717 0.014333000406622887
v 0.16639499366283417 0.0020719999447464943 0.013565000146627426
v 0.1638759970664978 0.0031419999431818724 0.013350999914109707
v 0.16165600717067719 0.005468999966979027 0.012748000212013721
v 0.15747399628162384 0.006240000016987324 0.012691999785602093
v 0.1312520056962967 0.019564000889658928 0.009806999936699867
v 0.1285260021686554 0.020837999880313873 0.009541000239551067
v 0.11514899879693985 0.0277319997549057 0.00803999975323677
v 0.10971000045537949 0.03188600018620491 0.007025000173598528
v 0.10706499963998795 0.033013999462127686 0.0067980000749230385
v 0.10328199714422226 0.032092999666929245 0.007234999909996986
v 0.1675329953432083 -0.0015670000575482845 0.013159999623894691
v 0.16608400642871857 0.00033599999733269215 0.011479999870061874
v 0.16301700472831726 0.0018420000560581684 0.011090000160038471
v 0.16057300567626953 0.0036329999566078186 0.010034999810159206
v 0.15686599910259247 0.004534000065177679 0.010714000090956688
v 0.13665199279785156 0.01408500038087368 0.008600999601185322
v 0.1251170039176941 0.020304000005126 0.006432999856770039
v 0.11517799645662308 0.025885000824928284 0.0042860000394284725
v 0.1110759973526001 0.028199000284075737 0.003386999946087599
v 0.10754299908876419 0.029704000800848007 0.0032210000790655613
v 0.10403399914503098 0.030115999281406403 0.004416999872773886
v 0.1672230064868927 -0.0027630000840872526 0.012860000133514404
v 0.1654829978942871 -0.0018210000125691295 0.011090000160038471
v 0.16179099678993225 -0.00006800000119255856 0.010386000387370586
v 0.15911699831485748 0.0012369999894872308 0.009440000168979168
v 0.1560399979352951 0.0025629999581724405 0.010509000159800053
v 0.14209899306297302 0.00901000015437603 0.009945999830961227
v 0.12122999876737595 0.01897200010716915 0.005278999917209148
v 0.11433999985456467 0.02237600088119507 0.0023189999628812075
v 0.11182600259780884 0.023513000458478928 0.002529999939724803
v 0.10746199637651443 0.025522999465465546 0.0024470000062137842
v 0.1041639968752861 0.02698099985718727 0.003152000019326806
v 0.1649319976568222 -0.0037559999618679285 0.01169199962168932
v 0.16173900663852692 -0.00318100000731647 0.009871000424027443
v 0.15857799351215363 -0.0015030000358819962 0.009891999885439873
v 0.15641799569129944 -0.00006399999983841553 0.010389000177383423
v 0.15139499306678772 0.0030819999519735575 0.011219000443816185
v 0.1345680058002472 0.01102800015360117 0.009715000167489052
v 0.1186399981379509 0.017038999125361443 0.005799000151455402
v 0.11199799925088882 0.018681999295949936 0.002741999924182892
v 0.1083889976143837 0.019710000604391098 0.0013050000416114926
v 0.10281100124120712 0.02271600067615509 0.001420999993570149
v 0.10182300209999084 0.02480899915099144 0.004013000056147575
v 0.16222499310970306 -0.0053900000639259815 0.012736000120639801
v 0.1575939953327179 -0.005059000104665756 0.011593000032007694
v 0.15523600578308105 -0.002940000034868717 0.011745999567210674
v 0.15415500104427338 -0.00029600001289509237 0.01244600024074316
v 0.14718599617481232 0.0045889997854828835 0.012380000203847885
v 0.12721000611782074 0.013512999750673771 0.010273000225424767
v 0.11629900336265564 0.01586100086569786 0.008170999586582184
v 0.10982699692249298 0.015727000311017036 0.006345999892801046
v 0.10449100285768509 0.015469999983906746 0.004786000121384859
v 0.0978349968791008 0.019701000303030014 0.00455900002270937
v 0.09985499829053879 0.02364400029182434 0.00660100020468235
v 0.16197599470615387 -0.005541000049561262 0.01603100076317787
v 0.15725000202655792 -0.005268999841064215 0.016148999333381653
v 0.15494300425052643 -0.0031169999856501818 0.015600999817252159
v 0.1539739966392517 -0.00040499999886378646 0.014829999767243862
v 0.14709100127220154 0.004530999809503555 0.013642000034451485
v 0.12709300220012665 0.01344200037419796 0.011815999634563923
v 0.11603900045156479 0.01570199988782406 0.011603999882936478
v 0.10940100252628326 0.015468999743461609 0.011955000460147858
v 0.10392200201749802 0.015123000368475914 0.012288999743759632
v 0.09732399880886078 0.019388999789953232 0.011289999820291996
v 0.0995979979634285 0.023489000275731087 0.009964000433683395
v 0.16416099667549133 -0.004178000148385763 0.018081000074744225
v 0.1605609953403473 -0.003507999936118722 0.018996000289916992
v 0.15793000161647797 -0.0017740000039339066 0.018106000497937202
v 0.15562200546264648 -0.0005879999953322113 0.0177449993789196
v 0.15090100467205048 0.002303000073879957 0.016423000022768974
v 0.13976700603961945 0.007973999716341496 0.014746000058948994
v 0.12086500227451324 0.016081999987363815 0.013803999871015549
v 0.1102989986538887 0.018383000046014786 0.01607399992644787
v 0.10450199991464615 0.020440999418497086 0.016321999952197075
v 0.09963999688625336 0.022929999977350235 0.015576000325381756
v 0.09905000030994415 0.02540699951350689 0.01275699958205223
v 0.15400800108909607 0.0007099999929778278 0.02946699969470501
v 0.15185299515724182 0.001243000035174191 0.03324100002646446
v 0.14691700041294098 0.0029440000653266907 0.034331999719142914
v 0.14523999392986298 0.0036730000283569098 0.0323060005903244
v 0.1424659937620163 0.004741999786347151 0.031122999265789986
v 0.1382800042629242 0.006442000158131123 0.02796199917793274
v 0.11957400292158127 0.01334100030362606 0.024894999340176582
v 0.10660500079393387 0.017906999215483665 0.026186000555753708
v 0.09935600310564041 0.02057899907231331 0.025023000314831734
v 0.09566300362348557 0.021842999383807182 0.025987999513745308
v 0.08658500015735626 0.02529199980199337 0.0228860005736351
v 0.08440300077199936 0.026215000078082085 0.020656000822782516
v 0.0878869965672493 0.025147000327706337 0.01780799962580204
v 0.15347400307655334 0.0034489999525249004 0.0330130010843277
v 0.1491750031709671 0.0060800001956522465 0.03375000134110451
v 0.14653100073337555 0.00624299980700016 0.03211500123143196
v 0.14302900433540344 0.0073739998042583466 0.031266000121831894
v 0.13911600410938263 0.007809999864548445 0.02912900038063526
v 0.11615200340747833 0.016688000410795212 0.025638999417424202
v 0.10609199851751328 0.021678000688552856 0.025685999542474747
v 0.09865400195121765 0.024328000843524933 0.024234000593423843
v 0.09416499733924866 0.026443000882864 0.02409599907696247
v 0.08825699985027313 0.028040999546647072 0.022213999181985855
v 0.08616700023412704 0.027638999745249748 0.02016500011086464
v 0.15514899790287018 0.005022999830543995 0.031165000051259995
v 0.15139800310134888 0.00810100045055151 0.03103799931704998
v 0.147940993309021 0.00825200043618679 0.03007199987769127
v 0.1438950002193451 0.009859999641776085 0.029394999146461487
v 0.14056800305843353 0.009960999712347984 0.028450999408960342
v 0.11352899670600891 0.02108200080692768 0.02404000051319599
v 0.10575299710035324 0.02485799975693226 0.02295600064098835
v 0.09800799936056137 0.02727000042796135 0.021446000784635544
v 0.09235499799251556 0.029357999563217163 0.02044999971985817
v 0.08983699977397919 0.029725000262260437 0.01982700079679489
v 0.0877859964966774 0.028227999806404114 0.01875299960374832
v 0.15566100180149078 0.005022999830543995 0.028262000530958176
v 0.15209299325942993 0.00810100045055151 0.027096999809145927
v 0.1485140025615692 0.00825200043618679 0.026822000741958618
v 0.14448000490665436 0.009859999641776085 0.026074999943375587
v 0.14103099703788757 0.009960999712347984 0.02582399919629097
v 0.11411499977111816 0.02108200080692768 0.020719999447464943
v 0.10643500089645386 0.02485799975693226 0.019081000238656998
v 0.09864199906587601 0.02727000042796135 0.01785000041127205
v 0.09299000352621078 0.029357999563217163 0.016852999106049538
v 0.0904109999537468 0.029725000262260437 0.01657699979841709
v 0.08811599761247635 0.028227999806404114 0.01688399910926819
v 0.15495899319648743 0.0030519999563694 0.026367999613285065
v 0.15096400678157806 0.005607000086456537 0.024354999884963036
v 0.14812099933624268 0.00596500001847744 0.024692999199032784
v 0.14443199336528778 0.0067889997735619545 0.02469700016081333
v 0.13937599956989288 0.008271999657154083 0.02427300065755844
v 0.11886399984359741 0.016892999410629272 0.019394999369978905
v 0.10784299671649933 0.021273000165820122 0.01707799918949604
v 0.10149899870157242 0.02381099946796894 0.015727000311017036
v 0.09614700078964233 0.02586499974131584 0.014689999632537365
v 0.09228900074958801 0.027329999953508377 0.013964000158011913
v 0.0892459973692894 0.026838000863790512 0.01538699958473444
v 0.15390299260616302 0.0009519999730400741 0.026218000799417496
v 0.14929799735546112 0.002749999985098839 0.023903999477624893
v 0.14729900658130646 0.00343000004068017 0.024475999176502228
v 0.14424200356006622 0.004449999891221523 0.025668000802397728
v 0.13753700256347656 0.006928000133484602 0.02448599971830845
v 0.12315099686384201 0.012369000352919102 0.019985999912023544
v 0.10882200300693512 0.017664000391960144 0.01745999976992607
v 0.10374200344085693 0.01960800029337406 0.015526999719440937
v 0.09865400195121765 0.02150299958884716 0.014399000443518162
v 0.09338299930095673 0.02349499985575676 0.012776000425219536
v 0.08992499858140945 0.024612000212073326 0.014705999754369259
v 0.15376199781894684 -0.0009919999865815043 0.02685599960386753
v 0.149044007062912 -0.00042100000428035855 0.024343999102711678
v 0.14667199552059174 0.00039000000106170774 0.02383200079202652
v 0.14339099824428558 0.0029720000457018614 0.025213999673724174
v 0.13734599947929382 0.005888999905437231 0.025127999484539032
v 0.12234900146722794 0.010649999603629112 0.021362999454140663
v 0.10752499848604202 0.01511900033801794 0.017302999272942543
v 0.10267800092697144 0.015768999233841896 0.014813999645411968
v 0.09769900143146515 0.01711999997496605 0.013237999752163887
v 0.09283900260925293 0.018296999856829643 0.011491999961435795
v 0.09048300236463547 0.020570000633597374 0.013082999736070633
v 0.15371599793434143 -0.002225999953225255 0.028450999408960342
v 0.14868099987506866 -0.0029589999467134476 0.02674500085413456
v 0.14548499882221222 -0.0029060000088065863 0.02582399919629097
v 0.14222800731658936 0.0013409999664872885 0.02621299959719181
v 0.13734400272369385 0.0055149998515844345 0.026100000366568565
v 0.12201400101184845 0.010390999726951122 0.023148000240325928
v 0.10595899820327759 0.01283000037074089 0.019210999831557274
v 0.10096299648284912 0.011744000017642975 0.017402999103069305
v 0.09583800286054611 0.012172999791800976 0.01603499986231327
v 0.09123700112104416 0.012407000176608562 0.014762000180780888
v 0.08990199863910675 0.015267999842762947 0.015274999663233757
v 0.15338599681854248 -0.002225999953225255 0.030319999903440475
v 0.1480720043182373 -0.0029589999467134476 0.030202999711036682
v 0.14475299417972565 -0.0029060000088065863 0.029975000768899918
v 0.14182600378990173 0.0013409999664872885 0.028495000675320625
v 0.13719800114631653 0.0055149998515844345 0.026930000633001328
v 0.12178199738264084 0.010390999726951122 0.024461999535560608
v 0.10535000264644623 0.01283000037074089 0.022670000791549683
v 0.10003700107336044 0.011744000017642975 0.022659000009298325
v 0.09475299715995789 0.012172999791800976 0.02219099923968315
v 0.08999399840831757 0.012407000176608562 0.02181600034236908
v 0.08891499787569046 0.015267999842762947 0.02087699994444847
v 0.1523369997739792 -0.0010979999788105488 0.03211300075054169
v 0.14709800481796265 -0.0007019999902695417 0.033055998384952545
v 0.14476199448108673 0.0003549999964889139 0.03240999951958656
v 0.1419139951467514 0.0026779999025166035 0.030368000268936157
v 0.13765999674797058 0.005865999963134527 0.027658000588417053
v 0.12059500068426132 0.011826000176370144 0.02506900019943714
v 0.10566700249910355 0.014957999810576439 0.025330999866127968
v 0.09942899644374847 0.01622300036251545 0.025490999221801758
v 0.09483499825000763 0.016882000491023064 0.025940999388694763
v 0.08806400001049042 0.019385000690817833 0.024746999144554138
v 0.08654099702835083 0.02137099951505661 0.022753000259399414
v 0.14233100414276123 0.0018149999668821692 0.04193200170993805
v 0.13944999873638153 0.0024160000029951334 0.045368000864982605
v 0.137130007147789 0.0030159999150782824 0.04563099890947342
v 0.13541999459266663 0.0035099999513477087 0.044704001396894455
v 0.1335189938545227 0.00406600022688508 0.04354900121688843
v 0.1309320032596588 0.004730000160634518 0.04394200071692467
v 0.12817800045013428 0.005557999946177006 0.041760001331567764
v 0.10125300288200378 0.012928999960422516 0.03606100007891655
v 0.07788600027561188 0.01901799999177456 0.03770200163125992
v 0.06763900071382523 0.021880000829696655 0.034311000257730484
v 0.06975399702787399 0.021392999216914177 0.03278300166130066
v 0.07338599860668182 0.020419999957084656 0.03308099880814552
v 0.08026500046253204 0.01880500093102455 0.028797000646591187
v 0.14096499979496002 0.0037899999879300594 0.043949998915195465
v 0.13900800049304962 0.004850999917834997 0.04429199919104576
v 0.13666699826717377 0.005543999839574099 0.04387199878692627
v 0.13421200215816498 0.0062950002029538155 0.043466001749038696
v 0.1309089958667755 0.0070420000702142715 0.04253999888896942
v 0.1252630054950714 0.008534999564290047 0.041269998997449875
v 0.10193900018930435 0.014630000106990337 0.03591800108551979
v 0.08873900026082993 0.020632000640034676 0.036566998809576035
v 0.08167599886655807 0.02225000038743019 0.034616999328136444
v 0.07889000326395035 0.02275099977850914 0.033649999648332596
v 0.07935900241136551 0.022228000685572624 0.033181000500917435
v 0.14205600321292877 0.0034990001004189253 0.04238300025463104
v 0.1405400037765503 0.004985000006854534 0.042403001338243484
v 0.13782000541687012 0.006444000173360109 0.042052000761032104
v 0.13514499366283417 0.008158000186085701 0.041797999292612076
v 0.13066500425338745 0.00795700028538704 0.040396999567747116
v 0.1226940006017685 0.011478000320494175 0.039135001599788666
v 0.10277599841356277 0.01594799943268299 0.03460799902677536
v 0.09889800101518631 0.018883999437093735 0.03438099846243858
v 0.0952640026807785 0.019967999309301376 0.033640000969171524
v 0.08814200013875961 0.02290000021457672 0.03244499862194061
v 0.08535400032997131 0.022770000621676445 0.031571000814437866
v 0.14226900041103363 0.003488000016659498 0.041381001472473145
v 0.1408970057964325 0.00496899988502264 0.04073299840092659
v 0.13827000558376312 0.006424000021070242 0.03993900120258331
v 0.13572899997234344 0.008131000213325024 0.03907100111246109
v 0.13105499744415283 0.007938999682664871 0.03855999931693077
v 0.12326399981975555 0.011451000347733498 0.03646399825811386
v 0.10321500152349472 0.01592699997127056 0.03254900127649307
v 0.09958799928426743 0.018852999433875084 0.031153999269008636
v 0.09596399962902069 0.019936000928282738 0.030357999727129936
v 0.08897300064563751 0.02286200039088726 0.028550000861287117
v 0.08606600016355515 0.02273700013756752 0.028233999386429787
v 0.14269199967384338 0.003028000006452203 0.04032300040125847
v 0.14130499958992004 0.004182000178843737 0.03903299942612648
v 0.1390949934720993 0.00481700012460351 0.03852900117635727
v 0.137130007147789 0.005650999955832958 0.03772899881005287
v 0.13462099432945251 0.0063390000723302364 0.03719799965620041
v 0.12925300002098083 0.008492999710142612 0.03518100082874298
v 0.11738800257444382 0.010816999711096287 0.03385699912905693
v 0.10927899926900864 0.013364999555051327 0.031720999628305435
v 0.09924300014972687 0.016468999907374382 0.02913700044155121
v 0.09141600131988525 0.01986199989914894 0.025870999321341515
v 0.0879020020365715 0.02040800079703331 0.025662999600172043
v 0.1428309977054596 0.0017920000245794654 0.039590999484062195
v 0.14127500355243683 0.0022799998987466097 0.03794499859213829
v 0.13954199850559235 0.002724000019952655 0.03823700174689293
v 0.138154998421669 0.0030990000814199448 0.038036998361349106
v 0.13766400516033173 0.0033030000049620867 0.036428000777959824
v 0.13462300598621368 0.004170000087469816 0.0350320003926754
v 0.1311579942703247 0.005030999891459942 0.03618000075221062
v 0.11864300072193146 0.008414000272750854 0.03447199985384941
v 0.10208199918270111 0.012993999756872654 0.029934000223875046
v 0.09309499710798264 0.015589999966323376 0.025116000324487686
v 0.08902499824762344 0.016687000170350075 0.024630000814795494
v 0.14106500148773193 0.0007970000151544809 0.039698000997304916
v 0.1386439949274063 0.0005150000215508044 0.037824999541044235
v 0.13573400676250458 0.001310999970883131 0.03720799833536148
v 0.1341239959001541 0.0021460000425577164 0.03743400052189827
v 0.13366900384426117 0.002245000097900629 0.037300001829862595
v 0.12511500716209412 0.004480999894440174 0.035339001566171646
v 0.11490699648857117 0.007170000113546848 0.033027999103069305
v 0.1005999967455864 0.009038999676704407 0.02705099992454052
v 0.09029299765825272 0.011308999732136726 0.024075999855995178
v 0.08367300033569336 0.013172999955713749 0.022749999538064003
v 0.08268799632787704 0.013888999819755554 0.023183999583125114
v 0.1392810046672821 0.0003279999946244061 0.04055099934339523
v 0.1358409970998764 -0.0006949999951757491 0.03920099884271622
v 0.13150499761104584 -0.00013299999409355223 0.038086000829935074
v 0.1299079954624176 0.0015539999585598707 0.03814399987459183
v 0.1300400048494339 0.002858000108972192 0.03859499841928482
v 0.1161860004067421 0.007007000036537647 0.03577699884772301
v 0.09844999760389328 0.009717999957501888 0.03134400025010109
v 0.08058000355958939 0.006750000175088644 0.025074999779462814
v 0.07653699815273285 0.006963999941945076 0.023934999480843544
v 0.07342799752950668 0.010762999765574932 0.024210000410676003
v 0.0756940022110939 0.01130400039255619 0.025056999176740646
v 0.13897199928760529 0.0003420000139158219 0.0419979989528656
v 0.13526999950408936 -0.0006680000224150717 0.041871000081300735
v 0.13085100054740906 -0.00010299999848939478 0.041145000606775284
v 0.12941999733448029 0.001576000009663403 0.040424998849630356
v 0.12973099946975708 0.0028719999827444553 0.040043000131845474
v 0.11592499911785126 0.007019000127911568 0.037000998854637146
v 0.0979050025343895 0.009743000380694866 0.033904001116752625
v 0.07898800075054169 0.006823999807238579 0.03252900019288063
v 0.07482700049877167 0.007042999844998121 0.03194599971175194
v 0.07210800051689148 0.010823000222444534 0.030386000871658325
v 0.07452999800443649 0.011357000097632408 0.03051000088453293
v 0.13898000121116638 0.0006769999745301902 0.043866001069545746
v 0.13591499626636505 0.0006220000213943422 0.04436599835753441
v 0.13287800550460815 0.001424000016413629 0.043761998414993286
v 0.1312599927186966 0.0025229998864233494 0.042576998472213745
v 0.13007999956607819 0.0029949999880045652 0.04213400185108185
v 0.12188799679279327 0.005861999932676554 0.03959700092673302
v 0.09940099716186523 0.011301999911665916 0.03575799986720085
v 0.07785800099372864 0.012493000365793705 0.03725000098347664
v 0.07071399688720703 0.014538000337779522 0.035624001175165176
v 0.07053700089454651 0.01619499921798706 0.03351899981498718
v 0.07359600067138672 0.015893999487161636 0.03347599878907204
v 0.116348996758461 0.03618599846959114 -0.018170999363064766
v 0.11658799648284912 0.03305999934673309 -0.016668999567627907
v 0.11678300052881241 0.03306100144982338 -0.019936000928282738
v 0.11256100237369537 0.03306800127029419 -0.021188000217080116
v 0.10773199796676636 0.03307599946856499 -0.02222900092601776
v 0.11140300333499908 0.03306899964809418 -0.018218999728560448
v 0.11668899655342102 0.03305999934673309 -0.016524000093340874
v 0.1159299984574318 0.028686000034213066 -0.015135999768972397
v 0.11668799817562103 0.028687000274658203 -0.02268099971115589
v 0.10940100252628326 0.02869899943470955 -0.02453700080513954
v 0.10463999956846237 0.028706999495625496 -0.02632799930870533
v 0.10087399929761887 0.02871200069785118 -0.025849999859929085
v 0.10576499998569489 0.028703000396490097 -0.020481999963521957
v 0.10916300117969513 0.028697000816464424 -0.016711000353097916
v 0.11617100238800049 0.0236859992146492 -0.01655299961566925
v 0.11902700364589691 0.0236820001155138 -0.01979300007224083
v 0.11899799853563309 0.02368300035595894 -0.02430500090122223
v 0.1151299998164177 0.02369000017642975 -0.02720700018107891
v 0.11192599684000015 0.02369599975645542 -0.028471000492572784
v 0.1087149977684021 0.023700999096035957 -0.0278949998319149
v 0.10558599978685379 0.023706000298261642 -0.02958899922668934
v 0.09792199730873108 0.02371799945831299 -0.029671000316739082
v 0.0966079980134964 0.023718999698758125 -0.02761800028383732
v 0.10377699881792068 0.02370700053870678 -0.022926999256014824
v 0.1074490025639534 0.02370000071823597 -0.018915999680757523
v 0.11800900101661682 0.01743300072848797 -0.016228999942541122
v 0.12045200169086456 0.017430000007152557 -0.019287999719381332
v 0.12048900127410889 0.01743300072848797 -0.02886500023305416
v 0.11679700016975403 0.01743900030851364 -0.030594000592827797
v 0.10823500156402588 0.017450999468564987 -0.028106000274419785
v 0.10101799666881561 0.01746400073170662 -0.03217099979519844
v 0.09597499668598175 0.01747100055217743 -0.03236199915409088
v 0.09692399948835373 0.017470000311732292 -0.029465999454259872
v 0.09480199962854385 0.01747100055217743 -0.025714000687003136
v 0.09622199833393097 0.017470000311732292 -0.024765999987721443
v 0.09916900098323822 0.017464999109506607 -0.02564300037920475
v 0.10704100131988525 0.017450999468564987 -0.02133600041270256
v 0.1143990010023117 0.011188999749720097 -0.017054999247193336
v 0.11895699799060822 0.01118400041013956 -0.024184999987483025
v 0.11800400167703629 0.01118599995970726 -0.028859000653028488
v 0.11146499961614609 0.01119800005108118 -0.03388400003314018
v 0.10341999679803848 0.011211000382900238 -0.035048000514507294
v 0.09739500284194946 0.011219999752938747 -0.0357929989695549
v 0.09517800062894821 0.011223999783396721 -0.03510500118136406
v 0.09613200277090073 0.011220999993383884 -0.03043000027537346
v 0.09348099678754807 0.011223999783396721 -0.026201000437140465
v 0.09346099942922592 0.011222999542951584 -0.023919999599456787
v 0.09584400057792664 0.011219000443816185 -0.02267500013113022
v 0.09785500168800354 0.011215999722480774 -0.023653000593185425
v 0.10244700312614441 0.011208999902009964 -0.02341499924659729
v 0.10680700093507767 0.011200999841094017 -0.019346000626683235
v 0.11176899820566177 0.008070000447332859 -0.026277000084519386
v 0.1129089966416359 0.008070000447332859 -0.029503999277949333
v 0.10705699771642685 0.008080000057816505 -0.03339099884033203
v 0.10245899856090546 0.008086999878287315 -0.035027001053094864
v 0.09845799952745438 0.008093000389635563 -0.03357499837875366
v 0.09896299988031387 0.008090999908745289 -0.02923399955034256
v 0.10122500360012054 0.008086999878287315 -0.027310999110341072
v 0.10786599665880203 0.008077000267803669 -0.027536999434232712
v 0.10572200268507004 0.006517999805510044 -0.0305160004645586
v 0.10632000118494034 0.025885000824928284 -0.01382100023329258
v 0.1057170033454895 0.016328999772667885 -0.010297000408172607
v 0.10591399669647217 0.021828999742865562 -0.01145000010728836
v 0.10524000227451324 0.02794799953699112 -0.007519000209867954
v 0.10503199696540833 0.030973000451922417 -0.006298999767750502
v 0.10531000047922134 0.033998001366853714 -0.007926000282168388
v 0.10608799755573273 0.03324199840426445 -0.012466000393033028
v 0.10688900202512741 0.0324850007891655 -0.017141999676823616
v 0.10729599744081497 0.027055000886321068 -0.019512999802827835
v 0.1067970022559166 0.020935000851750374 -0.016598999500274658
v 0.10613500326871872 0.01619100011885166 -0.012737000361084938
v 0.10058800131082535 0.01935500092804432 -0.010897999629378319
v 0.10065700113773346 0.023754000663757324 -0.011304999701678753
v 0.09997200220823288 0.031178999692201614 -0.007306999992579222
v 0.09962300211191177 0.03289800137281418 -0.005274000111967325
v 0.09982100129127502 0.03784799948334694 -0.006424999795854092
v 0.10111100226640701 0.036472998559474945 -0.01394800003618002
v 0.10206300020217896 0.0357850007712841 -0.01950399950146675
v 0.10234300047159195 0.03172900155186653 -0.021129999309778214
v 0.10245800018310547 0.028842000290751457 -0.021807000041007996
v 0.10168000310659409 0.02450999990105629 -0.017266999930143356
v 0.10120300203561783 0.019766999408602715 -0.014488999731838703
v 0.09544800221920013 0.02079799957573414 -0.011428999714553356
v 0.09549500048160553 0.027192000299692154 -0.011700999923050404
v 0.09497100114822388 0.0320729985833168 -0.008651000447571278
v 0.09459999948740005 0.03413499891757965 -0.00648299977183342
v 0.09464599937200546 0.03736700117588043 -0.0067540002055466175
v 0.09520400315523148 0.03736700117588043 -0.010006999596953392
v 0.095830999314785 0.03784799948334694 -0.013666000217199326
v 0.09663300216197968 0.03606100007891655 -0.018341999500989914
v 0.09683000296354294 0.03262300044298172 -0.019494999200105667
v 0.09642300009727478 0.027055000886321068 -0.017121000215411186
v 0.09612099826335907 0.02230999991297722 -0.0153609998524189
v 0.09019099920988083 0.017978999763727188 -0.011284999549388885
v 0.09001699835062027 0.020661000162363052 -0.010267999954521656
v 0.0898900032043457 0.027466999366879463 -0.0095229996368289
v 0.08941300213336945 0.031867001205682755 -0.006744000129401684
v 0.08936700224876404 0.0348920002579689 -0.006473999936133623
v 0.0909229964017868 0.03544199839234352 -0.015553999692201614
v 0.09139999747276306 0.03145400062203407 -0.018332000821828842
v 0.09081800282001495 0.021278999745845795 -0.014944000169634819
v 0.09051699936389923 0.02794799953699112 -0.013182000257074833
v 0.08915500342845917 0.03244800120592117 0.000007000000096013537
v 0.09729799628257751 0.03182300180196762 0.008170000277459621
v 0.09469199925661087 0.03182300180196762 0.008917000144720078
v 0.08750899881124496 0.03182300180196762 0.004666999913752079
v 0.08096200227737427 0.03182300180196762 0.004718000069260597
v 0.07817800343036652 0.03182300180196762 0.00035700001171790063
v 0.07703299820423126 0.03182300180196762 -0.005747999995946884
v 0.0818910002708435 0.03182300180196762 -0.006666999775916338
v 0.0849749967455864 0.03182300180196762 -0.004726999904960394
v 0.09210799634456635 0.03182300180196762 -0.0059460001066327095
v 0.09742400050163269 0.03182300180196762 -0.005135000217705965
v 0.09936100244522095 0.03182300180196762 -0.0013670000480487943
v 0.09734900295734406 0.03182300180196762 0.003926999866962433
v 0.09848900139331818 0.026197999715805054 0.00825399998575449
v 0.09362799674272537 0.026197999715805054 0.007397000212222338
v 0.0891219973564148 0.026197999715805054 0.0023509999737143517
v 0.08427900075912476 0.026197999715805054 0.0039079999551177025
v 0.0808349996805191 0.026197999715805054 0.002919000107795
v 0.0800279974937439 0.026197999715805054 -0.0007779999868944287
v 0.07851699739694595 0.026197999715805054 -0.004089999943971634
v 0.08130499720573425 0.026197999715805054 -0.004422999918460846
v 0.08495400100946426 0.026197999715805054 -0.005683000199496746
v 0.09018699824810028 0.026197999715805054 -0.0036830001045018435
v 0.09656299650669098 0.026197999715805054 -0.003129000077024102
v 0.09825699776411057 0.026197999715805054 -0.0019420000026002526
v 0.09800100326538086 0.026197999715805054 0.003470999887213111
v 0.09852299839258194 0.019948000088334084 0.008067999966442585
v 0.09465199708938599 0.019948000088334084 0.007703999988734722
v 0.08895999938249588 0.019948000088334084 0.0032740000169724226
v 0.08611000329256058 0.019948000088334084 0.004674999974668026
v 0.08296100050210953 0.019948000088334084 0.0020240000449121
v 0.0799190029501915 0.019948000088334084 -0.0001610000035725534
v 0.07972700148820877 0.019948000088334084 -0.0037479999009519815
v 0.08366300165653229 0.019948000088334084 -0.0037529999390244484
v 0.08974099904298782 0.019948000088334084 -0.0011579999700188637
v 0.0961420014500618 0.019948000088334084 -0.000029999999242136255
v 0.09719700366258621 0.019948000088334084 0.002630000002682209
v 0.09328299760818481 0.013698000460863113 0.0035910001024603844
v 0.08815599977970123 0.013698000460863113 0.002432999899610877
v 0.08509700000286102 0.013698000460863113 0.003226999891921878
v 0.08169999718666077 0.013698000460863113 -0.0016240000259131193
v 0.0843610018491745 0.013698000460863113 -0.003756999969482422
v 0.08769100159406662 0.013698000460863113 -0.0028520000632852316
v 0.08959999680519104 0.013698000460863113 -0.00035799999022856355
v 0.0936259999871254 0.013698000460863113 0.0009219999774359167
v 0.08854000270366669 0.012134999968111515 0.0009769999887794256
v 0.05909400060772896 0.01840299926698208 0.021486999467015266
v 0.059275999665260315 0.015652000904083252 0.020450999960303307
v 0.06059499830007553 0.020748000591993332 0.021877000108361244
v 0.06024099886417389 0.017545999959111214 0.023887999355793
v 0.05986500158905983 0.015515999868512154 0.026020999997854233
v 0.06056300178170204 0.011320999823510647 0.022059999406337738
v 0.061239998787641525 0.01271899975836277 0.018221000209450722
v 0.06137999892234802 0.016598999500274658 0.01742899976670742
v 0.06588499993085861 0.02611600048840046 0.01860000006854534
v 0.06553000211715698 0.019485000520944595 0.020610999315977097
v 0.06494999676942825 0.016011999920010567 0.02390100061893463
v 0.06458500027656555 0.012404000386595726 0.02597299963235855
v 0.06511200219392776 0.009968000464141369 0.022987000644207
v 0.06578800082206726 0.010553999803960323 0.019147999584674835
v 0.06646499782800674 0.012041999958455563 0.015309999696910381
v 0.06741099804639816 0.009878000244498253 0.009948000311851501
v 0.0682699978351593 0.009968000464141369 0.005073000211268663
v 0.06850600242614746 0.016101999208331108 0.0037320000119507313
v 0.06780800223350525 0.02201100066304207 0.007691999897360802
v 0.06673400104045868 0.025529999285936356 0.013786000199615955
v 0.07232300192117691 0.029318999499082565 0.017722999677062035
v 0.07160300016403198 0.028958000242710114 0.021807000041007996
v 0.07125899940729141 0.025167999789118767 0.023757999762892723
v 0.07104399800300598 0.018223000690340996 0.024974999949336052
v 0.07111900299787521 0.012810000218451023 0.024548999965190887
v 0.07186000049114227 0.010374000295996666 0.02034500055015087
v 0.07294599711894989 0.010553999803960323 0.014190999791026115
v 0.07443899661302567 0.008117999881505966 0.005721000023186207
v 0.07490099966526031 0.009878000244498253 0.003100000089034438
v 0.07454700022935867 0.014252999797463417 0.005111999809741974
v 0.07482600212097168 0.02232700027525425 0.003527000080794096
v 0.07468599826097488 0.025349000468850136 0.004317999817430973
v 0.07362300157546997 0.029363999143242836 0.010351000353693962
v 0.07869499921798706 0.02611600048840046 0.01721400022506714
v 0.07785700261592865 0.023770000785589218 0.021966999396681786
v 0.07737299799919128 0.018042000010609627 0.024709999561309814
v 0.07737299799919128 0.013306000269949436 0.024709999561309814
v 0.07745999842882156 0.009968000464141369 0.02422099933028221
v 0.07811500132083893 0.00861399993300438 0.02050499990582466
v 0.07925300300121307 0.009607000276446342 0.014046000316739082
v 0.08047900348901749 0.007938000373542309 0.0071000000461936
v 0.08095099776983261 0.00685499981045723 0.004418000113219023
v 0.08105900138616562 0.00802799966186285 0.00380899989977479
v 0.08078999817371368 0.014252999797463417 0.005332000087946653
v 0.08091899752616882 0.021335000172257423 0.004600999876856804
v 0.08078999817371368 0.023499999195337296 0.005332000087946653
v 0.07961899787187576 0.026521999388933182 0.011974000371992588
v 0.08527299761772156 0.025709999725222588 0.015545999631285667
v 0.08474600315093994 0.02232700027525425 0.018533999100327492
v 0.08415500074625015 0.01641800068318844 0.021883999928832054
v 0.08386500179767609 0.01380200032144785 0.02352900058031082
v 0.0838330015540123 0.010192999616265297 0.023713000118732452
v 0.08501400053501129 0.010553999803960323 0.017009999603033066
v 0.08595000207424164 0.009607000276446342 0.011707999743521214
v 0.0865510031580925 0.009607000276446342 0.008295999839901924
v 0.08678799867630005 0.012539000250399113 0.006955000106245279
v 0.08643300086259842 0.017635999247431755 0.008965999819338322
v 0.08645399659872055 0.0240860003978014 0.008844999596476555
v 0.08604700118303299 0.025529999285936356 0.011158999986946583
v 0.08525100350379944 0.02575499936938286 0.015668999403715134
v 0.08611900359392166 0.017319999635219574 0.01431300025433302
v 0.08864600211381912 0.02649500034749508 -0.038047999143600464
v 0.09442800283432007 0.028315000236034393 -0.03345600143074989
v 0.09106799960136414 0.03364799916744232 -0.03502099961042404
v 0.08388300240039825 0.03131899982690811 -0.03837199881672859
v 0.08349700272083282 0.02777400054037571 -0.03855299949645996
v 0.08203300088644028 0.024845000356435776 -0.03923499956727028
v 0.0832889974117279 0.021699000149965286 -0.038649000227451324
v 0.08929800242185593 0.020535999909043312 -0.03584799915552139
v 0.09133300185203552 0.022004999220371246 -0.03489900007843971
v 0.09219399839639664 0.027807999402284622 -0.02880699932575226
v 0.09087400138378143 0.03252900019288063 -0.02942200005054474
v 0.08910500258207321 0.03719199821352959 -0.03024899959564209
v 0.0857049971818924 0.03740699961781502 -0.03183300048112869
v 0.0838410034775734 0.03571299836039543 -0.03270300105214119
v 0.0805639997124672 0.03311600163578987 -0.03423000127077103
v 0.08244699984788895 0.028790000826120377 -0.033351998776197433
v 0.08246999979019165 0.021927999332547188 -0.03334200009703636
v 0.08061400055885315 0.01792900077998638 -0.03420799970626831
v 0.08419200032949448 0.0145650003105402 -0.0325389988720417
v 0.08696600049734116 0.015192000195384026 -0.031245000660419464
v 0.0896650031208992 0.021275000646710396 -0.029986999928951263
v 0.09195200353860855 0.02708600088953972 -0.021333999931812286
v 0.09204799681901932 0.03259899839758873 -0.021289000287652016
v 0.09157399833202362 0.039122000336647034 -0.021510999649763107
v 0.08805999904870987 0.03995500132441521 -0.023149000480771065
v 0.08386900275945663 0.03971699997782707 -0.02510399930179119
v 0.08019199967384338 0.03824299946427345 -0.02681799978017807
v 0.07985900342464447 0.03604700043797493 -0.02697400003671646
v 0.08169399946928024 0.028797000646591187 -0.026117999106645584
v 0.08064000308513641 0.021988000720739365 -0.02660899981856346
v 0.07720399647951126 0.015957999974489212 -0.02821199968457222
v 0.07970499992370605 0.013659000396728516 -0.027046000584959984
v 0.08276399970054626 0.013106999918818474 -0.02561900019645691
v 0.08688899874687195 0.01649400033056736 -0.023694999516010284
v 0.08936800062656403 0.020045999437570572 -0.02253899909555912
v 0.08943799883127213 0.02854900062084198 -0.014921000227332115
v 0.0890209972858429 0.035241998732089996 -0.01511599961668253
v 0.08640599995851517 0.03827099874615669 -0.016334999352693558
v 0.08244799822568893 0.03595200181007385 -0.018182000145316124
v 0.07905100286006927 0.03549100086092949 -0.019765999168157578
v 0.07560600340366364 0.032499998807907104 -0.021371999755501747
v 0.07686900347471237 0.026934999972581863 -0.020781999453902245
v 0.07614400237798691 0.023445000872015953 -0.02112100087106228
v 0.07972799986600876 0.018563000485301018 -0.01944899931550026
v 0.08204899728298187 0.018570000305771828 -0.018365999683737755
v 0.08373700082302094 0.02234400063753128 -0.017580000683665276
v 0.08539800345897675 0.029164999723434448 -0.009219000115990639
v 0.08589500188827515 0.03327300027012825 -0.008988000452518463
v 0.0831110030412674 0.03596299886703491 -0.010286999866366386
v 0.0776199996471405 0.03487800061702728 -0.012846999801695347
v 0.07366099953651428 0.03323400020599365 -0.014692000113427639
v 0.0710040032863617 0.03153799846768379 -0.01593099907040596
v 0.07163500040769577 0.028783999383449554 -0.015637999400496483
v 0.0770300030708313 0.024243999272584915 -0.013120999559760094
v 0.07913199812173843 0.022451000288128853 -0.012140999548137188
v 0.08133599907159805 0.023920999839901924 -0.011113000102341175
v 0.07864300161600113 0.028927000239491463 -0.004784000106155872
v 0.07750499993562698 0.030274000018835068 -0.005313999950885773
v 0.07387600094079971 0.030937999486923218 -0.00700599979609251
v 0.06980200111865997 0.029968999326229095 -0.008906000293791294
v 0.07388699799776077 0.027674999088048935 -0.007000999990850687
v 0.07762899994850159 0.026843000203371048 -0.0052559999749064445
v 0.0751969963312149 0.02852500043809414 -0.0044929999858140945
v -0.009800000116229057 0.006446999963372946 -0.006333999801427126
v -0.008844999596476555 0.009352000430226326 -0.003246000036597252
v -0.007965999655425549 0.008534999564290047 -0.006963000167161226
v -0.005553000140935183 0.0035810000263154507 -0.013011000119149685
v -0.0045540002174675465 0.0017290000105276704 -0.015819000080227852
v -0.005791999865323305 0.002437999937683344 -0.009879999794065952
v -0.007385000120848417 0.0048870001919567585 -0.004639000166207552
v -0.008750000037252903 0.008045000024139881 -0.0017709999810904264
v -0.005386000033468008 0.018339000642299652 0.002248999895527959
v -0.004960999824106693 0.019644999876618385 -0.002182000083848834
v -0.00203000009059906 0.016106000170111656 -0.01334100030362606
v 0.00036899998667649925 0.010553999803960323 -0.018377000465989113
v 0.0034719998948276043 0.0012989999959245324 -0.02170100063085556
v 0.005396000109612942 -0.005125999916344881 -0.02269499935209751
v 0.006054999772459269 -0.008774000220000744 -0.02080100029706955
v 0.004765000194311142 -0.0076299998909235 -0.015254000201821327
v 0.002471999963745475 -0.0053980001248419285 -0.0056940000504255295
v 0.0012150000547990203 -0.002893999917432666 -0.0024250000715255737
v -0.0010939999483525753 0.0026050000451505184 0.002182000083848834
v -0.00430600019171834 0.01218700036406517 0.0056130001321434975
v -0.005200000014156103 0.015944000333547592 0.004885000176727772
v 0.0007740000146441162 0.028379999101161957 0.0037789999041706324
v 0.0009139999747276306 0.02990500070154667 0.0006319999811239541
v 0.002672000089660287 0.02990500070154667 -0.009340000338852406
v 0.004182999953627586 0.027181999757885933 -0.013705999590456486
v 0.005859999917447567 0.022717999294400215 -0.016330000013113022
v 0.00873900018632412 0.014442999847233295 -0.019883999601006508
v 0.011646999977529049 0.006711999885737896 -0.024447999894618988
v 0.013753999955952168 -0.00020199999562464654 -0.02572700008749962
v 0.014986000023782253 -0.006517000030726194 -0.022971000522375107
v 0.01484300009906292 -0.009839000180363655 -0.017031000927090645
v 0.013681000098586082 -0.009511999785900116 -0.010951999574899673
v 0.012404999695718288 -0.0077149998396635056 -0.00648199999704957
v 0.010273000225424767 -0.003959000110626221 -0.0001939999929163605
v 0.008775000460445881 -0.0019450000254437327 0.0051910001784563065
v 0.007818000391125679 0.00028700000257231295 0.007180999964475632
v 0.006331999786198139 0.006167999934405088 0.006535999942570925
v 0.004265999887138605 0.011775000020861626 0.009599000215530396
v 0.003186000045388937 0.014715000055730343 0.01118599995970726
v 0.001943000010214746 0.019505999982357025 0.010840999893844128
v 0.008239000104367733 0.033521998673677444 0.0054779998026788235
v 0.010963000357151031 0.033684998750686646 -0.010226000100374222
v 0.012109000235795975 0.031888000667095184 -0.013957999646663666
v 0.01628500036895275 0.018821999430656433 -0.017474999651312828
v 0.021395999938249588 0.0038499999791383743 -0.023364000022411346
v 0.023138999938964844 -0.0007769999792799354 -0.026102999225258827
v 0.024312999099493027 -0.0056779999285936356 -0.02519799955189228
v 0.024252999573946 -0.008781000040471554 -0.02006799913942814
v 0.023392999544739723 -0.007910000160336494 -0.016537999734282494
v 0.02028599940240383 -0.004153000190854073 -0.00471000000834465
v 0.017761999741196632 -0.0017030000453814864 0.005824000108987093
v 0.016829000785946846 -0.0013770000077784061 0.010608999989926815
v 0.01577400043606758 0.0010189999593421817 0.012899000197649002
v 0.014775999821722507 0.005700999870896339 0.011327000334858894
v 0.013005999848246574 0.012125000357627869 0.011458000168204308
v 0.011349000036716461 0.01778700016438961 0.012117999605834484
v 0.009770000353455544 0.02459299936890602 0.010569999925792217
v 0.016899000853300095 0.03577699884772301 0.004846000112593174
v 0.017004000023007393 0.037356000393629074 0.0018179999897256494
v 0.019300000742077827 0.03724699839949608 -0.011040999554097652
v 0.02044299989938736 0.03534200042486191 -0.01458400022238493
v 0.02179799973964691 0.0309859998524189 -0.015549999661743641
v 0.026402000337839127 0.015306999906897545 -0.017467999830842018
v 0.029823999851942062 0.0055069997906684875 -0.021750999614596367
v 0.030491000041365623 0.0028929999098181725 -0.02150600031018257
v 0.030199000611901283 0.0013699999544769526 -0.017495999112725258
v 0.026774000376462936 0.0014779999619349837 0.0017630000365898013
v 0.02589000016450882 0.0005520000122487545 0.008208000101149082
v 0.02519799955189228 0.0003349999897181988 0.012466000393033028
v 0.023705000057816505 0.004308999981731176 0.014804000034928322
v 0.023250000551342964 0.006812999956309795 0.013518000021576881
v 0.021740999072790146 0.01405400037765503 0.01090299990028143
v 0.018936000764369965 0.02439899928867817 0.010852999985218048
v 0.017395999282598495 0.031422000378370285 0.008743000216782093
v 0.0252470001578331 0.03781500086188316 0.006318000145256519
v 0.025696000084280968 0.03841400146484375 0.0028440000023692846
v 0.027298999950289726 0.03830600157380104 -0.006076999939978123
v 0.02769099920988083 0.039122000336647034 -0.009561000391840935
v 0.030129000544548035 0.03514799848198891 -0.01725500077009201
v 0.031376998871564865 0.03111799992620945 -0.01811400055885315
v 0.03435099869966507 0.01816200092434883 -0.01498700026422739
v 0.03680099919438362 0.01130099967122078 -0.018299000337719917
v 0.03765200078487396 0.007544999942183495 -0.017324000597000122
v 0.03715499863028526 0.007164000067859888 -0.013921000063419342
v 0.035829998552799225 0.004821999929845333 -0.002795000094920397
v 0.035186998546123505 0.0050409999676048756 0.0005189999938011169
v 0.03480000048875809 0.003298999974504113 0.005400999914854765
v 0.03374600037932396 0.004821999929845333 0.009022999554872513
v 0.031640999019145966 0.010212999768555164 0.012648999691009521
v 0.029072999954223633 0.017726000398397446 0.015623999759554863
v 0.027698000892996788 0.02371400035917759 0.014175999909639359
v 0.025654999539256096 0.033351000398397446 0.01089600007981062
v 0.03475699946284294 0.03598799929022789 0.007170999888330698
v 0.035030998289585114 0.03762099891901016 0.003092000028118491
v 0.03784000128507614 0.034790001809597015 -0.008469000458717346
v 0.03959999978542328 0.03408300131559372 -0.017361000180244446
v 0.039879001677036285 0.0358240008354187 -0.0216279998421669
v 0.04056699946522713 0.03457200154662132 -0.023600999265909195
v 0.041696999222040176 0.029836000874638557 -0.022702999413013458
v 0.042146001011133194 0.025263000279664993 -0.018182000145316124
v 0.0436910018324852 0.016279000788927078 -0.013086999766528606
v 0.04429300129413605 0.01399299968034029 -0.012980000115931034
v 0.044550999999046326 0.011869999580085278 -0.011157000437378883
v 0.04385700076818466 0.01268600020557642 -0.008488000370562077
v 0.04385700076818466 0.008330999873578548 -0.0017600000137463212
v 0.043345000594854355 0.007187000010162592 0.0029090000316500664
v 0.04224399849772453 0.00892999954521656 0.006459000054746866
v 0.04046500101685524 0.012958000414073467 0.010333999991416931
v 0.03796600177884102 0.017695000395178795 0.01719300076365471
v 0.03671399876475334 0.021124999970197678 0.019003000110387802
v 0.036277998238801956 0.02569900080561638 0.014419999904930592
v 0.03481400012969971 0.03408300131559372 0.009781000204384327
v 0.043873999267816544 0.033181000500917435 0.011761000379920006
v 0.045451998710632324 0.030566999688744545 0.0068339998833835125
v 0.04674699902534485 0.03034999966621399 -0.0001720000000204891
v 0.046620000153779984 0.033181000500917435 -0.00381199992261827
v 0.04752599820494652 0.034595999866724014 -0.01114100031554699
v 0.047276999801397324 0.0403130017220974 -0.018547000363469124
v 0.04730299860239029 0.04210900142788887 -0.0214610006660223
v 0.04825200140476227 0.04303500056266785 -0.02827499993145466
v 0.04912300035357475 0.04080300033092499 -0.029771000146865845
v 0.051378000527620316 0.029751000925898552 -0.025503000244498253
v 0.051968999207019806 0.0271380003541708 -0.024826999753713608
v 0.05178799852728844 0.024904999881982803 -0.020354000851511955
v 0.05133200064301491 0.021530000492930412 -0.012563000433146954
v 0.05241699889302254 0.015650000423192978 -0.00964299961924553
v 0.05251999944448471 0.012384000234305859 -0.0051830001175403595
v 0.05246900022029877 0.010478000156581402 -0.001955999992787838
v 0.05099400132894516 0.010967999696731567 0.005654999986290932
v 0.048850998282432556 0.015922000631690025 0.010162999853491783
v 0.04695799946784973 0.01951500028371811 0.015350000001490116
v 0.04563099890947342 0.021421000361442566 0.019941000267863274
v 0.044805001467466354 0.024468999356031418 0.01992099918425083
v 0.044280000030994415 0.029751000925898552 0.014752999879419804
v 0.05257200077176094 0.033312998712062836 0.014183999970555305
v 0.05270100012421608 0.03402100130915642 0.012365000322461128
v 0.05365699902176857 0.0348379984498024 0.005679000169038773
v 0.05378799885511398 0.03717799857258797 0.001323999953456223
v 0.055298998951911926 0.034129999577999115 -0.002535999985411763
v 0.057502999901771545 0.03244199976325035 -0.012427999638020992
v 0.05893399938941002 0.030100999400019646 -0.01693500019609928
v 0.059484999626874924 0.027434000745415688 -0.015949999913573265
v 0.05907300114631653 0.026944000273942947 -0.012849000282585621
v 0.05952699854969978 0.0220979992300272 -0.007946000434458256
v 0.06007099896669388 0.015673000365495682 -0.0011230000527575612
v 0.05959700047969818 0.011590000241994858 0.007868999615311623
v 0.05873899906873703 0.011590000241994858 0.012732000090181828
v 0.057996999472379684 0.013333000242710114 0.01425199955701828
v 0.05701899901032448 0.01806900091469288 0.012490999884903431
v 0.05537400022149086 0.022696999832987785 0.014677000232040882
v 0.053536999970674515 0.027434000745415688 0.017781000584363937
v 0.05302700027823448 0.03048199974000454 0.015977000817656517
v 0.06002800166606903 0.03299099951982498 0.011371999979019165
v 0.06010099872946739 0.036747999489307404 0.005164999980479479
v 0.06065800040960312 0.0370200015604496 0.0015829999465495348
v 0.06305599957704544 0.03299099951982498 -0.005801000166684389
v 0.06401100009679794 0.03097599931061268 -0.008105999790132046
v 0.0654589980840683 0.02569499984383583 -0.008167999796569347
v 0.0657379999756813 0.02406200021505356 -0.007230999879539013
v 0.06409700214862823 0.028635000810027122 -0.004982000216841698
v 0.06279700249433517 0.030268000438809395 -0.0001340000017080456
v 0.061771001666784286 0.029342999681830406 0.007110999897122383
v 0.061480000615119934 0.028145000338554382 0.010613000020384789
v 0.06095900014042854 0.02830900065600872 0.013313000090420246
v 0.06041400134563446 0.03005100041627884 0.01372500043362379
v 0.06265699863433838 0.033337000757455826 0.00891599990427494
v 0.06307599693536758 0.03611399978399277 0.002263000002130866
v 0.06436900049448013 0.03388100117444992 -0.0016339999856427312
vn 0.9052907824516296 -0.32398802042007446 -0.27473682165145874
vn 0.8698316812515259 -0.3534400165081024 0.344199001789093
vn 0.4674440026283264 -0.2374333292245865 0.8515406847000122
vn -0.22221258282661438 -0.006696173921227455 0.9749752879142761
vn -0.5546214580535889 0.20369267463684082 0.8067864775657654
vn -0.06866281479597092 -0.06482947617769241 0.9955312609672546
vn 0.22546009719371796 -0.2581922709941864 0.9394170641899109
vn 0.23985648155212402 -0.0443599708378315 0.9697943329811096
vn -0.23478829860687256 0.14847347140312195 0.9606403708457947
vn -0.7896785736083984 0.36736592650413513 0.4913756251335144
vn -0.9500861763954163 0.2713486850261688 -0.15396814048290253
vn -0.8956837058067322 0.3404620587825775 0.28607016801834106
vn -0.8288862705230713 0.47995421290397644 0.2873874306678772
vn 0.8999786376953125 0.32731255888938904 0.28793224692344666
vn 0.5496669411659241 0.5930965542793274 0.5883049964904785
vn -0.26183658838272095 0.698958158493042 0.6655067205429077
vn -0.6228078007698059 0.5644016265869141 0.5418129563331604
vn 0.1624903529882431 0.650631308555603 0.7418058514595032
vn 0.38687485456466675 0.5769132971763611 0.7193740606307983
vn 0.4596107602119446 0.6625553369522095 0.5914207100868225
vn 0.05565944314002991 0.733481764793396 0.6774263978004456
vn -0.685681164264679 0.6703486442565918 0.283679723739624
vn -0.9635753035545349 0.09947764128446579 0.24824753403663635
vn -0.9114481806755066 -0.012191085144877434 0.41123414039611816
vn 0.8551345467567444 0.5177049040794373 0.026953300461173058
vn 0.5680915117263794 0.8017570972442627 0.1856272965669632
vn -0.5873264670372009 0.7677651047706604 0.25609448552131653
vn -0.4439781904220581 0.8211989998817444 0.35849085450172424
vn 0.23565474152565002 0.9324803948402405 0.2737646698951721
vn 0.38836708664894104 0.8739380836486816 0.29223811626434326
vn 0.46589237451553345 0.8647467494010925 0.18750321865081787
vn 0.23353266716003418 0.9531799554824829 0.1921210139989853
vn -0.4300336539745331 0.8735197186470032 0.2281106561422348
vn -0.9525503516197205 0.09200277179479599 0.29014351963996887
vn -0.9380518794059753 0.12555278837680817 0.3229474127292633
vn 0.8334968686103821 0.47997772693634033 -0.2736862301826477
vn 0.5220831036567688 0.8103201985359192 -0.26610222458839417
vn -0.5560302138328552 0.7751065492630005 -0.3000670373439789
vn -0.4874141812324524 0.8489257097244263 -0.20433448255062103
vn 0.23812372982501984 0.9471964836120605 -0.21474650502204895
vn 0.37022697925567627 0.8413567543029785 -0.3937649130821228
vn 0.390826016664505 0.7963441014289856 -0.4616178572177887
vn 0.14940914511680603 0.9011371731758118 -0.4069751799106598
vn -0.5143204927444458 0.8329121470451355 -0.20428331196308136
vn -0.9354507923126221 0.2437736541032791 -0.25594183802604675
vn -0.9656671285629272 0.233829528093338 0.11318513005971909
vn 0.8373318910598755 0.12768597900867462 -0.531574547290802
vn 0.5749049782752991 0.4374762773513794 -0.691446840763092
vn -0.13812437653541565 0.5763812065124512 -0.8054230809211731
vn -0.06846892088651657 0.6609185934066772 -0.7473277449607849
vn 0.03992665559053421 0.700343906879425 -0.7126880884170532
vn 0.05308918282389641 0.40548571944236755 -0.9125584363937378
vn 0.1450110524892807 0.16709309816360474 -0.9752187728881836
vn 0.22329528629779816 0.2619327902793884 -0.9388985633850098
vn -0.35271167755126953 0.42350202798843384 -0.8344102501869202
vn -0.7647690176963806 0.4663996398448944 -0.44452205300331116
vn -0.7261203527450562 0.6798921227455139 0.102448970079422
vn 0.7990848422050476 -0.2741298973560333 -0.5350852608680725
vn 0.6205676794052124 -0.1800120770931244 -0.763211190700531
vn 0.18395832180976868 -0.007818642072379589 -0.9829028844833374
vn -0.15237613022327423 0.09713279455900192 -0.9835378527641296
vn -0.13211777806282043 0.12703301012516022 -0.9830603003501892
vn -0.20253325998783112 0.1266327202320099 -0.9710532426834106
vn 0.06503288447856903 0.06693281978368759 -0.9956358075141907
vn 0.3090030550956726 0.06603145599365234 -0.9487659931182861
vn 0.13603226840496063 0.20538973808288574 -0.9691802263259888
vn -0.3898652493953705 0.4635966718196869 -0.7956652641296387
vn -0.745014488697052 0.5580644607543945 -0.3654003441333771
vn 0.5937311053276062 -0.5975620746612549 -0.5388904213905334
vn 0.2527082860469818 -0.6520916223526001 -0.7147831916809082
vn -0.19502180814743042 -0.46073997020721436 -0.865843653678894
vn -0.4579775631427765 -0.36443862318992615 -0.8108274340629578
vn -0.4327070415019989 -0.45841652154922485 -0.7762852907180786
vn -0.1771010011434555 -0.3485093414783478 -0.920421838760376
vn 0.17317506670951843 -0.07766209542751312 -0.9818243384361267
vn 0.2584686279296875 -0.10475555062294006 -0.9603230357170105
vn -0.2655104100704193 0.15069027245044708 -0.9522587060928345
vn -0.7111025452613831 0.5142650604248047 -0.4794420301914215
vn -0.8145707249641418 0.5054258108139038 -0.2846388518810272
vn 0.3996182978153229 -0.8580520749092102 -0.32257094979286194
vn 0.012873721309006214 -0.9363107681274414 -0.3509364128112793
vn -0.6809168457984924 -0.6344773173332214 -0.3657740354537964
vn -0.6857854127883911 -0.6680626273155212 -0.288774311542511
vn -0.3951779305934906 -0.8735247254371643 -0.2842337489128113
vn -0.10408120602369308 -0.888207733631134 -0.44749754667282104
vn 0.11047928780317307 -0.8081440329551697 -0.5785305500030518
vn -0.05505576357245445 -0.8154910802841187 -0.5761452317237854
vn -0.8261117339134216 -0.4083108901977539 -0.3883575201034546
vn -0.9269553422927856 0.2793329656124115 -0.2504531145095825
vn -0.8933795690536499 0.4420456886291504 0.0804273784160614
vn 0.3576216995716095 -0.9269213080406189 -0.11368197947740555
vn 0.03164565563201904 -0.9988672733306885 0.035532064735889435
vn -0.5897767543792725 -0.7854784727096558 0.18758191168308258
vn -0.7387880086898804 -0.625292956829071 0.25139838457107544
vn -0.4055598974227905 -0.9045242071151733 0.13174636662006378
vn -0.14608968794345856 -0.9882119297981262 0.045771244913339615
vn 0.059211138635873795 -0.9949557781219482 0.08097635209560394
vn -0.07877697795629501 -0.9723365306854248 0.21989946067333221
vn -0.7701220512390137 -0.5725178122520447 0.2813100516796112
vn -0.9406580924987793 0.2228585183620453 0.2559225559234619
vn -0.817940890789032 0.502358078956604 0.2803727090358734
vn 0.47069188952445984 -0.8676096796989441 0.16031986474990845
vn 0.07071224600076675 -0.8938599228858948 0.442734956741333
vn -0.5684928297996521 -0.5638391971588135 0.599083662033081
vn -0.6522562503814697 -0.38143813610076904 0.6550319194793701
vn -0.31901785731315613 -0.7139104604721069 0.6233453750610352
vn -0.05358424782752991 -0.8938981294631958 0.4450559616088867
vn 0.1313963234424591 -0.8048866987228394 0.5786989331245422
vn -0.2319776564836502 -0.5673760175704956 0.7901081442832947
vn -0.7397809624671936 -0.27293404936790466 0.6150049567222595
vn -0.836473286151886 0.5230638384819031 0.1634526252746582
vn -0.7477709650993347 0.5403459668159485 0.3858300447463989
vn 0.6710807681083679 -0.7158565521240234 0.19287289679050446
vn 0.37695959210395813 -0.31296950578689575 0.8717520236968994
vn -0.026541903614997864 0.06232532858848572 0.9977028369903564
vn -0.2687252163887024 0.190617635846138 0.9441671371459961
vn -0.25945526361465454 -0.037481728941202164 0.9650275111198425
vn -0.10069049894809723 -0.25566694140434265 0.9615070223808289
vn 0.0041628568433225155 0.018537990748882294 0.9998195171356201
vn 0.08531416207551956 0.036767635494470596 0.9956755638122559
vn 0.12455160170793533 0.15718716382980347 0.9796832203865051
vn -0.22477707266807556 0.39525437355041504 0.8906453847885132
vn -0.7909496426582336 0.611778736114502 0.01120391022413969
vn -0.6192386746406555 0.2983745038509369 -0.726303219795227
vn -0.8815731406211853 0.44013187289237976 -0.17062421143054962
vn 0.6685458421707153 -0.001707846182398498 0.7436689734458923
vn 0.2553975582122803 0.6086962223052979 0.7511730790138245
vn 0.19299516081809998 0.6521793603897095 0.7330859303474426
vn 0.015639256685972214 0.6689867973327637 0.7431097626686096
vn -0.09086035192012787 -0.08575253933668137 0.9921647310256958
vn 0.11106932163238525 0.34716910123825073 0.9312019944190979
vn 0.30518820881843567 0.7945274114608765 0.5249632596969604
vn 0.29240211844444275 0.4784855246543884 0.8279810547828674
vn 0.16328848898410797 0.7480906248092651 0.6431931257247925
vn -0.09603109210729599 0.9924818873405457 -0.07588021457195282
vn -0.26546183228492737 0.9366399645805359 -0.2285510152578354
vn 0.9206328392028809 -0.0734327957034111 0.3834616243839264
vn 0.47365322709083557 0.8223649859428406 0.3152277171611786
vn 0.3855642080307007 0.8786733746528625 0.28155505657196045
vn 0.38488656282424927 0.8620454668998718 0.3297575116157532
vn 0.2187822014093399 0.8742026090621948 0.433478981256485
vn 0.4411802291870117 0.7873258590698242 0.43067148327827454
vn 0.3271039128303528 0.9449357390403748 -0.009972927160561085
vn 0.4611624479293823 0.8304803967475891 0.3124605119228363
vn 0.43427056074142456 0.8411581516265869 0.3222762942314148
vn 0.2713424563407898 0.9451985955238342 0.18158453702926636
vn 0.10560941696166992 0.9650775790214539 0.23973296582698822
vn 0.93239426612854 0.2593860328197479 -0.2517137825489044
vn 0.4248558282852173 0.8650060892105103 -0.26694947481155396
vn 0.513814389705658 0.7487145662307739 -0.41883307695388794
vn 0.3600422739982605 0.8992086052894592 -0.24858300387859344
vn 0.37657320499420166 0.8476864695549011 -0.3736579716205597
vn 0.38442373275756836 0.8161287903785706 -0.4314534664154053
vn 0.36870241165161133 0.8739790916442871 -0.3165739178657532
vn 0.5555100440979004 0.7708993554115295 -0.3116450607776642
vn 0.44742608070373535 0.8764209747314453 -0.17803408205509186
vn 0.4930960536003113 0.8611927628517151 -0.12330151349306107
vn 0.0035379768814891577 0.9929347634315491 -0.11860886216163635
vn 0.7382113933563232 -0.24521303176879883 -0.628422200679779
vn 0.28367146849632263 0.4262551963329315 -0.8589743375778198
vn 0.24362653493881226 0.17058317363262177 -0.9547499418258667
vn 0.3128194510936737 0.4655715227127075 -0.8278811573982239
vn 0.0932549387216568 0.3218400180339813 -0.9421902298927307
vn 0.15183942019939423 0.22089804708957672 -0.9634047746658325
vn 0.28360363841056824 0.35833215713500977 -0.8894757628440857
vn 0.4168834686279297 0.33711835741996765 -0.8441324234008789
vn 0.6166557669639587 0.460091769695282 -0.6387888789176941
vn 0.37576907873153687 0.7159017324447632 -0.5884575247764587
vn -0.03486624360084534 0.9118844866752625 -0.4089633524417877
vn 0.671879231929779 -0.5310031771659851 -0.5163466334342957
vn 0.12150225788354874 0.09399698674678802 -0.9881303906440735
vn 0.18335416913032532 0.12852396070957184 -0.9746089577674866
vn 0.12318216264247894 0.01687691919505596 -0.9922405481338501
vn -0.077169269323349 0.05520385876297951 -0.9954885244369507
vn -0.01689426228404045 -0.2144785225391388 -0.9765825271606445
vn 0.07976484298706055 -0.15544264018535614 -0.9846192002296448
vn 0.29301708936691284 0.0529627725481987 -0.9546390771865845
vn 0.5866882801055908 0.07299305498600006 -0.8065164685249329
vn 0.45130226016044617 0.19731540977954865 -0.870283305644989
vn -0.3831325173377991 0.4272131621837616 -0.8189617395401001
vn 0.5256131887435913 -0.6288134455680847 -0.5729960203170776
vn 0.12200281769037247 -0.14116361737251282 -0.9824398756027222
vn 0.007423977833241224 -0.115670345723629 -0.9932599663734436
vn -0.23747463524341583 -0.008843285962939262 -0.9713535308837891
vn -0.1942519098520279 -0.17284084856510162 -0.9656045436859131
vn -0.17733435332775116 -0.5562944412231445 -0.8118429780006409
vn -0.08787668496370316 -0.5962403416633606 -0.7979819774627686
vn 0.2826352119445801 -0.30077865719795227 -0.9108509421348572
vn 0.40769028663635254 -0.30752038955688477 -0.8597789406776428
vn -0.2666630446910858 -0.20800448954105377 -0.941076397895813
vn -0.8632060885429382 -0.09639450907707214 -0.4955636262893677
vn 0.33516040444374084 -0.9133172035217285 -0.23134207725524902
vn -0.24957405030727386 -0.789936363697052 -0.5601012110710144
vn -0.6631605625152588 -0.41537603735923767 -0.6226401925086975
vn -0.7010863423347473 -0.4405360221862793 -0.5607191324234009
vn -0.47114983201026917 -0.7233043313026428 -0.5048254132270813
vn -0.3297499120235443 -0.8939292430877686 -0.3035714328289032
vn -0.15112629532814026 -0.9179340600967407 -0.3668214976787567
vn 0.1920364499092102 -0.8658202886581421 -0.4620359241962433
vn -0.14226053655147552 -0.8396682739257812 -0.524136483669281
vn -0.8354745507240295 -0.35785871744155884 -0.41703641414642334
vn -0.939714252948761 -0.08892326056957245 -0.33019667863845825
vn 0.4265090823173523 -0.8921429514884949 0.14889879524707794
vn -0.18311870098114014 -0.9460576176643372 0.2672872841358185
vn -0.7182660698890686 -0.6599825620651245 0.2202652543783188
vn -0.8648197054862976 -0.49160078167915344 0.10205676406621933
vn -0.600554347038269 -0.7992628216743469 -0.02266206406056881
vn -0.40888136625289917 -0.9123402237892151 0.021245140582323074
vn -0.2593666613101959 -0.9167952537536621 0.3036699593067169
vn 0.005701020825654268 -0.8633984327316284 0.5044905543327332
vn -0.07224145531654358 -0.8600199818611145 0.5051206350326538
vn -0.7930411696434021 -0.5815913677215576 0.18120995163917542
vn -0.980601966381073 -0.044984057545661926 -0.1907782107591629
vn 0.34548813104629517 -0.7722783088684082 0.533126711845398
vn -0.2371019721031189 -0.5442606210708618 0.8047130107879639
vn -0.5963213443756104 -0.3934810161590576 0.6996952891349792
vn -0.6341556906700134 -0.498855859041214 0.5907533764839172
vn -0.3903217911720276 -0.6886057257652283 0.611122727394104
vn -0.16687162220478058 -0.5403229594230652 0.8247453570365906
vn -0.14024946093559265 -0.507826566696167 0.8499661087989807
vn 0.15203915536403656 -0.21648070216178894 0.9643755555152893
vn -0.219468355178833 -0.23400188982486725 0.9471414089202881
vn -0.9638519287109375 -0.2552911937236786 0.07626261562108994
vn -0.882229745388031 -0.1375698745250702 -0.45027217268943787
vn 0.7627744078636169 -0.6428594589233398 0.07004931569099426
vn 0.6449224352836609 -0.42255017161369324 0.6368095874786377
vn 0.13414239883422852 0.01718999072909355 0.9908129572868347
vn 0.10529831796884537 -0.02232847362756729 0.994189977645874
vn -0.05427597463130951 -0.17690499126911163 0.9827302694320679
vn -0.408573180437088 0.06063764542341232 0.910709023475647
vn -0.33263930678367615 -0.04733142629265785 0.9418656229972839
vn -0.08734377473592758 -0.21732744574546814 0.9721830487251282
vn 0.035250723361968994 -0.014546412043273449 0.9992725253105164
vn -0.03679928556084633 0.08692803978919983 0.9955347180366516
vn -0.32665714621543884 0.1972382515668869 0.924333393573761
vn -0.8934105634689331 0.353559672832489 0.2771516442298889
vn -0.8622118234634399 0.37875619530677795 -0.33635467290878296
vn 0.814067542552948 0.017790179699659348 0.580497682094574
vn 0.3198097050189972 0.40854597091674805 0.8548755049705505
vn 0.25042402744293213 0.3264927268028259 0.9114221334457397
vn 0.27860984206199646 0.4242022931575775 0.8616431355476379
vn -0.0666060671210289 0.4968169331550598 0.8652955889701843
vn -0.012372448109090328 0.20988599956035614 0.977647602558136
vn 0.08009617030620575 0.2590375542640686 0.9625404477119446
vn 0.28733766078948975 0.41592732071876526 0.8628102540969849
vn 0.12692755460739136 0.43434950709342957 0.8917566537857056
vn -0.08956331759691238 0.559731125831604 0.8238201141357422
vn -0.5997928977012634 0.7326953411102295 0.3215680420398712
vn 0.9829573035240173 0.03935619071125984 0.1795719414949417
vn 0.7263743281364441 0.585189163684845 0.36046355962753296
vn 0.43204018473625183 0.7948533296585083 0.42608609795570374
vn 0.5195798277854919 0.7540137767791748 0.4018707573413849
vn 0.23031562566757202 0.8933749198913574 0.38579261302948
vn 0.3339824080467224 0.7904044985771179 0.5135334134101868
vn 0.3540492653846741 0.8161698579788208 0.45663556456565857
vn 0.46743324398994446 0.7912355065345764 0.39427450299263
vn 0.4546474814414978 0.7971080541610718 0.3973846435546875
vn 0.1304175853729248 0.9179651737213135 0.37460795044898987
vn -0.5130497813224792 0.8539653420448303 0.08673570305109024
vn 0.9833440780639648 0.16786831617355347 -0.06967535614967346
vn 0.651833176612854 0.7377755641937256 -0.17550143599510193
vn 0.5867875814437866 0.7632144689559937 -0.27052560448646545
vn 0.471923828125 0.8340237140655518 -0.2858191132545471
vn 0.31677553057670593 0.8623369932174683 -0.3950040638446808
vn 0.45084497332572937 0.82977694272995 -0.3289515972137451
vn 0.4522784650325775 0.8704236149787903 -0.19444045424461365
vn 0.5494571328163147 0.8031125664710999 -0.23044948279857635
vn 0.4721262753009796 0.843338668346405 -0.2566643953323364
vn -0.02407640591263771 0.9436694383621216 -0.33001264929771423
vn -0.6807646751403809 0.668984055519104 -0.29836195707321167
vn 0.9382836222648621 -0.0666518285870552 -0.3393838405609131
vn 0.6330401301383972 0.38938573002815247 -0.6690582633018494
vn 0.4628978669643402 0.36940997838974 -0.8057677745819092
vn 0.2777140438556671 0.44419538974761963 -0.8518012166023254
vn 0.02251783013343811 0.3058220446109772 -0.9518223404884338
vn 0.2856804430484772 0.2769102454185486 -0.9174461364746094
vn 0.40850120782852173 0.5355365872383118 -0.7391396164894104
vn 0.40721964836120605 0.47643664479255676 -0.7792177796363831
vn 0.3648850619792938 0.5016446113586426 -0.7843542098999023
vn 0.048978041857481 0.5154868960380554 -0.8554966449737549
vn -0.551804780960083 0.4897648096084595 -0.6750126481056213
vn 0.784243106842041 -0.48255106806755066 -0.3900093138217926
vn 0.4653182625770569 -0.058130163699388504 -0.8832325339317322
vn 0.2724432349205017 0.06271886080503464 -0.9601255655288696
vn -0.06671460717916489 0.03749821335077286 -0.9970672130584717
vn -0.17294003069400787 -0.03773729130625725 -0.9842092394828796
vn -0.027448995038866997 -0.29528820514678955 -0.9550138115882874
vn 0.2001257985830307 -0.15553633868694305 -0.9673458933830261
vn 0.22468529641628265 -0.004424449987709522 -0.9744213819503784
vn 0.16142377257347107 0.17308367788791656 -0.9715885519981384
vn 0.04711025208234787 0.22751332819461823 -0.9726347327232361
vn -0.48918870091438293 0.38711121678352356 -0.781562089920044
vn 0.4588506519794464 -0.7379950881004333 -0.4947921633720398
vn 0.15856824815273285 -0.3676442801952362 -0.9163480997085571
vn -0.15745458006858826 -0.19264310598373413 -0.9685539603233337
vn -0.4027388393878937 -0.18249431252479553 -0.8969377279281616
vn -0.3033823072910309 -0.5134262442588806 -0.8027158379554749
vn -0.21168246865272522 -0.731778621673584 -0.6478352546691895
vn 0.028875160962343216 -0.710325300693512 -0.7032809853553772
vn 0.14560475945472717 -0.5360244512557983 -0.8315509557723999
vn 0.1052393764257431 -0.3003808557987213 -0.9479957818984985
vn -0.43890079855918884 0.16356204450130463 -0.8835233449935913
vn -0.7474914193153381 0.4600474238395691 -0.4791795611381531
vn 0.21149994432926178 -0.944805383682251 -0.2502211034297943
vn -0.36397841572761536 -0.7763370871543884 -0.5146070122718811
vn -0.747774600982666 -0.40328219532966614 -0.527443528175354
vn -0.6721352934837341 -0.6055870652198792 -0.426026314496994
vn -0.42995890974998474 -0.8537659049034119 -0.29363080859184265
vn -0.26085367798805237 -0.9389867186546326 -0.2241855412721634
vn -0.009721371345221996 -0.9572599530220032 -0.28906553983688354
vn 0.10142462700605392 -0.9338614344596863 -0.3429517149925232
vn -0.2518337666988373 -0.8342138528823853 -0.4905782639980316
vn -0.8449581265449524 -0.08728396892547607 -0.5276620984077454
vn -0.8462122678756714 0.4671317934989929 -0.2563447654247284
vn 0.1881704479455948 -0.951972246170044 0.24153822660446167
vn -0.3633744418621063 -0.8467184901237488 0.38862165808677673
vn -0.7663331627845764 -0.5481764078140259 0.3350165784358978
vn -0.7991877794265747 -0.5887731909751892 0.12101627141237259
vn -0.5032155513763428 -0.8640760779380798 -0.012108920142054558
vn -0.34098970890045166 -0.9374258518218994 0.07041970640420914
vn -0.10465358942747116 -0.9663096070289612 0.23514534533023834
vn 0.05706615373492241 -0.9758390784263611 0.2109067589044571
vn -0.1803743541240692 -0.9112300872802734 0.3703037202358246
vn -0.9277001619338989 -0.27285048365592957 0.25480425357818604
vn -0.9482172727584839 0.30406710505485535 -0.09179966151714325
vn 0.31705042719841003 -0.7425331473350525 0.590019941329956
vn -0.1233009397983551 -0.3521912395954132 0.9277705550193787
vn -0.30766478180885315 -0.369891494512558 0.876654326915741
vn -0.543331503868103 -0.5178185701370239 0.6607987284660339
vn -0.5766190886497498 -0.573648989200592 0.5817535519599915
vn -0.38767120242118835 -0.6933942437171936 0.607384204864502
vn -0.10142812132835388 -0.6522408127784729 0.7511952519416809
vn -0.009243598207831383 -0.6573779582977295 0.7535043358802795
vn -0.23262587189674377 -0.2835037112236023 0.9303283095359802
vn -0.6686822772026062 0.046177323907613754 0.7421129941940308
vn -0.9880664348602295 0.09940508008003235 0.11765751987695694
vn 0.9416207671165466 -0.25104838609695435 0.22433261573314667
vn 0.4057135283946991 -0.23512746393680573 0.8832392692565918
vn -0.3619266450405121 0.06446065753698349 0.9299752116203308
vn -0.5064167380332947 0.10380807518959045 0.856017529964447
vn -0.5229220390319824 -0.09267977625131607 0.847326934337616
vn -0.4292904734611511 -0.17493577301502228 0.8860626816749573
vn -0.12456350773572922 -0.22874006628990173 0.9654852747917175
vn -0.02735184133052826 -0.06328508257865906 0.9976205825805664
vn 0.05318048223853111 0.1214081272482872 0.991176962852478
vn 0.024023089557886124 0.20865385234355927 0.9776944518089294
vn -0.4863152801990509 0.32016023993492126 0.8130158185958862
vn -0.975055456161499 0.2219303548336029 -0.0037164362147450447
vn -0.8558135032653809 -0.049615927040576935 -0.514899492263794
vn 0.5966996550559998 0.030005423352122307 0.8019035458564758
vn -0.0063570295460522175 0.4943050444126129 0.8692651987075806
vn -0.32419997453689575 0.5272689461708069 0.7854182720184326
vn -0.2220998853445053 0.4033656418323517 0.8876754641532898
vn -0.39649665355682373 -0.06690114736557007 0.9155952334403992
vn -0.00388344912789762 0.09916083514690399 0.995063841342926
vn 0.06275313347578049 0.3817073702812195 0.9221504926681519
vn 0.14573627710342407 0.5031646490097046 0.851813554763794
vn 0.052640561014413834 0.5935524106025696 0.803071916103363
vn -0.3244268596172333 0.7810655832290649 0.5335577130317688
vn -0.6722099184989929 0.7385172843933105 -0.05221293866634369
vn 0.8688087463378906 0.18044692277908325 0.4610968232154846
vn 0.37649279832839966 0.8223357200622559 0.42663466930389404
vn 0.027688657864928246 0.9068359732627869 0.4205731451511383
vn 0.14537541568279266 0.9135447144508362 0.37987110018730164
vn 0.02899083122611046 0.8444355130195618 0.5348721146583557
vn 0.31373733282089233 0.7919521927833557 0.5238134264945984
vn 0.23575593531131744 0.8324740529060364 0.5014041066169739
vn 0.27712172269821167 0.9047671556472778 0.3234191834926605
vn 0.14207425713539124 0.9356586337089539 0.32304462790489197
vn -0.3538583517074585 0.9282440543174744 0.11466129124164581
vn -0.7358558773994446 0.6530225872993469 -0.17910224199295044
vn 0.9411062002182007 0.33128821849823 -0.06758273392915726
vn 0.3880348801612854 0.8456135988235474 -0.3665604889392853
vn 0.21078689396381378 0.8584169149398804 -0.46764227747917175
vn 0.19396254420280457 0.8919205069541931 -0.40848037600517273
vn 0.2795705795288086 0.7490295171737671 -0.600662112236023
vn 0.43320077657699585 0.8399228453636169 -0.3269048035144806
vn 0.4018716514110565 0.8674967288970947 -0.2931697368621826
vn 0.3624670207500458 0.8505474925041199 -0.3810338079929352
vn 0.30950620770454407 0.904441773891449 -0.29358306527137756
vn -0.18539589643478394 0.8876811265945435 -0.4214862287044525
vn -0.7831422090530396 0.48263466358184814 -0.3921123445034027
vn 0.8311554789543152 -0.011092832311987877 -0.5559293031692505
vn 0.26019811630249023 0.3387100100517273 -0.9041971564292908
vn -0.031655505299568176 0.3751670718193054 -0.9264165759086609
vn 0.049793392419815063 0.21850670874118805 -0.9745641946792603
vn 0.19506306946277618 0.01679454743862152 -0.9806469678878784
vn 0.32122886180877686 0.3276742100715637 -0.8885053396224976
vn 0.35612326860427856 0.33700329065322876 -0.8715532422065735
vn 0.32899388670921326 0.43704116344451904 -0.8371129631996155
vn 0.35906025767326355 0.5117105841636658 -0.780530571937561
vn -0.08608923852443695 0.49439480900764465 -0.8649638891220093
vn -0.6351198554039001 0.19684699177742004 -0.7469096183776855
vn 0.6695818305015564 -0.23423902690410614 -0.7048348784446716
vn 0.08181566745042801 0.034537773579359055 -0.9960488080978394
vn -0.2164844572544098 0.138482928276062 -0.9664145112037659
vn -0.09520494192838669 -0.15314032137393951 -0.9836076498031616
vn 0.04818032309412956 -0.464067280292511 -0.8844886422157288
vn 0.11987870186567307 -0.2955669164657593 -0.9477707743644714
vn 0.2101239264011383 -0.1332867294549942 -0.9685465693473816
vn 0.3301273286342621 0.08526376634836197 -0.9400776624679565
vn 0.3210543394088745 0.20454394817352295 -0.9247085452079773
vn -0.028824349865317345 0.2748466730117798 -0.9610558748245239
vn -0.6127781867980957 0.12516088783740997 -0.7802805304527283
vn 0.7171218395233154 -0.4599668085575104 -0.523609459400177
vn 0.25162410736083984 -0.43575188517570496 -0.8641791939735413
vn -0.21980403363704681 -0.11898216605186462 -0.9682610630989075
vn -0.28832200169563293 -0.09855671972036362 -0.9524479508399963
vn -0.15000303089618683 -0.6996015906333923 -0.6986106038093567
vn -0.05244022607803345 -0.7032086253166199 -0.7090470194816589
vn 0.21536603569984436 -0.48004063963890076 -0.8503989577293396
vn 0.32683104276657104 -0.3825293183326721 -0.8642064332962036
vn 0.248361736536026 -0.26256945729255676 -0.9324020743370056
vn -0.16443152725696564 -0.0627460926771164 -0.9843907356262207
vn -0.6722261309623718 0.08001609146595001 -0.7360090613365173
vn 0.7642982006072998 -0.6310191750526428 -0.13290300965309143
vn 0.18572261929512024 -0.9204239249229431 -0.3439868986606598
vn -0.3347008526325226 -0.8212280869483948 -0.462125301361084
vn -0.6288350224494934 -0.5511181354522705 -0.5484844446182251
vn -0.386465847492218 -0.8636274337768555 -0.3237155079841614
vn -0.18119896948337555 -0.9556005001068115 -0.23236756026744843
vn 0.176883727312088 -0.9094401001930237 -0.37633880972862244
vn 0.13338598608970642 -0.8874301314353943 -0.44122087955474854
vn 0.0706164687871933 -0.8762383460998535 -0.476675808429718
vn -0.41660964488983154 -0.756462037563324 -0.5041842460632324
vn -0.867055356502533 -0.2165125161409378 -0.4487064480781555
vn 0.5595624446868896 -0.7588367462158203 0.33325180411338806
vn 0.03611278161406517 -0.9460297226905823 0.3220615088939667
vn -0.49216508865356445 -0.7751672267913818 0.39609238505363464
vn -0.7715825438499451 -0.5891326665878296 0.23996493220329285
vn -0.5561685562133789 -0.8064962029457092 0.20060010254383087
vn -0.28708046674728394 -0.8791910409927368 0.38027337193489075
vn -0.04536385461688042 -0.9230477213859558 0.3820013105869293
vn 0.05090101808309555 -0.8990883231163025 0.43479791283607483
vn -0.0765300765633583 -0.9235956072807312 0.37565189599990845
vn -0.5850855708122253 -0.7040724158287048 0.4024386703968048
vn -0.9415525197982788 -0.32478243112564087 -0.08941586315631866
vn 0.4702681005001068 -0.4905724823474884 0.733612060546875
vn -0.10549682378768921 -0.5570210218429565 0.8237705826759338
vn -0.6443954706192017 -0.27336961030960083 0.714159369468689
vn -0.627245306968689 -0.21939638257026672 0.7472807168960571
vn -0.48304101824760437 -0.45318323373794556 0.7491971254348755
vn -0.1743491142988205 -0.3470768630504608 0.9214878678321838
vn -0.011383279226720333 -0.44654595851898193 0.8946881890296936
vn -0.045176729559898376 -0.3106689155101776 0.9494439959526062
vn -0.041804179549217224 -0.28704634308815 0.9570040702819824
vn -0.6524173021316528 -0.18136905133724213 0.7358375787734985
vn -0.9476220011711121 -0.2883414626121521 0.1373743712902069
vn 0.7874025702476501 -0.4940665364265442 0.36863985657691956
vn 0.4338304400444031 -0.13596946001052856 0.8906759023666382
vn -0.1002667173743248 0.033344246447086334 0.9944016337394714
vn -0.35182109475135803 0.16302333772182465 0.9217619895935059
vn -0.28145501017570496 0.0032887309789657593 0.9595687389373779
vn -0.30620741844177246 -0.08996812999248505 0.9477038979530334
vn -0.39152976870536804 -0.1141272559762001 0.9130604863166809
vn -0.10267113894224167 -0.06510959565639496 0.9925822019577026
vn -0.0677601620554924 0.18839207291603088 0.9797535538673401
vn -0.6914426684379578 0.6715977787971497 0.26620209217071533
vn -0.17152436077594757 0.18300016224384308 -0.9680342674255371
vn -0.1490979939699173 0.19124513864517212 -0.9701520204544067
vn -0.48170846700668335 0.5564592480659485 -0.6769860982894897
vn 0.6842417120933533 0.37298011779785156 0.6266570687294006
vn 0.2893011271953583 0.6765117049217224 0.6772271990776062
vn 0.005621201824396849 0.6610566973686218 0.7503149509429932
vn -0.011705194599926472 0.4870070517063141 0.8733196258544922
vn -0.16410109400749207 0.6301929354667664 0.7588990330696106
vn -0.06378789991140366 0.41125622391700745 0.9092850685119629
vn 0.0821407362818718 0.43858450651168823 0.8949282765388489
vn 0.15271785855293274 0.6241933107376099 0.766198456287384
vn 0.04755052179098129 0.8341522216796875 0.5494805574417114
vn -0.08647852391004562 0.9052449464797974 -0.4159964621067047
vn -0.22205592691898346 0.6481227874755859 -0.7284421920776367
vn 0.8305065631866455 0.46804079413414 0.30198797583580017
vn 0.5379676222801208 0.8041183948516846 0.252951443195343
vn 0.3794163465499878 0.8457830548286438 0.375092089176178
vn 0.09596129506826401 0.9246553182601929 0.3685157895088196
vn 0.16412359476089478 0.9438969492912292 0.28656938672065735
vn 0.1753319948911667 0.8819479942321777 0.4375229775905609
vn 0.38703224062919617 0.8379130959510803 0.3848475217819214
vn 0.36230140924453735 0.8502184748649597 0.38192448019981384
vn 0.27257224917411804 0.9337344765663147 0.23204360902309418
vn 0.08208920806646347 0.9792854189872742 0.18509818613529205
vn -0.25025674700737 0.8953514695167542 -0.3683983385562897
vn 0.8852766156196594 0.4310373365879059 0.1746193915605545
vn 0.6188468337059021 0.7805648446083069 -0.08801770210266113
vn 0.5415981411933899 0.8126506805419922 -0.21510548889636993
vn 0.3727678656578064 0.8650796413421631 -0.3356803059577942
vn 0.20988215506076813 0.9672006964683533 -0.143081396818161
vn 0.34731945395469666 0.9066081643104553 -0.23964737355709076
vn 0.378088116645813 0.9243340492248535 -0.05153635889291763
vn 0.49500420689582825 0.8599132299423218 -0.1245795339345932
vn 0.3971422016620636 0.873725175857544 -0.280860036611557
vn 0.24074523150920868 0.9225881695747375 -0.3014514446258545
vn -0.2282717376947403 0.9079485535621643 -0.3514563739299774
vn 0.9107131361961365 0.41216033697128296 -0.026931138709187508
vn 0.5286435484886169 0.5600178241729736 -0.6378996968269348
vn 0.4087153673171997 0.49714866280555725 -0.7653724551200867
vn 0.5448769927024841 0.5037742257118225 -0.670313835144043
vn 0.35354334115982056 0.6967456936836243 -0.6241413950920105
vn 0.28355783224105835 0.5863441228866577 -0.7588120102882385
vn 0.23801368474960327 0.32173311710357666 -0.9164263010025024
vn 0.4208609163761139 0.4625307321548462 -0.7803469896316528
vn 0.4271719753742218 0.41090530157089233 -0.8054072856903076
vn 0.33123061060905457 0.5373563766479492 -0.7755864858627319
vn -0.11246921122074127 0.5184723138809204 -0.8476656675338745
vn 0.9015663266181946 -0.24012568593025208 -0.3598858416080475
vn 0.38326480984687805 -0.09711522608995438 -0.9185187816619873
vn 0.12752920389175415 0.23114988207817078 -0.9645236730575562
vn 0.4268888533115387 0.03432440385222435 -0.9036524295806885
vn 0.52598637342453 -0.2492426037788391 -0.8131522536277771
vn 0.15032047033309937 0.02170950546860695 -0.9883989095687866
vn 0.02753639407455921 0.009426139295101166 -0.9995763897895813
vn 0.25803911685943604 0.06093841418623924 -0.9642107486724854
vn 0.36974823474884033 0.16868379712104797 -0.9136914014816284
vn 0.3446410000324249 0.17862126231193542 -0.9215839505195618
vn -0.020658211782574654 0.368304967880249 -0.9294754266738892
vn 0.40803050994873047 -0.8933053612709045 -0.18845881521701813
vn 0.23577678203582764 -0.6389724612236023 -0.7322044968605042
vn 0.06470309942960739 -0.1585073471069336 -0.9852355122566223
vn 0.0064195808954536915 -0.46297240257263184 -0.8863494992256165
vn -0.07883600145578384 -0.708063006401062 -0.7017347812652588
vn -0.16445060074329376 -0.7825735211372375 -0.6004454493522644
vn 0.044679947197437286 -0.7355469465255737 -0.6759988069534302
vn 0.308493047952652 -0.4277084171772003 -0.8496456146240234
vn 0.2615530490875244 -0.16117115318775177 -0.9516374468803406
vn -0.03159700706601143 0.2727203369140625 -0.9615744352340698
vn -0.23144756257534027 0.5067583322525024 -0.830438494682312
vn 0.31206434965133667 -0.94972825050354 0.0251421220600605
vn 0.14144127070903778 -0.9545580744743347 -0.26232269406318665
vn -0.2559966444969177 -0.7531211972236633 -0.6060314178466797
vn -0.7262486219406128 -0.30317577719688416 -0.6169663071632385
vn -0.5884518623352051 -0.6997203826904297 -0.4051121473312378
vn -0.23360832035541534 -0.9721788167953491 -0.01719130389392376
vn -0.06149900704622269 -0.9969286918640137 0.048488739877939224
vn 0.1278870403766632 -0.9568592309951782 -0.2608932852745056
vn -0.15368159115314484 -0.7651892900466919 -0.6251937747001648
vn -0.7297489047050476 0.5177571773529053 -0.4465356469154358
vn -0.4606139361858368 0.7699527144432068 -0.44159677624702454
vn 0.27005234360694885 -0.9490211606025696 0.1625751405954361
vn -0.04791517183184624 -0.9610128998756409 0.2723205089569092
vn -0.6122223734855652 -0.7195634245872498 0.3277381658554077
vn -0.9231364727020264 -0.264859676361084 0.2786906659603119
vn -0.8020506501197815 -0.5964593291282654 0.030840909108519554
vn -0.2452886402606964 -0.9453573822975159 0.21478544175624847
vn -0.004760523792356253 -0.9155762195587158 0.40211623907089233
vn -0.011563807725906372 -0.9393361210823059 0.34280306100845337
vn -0.5676538944244385 -0.7796767950057983 0.26433539390563965
vn -0.820761501789093 0.1873544603586197 -0.5396748781204224
vn -0.4487037658691406 0.7865225672721863 -0.4243197441101074
vn 0.2300218939781189 -0.8042100667953491 0.548029363155365
vn -0.1221788302063942 -0.684015691280365 0.7191625237464905
vn -0.44935500621795654 -0.3062434494495392 0.8392229080200195
vn -0.49896347522735596 -0.35013407468795776 0.7927430868148804
vn -0.6350951790809631 -0.43778693675994873 0.6363935470581055
vn -0.3466200828552246 -0.6484808325767517 0.6777368187904358
vn -0.10783036798238754 -0.5015580058097839 0.8583776354789734
vn -0.10677148401737213 -0.4865153431892395 0.8671231865882874
vn -0.7591378688812256 -0.37421509623527527 0.5326093435287476
vn -0.5124576091766357 -0.11767424643039703 -0.8506115078926086
vn -0.27078354358673096 0.260245144367218 -0.9267948865890503
vn 0.5353915691375732 0.7879148721694946 -0.3042137324810028
vn 0.9740380644798279 -0.12466733157634735 -0.18896548449993134
vn 0.689532995223999 0.3910181522369385 -0.6096302270889282
vn 0.2333110272884369 0.5151238441467285 -0.8247504830360413
vn -0.3703078031539917 0.9135640859603882 -0.16814489662647247
vn -0.47580960392951965 0.5500532388687134 0.6863284111022949
vn 0.4390295445919037 0.36097848415374756 0.8227682113647461
vn 0.8085392117500305 -0.015048741362988949 0.588249921798706
vn 0.8353575468063354 0.4124040901660919 -0.3634565770626068
vn 0.23133023083209991 0.5459924340248108 -0.8052195906639099
vn 0.10330267250537872 0.5934610962867737 -0.7982057929039001
vn -0.5808733105659485 0.7943135499954224 -0.17791064083576202
vn -0.6911459565162659 0.2481338530778885 0.6787833571434021
vn -0.4286005198955536 0.11991419643163681 0.8955011367797852
vn 0.3027171194553375 -0.06013106927275658 0.9511816501617432
vn 0.9196950197219849 0.2550084888935089 0.2985495924949646
vn 0.853585422039032 0.4261207580566406 -0.29968830943107605
vn 0.3638792634010315 0.5718035697937012 -0.7352771759033203
vn 0.07066664099693298 0.5121009945869446 -0.8560133576393127
vn 0.06584522128105164 0.27710819244384766 -0.9585798978805542
vn 0.2991902828216553 0.34162846207618713 -0.8909406661987305
vn -0.2581489384174347 0.5582900047302246 -0.788461446762085
vn -0.9258263111114502 0.30854785442352295 0.21827469766139984
vn -0.5166395902633667 -0.0345475971698761 0.8555057048797607
vn -0.5411021709442139 -0.163231760263443 0.824962854385376
vn 0.018595866858959198 -0.04586471989750862 0.9987746477127075
vn 0.930968165397644 -0.050069667398929596 0.36165082454681396
vn 0.849980890750885 0.11704334616661072 -0.5136471390724182
vn 0.16460047662258148 0.2572782337665558 -0.9522156119346619
vn 0.18485161662101746 0.3460296094417572 -0.9198333621025085
vn 0.190953329205513 0.381784051656723 -0.9043107032775879
vn -0.6907257437705994 0.3829585015773773 -0.6133846044540405
vn -0.9982553124427795 0.0484764389693737 -0.03370989114046097
vn -0.9329087138175964 0.300448477268219 0.19852490723133087
vn -0.2753481864929199 0.21003484725952148 0.9381198287010193
vn -0.10942954570055008 0.011798893101513386 0.9939244985580444
vn -0.5441420674324036 0.010157455690205097 0.8389316201210022
vn 0.2526453733444214 -0.7678630948066711 0.5886905789375305
vn 0.705337643623352 -0.7026239037513733 0.09390629827976227
vn 0.6192488670349121 -0.5121313333511353 -0.5951909422874451
vn 0.2695167660713196 0.040725935250520706 -0.962134063243866
vn 0.22425881028175354 0.21407660841941833 -0.9507255554199219
vn -0.09861218929290771 0.015110802836716175 -0.9950112700462341
vn -0.928874671459198 -0.23659509420394897 -0.28498172760009766
vn -0.9606603980064392 -0.06485797464847565 -0.2700461149215698
vn -0.9609313607215881 -0.27375081181526184 -0.04088183864951134
vn -0.7873075604438782 -0.4147092401981354 0.4562487006187439
vn 0.015747547149658203 -0.41384610533714294 0.9102106094360352
vn 0.11205773055553436 -0.3526490330696106 0.9290218949317932
vn -0.4235789179801941 -0.16341270506381989 0.8909977674484253
vn -0.42868727445602417 -0.38769280910491943 0.8160400986671448
vn 0.12626688182353973 -0.9531010389328003 0.2750549018383026
vn 0.38067013025283813 -0.9020121097564697 -0.20362789928913116
vn 0.314149409532547 -0.6372175812721252 -0.7037498950958252
vn 0.05550152808427811 -0.615903377532959 -0.7858642339706421
vn -0.4785618782043457 -0.8074625730514526 -0.3449385464191437
vn -0.24878831207752228 -0.9401077628135681 0.23302744328975677
vn -0.19395190477371216 -0.8627553582191467 0.46694308519363403
vn -0.07542218267917633 -0.9068405032157898 0.4146707355976105
vn -0.01008252426981926 -0.9992979168891907 0.03608303144574165
vn 0.9856279492378235 0.00002461820622556843 0.16893045604228973
vn 0.5412822365760803 -0.2045007348060608 0.8155936002731323
vn 0.4663502275943756 -0.2351524829864502 0.8527724146842957
vn 0.3882884383201599 -0.49165767431259155 0.779425859451294
vn 0.6750176548957825 0.05354752019047737 0.7358559370040894
vn 0.8810506463050842 0.35105621814727783 0.3170320987701416
vn 0.8253964781761169 0.5627127885818481 0.04555228352546692
vn 0.8508340120315552 0.4703589677810669 -0.23418763279914856
vn 0.8412473797798157 0.037820883095264435 -0.539326012134552
vn 0.3824409544467926 -0.560615062713623 -0.734472393989563
vn 0.3061023950576782 -0.9147921800613403 -0.26354607939720154
vn -0.43702927231788635 -0.7523836493492126 0.49287351965904236
vn -0.10729247331619263 -0.09087659418582916 0.9900655150413513
vn -0.3131873607635498 -0.5925365090370178 0.7421685457229614
vn -0.17892394959926605 -0.4140559732913971 0.8924930691719055
vn 0.2643909454345703 0.7718155384063721 0.5782716870307922
vn 0.37942561507225037 0.924683153629303 -0.031578581780195236
vn 0.2857762575149536 0.8165752291679382 -0.5015345215797424
vn 0.1820443868637085 0.32399287819862366 -0.9283794164657593
vn -0.14379140734672546 -0.3120631277561188 -0.9391169548034668
vn -0.24483419954776764 -0.528682291507721 -0.8127429485321045
vn -0.2941056787967682 -0.7595018744468689 -0.580223023891449
vn 0.030948394909501076 -0.6731628179550171 0.7388463616371155
vn 0.024137379601597786 -0.2693902850151062 0.9627285599708557
vn -0.011951505206525326 -0.6430668830871582 0.7657167911529541
vn -0.0902220755815506 -0.22586390376091003 0.9699718356132507
vn -0.16408656537532806 0.5573922991752625 0.8138731122016907
vn -0.1875566840171814 0.9821850657463074 -0.011621798388659954
vn -0.05586787685751915 0.9897300601005554 -0.13157983124256134
vn -0.25319644808769226 0.5842800736427307 -0.7710437178611755
vn -0.2918759882450104 0.0256489347666502 -0.9561122059822083
vn -0.20843984186649323 -0.39934346079826355 -0.8927920460700989
vn -0.019363349303603172 -0.6693944334983826 -0.7426546812057495
vn -0.5275545716285706 -0.8376256823539734 -0.141665980219841
vn -0.4306188225746155 -0.1398167759180069 0.8916381597518921
vn -0.3803565800189972 -0.39737096428871155 0.8351198434829712
vn -0.38509026169776917 -0.31971827149391174 0.8657284379005432
vn -0.8288559913635254 0.5315893888473511 0.17438584566116333
vn -0.7110141515731812 0.6386467814445496 -0.29426050186157227
vn -0.5865873694419861 0.016663726419210434 -0.8097143769264221
vn -0.5155138373374939 -0.3760800361633301 -0.7699411511421204
vn -0.9856282472610474 0.00002447585211484693 -0.1689290702342987
vn 0.01637757010757923 0.9996890425682068 -0.018806034699082375
vn 0.6735468506813049 0.6885388493537903 0.26879167556762695
vn -0.1304561346769333 0.49633777141571045 0.8582714200019836
vn -0.24415864050388336 0.25501593947410583 0.9356032609939575
vn -0.3597267270088196 0.44357821345329285 0.8208745121955872
vn -0.8802112340927124 0.3673171401023865 0.30051037669181824
vn -0.805295467376709 0.32483527064323425 -0.4959650933742523
vn 0.061844710260629654 0.42266228795051575 -0.9041746258735657
vn 0.2347295880317688 0.5116243958473206 -0.8265243768692017
vn 0.018085358664393425 0.2946018576622009 -0.9554489850997925
vn 0.5390176773071289 0.3830207884311676 -0.7501699328422546
vn 0.8570827841758728 0.514896810054779 -0.017042089253664017
vn 0.6806330680847168 0.7211753726005554 0.12901432812213898
vn 0.4391501247882843 0.011726949363946915 0.898337185382843
vn -0.5057128071784973 -0.127825528383255 0.8531795740127563
vn -0.0946018323302269 -0.07217995077371597 0.9928950667381287
vn 0.012696677818894386 -0.10090529918670654 0.9948149919509888
vn -0.7084994316101074 -0.2592337131500244 0.6563736796379089
vn -0.9050114154815674 -0.1743118017911911 0.388033390045166
vn -0.9262546896934509 -0.1937180757522583 -0.3233039379119873
vn -0.17450350522994995 -0.23381133377552032 -0.9564940333366394
vn 0.17390844225883484 -0.17601709067821503 -0.9689034223556519
vn 0.14564381539821625 -0.30472052097320557 -0.9412403106689453
vn 0.2791633903980255 -0.40172600746154785 -0.8721720576286316
vn 0.8671451807022095 -0.2932016849517822 -0.4026064872741699
vn 0.9999915361404419 -0.002442255849018693 0.0032923666294664145
vn 0.8282144665718079 -0.37888824939727783 0.41292163729667664
vn -0.31241917610168457 -0.2030276656150818 0.9279946088790894
vn -0.26335787773132324 -0.006390898022800684 0.9646769762039185
vn -0.018827132880687714 -0.07466105371713638 0.9970312714576721
vn -0.7170863151550293 -0.19865839183330536 0.6680732369422913
vn -0.8756018877029419 -0.14547277987003326 0.4606071412563324
vn -0.5740776062011719 -0.23501786589622498 -0.7843478322029114
vn 0.12224525958299637 -0.09066486358642578 -0.9883501529693604
vn 0.38687294721603394 -0.2099158614873886 -0.8979224562644958
vn 0.45621758699417114 -0.4530794024467468 -0.7658880949020386
vn 0.8811572194099426 -0.3684035837650299 -0.2963795065879822
vn 0.3279138505458832 -0.802577555179596 0.49833887815475464
vn -0.017108716070652008 -0.4263051152229309 0.9044176340103149
vn -0.32338497042655945 -0.5135886073112488 0.794763445854187
vn -0.7216335535049438 -0.6758760809898376 0.14978814125061035
vn -0.08769578486680984 -0.5699784755706787 -0.8169662356376648
vn 0.4971647262573242 -0.37585338950157166 -0.7820239067077637
vn 0.5140597820281982 -0.432608962059021 -0.7406699657440186
vn 0.5434021949768066 -0.6874890923500061 -0.4817393720149994
vn 0.11397778987884521 -0.9934799671173096 0.0025461874902248383
vn -0.9227001070976257 0.385517954826355 -0.0005082264542579651
vn -0.9551037549972534 -0.14304909110069275 -0.2594488859176636
vn -0.8134796619415283 0.5794501900672913 -0.049881696701049805
vn -0.1713552623987198 0.5833504796028137 0.7939392924308777
vn -0.5310877561569214 0.13796156644821167 0.8360098004341125
vn -0.5550934672355652 -0.8316949605941772 -0.012436805292963982
vn -0.842329740524292 -0.35979142785072327 -0.40128618478775024
vn -0.8374042510986328 0.16841022670269012 -0.5199923515319824
vn -0.4658082127571106 0.720109760761261 0.5142613053321838
vn -0.1403779685497284 0.5094509124755859 0.8489722013473511
vn 0.04337875172495842 0.4709729552268982 0.8810803890228271
vn 0.12317192554473877 -0.36957091093063354 0.9210027456283569
vn -0.17338821291923523 -0.9266610741615295 0.3335202932357788
vn -0.1798609495162964 -0.9550567269325256 -0.23561954498291016
vn -0.06550285220146179 -0.9977866411209106 -0.011459327302873135
vn -0.23871581256389618 -0.9666062593460083 0.09320475161075592
vn -0.4492221474647522 -0.565055787563324 -0.6920343041419983
vn -0.5660131573677063 0.023627489805221558 -0.8240574598312378
vn -0.7008543014526367 0.4219420552253723 -0.5751244425773621
vn -0.6537737250328064 0.703714907169342 -0.27814602851867676
vn -0.01954413205385208 0.999586284160614 0.021102190017700195
vn 0.07614082843065262 0.8348265886306763 0.5452220439910889
vn -0.214527428150177 0.33462458848953247 0.9176079034805298
vn -0.18419918417930603 0.1513984203338623 0.9711586833000183
vn -0.041505150496959686 -0.2995091676712036 0.953190267086029
vn -0.06998946517705917 -0.9664081335067749 0.24729901552200317
vn -0.15208344161510468 -0.986989438533783 0.052176397293806076
vn -0.18317274749279022 -0.981265127658844 -0.059720512479543686
vn -0.1272062361240387 -0.3060102164745331 -0.9434915781021118
vn 0.0622878335416317 0.07779977470636368 -0.9950212836265564
vn -0.07579842954874039 0.07485440373420715 -0.9943095445632935
vn -0.06671373546123505 0.5139666795730591 -0.8552119135856628
vn -0.09340330958366394 0.9302716255187988 -0.35478246212005615
vn 0.38210830092430115 0.8515720367431641 0.35891276597976685
vn 0.4321155846118927 0.5490649342536926 0.7154046297073364
vn 0.29297399520874023 0.2272661179304123 0.9287175536155701
vn 0.12039322406053543 0.027397800236940384 0.9923481345176697
vn -0.06159783527255058 -0.5869767665863037 0.8072571158409119
vn -0.02418283373117447 -0.9985758066177368 0.04755623638629913
vn 0.015864184126257896 -0.9972203969955444 0.07280010730028152
vn 0.029801301658153534 -0.966073215007782 0.2565430700778961
vn 0.10891922563314438 -0.9254586696624756 -0.36285391449928284
vn 0.3462391793727875 -0.05931101366877556 -0.9362695813179016
vn 0.2543503940105438 0.07859201729297638 -0.9639135003089905
vn 0.3955651521682739 0.11617207527160645 -0.9110610485076904
vn 0.32848262786865234 0.7217211127281189 -0.6092764139175415
vn 0.28230947256088257 0.9589939713478088 -0.02513742633163929
vn -0.008242825977504253 0.49562108516693115 0.868499755859375
vn 0.6522006392478943 0.4303628206253052 0.6240370273590088
vn 0.660467267036438 0.2387126237154007 0.7118982672691345
vn 0.5689365863800049 0.1204775720834732 0.8135086894035339
vn 0.67061448097229 -0.5505973696708679 0.49711042642593384
vn 0.626712441444397 -0.7719285488128662 0.10657333582639694
vn 0.5962684750556946 -0.7744408249855042 0.21143613755702972
vn 0.797360897064209 -0.5895588397979736 -0.12898026406764984
vn 0.8203045129776001 0.06478220969438553 -0.5682462453842163
vn 0.8304418921470642 0.07012218981981277 -0.5526744723320007
vn 0.8259114027023315 0.29904642701148987 -0.4779556691646576
vn 0.6362283229827881 0.7549898028373718 -0.15875764191150665
vn -0.48716750741004944 0.22616735100746155 0.843514084815979
vn 0.9846906661987305 -0.0017394310561940074 0.17430232465267181
vn 0.37994804978370667 -0.021492471918463707 -0.9247581362724304
vn 0.9964948892593384 -0.0036173956468701363 -0.08357580751180649
vn 0.6145041584968567 0.5806424021720886 -0.5340777635574341
vn -0.3675360083580017 0.4133646786212921 -0.8330947756767273
vn -0.7565662264823914 0.20299454033374786 -0.6216114163398743
vn -0.6875715255737305 0.14312168955802917 -0.7118717432022095
vn -0.022629251703619957 -0.45010140538215637 -0.8926906585693359
vn 0.4637337625026703 -0.5166977047920227 -0.7197045087814331
vn 0.8245216012001038 -0.44436854124069214 -0.350286602973938
vn 0.9877240657806396 -0.048808515071868896 0.14838728308677673
vn 0.9480623006820679 0.3177551329135895 0.014482573606073856
vn 0.5183868408203125 0.7987779378890991 -0.3053341209888458
vn -0.07335927337408066 0.8511480093002319 -0.5197744369506836
vn -0.4631943106651306 0.7183289527893066 -0.5190899968147278
vn -0.8542945384979248 0.25127750635147095 -0.45501694083213806
vn -0.970852792263031 -0.16683965921401978 -0.17207355797290802
vn -0.9546402096748352 0.2834298312664032 -0.09126672893762589
vn -0.7628263235092163 -0.3629639446735382 -0.5351197123527527
vn 0.0245678648352623 -0.8453672528266907 -0.5336202383041382
vn 0.6827867031097412 -0.7198882102966309 -0.12475282698869705
vn 0.8946217894554138 -0.4309996962547302 0.11786042153835297
vn 0.9592673778533936 -0.23072436451911926 0.1630103439092636
vn 0.9838532209396362 0.07405146211385727 0.16293971240520477
vn 0.7819168567657471 0.6143788695335388 0.10556787252426147
vn -0.04799861088395119 0.9984683394432068 0.027514856308698654
vn -0.21740835905075073 0.9740371108055115 -0.06313010305166245
vn -0.731550931930542 0.6271497011184692 -0.2674252390861511
vn -0.9379624724388123 0.16885383427143097 -0.3028443157672882
vn -0.8953043222427368 -0.07330579310655594 -0.4393819272518158
vn -0.8024724125862122 0.32823118567466736 -0.49829933047294617
vn -0.9404633045196533 0.05811651423573494 -0.33488985896110535
vn -0.5603785514831543 -0.8281387090682983 0.012731822207570076
vn 0.09350433200597763 -0.9571247100830078 0.2741699516773224
vn 0.6679814457893372 -0.6293301582336426 0.3971703052520752
vn 0.7474959492683411 -0.5385442972183228 0.3888698220252991
vn 0.8093181252479553 -0.26378095149993896 0.5248083472251892
vn 0.7502606511116028 0.40674445033073425 0.5212177634239197
vn 0.012805716134607792 0.9347823858261108 0.3549899160861969
vn -0.33679696917533875 0.9251584410667419 0.17507034540176392
vn -0.5498318672180176 0.8334136009216309 0.05573641508817673
vn -0.7884854078292847 0.2571776509284973 -0.5587040781974792
vn -0.7246214151382446 0.024965589866042137 -0.6886947751045227
vn -0.9487040638923645 -0.2610582709312439 -0.17835143208503723
vn -0.5377311706542969 -0.7148350477218628 0.4470526874065399
vn 0.08022097498178482 -0.7719117999076843 0.6306478381156921
vn 0.5366708636283875 -0.6158328652381897 0.5768312811851501
vn 0.620813250541687 -0.45722219347953796 0.6368193030357361
vn 0.5771192312240601 0.3034580945968628 0.758186399936676
vn -0.011648143641650677 0.8799149990081787 0.47498849034309387
vn -0.3178088963031769 0.9372841715812683 0.14316342771053314
vn -0.47560277581214905 0.8792604207992554 0.026514237746596336
vn -0.862133800983429 0.3899132013320923 -0.32356297969818115
vn -0.8140822052955627 -0.4738720953464508 -0.3357310891151428
vn -0.6501525640487671 -0.7332912683486938 0.19896087050437927
vn -0.04510483890771866 -0.8715510368347168 0.4882257878780365
vn 0.28720471262931824 -0.8039732575416565 0.5207115411758423
vn 0.30822932720184326 0.018479635939002037 0.9511326551437378
vn -0.00223873951472342 0.5794519782066345 0.8150033950805664
vn -0.3483288288116455 0.7775686383247375 0.5235018730163574
vn -0.9150688052177429 0.13387472927570343 0.38042953610420227
vn -0.46806466579437256 -0.8187450170516968 0.33252376317977905
vn 0.09355966746807098 -0.6975613236427307 0.710390567779541
vn -0.33218950033187866 -0.0305643230676651 0.9427173137664795
vn -0.9833310842514038 -0.0663922131061554 -0.16926899552345276
vn -0.9470913410186768 0.32046738266944885 0.017851216718554497
vn -0.8140357136726379 0.3668231964111328 -0.450318306684494
vn -0.5982115268707275 0.39748838543891907 -0.6958059072494507
vn -0.8307926654815674 -0.27977871894836426 -0.48115211725234985
vn -0.6987598538398743 -0.712410569190979 0.06485278159379959
vn -0.6398592591285706 -0.6669702529907227 0.38174715638160706
vn -0.8593841195106506 -0.24760480225086212 0.44738227128982544
vn -0.9025842547416687 0.3819635212421417 0.19860880076885223
vn -0.891562819480896 0.4347579777240753 -0.12689051032066345
vn -0.7531389594078064 0.3420146107673645 -0.561967670917511
vn -0.6035904884338379 0.2383633852005005 -0.760829508304596
vn -0.4916062355041504 0.09838099777698517 -0.8652424812316895
vn -0.3492376208305359 -0.11054211109876633 -0.9304910898208618
vn -0.376329243183136 -0.8209076523780823 -0.4295194447040558
vn -0.4823545813560486 -0.874925434589386 0.04289020225405693
vn -0.3998710811138153 -0.8668528199195862 0.29777413606643677
vn -0.5124645829200745 -0.7592242360115051 0.4011964201927185
vn -0.5284068584442139 -0.4770382344722748 0.7022967338562012
vn -0.5891674160957336 -0.3463554382324219 0.730013370513916
vn -0.8438931703567505 0.1976953148841858 0.4987594485282898
vn -0.6985372304916382 0.5259450078010559 0.4852088391780853
vn -0.6627617478370667 0.7472643256187439 0.04840422049164772
vn -0.6938994526863098 0.6264908909797668 -0.35498255491256714
vn -0.5018275380134583 0.5316449999809265 -0.6822922825813293
vn -0.2848449647426605 0.3492554724216461 -0.8926835060119629
vn -0.2089553028345108 0.3582017123699188 -0.9099611043930054
vn -0.0963001549243927 0.32231542468070984 -0.9417213201522827
vn -0.1248706579208374 0.0031327283941209316 -0.9921680688858032
vn -0.06860432028770447 -0.6237261295318604 -0.7786263823509216
vn 0.00985641311854124 -0.9970149993896484 -0.07657609134912491
vn 0.03131118044257164 -0.9702111482620239 0.24022899568080902
vn 0.04345768317580223 -0.889495849609375 0.4548720121383667
vn -0.042512647807598114 -0.9073760509490967 0.4181642532348633
vn -0.17858825623989105 -0.8441393375396729 0.505504846572876
vn -0.44923529028892517 -0.5272760391235352 0.7212265729904175
vn -0.38801324367523193 -0.2619631290435791 0.8836408257484436
vn -0.21933157742023468 -0.45016008615493774 0.8655920624732971
vn -0.2696196734905243 -0.28070855140686035 0.921144962310791
vn -0.44096750020980835 0.19472309947013855 0.8761453032493591
vn -0.37909001111984253 0.7849094271659851 0.49011027812957764
vn -0.42325901985168457 0.8641751408576965 -0.27212733030319214
vn -0.2704431712627411 0.513947069644928 -0.8140755295753479
vn 0.04314490035176277 0.3401036560535431 -0.9393976330757141
vn 0.11446328461170197 0.42230740189552307 -0.8991965651512146
vn 0.07798509299755096 0.08558522909879684 -0.9932741522789001
vn 0.5143293142318726 -0.42440012097358704 -0.7452179193496704
vn 0.4232851564884186 -0.8915059566497803 -0.16138969361782074
vn 0.4780898988246918 -0.8334128856658936 0.2772236764431
vn 0.3001137375831604 -0.8739374876022339 0.3823152184486389
vn 0.1377561241388321 -0.9656204581260681 0.22045518457889557
vn -0.15599952638149261 -0.7473110556602478 0.645902693271637
vn -0.2578638195991516 -0.2666272222995758 0.9286636710166931
vn -0.3566950857639313 0.0841672271490097 0.9304216504096985
vn -0.09064722061157227 -0.1530737280845642 0.98404860496521
vn -0.02929460071027279 -0.03866018354892731 0.9988229274749756
vn -0.19376438856124878 0.35891976952552795 0.9130344390869141
vn -0.246665358543396 0.7463122010231018 0.6182025671005249
vn -0.24631166458129883 0.9614012241363525 0.12263040244579315
vn -0.2818351089954376 0.9258415102958679 -0.2517668604850769
vn -0.21671758592128754 0.6160212755203247 -0.7573316097259521
vn -0.17019569873809814 0.13759346306324005 -0.9757568836212158
vn 0.08339395374059677 0.26009994745254517 -0.9619737267494202
vn 0.34167569875717163 0.2005355805158615 -0.9181739091873169
vn 0.7209028601646423 -0.47331392765045166 -0.5062341094017029
vn 0.7467467784881592 -0.6647318601608276 -0.022377576678991318
vn 0.4283227026462555 -0.9009232521057129 0.06983444094657898
vn 0.3470357060432434 -0.9360899329185486 0.057461488991975784
vn 0.3529116213321686 -0.7847550511360168 0.5095221996307373
vn -0.10689861327409744 -0.0448712557554245 0.9932569265365601
vn -0.17848330736160278 0.18798503279685974 0.9658184051513672
vn -0.21663044393062592 0.024411769583821297 0.9759483933448792
vn -0.11239004135131836 0.12262387573719025 0.986068844795227
vn -0.19848431646823883 0.4559952914714813 0.8675668835639954
vn -0.0715043917298317 0.8746035099029541 0.47953706979751587
vn 0.013886681757867336 0.9901284575462341 0.13947324454784393
vn 0.04198675975203514 0.9983758330345154 0.038507986813783646
vn 0.06874936819076538 0.9820662140846252 -0.17555473744869232
vn -0.2291097193956375 0.671548068523407 -0.7046502828598022
vn -0.2515227198600769 -0.1785435676574707 -0.951240599155426
vn 0.1738126128911972 0.01586678810417652 -0.9846509695053101
vn 0.3568868637084961 0.2593931555747986 -0.8974112868309021
vn 0.6812695860862732 -0.40856924653053284 -0.6074067950248718
vn 0.6413657665252686 -0.745482325553894 -0.18140053749084473
vn 0.5359932780265808 -0.844214677810669 0.0036010276526212692
vn 0.35681140422821045 -0.928334653377533 -0.10430905222892761
vn 0.4104921519756317 -0.9026573300361633 0.12925150990486145
vn 0.47511759400367737 -0.6555334329605103 0.5869746208190918
vn 0.15525437891483307 -0.26470401883125305 0.9517499208450317
vn -0.34515273571014404 -0.24707123637199402 0.9054421186447144
vn -0.34451764822006226 0.2309119999408722 0.9099380970001221
vn -0.18404679000377655 0.4828769266605377 0.8561289310455322
vn 0.30614811182022095 0.8997442722320557 0.31102049350738525
vn 0.2522267699241638 0.9641375541687012 0.0825858786702156
vn 0.14406633377075195 0.9859675168991089 0.08433777093887329
vn -0.2330275923013687 0.9680960178375244 0.09213205426931381
vn -0.5896183252334595 0.7729671001434326 -0.23424775898456573
vn -0.536187469959259 0.15452776849269867 -0.8298338651657104
vn -0.3456527292728424 -0.4719003438949585 -0.8110698461532593
vn -0.22089403867721558 -0.5748754143714905 -0.7878604531288147
vn 0.16106939315795898 -0.402910977602005 -0.9009546637535095
vn 0.4849880337715149 -0.249321848154068 -0.8382274508476257
vn 0.6192529797554016 -0.7646323442459106 -0.17850226163864136
vn 0.5001402497291565 -0.8612366318702698 -0.09017363935709
vn 0.27724117040634155 -0.8936848044395447 -0.35279569029808044
vn 0.35066723823547363 -0.9334228038787842 0.07585747539997101
vn 0.3615267872810364 -0.6871287822723389 0.6302002668380737
vn 0.33367863297462463 -0.6282751560211182 0.7028008103370667
vn 0.059159137308597565 -0.5776703357696533 0.8141235709190369
vn -0.2761854827404022 0.22632937133312225 0.9340751767158508
vn -0.17808616161346436 0.5436052680015564 0.8202308416366577
vn 0.00033703920780681074 0.671802818775177 0.7407298684120178
vn -0.15770207345485687 0.8743355870246887 0.45898500084877014
vn -0.013654088601469994 0.965315043926239 -0.2607305943965912
vn -0.04653880372643471 0.9585725665092468 0.28102079033851624
vn -0.006118196528404951 0.982448935508728 0.18643131852149963
vn -0.11243394762277603 0.9095202684402466 0.4001641869544983
vn -0.11966151744127274 0.9164314270019531 0.3818828761577606
vn -0.2141776978969574 0.9168688654899597 0.33686700463294983
vn 0.04153759405016899 0.9552260041236877 -0.292946994304657
vn 0.07090909779071808 0.24000680446624756 -0.9681779146194458
vn 0.2532733976840973 -0.4835067689418793 -0.8378984332084656
vn 0.273232102394104 -0.6402818560600281 -0.717901885509491
vn 0.32076865434646606 -0.7891688942909241 -0.523755669593811
vn 0.45862534642219543 -0.5346131920814514 -0.7098249197006226
vn 0.45641493797302246 -0.6885151863098145 -0.5635887384414673
vn 0.36847877502441406 -0.7757688164710999 -0.5122559070587158
vn 0.34872379899024963 -0.9118776917457581 -0.216496542096138
vn 0.09565810114145279 -0.9234437942504883 0.37161943316459656
vn -0.07487107813358307 -0.6332612037658691 0.7703079581260681
vn 0.24385607242584229 -0.7468411326408386 0.6186781525611877
vn 0.23538419604301453 -0.5022901296615601 0.8320450782775879
vn 0.07574804872274399 0.21851080656051636 0.9728901982307434
vn -0.2169400304555893 0.5059851408004761 0.8348149061203003
vn 0.038206782191991806 0.77567458152771 0.6299755573272705
vn -0.026094643399119377 0.9559474587440491 0.292375773191452
vn -0.45140406489372253 0.8836303353309631 0.1242244616150856
vn -0.18703855574131012 0.9790022373199463 -0.0810626819729805
vn -0.0032130912877619267 0.9803290963172913 -0.19734369218349457
vn 0.5556325912475586 0.831333339214325 -0.012542670592665672
vn 0.8160024881362915 0.3159334361553192 -0.48407214879989624
vn 0.787124752998352 -0.3039621412754059 -0.5366949439048767
vn 0.6642559766769409 -0.6337976455688477 -0.3963138163089752
vn 0.4606019854545593 -0.5703477263450623 -0.6801097989082336
vn 0.7678562998771667 -0.5425701141357422 -0.34060904383659363
vn 0.7571588158607483 -0.6532158255577087 -0.004424583166837692
vn 0.30124345421791077 -0.7819346189498901 0.5457386374473572
vn -0.06272539496421814 -0.07146135717630386 0.9954690933227539
vn 0.07081542164087296 -0.18007497489452362 0.9811005592346191
vn 0.44884684681892395 -0.2999019920825958 0.8417810797691345
vn 0.14047814905643463 0.18557503819465637 0.9725367426872253
vn 0.01809217967092991 0.5545699596405029 0.8319404721260071
vn 0.3301096260547638 0.7270423173904419 0.6020275950431824
vn 0.10701902210712433 0.9480037689208984 0.2997261583805084
vn 0.15172730386257172 0.9521574378013611 -0.26528286933898926
vn 0.4241625666618347 0.8137211203575134 -0.39742162823677063
vn 0.7831804156303406 0.1351873278617859 -0.6069208979606628
vn 0.604245662689209 -0.21484480798244476 -0.7672867178916931
vn 0.7705240845680237 -0.5350519418716431 0.3464275300502777
vn 0.7037850618362427 -0.30517441034317017 0.6415256261825562
vn 0.9432490468025208 -0.254996657371521 0.21273888647556305
vn 0.9741368293762207 -0.21665577590465546 0.06416763365268707
vn 0.8870595693588257 -0.18651464581489563 0.42230015993118286
vn 0.8250476717948914 -0.22666595876216888 0.5176087617874146
vn 0.5554684996604919 0.2128899097442627 0.803823709487915
vn 0.9066823720932007 0.19394202530384064 0.37458470463752747
vn 0.4289993643760681 0.9012201428413391 0.06133367493748665
vn 0.9913035035133362 0.09586961567401886 0.09014637768268585
f 14//14 2//2 1//1
f 15//15 3//3 14//14
f 2//2 14//14 3//3
f 3//3 15//15 4//4
f 4//4 15//15 16//16
f 4//4 16//16 5//5
f 17//17 5//5 16//16
f 17//17 18//18 5//5
f 6//6 5//5 18//18
f 7//7 6//6 19//19
f 19//19 6//6 18//18
f 8//8 7//7 20//20
f 19//19 20//20 7//7
f 20//20 21//21 8//8
f 21//21 9//9 8//8
f 22//22 10//10 21//21
f 9//9 21//21 10//10
f 23//23 11//11 22//22
f 22//22 11//11 10//10
f 24//24 12//12 23//23
f 23//23 12//12 11//11
f 24//24 13//13 12//12
f 25//25 14//14 1//1
f 26//26 15//15 25//25
f 14//14 25//25 15//15
f 15//15 26//26 16//16
f 27//27 16//16 26//26
f 16//16 27//27 17//17
f 27//27 28//28 17//17
f 17//17 28//28 18//18
f 29//29 18//18 28//28
f 19//19 18//18 30//30
f 29//29 30//30 18//18
f 20//20 19//19 31//31
f 30//30 31//31 19//19
f 31//31 32//32 20//20
f 21//21 20//20 32//32
f 33//33 22//22 32//32
f 32//32 22//22 21//21
f 34//34 23//23 33//33
f 22//22 33//33 23//23
f 35//35 24//24 34//34
f 34//34 24//24 23//23
f 35//35 13//13 24//24
f 36//36 25//25 1//1
f 37//37 26//26 36//36
f 25//25 36//36 26//26
f 38//38 27//27 37//37
f 26//26 37//37 27//27
f 38//38 39//39 27//27
f 28//28 27//27 39//39
f 28//28 39//39 29//29
f 40//40 29//29 39//39
f 41//41 30//30 40//40
f 29//29 40//40 30//30
f 42//42 31//31 41//41
f 30//30 41//41 31//31
f 43//43 32//32 42//42
f 42//42 32//32 31//31
f 32//32 43//43 33//33
f 44//44 33//33 43//43
f 33//33 44//44 34//34
f 45//45 34//34 44//44
f 45//45 46//46 34//34
f 35//35 34//34 46//46
f 46//46 13//13 35//35
f 47//47 36//36 1//1
f 37//37 36//36 48//48
f 47//47 48//48 36//36
f 48//48 49//49 37//37
f 38//38 37//37 49//49
f 38//38 49//49 39//39
f 50//50 39//39 49//49
f 40//40 39//39 51//51
f 50//50 51//51 39//39
f 51//51 52//52 40//40
f 41//41 40//40 52//52
f 42//42 41//41 53//53
f 52//52 53//53 41//41
f 43//43 42//42 54//54
f 53//53 54//54 42//42
f 44//44 43//43 55//55
f 54//54 55//55 43//43
f 44//44 55//55 45//45
f 45//45 55//55 56//56
f 45//45 56//56 46//46
f 57//57 46//46 56//56
f 57//57 13//13 46//46
f 58//58 47//47 1//1
f 48//48 47//47 59//59
f 58//58 59//59 47//47
f 59//59 60//60 48//48
f 49//49 48//48 60//60
f 60//60 61//61 49//49
f 50//50 49//49 61//61
f 51//51 50//50 62//62
f 61//61 62//62 50//50
f 62//62 63//63 51//51
f 52//52 51//51 63//63
f 53//53 52//52 64//64
f 63//63 64//64 52//52
f 54//54 53//53 65//65
f 64//64 65//65 53//53
f 65//65 66//66 54//54
f 55//55 54//54 66//66
f 56//56 55//55 67//67
f 66//66 67//67 55//55
f 67//67 68//68 56//56
f 57//57 56//56 68//68
f 68//68 13//13 57//57
f 69//69 58//58 1//1
f 70//70 59//59 69//69
f 58//58 69//69 59//59
f 59//59 70//70 60//60
f 71//71 60//60 70//70
f 60//60 71//71 61//61
f 72//72 61//61 71//71
f 73//73 62//62 72//72
f 61//61 72//72 62//62
f 62//62 73//73 63//63
f 74//74 63//63 73//73
f 75//75 64//64 74//74
f 63//63 74//74 64//64
f 64//64 75//75 65//65
f 76//76 65//65 75//75
f 77//77 66//66 76//76
f 65//65 76//76 66//66
f 66//66 77//77 67//67
f 78//78 67//67 77//77
f 68//68 67//67 79//79
f 78//78 79//79 67//67
f 79//79 13//13 68//68
f 80//80 69//69 1//1
f 81//81 70//70 80//80
f 69//69 80//80 70//70
f 70//70 81//81 71//71
f 82//82 71//71 81//81
f 83//83 72//72 82//82
f 71//71 82//82 72//72
f 72//72 83//83 73//73
f 84//84 73//73 83//83
f 73//73 84//84 74//74
f 85//85 74//74 84//84
f 86//86 75//75 85//85
f 74//74 85//85 75//75
f 87//87 76//76 86//86
f 75//75 86//86 76//76
f 88//88 77//77 87//87
f 76//76 87//87 77//77
f 78//78 77//77 89//89
f 88//88 89//89 77//77
f 79//79 78//78 90//90
f 89//89 90//90 78//78
f 90//90 13//13 79//79
f 91//91 80//80 1//1
f 81//81 80//80 92//92
f 91//91 92//92 80//80
f 82//82 81//81 93//93
f 92//92 93//93 81//81
f 93//93 94//94 82//82
f 83//83 82//82 94//94
f 94//94 95//95 83//83
f 84//84 83//83 95//95
f 85//85 84//84 96//96
f 95//95 96//96 84//84
f 86//86 85//85 97//97
f 96//96 97//97 85//85
f 87//87 86//86 98//98
f 97//97 98//98 86//86
f 88//88 87//87 99//99
f 99//99 87//87 98//98
f 99//99 100//100 88//88
f 89//89 88//88 100//100
f 89//89 100//100 90//90
f 101//101 90//90 100//100
f 101//101 13//13 90//90
f 102//102 91//91 1//1
f 92//92 91//91 103//103
f 102//102 103//103 91//91
f 103//103 104//104 92//92
f 93//93 92//92 104//104
f 104//104 105//105 93//93
f 94//94 93//93 105//105
f 105//105 106//106 94//94
f 95//95 94//94 106//106
f 96//96 95//95 107//107
f 106//106 107//107 95//95
f 108//108 97//97 107//107
f 96//96 107//107 97//97
f 97//97 108//108 98//98
f 109//109 98//98 108//108
f 99//99 98//98 110//110
f 109//109 110//110 98//98
f 100//100 99//99 111//111
f 111//111 99//99 110//110
f 100//100 111//111 101//101
f 112//112 101//101 111//111
f 112//112 13//13 101//101
f 2//2 102//102 1//1
f 103//103 102//102 3//3
f 2//2 3//3 102//102
f 3//3 4//4 103//103
f 104//104 103//103 4//4
f 4//4 5//5 104//104
f 104//104 5//5 105//105
f 5//5 6//6 105//105
f 106//106 105//105 6//6
f 107//107 106//106 7//7
f 6//6 7//7 106//106
f 8//8 108//108 7//7
f 107//107 7//7 108//108
f 108//108 8//8 109//109
f 9//9 109//109 8//8
f 110//110 109//109 10//10
f 10//10 109//109 9//9
f 11//11 111//111 10//10
f 111//111 110//110 10//10
f 11//11 12//12 111//111
f 112//112 111//111 12//12
f 12//12 13//13 112//112
f 126//126 114//114 113//113
f 115//115 114//114 127//127
f 126//126 127//127 114//114
f 116//116 115//115 128//128
f 127//127 128//128 115//115
f 128//128 129//129 116//116
f 129//129 117//117 116//116
f 129//129 130//130 117//117
f 118//118 117//117 130//130
f 119//119 118//118 131//131
f 130//130 131//131 118//118
f 131//131 132//132 119//119
f 120//120 119//119 132//132
f 121//121 120//120 133//133
f 132//132 133//133 120//120
f 122//122 121//121 134//134
f 133//133 134//134 121//121
f 123//123 122//122 135//135
f 134//134 135//135 122//122
f 123//123 135//135 124//124
f 136//136 124//124 135//135
f 136//136 125//125 124//124
f 137//137 126//126 113//113
f 127//127 126//126 138//138
f 137//137 138//138 126//126
f 128//128 127//127 139//139
f 138//138 139//139 127//127
f 139//139 140//140 128//128
f 129//129 128//128 140//140
f 140//140 141//141 129//129
f 130//130 129//129 141//141
f 131//131 130//130 142//142
f 141//141 142//142 130//130
f 142//142 143//143 131//131
f 132//132 131//131 143//143
f 133//133 132//132 144//144
f 143//143 144//144 132//132
f 144//144 145//145 133//133
f 134//134 133//133 145//145
f 135//135 134//134 146//146
f 145//145 146//146 134//134
f 147//147 136//136 146//146
f 135//135 146//146 136//136
f 147//147 125//125 136//136
f 148//148 137//137 113//113
f 149//149 138//138 148//148
f 137//137 148//148 138//138
f 138//138 149//149 139//139
f 150//150 139//139 149//149
f 151//151 140//140 150//150
f 139//139 150//150 140//140
f 140//140 151//151 141//141
f 152//152 141//141 151//151
f 153//153 142//142 152//152
f 141//141 152//152 142//142
f 142//142 153//153 143//143
f 154//154 143//143 153//153
f 155//155 144//144 154//154
f 143//143 154//154 144//144
f 156//156 145//145 155//155
f 144//144 155//155 145//145
f 145//145 156//156 146//146
f 146//146 156//156 157//157
f 158//158 147//147 157//157
f 146//146 157//157 147//147
f 158//158 125//125 147//147
f 159//159 148//148 113//113
f 149//149 148//148 160//160
f 159//159 160//160 148//148
f 149//149 160//160 150//150
f 150//150 160//160 161//161
f 151//151 150//150 162//162
f 161//161 162//162 150//150
f 151//151 162//162 152//152
f 163//163 152//152 162//162
f 164//164 153//153 163//163
f 152//152 163//163 153//153
f 153//153 164//164 154//154
f 165//165 154//154 164//164
f 166//166 155//155 165//165
f 154//154 165//165 155//155
f 156//156 155//155 167//167
f 166//166 167//167 155//155
f 157//157 156//156 168//168
f 167//167 168//168 156//156
f 168//168 169//169 157//157
f 158//158 157//157 169//169
f 169//169 125//125 158//158
f 170//170 159//159 113//113
f 160//160 159//159 171//171
f 170//170 171//171 159//159
f 160//160 171//171 161//161
f 172//172 161//161 171//171
f 162//162 161//161 173//173
f 172//172 173//173 161//161
f 162//162 173//173 163//163
f 174//174 163//163 173//173
f 163//163 174//174 164//164
f 175//175 164//164 174//174
f 164//164 175//175 165//165
f 176//176 165//165 175//175
f 177//177 166//166 176//176
f 165//165 176//176 166//166
f 167//167 166//166 178//178
f 177//177 178//178 166//166
f 168//168 167//167 179//179
f 178//178 179//179 167//167
f 179//179 180//180 168//168
f 168//168 180//180 169//169
f 180//180 125//125 169//169
f 181//181 170//170 113//113
f 170//170 181//181 171//171
f 182//182 171//171 181//181
f 183//183 172//172 182//182
f 171//171 182//182 172//172
f 172//172 183//183 173//173
f 184//184 173//173 183//183
f 173//173 184//184 174//174
f 185//185 174//174 184//184
f 174//174 185//185 175//175
f 175//175 185//185 186//186
f 187//187 176//176 186//186
f 175//175 186//186 176//176
f 188//188 177//177 187//187
f 177//177 176//176 187//187
f 189//189 178//178 188//188
f 177//177 188//188 178//178
f 190//190 179//179 189//189
f 178//178 189//189 179//179
f 179//179 190//190 180//180
f 191//191 180//180 190//190
f 191//191 125//125 180//180
f 192//192 181//181 113//113
f 193//193 182//182 192//192
f 181//181 192//192 182//182
f 194//194 183//183 193//193
f 193//193 183//183 182//182
f 195//195 184//184 194//194
f 183//183 194//194 184//184
f 184//184 195//195 185//185
f 196//196 185//185 195//195
f 185//185 196//196 186//186
f 197//197 186//186 196//196
f 198//198 187//187 197//197
f 186//186 197//197 187//187
f 199//199 188//188 198//198
f 198//198 188//188 187//187
f 200//200 189//189 199//199
f 199//199 189//189 188//188
f 201//201 190//190 200//200
f 189//189 200//200 190//190
f 191//191 190//190 202//202
f 202//202 190//190 201//201
f 202//202 125//125 191//191
f 203//203 192//192 113//113
f 193//193 192//192 204//204
f 203//203 204//204 192//192
f 204//204 205//205 193//193
f 194//194 193//193 205//205
f 205//205 206//206 194//194
f 195//195 194//194 206//206
f 206//206 207//207 195//195
f 196//196 195//195 207//207
f 207//207 208//208 196//196
f 197//197 196//196 208//208
f 198//198 197//197 209//209
f 208//208 209//209 197//197
f 199//199 198//198 210//210
f 209//209 210//210 198//198
f 200//200 199//199 211//211
f 210//210 211//211 199//199
f 211//211 212//212 200//200
f 201//201 200//200 212//212
f 212//212 213//213 201//201
f 202//202 201//201 213//213
f 213//213 125//125 202//202
f 214//214 203//203 113//113
f 215//215 204//204 214//214
f 214//214 204//204 203//203
f 204//204 215//215 205//205
f 216//216 205//205 215//215
f 217//217 206//206 216//216
f 205//205 216//216 206//206
f 206//206 217//217 207//207
f 218//218 207//207 217//217
f 207//207 218//218 208//208
f 219//219 208//208 218//218
f 220//220 209//209 219//219
f 208//208 219//219 209//209
f 221//221 210//210 220//220
f 220//220 210//210 209//209
f 210//210 221//221 211//211
f 222//222 211//211 221//221
f 211//211 222//222 212//212
f 223//223 212//212 222//222
f 224//224 213//213 223//223
f 212//212 223//223 213//213
f 224//224 125//125 213//213
f 114//114 214//214 113//113
f 115//115 215//215 114//114
f 214//214 114//114 215//215
f 215//215 115//115 216//216
f 116//116 216//216 115//115
f 216//216 116//116 217//217
f 217//217 116//116 117//117
f 217//217 117//117 218//218
f 218//218 117//117 118//118
f 119//119 219//219 118//118
f 218//218 118//118 219//219
f 219//219 119//119 220//220
f 120//120 220//220 119//119
f 220//220 120//120 221//221
f 120//120 121//121 221//221
f 221//221 121//121 222//222
f 122//122 222//222 121//121
f 123//123 223//223 122//122
f 222//222 122//122 223//223
f 123//123 124//124 223//223
f 224//224 223//223 124//124
f 124//124 125//125 224//224
f 238//238 226//226 225//225
f 239//239 227//227 238//238
f 227//227 226//226 238//238
f 239//239 240//240 227//227
f 228//228 227//227 240//240
f 229//229 228//228 241//241
f 240//240 241//241 228//228
f 241//241 242//242 229//229
f 230//230 229//229 242//242
f 230//230 242//242 231//231
f 243//243 231//231 242//242
f 244//244 232//232 243//243
f 231//231 243//243 232//232
f 233//233 232//232 245//245
f 244//244 245//245 232//232
f 245//245 246//246 233//233
f 234//234 233//233 246//246
f 235//235 234//234 247//247
f 246//246 247//247 234//234
f 247//247 248//248 235//235
f 236//236 235//235 248//248
f 248//248 237//237 236//236
f 249//249 238//238 225//225
f 239//239 238//238 250//250
f 249//249 250//250 238//238
f 240//240 239//239 251//251
f 250//250 251//251 239//239
f 241//241 240//240 252//252
f 240//240 251//251 252//252
f 252//252 253//253 241//241
f 242//242 241//241 253//253
f 242//242 253//253 243//243
f 254//254 243//243 253//253
f 255//255 244//244 254//254
f 243//243 254//254 244//244
f 245//245 244//244 256//256
f 255//255 256//256 244//244
f 246//246 245//245 257//257
f 256//256 257//257 245//245
f 247//247 246//246 258//258
f 257//257 258//258 246//246
f 258//258 259//259 247//247
f 248//248 247//247 259//259
f 259//259 237//237 248//248
f 260//260 249//249 225//225
f 261//261 250//250 260//260
f 249//249 260//260 250//250
f 250//250 261//261 251//251
f 262//262 251//251 261//261
f 263//263 252//252 262//262
f 251//251 262//262 252//252
f 252//252 263//263 253//253
f 263//263 264//264 253//253
f 265//265 254//254 264//264
f 253//253 264//264 254//254
f 254//254 265//265 255//255
f 266//266 255//255 265//265
f 267//267 256//256 266//266
f 255//255 266//266 256//256
f 268//268 257//257 267//267
f 256//256 267//267 257//257
f 257//257 268//268 258//258
f 269//269 258//258 268//268
f 258//258 269//269 259//259
f 270//270 259//259 269//269
f 270//270 237//237 259//259
f 271//271 260//260 225//225
f 261//261 260//260 272//272
f 271//271 272//272 260//260
f 273//273 262//262 272//272
f 261//261 272//272 262//262
f 274//274 263//263 273//273
f 262//262 273//273 263//263
f 263//263 274//274 264//264
f 275//275 264//264 274//274
f 275//275 276//276 264//264
f 265//265 264//264 276//276
f 276//276 277//277 265//265
f 266//266 265//265 277//277
f 278//278 267//267 277//277
f 266//266 277//277 267//267
f 268//268 267//267 279//279
f 278//278 279//279 267//267
f 279//279 280//280 268//268
f 280//280 269//269 268//268
f 280//280 281//281 269//269
f 270//270 269//269 281//281
f 281//281 237//237 270//270
f 282//282 271//271 225//225
f 272//272 271//271 283//283
f 282//282 283//283 271//271
f 284//284 273//273 283//283
f 272//272 283//283 273//273
f 285//285 274//274 284//284
f 273//273 284//284 274//274
f 274//274 285//285 275//275
f 286//286 275//275 285//285
f 286//286 287//287 275//275
f 276//276 275//275 287//287
f 277//277 276//276 288//288
f 287//287 288//288 276//276
f 289//289 278//278 288//288
f 288//288 278//278 277//277
f 279//279 278//278 290//290
f 278//278 289//289 290//290
f 290//290 291//291 279//279
f 279//279 291//291 280//280
f 291//291 292//292 280//280
f 281//281 280//280 292//292
f 292//292 237//237 281//281
f 293//293 282//282 225//225
f 282//282 293//293 283//283
f 294//294 283//283 293//293
f 295//295 284//284 294//294
f 283//283 294//294 284//284
f 284//284 295//295 285//285
f 296//296 285//285 295//295
f 285//285 296//296 286//286
f 286//286 296//296 297//297
f 286//286 297//297 287//287
f 298//298 287//287 297//297
f 299//299 288//288 298//298
f 287//287 298//298 288//288
f 300//300 289//289 299//299
f 288//288 299//299 289//289
f 301//301 290//290 300//300
f 300//300 290//290 289//289
f 302//302 291//291 301//301
f 290//290 301//301 291//291
f 291//291 302//302 292//292
f 303//303 292//292 302//302
f 303//303 237//237 292//292
f 304//304 293//293 225//225
f 293//293 304//304 294//294
f 305//305 294//294 304//304
f 306//306 295//295 305//305
f 294//294 305//305 295//295
f 307//307 296//296 306//306
f 295//295 306//306 296//296
f 296//296 307//307 297//297
f 308//308 297//297 307//307
f 297//297 308//308 298//298
f 309//309 298//298 308//308
f 310//310 299//299 309//309
f 298//298 309//309 299//299
f 311//311 300//300 310//310
f 299//299 310//310 300//300
f 312//312 301//301 311//311
f 301//301 300//300 311//311
f 313//313 302//302 312//312
f 301//301 312//312 302//302
f 313//313 314//314 302//302
f 314//314 303//303 302//302
f 314//314 237//237 303//303
f 315//315 304//304 225//225
f 305//305 304//304 316//316
f 315//315 316//316 304//304
f 316//316 317//317 305//305
f 306//306 305//305 317//317
f 317//317 318//318 306//306
f 307//307 306//306 318//318
f 318//318 319//319 307//307
f 308//308 307//307 319//319
f 309//309 308//308 320//320
f 319//319 320//320 308//308
f 310//310 309//309 321//321
f 320//320 321//321 309//309
f 311//311 310//310 322//322
f 321//321 322//322 310//310
f 312//312 311//311 323//323
f 322//322 323//323 311//311
f 323//323 324//324 312//312
f 313//313 312//312 324//324
f 313//313 324//324 314//314
f 325//325 314//314 324//324
f 325//325 237//237 314//314
f 326//326 315//315 225//225
f 326//326 327//327 315//315
f 315//315 327//327 316//316
f 317//317 316//316 328//328
f 327//327 328//328 316//316
f 318//318 317//317 329//329
f 329//329 317//317 328//328
f 329//329 330//330 318//318
f 319//319 318//318 330//330
f 330//330 331//331 319//319
f 320//320 319//319 331//331
f 321//321 320//320 332//332
f 331//331 332//332 320//320
f 322//322 321//321 333//333
f 333//333 321//321 332//332
f 334//334 323//323 333//333
f 322//322 333//333 323//323
f 323//323 334//334 324//324
f 335//335 324//324 334//334
f 324//324 335//335 325//325
f 325//325 335//335 336//336
f 336//336 237//237 325//325
f 226//226 326//326 225//225
f 226//226 227//227 326//326
f 327//327 326//326 227//227
f 328//328 327//327 228//228
f 227//227 228//228 327//327
f 228//228 229//229 328//328
f 329//329 328//328 229//229
f 229//229 230//230 329//329
f 329//329 230//230 330//330
f 230//230 231//231 330//330
f 331//331 330//330 231//231
f 332//332 331//331 232//232
f 231//231 232//232 331//331
f 333//333 332//332 233//233
f 232//232 233//233 332//332
f 234//234 334//334 233//233
f 333//333 233//233 334//334
f 334//334 234//234 335//335
f 235//235 335//335 234//234
f 335//335 235//235 336//336
f 235//235 236//236 336//336
f 236//236 237//237 336//336
f 350//350 338//338 337//337
f 339//339 338//338 351//351
f 350//350 351//351 338//338
f 351//351 352//352 339//339
f 339//339 352//352 340//340
f 352//352 353//353 340//340
f 341//341 340//340 353//353
f 353//353 354//354 341//341
f 342//342 341//341 354//354
f 355//355 343//343 354//354
f 343//343 342//342 354//354
f 356//356 344//344 355//355
f 343//343 355//355 344//344
f 344//344 356//356 345//345
f 357//357 345//345 356//356
f 345//345 357//357 346//346
f 357//357 358//358 346//346
f 346//346 358//358 347//347
f 359//359 347//347 358//358
f 359//359 360//360 347//347
f 348//348 347//347 360//360
f 360//360 349//349 348//348
f 361//361 350//350 337//337
f 351//351 350//350 362//362
f 361//361 362//362 350//350
f 362//362 363//363 351//351
f 352//352 351//351 363//363
f 364//364 353//353 363//363
f 352//352 363//363 353//353
f 364//364 365//365 353//353
f 354//354 353//353 365//365
f 366//366 355//355 365//365
f 354//354 365//365 355//355
f 367//367 356//356 366//366
f 355//355 366//366 356//356
f 356//356 367//367 357//357
f 368//368 357//357 367//367
f 357//357 368//368 358//358
f 369//369 358//358 368//368
f 358//358 369//369 359//359
f 370//370 359//359 369//369
f 370//370 371//371 359//359
f 360//360 359//359 371//371
f 371//371 349//349 360//360
f 372//372 361//361 337//337
f 373//373 362//362 372//372
f 361//361 372//372 362//362
f 362//362 373//373 363//363
f 374//374 363//363 373//373
f 375//375 364//364 374//374
f 363//363 374//374 364//364
f 364//364 375//375 365//365
f 376//376 365//365 375//375
f 366//366 365//365 377//377
f 377//377 365//365 376//376
f 367//367 366//366 378//378
f 377//377 378//378 366//366
f 367//367 378//378 368//368
f 379//379 368//368 378//378
f 369//369 368//368 380//380
f 379//379 380//380 368//368
f 380//380 381//381 369//369
f 370//370 369//369 381//381
f 381//381 382//382 370//370
f 371//371 370//370 382//382
f 382//382 349//349 371//371
f 383//383 372//372 337//337
f 384//384 373//373 383//383
f 383//383 373//373 372//372
f 373//373 384//384 374//374
f 385//385 374//374 384//384
f 375//375 374//374 386//386
f 385//385 386//386 374//374
f 375//375 386//386 376//376
f 386//386 387//387 376//376
f 377//377 376//376 388//388
f 387//387 388//388 376//376
f 378//378 377//377 389//389
f 389//389 377//377 388//388
f 389//389 390//390 378//378
f 379//379 378//378 390//390
f 390//390 391//391 379//379
f 380//380 379//379 391//391
f 391//391 392//392 380//380
f 381//381 380//380 392//392
f 392//392 393//393 381//381
f 382//382 381//381 393//393
f 393//393 349//349 382//382
f 394//394 383//383 337//337
f 395//395 384//384 394//394
f 383//383 394//394 384//384
f 384//384 395//395 385//385
f 396//396 385//385 395//395
f 385//385 396//396 386//386
f 397//397 386//386 396//396
f 386//386 397//397 387//387
f 398//398 387//387 397//397
f 388//388 387//387 399//399
f 399//399 387//387 398//398
f 389//389 388//388 400//400
f 399//399 400//400 388//388
f 400//400 401//401 389//389
f 389//389 401//401 390//390
f 401//401 402//402 390//390
f 391//391 390//390 402//402
f 392//392 391//391 403//403
f 402//402 403//403 391//391
f 403//403 404//404 392//392
f 393//393 392//392 404//404
f 404//404 349//349 393//393
f 405//405 394//394 337//337
f 395//395 394//394 406//406
f 405//405 406//406 394//394
f 406//406 407//407 395//395
f 396//396 395//395 407//407
f 407//407 408//408 396//396
f 397//397 396//396 408//408
f 408//408 409//409 397//397
f 409//409 398//398 397//397
f 399//399 398//398 410//410
f 409//409 410//410 398//398
f 411//411 400//400 410//410
f 399//399 410//410 400//400
f 412//412 401//401 411//411
f 400//400 411//411 401//401
f 402//402 401//401 413//413
f 412//412 413//413 401//401
f 403//403 402//402 414//414
f 413//413 414//414 402//402
f 404//404 403//403 415//415
f 414//414 415//415 403//403
f 415//415 349//349 404//404
f 416//416 405//405 337//337
f 406//406 405//405 417//417
f 417//417 405//405 416//416
f 417//417 418//418 406//406
f 407//407 406//406 418//418
f 418//418 419//419 407//407
f 408//408 407//407 419//419
f 419//419 420//420 408//408
f 409//409 408//408 420//420
f 410//410 409//409 421//421
f 420//420 421//421 409//409
f 422//422 411//411 421//421
f 410//410 421//421 411//411
f 423//423 412//412 422//422
f 411//411 422//422 412//412
f 424//424 413//413 423//423
f 423//423 413//413 412//412
f 414//414 413//413 425//425
f 424//424 425//425 413//413
f 415//415 414//414 426//426
f 425//425 426//426 414//414
f 426//426 349//349 415//415
f 427//427 416//416 337//337
f 428//428 417//417 427//427
f 416//416 427//427 417//417
f 429//429 418//418 428//428
f 417//417 428//428 418//418
f 429//429 430//430 418//418
f 418//418 430//430 419//419
f 430//430 431//431 419//419
f 420//420 419//419 431//431
f 421//421 420//420 432//432
f 431//431 432//432 420//420
f 422//422 421//421 433//433
f 432//432 433//433 421//421
f 423//423 422//422 434//434
f 422//422 433//433 434//434
f 424//424 423//423 435//435
f 434//434 435//435 423//423
f 436//436 425//425 435//435
f 424//424 435//435 425//425
f 436//436 437//437 425//425
f 426//426 425//425 437//437
f 437//437 349//349 426//426
f 438//438 427//427 337//337
f 439//439 428//428 438//438
f 427//427 438//438 428//428
f 428//428 439//439 429//429
f 440//440 429//429 439//439
f 429//429 440//440 430//430
f 430//430 440//440 441//441
f 441//441 442//442 430//430
f 431//431 430//430 442//442
f 443//443 432//432 442//442
f 431//431 442//442 432//432
f 444//444 433//433 443//443
f 432//432 443//443 433//433
f 445//445 434//434 444//444
f 444//444 434//434 433//433
f 434//434 445//445 435//435
f 446//446 435//435 445//445
f 447//447 436//436 446//446
f 435//435 446//446 436//436
f 448//448 437//437 447//447
f 436//436 447//447 437//437
f 448//448 349//349 437//437
f 338//338 438//438 337//337
f 339//339 439//439 338//338
f 439//439 438//438 338//338
f 340//340 440//440 339//339
f 439//439 339//339 440//440
f 440//440 340//340 441//441
f 341//341 441//441 340//340
f 341//341 342//342 441//441
f 442//442 441//441 342//342
f 343//343 443//443 342//342
f 442//442 342//342 443//443
f 344//344 444//444 343//343
f 443//443 343//343 444//444
f 345//345 445//445 344//344
f 444//444 344//344 445//445
f 445//445 345//345 446//446
f 346//346 446//446 345//345
f 446//446 346//346 447//447
f 347//347 447//447 346//346
f 348//348 448//448 347//347
f 447//447 347//347 448//448
f 348//348 349//349 448//448
f 462//462 450//450 449//449
f 462//462 463//463 450//450
f 451//451 450//450 463//463
f 463//463 464//464 451//451
f 452//452 451//451 464//464
f 464//464 465//465 452//452
f 453//453 452//452 465//465
f 466//466 454//454 465//465
f 454//454 453//453 465//465
f 454//454 466//466 455//455
f 467//467 455//455 466//466
f 455//455 467//467 456//456
f 468//468 456//456 467//467
f 457//457 456//456 469//469
f 456//456 468//468 469//469
f 469//469 470//470 457//457
f 470//470 458//458 457//457
f 459//459 458//458 471//471
f 471//471 458//458 470//470
f 459//459 471//471 460//460
f 472//472 460//460 471//471
f 472//472 461//461 460//460
f 473//473 462//462 449//449
f 473//473 474//474 462//462
f 463//463 462//462 474//474
f 474//474 475//475 463//463
f 464//464 463//463 475//475
f 476//476 465//465 475//475
f 464//464 475//475 465//465
f 465//465 476//476 466//466
f 477//477 466//466 476//476
f 466//466 477//477 467//467
f 478//478 467//467 477//477
f 467//467 478//478 468//468
f 479//479 468//468 478//478
f 479//479 480//480 468//468
f 469//469 468//468 480//480
f 470//470 469//469 481//481
f 480//480 481//481 469//469
f 481//481 482//482 470//470
f 471//471 470//470 482//482
f 482//482 483//483 471//471
f 472//472 471//471 483//483
f 483//483 461//461 472//472
f 484//484 473//473 449//449
f 474//474 473//473 485//485
f 484//484 485//485 473//473
f 475//475 474//474 486//486
f 485//485 486//486 474//474
f 476//476 475//475 487//487
f 486//486 487//487 475//475
f 487//487 488//488 476//476
f 477//477 476//476 488//488
f 478//478 477//477 489//489
f 488//488 489//489 477//477
f 489//489 490//490 478//478
f 479//479 478//478 490//490
f 480//480 479//479 491//491
f 490//490 491//491 479//479
f 481//481 480//480 492//492
f 491//491 492//492 480//480
f 482//482 481//481 493//493
f 492//492 493//493 481//481
f 493//493 494//494 482//482
f 483//483 482//482 494//494
f 494//494 461//461 483//483
f 495//495 484//484 449//449
f 496//496 485//485 495//495
f 485//485 484//484 495//495
f 486//486 485//485 497//497
f 496//496 497//497 485//485
f 497//497 498//498 486//486
f 487//487 486//486 498//498
f 498//498 499//499 487//487
f 488//488 487//487 499//499
f 499//499 500//500 488//488
f 489//489 488//488 500//500
f 500//500 501//501 489//489
f 489//489 501//501 490//490
f 491//491 490//490 502//502
f 501//501 502//502 490//490
f 492//492 491//491 503//503
f 502//502 503//503 491//491
f 493//493 492//492 504//504
f 503//503 504//504 492//492
f 504//504 505//505 493//493
f 505//505 494//494 493//493
f 505//505 461//461 494//494
f 506//506 495//495 449//449
f 507//507 496//496 506//506
f 496//496 495//495 506//506
f 497//497 496//496 508//508
f 507//507 508//508 496//496
f 498//498 497//497 509//509
f 508//508 509//509 497//497
f 509//509 510//510 498//498
f 499//499 498//498 510//510
f 510//510 511//511 499//499
f 500//500 499//499 511//511
f 511//511 512//512 500//500
f 501//501 500//500 512//512
f 502//502 501//501 513//513
f 512//512 513//513 501//501
f 503//503 502//502 514//514
f 513//513 514//514 502//502
f 504//504 503//503 515//515
f 514//514 515//515 503//503
f 515//515 516//516 504//504
f 505//505 504//504 516//516
f 516//516 461//461 505//505
f 517//517 506//506 449//449
f 506//506 517//517 507//507
f 518//518 507//507 517//517
f 519//519 508//508 518//518
f 518//518 508//508 507//507
f 520//520 509//509 519//519
f 508//508 519//519 509//509
f 509//509 520//520 510//510
f 521//521 510//510 520//520
f 510//510 521//521 511//511
f 522//522 511//511 521//521
f 511//511 522//522 512//512
f 523//523 512//512 522//522
f 512//512 523//523 513//513
f 513//513 523//523 524//524
f 525//525 514//514 524//524
f 513//513 524//524 514//514
f 526//526 515//515 525//525
f 514//514 525//525 515//515
f 515//515 526//526 516//516
f 527//527 516//516 526//526
f 527//527 461//461 516//516
f 528//528 517//517 449//449
f 529//529 518//518 528//528
f 517//517 528//528 518//518
f 518//518 529//529 519//519
f 530//530 519//519 529//529
f 531//531 520//520 530//530
f 519//519 530//530 520//520
f 532//532 521//521 531//531
f 531//531 521//521 520//520
f 521//521 532//532 522//522
f 533//533 522//522 532//532
f 522//522 533//533 523//523
f 534//534 523//523 533//533
f 523//523 534//534 524//524
f 535//535 524//524 534//534
f 524//524 535//535 525//525
f 536//536 525//525 535//535
f 537//537 526//526 536//536
f 525//525 536//536 526//526
f 537//537 538//538 526//526
f 527//527 526//526 538//538
f 538//538 461//461 527//527
f 539//539 528//528 449//449
f 540//540 529//529 539//539
f 528//528 539//539 529//529
f 541//541 530//530 540//540
f 529//529 540//540 530//530
f 530//530 541//541 531//531
f 531//531 541//541 542//542
f 542//542 543//543 531//531
f 532//532 531//531 543//543
f 532//532 543//543 533//533
f 544//544 533//533 543//543
f 545//545 534//534 544//544
f 533//533 544//544 534//534
f 546//546 535//535 545//545
f 534//534 545//545 535//535
f 547//547 536//536 546//546
f 536//536 535//535 546//546
f 536//536 547//547 537//537
f 548//548 537//537 547//547
f 548//548 549//549 537//537
f 538//538 537//537 549//549
f 549//549 461//461 538//538
f 550//550 539//539 449//449
f 540//540 539//539 551//551
f 550//550 551//551 539//539
f 541//541 540//540 552//552
f 551//551 552//552 540//540
f 542//542 541//541 553//553
f 552//552 553//553 541//541
f 543//543 542//542 554//554
f 554//554 542//542 553//553
f 554//554 555//555 543//543
f 543//543 555//555 544//544
f 545//545 544//544 556//556
f 555//555 556//556 544//544
f 546//546 545//545 557//557
f 556//556 557//557 545//545
f 558//558 547//547 557//557
f 546//546 557//557 547//547
f 547//547 558//558 548//548
f 559//559 548//548 558//558
f 559//559 560//560 548//548
f 549//549 548//548 560//560
f 560//560 461//461 549//549
f 450//450 550//550 449//449
f 551//551 550//550 451//451
f 450//450 451//451 550//550
f 552//552 551//551 452//452
f 451//451 452//452 551//551
f 553//553 552//552 453//453
f 452//452 453//453 552//552
f 453//453 454//454 553//553
f 554//554 553//553 454//454
f 454//454 455//455 554//554
f 555//555 554//554 455//455
f 556//556 555//555 456//456
f 455//455 456//456 555//555
f 557//557 556//556 457//457
f 457//457 556//556 456//456
f 557//557 457//457 558//558
f 458//458 558//558 457//457
f 459//459 559//559 458//458
f 558//558 458//458 559//559
f 459//459 460//460 559//559
f 560//560 559//559 460//460
f 460//460 461//461 560//560
f 562//562 563//563 561//561
f 563//563 564//564 561//561
f 564//564 565//565 561//561
f 565//565 566//566 561//561
f 566//566 567//567 561//561
f 567//567 562//562 561//561
f 568//568 569//569 562//562
f 569//569 563//563 562//562
f 569//569 570//570 563//563
f 570//570 564//564 563//563
f 570//570 571//571 564//564
f 571//571 565//565 564//564
f 571//571 572//572 565//565
f 572//572 573//573 565//565
f 573//573 566//566 565//565
f 573//573 574//574 566//566
f 574//574 567//567 566//566
f 574//574 568//568 567//567
f 568//568 562//562 567//567
f 575//575 576//576 568//568
f 576//576 569//569 568//568
f 576//576 577//577 569//569
f 577//577 578//578 569//569
f 578//578 570//570 569//569
f 578//578 579//579 570//570
f 579//579 580//580 570//570
f 580//580 581//581 570//570
f 581//581 571//571 570//570
f 581//581 582//582 571//571
f 582//582 572//572 571//571
f 582//582 583//583 572//572
f 583//583 573//573 572//572
f 583//583 584//584 573//573
f 584//584 585//585 573//573
f 585//585 574//574 573//573
f 585//585 575//575 574//574
f 575//575 568//568 574//574
f 586//586 587//587 575//575
f 587//587 576//576 575//575
f 587//587 577//577 576//576
f 587//587 588//588 577//577
f 588//588 578//578 577//577
f 588//588 589//589 578//578
f 589//589 579//579 578//578
f 589//589 580//580 579//579
f 589//589 590//590 580//580
f 590//590 581//581 580//580
f 590//590 591//591 581//581
f 591//591 582//582 581//581
f 591//591 592//592 582//582
f 592//592 583//583 582//582
f 592//592 593//593 583//583
f 593//593 594//594 583//583
f 594//594 584//584 583//583
f 594//594 595//595 584//584
f 595//595 596//596 584//584
f 596//596 597//597 584//584
f 597//597 585//585 584//584
f 597//597 586//586 585//585
f 586//586 575//575 585//585
f 598//598 587//587 586//586
f 598//598 599//599 587//587
f 599//599 588//588 587//587
f 599//599 600//600 588//588
f 600//600 589//589 588//588
f 600//600 601//601 589//589
f 601//601 590//590 589//589
f 601//601 602//602 590//590
f 602//602 591//591 590//590
f 602//602 603//603 591//591
f 603//603 592//592 591//591
f 603//603 604//604 592//592
f 604//604 593//593 592//592
f 604//604 605//605 593//593
f 605//605 594//594 593//593
f 605//605 606//606 594//594
f 606//606 595//595 594//594
f 606//606 607//607 595//595
f 607//607 608//608 595//595
f 608//608 609//609 595//595
f 609//609 596//596 595//595
f 609//609 610//610 596//596
f 610//610 597//597 596//596
f 610//610 611//611 597//597
f 611//611 586//586 597//597
f 611//611 598//598 586//586
f 612//612 599//599 598//598
f 612//612 613//613 599//599
f 613//613 600//600 599//599
f 613//613 614//614 600//600
f 614//614 601//601 600//600
f 614//614 602//602 601//601
f 614//614 615//615 602//602
f 615//615 603//603 602//602
f 615//615 616//616 603//603
f 616//616 604//604 603//603
f 616//616 605//605 604//604
f 616//616 606//606 605//605
f 616//616 617//617 606//606
f 617//617 607//607 606//606
f 617//617 608//608 607//607
f 617//617 609//609 608//608
f 617//617 618//618 609//609
f 618//618 610//610 609//609
f 618//618 611//611 610//610
f 618//618 619//619 611//611
f 619//619 598//598 611//611
f 619//619 612//612 598//598
f 620//620 613//613 612//612
f 620//620 614//614 613//613
f 620//620 615//615 614//614
f 620//620 616//616 615//615
f 620//620 617//617 616//616
f 620//620 618//618 617//617
f 620//620 619//619 618//618
f 620//620 612//612 619//619
f 621//621 623//623 622//622
f 621//621 624//624 623//623
f 621//621 625//625 624//624
f 621//621 626//626 625//625
f 621//621 627//627 626//626
f 621//621 628//628 627//627
f 621//621 629//629 628//628
f 621//621 630//630 629//629
f 621//621 631//631 630//630
f 621//621 622//622 631//631
f 622//622 633//633 632//632
f 622//622 623//623 633//633
f 623//623 634//634 633//633
f 623//623 624//624 634//634
f 624//624 635//635 634//634
f 624//624 625//625 635//635
f 625//625 636//636 635//635
f 625//625 626//626 636//636
f 626//626 627//627 636//636
f 627//627 637//637 636//636
f 627//627 628//628 637//637
f 628//628 638//638 637//637
f 628//628 639//639 638//638
f 628//628 629//629 639//639
f 629//629 640//640 639//639
f 629//629 630//630 640//640
f 630//630 641//641 640//640
f 630//630 642//642 641//641
f 630//630 631//631 642//642
f 631//631 632//632 642//642
f 631//631 622//622 632//632
f 632//632 633//633 643//643
f 633//633 644//644 643//643
f 633//633 634//634 644//644
f 634//634 645//645 644//644
f 634//634 635//635 645//645
f 635//635 646//646 645//645
f 635//635 636//636 646//646
f 636//636 647//647 646//646
f 636//636 648//648 647//647
f 636//636 637//637 648//648
f 637//637 649//649 648//648
f 637//637 638//638 649//649
f 638//638 650//650 649//649
f 638//638 639//639 650//650
f 639//639 651//651 650//650
f 639//639 640//640 651//651
f 640//640 652//652 651//651
f 640//640 641//641 652//652
f 641//641 653//653 652//652
f 641//641 642//642 653//653
f 642//642 643//643 653//653
f 642//642 632//632 643//643
f 643//643 655//655 654//654
f 643//643 644//644 655//655
f 644//644 656//656 655//655
f 644//644 645//645 656//656
f 645//645 657//657 656//656
f 645//645 646//646 657//657
f 646//646 647//647 657//657
f 647//647 658//658 657//657
f 647//647 648//648 658//658
f 648//648 659//659 658//658
f 648//648 649//649 659//659
f 649//649 650//650 659//659
f 650//650 660//660 659//659
f 650//650 651//651 660//660
f 651//651 652//652 660//660
f 652//652 661//661 660//660
f 652//652 653//653 661//661
f 653//653 654//654 661//661
f 653//653 643//643 654//654
f 654//654 655//655 662//662
f 655//655 656//656 662//662
f 656//656 657//657 662//662
f 657//657 658//658 662//662
f 658//658 659//659 662//662
f 659//659 660//660 662//662
f 660//660 661//661 662//662
f 661//661 654//654 662//662
f 663//663 665//665 664//664
f 663//663 666//666 665//665
f 663//663 667//667 666//666
f 663//663 668//668 667//667
f 663//663 669//669 668//668
f 663//663 670//670 669//669
f 663//663 671//671 670//670
f 663//663 672//672 671//671
f 663//663 673//673 672//672
f 663//663 674//674 673//673
f 663//663 675//675 674//674
f 663//663 664//664 675//675
f 664//664 665//665 676//676
f 665//665 677//677 676//676
f 665//665 666//666 677//677
f 666//666 678//678 677//677
f 666//666 679//679 678//678
f 666//666 667//667 679//679
f 667//667 680//680 679//679
f 667//667 668//668 680//680
f 668//668 681//681 680//680
f 668//668 669//669 681//681
f 669//669 682//682 681//681
f 669//669 683//683 682//682
f 669//669 670//670 683//683
f 670//670 684//684 683//683
f 670//670 671//671 684//684
f 671//671 685//685 684//684
f 671//671 672//672 685//685
f 672//672 686//686 685//685
f 672//672 673//673 686//686
f 673//673 687//687 686//686
f 673//673 674//674 687//687
f 674//674 688//688 687//687
f 674//674 675//675 688//688
f 675//675 664//664 688//688
f 664//664 676//676 688//688
f 676//676 690//690 689//689
f 676//676 677//677 690//690
f 677//677 691//691 690//690
f 677//677 678//678 691//691
f 678//678 692//692 691//691
f 678//678 679//679 692//692
f 679//679 680//680 692//692
f 680//680 693//693 692//692
f 680//680 681//681 693//693
f 681//681 694//694 693//693
f 681//681 682//682 694//694
f 682//682 695//695 694//694
f 682//682 683//683 695//695
f 683//683 696//696 695//695
f 683//683 684//684 696//696
f 684//684 697//697 696//696
f 684//684 685//685 697//697
f 685//685 698//698 697//697
f 685//685 686//686 698//698
f 686//686 687//687 698//698
f 687//687 699//699 698//698
f 687//687 688//688 699//699
f 688//688 689//689 699//699
f 688//688 676//676 689//689
f 689//689 690//690 700//700
f 690//690 701//701 700//700
f 690//690 691//691 701//701
f 691//691 692//692 701//701
f 692//692 702//702 701//701
f 692//692 693//693 702//702
f 693//693 703//703 702//702
f 693//693 694//694 703//703
f 694//694 695//695 703//703
f 695//695 704//704 703//703
f 695//695 696//696 704//704
f 696//696 705//705 704//704
f 696//696 697//697 705//705
f 697//697 706//706 705//705
f 697//697 698//698 706//706
f 698//698 699//699 706//706
f 699//699 707//707 706//706
f 699//699 700//700 707//707
f 699//699 689//689 700//700
f 700//700 701//701 708//708
f 701//701 702//702 708//708
f 702//702 703//703 708//708
f 703//703 704//704 708//708
f 704//704 705//705 708//708
f 705//705 706//706 708//708
f 706//706 707//707 708//708
f 707//707 700//700 708//708
f 709//709 712//712 711//711
f 709//709 713//713 712//712
f 709//709 710//710 713//713
f 710//710 714//714 713//713
f 710//710 715//715 714//714
f 710//710 716//716 715//715
f 710//710 709//709 716//716
f 709//709 711//711 716//716
f 711//711 712//712 717//717
f 712//712 718//718 717//717
f 712//712 713//713 718//718
f 713//713 719//719 718//718
f 713//713 720//720 719//719
f 713//713 721//721 720//720
f 713//713 714//714 721//721
f 714//714 722//722 721//721
f 714//714 723//723 722//722
f 714//714 724//724 723//723
f 714//714 715//715 724//724
f 715//715 725//725 724//724
f 715//715 726//726 725//725
f 715//715 716//716 726//726
f 716//716 727//727 726//726
f 716//716 711//711 727//727
f 711//711 728//728 727//727
f 711//711 717//717 728//728
f 717//717 730//730 729//729
f 717//717 731//731 730//730
f 717//717 718//718 731//731
f 718//718 732//732 731//731
f 718//718 719//719 732//732
f 719//719 733//733 732//732
f 719//719 720//720 733//733
f 720//720 734//734 733//733
f 720//720 721//721 734//734
f 721//721 722//722 734//734
f 722//722 735//735 734//734
f 722//722 723//723 735//735
f 723//723 724//724 735//735
f 724//724 736//736 735//735
f 724//724 725//725 736//736
f 725//725 737//737 736//736
f 725//725 738//738 737//737
f 725//725 726//726 738//738
f 726//726 739//739 738//738
f 726//726 727//727 739//739
f 727//727 740//740 739//739
f 727//727 741//741 740//740
f 727//727 728//728 741//741
f 728//728 729//729 741//741
f 728//728 717//717 729//729
f 729//729 730//730 742//742
f 730//730 743//743 742//742
f 730//730 731//731 743//743
f 731//731 744//744 743//743
f 731//731 732//732 744//744
f 732//732 745//745 744//744
f 732//732 733//733 745//745
f 733//733 746//746 745//745
f 733//733 734//734 746//746
f 734//734 747//747 746//746
f 734//734 735//735 747//747
f 735//735 748//748 747//747
f 735//735 749//749 748//748
f 735//735 736//736 749//749
f 736//736 750//750 749//749
f 736//736 737//737 750//750
f 737//737 751//751 750//750
f 737//737 738//738 751//751
f 738//738 752//752 751//751
f 738//738 739//739 752//752
f 739//739 753//753 752//752
f 739//739 740//740 753//753
f 740//740 754//754 753//753
f 740//740 741//741 754//754
f 741//741 755//755 754//754
f 741//741 729//729 755//755
f 729//729 742//742 755//755
f 742//742 757//757 756//756
f 742//742 743//743 757//757
f 743//743 744//744 757//757
f 744//744 758//758 757//757
f 744//744 745//745 758//758
f 745//745 759//759 758//758
f 745//745 746//746 759//759
f 746//746 760//760 759//759
f 746//746 747//747 760//760
f 747//747 761//761 760//760
f 747//747 748//748 761//761
f 748//748 762//762 761//761
f 748//748 749//749 762//762
f 749//749 763//763 762//762
f 749//749 750//750 763//763
f 750//750 751//751 763//763
f 751//751 764//764 763//763
f 751//751 752//752 764//764
f 752//752 765//765 764//764
f 752//752 753//753 765//765
f 753//753 766//766 765//765
f 753//753 754//754 766//766
f 754//754 767//767 766//766
f 754//754 755//755 767//767
f 755//755 768//768 767//767
f 755//755 756//756 768//768
f 755//755 742//742 756//756
f 756//756 757//757 769//769
f 757//757 758//758 769//769
f 758//758 759//759 769//769
f 759//759 760//760 769//769
f 760//760 761//761 769//769
f 761//761 762//762 769//769
f 762//762 763//763 769//769
f 763//763 764//764 769//769
f 764//764 765//765 769//769
f 765//765 766//766 769//769
f 766//766 767//767 769//769
f 767//767 768//768 769//769
f 768//768 756//756 769//769
f 770//770 772//772 771//771
f 770//770 773//773 772//772
f 770//770 774//774 773//773
f 770//770 775//775 774//774
f 770//770 776//776 775//775
f 770//770 777//777 776//776
f 770//770 778//778 777//777
f 770//770 771//771 778//778
f 771//771 780//780 779//779
f 771//771 772//772 780//780
f 772//772 781//781 780//780
f 772//772 782//782 781//781
f 772//772 773//773 782//782
f 773//773 783//783 782//782
f 773//773 784//784 783//783
f 773//773 785//785 784//784
f 773//773 774//774 785//785
f 774//774 786//786 785//785
f 774//774 775//775 786//786
f 775//775 787//787 786//786
f 775//775 776//776 787//787
f 776//776 788//788 787//787
f 776//776 777//777 788//788
f 777//777 789//789 788//788
f 777//777 778//778 789//789
f 778//778 790//790 789//789
f 778//778 771//771 790//790
f 771//771 779//779 790//790
f 779//779 792//792 791//791
f 779//779 780//780 792//792
f 780//780 793//793 792//792
f 780//780 781//781 793//793
f 781//781 794//794 793//793
f 781//781 795//795 794//794
f 781//781 782//782 795//795
f 782//782 783//783 795//795
f 783//783 796//796 795//795
f 783//783 797//797 796//796
f 783//783 784//784 797//797
f 784//784 785//785 797//797
f 785//785 798//798 797//797
f 785//785 786//786 798//798
f 786//786 799//799 798//798
f 786//786 800//800 799//799
f 786//786 787//787 800//800
f 787//787 801//801 800//800
f 787//787 788//788 801//801
f 788//788 802//802 801//801
f 788//788 789//789 802//802
f 789//789 803//803 802//802
f 789//789 790//790 803//803
f 790//790 804//804 803//803
f 790//790 791//791 804//804
f 790//790 779//779 791//791
f 791//791 792//792 805//805
f 792//792 806//806 805//805
f 792//792 793//793 806//806
f 793//793 807//807 806//806
f 793//793 794//794 807//807
f 794//794 808//808 807//807
f 794//794 795//795 808//808
f 795//795 809//809 808//808
f 795//795 796//796 809//809
f 796//796 797//797 809//809
f 797//797 810//810 809//809
f 797//797 798//798 810//810
f 798//798 811//811 810//810
f 798//798 799//799 811//811
f 799//799 812//812 811//811
f 799//799 800//800 812//812
f 800//800 801//801 812//812
f 801//801 813//813 812//812
f 801//801 802//802 813//813
f 802//802 814//814 813//813
f 802//802 803//803 814//814
f 803//803 815//815 814//814
f 803//803 804//804 815//815
f 804//804 805//805 815//815
f 804//804 791//791 805//805
f 805//805 817//817 816//816
f 805//805 806//806 817//817
f 806//806 818//818 817//817
f 806//806 807//807 818//818
f 807//807 808//808 818//818
f 808//808 819//819 818//818
f 808//808 809//809 819//819
f 809//809 820//820 819//819
f 809//809 810//810 820//820
f 810//810 821//821 820//820
f 810//810 822//822 821//821
f 810//810 811//811 822//822
f 811//811 812//812 822//822
f 812//812 823//823 822//822
f 812//812 813//813 823//823
f 813//813 814//814 823//823
f 814//814 824//824 823//823
f 814//814 815//815 824//824
f 815//815 825//825 824//824
f 815//815 816//816 825//825
f 815//815 805//805 816//816
f 816//816 817//817 826//826
f 817//817 827//827 826//826
f 817//817 818//818 827//827
f 818//818 828//828 827//827
f 818//818 819//819 828//828
f 819//819 820//820 828//828
f 820//820 829//829 828//828
f 820//820 821//821 829//829
f 821//821 822//822 829//829
f 822//822 830//830 829//829
f 822//822 823//823 830//830
f 823//823 824//824 830//830
f 824//824 825//825 830//830
f 825//825 831//831 830//830
f 825//825 816//816 831//831
f 816//816 826//826 831//831
f 826//826 827//827 832//832
f 827//827 828//828 832//832
f 828//828 829//829 832//832
f 829//829 830//830 832//832
f 830//830 831//831 832//832
f 831//831 826//826 832//832
f 834//834 835//835 833//833
f 835//835 836//836 833//833
f 836//836 837//837 833//833
f 837//837 838//838 833//833
f 838//838 839//839 833//833
f 839//839 840//840 833//833
f 840//840 834//834 833//833
f 841//841 842//842 834//834
f 842//842 835//835 834//834
f 842//842 843//843 835//835
f 843//843 844//844 835//835
f 844//844 836//836 835//835
f 844//844 845//845 836//836
f 845//845 846//846 836//836
f 846//846 837//837 836//836
f 846//846 847//847 837//837
f 847//847 848//848 837//837
f 848//848 838//838 837//837
f 848//848 849//849 838//838
f 849//849 850//850 838//838
f 850//850 839//839 838//838
f 850//850 851//851 839//839
f 851//851 852//852 839//839
f 852//852 840//840 839//839
f 852//852 853//853 840//840
f 853//853 834//834 840//840
f 853//853 841//841 834//834
f 854//854 842//842 841//841
f 854//854 855//855 842//842
f 855//855 856//856 842//842
f 856//856 843//843 842//842
f 856//856 857//857 843//843
f 857//857 858//858 843//843
f 858//858 844//844 843//843
f 858//858 859//859 844//844
f 859//859 845//845 844//844
f 859//859 860//860 845//845
f 860//860 861//861 845//845
f 861//861 846//846 845//845
f 861//861 862//862 846//846
f 862//862 847//847 846//846
f 862//862 863//863 847//847
f 863//863 848//848 847//847
f 863//863 864//864 848//848
f 864//864 849//849 848//848
f 864//864 865//865 849//849
f 865//865 866//866 849//849
f 866//866 850//850 849//849
f 866//866 867//867 850//850
f 867//867 868//868 850//850
f 868//868 851//851 850//850
f 868//868 869//869 851//851
f 869//869 870//870 851//851
f 870//870 852//852 851//851
f 870//870 871//871 852//852
f 871//871 872//872 852//852
f 872//872 853//853 852//852
f 872//872 854//854 853//853
f 854//854 841//841 853//853
f 873//873 855//855 854//854
f 873//873 874//874 855//855
f 874//874 856//856 855//855
f 874//874 857//857 856//856
f 874//874 875//875 857//857
f 875//875 858//858 857//857
f 875//875 876//876 858//858
f 876//876 859//859 858//858
f 876//876 860//860 859//859
f 876//876 877//877 860//860
f 877//877 861//861 860//860
f 877//877 878//878 861//861
f 878//878 862//862 861//861
f 878//878 879//879 862//862
f 879//879 880//880 862//862
f 880//880 863//863 862//862
f 880//880 881//881 863//863
f 881//881 864//864 863//863
f 881//881 882//882 864//864
f 882//882 865//865 864//864
f 882//882 866//866 865//865
f 882//882 883//883 866//866
f 883//883 867//867 866//866
f 883//883 868//868 867//867
f 883//883 884//884 868//868
f 884//884 885//885 868//868
f 885//885 886//886 868//868
f 886//886 869//869 868//868
f 886//886 887//887 869//869
f 887//887 870//870 869//869
f 887//887 888//888 870//870
f 888//888 871//871 870//870
f 888//888 872//872 871//871
f 888//888 889//889 872//872
f 889//889 854//854 872//872
f 889//889 873//873 854//854
f 890//890 891//891 873//873
f 891//891 874//874 873//873
f 891//891 892//892 874//874
f 892//892 875//875 874//874
f 892//892 893//893 875//875
f 893//893 894//894 875//875
f 894//894 876//876 875//875
f 894//894 895//895 876//876
f 895//895 877//877 876//876
f 895//895 896//896 877//877
f 896//896 878//878 877//877
f 896//896 879//879 878//878
f 896//896 897//897 879//879
f 897//897 898//898 879//879
f 898//898 880//880 879//879
f 898//898 881//881 880//880
f 898//898 899//899 881//881
f 899//899 882//882 881//881
f 899//899 883//883 882//882
f 899//899 900//900 883//883
f 900//900 901//901 883//883
f 901//901 884//884 883//883
f 901//901 902//902 884//884
f 902//902 903//903 884//884
f 903//903 885//885 884//884
f 903//903 886//886 885//885
f 903//903 904//904 886//886
f 904//904 887//887 886//886
f 904//904 905//905 887//887
f 905//905 888//888 887//887
f 905//905 889//889 888//888
f 905//905 906//906 889//889
f 906//906 873//873 889//889
f 906//906 890//890 873//873
f 907//907 891//891 890//890
f 907//907 908//908 891//891
f 908//908 909//909 891//891
f 909//909 892//892 891//891
f 909//909 910//910 892//892
f 910//910 893//893 892//892
f 910//910 911//911 893//893
f 911//911 894//894 893//893
f 911//911 912//912 894//894
f 912//912 895//895 894//894
f 912//912 913//913 895//895
f 913//913 914//914 895//895
f 914//914 896//896 895//895
f 914//914 915//915 896//896
f 915//915 897//897 896//896
f 915//915 916//916 897//897
f 916//916 898//898 897//897
f 916//916 917//917 898//898
f 917//917 899//899 898//898
f 917//917 918//918 899//899
f 918//918 919//919 899//899
f 919//919 900//900 899//899
f 919//919 920//920 900//900
f 920//920 901//901 900//900
f 920//920 921//921 901//901
f 921//921 902//902 901//901
f 921//921 903//903 902//902
f 921//921 904//904 903//903
f 921//921 922//922 904//904
f 922//922 923//923 904//904
f 923//923 905//905 904//904
f 923//923 924//924 905//905
f 924//924 906//906 905//905
f 924//924 890//890 906//906
f 924//924 907//907 890//890
f 925//925 908//908 907//907
f 925//925 926//926 908//908
f 926//926 909//909 908//908
f 926//926 927//927 909//909
f 927//927 910//910 909//909
f 927//927 928//928 910//910
f 928//928 911//911 910//910
f 928//928 929//929 911//911
f 929//929 930//930 911//911
f 930//930 912//912 911//911
f 930//930 931//931 912//912
f 931//931 932//932 912//912
f 932//932 913//913 912//912
f 932//932 933//933 913//913
f 933//933 934//934 913//913
f 934//934 914//914 913//913
f 934//934 915//915 914//914
f 934//934 916//916 915//915
f 934//934 935//935 916//916
f 935//935 917//917 916//916
f 935//935 936//936 917//917
f 936//936 937//937 917//917
f 937//937 918//918 917//917
f 937//937 938//938 918//918
f 938//938 919//919 918//918
f 938//938 939//939 919//919
f 939//939 920//920 919//919
f 939//939 940//940 920//920
f 940//940 921//921 920//920
f 940//940 941//941 921//921
f 941//941 922//922 921//921
f 941//941 942//942 922//922
f 942//942 923//923 922//922
f 942//942 943//943 923//923
f 943//943 924//924 923//923
f 943//943 944//944 924//924
f 944//944 907//907 924//924
f 944//944 925//925 907//907
f 945//945 946//946 925//925
f 946//946 947//947 925//925
f 947//947 948//948 925//925
f 948//948 926//926 925//925
f 948//948 927//927 926//926
f 948//948 949//949 927//927
f 949//949 950//950 927//927
f 950//950 928//928 927//927
f 950//950 951//951 928//928
f 951//951 929//929 928//928
f 951//951 952//952 929//929
f 952//952 953//953 929//929
f 953//953 930//930 929//929
f 953//953 931//931 930//930
f 953//953 954//954 931//931
f 954//954 932//932 931//931
f 954//954 955//955 932//932
f 955//955 956//956 932//932
f 956//956 933//933 932//932
f 956//956 957//957 933//933
f 957//957 934//934 933//933
f 957//957 958//958 934//934
f 958//958 935//935 934//934
f 958//958 936//936 935//935
f 958//958 937//937 936//936
f 958//958 959//959 937//937
f 959//959 960//960 937//937
f 960//960 938//938 937//937
f 960//960 961//961 938//938
f 961//961 939//939 938//938
f 961//961 962//962 939//939
f 962//962 940//940 939//939
f 962//962 963//963 940//940
f 963//963 941//941 940//940
f 963//963 964//964 941//941
f 964//964 965//965 941//941
f 965//965 942//942 941//941
f 965//965 966//966 942//942
f 966//966 943//943 942//942
f 966//966 945//945 943//943
f 945//945 944//944 943//943
f 945//945 925//925 944//944
f 967//967 968//968 945//945
f 968//968 969//969 945//945
f 969//969 946//946 945//945
f 969//969 947//947 946//946
f 969//969 948//948 947//947
f 969//969 970//970 948//948
f 970//970 971//971 948//948
f 971//971 949//949 948//948
f 971//971 950//950 949//949
f 971//971 972//972 950//950
f 972//972 951//951 950//950
f 972//972 952//952 951//951
f 972//972 953//953 952//952
f 972//972 973//973 953//953
f 973//973 954//954 953//953
f 973//973 974//974 954//954
f 974//974 975//975 954//954
f 975//975 955//955 954//954
f 975//975 956//956 955//955
f 975//975 976//976 956//956
f 976//976 957//957 956//956
f 976//976 977//977 957//957
f 977//977 958//958 957//957
f 977//977 959//959 958//958
f 977//977 960//960 959//959
f 977//977 978//978 960//960
f 978//978 961//961 960//960
f 978//978 979//979 961//961
f 979//979 962//962 961//961
f 979//979 980//980 962//962
f 980//980 981//981 962//962
f 981//981 963//963 962//962
f 981//981 982//982 963//963
f 982//982 964//964 963//963
f 982//982 965//965 964//964
f 982//982 966//966 965//965
f 982//982 983//983 966//966
f 983//983 984//984 966//966
f 984//984 945//945 966//966
f 984//984 967//967 945//945
f 985//985 968//968 967//967
f 985//985 986//986 968//968
f 986//986 969//969 968//968
f 986//986 970//970 969//969
f 986//986 987//987 970//970
f 987//987 971//971 970//970
f 987//987 988//988 971//971
f 988//988 972//972 971//971
f 988//988 973//973 972//972
f 988//988 974//974 973//973
f 988//988 989//989 974//974
f 989//989 975//975 974//974
f 989//989 976//976 975//975
f 989//989 990//990 976//976
f 990//990 977//977 976//976
f 990//990 991//991 977//977
f 991//991 992//992 977//977
f 992//992 993//993 977//977
f 993//993 994//994 977//977
f 994//994 978//978 977//977
f 994//994 995//995 978//978
f 995//995 979//979 978//978
f 995//995 980//980 979//979
f 995//995 981//981 980//980
f 995//995 982//982 981//981
f 995//995 996//996 982//982
f 996//996 997//997 982//982
f 997//997 983//983 982//982
f 997//997 985//985 983//983
f 985//985 984//984 983//983
f 985//985 967//967 984//984
f 998//998 999//999 985//985
f 999//999 986//986 985//985
f 999//999 987//987 986//986
f 999//999 988//988 987//987
f 999//999 1000//1000 988//988
f 1000//1000 989//989 988//988
f 1000//1000 990//990 989//989
f 1000//1000 991//991 990//990
f 1000//1000 992//992 991//991
f 1000//1000 993//993 992//992
f 1000//1000 994//994 993//993
f 1000//1000 998//998 994//994
f 998//998 995//995 994//994
f 998//998 996//996 995//995
f 998//998 997//997 996//996
f 998//998 985//985 997//997
